district,party,name,descriptor,year,office,state,cand_key,office_level,bio_in_office,bio_prior_candidacy
,REP,Wil Cardon,CEO of a real estate investment firm,2012,Senate,AZ,cardon w,0,0,0
,REP,Jeff Flake,U.S. representative from the 6th district,2012,Senate,AZ,flake j,4,1,0
,REP,Clair Van Steenwyk,conservative radio host,2012,Senate,AZ,steenwyk c,0,0,0
,REP,Doug McKee,businessman,2012,Senate,AZ,mckee d,0,0,0
,REP,Joe Arpaio,Maricopa County sheriff  (running for re-election as sheriff),2012,Senate,AZ,arpaio j,1,0,0
,REP,Jan Brewer,Arizona governor,2012,Senate,AZ,brewer j,3,0,0
,REP,Trent Franks,U.S. representative,2012,Senate,AZ,franks t,4,1,0
,REP,J. D. Hayworth,former U.S. representative,2012,Senate,AZ,hayworth j,4,1,0
,REP,Jon Kyl,incumbent U.S. senator,2012,Senate,AZ,kyl j,4,0,0
,REP,Sarah Palin,former governor of Alaska (2006–2009) and nominee for vice president of the United States in 2008,2012,Senate,AZ,palin s,3,0,1
,REP,Ben Quayle,U.S. representative,2012,Senate,AZ,quayle b,4,1,0
,REP,David Schweikert,U.S. representative,2012,Senate,AZ,schweikert d,4,1,0
,REP,John Shadegg,former U.S. representative,2012,Senate,AZ,shadegg j,4,1,0
,REP,Fife Symington III,former Arizona governor,2012,Senate,AZ,symington f,3,0,0
,DEM,Richard Carmona,former Surgeon General of the United States,2012,Senate,AZ,carmona r,0,0,0
,DEM,Don Bivens,former chairman of the Arizona Democratic Party,2012,Senate,AZ,bivens d,0,0,0
,DEM,David Ruben,physician,2012,Senate,AZ,ruben d,0,0,0
,DEM,Dennis Burke,United States attorney,2012,Senate,AZ,burke d,0,0,0
,DEM,Gabby Giffords,former U.S. representative,2012,Senate,AZ,giffords g,4,1,0
,DEM,Phil Gordon,mayor of Phoenix,2012,Senate,AZ,gordon p,1,0,0
,DEM,Mark Kelly,astronaut and husband of Gabrielle Giffords (later elected to Arizona's Class 3 Senate seat in 2020) .,2012,Senate,AZ,kelly m,0,0,0
,DEM,Janet Napolitano,U.S. secretary of Homeland Security and former Arizona governor,2012,Senate,AZ,napolitano j,4,0,0
,DEM,Ed Pastor,U.S. representative,2012,Senate,AZ,pastor e,4,1,0
,DEM,Jim Pederson,former Arizona Democratic Party chairman and 2006 Democratic nominee for U.S. Senate,2012,Senate,AZ,pederson j,0,0,1
,DEM,Warren Stewart,civil rights leader,2012,Senate,AZ,stewart w,0,0,0
,DEM,Susan Bysiewicz,former Connecticut Secretary of State,2012,Senate,CT,bysiewicz s,3,0,0
,DEM,Chris Murphy,U.S. Representative,2012,Senate,CT,murphy c,4,1,0
,DEM,Sylvester Salcedo,attorney,2012,Senate,CT,salcedo s,0,0,0
,DEM,AIPAC,activist and software engineer,2012,Senate,CT,aipac,0,0,0
,DEM,Matthew Oakes,activist (endorsed Murphy),2012,Senate,CT,oakes m,0,0,0
,DEM,William Tong,State Representative (running for re-election; endorsed Murphy),2012,Senate,CT,tong w,2,1,0
,REP,Brian Hill,attorney,2012,Senate,CT,hill b,0,0,0
,REP,Peter Lumaj,attorney,2012,Senate,CT,lumaj p,0,0,0
,REP,Linda McMahon,businesswoman and nominee for the U.S. Senate in 2010,2012,Senate,CT,mcmahon l,0,0,1
,REP,Chris Shays,former U.S. Representative,2012,Senate,CT,shays c,4,1,0
,REP,Kie Westby,attorney,2012,Senate,CT,westby k,0,0,0
,REP,John Ratzenberger,actor,2012,Senate,CT,ratzenberger j,0,0,0
,DEM,Tom Carper,incumbent U.S. senator,2012,Senate,DE,carper t,4,0,0
,DEM,Bill Nelson,incumbent U.S. senator,2012,Senate,FL,nelson b,4,0,0
,REP,Connie Mack IV,U.S. representative from Fort Myers,2012,Senate,FL,mack c,4,1,0
,REP,Marielena Stuart,conservative activist and journalist,2012,Senate,FL,stuart m,0,0,0
,REP,Dave Weldon,former U.S. representative from Indialantic,2012,Senate,FL,weldon d,4,1,0
,REP,Alexander George,"businessman, political activist and minister",2012,Senate,FL,george a,0,0,0
,REP,Mike Haridopolos,president of the Florida Senate,2012,Senate,FL,haridopolos m,0,0,0
,REP,Adam Hasner,former Florida House of Representatives majority leader  (running for U.S. House of Representatives),2012,Senate,FL,hasner a,0,1,0
,REP,George LeMieux,former U.S. senator,2012,Senate,FL,lemieux g,4,0,0
,REP,Craig Miller,former CEO of Ruth's Chris Steak House and unsuccessful 2010 candidate for the U.S. House of Representatives (running for U.S. House of Representatives),2012,Senate,FL,miller c,0,1,1
,REP,Ron Rushing,businessman (running for state senate),2012,Senate,FL,rushing r,2,0,0
,REP,Jeff Atwater,chief financial officer of Florida,2012,Senate,FL,atwater j,0,0,0
,REP,Allan Bense,former Speaker of the Florida House of Representatives,2012,Senate,FL,bense a,2,1,0
,REP,Vern Buchanan,U.S. representative,2012,Senate,FL,buchanan v,4,1,0
,REP,Jeb Bush,former Florida governor,2012,Senate,FL,bush j,3,0,0
,REP,Dean Cannon,Speaker of the Florida House of Representatives,2012,Senate,FL,cannon d,2,1,0
,REP,Nicholas M. Loeb,businessman,2012,Senate,FL,loeb n,0,0,0
,REP,Tom Rooney,U.S. representative,2012,Senate,FL,rooney t,4,1,0
,REP,Chris Ruddy,founder and CEO of Newsmax,2012,Senate,FL,ruddy c,0,0,0
,REP,Allen West,U.S. representative,2012,Senate,FL,west a,4,1,0
,DEM,Ed Case,former U.S. representative,2012,Senate,HI,case e,4,1,0
,DEM,Mazie Hirono,U.S. representative and 2002 nominee for governor,2012,Senate,HI,hirono m,4,1,1
,DEM,Daniel Akaka,incumbent U.S. Senator,2012,Senate,HI,akaka d,4,0,0
,DEM,Tammy Duckworth,Assistant Secretary of Public/Intergovernmental Affairs (ran for Congress in Illinois),2012,Senate,HI,duckworth t,0,0,0
,DEM,Colleen Hanabusa,U.S. Representative,2012,Senate,HI,hanabusa c,4,1,0
,DEM,Mufi Hannemann,former mayor of Honolulu (ran for Congress),2012,Senate,HI,hannemann m,1,0,0
,REP,John Carroll,"former state senator, former state representative and perennial candidate",2012,Senate,HI,carroll j,2,1,0
,REP,Linda Lingle,former governor,2012,Senate,HI,lingle l,3,0,0
,REP,Eddie Pirkowski,businessman and perennial candidate,2012,Senate,HI,pirkowski e,0,0,0
,REP,Duke Aiona,former lieutenant governor,2012,Senate,HI,aiona d,3,0,0
,REP,Charles Djou,former U.S. representative (running for U.S. House),2012,Senate,HI,djou c,4,1,0
,REP,Richard Lugar,incumbent U.S. senator,2012,Senate,IN,lugar r,4,0,0
,REP,Richard Mourdock,state treasurer,2012,Senate,IN,mourdock r,3,0,0
,REP,Mike Delph,state senator,2012,Senate,IN,delph m,2,0,0
,REP,Bob Thomas,auto dealer,2012,Senate,IN,thomas b,0,0,0
,DEM,Joe Donnelly,U.S. Representative from Indiana's 2nd congressional district,2012,Senate,IN,donnelly j,4,1,0
,DEM,Brad Ellsworth,former U.S. Representative from Indiana's 8th congressional district and nominee for the U.S. Senate in 2010,2012,Senate,IN,ellsworth b,4,1,1
,DEM,Baron Hill,former U.S. Representative from Indiana's 9th congressional district,2012,Senate,IN,hill b,4,1,0
,REP,Scott Brown,incumbent U.S. senator,2012,Senate,MA,brown s,4,0,0
,DEM,Elizabeth Warren,Harvard Law School professor and architect of the Consumer Financial Protection Bureau,2012,Senate,MA,warren e,0,0,0
,DEM,Marisa DeFranco,immigration lawyer,2012,Senate,MA,defranco m,0,0,0
,DEM,Tom Conroy,"state representative (withdrew December 12, 2011)",2012,Senate,MA,conroy t,2,1,0
,DEM,Alan Khazei,"founder of City Year (withdrew October 26, 2011)",2012,Senate,MA,khazei a,0,0,0
,DEM,James Coyne King,"corporate lawyer (withdrew March 21, 2012)",2012,Senate,MA,king j,0,0,0
,DEM,Bob Massie,"entrepreneur and nominee for Lieutenant Governor of Massachusetts in 1994 (withdrew October 7, 2011)",2012,Senate,MA,massie b,0,0,1
,DEM,Herb Robinson,"engineer (withdrew December 15, 2011)",2012,Senate,MA,robinson h,0,0,0
,DEM,Setti Warren,"mayor of Newton (withdrew September 29, 2011; endorsed E. Warren, no relation)",2012,Senate,MA,warren s,1,0,0
,DEM,Mike Capuano,U.S. Representative,2012,Senate,MA,capuano m,4,1,0
,DEM,Kim Driscoll,mayor of Salem,2012,Senate,MA,driscoll k,1,0,0
,DEM,Barney Frank,U.S. Representative,2012,Senate,MA,frank b,4,1,0
,DEM,Joseph P. Kennedy II,former U.S. Representative,2012,Senate,MA,kennedy j,4,1,0
,DEM,Victoria Reggie Kennedy,Ted Kennedy 's widow,2012,Senate,MA,kennedy v,0,0,0
,DEM,Stephen Lynch,U.S. Representative,2012,Senate,MA,lynch s,4,1,0
,DEM,Rachel Maddow,television host and political commentator,2012,Senate,MA,maddow r,0,0,0
,DEM,Marty Meehan,former U.S. Representative,2012,Senate,MA,meehan m,4,1,0
,DEM,Thomas Menino,mayor of Boston,2012,Senate,MA,menino t,1,0,0
,DEM,Deval Patrick,Governor of Massachusetts,2012,Senate,MA,patrick d,3,0,0
,DEM,John F. Tierney,U.S. Representative,2012,Senate,MA,tierney j,4,1,0
,DEM,Warren Tolman,former state senator and former state representative,2012,Senate,MA,tolman w,2,1,0
,DEM,Ben Cardin,incumbent U.S. Senator,2012,Senate,MD,cardin b,4,0,0
,DEM,Christopher Garner,engineer and businessman,2012,Senate,MD,garner c,0,0,0
,DEM,Ralph Jaffe,former political science teacher,2012,Senate,MD,jaffe r,0,0,0
,DEM,C. Anthony Muse,State Senator,2012,Senate,MD,muse c,2,0,0
,DEM,Lih Young,perennial candidate,2012,Senate,MD,young l,0,0,0
,REP,Dan Bongino,former United States Secret Service agent,2012,Senate,MD,bongino d,0,0,0
,REP,John B. Kimble,behavioral scientist and perennial candidate,2012,Senate,MD,kimble j,0,0,0
,REP,Brian Vaeth,retired firefighter,2012,Senate,MD,vaeth b,0,0,0
,REP,Corrogan R. Vaughn,perennial candidate,2012,Senate,MD,vaughn c,0,0,0
,REP,Bob Ehrlich,former Governor of Maryland  and nominee for Governor in 2010,2012,Senate,MD,ehrlich b,3,0,1
,REP,Rick Bennett,former President of the Maine Senate,2012,Senate,ME,bennett r,0,0,0
,REP,Lisbon Falls,Selectman,2012,Senate,ME,falls l,1,0,0
,REP,Deborah Plowman,state senator,2012,Senate,ME,plowman d,2,0,0
,REP,Bruce Poliquin,Maine State Treasurer,2012,Senate,ME,poliquin b,3,0,0
,REP,William Schneider,Maine Attorney General,2012,Senate,ME,schneider w,3,0,0
,REP,Charlie Summers,Maine Secretary of State,2012,Senate,ME,summers c,3,0,0
,REP,Andrew Ian Dodge,conservative activist (ran as an independent),2012,Senate,ME,dodge a,0,0,0
,REP,Olympia Snowe,incumbent U.S. senator,2012,Senate,ME,snowe o,4,0,0
,REP,Steve Abbott,athletic director at the University of Maine and candidate for governor in 2010,2012,Senate,ME,abbott s,0,0,1
,REP,Peter Cianchette,former United States Ambassador to Costa Rica and nominee for governor in 2002,2012,Senate,ME,cianchette p,0,0,1
,REP,William Cohen,former United States Secretary of Defense (1997–2001) and former U.S. Senator (1979–1997),2012,Senate,ME,cohen w,4,0,0
,REP,Peter Mills,"executive director of the Maine Turnpike Authority , former state senator and candidate for Governor of Maine in 2002 and 2006",2012,Senate,ME,mills p,2,0,1
,REP,Kevin Raye,President of the Maine Senate ( ran for U.S. House ),2012,Senate,ME,raye k,0,0,0
,DEM,Cynthia Dill,state senator,2012,Senate,ME,dill c,2,0,0
,DEM,Matthew Dunlap,former Maine Secretary of State,2012,Senate,ME,dunlap m,3,0,0
,DEM,Jon Hinck,state representative,2012,Senate,ME,hinck j,2,1,0
,DEM,Benjamin Pollard,homebuilder,2012,Senate,ME,pollard b,0,0,0
,DEM,John Baldacci,former governor of Maine and former U.S. representative from Maine's 2nd congressional district,2012,Senate,ME,baldacci j,4,1,0
,DEM,Emily Cain,minority leader of the Maine House of Representatives,2012,Senate,ME,cain e,0,1,0
,DEM,Mike Michaud,U.S. representative from Maine's 2nd congressional district ( ran for re-election ),2012,Senate,ME,michaud m,4,1,0
,DEM,Chellie Pingree,U.S. representative from Maine's 1st congressional district and nominee for the U.S. Senate in 2002 ( ran for re-election ),2012,Senate,ME,pingree c,4,1,1
,REP,Clark Durant,co-founder of the Cornerstone Schools,2012,Senate,MI,durant c,0,0,0
,REP,Gary Glenn,conservative activist  (suspended his campaign and endorsed Clark Durant  ),2012,Senate,MI,glenn g,0,0,0
,REP,Randy Hekman,former juvenile court judge,2012,Senate,MI,hekman r,1,0,0
,REP,Pete Hoekstra,former U.S. representative,2012,Senate,MI,hoekstra p,4,1,0
,REP,Peter Konetchy,businessman,2012,Senate,MI,konetchy p,0,0,0
,REP,Chuck Marino,businessman,2012,Senate,MI,marino c,0,0,0
,REP,Justin Amash,U.S. Representative,2012,Senate,MI,amash j,4,1,0
,REP,Saul Anuzis,former Michigan Republican Party chairman,2012,Senate,MI,anuzis s,0,0,0
,REP,Frank Beckmann,talk show host,2012,Senate,MI,beckmann f,0,0,0
,REP,Mike Bishop,former State Senate Majority Leader,2012,Senate,MI,bishop m,2,0,0
,REP,Jase Bolger,Speaker of the Michigan House of Representatives,2012,Senate,MI,bolger j,2,1,0
,REP,Mike Cox,former Michigan attorney general,2012,Senate,MI,cox m,3,0,0
,REP,Chad Dewey,businessman,2012,Senate,MI,dewey c,0,0,0
,REP,John Engler,former governor,2012,Senate,MI,engler j,3,0,0
,REP,Terri Lynn Land,former Michigan secretary of state,2012,Senate,MI,land t,3,0,0
,REP,Thaddeus McCotter,former U.S. representative,2012,Senate,MI,mccotter t,4,1,0
,REP,John McCulloch,Oakland County Water Resources commissioner (dropped out),2012,Senate,MI,mcculloch j,0,0,0
,REP,Candice Miller,U.S. representative and former Michigan secretary of state,2012,Senate,MI,miller c,4,1,0
,REP,Kurt Bills,state representative; won May 2012 convention nomination,2012,Senate,MN,bills k,2,1,0
,REP,David Carlson,former Marine Corps sergeant; candidate in August 2012 primary,2012,Senate,MN,carlson d,0,0,0
,REP,Bob Carney Jr.,"inventor, independent businessman; finished 2nd in 2010 GOP primary for Governor of Minnesota, candidate in August 2012 primary",2012,Senate,MN,carney b,3,0,0
,REP,Joe Arwood,St. Bonifacius city councilman; withdrew before May 2012 convention,2012,Senate,MN,arwood j,1,0,0
,REP,Pete Hegseth,executive director of Vets for Freedom; withdrew after May 2012 convention,2012,Senate,MN,hegseth p,0,0,0
,REP,Dan Severson,former state representative; withdrew after May 2012 convention,2012,Senate,MN,severson d,2,1,0
,REP,2008,and Independence Party nominee in 2010 for the 7th congressional district,2012,Senate,MN,,0,0,0
,DEM,Claire McCaskill,incumbent U.S. senator,2012,Senate,MO,mccaskill c,4,0,0
,REP,Todd Akin,U.S. representative,2012,Senate,MO,akin t,4,1,0
,REP,Jo Ann Emerson,U.S. representative,2012,Senate,MO,emerson j,4,1,0
,REP,Sam Graves,U.S. representative,2012,Senate,MO,graves s,4,1,0
,REP,Peter Kinder,lieutenant governor (running for reelection),2012,Senate,MO,kinder p,3,0,0
,REP,Blaine Luetkemeyer,U.S. representative,2012,Senate,MO,luetkemeyer b,4,1,0
,REP,Ed Martin,attorney (running for Missouri attorney general),2012,Senate,MO,martin e,3,0,0
,REP,Tom Schweich,state auditor,2012,Senate,MO,schweich t,3,0,0
,REP,Jim Talent,former U.S. senator,2012,Senate,MO,talent j,4,0,0
,REP,Ann Wagner,former U.S. Ambassador to Luxembourg and former Missouri Republican Party chairwoman (running for Congress),2012,Senate,MO,wagner a,0,0,0
,REP,Army,veteran,2012,Senate,MS,army,0,0,0
,REP,Roger Wicker,incumbent U.S. Senator,2012,Senate,MS,wicker r,4,0,0
,DEM,Afghan War,veteran and Independent candidate for governor in 2011,2012,Senate,MS,war a,0,0,1
,DEM,Coahoma County,Board of Supervisors,2012,Senate,MS,county c,0,0,0
,DEM,Jon Tester,incumbent U.S. senator,2012,Senate,MT,tester j,4,0,0
,REP,Denny Rehberg,"U.S. representative, former lieutenant governor, former state representative and nominee in 1996",2012,Senate,MT,rehberg d,4,1,0
,REP,Dennis Teske,farmer,2012,Senate,MT,teske d,0,0,0
,REP,Steve Daines,businessman and 2008 Republican nominee for lieutenant governor of Montana ( ran for the U.S. House of Representatives ),2012,Senate,MT,daines s,0,1,1
,DEM,Heidi Heitkamp,former attorney general of North Dakota and nominee for Governor of North Dakota in 2000,2012,Senate,ND,heitkamp h,3,0,1
,DEM,UND,(dropped out February 2012),2012,Senate,ND,und,0,0,0
,DEM,Kent Conrad,incumbent U.S. Senator,2012,Senate,ND,conrad k,4,0,0
,DEM,Pam Gulleson,former state representative and former chief of staff and former state director for former senator Byron Dorgan,2012,Senate,ND,gulleson p,2,1,0
,DEM,North Dakota Secretary of State,in 2006,2012,Senate,ND,state n,0,0,0
,DEM,Joel Heitkamp,"brother of Heidi Heitkamp, radio personality and former state senator",2012,Senate,ND,heitkamp j,2,0,0
,DEM,Roger Johnson,president of the National Farmers Union and former North Dakota Agriculture Commissioner,2012,Senate,ND,johnson r,0,0,0
,DEM,Tim Mathern,state senator and nominee for governor in 2008,2012,Senate,ND,mathern t,2,0,1
,DEM,Earl Pomeroy,former U.S. Representative,2012,Senate,ND,pomeroy e,4,1,0
,DEM,Tracy Potter,state senator and nominee for the U.S. Senate in 2010,2012,Senate,ND,potter t,2,0,1
,DEM,Tim Purdon,U.S. Attorney,2012,Senate,ND,purdon t,0,0,0
,DEM,Jasper Schneider,USDA rural development State Director,2012,Senate,ND,schneider j,0,0,0
,DEM,Mac Schneider,state senator,2012,Senate,ND,schneider m,2,0,0
,DEM,Ryan Taylor,Minority Leader of the North Dakota Senate,2012,Senate,ND,taylor r,0,0,0
,REP,Rick Berg,U.S. Representative,2012,Senate,ND,berg r,4,1,0
,REP,Al Carlson,North Dakota state house majority leader,2012,Senate,ND,carlson a,2,0,0
,REP,Tony Clark,state public service commissioner,2012,Senate,ND,clark t,0,0,0
,REP,Kevin Cramer,state public service commissioner,2012,Senate,ND,cramer k,0,0,0
,REP,Jack Dalrymple,North Dakota governor and 1992 Republican nominee for U.S. Senate,2012,Senate,ND,dalrymple j,3,0,1
,REP,Cory Fong,state tax commissioner,2012,Senate,ND,fong c,0,0,0
,REP,John Hoeven,'s state director,2012,Senate,ND,hoeven j,0,0,0
,REP,Tony Grindberg,state senator,2012,Senate,ND,grindberg t,2,0,0
,REP,Bob Harms,North Dakota Republican Party treasurer,2012,Senate,ND,harms b,0,0,0
,REP,Brian Kalk,state public service commissioner (running for House),2012,Senate,ND,kalk b,0,0,0
,REP,Kim Koppelman,state representative,2012,Senate,ND,koppelman k,2,1,0
,REP,Ed Schafer,former U.S. agriculture secretary and former North Dakota governor,2012,Senate,ND,schafer e,3,0,0
,REP,Kelly Schmidt,North Dakota treasurer,2012,Senate,ND,schmidt k,0,0,0
,REP,Wayne Stenehjem,North Dakota attorney general,2012,Senate,ND,stenehjem w,3,0,0
,REP,John Warford,mayor of Bismarck,2012,Senate,ND,warford j,1,0,0
,REP,Drew Wrigley,North Dakota lieutenant governor,2012,Senate,ND,wrigley d,3,0,0
,DEM,Bob Kerrey,former U.S. Senator and former governor of Nebraska  (initially declined),2012,Senate,NE,kerrey b,4,0,0
,DEM,Steven Lustgarten,video production company owner,2012,Senate,NE,lustgarten s,0,0,0
,DEM,Larry Marvin,landlord and perennial candidate,2012,Senate,NE,marvin l,0,0,0
,DEM,Chris Beutler,Mayor of Lincoln,2012,Senate,NE,beutler c,1,0,0
,DEM,Scott Kleeb,"businessman, Democratic nominee for the 3rd congressional district in 2006 and for the U.S. Senate in 2008",2012,Senate,NE,kleeb s,0,0,1
,DEM,Steve Lathrop,state senator,2012,Senate,NE,lathrop s,2,0,0
,DEM,Ben Nelson,incumbent U.S. senator,2012,Senate,NE,nelson b,4,0,0
,DEM,Kim Robak,former lieutenant governor,2012,Senate,NE,robak k,3,0,0
,REP,Jon Bruning,Attorney General of Nebraska,2012,Senate,NE,bruning j,3,0,0
,REP,Deb Fischer,state senator,2012,Senate,NE,fischer d,2,0,0
,REP,Pat Flynn,financial adviser,2012,Senate,NE,flynn p,0,0,0
,REP,Don Stenberg,"treasurer of Nebraska, former attorney general of Nebraska,  nominee for this seat in 2000  and candidate for this seat in 2006",2012,Senate,NE,stenberg d,3,0,1
,REP,Air Force,veteran,2012,Senate,NE,force a,0,0,0
,REP,Bob Bennie,businessman,2012,Senate,NE,bennie b,0,0,0
,REP,Rex Fisher,businessman,2012,Senate,NE,fisher r,0,0,0
,REP,Mike Flood,speaker of the Nebraska Legislature,2012,Senate,NE,flood m,0,0,0
,REP,Jeff Fortenberry,U.S. representative,2012,Senate,NE,fortenberry j,4,1,0
,REP,Dave Heineman,Governor of Nebraska,2012,Senate,NE,heineman d,3,0,0
,REP,Kay Orr,former governor of Nebraska,2012,Senate,NE,orr k,3,0,0
,REP,Mike Simmonds,businessman,2012,Senate,NE,simmonds m,0,0,0
,REP,Adrian Smith,U.S. Representative,2012,Senate,NE,smith a,4,1,0
,REP,Lee Terry,U.S. Representative,2012,Senate,NE,terry l,4,1,0
,DEM,Bob Menendez,incumbent U.S. senator,2012,Senate,NJ,menendez b,4,0,0
,REP,David Brown,inventor,2012,Senate,NJ,brown d,0,0,0
,REP,Joe Kyrillos,state senator,2012,Senate,NJ,kyrillos j,2,0,0
,REP,Joseph Rudy Rullo,businessman,2012,Senate,NJ,rullo j,0,0,0
,REP,Ian Linker,attorney,2012,Senate,NJ,linker i,0,0,0
,REP,Highlands,and candidate for NJ-06 in 2010,2012,Senate,NJ,highlands,0,0,1
,REP,Diane Allen,"state senator, candidate for the U.S. Senate in 2002 and former news broadcaster",2012,Senate,NJ,allen d,2,0,1
,REP,Chris Christie,governor of New Jersey and former U.S. attorney,2012,Senate,NJ,christie c,3,0,0
,REP,John Crowley,biotechnology executive,2012,Senate,NJ,crowley j,0,0,0
,REP,Michael Doherty,state senator,2012,Senate,NJ,doherty m,2,0,0
,REP,Roxbury,Township Council,2012,Senate,NJ,roxbury,0,0,0
,REP,Jay Webber,state assemblyman and former New Jersey Republican State Committee chairman,2012,Senate,NJ,webber j,2,0,0
,DEM,Hector Balderas,state auditor,2012,Senate,NM,balderas h,3,0,0
,DEM,Martin Heinrich,U.S. representative,2012,Senate,NM,heinrich m,4,1,0
,DEM,Martin Chávez,former Albuquerque mayor and 1998 Democratic gubernatorial nominee (withdrew to run for U.S. House),2012,Senate,NM,chavez m,1,0,0
,DEM,social justice,activist,2012,Senate,NM,justice s,0,0,0
,DEM,Jeff Bingaman,incumbent U.S. senator,2012,Senate,NM,bingaman j,4,0,0
,DEM,Diane Denish,former New Mexico lieutenant governor and 2010 Democratic gubernatorial nominee,2012,Senate,NM,denish d,3,0,0
,DEM,Ben Ray Luján,U.S. representative,2012,Senate,NM,lujan b,4,1,0
,REP,Greg Sowards,businessman,2012,Senate,NM,sowards g,0,0,0
,REP,Heather Wilson,former U.S. representative and candidate for the U.S. Senate in 2008,2012,Senate,NM,wilson h,4,1,1
,REP,Bill English,businessman,2012,Senate,NM,english b,0,0,0
,REP,John Sanchez,lieutenant governor of New Mexico and nominee for governor in 2002,2012,Senate,NM,sanchez j,3,0,1
,REP,Janice Arnold-Jones,former state representative,2012,Senate,NM,jones j,2,1,0
,REP,Gary Johnson,former governor (ran for president ),2012,Senate,NM,johnson g,3,0,0
,REP,Steve Pearce,"U.S. representative, candidate for the U.S. Senate in 2000 , and nominee for the U.S. Senate in 2008",2012,Senate,NM,pearce s,4,1,1
,REP,Dean Heller,"incumbent U.S. senator, former U.S. representative, former Nevada secretary of state and former state assemblyman",2012,Senate,NV,heller d,4,1,0
,REP,Sharron Angle,former state assembly member and nominee for U.S. Senate in 2010,2012,Senate,NV,angle s,2,0,1
,REP,John Chachas,businessman,2012,Senate,NV,chachas j,0,0,0
,REP,John Ensign,former U.S. senator,2012,Senate,NV,ensign j,4,0,0
,REP,Sue Lowden,former state senator and candidate for U.S. Senate in 2010,2012,Senate,NV,lowden s,2,0,1
,REP,Brian Krolicki,lieutenant governor,2012,Senate,NV,krolicki b,3,0,0
,REP,Jon Porter,former U.S representative,2012,Senate,NV,porter j,4,1,0
,REP,Danny Tarkanian,"businessman, nominee for Secretary of State of Nevada in 2006 and candidate for U.S. Senate in 2010 ( running for the 4th district )",2012,Senate,NV,tarkanian d,0,0,1
,DEM,Shelley Berkley,U.S. representative,2012,Senate,NV,berkley s,4,1,0
,DEM,Byron Georgiou,businessman,2012,Senate,NV,georgiou b,0,0,0
,DEM,Catherine Cortez Masto,Nevada Attorney General,2012,Senate,NV,masto c,3,0,0
,DEM,Oscar Goodman,former Mayor of Las Vegas,2012,Senate,NV,goodman o,1,0,0
,DEM,Kate Marshall,Nevada State Treasurer,2012,Senate,NV,marshall k,3,0,0
,DEM,Ross Miller,Secretary of State of Nevada,2012,Senate,NV,miller r,3,0,0
,DEM,Dina Titus,former U.S. Representative and nominee for Governor in 2006 ( running for the 1st district ),2012,Senate,NV,titus d,4,1,1
,DEM,Kirsten Gillibrand,incumbent U.S. senator,2012,Senate,NY,gillibrand k,4,0,0
,REP,Wendy Long,attorney,2012,Senate,NY,long w,0,0,0
,REP,George Maragos,Nassau County comptroller,2012,Senate,NY,maragos g,0,0,0
,REP,Bob Turner,"U.S. Representative, New York's 9th congressional district",2012,Senate,NY,turner b,4,1,0
,REP,Rye Town,"Supervisor,  withdrew on March 16, 2012  to run for the House of Representatives against Nita Lowey .",2012,Senate,NY,town r,0,1,0
,REP,Donna Glisman,retired entrepreneur,2012,Senate,OH,glisman d,0,0,0
,REP,Eric LaMont Gregory,medical scientist,2012,Senate,OH,gregory e,0,0,0
,REP,Josh Mandel,Ohio State Treasurer,2012,Senate,OH,mandel j,3,0,0
,REP,Michael Pryce,surgeon,2012,Senate,OH,pryce m,0,0,0
,REP,Kevin Coughlin,former Ohio state senator (dropped out),2012,Senate,OH,coughlin k,2,0,0
,REP,Jim Tressel,Ohio State football coach,2012,Senate,OH,tressel j,0,0,0
,DEM,"Bob Casey, Jr.",incumbent U.S. Senator,2012,Senate,PA,casey b,4,0,0
,DEM,Joseph Vodvarka,spring maker,2012,Senate,PA,vodvarka j,0,0,0
,REP,David Christian,businessman and veterans' advocate,2012,Senate,PA,christian d,0,0,0
,REP,John Kensinger,pharmacist,2012,Senate,PA,kensinger j,0,0,0
,REP,Sam Rohrer,former state representative from Robeson Township and candidate for governor in 2010,2012,Senate,PA,rohrer s,2,1,1
,REP,Tom Smith,farmer and businessman and candidate for governor in 2010,2012,Senate,PA,smith t,0,0,1
,REP,Steve Welch,businessman,2012,Senate,PA,welch s,0,0,0
,REP,Tim Burns,businessman and unsuccessful candidate for the 12th district in the 2010 special and general elections,2012,Senate,PA,burns t,0,0,1
,REP,Laureen Cummings,Tea Party activist,2012,Senate,PA,cummings l,0,0,0
,REP,Army,colonel,2012,Senate,PA,army,0,0,0
,REP,Jake Corman,state senator,2012,Senate,PA,corman j,2,0,0
,REP,Charlie Dent,U.S. representative,2012,Senate,PA,dent c,4,1,0
,REP,Jim Gerlach,U.S. representative,2012,Senate,PA,gerlach j,4,1,0
,REP,Keith Loiselle,businessman,2012,Senate,PA,loiselle k,0,0,0
,REP,Glen Meakem,radio host,2012,Senate,PA,meakem g,0,0,0
,REP,Pat Meehan,U.S. representative,2012,Senate,PA,meehan p,4,1,0
,REP,Tim Murphy,U.S. representative,2012,Senate,PA,murphy t,4,1,0
,REP,Dominic Pileggi,State Senate Majority Leader,2012,Senate,PA,pileggi d,2,0,0
,REP,Mark Schweiker,former Pennsylvania governor,2012,Senate,PA,schweiker m,3,0,0
,REP,Bill Shuster,U.S. representative,2012,Senate,PA,shuster b,4,1,0
,REP,Mike Turzai,State House Majority Leader,2012,Senate,PA,turzai m,2,0,0
,REP,Kim Ward,state senator,2012,Senate,PA,ward k,2,0,0
,REP,Joe Watkins,MSNBC contributor,2012,Senate,PA,watkins j,0,0,0
,DEM,Sheldon Whitehouse,incumbent U.S. Senator,2012,Senate,RI,whitehouse s,4,0,0
,REP,Barry Hinckley,president and co-founder of software company Bullhorn,2012,Senate,RI,hinckley b,0,0,0
,REP,Lincoln,town administrator,2012,Senate,RI,lincoln,0,0,0
,REP,Scott Avedisian,Mayor of Warwick,2012,Senate,RI,avedisian s,1,0,0
,REP,Donald Carcieri,former Governor of Rhode Island,2012,Senate,RI,carcieri d,3,0,0
,REP,a U.S. House seat,),2012,Senate,RI,seat a,0,0,0
,REP,Allan Fung,Mayor of Cranston,2012,Senate,RI,fung a,1,0,0
,IND,Hasbro,CEO,2012,Senate,RI,hasbro,0,0,0
,REP,Mark Twain Clemens,unemployed,2012,Senate,TN,clemens m,0,0,0
,REP,Bob Corker,incumbent U.S. Senator,2012,Senate,TN,corker b,4,0,0
,REP,James Durkan,businessman,2012,Senate,TN,durkan j,0,0,0
,REP,Brenda Lenard,businesswoman & doctoral student,2012,Senate,TN,lenard b,0,0,0
,REP,Zach Poskevich,technology consultant,2012,Senate,TN,poskevich z,0,0,0
,REP,"Hank Williams, Jr.",country music entertainer,2012,Senate,TN,williams h,0,0,0
,DEM,Larry Crim,nonprofit executive,2012,Senate,TN,crim l,0,0,0
,DEM,Park Overall,actress,2012,Senate,TN,overall p,0,0,0
,REP,Glenn Addison,funeral home owner,2012,Senate,TX,addison g,0,0,0
,REP,Joe Agris,plastic surgeon,2012,Senate,TX,agris j,0,0,0
,REP,Curt Cleaver,"owner of a hotel sales, consulting, and management company",2012,Senate,TX,cleaver c,0,0,0
,REP,Ted Cruz,former State Solicitor General,2012,Senate,TX,cruz t,0,0,0
,REP,David Dewhurst,Texas Lieutenant Governor,2012,Senate,TX,dewhurst d,3,0,0
,REP,Charles Holcomb,retired judge from the Texas Court of Criminal Appeals,2012,Senate,TX,holcomb c,1,0,0
,REP,Craig James,sports commentator and former professional football player,2012,Senate,TX,james c,0,0,0
,REP,Tom Leppert,former mayor of Dallas,2012,Senate,TX,leppert t,1,0,0
,REP,Elizabeth Ames Jones,Texas Railroad Commissioner ( ran for State Senate ),2012,Senate,TX,jones e,2,0,0
,REP,Florence Shapiro,Texas state senator (later dropped out),2012,Senate,TX,shapiro f,2,0,0
,REP,Michael Williams,former Texas Railroad Commissioner ( ran for U.S. House ),2012,Senate,TX,williams m,0,0,0
,REP,Roger Williams,former Texas Secretary of State ( ran for U.S. House ),2012,Senate,TX,williams r,3,0,0
,REP,Kay Bailey Hutchison,incumbent U.S. senator,2012,Senate,TX,hutchison k,4,0,0
,REP,Ron Paul,and brother of U.S. Senator Rand Paul,2012,Senate,TX,paul r,4,0,0
,REP,Dan Patrick,Texas state senator,2012,Senate,TX,patrick d,2,0,0
,DEM,Sean Hubbard,businessman,2012,Senate,TX,hubbard s,0,0,0
,DEM,Paul Sadler,attorney and former state Representative,2012,Senate,TX,sadler p,2,1,0
,DEM,Grady Yarbrough,retired teacher,2012,Senate,TX,yarbrough g,0,0,0
,DEM,ran for U.S. House,),2012,Senate,TX,house r,0,0,0
,DEM,Jason Gibson,"president of the Houston Trial Lawyers Association (filed, but dropped out)",2012,Senate,TX,gibson j,0,0,0
,DEM,Ricardo Sanchez,former United States Army Lieutenant General (dropped out),2012,Senate,TX,sanchez r,0,0,0
,DEM,Julian Castro,Mayor of San Antonio,2012,Senate,TX,castro j,1,0,0
,DEM,Adrian Garcia,Harris County sheriff,2012,Senate,TX,garcia a,1,0,0
,DEM,Ron Kirk,U.S. trade representative and former Mayor of Dallas,2012,Senate,TX,kirk r,1,1,0
,DEM,Nick Lampson,former U.S. representative,2012,Senate,TX,lampson n,4,1,0
,DEM,John Sharp,former Texas Comptroller of Public Accounts,2012,Senate,TX,sharp j,0,0,0
,DEM,Leticia Van de Putte,Texas state senator,2012,Senate,TX,putte l,2,0,0
,DEM,Bill White,"former Mayor of Houston , originally announced that he would be running for the seat when it is vacated by Hutchison. On December 4, 2009, White announced that he was running for governor instead.  After receiving the Democratic nomination for governor and losing the general election, White declared on November 15, 2010, that he would not run for the U.S. Senate in 2012.",2012,Senate,TX,white b,3,0,0
,REP,Orrin Hatch,incumbent U.S. senator,2012,Senate,UT,hatch o,4,0,0
,REP,Dan Liljenquist,former state senator,2012,Senate,UT,liljenquist d,2,0,0
,DEM,Pete Ashdown,businessman and nominee for the U.S. Senate in 2006,2012,Senate,UT,ashdown p,0,0,1
,DEM,Scott Howell,former state senator and nominee for the U.S. Senate in 2000,2012,Senate,UT,howell s,2,0,1
,REP,George Allen,former U.S. Senator and former Governor of Virginia,2012,Senate,VA,allen g,4,0,0
,REP,Tim Donner,founder of Horizons Television and LibertyNation.com,2012,Senate,VA,donner t,0,0,0
,REP,David McCormick,attorney,2012,Senate,VA,mccormick d,0,0,0
,REP,Liz Cheney,former Principal Deputy Assistant Secretary of State for Near Eastern Affairs,2012,Senate,VA,cheney l,3,0,0
,REP,Ken Cuccinelli,Virginia Attorney General,2012,Senate,VA,cuccinelli k,3,0,0
,REP,Tom Davis,former U.S. Representative,2012,Senate,VA,davis t,4,1,0
,REP,Corey Stewart,Prince William County Board of Supervisors Chairman,2012,Senate,VA,stewart c,0,0,0
,DEM,Bernie Sanders,incumbent U.S. Senator,2012,Senate,VT,sanders b,4,0,0
,REP,John MacGovern,former Massachusetts State Representative,2012,Senate,VT,macgovern j,2,1,0
,REP,H. Brooke Paige,former CEO of Remmington News Service,2012,Senate,VT,paige h,0,0,0
,REP,Jim Douglas,former governor,2012,Senate,VT,douglas j,3,0,0
,REP,Tom Salmon,state auditor,2012,Senate,VT,salmon t,3,0,0
,REP,Bill Bryant,Port of Seattle Commission President,2012,Senate,WA,bryant b,0,0,0
,REP,Clint Didier,former NFL football player (endorsed Coday),2012,Senate,WA,didier c,0,0,0
,REP,Doc Hastings,U.S. Representative,2012,Senate,WA,hastings d,4,1,0
,REP,Jaime Herrera Beutler,U.S. Representative,2012,Senate,WA,beutler j,4,1,0
,REP,John Koster,Snohomish County Councilman and candidate for the 2nd congressional district in 2010 (running for the U.S. House),2012,Senate,WA,koster j,1,0,1
,REP,Cathy McMorris Rodgers,U.S. Representative,2012,Senate,WA,rodgers c,4,1,0
,REP,Dave Reichert,U.S. Representative,2012,Senate,WA,reichert d,4,1,0
,REP,Phillip Yin,Hong Kong –based anchor for Bloomberg Television,2012,Senate,WA,yin p,0,0,0
,DEM,Tammy Baldwin,U.S. representative,2012,Senate,WI,baldwin t,4,1,0
,DEM,Tom Barrett,mayor of Milwaukee,2012,Senate,WI,barrett t,1,0,0
,DEM,Kathleen Falk,former Dane County executive (1997–2011),2012,Senate,WI,falk k,1,0,0
,DEM,Russ Feingold,former U.S. senator,2012,Senate,WI,feingold r,4,0,0
,DEM,Steve Kagen,former U.S. representative for Wisconsin's 8th congressional district (2006–2011),2012,Senate,WI,kagen s,4,1,0
,DEM,Ron Kind,U.S. representative for Wisconsin's 3rd congressional district,2012,Senate,WI,kind r,4,1,0
,DEM,Herb Kohl,incumbent U.S. senator,2012,Senate,WI,kohl h,4,0,0
,DEM,Gwen Moore,U.S. representative for Wisconsin's 4th congressional district,2012,Senate,WI,moore g,4,1,0
,DEM,Tim Sullivan,businessman,2012,Senate,WI,sullivan t,0,0,0
,REP,Jeff Fitzgerald,Speaker of the Wisconsin State Assembly,2012,Senate,WI,fitzgerald j,2,0,0
,REP,Eric Hovde,businessman,2012,Senate,WI,hovde e,0,0,0
,REP,Mark Neumann,"former U.S. representative, nominee for the U.S. Senate in 1998 , and candidate for governor in 2010",2012,Senate,WI,neumann m,4,1,1
,REP,Tommy Thompson,former governor of Wisconsin and former secretary of Health and Human Services,2012,Senate,WI,thompson t,3,0,0
,REP,Frank Lasee,state senator  (endorsed Eric Hovde),2012,Senate,WI,lasee f,2,0,0
,REP,Kip Smith,physical therapist,2012,Senate,WI,smith k,0,0,0
,REP,Mark Andrew Green,former U.S. representative and former United States ambassador to Tanzania,2012,Senate,WI,green m,4,1,0
,REP,Theodore Kanavas,former state senator,2012,Senate,WI,kanavas t,2,0,0
,REP,Paul Ryan,U.S. representative,2012,Senate,WI,ryan p,4,1,0
,REP,Tim Sullivan,businessman,2012,Senate,WI,sullivan t,0,0,0
,REP,J. B. Van Hollen,Wisconsin attorney general,2012,Senate,WI,hollen j,3,0,0
,DEM,2008,and 2010,2012,Senate,WV,,0,0,0
,DEM,Joe Manchin,incumbent U.S. senator,2012,Senate,WV,manchin j,4,0,0
,REP,John Barrasso,incumbent U.S. senator,2012,Senate,WY,barrasso j,4,0,0
,REP,Emmett Mavy,management consultant,2012,Senate,WY,mavy e,0,0,0
,DEM,Brooklyn,and perennial candidate,2012,Senate,WY,brooklyn,0,0,0
,DEM,Albany County,Board of Commissioners,2012,Senate,WY,county a,0,0,0
,DEM,Al Hamburg,retired painter and perennial candidate,2012,Senate,WY,hamburg a,0,0,0
,DEM,Mark Begich,incumbent U.S. Senator,2014,Senate,AK,begich m,4,0,0
,DEM,William Bryk,attorney and perennial candidate from New York,2014,Senate,AK,bryk w,0,0,0
,DEM,Vic Kohring,former Republican state representative,2014,Senate,AK,kohring v,2,1,0
,DEM,Alaska Libertarian Party,former Sarah Palin and Joe Miller staffer and Republican nominee for the state house in 2008,2014,Senate,AK,party a,0,0,1
,DEM,University of Alaska,Brooks Range research station operations manager,2014,Senate,AK,alaska u,0,0,0
,DEM,Joe Miller,"former magistrate judge, Republican nominee for the U.S. Senate in 2010 and candidate for the U.S. Senate in 2014",2014,Senate,AK,miller j,1,0,1
,REP,John Jaramillo,air force veteran,2014,Senate,AK,jaramillo j,0,0,0
,REP,Joe Miller,former U.S. magistrate judge and nominee for the U.S. Senate in 2010,2014,Senate,AK,miller j,1,0,1
,REP,Dan Sullivan,former Commissioner of the Alaska Department of Natural Resources and former Alaska Attorney General,2014,Senate,AK,sullivan d,3,0,0
,REP,Mead Treadwell,Lieutenant Governor of Alaska,2014,Senate,AK,treadwell m,3,0,0
,REP,Kathleen Tonn,anti-abortion activist,2014,Senate,AK,tonn k,0,0,0
,REP,Timothy Mark Burgess,judge on the United States District Court for the District of Alaska,2014,Senate,AK,burgess t,1,0,0
,REP,Loren Leman,former lieutenant governor,2014,Senate,AK,leman l,3,0,0
,REP,Lesil McGuire,state senator,2014,Senate,AK,mcguire l,2,0,0
,REP,Sarah Palin,former Governor of Alaska and nominee for Vice President of the United States in 2008,2014,Senate,AK,palin s,3,0,1
,REP,Sean Parnell,Governor of Alaska ( ran for re-election and lost ),2014,Senate,AK,parnell s,3,0,0
,REP,Ted Stevens,"former U.S. Senator. Stevens had filed to run for his old seat,  but he was killed in a plane crash on August 9, 2010.",2014,Senate,AK,stevens t,4,0,0
,IND,Ted Gianoutsos,founder of the Veterans Party of Alaska and perennial candidate,2014,Senate,AK,gianoutsos t,0,0,0
,IND,Stubbs,"cat and mayor of Talkeetna, Alaska",2014,Senate,AK,stubbs,1,0,0
,IND,Joe Miller,former magistrate judge and Republican nominee for the U.S. Senate in 2010,2014,Senate,AK,miller j,1,0,1
,REP,Jeff Sessions,incumbent U.S. Senator since 1997,2014,Senate,AL,sessions j,4,0,0
,DEM,Mark Pryor,incumbent U.S. Senator,2014,Senate,AR,pryor m,4,0,0
,DEM,Bobby Tullis,former state representative,2014,Senate,AR,tullis b,2,1,0
,REP,Tom Cotton,U.S. Representative for Arkansas's 4th congressional district (2013–2015),2014,Senate,AR,cotton t,4,1,0
,REP,Rick Crawford,U.S. Representative for Arkansas's 1st congressional district (2011–present) ( running for re-election ),2014,Senate,AR,crawford r,4,1,0
,REP,Mark Darr,Lieutenant Governor of Arkansas (2011–2014),2014,Senate,AR,darr m,3,0,0
,REP,Timothy Griffin,U.S. Representative for Arkansas's 2nd congressional district (2011–2015) ( running for Lieutenant Governor ),2014,Senate,AR,griffin t,4,1,0
,REP,Steve Womack,U.S. Representative Arkansas's 3rd congressional district (2011–present) ( running for re-election ),2014,Senate,AR,womack s,4,1,0
,REP,Libertarian,"), energy executive",2014,Senate,AR,libertarian,0,0,0
,REP,Green,"), mechanical engineer and nominee for the state house in 2010",2014,Senate,AR,green,0,0,1
,DEM,Mark Udall,incumbent U.S. Senator,2014,Senate,CO,udall m,4,0,0
,REP,Cory Gardner,U.S. Representative,2014,Senate,CO,gardner c,4,1,0
,REP,Randy Baumgardner,state senator,2014,Senate,CO,baumgardner r,2,0,0
,REP,Tom Janich,perennial candidate,2014,Senate,CO,janich t,0,0,0
,REP,Mark Aspiri,businessman,2014,Senate,CO,aspiri m,0,0,0
,REP,Ken Buck,Weld County District Attorney and nominee for the U.S. Senate in 2010 (ran for CO-04 ),2014,Senate,CO,buck k,1,0,1
,REP,Owen Hill,state senator,2014,Senate,CO,hill o,2,0,0
,REP,Jaime McMillan,businessman,2014,Senate,CO,mcmillan j,0,0,0
,REP,Amy Stephens,state representative,2014,Senate,CO,stephens a,2,1,0
,REP,Floyd Trujillo,businessman,2014,Senate,CO,trujillo f,0,0,0
,REP,Bob Beauprez,former U.S. Representative and nominee for Governor in 2006 (running for Governor ),2014,Senate,CO,beauprez b,4,1,1
,REP,Mike Coffman,U.S. Representative,2014,Senate,CO,coffman m,4,1,0
,REP,Dan Domenico,Solicitor General of Colorado,2014,Senate,CO,domenico d,0,0,0
,REP,Doug Lamborn,U.S. Representative,2014,Senate,CO,lamborn d,4,1,0
,REP,Jane Norton,former lieutenant governor of Colorado and candidate for the U.S. Senate in 2010,2014,Senate,CO,norton j,3,0,1
,REP,Scott Renfroe,state senator,2014,Senate,CO,renfroe s,2,0,0
,REP,Victor E. Renuart Jr.,former commander of United States Northern Command and the North American Aerospace Defense Command,2014,Senate,CO,renuart v,0,0,0
,REP,Ellen Roberts,state senator,2014,Senate,CO,roberts e,2,0,0
,REP,John Suthers,Attorney General of Colorado,2014,Senate,CO,suthers j,3,0,0
,REP,Scott Tipton,U.S. Representative,2014,Senate,CO,tipton s,4,1,0
,REP,Colorado's 3rd congressional district,in 2012,2014,Senate,CO,district c,0,0,0
,IND,Raúl Acosta,IT professional,2014,Senate,CO,acosta r,0,0,0
,IND,Steve Shogan,neurosurgeon,2014,Senate,CO,shogan s,0,0,0
,DEM,Chris Coons,incumbent U.S. Senator,2014,Senate,DE,coons c,4,0,0
,DEM,Beau Biden,Delaware Attorney General and son of then vice president Joe Biden,2014,Senate,DE,biden b,3,0,0
,REP,Carl Smink,retired engineer and businessman,2014,Senate,DE,smink c,0,0,0
,REP,Mike Castle,"former U.S. Representative, former Governor of Delaware and candidate for the U.S. Senate in 2010",2014,Senate,DE,castle m,4,1,1
,REP,Tom Kovach,New Castle County Council President and nominee for Delaware's at-large congressional district in 2012,2014,Senate,DE,kovach t,1,0,1
,REP,Christine O'Donnell,"political commentator, candidate for the U.S. Senate in 2006 and nominee for the U.S. Senate in 2008 and 2010",2014,Senate,DE,donnell c,0,0,1
,REP,Paul Broun,U.S. Representative and candidate in 1996,2014,Senate,GA,broun p,4,1,0
,REP,Art Gardner,patent attorney,2014,Senate,GA,gardner a,0,0,0
,REP,Phil Gingrey,U.S. Representative,2014,Senate,GA,gingrey p,4,1,0
,REP,Derrick E. Grayson,conservative political activist,2014,Senate,GA,grayson d,0,0,0
,REP,Karen Handel,"former secretary of state of Georgia , former Susan G. Komen executive and candidate for Governor in 2010",2014,Senate,GA,handel k,3,0,1
,REP,Jack Kingston,U.S. Representative,2014,Senate,GA,kingston j,4,1,0
,REP,David Perdue,"Georgia Ports Authority board member, former CEO of Dollar General and Reebok and cousin of former governor Sonny Perdue",2014,Senate,GA,perdue d,3,0,0
,REP,Richmond County,( ran for GA-12 ),2014,Senate,GA,county r,0,0,0
,REP,Casey Cagle,Lieutenant Governor of Georgia,2014,Senate,GA,cagle c,3,0,0
,REP,Herman Cain,"former CEO of the National Restaurant Association , former chairman of the Federal Reserve Bank of Kansas City and candidate for President in 2012",2014,Senate,GA,cain h,0,0,1
,REP,Saxby Chambliss,incumbent U.S. Senator,2014,Senate,GA,chambliss s,4,0,0
,REP,Doug Collins,U.S. Representative,2014,Senate,GA,collins d,4,1,0
,REP,Erick Erickson,"blogger, radio host and former member of the Macon City Council",2014,Senate,GA,erickson e,1,0,0
,REP,Newt Gingrich,former Speaker of the House of Representatives and candidate for President in 2012,2014,Senate,GA,gingrich n,2,1,1
,REP,Tom Graves,U.S. Representative,2014,Senate,GA,graves t,4,1,0
,REP,Brian Kemp,Secretary of State of Georgia,2014,Senate,GA,kemp b,3,0,0
,REP,Ed Lindsey,Majority Whip of the Georgia House of Representatives ( ran for GA-11 ),2014,Senate,GA,lindsey e,0,1,0
,REP,Kelly Loeffler,co-owner of the Women's National Basketball Association team Atlanta Dream,2014,Senate,GA,loeffler k,0,0,0
,REP,Barry Loudermilk,state senator ( ran for GA-11 ),2014,Senate,GA,loudermilk b,2,0,0
,REP,Sam Olens,Attorney General of Georgia,2014,Senate,GA,olens s,3,0,0
,REP,Sonny Perdue,former governor of Georgia,2014,Senate,GA,perdue s,3,0,0
,REP,Tom Price,U.S. Representative,2014,Senate,GA,price t,4,1,0
,REP,David Ralston,Speaker of the Georgia House of Representatives,2014,Senate,GA,ralston d,2,1,0
,REP,Austin Scott,U.S. Representative,2014,Senate,GA,scott a,4,1,0
,REP,Eric Tanenblatt,chief of staff to former governor Sonny Perdue,2014,Senate,GA,tanenblatt e,3,0,0
,REP,Ross Tolleson,state senator,2014,Senate,GA,tolleson r,2,0,0
,REP,Allen West,former U.S. Representative from FL-22,2014,Senate,GA,west a,4,1,0
,REP,Lynn Westmoreland,U.S. Representative,2014,Senate,GA,westmoreland l,4,1,0
,REP,Rob Woodall,U.S. Representative,2014,Senate,GA,woodall r,4,1,0
,DEM,Steen Miles,"former state senator, candidate for Lieutenant Governor in 2006 and candidate for DeKalb County CEO in 2000 and 2008",2014,Senate,GA,miles s,2,0,1
,DEM,Michelle Nunn,CEO of Points of Light and daughter of former U.S. senator Sam Nunn,2014,Senate,GA,nunn m,4,0,0
,DEM,Branko Radulovacki,physician,2014,Senate,GA,radulovacki b,0,0,0
,DEM,Reserve Officers' Training Corps,instructor and former U.S. Army Ranger,2014,Senate,GA,corps r,0,0,0
,DEM,Oglethorpe,( ran for Secretary of State ),2014,Senate,GA,oglethorpe,3,0,0
,DEM,Stacey Abrams,Minority Leader of the Georgia House of Representatives,2014,Senate,GA,abrams s,0,1,0
,DEM,David I. Adelman,United States Ambassador to Singapore and former state senator,2014,Senate,GA,adelman d,2,0,0
,DEM,COO,of Atlanta,2014,Senate,GA,coo,0,0,0
,DEM,Thurbert Baker,former Attorney General of Georgia and candidate for Governor in 2010,2014,Senate,GA,baker t,3,0,1
,DEM,Roy Barnes,former governor,2014,Senate,GA,barnes r,3,0,0
,DEM,John Barrow,U.S. Representative from 12th Georgia District,2014,Senate,GA,barrow j,4,1,0
,DEM,Sanford Bishop,U.S. Representative,2014,Senate,GA,bishop s,4,1,0
,DEM,Jason Carter,state senator and grandson of former president and former governor Jimmy Carter ( ran for governor ),2014,Senate,GA,carter j,3,0,0
,DEM,Max Cleland,former U.S. senator,2014,Senate,GA,cleland m,4,0,0
,DEM,Cathy Cox,"president of Young Harris College , former secretary of state of Georgia and candidate for governor in 2006",2014,Senate,GA,cox c,3,0,1
,DEM,Shirley Franklin,former mayor of Atlanta,2014,Senate,GA,franklin s,1,0,0
,DEM,Scott Holcomb,state representative (endorsed Nunn),2014,Senate,GA,holcomb s,2,1,0
,DEM,Vernon Jones,former DeKalb County CEO and candidate for the U.S. Senate in 2008,2014,Senate,GA,jones v,0,0,1
,DEM,Jim Marshall,former U.S. Representative,2014,Senate,GA,marshall j,4,1,0
,DEM,governor,Zell Miller,2014,Senate,GA,governor,0,0,0
,DEM,Clean Cities Atlanta,and nominee for District 3 of the Georgia Public Service Commission in 2012,2014,Senate,GA,atlanta c,0,0,1
,DEM,DuBose Porter,former state representative and candidate for governor in 2010,2014,Senate,GA,porter d,2,1,1
,DEM,Doug Stoner,former state senator,2014,Senate,GA,stoner d,2,0,0
,DEM,Mark Taylor,former lieutenant governor of Georgia and nominee for Governor in 2006,2014,Senate,GA,taylor m,3,0,1
,DEM,Steve Thompson,state senator,2014,Senate,GA,thompson s,2,0,0
,DEM,Michael Thurmond,"interim Superintendent of the DeKalb County School District , former Georgia Labor Commissioner and nominee for the U.S. Senate in 2010",2014,Senate,GA,thurmond m,0,0,1
,DEM,Kasim Reed,Mayor of Atlanta,2014,Senate,GA,reed k,1,0,0
,DEM,Flowery Branch,City Councilwoman,2014,Senate,GA,branch f,1,0,0
,DEM,Colleen Hanabusa,U.S. representative,2014,Senate,HI,hanabusa c,4,1,0
,DEM,Brian Schatz,incumbent U.S. senator,2014,Senate,HI,schatz b,4,0,0
,DEM,Gil Kahele,state senator,2014,Senate,HI,kahele g,2,0,0
,DEM,Esther Kia'aina,deputy director of the Hawai'i Department of Land and Natural Resources,2014,Senate,HI,aina e,0,0,0
,REP,Campbell Cavasso,former state representative and nominee for the U.S. Senate in 2004 and 2010,2014,Senate,HI,cavasso c,2,1,1
,REP,Harry Friel,businessman,2014,Senate,HI,friel h,0,0,0
,REP,2006,2010 and 2012,2014,Senate,HI,,0,0,0
,REP,Charles Djou,former U.S. representative ( running for HI-01 ),2014,Senate,HI,djou c,4,1,0
,REP,Linda Lingle,former governor of Hawaii and nominee for the U.S. Senate in 2012,2014,Senate,HI,lingle l,3,0,1
,DEM,Bruce Braley,U.S. Representative from Iowa's 1st congressional district,2014,Senate,IA,braley b,4,1,0
,DEM,Bob Quast,businessman (running as an independent),2014,Senate,IA,quast b,0,0,0
,DEM,Chet Culver,former Governor of Iowa,2014,Senate,IA,culver c,3,0,0
,DEM,Jeff Danielson,state senator,2014,Senate,IA,danielson j,2,0,0
,DEM,Tom Harkin,incumbent U.S. Senator,2014,Senate,IA,harkin t,4,0,0
,DEM,Dave Loebsack,U.S. Representative from Iowa's 2nd congressional district ( ran for re-election ),2014,Senate,IA,loebsack d,4,1,0
,DEM,Kevin McCarthy,Minority Leader of the Iowa House of Representatives,2014,Senate,IA,mccarthy k,0,1,0
,DEM,Christie Vilsack,former First Lady of Iowa and nominee for Iowa's 4th congressional district in 2012,2014,Senate,IA,vilsack c,0,0,1
,DEM,Tom Vilsack,United States Secretary of Agriculture and former Governor of Iowa,2014,Senate,IA,vilsack t,4,0,0
,REP,Sam Clovis,radio host,2014,Senate,IA,clovis s,0,0,0
,REP,Joni Ernst,state senator,2014,Senate,IA,ernst j,2,0,0
,REP,Mark Jacobs,former CEO of Reliant Energy,2014,Senate,IA,jacobs m,0,0,0
,REP,Scott Schaben,businessman,2014,Senate,IA,schaben s,0,0,0
,REP,Matthew Whitaker,former U.S. Attorney for the Southern District of Iowa and nominee for Treasurer of Iowa in 2002,2014,Senate,IA,whitaker m,0,0,1
,REP,Iowa's 4th congressional district,in 1988 and 1992,2014,Senate,IA,district i,0,0,0
,REP,David Young,former Chief of Staff to U.S. Senator Chuck Grassley ( ran for U.S. House ),2014,Senate,IA,young d,4,0,0
,REP,Terry Branstad,Governor of Iowa,2014,Senate,IA,branstad t,3,0,0
,REP,Polk County,Supervisor,2014,Senate,IA,county p,0,0,0
,REP,Steve Deace,radio talk show host,2014,Senate,IA,deace s,0,0,0
,REP,Bill Dix,Minority Leader of the Iowa Senate,2014,Senate,IA,dix b,0,0,0
,REP,Steve King,U.S. Representative from Iowa's 4th congressional district,2014,Senate,IA,king s,4,1,0
,REP,Tom Latham,U.S. Representative,2014,Senate,IA,latham t,4,1,0
,REP,Bill Northey,Iowa Secretary of Agriculture,2014,Senate,IA,northey b,0,0,0
,REP,McDonald's,store owner and operator,2014,Senate,IA,s m,0,0,0
,REP,Kim Reynolds,Lieutenant Governor of Iowa,2014,Senate,IA,reynolds k,3,0,0
,REP,Rod Roberts,Director of the Iowa Department of Inspections and Appeals and candidate for governor in 2010,2014,Senate,IA,roberts r,0,0,1
,REP,Matt Schultz,Iowa Secretary of State,2014,Senate,IA,schultz m,3,0,0
,REP,A. J. Spiker,Chairman of the Republican Party of Iowa,2014,Senate,IA,spiker a,0,0,0
,REP,Matt Strawn,former chairman of the Republican Party of Iowa,2014,Senate,IA,strawn m,0,0,0
,REP,Bob Vander Plaats,"social conservative activist, candidate for governor in 2002 , 2006 and 2010 and nominee for lieutenant governor in 2006",2014,Senate,IA,plaats b,0,0,1
,REP,David A. Vaudt,chairman of the Governmental Accounting Standards Board and former state auditor of Iowa,2014,Senate,IA,vaudt d,3,0,0
,REP,Brad Zaun,state senator,2014,Senate,IA,zaun b,2,0,0
,REP,Jim Risch,incumbent U.S. Senator,2014,Senate,ID,risch j,4,0,0
,DEM,William Bryk,attorney from New York and perennial candidate,2014,Senate,ID,bryk w,0,0,0
,DEM,Nels Mitchell,attorney,2014,Senate,ID,mitchell n,0,0,0
,DEM,Dick Durbin,incumbent U.S. senator,2014,Senate,IL,durbin d,4,0,0
,REP,Jim Oberweis,"state senator, candidate for the U.S. Senate in 2002 and 2004 , candidate for governor in 2006 , and nominee for IL-14 in 2008 special and 2008 general election",2014,Senate,IL,oberweis j,2,0,1
,REP,Doug Truax,businessman,2014,Senate,IL,truax d,0,0,0
,REP,Parent-Teacher Association,(removed from the ballot),2014,Senate,IL,association p,0,0,0
,REP,William Lee,blogger (removed from the ballot),2014,Senate,IL,lee w,0,0,0
,REP,Kane County,"Regional Board of Schools trustee, candidate for the U.S. Senate in 1992 , 1996 and 2008 and candidate for governor in 1998",2014,Senate,IL,county k,0,0,1
,REP,Joe Walsh,conservative radio talk show host and former U.S. representative,2014,Senate,IL,walsh j,4,1,0
,IND,Independent,),2014,Senate,IL,independent,0,0,0
,REP,Pat Roberts,incumbent senator,2014,Senate,KS,roberts p,4,0,0
,REP,Osawatomie,city councilwoman,2014,Senate,KS,osawatomie,1,0,0
,REP,Milton R. Wolf,"radiologist, conservative commentator and Barack Obama 's second cousin",2014,Senate,KS,wolf m,0,0,0
,REP,Alvin Zahnter,truck driver and Vietnam War veteran,2014,Senate,KS,zahnter a,0,0,0
,REP,Tim Huelskamp,U.S. representative (re-elected to House),2014,Senate,KS,huelskamp t,4,1,0
,REP,Kris Kobach,secretary of state of Kansas (re-elected as secretary of state),2014,Senate,KS,kobach k,3,0,0
,REP,Dennis Pyle,state senator,2014,Senate,KS,pyle d,2,0,0
,REP,Todd Tiahrt,former U.S. representative ( ran for KS-04 ),2014,Senate,KS,tiahrt t,4,1,0
,DEM,Chad Taylor,Shawnee County district attorney,2014,Senate,KS,taylor c,1,0,0
,DEM,Kathleen Sebelius,former United States Secretary of Health and Human Services and former governor of Kansas,2014,Senate,KS,sebelius k,4,0,0
,DEM,Randall Batson,nominee for the State House in 2012,2014,Senate,KS,batson r,0,0,1
,IND,Greg Orman,"businessman, briefly ran in the Democratic primary in 2008 before dropping out",2014,Senate,KS,orman g,0,0,0
,REP,Matt Bevin,businessman,2014,Senate,KY,bevin m,0,0,0
,REP,Brad Copas,former National Guardsman,2014,Senate,KY,copas b,0,0,0
,REP,Mitch McConnell,incumbent U.S. senator,2014,Senate,KY,mcconnell m,4,0,0
,REP,Chris Payne,party promoter,2014,Senate,KY,payne c,0,0,0
,REP,Shawna Sterling,doctoral student,2014,Senate,KY,sterling s,0,0,0
,REP,Andy Barr,U.S. representative,2014,Senate,KY,barr a,4,1,0
,REP,Ernie Fletcher,former governor of Kentucky and former U.S. representative,2014,Senate,KY,fletcher e,4,1,0
,REP,Brett Guthrie,U.S. representative,2014,Senate,KY,guthrie b,4,1,0
,REP,John Kemper,candidate for state auditor in 2011,2014,Senate,KY,kemper j,0,0,1
,REP,Thomas Massie,U.S. representative,2014,Senate,KY,massie t,4,1,0
,DEM,Burrel Farnsley,perennial candidate,2014,Senate,KY,farnsley b,0,0,0
,DEM,Alison Lundergan Grimes,Secretary of State of Kentucky,2014,Senate,KY,grimes a,3,0,0
,DEM,Tom Recktenwald,former Catholic school teacher,2014,Senate,KY,recktenwald t,0,0,0
,DEM,Kentucky's 2nd congressional district,in 2010 (ran as an independent before dropping out entirely),2014,Senate,KY,district k,0,0,0
,DEM,Jerry Abramson,lieutenant governor of Kentucky and former mayor of Louisville,2014,Senate,KY,abramson j,3,0,0
,DEM,Matthew Barzun,United States ambassador to the United Kingdom and former United States ambassador to Sweden,2014,Senate,KY,barzun m,0,0,0
,DEM,Steve Beshear,Governor of Kentucky,2014,Senate,KY,beshear s,3,0,0
,DEM,John Young Brown III,former secretary of state of Kentucky and candidate for lieutenant governor of Kentucky in 2007,2014,Senate,KY,brown j,3,0,1
,DEM,Ben Chandler,former U.S. representative,2014,Senate,KY,chandler b,4,1,0
,DEM,Jack Conway,attorney general of Kentucky and nominee for the U.S. Senate in 2010,2014,Senate,KY,conway j,3,0,1
,DEM,Adam Edelen,state auditor of Kentucky,2014,Senate,KY,edelen a,3,0,0
,DEM,Greg Fischer,mayor of Louisville,2014,Senate,KY,fischer g,1,0,0
,DEM,Tom FitzGerald,executive director of the Kentucky Resources Council,2014,Senate,KY,fitzgerald t,0,0,0
,DEM,Heather French Henry,former Miss America,2014,Senate,KY,henry h,0,0,0
,DEM,Gill Holland,film producer and environmental activist,2014,Senate,KY,holland g,0,0,0
,DEM,Ashley Judd,actress and political activist,2014,Senate,KY,judd a,0,0,0
,DEM,Crit Luallen,former state auditor,2014,Senate,KY,luallen c,3,0,0
,DEM,Daniel Mongiardo,former lieutenant governor of Kentucky and nominee for the U.S. Senate in 2004,2014,Senate,KY,mongiardo d,3,0,1
,DEM,Greg Stumbo,speaker of the Kentucky House of Representatives and former attorney general of Kentucky,2014,Senate,KY,stumbo g,3,1,0
,DEM,John Yarmuth,U.S. representative,2014,Senate,KY,yarmuth j,4,1,0
,DEM,David Patterson,police officer,2014,Senate,KY,patterson d,0,0,0
,IND,white supremacist,and Neo-Nazi campaigner,2014,Senate,KY,supremacist w,0,0,0
,IND,Shawna Sterling (write-in),unsuccessful Republican candidate for the seat,2014,Senate,KY,in s,0,0,1
,IND,Kentucky's 2nd congressional district,in 2010,2014,Senate,KY,district k,0,0,0
,DEM,Ed Markey,incumbent U.S. Senator,2014,Senate,MA,markey e,4,0,0
,DEM,John Kerry,U.S. Secretary of State and former U.S. Senator,2014,Senate,MA,kerry j,4,0,0
,DEM,Mo Cowan,former U.S. Senator,2014,Senate,MA,cowan m,4,0,0
,REP,Hopkinton,Selectman,2014,Senate,MA,hopkinton,1,0,0
,REP,Massachusetts's 5th congressional district,in 2012 and 2013,2014,Senate,MA,district m,0,0,0
,REP,The X Factor,in 2011,2014,Senate,MA,factor t,0,0,0
,REP,Keith Ablow,psychiatrist and Fox News contributor,2014,Senate,MA,ablow k,0,0,0
,REP,Charlie Baker,former state cabinet secretary and nominee for governor in 2010 ( ran for governor ),2014,Senate,MA,baker c,0,0,1
,REP,Scott Brown,former U.S. Senator ( ran for the U.S. Senate in New Hampshire ),2014,Senate,MA,brown s,4,0,0
,REP,Gabriel E. Gomez,"businessman, former Navy SEAL and nominee for the U.S. Senate in 2013",2014,Senate,MA,gomez g,0,0,1
,REP,Richard Tisei,"former State Senate Minority Leader, nominee for lieutenant governor in 2010 and nominee for MA-06 in 2012 (ran for Congress)",2014,Senate,MA,tisei r,2,0,1
,REP,William Weld,former governor of Massachusetts and nominee for the U.S. Senate in 1996,2014,Senate,MA,weld w,3,0,1
,REP,Daniel Winslow,former state representative and candidate for the U.S. Senate in 2013,2014,Senate,MA,winslow d,2,1,1
,IND,Bruce Skarin,government research scientist,2014,Senate,MA,skarin b,0,0,0
,REP,Susan Collins,incumbent U.S. senator,2014,Senate,ME,collins s,4,0,0
,REP,Erick Bennett,"conservative activist and director of the Maine Equal Rights Center (unenrolled as a Republican, see Campaign section)",2014,Senate,ME,bennett e,0,0,0
,REP,Lisbon Falls,selectman and candidate for the U.S. Senate in 2012,2014,Senate,ME,falls l,1,0,1
,REP,Bruce Poliquin,"former state treasurer , candidate for governor in 2010 and candidate for the U.S. Senate in 2012 ( ran for ME-02 )",2014,Senate,ME,poliquin b,3,0,1
,REP,Mark Willis,former Maine Republican national committeeman,2014,Senate,ME,willis m,0,0,0
,DEM,Shenna Bellows,former executive director of the American Civil Liberties Union of Maine,2014,Senate,ME,bellows s,0,0,0
,DEM,Emily Cain,state senator ( ran for ME-02 ),2014,Senate,ME,cain e,2,0,0
,DEM,Mike Michaud,U.S. representative ( ran for governor ),2014,Senate,ME,michaud m,4,1,0
,IND,Erick Bennett,"conservative activist and director of the Maine Equal Rights Center (unenrolled as a Republican, see Campaign section)",2014,Senate,ME,bennett e,0,0,0
,DEM,Gary Peters,U.S. Representative,2014,Senate,MI,peters g,4,1,0
,DEM,Terry Whitney,technology executive,2014,Senate,MI,whitney t,0,0,0
,DEM,Shane Battier,National Basketball Association player,2014,Senate,MI,battier s,0,0,0
,DEM,Jocelyn Benson,Dean of Wayne State University Law School and nominee for Michigan Secretary of State in 2010,2014,Senate,MI,benson j,0,0,1
,DEM,Virgil Bernero,Mayor of Lansing and nominee for Governor in 2010,2014,Senate,MI,bernero v,1,0,1
,DEM,Mark Bernstein,attorney and Regent of the University of Michigan,2014,Senate,MI,bernstein m,0,0,0
,DEM,James Blanchard,former governor of Michigan,2014,Senate,MI,blanchard j,3,0,0
,DEM,Debbie Dingell,chairman of the Wayne State University board of governors and wife of U.S. Representative John Dingell ( running for MI-12 ),2014,Senate,MI,dingell d,4,1,0
,DEM,Jennifer Granholm,former governor of Michigan,2014,Senate,MI,granholm j,3,0,0
,DEM,Dan Kildee,U.S. Representative,2014,Senate,MI,kildee d,4,1,0
,DEM,Carl Levin,incumbent U.S. Senator,2014,Senate,MI,levin c,4,0,0
,DEM,Sander Levin,U.S. Representative and Carl Levin's brother,2014,Senate,MI,levin s,4,1,0
,DEM,Gretchen Whitmer,Minority Leader of the Michigan Senate,2014,Senate,MI,whitmer g,0,0,0
,REP,Terri Lynn Land,former member of the Republican National Committee and former Michigan Secretary of State,2014,Senate,MI,land t,3,0,0
,REP,Matthew Wiedenhoeft,businessman and former minor league hockey player and coach (running for the state house),2014,Senate,MI,wiedenhoeft m,2,0,0
,REP,Justin Amash,U.S. Representative,2014,Senate,MI,amash j,4,1,0
,REP,Saul Anuzis,former chairman of the Michigan Republican Party,2014,Senate,MI,anuzis s,0,0,0
,REP,Dave Brandon,University of Michigan Athletic Director,2014,Senate,MI,brandon d,0,0,0
,REP,Brian Calley,Lieutenant Governor of Michigan,2014,Senate,MI,calley b,3,0,0
,REP,Dave Camp,U.S. Representative,2014,Senate,MI,camp d,4,1,0
,REP,Mike Cox,former Michigan Attorney General,2014,Senate,MI,cox m,3,0,0
,REP,Betsy DeVos,former chairman of the Michigan Republican Party,2014,Senate,MI,devos b,0,0,0
,REP,Dick DeVos,businessman and nominee for Governor in 2006,2014,Senate,MI,devos d,0,0,1
,REP,Clark Durant,charter school advocate and candidate for the U.S. Senate in 1990 and 2012,2014,Senate,MI,durant c,0,0,1
,REP,John Engler,former governor of Michigan,2014,Senate,MI,engler j,3,0,0
,REP,Pete Hoekstra,former U.S. Representative and 2012 Senate nominee,2014,Senate,MI,hoekstra p,4,1,0
,REP,Ruth Johnson,Michigan Secretary of State,2014,Senate,MI,johnson r,3,0,0
,REP,Roger Kahn,state senator,2014,Senate,MI,kahn r,2,0,0
,REP,Pete Lund,Majority Whip of the Michigan House of Representatives,2014,Senate,MI,lund p,0,1,0
,REP,Ronna McDaniel,Republican National Committeewoman and member of the Romney family,2014,Senate,MI,mcdaniel r,0,0,0
,REP,Candice Miller,U.S. Representative,2014,Senate,MI,miller c,4,1,0
,REP,Regent,of the University of Michigan,2014,Senate,MI,regent,0,0,0
,REP,John Rakolta,businessman,2014,Senate,MI,rakolta j,0,0,0
,REP,Randy Richardville,Majority Leader of the Michigan Senate,2014,Senate,MI,richardville r,0,0,0
,REP,Mike Rogers,U.S. Representative,2014,Senate,MI,rogers m,4,1,0
,REP,Michigan State University,"board of trustees, candidate for Attorney General of Michigan in 1998 and member of the Romney family",2014,Senate,MI,university m,0,0,1
,REP,Bill Schuette,Michigan Attorney General,2014,Senate,MI,schuette b,3,0,0
,REP,Rob Steele,cardiologist,2014,Senate,MI,steele r,0,0,0
,IND,Jeff Jones,retired financial services industry worker and pastor,2014,Senate,MI,jones j,0,0,0
,DEM,Al Franken,incumbent U.S. senator,2014,Senate,MN,franken a,4,0,0
,REP,Jim Abeler,state representative,2014,Senate,MN,abeler j,2,1,0
,REP,Mike McFadden,financial executive,2014,Senate,MN,mcfadden m,0,0,0
,REP,Ole Savior,perennial candidate,2014,Senate,MN,savior o,0,0,0
,REP,St. Louis County,commissioner,2014,Senate,MN,county s,0,0,0
,REP,Julianne Ortman,state senator,2014,Senate,MN,ortman j,2,0,0
,REP,U.S. Army chaplain,and candidate for the U.S. Senate in 2006 and 2012,2014,Senate,MN,chaplain u,0,0,1
,REP,Michele Bachmann,U.S. representative,2014,Senate,MN,bachmann m,4,1,0
,REP,Laura Brod,former state representative,2014,Senate,MN,brod l,2,1,0
,REP,Norm Coleman,former U.S. senator,2014,Senate,MN,coleman n,4,0,0
,REP,Chip Cravaack,former U.S. representative,2014,Senate,MN,cravaack c,4,1,0
,REP,Pete Hegseth,"CEO of Concerned Veterans for America , former executive director of Vets For Freedom and candidate for the U.S. Senate in 2012",2014,Senate,MN,hegseth p,0,0,1
,REP,John Kline,U.S. representative,2014,Senate,MN,kline j,4,1,0
,REP,Jason Lewis,radio talk show host and political commentator,2014,Senate,MN,lewis j,0,0,0
,REP,Erik Paulsen,U.S. representative,2014,Senate,MN,paulsen e,4,1,0
,REP,Tim Pawlenty,former governor of Minnesota,2014,Senate,MN,pawlenty t,3,0,0
,REP,Rich Stanek,Hennepin County sheriff,2014,Senate,MN,stanek r,1,0,0
,REP,Jack Shepard,"dentist, convicted felon, fugitive and perennial candidate",2014,Senate,MN,shepard j,0,0,0
,REP,Kevin Terrell,business consultant,2014,Senate,MN,terrell k,0,0,0
,DEM,Travis Childers,former U.S. representative,2014,Senate,MS,childers t,4,1,0
,DEM,governor of Mississippi,in 2007 and 2011,2014,Senate,MS,mississippi g,0,0,0
,DEM,2nd congressional district,in 2010 and 2012,2014,Senate,MS,district n,0,0,0
,DEM,David Baria,state representative,2014,Senate,MS,baria d,2,1,0
,DEM,Jim Hood,Mississippi attorney general,2014,Senate,MS,hood j,3,0,0
,DEM,Bill Luckett,mayor of Clarksdale and candidate for governor in 2011,2014,Senate,MS,luckett b,1,0,1
,DEM,Ray Mabus,U.S. secretary of the Navy and former governor of Mississippi,2014,Senate,MS,mabus r,4,0,0
,DEM,Connie Moran,mayor of Ocean Springs,2014,Senate,MS,moran c,1,0,0
,DEM,Ronnie Musgrove,former governor of Mississippi and nominee for the U.S. Senate in 2008,2014,Senate,MS,musgrove r,3,0,1
,DEM,Brandon Presley,commissioner for the Northern District of the Mississippi Public Service Commission,2014,Senate,MS,presley b,0,0,0
,DEM,Gene Taylor,former U.S. representative,2014,Senate,MS,taylor g,4,1,0
,DEM,Bennie Thompson,U.S. representative,2014,Senate,MS,thompson b,4,1,0
,DEM,Dirk Adams,"rancher, businessman and former business law professor",2014,Senate,MT,adams d,0,0,0
,DEM,John Bohlinger,former Republican lieutenant governor of Montana,2014,Senate,MT,bohlinger j,3,0,0
,DEM,John Walsh,"incumbent U.S. Senator, former lieutenant governor of Montana and former adjutant general of the Montana National Guard",2014,Senate,MT,walsh j,4,0,0
,DEM,Max Baucus,United States ambassador to China (2014–2017) and former U.S. senator (1978–2014),2014,Senate,MT,baucus m,4,0,0
,DEM,John Brueggeman,former Republican state senator,2014,Senate,MT,brueggeman j,2,0,0
,DEM,Steve Bullock,governor of Montana,2014,Senate,MT,bullock s,3,0,0
,DEM,Amanda Curtis,state representative,2014,Senate,MT,curtis a,2,1,0
,DEM,Montana's at-large congressional district,in 2010,2014,Senate,MT,district m,0,0,0
,DEM,Mike Halligan,executive director of the Dennis and Phyllis Washington Foundation and former state senator,2014,Senate,MT,halligan m,2,0,0
,DEM,Denise Juneau,Montana Superintendent of Public Instruction,2014,Senate,MT,juneau d,3,0,0
,DEM,Nancy Keenan,former president of NARAL Pro-Choice America and former Montana Superintendent of Public Instruction,2014,Senate,MT,keenan n,3,0,0
,DEM,Monica Lindeen,Montana state auditor,2014,Senate,MT,lindeen m,3,0,0
,DEM,Linda McCulloch,secretary of state of Montana and former state representative,2014,Senate,MT,mcculloch l,3,1,0
,DEM,Mike McGrath,chief justice of the Montana Supreme Court and former attorney general of Montana,2014,Senate,MT,mcgrath m,3,0,0
,DEM,Brian Morris,judge of the United States District Court for the District of Montana and former associate justice of the Montana Supreme Court,2014,Senate,MT,morris b,1,0,0
,DEM,John Morrison,former Montana state auditor and candidate for the U.S. Senate in 2006,2014,Senate,MT,morrison j,3,0,1
,DEM,Stephanie Schriock,president of Emily's List and former chief of staff to Senator Jon Tester,2014,Senate,MT,schriock s,0,0,0
,DEM,Brian Schweitzer,former governor of Montana,2014,Senate,MT,schweitzer b,3,0,0
,DEM,Kendall Van Dyk,state senator,2014,Senate,MT,dyk k,2,0,0
,DEM,Mike Wheat,justice of the Montana Supreme Court (ran for re-election),2014,Senate,MT,wheat m,0,0,0
,DEM,Carol Williams,former majority leader of the Montana Senate and nominee for lieutenant governor of Montana in 2000,2014,Senate,MT,williams c,0,0,1
,DEM,Pat Williams,former U.S. representative,2014,Senate,MT,williams p,4,1,0
,DEM,Whitney Williams,former director of operations for Hillary Clinton,2014,Senate,MT,williams w,0,0,0
,DEM,Franke Wilmer,state representative,2014,Senate,MT,wilmer f,2,1,0
,DEM,Jonathan Windy Boy,state senator,2014,Senate,MT,boy j,2,0,0
,DEM,Anna Whiting Sorrell,former director of the state Department of Health and Human Services and former state director of the Indian Health Services,2014,Senate,MT,sorrell a,0,0,0
,DEM,David Wanzenried,state senator,2014,Senate,MT,wanzenried d,2,0,0
,DEM,Jeff Bridges,actor and part-time Montana resident,2014,Senate,MT,bridges j,0,0,0
,DEM,Emily's List,and former chief of staff to Senator Jon Tester,2014,Senate,MT,list e,0,0,0
,REP,Steve Daines,U.S. Representative and nominee for lieutenant governor in 2008,2014,Senate,MT,daines s,4,1,1
,REP,Champ Edmunds,state representative,2014,Senate,MT,edmunds c,2,1,0
,REP,Corey Stapleton,former state senator and candidate for governor in 2012 ( running for MT-AL ),2014,Senate,MT,stapleton c,2,0,1
,REP,Chuck Baldwin,"Baptist pastor, radio host, Constitution Party nominee for vice president in 2004 and for president in 2008",2014,Senate,MT,baldwin c,0,0,1
,REP,John Bohlinger,former lieutenant governor of Montana (ran as a Democrat),2014,Senate,MT,bohlinger j,3,0,0
,REP,Tim Fox,attorney general of Montana,2014,Senate,MT,fox t,3,0,0
,REP,Rick Hill,former U.S. representative and nominee for governor in 2012,2014,Senate,MT,hill r,4,1,1
,REP,Krayton Kerns,state representative,2014,Senate,MT,kerns k,2,1,0
,REP,Marc Racicot,former governor of Montana,2014,Senate,MT,racicot m,3,0,0
,REP,Denny Rehberg,"former U.S. representative, former lieutenant governor and nominee for the U.S. Senate in 1996 and 2012",2014,Senate,MT,rehberg d,4,1,1
,REP,Scott Reichner,state representative (ran for the state senate),2014,Senate,MT,reichner s,2,1,0
,REP,Matthew Rosendale,state senator ( ran for the U.S. House ),2014,Senate,MT,rosendale m,2,0,0
,REP,Jon Sonju,state senator and nominee for lieutenant governor in 2012,2014,Senate,MT,sonju j,2,0,1
,REP,Larry R. Williams,"author, commodity trader and nominee for the U.S. Senate in 1978 and 1982",2014,Senate,MT,williams l,0,0,1
,REP,Ryan Zinke,former state senator and candidate for lieutenant governor in 2012 ( ran for the U.S. House ),2014,Senate,MT,zinke r,2,0,1
,REP,secretary of state of Montana,in 2012,2014,Senate,MT,montana s,0,0,0
,IND,John Bohlinger,former lieutenant governor of Montana (ran as a Democrat),2014,Senate,MT,bohlinger j,3,0,0
,IND,Sam Rankin,real estate broker (did not qualify),2014,Senate,MT,rankin s,0,0,0
,DEM,Kay Hagan,incumbent U.S. senator,2014,Senate,NC,hagan k,4,0,0
,DEM,Ernest T. Reeves,retired U.S. Army captain,2014,Senate,NC,reeves e,0,0,0
,DEM,Will Stewart,small business owner,2014,Senate,NC,stewart w,0,0,0
,DEM,University of Miami,professor and political activist,2014,Senate,NC,miami u,0,0,0
,REP,Greg Brannon,physician and Tea Party activist,2014,Senate,NC,brannon g,0,0,0
,REP,Mark Harris,pastor of First Baptist Church of Charlotte and president of the Baptist State Convention of North Carolina,2014,Senate,NC,harris m,0,0,0
,REP,Edward Kryn,retired physician,2014,Senate,NC,kryn e,0,0,0
,REP,James Snyder Jr.,"former state representative, candidate for U.S. Senate in 2002 and nominee for lieutenant governor in 2004",2014,Senate,NC,snyder j,2,1,1
,REP,Thom Tillis,Speaker of the North Carolina House of Representatives,2014,Senate,NC,tillis t,2,1,0
,REP,Terry Embler,police detective,2014,Senate,NC,embler t,0,0,0
,REP,North Carolina's 6th congressional district,in 2012,2014,Senate,NC,district n,0,0,0
,REP,Phil Berger,President pro tempore of the North Carolina Senate,2014,Senate,NC,berger p,0,0,0
,REP,Cherie K. Berry,North Carolina Commissioner of Labor,2014,Senate,NC,berry c,3,0,0
,REP,Peter S. Brunstetter,state senator,2014,Senate,NC,brunstetter p,2,0,0
,REP,James P. Cain,attorney and former United States Ambassador to Denmark,2014,Senate,NC,cain j,0,0,0
,REP,Renee Ellmers,U.S. representative,2014,Senate,NC,ellmers r,4,1,0
,REP,Dan Forest,Lieutenant Governor of North Carolina,2014,Senate,NC,forest d,3,0,0
,REP,Virginia Foxx,U.S. representative,2014,Senate,NC,foxx v,4,1,0
,REP,George Holding,U.S. representative,2014,Senate,NC,holding g,4,1,0
,REP,Patrick McHenry,U.S. representative,2014,Senate,NC,mchenry p,4,1,0
,REP,Sue Myrick,former U.S. representative and former Mayor of Charlotte,2014,Senate,NC,myrick s,4,1,0
,REP,Robert Pittenger,U.S. representative,2014,Senate,NC,pittenger r,4,1,0
,REP,Kieran Shanahan,attorney,2014,Senate,NC,shanahan k,0,0,0
,REP,Charlotte City Council,and former mayor pro tempore of Charlotte,2014,Senate,NC,council c,1,0,0
,REP,NC-08,in 2010 and Republican nominee for NC-04 in 2012,2014,Senate,NC,nc,0,0,1
,REP,Sean Haugh,pizza delivery man and nominee for this seat in 2002,2014,Senate,NC,haugh s,0,0,1
,REP,Barry Gurney,small business owner,2014,Senate,NC,gurney b,0,0,0
,REP,John W. Rhodes,former Republican state representative,2014,Senate,NC,rhodes j,2,1,0
,REP,Constitution Party,member and former Indian Trail town councilman,2014,Senate,NC,party c,0,0,0
,REP,Sid Dinsdale,president of Pinnacle Bank,2014,Senate,NE,dinsdale s,0,0,0
,REP,Clifton Johnson,businessman,2014,Senate,NE,johnson c,0,0,0
,REP,Bart McLeay,attorney,2014,Senate,NE,mcleay b,0,0,0
,REP,Shane Osborn,former treasurer of Nebraska,2014,Senate,NE,osborn s,0,0,0
,REP,Ben Sasse,president of Midland University,2014,Senate,NE,sasse b,0,0,0
,REP,Patrick Borchers,former vice president of academic affairs of Creighton University and former dean of Creighton University School of Law,2014,Senate,NE,borchers p,0,0,0
,REP,Jon Bruning,attorney general of Nebraska (running for governor),2014,Senate,NE,bruning j,3,0,0
,REP,Mike Foley,auditor of public accounts ( running for governor ),2014,Senate,NE,foley m,3,0,0
,REP,Jeff Fortenberry,U.S. representative,2014,Senate,NE,fortenberry j,4,1,0
,REP,Dave Heineman,governor of Nebraska,2014,Senate,NE,heineman d,3,0,0
,REP,Charles Herbster,businessman,2014,Senate,NE,herbster c,0,0,0
,REP,Charlie Janssen,state senator (running for state auditor),2014,Senate,NE,janssen c,3,0,0
,REP,Mike Johanns,incumbent U.S. senator,2014,Senate,NE,johanns m,4,0,0
,REP,Bob Krist,state senator,2014,Senate,NE,krist b,2,0,0
,REP,Pete Ricketts,former COO of TD Ameritrade and nominee for the U.S. Senate in 2006 and future U.S. senator for this seat (running for governor),2014,Senate,NE,ricketts p,0,0,1
,REP,Adrian Smith,U.S. representative,2014,Senate,NE,smith a,4,1,0
,REP,Don Stenberg,"treasurer of Nebraska, candidate for the U.S. Senate in 1996 , 2006 and 2012 and nominee for the U.S. Senate in 2000",2014,Senate,NE,stenberg d,0,0,1
,REP,Lee Terry,U.S. representative,2014,Senate,NE,terry l,4,1,0
,DEM,David Domina,trial attorney and candidate for governor of Nebraska in 1986,2014,Senate,NE,domina d,0,0,1
,DEM,2008,and 2012,2014,Senate,NE,,0,0,0
,DEM,Brad Ashford,state senator,2014,Senate,NE,ashford b,2,0,0
,DEM,Chris Beutler,mayor of Lincoln,2014,Senate,NE,beutler c,1,0,0
,DEM,Annette Dubas,state senator,2014,Senate,NE,dubas a,2,0,0
,DEM,Mike Fahey,former mayor of Omaha,2014,Senate,NE,fahey m,1,0,0
,DEM,Bob Kerrey,former U.S. senator and former governor of Nebraska,2014,Senate,NE,kerrey b,4,0,0
,DEM,Steve Lathrop,state senator,2014,Senate,NE,lathrop s,2,0,0
,DEM,attorney general of Nebraska,in 2002 and nominee for governor in 2010,2014,Senate,NE,nebraska a,0,0,1
,DEM,Kim Robak,former lieutenant governor of Nebraska,2014,Senate,NE,robak k,3,0,0
,DEM,Jeanne Shaheen,incumbent U.S. Senator,2014,Senate,NH,shaheen j,4,0,0
,REP,New Hampshire's 2nd congressional district,in 2012 and candidate for the U.S. Senate in 2010,2014,Senate,NH,district n,0,0,1
,REP,Scott Brown,former U.S. Senator from Massachusetts  (2010-2013),2014,Senate,NH,brown s,4,0,0
,REP,Andy Martin,perennial candidate,2014,Senate,NH,martin a,0,0,0
,REP,Jim Rubens,"Chairman of the Granite State Coalition Against Expanded Gambling, former state senator and candidate for Governor in 1998",2014,Senate,NH,rubens j,2,0,1
,REP,Bob Smith,former U.S. Senator from this seat (1990-2003) and candidate for President in 2000,2014,Senate,NH,smith b,4,0,1
,REP,Governor,in 2010 (endorsed Smith),2014,Senate,NH,governor,0,0,0
,REP,Richard Ashooh,candidate for New Hampshire's 1st congressional district in 2010,2014,Senate,NH,ashooh r,0,0,1
,REP,Al Baldasaro,state representative,2014,Senate,NH,baldasaro a,2,1,0
,REP,Charles Bass,former U.S. Representative,2014,Senate,NH,bass c,4,1,0
,REP,Bill Binnie,"industrialist, investment banker and candidate for the U.S. Senate in 2010",2014,Senate,NH,binnie b,0,0,1
,REP,Jeb Bradley,Majority Leader of the New Hampshire Senate and former U.S. Representative,2014,Senate,NH,bradley j,4,1,0
,REP,David M. Cote,chairman and CEO of Honeywell,2014,Senate,NH,cote d,0,0,0
,REP,Judd Gregg,former U.S. Senator and former governor of New Hampshire,2014,Senate,NH,gregg j,4,0,0
,REP,Frank Guinta,former U.S. Representative ( ran for NH-01 ),2014,Senate,NH,guinta f,4,1,0
,REP,Daniel Innis,Dean of the Peter T. Paul College of Business and Economics at the University of New Hampshire ( ran for NH-01 ),2014,Senate,NH,innis d,0,0,0
,REP,Ovide Lamontagne,"businessman, candidate for the U.S. Senate in 2010 and nominee for Governor in 1996 and 2012",2014,Senate,NH,lamontagne o,0,0,1
,REP,Andy Sanborn,state senator,2014,Senate,NH,sanborn a,2,0,0
,REP,Mark Steyn,conservative author and political commentator,2014,Senate,NH,steyn m,0,0,0
,REP,Chris Sununu,"executive councillor , son of former governor John H. Sununu and brother of former U.S. Senator John E. Sununu (ran for re-election)",2014,Senate,NH,sununu c,4,0,0
,REP,John E. Sununu,former U.S. Senator,2014,Senate,NH,sununu j,4,0,0
,REP,Fred Tausch,businessman,2014,Senate,NH,tausch f,0,0,0
,DEM,Cory Booker,incumbent U.S. Senator,2014,Senate,NJ,booker c,4,0,0
,DEM,2013,(ran as an independent),2014,Senate,NJ,,0,0,0
,DEM,Rob Andrews,U.S. Representative and candidate for the U.S. Senate in 2008,2014,Senate,NJ,andrews r,4,1,1
,DEM,Robert M. Gordon,state senator,2014,Senate,NJ,gordon r,2,0,0
,DEM,Patrick J. Kennedy,former U.S. Representative from Rhode Island,2014,Senate,NJ,kennedy p,4,1,0
,DEM,Beth Mason,Hoboken City Councilwoman,2014,Senate,NJ,mason b,1,0,0
,DEM,Bill Pascrell,U.S. Representative,2014,Senate,NJ,pascrell b,4,1,0
,DEM,Ronald Rice,state senator,2014,Senate,NJ,rice r,2,0,0
,DEM,Stephen M. Sweeney,president of the New Jersey Senate,2014,Senate,NJ,sweeney s,0,0,0
,REP,Jeff Bell,"political consultant, nominee for this seat in 1978 and candidate for the U.S. Senate in 1982",2014,Senate,NJ,bell j,0,0,1
,REP,Brian D. Goldberg,businessman,2014,Senate,NJ,goldberg b,0,0,0
,REP,Murray Sabrin,professor at Ramapo College and perennial candidate,2014,Senate,NJ,sabrin m,0,0,0
,REP,FBI,agent and Independent candidate for the U.S. Senate in 2012,2014,Senate,NJ,fbi,0,0,1
,REP,Jeffrey Chiesa,former U.S. senator,2014,Senate,NJ,chiesa j,4,0,0
,REP,Jack Ciattarelli,state assemblyman,2014,Senate,NJ,ciattarelli j,2,0,0
,REP,Middlesex County,"Freeholder , former judge on the New Jersey Superior Court and candidate for Middlesex County Freeholder in 2013",2014,Senate,NJ,county m,1,0,1
,REP,Scott Garrett,U.S. Representative,2014,Senate,NJ,garrett s,4,1,0
,REP,Thomas Kean Jr.,Minority Leader of the New Jersey Senate and nominee for U.S. Senate in 2006,2014,Senate,NJ,kean t,0,0,1
,REP,Joe Kyrillos,state senator and nominee for the U.S. Senate in 2012,2014,Senate,NJ,kyrillos j,2,0,1
,REP,Susanne LaFrankie,former television news reporter,2014,Senate,NJ,lafrankie s,0,0,0
,REP,Frank LoBiondo,U.S. Representative,2014,Senate,NJ,lobiondo f,4,1,0
,REP,Steve Lonegan,"state director of Americans for Prosperity , former mayor of Bogota , candidate for governor in 2005 and 2009 and nominee for the U.S. Senate in 2013",2014,Senate,NJ,lonegan s,1,0,1
,REP,Joe J. Plumeri,businessman,2014,Senate,NJ,plumeri j,0,0,0
,REP,Geraldo Rivera,talk show host,2014,Senate,NJ,rivera g,0,0,0
,REP,David Samson,chairman of the Port Authority of New York and New Jersey and former New Jersey Attorney General,2014,Senate,NJ,samson d,3,0,0
,REP,Jay Webber,state assemblyman,2014,Senate,NJ,webber j,2,0,0
,DEM,Tom Udall,incumbent U.S. senator,2014,Senate,NM,udall t,4,0,0
,REP,David Clements,assistant district attorney and former chairman of the Doña Ana County Republican Party,2014,Senate,NM,clements d,1,0,0
,REP,Allen Weh,"businessman, former chairman of the New Mexico Republican Party and candidate for governor of New Mexico in 2010",2014,Senate,NM,weh a,0,0,1
,REP,running for state auditor,),2014,Senate,NM,auditor r,0,0,0
,REP,New Mexico's 1st congressional district,in 2010,2014,Senate,NM,district n,0,0,0
,REP,Richard J. Berry,mayor of Albuquerque,2014,Senate,NM,berry r,1,0,0
,REP,Gary Johnson,former governor of New Mexico and Libertarian Party nominee for president of the United States in 2012,2014,Senate,NM,johnson g,3,0,1
,REP,John Sanchez,lieutenant governor of New Mexico ( running for re-election ),2014,Senate,NM,sanchez j,3,0,0
,REP,Heather Wilson,"former U.S. representative, nominee for the U.S. Senate in 2012 and candidate for the U.S. Senate in 2008",2014,Senate,NM,wilson h,4,1,1
,REP,Mitt Romney,former governor of Massachusetts,2014,Senate,NM,romney m,3,0,0
,REP,Mike Huckabee,former governor of Arkansas,2014,Senate,NM,huckabee m,3,0,0
,REP,Jim Inhofe,incumbent U.S. senator,2014,Senate,OK,inhofe j,4,0,0
,REP,Rob Moye,retired air traffic controller,2014,Senate,OK,moye r,0,0,0
,REP,Evelyn Rogers,perennial candidate,2014,Senate,OK,rogers e,0,0,0
,REP,Erick Wyatt,Iraq War veteran,2014,Senate,OK,wyatt e,0,0,0
,DEM,Matt Silverstein,insurance agency owner,2014,Senate,OK,silverstein m,0,0,0
,DEM,William Bryk,attorney from New York and perennial candidate,2014,Senate,OR,bryk w,0,0,0
,DEM,Pavel Goberman,fitness instructor and perennial candidate,2014,Senate,OR,goberman p,0,0,0
,DEM,Jeff Merkley,incumbent senator,2014,Senate,OR,merkley j,4,0,0
,REP,Mark Callahan,information technology consultant and perennial candidate,2014,Senate,OR,callahan m,0,0,0
,REP,Jason Conger,state representative,2014,Senate,OR,conger j,2,1,0
,REP,Tim Crawley,attorney,2014,Senate,OR,crawley t,0,0,0
,REP,Jo Rae Perkins,former Chairwoman of the Linn County Republican Party and candidate for Mayor of Albany in 2010,2014,Senate,OR,perkins j,0,0,1
,REP,Monica Wehby,pediatric neurosurgeon,2014,Senate,OR,wehby m,0,0,0
,REP,Sam Carpenter,businessman,2014,Senate,OR,carpenter s,0,0,0
,REP,Bruce Hanna,state representative,2014,Senate,OR,hanna b,2,1,0
,REP,Gordon H. Smith,former U.S. Senator,2014,Senate,OR,smith g,4,0,0
,REP,Greg Walden,U.S. Representative and Chairman of the National Republican Congressional Committee,2014,Senate,OR,walden g,4,1,0
,IND,Karl King,massage therapist,2014,Senate,OR,king k,0,0,0
,DEM,Jack Reed,incumbent U.S. Senator,2014,Senate,RI,reed j,4,0,0
,REP,Rhode Island Republican Party,former North Kingstown town councilman and nominee for RI-02 in 2008 and 2010,2014,Senate,RI,party r,0,0,1
,REP,Warwick,"network administrator, president of the Rhode Island Republican Assembly and nominee for the state senate in 1998",2014,Senate,RI,warwick,0,0,1
,REP,Kara Young,conservative activist and perennial candidate,2014,Senate,RI,young k,0,0,0
,REP,Scott Avedisian,Mayor of Warwick,2014,Senate,RI,avedisian s,1,0,0
,REP,Brendan Doherty,former superintendent of the Rhode Island State Police and nominee for Rhode Island's 1st congressional district in 2012,2014,Senate,RI,doherty b,0,0,1
,REP,Allan Fung,Mayor of Cranston ( running for Governor ),2014,Senate,RI,fung a,3,0,0
,REP,Det Bowers,pastor and businessman,2014,Senate,SC,bowers d,0,0,0
,REP,Lee Bright,state senator,2014,Senate,SC,bright l,2,0,0
,REP,Richard Cash,businessman and candidate for South Carolina's 3rd congressional district in 2010,2014,Senate,SC,cash r,0,0,1
,REP,lieutenant colonel,in the United States Army Reserve and candidate for lieutenant governor in 2010,2014,Senate,SC,colonel l,0,0,1
,REP,Benjamin Dunn,attorney,2014,Senate,SC,dunn b,0,0,0
,REP,Lindsey Graham,incumbent U.S. senator,2014,Senate,SC,graham l,4,0,0
,REP,Nancy Mace,businesswoman and author,2014,Senate,SC,mace n,0,0,0
,REP,Dave Feliciano,police officer,2014,Senate,SC,feliciano d,0,0,0
,REP,GOProud,and blogger at gay conservative site GayPatriot,2014,Senate,SC,goproud,0,0,0
,REP,Tom Davis,state senator,2014,Senate,SC,davis t,2,0,0
,REP,Trey Gowdy,U.S. representative,2014,Senate,SC,gowdy t,4,1,0
,REP,Mick Mulvaney,U.S. representative,2014,Senate,SC,mulvaney m,4,1,0
,REP,Thomas Ravenel,former South Carolina state treasurer (running as an independent),2014,Senate,SC,ravenel t,3,0,0
,REP,Mark Sanford,U.S. representative and former governor of South Carolina,2014,Senate,SC,sanford m,4,1,0
,REP,Joe Wilson,U.S. representative,2014,Senate,SC,wilson j,4,1,0
,DEM,Brad Hutto,state senator,2014,Senate,SC,hutto b,2,0,0
,DEM,Jay Stamper,entrepreneur,2014,Senate,SC,stamper j,0,0,0
,DEM,Jim Hodges,former governor of South Carolina,2014,Senate,SC,hodges j,3,0,0
,IND,Thomas Ravenel,former Republican state treasurer,2014,Senate,SC,ravenel t,3,0,0
,DEM,Rick Weiland,"businessman, former staffer for Tom Daschle , nominee for South Dakota's at-large congressional district (SD-AL) in 1996 and candidate for SD-AL in 2002",2014,Senate,SD,weiland r,0,0,1
,DEM,Kevin Artz,businessman,2014,Senate,SD,artz k,0,0,0
,DEM,Henry Jo Sinkie,rancher and resort owner,2014,Senate,SD,sinkie h,0,0,0
,DEM,Jason Frerichs,Minority Leader of the South Dakota Senate (running for re-election),2014,Senate,SD,frerichs j,0,0,0
,DEM,Stephanie Herseth Sandlin,former U.S. Representative,2014,Senate,SD,sandlin s,4,1,0
,DEM,Brendan Johnson,United States Attorney for the District of South Dakota and son of incumbent senator Tim Johnson,2014,Senate,SD,johnson b,4,0,0
,DEM,Tim Johnson,incumbent U.S. Senator,2014,Senate,SD,johnson t,4,0,0
,DEM,Pat O'Brien,"author, television anchor and radio host",2014,Senate,SD,brien p,0,0,0
,DEM,Ron J. Volesky,attorney and former state senator,2014,Senate,SD,volesky r,2,0,0
,REP,Annette Bosworth,physician,2014,Senate,SD,bosworth a,0,0,0
,REP,Stace Nelson,state representative,2014,Senate,SD,nelson s,2,1,0
,REP,Jason Ravnsborg,attorney,2014,Senate,SD,ravnsborg j,0,0,0
,REP,Larry Rhoden,Majority Whip of the South Dakota Senate,2014,Senate,SD,rhoden l,0,0,0
,REP,Mike Rounds,former Governor of South Dakota,2014,Senate,SD,rounds m,3,0,0
,REP,Steve T. Kirby,former Lieutenant Governor of South Dakota and candidate for governor in 2002,2014,Senate,SD,kirby s,3,0,1
,REP,William Napoli,former state senator,2014,Senate,SD,napoli w,2,0,0
,REP,Kristi Noem,U.S. Representative,2014,Senate,SD,noem k,4,1,0
,REP,Mark Venner,former state representative,2014,Senate,SD,venner m,2,1,0
,IND,Gordon Howie,"( Independent ), former Republican state senator and Republican candidate for Governor in 2010",2014,Senate,SD,howie g,2,0,1
,IND,Larry Pressler,"( Independent ), former Republican U.S. Senator",2014,Senate,SD,pressler l,4,0,0
,IND,Independent,"), small business consultant and Democratic candidate for state representative in 2010",2014,Senate,SD,independent,0,1,1
,IND,Libertarian,"), teacher and nominee for the U.S. Senate in 2002",2014,Senate,SD,libertarian,0,0,1
,REP,Lamar Alexander,incumbent U.S. Senator,2014,Senate,TN,alexander l,4,0,0
,REP,Joe Carr,state representative,2014,Senate,TN,carr j,2,1,0
,REP,Shelby County,Commissioner and nominee for Tennessee's 9th congressional district in 2012,2014,Senate,TN,county s,0,0,1
,REP,John King,businessman,2014,Senate,TN,king j,0,0,0
,REP,University of Tennessee,and candidate for the U.S. Senate in 2012,2014,Senate,TN,tennessee u,0,0,1
,REP,Danny Page,electrician (running as an independent),2014,Senate,TN,page d,0,0,0
,REP,Diane Black,U.S. Representative,2014,Senate,TN,black d,4,1,0
,REP,Marsha Blackburn,U.S. Representative,2014,Senate,TN,blackburn m,4,1,0
,REP,Tim Burchett,Mayor of Knox County,2014,Senate,TN,burchett t,1,0,0
,REP,Stacey Campfield,state senator,2014,Senate,TN,campfield s,2,0,0
,REP,Jimmy Duncan,U.S. Representative,2014,Senate,TN,duncan j,4,1,0
,REP,Stephen Fincher,U.S. Representative,2014,Senate,TN,fincher s,4,1,0
,REP,Chuck Fleischmann,U.S. Representative,2014,Senate,TN,fleischmann c,4,1,0
,REP,Mark Green,state senator,2014,Senate,TN,green m,2,0,0
,REP,Glenn Jacobs (Kane),professional wrestler,2014,Senate,TN,kane g,0,0,0
,REP,Williamson County,Republican Party,2014,Senate,TN,county w,0,0,0
,REP,Tennessee Family Action Council,and nominee for Tennessee's 4th congressional district in 2008,2014,Senate,TN,council t,0,0,1
,REP,Ron Ramsey,Lieutenant Governor and Speaker of the Tennessee Senate,2014,Senate,TN,ramsey r,3,0,0
,REP,Phil Roe,U.S. Representative,2014,Senate,TN,roe p,4,1,0
,DEM,Terry Adams,attorney,2014,Senate,TN,adams t,0,0,0
,DEM,Gordon Ball,attorney,2014,Senate,TN,ball g,0,0,0
,DEM,Gary Gene Davis,perennial candidate,2014,Senate,TN,davis g,0,0,0
,DEM,Phil Bredesen,former Governor of Tennessee,2014,Senate,TN,bredesen p,3,0,0
,DEM,Joe Brown,arbiter of the CBS television series Judge Joe Brown and former Shelby County Criminal Court judge,2014,Senate,TN,brown j,1,0,0
,DEM,Craig Fitzhugh,Minority Leader of the Tennessee House of Representatives,2014,Senate,TN,fitzhugh c,0,1,0
,DEM,Roy Herron,"Chairman of the Tennessee Democratic Party , former state senator and nominee for Tennessee's 8th congressional district in 2010",2014,Senate,TN,herron r,2,0,1
,REP,John Cornyn,incumbent U.S. Senator,2014,Senate,TX,cornyn j,4,0,0
,REP,Erick Wyatt,U.S. Army veteran,2014,Senate,TX,wyatt e,0,0,0
,REP,Greg Abbott,Texas attorney general ( ran for governor ),2014,Senate,TX,abbott g,3,0,0
,REP,David Barton,"author, minister and former vice chair of the Republican Party of Texas",2014,Senate,TX,barton d,0,0,0
,REP,David Dewhurst,Lieutenant Governor of Texas ( ran for re-election ),2014,Senate,TX,dewhurst d,3,0,0
,REP,Louie Gohmert,U.S. Representative ( ran for re-election ),2014,Senate,TX,gohmert l,4,1,0
,REP,Governor,in 2010 ( ran for Comptroller of Public Accounts ),2014,Senate,TX,governor,0,0,0
,DEM,Texas's 33rd congressional district,in 2012,2014,Senate,TX,district t,0,0,0
,DEM,Kesha Rogers,Worldwide LaRouche Youth Movement activist and nominee for Texas's 22nd congressional district in 2010 and 2012,2014,Senate,TX,rogers k,0,0,1
,DEM,Independent,candidate for Texas's 22nd congressional district in 2004 and Republican candidate for the seat in 2006,2014,Senate,TX,independent,0,0,1
,DEM,"HyeTae ""Harry"" Kim",physician,2014,Senate,TX,kim h,0,0,0
,DEM,Maxey Scherr,attorney,2014,Senate,TX,scherr m,0,0,0
,DEM,Wendy Davis,state senator (running for governor),2014,Senate,TX,davis w,3,0,0
,DEM,Bill White,former mayor of Houston and nominee for governor in 2010,2014,Senate,TX,white b,1,0,1
,DEM,Mark Warner,incumbent U.S. senator,2014,Senate,VA,warner m,4,0,0
,REP,Tony DeTora,congressional policy adviser,2014,Senate,VA,detora t,0,0,0
,REP,Ed Gillespie,lobbyist and former chairman of the Republican National Committee,2014,Senate,VA,gillespie e,0,0,0
,REP,Air Force,pilot and businessman,2014,Senate,VA,force a,0,0,0
,REP,Chuck Moss,businessman,2014,Senate,VA,moss c,0,0,0
,REP,Navy,commander and former chairman of Virginia's 10th congressional district Republican committee,2014,Senate,VA,navy,0,0,0
,REP,Bill Bolling,former lieutenant governor of Virginia,2014,Senate,VA,bolling b,3,0,0
,REP,Jerry Boykin,retired lieutenant general and executive vice president of the Family Research Council,2014,Senate,VA,boykin j,0,0,0
,REP,Liz Cheney,"attorney, political commentator, and daughter of Dick Cheney (ran for senate in Wyoming )",2014,Senate,VA,cheney l,0,0,0
,REP,Ben Cline,state delegate,2014,Senate,VA,cline b,2,0,0
,REP,Barbara Comstock,state delegate (ran for VA-10 ),2014,Senate,VA,comstock b,2,0,0
,REP,Ken Cuccinelli,former attorney general of Virginia and nominee for governor in 2013,2014,Senate,VA,cuccinelli k,3,0,1
,REP,Artur Davis,former Democratic U.S. representative from Alabama,2014,Senate,VA,davis a,4,1,0
,REP,Michael Farris,"founder of Patrick Henry College , the Home School Legal Defense Association and nominee for lieutenant governor in 1993",2014,Senate,VA,farris m,0,0,1
,REP,Randy Forbes,U.S. representative,2014,Senate,VA,forbes r,4,1,0
,REP,Newt Gingrich,former speaker of the United States House of Representatives and candidate for President of the United States in 2012,2014,Senate,VA,gingrich n,4,1,1
,REP,E.W. Jackson,"pastor, conservative activist, small business lawyer, Marine Corps Veteran, candidate for the U.S. Senate in 2012 and nominee for lieutenant governor in 2013",2014,Senate,VA,jackson e,0,0,1
,REP,Bob Marshall,state delegate and candidate for the United States Senate in 2008 and 2012,2014,Senate,VA,marshall b,2,0,1
,REP,Bob McDonnell,former governor of Virginia and former attorney general of Virginia (ineligible due to felony convictions for bribery and corruption ),2014,Senate,VA,mcdonnell b,3,0,0
,REP,Jeff McWaters,state senator,2014,Senate,VA,mcwaters j,2,0,0
,REP,Pete Snyder,technology executive and candidate for lieutenant governor in 2013,2014,Senate,VA,snyder p,0,0,1
,REP,Susan Stimpson,chairwoman of the Stafford County Board of Supervisors,2014,Senate,VA,stimpson s,0,0,0
,REP,Robert Sarvis,"attorney, businessman and nominee for governor in 2013",2014,Senate,VA,sarvis r,0,0,1
,REP,write-in,"), businessman",2014,Senate,VA,in w,0,0,0
,DEM,Natalie Tennant,secretary of state of West Virginia and candidate for governor in 2011,2014,Senate,WV,tennant n,3,0,1
,DEM,David Wamsley,developer,2014,Senate,WV,wamsley d,0,0,0
,DEM,2008,2010 and 2012,2014,Senate,WV,,0,0,0
,DEM,Mike Callaghan,former assistant United States Attorney and former chairman of the West Virginia Democratic Party,2014,Senate,WV,callaghan m,0,0,0
,DEM,Gaston Caperton,former governor,2014,Senate,WV,caperton g,3,0,0
,DEM,West Virginia Democratic Party,(running for the U.S. House ),2014,Senate,WV,party w,0,0,0
,DEM,Robin Davis,justice for the Supreme Court of Appeals of West Virginia,2014,Senate,WV,davis r,0,0,0
,DEM,Glen Gainer III,West Virginia state auditor ( running for WV-01 ),2014,Senate,WV,gainer g,3,0,0
,DEM,Booth Goodwin,United States attorney for the Southern District of West Virginia,2014,Senate,WV,goodwin b,0,0,0
,DEM,Carte Goodwin,former U.S. senator,2014,Senate,WV,goodwin c,4,0,0
,DEM,Walt Helmick,West Virginia agriculture commissioner,2014,Senate,WV,helmick w,0,0,0
,DEM,West Virginia's 2nd congressional district,in 2000 and 2002,2014,Senate,WV,district w,0,0,0
,DEM,Jeff Kessler,president of the West Virginia Senate and candidate for governor in 2011,2014,Senate,WV,kessler j,0,0,1
,DEM,Corey Palumbo,state senator,2014,Senate,WV,palumbo c,2,0,0
,DEM,John Perdue,West Virginia state treasurer and candidate for governor in 2011,2014,Senate,WV,perdue j,3,0,1
,DEM,Nick Preservati,attorney,2014,Senate,WV,preservati n,0,0,0
,DEM,Nick Rahall,U.S. representative,2014,Senate,WV,rahall n,4,1,0
,DEM,Jay Rockefeller,incumbent U.S. senator,2014,Senate,WV,rockefeller j,4,0,0
,DEM,adjutant general,of the West Virginia National Guard,2014,Senate,WV,general a,0,0,0
,DEM,Rick Thompson,"West Virginia Secretary of Veterans Affairs, former speaker of the West Virginia House of Delegates and candidate for governor in 2011",2014,Senate,WV,thompson r,2,0,1
,DEM,Earl Ray Tomblin,governor of West Virginia,2014,Senate,WV,tomblin e,3,0,0
,DEM,Erik Wells,state senator,2014,Senate,WV,wells e,2,0,0
,DEM,Bob Wise,former governor,2014,Senate,WV,wise b,3,0,0
,REP,Shelley Moore Capito,U.S. representative,2014,Senate,WV,capito s,4,1,0
,REP,Marine,officer and state employee,2014,Senate,WV,marine,0,0,0
,REP,Pat McGeehan,former state delegate and former Air Force Intelligence officer and captain (running for House of Delegates),2014,Senate,WV,mcgeehan p,2,0,0
,REP,Scott Regan,Democratic candidate for the state senate in 2010,2014,Senate,WV,regan s,0,0,1
,REP,Bramwell,Police Chief and Democratic candidate for the House of Delegates in 2012,2014,Senate,WV,bramwell,0,0,1
,REP,Bill Maloney,businessman and nominee for governor in 2011 and 2012,2014,Senate,WV,maloney b,0,0,1
,REP,David McKinley,U.S. representative,2014,Senate,WV,mckinley d,4,1,0
,REP,Patrick Morrisey,attorney general of West Virginia,2014,Senate,WV,morrisey p,3,0,0
,REP,John Raese,"businessman, nominee for the U.S. Senate in 1984 , 2006 , 2010 and 2012 and candidate for governor in 1988",2014,Senate,WV,raese j,0,0,1
,IND,Mountain Party,"), writer, former mayor of Richwood , nominee for governor of West Virginia in 2011 and nominee for the U.S. Senate in 2012",2014,Senate,WV,party m,1,0,1
,IND,John Buckley,"(Libertarian Party), attorney, retired law clerk, former Virginia state delegate , and cousin of William F. Buckley, Jr.",2014,Senate,WV,buckley j,2,0,0
,IND,Constitution Party,"), nominee for West Virginia's 2nd congressional district in 2010",2014,Senate,WV,party c,0,0,1
,IND,Independent,"), former TV anchor (moved to Georgia)",2014,Senate,WV,independent,0,0,0
,REP,Arthur Bruce Clifton,oil company worker,2014,Senate,WY,clifton a,0,0,0
,REP,Mike Enzi,incumbent senator,2014,Senate,WY,enzi m,4,0,0
,REP,Bryan E. Miller,retired air force officer and energy consultant,2014,Senate,WY,miller b,0,0,0
,REP,Liz Cheney,"attorney, political commentator and daughter of Former Vice President and Former U.S. Representative Dick Cheney",2014,Senate,WY,cheney l,4,1,0
,DEM,William Bryk,attorney from New York and perennial candidate,2014,Senate,WY,bryk w,0,0,0
,DEM,Charlie Hardy,retired priest and candidate for Congress in 2012,2014,Senate,WY,hardy c,0,0,1
,DEM,Al Hamburg,"retired house painter, veteran and perennial candidate",2014,Senate,WY,hamburg a,0,0,0
,DEM,Gary Trauner,businessman and nominee for Wyoming's at-large congressional district in 2006 and 2008,2014,Senate,WY,trauner g,0,0,1
,IND,Independent,"), commercial airline pilot",2014,Senate,WY,independent,0,0,0
,IND,Libertarian,"), cook at an assisted living home",2014,Senate,WY,libertarian,0,0,0
,REP,Bob Lochner,mechanic and candidate for the state house in 1996,2016,Senate,AK,lochner b,0,0,1
,REP,Lisa Murkowski,incumbent U.S. Senator since 2002,2016,Senate,AK,murkowski l,4,0,0
,REP,Dan Sullivan,"former mayor of Anchorage and nominee for lieutenant governor in 2014  (Not related to Dan Sullivan , Alaska's other U.S. Senator)",2016,Senate,AK,sullivan d,4,0,1
,REP,David Cuddy,former state representative and candidate for the U.S. Senate in 1996 and 2008,2016,Senate,AK,cuddy d,2,1,1
,REP,Mike J. Dunleavy,state senator,2016,Senate,AK,dunleavy m,2,0,0
,REP,Joe Miller,"former magistrate judge, the Republican nominee for the U.S. Senate in 2010 and candidate for the U.S. Senate in 2014",2016,Senate,AK,miller j,1,0,1
,REP,Sarah Palin,former governor of Alaska and nominee for Vice President of the United States in 2008,2016,Senate,AK,palin s,3,0,1
,REP,Sean Parnell,former governor of Alaska and candidate for Congress in 2008,2016,Senate,AK,parnell s,3,0,1
,REP,Mead Treadwell,former lieutenant governor and candidate for U.S. Senate in 2014,2016,Senate,AK,treadwell m,3,0,1
,DEM,Edgar Blatchford,"founder and former editor and publisher of Alaska Newspapers, Inc. , former mayor of Seward and former commissioner of the Alaska Department of Commerce, Community and Economic Development",2016,Senate,AK,blatchford e,3,0,0
,DEM,Ray Metcalfe,former Republican state representative and founder of the Republican Moderate Party of Alaska,2016,Senate,AK,metcalfe r,2,1,0
,DEM,Richard Grayson,perennial candidate from New York,2016,Senate,AK,grayson r,0,0,0
,DEM,Mark Begich,former U.S. Senator,2016,Senate,AK,begich m,4,0,0
,DEM,Cean Stevens,"small business owner, nominee for the state house in 2014 and Republican nominee for the state house in 2012",2016,Senate,AK,stevens c,0,0,1
,IND,Ted Gianoutsos (independent),founder of the Veterans Party of Alaska and perennial candidate,2016,Senate,AK,independent t,0,0,0
,IND,Margaret Stock,"(independent), attorney and retired Army Lt. Colonel",2016,Senate,AK,stock m,0,0,0
,IND,Bruce Walden (Veterans Party),retired army sergeant and Republican candidate for the state house in 2006,2016,Senate,AK,party b,0,0,1
,IND,1992,and Green Party nominee for the U.S. Senate in 1996,2016,Senate,AK,,0,0,1
,IND,Mark Begich,"( write-in ), former U.S. Senator",2016,Senate,AK,begich m,4,0,0
,REP,Uber,driver,2016,Senate,AL,uber,0,0,0
,REP,AL-02,in 2008,2016,Senate,AL,al,0,0,0
,REP,Jonathan McConnell,businessman,2016,Senate,AL,mcconnell j,0,0,0
,REP,Jackson County,Revenue Commissioner in 2014,2016,Senate,AL,county j,0,0,0
,REP,Richard Shelby,incumbent U.S. senator since 1987,2016,Senate,AL,shelby r,4,0,0
,DEM,Ron Crumpton,marijuana legalization activist and nominee for the State Senate in 2014,2016,Senate,AL,crumpton r,0,0,1
,DEM,Charles Nana,process engineer,2016,Senate,AL,nana c,0,0,0
,DEM,Huntsville,School Board in 2012 and write-in candidate for AL-05 in 2014,2016,Senate,AL,huntsville,1,0,1
,DEM,Stephen Black,non-profit executive,2016,Senate,AL,black s,0,0,0
,DEM,Bobby Bright,former U.S. representative,2016,Senate,AL,bright b,4,1,0
,DEM,Sue Bell Cobb,former chief justice of the Supreme Court of Alabama,2016,Senate,AL,cobb s,0,0,0
,DEM,First Lady,"of Alabama, and nominee for Alabama's 4th congressional district in 2000",2016,Senate,AL,lady f,0,0,1
,DEM,Parker Griffith,"former U.S. representative, and nominee for governor of Alabama in 2014",2016,Senate,AL,griffith p,4,1,1
,DEM,Walt Maddox,mayor of Tuscaloosa,2016,Senate,AL,maddox w,1,0,0
,DEM,Terri Sewell,U.S. representative (running for re-election),2016,Senate,AL,sewell t,4,1,0
,REP,John Boozman,incumbent U.S. senator,2016,Senate,AR,boozman j,4,0,0
,REP,in 2014,and candidate for the U.S. Senate in 2010,2016,Senate,AR,in,0,0,1
,DEM,Conner Eldridge,former United States attorney for the Western District of Arkansas,2016,Senate,AR,eldridge c,0,0,0
,DEM,DeKalb Township,"constable, former mayor of Tull , nominee for the state senate in 2012 and nominee for governor in 2014",2016,Senate,AR,township d,1,0,1
,REP,John McCain,incumbent U.S. senator,2016,Senate,AZ,mccain j,4,0,0
,REP,2012,and candidate for Arizona's 8th congressional district in 2014,2016,Senate,AZ,,0,0,1
,REP,Kelli Ward,former state senator,2016,Senate,AZ,ward k,2,0,0
,REP,FairTax,activist,2016,Senate,AZ,fairtax,0,0,0
,REP,David Pizer,businessman,2016,Senate,AZ,pizer d,0,0,0
,REP,Jan Brewer,former governor of Arizona,2016,Senate,AZ,brewer j,3,0,0
,REP,Jeff DeWit,State Treasurer of Arizona,2016,Senate,AZ,dewit j,3,0,0
,REP,Trent Franks,U.S. representative from Arizona's 8th congressional district,2016,Senate,AZ,franks t,4,1,0
,REP,Paul Gosar,U.S. representative from Arizona's 4th congressional district ( ran for re-election ),2016,Senate,AZ,gosar p,4,1,0
,REP,Christine Jones,"former Executive Vice President, General Counsel and Corporate Secretary for Go Daddy and candidate for governor in 2014 ( ran for U.S. House )",2016,Senate,AZ,jones c,0,0,1
,REP,Martha McSally,U.S. representative from Arizona's 2nd congressional district ( ran for re-election ),2016,Senate,AZ,mcsally m,4,1,0
,REP,Matt Salmon,U.S. representative from Arizona's 5th congressional district,2016,Senate,AZ,salmon m,4,1,0
,REP,David Schweikert,U.S. representative from Arizona's 6th congressional district ( ran for re-election ),2016,Senate,AZ,schweikert d,4,1,0
,REP,John Shadegg,former U.S. representative,2016,Senate,AZ,shadegg j,4,1,0
,REP,Grant Woods,former Arizona Attorney General,2016,Senate,AZ,woods g,3,0,0
,DEM,Ann Kirkpatrick,U.S. representative from Arizona's 1st congressional district,2016,Senate,AZ,kirkpatrick a,4,1,0
,DEM,Green Party,nominee for AZ-03 in 2010,2016,Senate,AZ,party g,0,0,1
,DEM,Richard Sherzan,retired administrative law judge and former Iowa state representative,2016,Senate,AZ,sherzan r,2,1,0
,DEM,Richard Carmona,former surgeon general and nominee for the U.S. Senate in 2012,2016,Senate,AZ,carmona r,0,0,1
,DEM,Fred DuVal,former chairman of the Arizona Board of Regents and nominee for governor in 2014,2016,Senate,AZ,duval f,0,0,1
,DEM,Ruben Gallego,U.S. representative from Arizona's 7th congressional district ( ran for re-election ),2016,Senate,AZ,gallego r,4,1,0
,DEM,Phil Gordon,former mayor of Phoenix,2016,Senate,AZ,gordon p,1,0,0
,DEM,Mark Kelly,retired astronaut and husband of former Congresswoman Gabrielle Giffords,2016,Senate,AZ,kelly m,4,0,0
,DEM,Janet Napolitano,"President of the University of California System, former Secretary of Homeland Security and former governor of Arizona",2016,Senate,AZ,napolitano j,3,0,0
,DEM,Greg Stanton,Mayor of Phoenix,2016,Senate,AZ,stanton g,1,0,0
,DEM,Stewart Albertson,attorney,2016,Senate,CA,albertson s,0,0,0
,DEM,Xavier Becerra,U.S. representative and candidate for Mayor of Los Angeles in 2001,2016,Senate,CA,becerra x,4,1,1
,DEM,Ami Bera,U.S. representative,2016,Senate,CA,bera a,4,1,0
,DEM,Barbara Boxer,incumbent U.S. senator,2016,Senate,CA,boxer b,4,0,0
,DEM,Julia Brownley,U.S. representative,2016,Senate,CA,brownley j,4,1,0
,DEM,Louis Caldera,"former director of the White House Military Office , former United States Secretary of the Army and former state assemblyman",2016,Senate,CA,caldera l,4,0,0
,DEM,Tony Cárdenas,U.S. representative,2016,Senate,CA,cardenas t,4,1,0
,DEM,John Chiang,"California State Treasurer , former California State Controller and former member of the State Board of Equalization",2016,Senate,CA,chiang j,3,0,0
,DEM,Kevin de León,President pro tempore of the California State Senate,2016,Senate,CA,leon k,2,0,0
,DEM,John Garamendi,"U.S. representative, former lieutenant governor of California , former California Insurance Commissioner and former Deputy Secretary of the Interior",2016,Senate,CA,garamendi j,4,1,0
,DEM,Eric Garcetti,Mayor of Los Angeles,2016,Senate,CA,garcetti e,1,0,0
,DEM,Jane Harman,"director, president and CEO of the Woodrow Wilson International Center for Scholars , former U.S. representative and candidate for the governorship in 1998",2016,Senate,CA,harman j,4,1,1
,DEM,Jared Huffman,U.S. representative,2016,Senate,CA,huffman j,4,1,0
,DEM,Kevin Johnson,Mayor of Sacramento and former professional basketball player,2016,Senate,CA,johnson k,1,0,0
,DEM,Sam Liccardo,Mayor of San Jose,2016,Senate,CA,liccardo s,1,0,0
,DEM,Bill Lockyer,former California State Treasurer and former Attorney General of California,2016,Senate,CA,lockyer b,3,0,0
,DEM,Gloria Molina,former Los Angeles County Supervisor,2016,Senate,CA,molina g,1,0,0
,DEM,Janet Napolitano,"president of the University of California , former United States Secretary of Homeland Security and former governor of Arizona",2016,Senate,CA,napolitano j,4,0,0
,DEM,Gavin Newsom,Lieutenant Governor of California and former Mayor of San Francisco ( running for the governorship in 2018 ),2016,Senate,CA,newsom g,3,0,0
,DEM,Alex Padilla,"Secretary of State of California , former state senator and future U.S. senator for this seat",2016,Senate,CA,padilla a,4,0,0
,DEM,Raul Ruiz,U.S. representative,2016,Senate,CA,ruiz r,4,1,0
,DEM,Linda Sánchez,U.S. representative,2016,Senate,CA,sanchez l,4,1,0
,DEM,Sheryl Sandberg,COO of Facebook,2016,Senate,CA,sandberg s,0,0,0
,DEM,Adam Schiff,U.S. representative,2016,Senate,CA,schiff a,4,1,0
,DEM,Hilda Solis,"Los Angeles County Supervisor , former United States Secretary of Labor and former U.S. representative",2016,Senate,CA,solis h,4,1,0
,DEM,Jackie Speier,U.S. representative and candidate for the lieutenant governorship in 2006,2016,Senate,CA,speier j,4,1,1
,DEM,Darrell Steinberg,former President pro tempore of the California State Senate,2016,Senate,CA,steinberg d,2,0,0
,DEM,Tom Steyer,"hedge fund manager, philanthropist and environmentalist",2016,Senate,CA,steyer t,0,0,0
,DEM,Eric Swalwell,U.S. representative,2016,Senate,CA,swalwell e,4,1,0
,DEM,Mark Takano,U.S. representative,2016,Senate,CA,takano m,4,1,0
,DEM,Ellen Tauscher,former Under Secretary of State for Arms Control and International Security Affairs and former U.S. representative,2016,Senate,CA,tauscher e,4,1,0
,DEM,Antonio Villaraigosa,former Mayor of Los Angeles,2016,Senate,CA,villaraigosa a,1,0,0
,DEM,Steve Westly,former California State Controller and candidate for the governorship in 2006   ( running for the governorship in 2018 ),2016,Senate,CA,westly s,0,0,1
,REP,Rocky Chávez,state assemblyman (running for re-election),2016,Senate,CA,chavez r,2,0,0
,REP,Mary Bono,former U.S. representative,2016,Senate,CA,bono m,4,1,0
,REP,Tom Campbell,"former U.S. representative, nominee for the U.S. Senate in 2000 and candidate for the U.S. Senate in 1992 and 2010",2016,Senate,CA,campbell t,4,1,1
,REP,Carl DeMaio,"former San Diego City Council member, candidate for mayor of San Diego in 2012 and candidate for California's 52nd congressional district in 2014",2016,Senate,CA,demaio c,1,0,1
,REP,Tim Donnelly,"former state assemblyman, Minuteman founder and candidate for governor in 2014  (running for CA-08 )",2016,Senate,CA,donnelly t,2,0,1
,REP,David Dreier,former U.S. representative,2016,Senate,CA,dreier d,4,1,0
,REP,Larry Elder,talk radio host and attorney,2016,Senate,CA,elder l,0,0,0
,REP,Kevin Faulconer,mayor of San Diego,2016,Senate,CA,faulconer k,1,0,0
,REP,Carly Fiorina,businesswoman and nominee for the U.S. Senate in 2010 ( running for President ),2016,Senate,CA,fiorina c,0,0,1
,REP,Darrell Issa,U.S. representative and candidate for the U.S. Senate in 1998,2016,Senate,CA,issa d,4,1,1
,REP,Ernie Konnyu,former U.S. representative and former state assemblyman,2016,Senate,CA,konnyu e,4,1,0
,REP,Abel Maldonado,"former lieutenant governor of California , candidate for California State Controller in 2006 , for CA-24 in 2012 and for governor in 2014",2016,Senate,CA,maldonado a,3,0,1
,REP,Kevin McCarthy,U.S. representative and House Majority Leader,2016,Senate,CA,mccarthy k,4,1,0
,REP,Doug Ose,former U.S. representative,2016,Senate,CA,ose d,4,1,0
,REP,Pepperdine University,and candidate for Secretary of State of California in 2014,2016,Senate,CA,university p,0,0,1
,REP,Steve Poizner,former California Insurance Commissioner and candidate for governor in 2010,2016,Senate,CA,poizner s,0,0,1
,REP,Condoleezza Rice,"former United States Secretary of State , former United States National Security Advisor and former provost of Stanford University",2016,Senate,CA,rice c,4,0,0
,REP,Ed Royce,U.S. representative,2016,Senate,CA,royce e,4,1,0
,REP,Arnold Schwarzenegger,actor and former governor of California,2016,Senate,CA,schwarzenegger a,3,0,0
,REP,Ashley Swearengin,Mayor of Fresno and candidate for California State Controller in 2014,2016,Senate,CA,swearengin a,1,0,1
,REP,Meg Whitman,president and CEO of Hewlett-Packard and nominee for governor in 2010,2016,Senate,CA,whitman m,0,0,1
,REP,Mark Matthew Herd,community organizer,2016,Senate,CA,herd m,0,0,0
,IND,Mikelis Beitiks,climate change activist,2016,Senate,CA,beitiks m,0,0,0
,IND,Eleanor Garcia,factory worker,2016,Senate,CA,garcia e,0,0,0
,IND,perennial candidate,(also sought the Constitution Party nomination for President of the United States ),2016,Senate,CA,candidate p,0,0,0
,IND,Jason Hanania,attorney and engineer,2016,Senate,CA,hanania j,0,0,0
,IND,Ling Ling Shi,author,2016,Senate,CA,shi l,0,0,0
,IND,Angelina Jolie,"actress, filmmaker and former Goodwill Ambassador for the United Nations High Commissioner for Refugees",2016,Senate,CA,jolie a,0,0,0
,DEM,Michael Bennet,incumbent U.S. senator,2016,Senate,CO,bennet m,4,0,0
,REP,El Paso County,commissioner,2016,Senate,CO,county e,0,0,0
,REP,Greg Lopez,"former director of the Small Business Administration Colorado District, former mayor of Parker and candidate for Colorado Senate in 2000",2016,Senate,CO,lopez g,1,0,1
,REP,Charlie Ehler,retired air force computer programmer and Tea Party activist,2016,Senate,CO,ehler c,0,0,0
,REP,Jerry Eller,former insurance and real estate agent,2016,Senate,CO,eller j,0,0,0
,REP,Brighton,School board member and perennial candidate,2016,Senate,CO,brighton,1,0,0
,REP,Michael Kinlaw,mortgage broker,2016,Senate,CO,kinlaw m,0,0,0
,REP,Peggy Littleton,El Paso County commissioner and former Colorado State Board of Education member,2016,Senate,CO,littleton p,1,0,0
,REP,Jerry Natividad,businessman,2016,Senate,CO,natividad j,0,0,0
,REP,Tim Neville,state senator,2016,Senate,CO,neville t,2,0,0
,REP,Jefferson County,commissioner,2016,Senate,CO,county j,0,0,0
,REP,Erik Underwood,former congressional staffer,2016,Senate,CO,underwood e,0,0,0
,REP,Christian Anschutz,real estate developer,2016,Senate,CO,anschutz c,0,0,0
,REP,Colorado's 6th congressional district,in 2008 and son of former U.S. Senator William L. Armstrong,2016,Senate,CO,district c,4,0,0
,REP,Arapahoe County,district attorney,2016,Senate,CO,county a,1,0,0
,REP,Ken Buck,U.S. representative and nominee for the U.S. Senate in 2010 (running for re-election),2016,Senate,CO,buck k,4,1,1
,REP,Bill Cadman,president of the Colorado Senate,2016,Senate,CO,cadman b,0,0,0
,REP,Dan Caplis,radio host,2016,Senate,CO,caplis d,0,0,0
,REP,Cynthia Coffman,Colorado attorney general,2016,Senate,CO,coffman c,3,0,0
,REP,Mike Coffman,"U.S. representative, former secretary of state of Colorado and former Colorado state treasurer ( running for reelection )",2016,Senate,CO,coffman m,4,1,0
,REP,Dan Domenico,former solicitor general of Colorado,2016,Senate,CO,domenico d,0,0,0
,REP,Owen Hill,state senator and candidate for the U.S. Senate in 2014,2016,Senate,CO,hill o,2,0,1
,REP,Mike Kopp,former state senator and candidate for governor in 2014,2016,Senate,CO,kopp m,2,0,1
,REP,Steve Laffey,"former mayor of Cranston, Rhode Island , candidate for U.S. Senate from Rhode Island in 2006 , and candidate for Colorado's 4th congressional district in 2014",2016,Senate,CO,laffey s,1,0,1
,REP,Gale Norton,"former United States Secretary of the Interior , former attorney general of Colorado , and candidate for the U.S. Senate in 1996",2016,Senate,CO,norton g,4,0,1
,REP,Josh Penry,former state senator,2016,Senate,CO,penry j,2,0,0
,REP,Ellen Roberts,state senator,2016,Senate,CO,roberts e,2,0,0
,REP,Doug Robinson,businessman,2016,Senate,CO,robinson d,0,0,0
,REP,Mark Scheffel,majority leader of the Colorado Senate,2016,Senate,CO,scheffel m,0,0,0
,REP,Ray Scott,state senator,2016,Senate,CO,scott r,2,0,0
,REP,Larimer County,sheriff,2016,Senate,CO,county l,1,0,0
,REP,Jerry Sonnenberg,state senator,2016,Senate,CO,sonnenberg j,2,0,0
,REP,Walker Stapleton,Colorado state treasurer,2016,Senate,CO,stapleton w,3,0,0
,REP,Amy Stephens,former state representative and candidate for the U.S. Senate in 2014,2016,Senate,CO,stephens a,2,1,1
,REP,Scott Tipton,U.S. representative ( running for re-election ),2016,Senate,CO,tipton s,4,1,0
,REP,Brian Watson,real estate developer,2016,Senate,CO,watson b,0,0,0
,REP,Rob Witwer,former state representative,2016,Senate,CO,witwer r,2,1,0
,IND,Bill Hammons (Unity Party),chairman and founder of the Unity Party of America,2016,Senate,CO,party b,0,0,0
,IND,Arn Menconi,"( Green Party ), former Eagle County Commissioner and founder of SOS Outreach",2016,Senate,CO,menconi a,1,0,0
,IND,promoter,and perennial candidate,2016,Senate,CO,promoter,0,0,0
,IND,Lily Tang Williams,"( Libertarian ), former chair of the Libertarian Party of Colorado and candidate for the state house in 2014",2016,Senate,CO,williams l,0,0,1
,REP,Carlos Beruff,real estate developer and chair of the Florida Commission on Healthcare and Hospital Funding,2016,Senate,FL,beruff c,0,0,0
,REP,Ernie Rivera,businessman,2016,Senate,FL,rivera e,0,0,0
,REP,Marco Rubio,incumbent U.S. senator,2016,Senate,FL,rubio m,4,0,0
,REP,Pinellas County,sheriff's deputy,2016,Senate,FL,county p,1,0,0
,REP,Ron DeSantis,U.S. representative (ran for reelection ),2016,Senate,FL,desantis r,4,1,0
,REP,Mary Elisabeth Godwin,pastor,2016,Senate,FL,godwin m,0,0,0
,REP,David Jolly,U.S. representative (ran for reelection ),2016,Senate,FL,jolly d,4,1,0
,REP,Carlos Lopez-Cantera,lieutenant governor of Florida,2016,Senate,FL,cantera c,3,0,0
,REP,Todd Wilcox,businessman and former CIA case officer,2016,Senate,FL,wilcox t,0,0,0
,REP,Jeff Atwater,chief financial officer of Florida,2016,Senate,FL,atwater j,0,0,0
,REP,Rick Baker,former mayor of St. Petersburg,2016,Senate,FL,baker r,1,0,0
,REP,Pam Bondi,Florida attorney general,2016,Senate,FL,bondi p,3,0,0
,REP,Dan Bongino,"radio host, former Secret Service agent,  and nominee for the U.S. Senate from Maryland in 2012 and for MD-06 in 2014    (running for FL-19 )",2016,Senate,FL,bongino d,0,0,1
,REP,Vern Buchanan,U.S. representative (ran for reelection ),2016,Senate,FL,buchanan v,4,1,0
,REP,Ben Carson,retired neurosurgeon and former candidate for president in 2016,2016,Senate,FL,carson b,0,0,1
,REP,Curt Clawson,U.S. representative,2016,Senate,FL,clawson c,4,1,0
,REP,Randy Fine,businessman,2016,Senate,FL,fine r,0,0,0
,REP,Anitere Flores,state senator (ran for reelection ),2016,Senate,FL,flores a,2,0,0
,REP,Don Gaetz,state senator and former state senate president,2016,Senate,FL,gaetz d,2,0,0
,REP,Mike Haridopolos,former president of the Florida Senate and candidate for the U.S. Senate in 2012,2016,Senate,FL,haridopolos m,0,0,1
,REP,George LeMieux,former U.S. senator,2016,Senate,FL,lemieux g,4,0,0
,REP,Connie Mack IV,former U.S. representative and nominee for the U.S. Senate in 2012,2016,Senate,FL,mack c,4,1,1
,REP,Bill McCollum,"former Florida attorney general , former U.S. representative, nominee for U.S. Senate in 2000 , candidate in 2004 and candidate for governor in 2010",2016,Senate,FL,mccollum b,4,1,1
,REP,John Mica,U.S. representative (ran for reelection ),2016,Senate,FL,mica j,4,1,0
,REP,Jeff Miller,U.S. representative,2016,Senate,FL,miller j,4,1,0
,REP,Adam Putnam,Florida Commissioner of Agriculture and former U.S. representative,2016,Senate,FL,putnam a,4,1,0
,REP,Francis Rooney,former United States Ambassador to the Holy See (ran for U.S. House ),2016,Senate,FL,rooney f,0,0,0
,REP,Tom Rooney,U.S. representative (ran for reelection ),2016,Senate,FL,rooney t,4,1,0
,REP,Dennis A. Ross,U.S. representative (ran for reelection ),2016,Senate,FL,ross d,4,1,0
,REP,Joe Scarborough,cable news personality and former U.S. representative,2016,Senate,FL,scarborough j,4,1,0
,REP,Will Weatherford,former speaker of the Florida House of Representatives,2016,Senate,FL,weatherford w,2,1,0
,REP,Daniel Webster,U.S. representative,2016,Senate,FL,webster d,4,1,0
,REP,Allen West,former U.S. representative,2016,Senate,FL,west a,4,1,0
,REP,Ted Yoho,U.S. representative (ran for reelection ),2016,Senate,FL,yoho t,4,1,0
,DEM,Rocky De La Fuente,"businessman, candidate for president in 2016, and American Delta Party and Reform Party nominee for president in 2016",2016,Senate,FL,fuente r,0,0,1
,DEM,Alan Grayson,U.S. representative,2016,Senate,FL,grayson a,4,1,0
,DEM,judge advocate,"in the U.S. Navy, and daughter of former Ambassador Kenton Keith",2016,Senate,FL,advocate j,0,0,0
,DEM,Reginald Luster,attorney,2016,Senate,FL,luster r,0,0,0
,DEM,Patrick Murphy,U.S. representative,2016,Senate,FL,murphy p,4,1,0
,DEM,2014,(running as an Independent),2016,Senate,FL,,0,0,0
,DEM,Bob Buckhorn,mayor of Tampa,2016,Senate,FL,buckhorn b,1,0,0
,DEM,Kathy Castor,U.S. representative,2016,Senate,FL,castor k,4,1,0
,DEM,Charlie Crist,"former Republican governor of Florida , independent candidate for the U.S. Senate in 2010 and Democratic nominee for governor in 2014 (running for the U.S. House of Representatives)",2016,Senate,FL,crist c,3,1,1
,DEM,Ted Deutch,U.S. representative (running for re-election),2016,Senate,FL,deutch t,4,1,0
,DEM,Buddy Dyer,mayor of Orlando,2016,Senate,FL,dyer b,1,0,0
,DEM,Dan Gelber,"former minority leader of the Florida House of Representatives , former state senator and nominee for Florida attorney general in 2010",2016,Senate,FL,gelber d,2,1,1
,DEM,Andrew Gillum,mayor of Tallahassee,2016,Senate,FL,gillum a,1,0,0
,DEM,Philip Levine,mayor of Miami Beach,2016,Senate,FL,levine p,1,0,0
,DEM,Debbie Wasserman Schultz,U.S. representative and former chair of the Democratic National Committee (running for re-election),2016,Senate,FL,schultz d,4,1,0
,DEM,Augustus S. Invictus,attorney,2016,Senate,FL,invictus a,0,0,0
,DEM,Paul Stanton,IT technician and U.S. Army veteran,2016,Senate,FL,stanton p,0,0,0
,DEM,Roger Stone,"political consultant, lobbyist and strategist",2016,Senate,FL,stone r,0,0,0
,IND,Tequesta,village councilman,2016,Senate,FL,tequesta,0,0,0
,IND,"Anton ""Tony"" Khoury",businessman,2016,Senate,FL,khoury a,0,0,0
,IND,Steven Machat,music producer,2016,Senate,FL,machat s,0,0,0
,IND,Bruce Nathan,physical therapist,2016,Senate,FL,nathan b,0,0,0
,REP,Fayette County,Board of Education member and candidate for state superintendent of schools in 2014,2016,Senate,GA,county f,0,0,1
,REP,MARTA,"engineer, minister and candidate for the U.S. Senate in 2014",2016,Senate,GA,marta,0,0,1
,REP,Johnny Isakson,incumbent U.S. senator,2016,Senate,GA,isakson j,4,0,0
,REP,2007,(running for the Columbia County Commission),2016,Senate,GA,,0,0,0
,REP,Paul Broun,former U.S. representative and candidate for the U.S. Senate in 1996 and 2014 ( running for GA-09 ),2016,Senate,GA,broun p,4,1,1
,REP,Tom Graves,U.S. representative,2016,Senate,GA,graves t,4,1,0
,REP,Kelly Loeffler,owner of the Atlanta Dream and future U.S. senator for this seat,2016,Senate,GA,loeffler k,4,0,0
,REP,Tom Price,U.S. representative,2016,Senate,GA,price t,4,1,0
,REP,Allen West,former U.S. representative from Florida,2016,Senate,GA,west a,4,1,0
,DEM,James F. Barksdale,investment firm executive,2016,Senate,GA,barksdale j,0,0,0
,DEM,Cheryl Copeland,AT&T manager,2016,Senate,GA,copeland c,0,0,0
,DEM,John Coyne,businessman and perennial candidate,2016,Senate,GA,coyne j,0,0,0
,DEM,United States Air Force,veteran,2016,Senate,GA,force u,0,0,0
,DEM,Stacey Abrams,minority leader of the Georgia House of Representatives,2016,Senate,GA,abrams s,0,1,0
,DEM,Thurbert Baker,former attorney general of Georgia and candidate for governor in 2010,2016,Senate,GA,baker t,3,0,1
,DEM,Roy Barnes,former governor,2016,Senate,GA,barnes r,3,0,0
,DEM,John Barrow,former U.S. representative,2016,Senate,GA,barrow j,4,1,0
,DEM,Jason Carter,state senator and nominee for governor of Georgia in 2014,2016,Senate,GA,carter j,2,0,1
,DEM,Stacey Evans,state representative,2016,Senate,GA,evans s,2,1,0
,DEM,Shirley Franklin,former mayor of Atlanta,2016,Senate,GA,franklin s,1,0,0
,DEM,Scott Holcomb,state representative and candidate for secretary of state in 2006,2016,Senate,GA,holcomb s,2,1,1
,DEM,Margaret Kaiser,state representative,2016,Senate,GA,kaiser m,2,1,0
,DEM,Jim Marshall,former U.S. representative,2016,Senate,GA,marshall j,4,1,0
,DEM,Michelle Nunn,former CEO of Points of Light and nominee for the U.S. Senate in 2014,2016,Senate,GA,nunn m,0,0,1
,DEM,Kasim Reed,mayor of Atlanta,2016,Senate,GA,reed k,1,0,0
,DEM,Doug Stoner,former state senator,2016,Senate,GA,stoner d,2,0,0
,DEM,Ed Tarver,United States attorney for the Southern District of Georgia and former state senator,2016,Senate,GA,tarver e,2,0,0
,DEM,Regina Thomas,former state senator and candidate for GA-12 in 2008 and 2010,2016,Senate,GA,thomas r,2,0,1
,DEM,Teresa Tomlinson,mayor of Columbus,2016,Senate,GA,tomlinson t,1,0,0
,DEM,Raphael Warnock,pastor of Ebenezer Baptist Church and future U.S. Senator for this seat,2016,Senate,GA,warnock r,4,0,0
,DEM,2004,and 2008 and nominee for lieutenant governor of Georgia in 2006,2016,Senate,GA,,0,0,1
,DEM,Brian Schatz,incumbent senator,2016,Senate,HI,schatz b,4,0,0
,DEM,Colleen Hanabusa,former U.S. Representative and candidate for the U.S. Senate in 2014 (running for HI-01 ),2016,Senate,HI,hanabusa c,4,1,1
,DEM,Mark Takai,U.S. Representative  (died),2016,Senate,HI,takai m,4,1,0
,DEM,Tulsi Gabbard,U.S. Representative ( running for reelection),2016,Senate,HI,gabbard t,4,1,0
,DEM,Daniel Inouye,"U.S. Senator from Hawaii (1963–2012), U.S. Representative for Hawaii's at-large congressional district (1959–1963). Inouye had declared his intent to run for re-election to a record tenth term, but he died in office on December 17, 2012.",2016,Senate,HI,inouye d,4,1,0
,REP,John Carroll,"former State Senator , former State Representative , nominee for US Senate in 2000 and perennial candidate",2016,Senate,HI,carroll j,2,1,1
,REP,Karla Gottschalk,attorney,2016,Senate,HI,gottschalk k,0,0,0
,REP,Eddie Pirkowski,perennial candidate,2016,Senate,HI,pirkowski e,0,0,0
,REP,John Roco,perennial candidate,2016,Senate,HI,roco j,0,0,0
,REP,2012,and for Governor of Hawaii in 2014,2016,Senate,HI,,3,0,0
,REP,Cam Cavasso,"former state representative and Republican nominee for the U.S. Senate in 2004 , 2010 , and 2014",2016,Senate,HI,cavasso c,2,1,1
,REP,Charles Djou,former U.S. Representative ( running for Mayor of Honolulu ),2016,Senate,HI,djou c,4,1,0
,REP,Joy Allison,independent candidate for the U.S. Senate in 2014,2016,Senate,HI,allison j,0,0,1
,REP,Chuck Grassley,incumbent senator,2016,Senate,IA,grassley c,4,0,0
,REP,Robert Rees,talk radio host,2016,Senate,IA,rees r,0,0,0
,REP,Pat Grassley,state representative and grandson of Chuck Grassley,2016,Senate,IA,grassley p,2,1,0
,REP,Steve King,U.S. Representative,2016,Senate,IA,king s,4,1,0
,REP,Tom Latham,former U.S. Representative,2016,Senate,IA,latham t,4,1,0
,DEM,Tom Fiegen,former state senator and candidate for the U.S. Senate in 2010,2016,Senate,IA,fiegen t,2,0,1
,DEM,Rob Hogg,state senator,2016,Senate,IA,hogg r,2,0,0
,DEM,Patty Judge,former lieutenant governor and former Iowa Secretary of Agriculture,2016,Senate,IA,judge p,3,0,0
,DEM,Bob Krause,"former state representative, nominee for state treasurer in 1978, candidate for Mayor of Waterloo in 1982 and candidate for the U.S. Senate in 2010",2016,Senate,IA,krause b,2,1,1
,DEM,Ray Zirkelbach,former state representative,2016,Senate,IA,zirkelbach r,2,1,0
,DEM,Christie Vilsack,former First Lady of Iowa and nominee for Iowa's 4th congressional district in 2012,2016,Senate,IA,vilsack c,0,0,1
,DEM,Tom Vilsack,United States Secretary of Agriculture and former governor of Iowa,2016,Senate,IA,vilsack t,4,0,0
,DEM,Chet Culver,former governor of Iowa,2016,Senate,IA,culver c,3,0,0
,DEM,Michael Gronstal,Majority Leader of the Iowa Senate and Chairman of the Democratic Legislative Campaign Committee,2016,Senate,IA,gronstal m,0,0,0
,DEM,Dave Loebsack,U.S. Representative (running for re-election),2016,Senate,IA,loebsack d,4,1,0
,DEM,Iowa Democratic Party,and candidate for lieutenant governor in 2006,2016,Senate,IA,party i,0,0,1
,DEM,Tyler Olson,"former state representative, former chairman of the Iowa Democratic Party , and candidate for governor in 2014",2016,Senate,IA,olson t,2,1,1
,REP,Mike Crapo,incumbent U.S. Senator,2016,Senate,ID,crapo m,4,0,0
,REP,Russ Fulcher,former state senator and candidate for governor in 2014,2016,Senate,ID,fulcher r,2,0,1
,REP,Raúl Labrador,U.S. Representative,2016,Senate,ID,labrador r,4,1,0
,REP,Mike Simpson,U.S. Representative,2016,Senate,ID,simpson m,4,1,0
,DEM,Jerry Sturgill,businessman,2016,Senate,ID,sturgill j,0,0,0
,DEM,Richard H. Stallings,"former U.S. Representative, former chairman of the Idaho Democratic Party and nominee for U.S. Senate in 1992",2016,Senate,ID,stallings r,4,1,1
,DEM,Larry LaRocco,"former U.S. Representative, nominee for lieutenant governor in 2006 and nominee for U.S. Senate in 2008",2016,Senate,ID,larocco l,4,1,1
,DEM,Walt Minnick,former U.S. Representative and nominee for U.S. Senate in 1996,2016,Senate,ID,minnick w,4,1,1
,IND,Pro-Life,"(formerly known as Marvin Richardson), organic strawberry farmer, anti-abortion activist and perennial candidate",2016,Senate,ID,life p,0,0,0
,IND,Timothy Raty,paralegal and 2004 Libertarian State House candidate,2016,Senate,ID,raty t,2,0,0
,REP,Mark Kirk,incumbent U.S. senator,2016,Senate,IL,kirk m,4,0,0
,REP,Ron Wallace,"investment advisor, conservative activist and economics professor",2016,Senate,IL,wallace r,0,0,0
,REP,IL-01,"in 1994 , candidate for Illinois Comptroller in 2010 and candidate for Mayor of Chicago in 2015",2016,Senate,IL,il,0,0,1
,REP,Bobby Schilling,former U.S. representative,2016,Senate,IL,schilling b,4,1,0
,REP,Joe Walsh,conservative radio talk show host and former U.S. representative,2016,Senate,IL,walsh j,4,1,0
,DEM,Tammy Duckworth,U.S. representative,2016,Senate,IL,duckworth t,4,1,0
,DEM,CeaseFire,"and candidate for governor in 2014 ( ran for IL-01 , then withdrew to run for Cook County clerk of court    )",2016,Senate,IL,ceasefire,1,0,1
,DEM,running for IL-06,),2016,Senate,IL,il r,0,0,0
,DEM,Daniel Biss,state senator (running for state comptroller),2016,Senate,IL,biss d,3,0,0
,DEM,Cheri Bustos,U.S. representative,2016,Senate,IL,bustos c,4,1,0
,DEM,Jacqueline Y. Collins,state senator,2016,Senate,IL,collins j,2,0,0
,DEM,Tom Dart,sheriff of Cook County,2016,Senate,IL,dart t,1,0,0
,DEM,Bill Foster,U.S. representative,2016,Senate,IL,foster b,4,1,0
,DEM,Mike Frerichs,Illinois Treasurer,2016,Senate,IL,frerichs m,0,0,0
,DEM,Daniel Hynes,"former Illinois Comptroller , candidate for U.S. Senate in 2004 and candidate for governor of Illinois in 2010",2016,Senate,IL,hynes d,0,0,1
,DEM,Robin Kelly,U.S. representative,2016,Senate,IL,kelly r,4,1,0
,DEM,Lisa Madigan,Illinois Attorney General,2016,Senate,IL,madigan l,3,0,0
,DEM,Michelle Obama,First Lady of the United States,2016,Senate,IL,obama m,0,0,0
,DEM,Mike Quigley,U.S. representative,2016,Senate,IL,quigley m,4,1,0
,DEM,Pat Quinn,former governor of Illinois,2016,Senate,IL,quinn p,3,0,0
,DEM,Kwame Raoul,state senator,2016,Senate,IL,raoul k,2,0,0
,DEM,Jan Schakowsky,U.S. representative,2016,Senate,IL,schakowsky j,4,1,0
,DEM,Sheila Simon,former lieutenant governor of Illinois and nominee for Illinois Comptroller in 2014,2016,Senate,IL,simon s,3,0,1
,DEM,Chad Koppie,farmer and vice president of Kane County Regional Board of School Trustees,2016,Senate,IL,koppie c,0,0,0
,DEM,McHenry County College,Board of Trustees,2016,Senate,IL,college m,0,0,0
,REP,Marlin Stutzman,U.S. representative and candidate for the U.S. Senate in 2010,2016,Senate,IN,stutzman m,4,1,1
,REP,Todd Young,U.S. representative,2016,Senate,IN,young t,4,1,0
,REP,IN-04,in 2014 (running for IN-04),2016,Senate,IN,in,0,0,0
,REP,Eric Holcomb,Senator Coats' chief of staff and former chairman of the Indiana Republican Party     (appointed and ran for lieutenant governor before replacing Mike Pence as the nominee for governor ),2016,Senate,IN,holcomb e,3,0,1
,REP,Greg Ballard,former mayor of Indianapolis,2016,Senate,IN,ballard g,1,0,0
,REP,Jim Banks,state senator ( running for IN-03 ),2016,Senate,IN,banks j,2,0,0
,REP,Brian Bosma,speaker of the Indiana House of Representatives,2016,Senate,IN,bosma b,2,1,0
,REP,Susan Brooks,U.S. representative and former United States attorney for the Southern District of Indiana (running for re-election),2016,Senate,IN,brooks s,4,1,0
,REP,Larry Bucshon,U.S. representative (running for re-election),2016,Senate,IN,bucshon l,4,1,0
,REP,Dan Coats,incumbent U.S. senator,2016,Senate,IN,coats d,4,0,0
,REP,Mitch Daniels,president of Purdue University and former governor of Indiana,2016,Senate,IN,daniels m,3,0,0
,REP,Mike Delph,state senator,2016,Senate,IN,delph m,2,0,0
,REP,Richard Lugar,former U.S. senator,2016,Senate,IN,lugar r,4,0,0
,REP,Jim Merritt,state senator,2016,Senate,IN,merritt j,2,0,0
,REP,Luke Messer,U.S. representative (running for re-election),2016,Senate,IN,messer l,4,1,0
,REP,Mike Pence,governor of Indiana and former U.S. representative (running for vice president of the United States ),2016,Senate,IN,pence m,4,1,0
,REP,Todd Rokita,U.S. representative and former secretary of state of Indiana (running for re-election),2016,Senate,IN,rokita t,4,1,0
,REP,Jackie Walorski,U.S. representative (running for re-election),2016,Senate,IN,walorski j,4,1,0
,REP,Greg Zoeller,Indiana attorney general ( running for IN-09 ),2016,Senate,IN,zoeller g,3,0,0
,DEM,Baron Hill,former U.S. representative and nominee for U.S. Senate in 1990 (withdrew after winning primary),2016,Senate,IN,hill b,4,1,1
,DEM,John Dickerson,former nonprofit organization director,2016,Senate,IN,dickerson j,0,0,0
,DEM,Pete Buttigieg,mayor of South Bend,2016,Senate,IN,buttigieg p,1,0,0
,DEM,André Carson,U.S. representative (running for re-election),2016,Senate,IN,carson a,4,1,0
,DEM,Brad Ellsworth,former U.S. representative and nominee for the U.S. Senate in 2010,2016,Senate,IN,ellsworth b,4,1,1
,DEM,John Gregg,former speaker of the Indiana House of Representatives and nominee for governor in 2012 ( running for governor ),2016,Senate,IN,gregg j,2,1,1
,DEM,Christina Hale,state representative ( running for lieutenant governor ),2016,Senate,IN,hale c,3,1,0
,DEM,Thomas McDermott Jr.,mayor of Hammond,2016,Senate,IN,mcdermott t,1,0,0
,DEM,Bart Peterson,former mayor of Indianapolis,2016,Senate,IN,peterson b,1,0,0
,DEM,Glenda Ritz,Indiana Superintendent of Public Instruction (running for re-election),2016,Senate,IN,ritz g,3,0,0
,DEM,Jonathan Weinzapfel,former mayor of Evansville and nominee for Indiana's 8th congressional district in 1996,2016,Senate,IN,weinzapfel j,1,0,1
,DEM,Evan Bayh,former U.S. senator and governor of Indiana,2016,Senate,IN,bayh e,4,0,0
,DEM,2012,"IN-2 in 2014 , and IN-9 2016",2016,Senate,IN,,0,0,0
,REP,Jerry Moran,incumbent senator,2016,Senate,KS,moran j,4,0,0
,REP,Osawatomie,city councilwoman and candidate for the U.S. Senate in 2014,2016,Senate,KS,osawatomie,1,0,1
,REP,Tim Huelskamp,U.S. Representative,2016,Senate,KS,huelskamp t,4,1,0
,REP,Mike Pompeo,U.S. Representative,2016,Senate,KS,pompeo m,4,1,0
,REP,Todd Tiahrt,former U.S. Representative and candidate for the U.S. Senate in 2010,2016,Senate,KS,tiahrt t,4,1,1
,REP,Milton Wolf,radiologist and candidate for the U.S. Senate in 2014,2016,Senate,KS,wolf m,0,0,1
,DEM,Monique Singh-Bey,member of Universal African Peoples Organization,2016,Senate,KS,bey m,0,0,0
,DEM,2010,and 2014,2016,Senate,KS,,0,0,0
,DEM,Carl Brewer,former mayor of Wichita,2016,Senate,KS,brewer c,1,0,0
,DEM,Paul Davis,former minority leader of the Kansas House of Representatives and nominee for Governor of Kansas in 2014,2016,Senate,KS,davis p,0,1,1
,DEM,Kansas Board of Regents,nominee for the U.S. Senate in 1996 and nominee for lieutenant governor in 2014,2016,Senate,KS,regents k,0,0,1
,DEM,Dan Glickman,former U.S. Representative and former United States Secretary of Agriculture,2016,Senate,KS,glickman d,4,1,0
,DEM,Greg Orman,businessman and independent candidate for the U.S. Senate in 2014,2016,Senate,KS,orman g,0,0,1
,DEM,Joe Reardon,former mayor of Kansas City and Wyandotte County,2016,Senate,KS,reardon j,1,0,0
,DEM,Kathleen Sebelius,former United States Secretary of Health and Human Services and former governor of Kansas,2016,Senate,KS,sebelius k,4,0,0
,DEM,Jim Slattery,former U.S. Representative and nominee for U.S. Senate in 2008,2016,Senate,KS,slattery j,4,1,1
,DEM,Kansas's 2nd congressional district,in 2014,2016,Senate,KS,district k,0,0,0
,DEM,KS-02,in 2008,2016,Senate,KS,ks,0,0,0
,IND,Greg Orman,businessman and Independent candidate for the U.S. Senate in 2014,2016,Senate,KS,orman g,0,0,1
,REP,James Gould,financial analyst and Navy veteran,2016,Senate,KY,gould j,0,0,0
,REP,Rand Paul,incumbent U.S. Senator,2016,Senate,KY,paul r,4,0,0
,REP,Stephen Slaughter,engineer,2016,Senate,KY,slaughter s,0,0,0
,REP,Catherine Todd Bailey,businesswoman and former United States Ambassador to Latvia,2016,Senate,KY,bailey c,0,0,0
,REP,Andy Barr,U.S. Representative,2016,Senate,KY,barr a,4,1,0
,REP,James Comer,former Kentucky Agriculture Commissioner and candidate for Governor of Kentucky in 2015 (running for KY-01 ),2016,Senate,KY,comer j,0,0,1
,REP,Mike Duncan,former chairman of the Republican National Committee,2016,Senate,KY,duncan m,0,0,0
,REP,Trey Grayson,"former director of the Institute of Politics at Harvard Kennedy School , former Secretary of State of Kentucky and candidate for the U.S. Senate in 2010",2016,Senate,KY,grayson t,3,0,1
,REP,Brett Guthrie,U.S. Representative,2016,Senate,KY,guthrie b,4,1,0
,REP,Louisville Metro Council,member and candidate for Governor of Kentucky in 2015,2016,Senate,KY,council l,0,0,1
,REP,Thomas Massie,U.S. Representative,2016,Senate,KY,massie t,4,1,0
,REP,Hal Rogers,U.S. Representative,2016,Senate,KY,rogers h,4,1,0
,REP,Ed Whitfield,U.S. Representative,2016,Senate,KY,whitfield e,4,1,0
,DEM,Jim Gray,Mayor of Lexington,2016,Senate,KY,gray j,1,0,0
,DEM,Jeff Kender,steelworker,2016,Senate,KY,kender j,0,0,0
,DEM,KY-02,in 2014,2016,Senate,KY,ky,0,0,0
,DEM,Grant Short,pilot and businessman,2016,Senate,KY,short g,0,0,0
,DEM,Frankfort,City Commissioner,2016,Senate,KY,frankfort,1,0,0
,DEM,Rocky Adkins,Majority Leader of the Kentucky House of Representatives (running for reelection),2016,Senate,KY,adkins r,0,1,0
,DEM,Steve Beshear,former Governor of Kentucky and nominee for U.S. Senate in 1996,2016,Senate,KY,beshear s,3,0,1
,DEM,Ben Chandler,former U.S. Representative,2016,Senate,KY,chandler b,4,1,0
,DEM,Jack Conway,"former Attorney General of Kentucky , nominee for the U.S. Senate in 2010 and nominee for Governor of Kentucky in 2015",2016,Senate,KY,conway j,3,0,1
,DEM,Adam Edelen,former state auditor of Kentucky,2016,Senate,KY,edelen a,3,0,0
,DEM,Greg Fischer,Mayor of Louisville and candidate for the U.S. Senate in 2008,2016,Senate,KY,fischer g,1,0,1
,DEM,Alison Lundergan Grimes,Secretary of State of Kentucky and nominee for the U.S. Senate in 2014,2016,Senate,KY,grimes a,3,0,1
,DEM,Heather French Henry,former Commissioner of the Kentucky Department of Veterans Affairs and former Miss America,2016,Senate,KY,henry h,3,0,0
,DEM,United States Marine Corps,lieutenant colonel and candidate for KY-03 in 2006,2016,Senate,KY,corps u,0,0,1
,DEM,Ashley Judd,actress and political activist,2016,Senate,KY,judd a,0,0,0
,DEM,Crit Luallen,former Lieutenant Governor of Kentucky and former Kentucky Auditor of Public Accounts,2016,Senate,KY,luallen c,3,0,0
,DEM,Greg Stumbo,Speaker of the Kentucky House of Representatives and former Attorney General of Kentucky (running for reelection),2016,Senate,KY,stumbo g,3,1,0
,DEM,David Tandy,President of the Louisville Metro Council,2016,Senate,KY,tandy d,0,0,0
,DEM,Donna Edwards,U.S. Representative,2016,Senate,MD,edwards d,4,1,0
,DEM,Charles U. Smith,perennial candidate,2016,Senate,MD,smith c,0,0,0
,DEM,Ed Tinus,perennial candidate,2016,Senate,MD,tinus e,0,0,0
,DEM,Chris Van Hollen,U.S. Representative,2016,Senate,MD,hollen c,4,1,0
,DEM,Lih Young,perennial candidate,2016,Senate,MD,young l,0,0,0
,DEM,Rushern Baker,Prince George's County Executive (endorsed Chris Van Hollen),2016,Senate,MD,baker r,1,0,0
,DEM,Anthony Brown,former Lieutenant Governor of Maryland and nominee for Governor of Maryland in 2014 (ran for MD-04 ),2016,Senate,MD,brown a,3,0,1
,DEM,Susan L. Burke,attorney,2016,Senate,MD,burke s,0,0,0
,DEM,Elijah Cummings,U.S. Representative (ran for re-election),2016,Senate,MD,cummings e,4,1,0
,DEM,John Delaney,U.S. Representative (ran for re-election),2016,Senate,MD,delaney j,4,1,0
,DEM,Peter Franchot,Comptroller of Maryland,2016,Senate,MD,franchot p,0,0,0
,DEM,Doug Gansler,former Attorney General of Maryland and candidate for Governor of Maryland in 2014,2016,Senate,MD,gansler d,3,0,1
,DEM,Steny Hoyer,U.S. Representative and House Minority Whip (ran for re-election),2016,Senate,MD,hoyer s,4,1,0
,DEM,Benjamin Jealous,former president and CEO of the NAACP,2016,Senate,MD,jealous b,0,0,0
,DEM,Kevin Kamenetz,Baltimore County Executive,2016,Senate,MD,kamenetz k,1,0,0
,DEM,Kathleen Kennedy Townsend,"former lieutenant governor of Maryland , nominee for governor in 2002 and nominee for Maryland's 2nd congressional district in 1986",2016,Senate,MD,townsend k,3,0,1
,DEM,Frank Kratovil,former U.S. Representative,2016,Senate,MD,kratovil f,4,1,0
,DEM,Kweisi Mfume,"former U.S. Representative, former president and CEO of the NAACP and candidate for the U.S. Senate in 2006",2016,Senate,MD,mfume k,4,1,1
,DEM,Barbara Mikulski,incumbent senator,2016,Senate,MD,mikulski b,4,0,0
,DEM,Heather Mizeur,former state delegate and candidate for governor in 2014,2016,Senate,MD,mizeur h,2,0,1
,DEM,Martin O'Malley,former governor of Maryland ( ran for President ),2016,Senate,MD,malley m,3,0,0
,DEM,Thomas Perez,"United States Secretary of Labor and former secretary of the Maryland Department of Labor, Licensing and Regulation",2016,Senate,MD,perez t,4,0,0
,DEM,Jamie Raskin,state senator (ran for MD-08 ),2016,Senate,MD,raskin j,2,0,0
,DEM,Stephanie Rawlings-Blake,Mayor of Baltimore,2016,Senate,MD,blake s,1,0,0
,DEM,Dutch Ruppersberger,U.S. Representative (ran for re-election),2016,Senate,MD,ruppersberger d,4,1,0
,DEM,John Sarbanes,U.S. Representative and son of former U.S. Senator Paul Sarbanes (ran for re-election),2016,Senate,MD,sarbanes j,4,1,0
,DEM,Kenneth Ulman,former Howard County Executive and nominee for lieutenant governor in 2014,2016,Senate,MD,ulman k,1,0,1
,REP,MD-05,in 2010 and nominee for MD-05 in 2014,2016,Senate,MD,md,0,0,1
,REP,Deputy Assistant Secretary of Defense,and candidate for the U.S. Senate in 2012,2016,Senate,MD,defense d,0,0,1
,REP,Joseph Hooe,small business owner,2016,Senate,MD,hooe j,0,0,0
,REP,National Association of Manufacturers,and deputy legal counsel under Governor Bob Ehrlich,2016,Senate,MD,manufacturers n,3,0,0
,REP,Kathy Szeliga,state delegate and House Minority Whip,2016,Senate,MD,szeliga k,2,0,0
,REP,Dan Bongino,"former United States Secret Service agent, nominee for the U.S. Senate in 2012 and nominee for Maryland's 6th congressional district in 2014 (moved to Florida )",2016,Senate,MD,bongino d,0,0,1
,REP,Ben Carson,author and retired director of pediatric neurosurgery at Johns Hopkins Hospital ( running for President ),2016,Senate,MD,carson b,0,0,0
,REP,Kendel Ehrlich,former First Lady of Maryland,2016,Senate,MD,ehrlich k,0,0,0
,REP,Robert Ehrlich,former governor of Maryland,2016,Senate,MD,ehrlich r,3,0,0
,REP,Barry Glassman,Harford County Executive,2016,Senate,MD,glassman b,1,0,0
,REP,Jeannie Haddaway-Riccio,former state delegate and candidate for lieutenant governor in 2014,2016,Senate,MD,riccio j,2,0,1
,REP,Andy Harris,U.S. Representative (running for re-election),2016,Senate,MD,harris a,4,1,0
,REP,Larry Hogan,Governor of Maryland,2016,Senate,MD,hogan l,3,0,0
,REP,Mary Kane,former Secretary of State of Maryland and nominee for lieutenant governor in 2010,2016,Senate,MD,kane m,3,0,1
,REP,Allan Kittleman,Howard County Executive,2016,Senate,MD,kittleman a,1,0,0
,REP,Connie Morella,former U.S. Representative and former United States Ambassador to the Organisation for Economic Co-operation and Development,2016,Senate,MD,morella c,4,1,0
,REP,Anne Arundel County,Executive,2016,Senate,MD,county a,0,0,0
,REP,Boyd Rutherford,Lieutenant Governor of Maryland,2016,Senate,MD,rutherford b,3,0,0
,REP,Steve Schuh,Anne Arundel County Executive,2016,Senate,MD,schuh s,1,0,0
,REP,Michael Steele,"former lieutenant governor of Maryland , former chairman of the Republican National Committee and nominee for the U.S. Senate in 2006",2016,Senate,MD,steele m,3,0,1
,IND,Margaret Flowers,"former pediatrician, healthcare activist and radio host",2016,Senate,MD,flowers m,0,0,0
,REP,Roy Blunt,incumbent senator since 2011,2016,Senate,MO,blunt r,4,0,0
,REP,Ryan Luethy,financial services worker,2016,Senate,MO,luethy r,0,0,0
,REP,running for MO-07,),2016,Senate,MO,mo r,0,0,0
,REP,Todd Akin,former U.S. representative from 2001 to 2013 and nominee for the U.S. Senate in 2012,2016,Senate,MO,akin t,4,1,1
,REP,2012,( running for governor ),2016,Senate,MO,,3,0,0
,REP,John Lamping,former state senator,2016,Senate,MO,lamping j,2,0,0
,DEM,Cori Bush,"pastor, nurse and co-director of the Truth Telling Project",2016,Senate,MO,bush c,0,0,0
,DEM,Jason Kander,secretary of state of Missouri since 2013,2016,Senate,MO,kander j,3,0,0
,DEM,Robert Mack,military veteran,2016,Senate,MO,mack r,0,0,0
,DEM,Chief Wana Dubie,marijuana activist,2016,Senate,MO,dubie c,0,0,0
,DEM,Jay Nixon,Governor of Missouri since 2009,2016,Senate,MO,nixon j,3,0,0
,DEM,Mike Sanders,"Jackson County executive , former Jackson County prosecuting attorney and former chairman of the Missouri Democratic Party",2016,Senate,MO,sanders m,1,0,0
,DEM,Clint Zweifel,state treasurer of Missouri since 2009,2016,Senate,MO,zweifel c,3,0,0
,IND,2010,and 2012,2016,Senate,MO,,0,0,0
,REP,Greg Brannon,"physician, Tea Party activist and candidate for the U.S. Senate in 2014",2016,Senate,NC,brannon g,0,0,1
,REP,Richard Burr,incumbent U.S. senator,2016,Senate,NC,burr r,4,0,0
,REP,Larry Holmquist,businessman and Tea Party activist,2016,Senate,NC,holmquist l,0,0,0
,REP,Superior Court,"judge, candidate for governor in 2012 and nominee for NC-04 in 2014",2016,Senate,NC,court s,1,0,1
,REP,Mark Meadows,U.S. representative ( running for re-election ),2016,Senate,NC,meadows m,4,1,0
,DEM,Kevin Griffin,businessman,2016,Senate,NC,griffin k,0,0,0
,DEM,2014,and candidate for mayor of Greenville in 2015,2016,Senate,NC,,0,0,1
,DEM,Deborah Ross,former state representative,2016,Senate,NC,ross d,2,1,0
,DEM,Dan Blue,Minority Leader of the North Carolina Senate and candidate for the U.S. Senate in 2002,2016,Senate,NC,blue d,0,0,1
,DEM,Roy Cooper,North Carolina attorney general ( running for governor ),2016,Senate,NC,cooper r,3,0,0
,DEM,Janet Cowell,North Carolina State Treasurer,2016,Senate,NC,cowell j,3,0,0
,DEM,Cal Cunningham,former state senator and candidate for the U.S. Senate in 2010,2016,Senate,NC,cunningham c,2,0,1
,DEM,Joel Ford,state senator,2016,Senate,NC,ford j,2,0,0
,DEM,Anthony Foxx,United States Secretary of Transportation and former mayor of Charlotte,2016,Senate,NC,foxx a,4,0,0
,DEM,Kay Hagan,former U.S. senator,2016,Senate,NC,hagan k,4,0,0
,DEM,Duane Hall,state representative,2016,Senate,NC,hall d,2,1,0
,DEM,Larry Hall,Minority Leader of the North Carolina House of Representatives,2016,Senate,NC,hall l,0,1,0
,DEM,Jeff Jackson,state senator,2016,Senate,NC,jackson j,2,0,0
,DEM,Allen Joines,mayor of Winston-Salem (running for re-election),2016,Senate,NC,joines a,1,0,0
,DEM,Grier Martin,state representative,2016,Senate,NC,martin g,2,1,0
,DEM,Nancy McFarlane,Independent mayor of Raleigh,2016,Senate,NC,mcfarlane n,1,0,0
,DEM,Mike McIntyre,former U.S. representative,2016,Senate,NC,mcintyre m,4,1,0
,DEM,Charles Meeker,former mayor of Raleigh (running for labor commissioner),2016,Senate,NC,meeker c,1,0,0
,DEM,Brad Miller,former U.S. representative,2016,Senate,NC,miller b,4,1,0
,DEM,Thomas W. Ross,outgoing president of the University of North Carolina system,2016,Senate,NC,ross t,0,0,0
,DEM,Heath Shuler,former U.S. representative,2016,Senate,NC,shuler h,4,1,0
,DEM,Josh Stein,state senator (running for attorney general ),2016,Senate,NC,stein j,3,0,0
,DEM,Beth Wood,state auditor (running for re-election),2016,Senate,NC,wood b,3,0,0
,DEM,Sean Haugh,pizza delivery man and nominee for the U.S. Senate in 2002 and 2014,2016,Senate,NC,haugh s,0,0,1
,REP,John Hoeven,incumbent U.S. Senator,2016,Senate,ND,hoeven j,4,0,0
,DEM,Eliot Glassheim,state representative,2016,Senate,ND,glassheim e,2,1,0
,REP,Kelly Ayotte,incumbent U.S. senator,2016,Senate,NH,ayotte k,4,0,0
,REP,Ovide Lamontagne,"attorney, candidate for the U.S. Senate in 2010 and nominee for governor in 1996 and 2012",2016,Senate,NH,lamontagne o,0,0,1
,REP,Bill O'Brien,state representative and former speaker of the New Hampshire House of Representatives,2016,Senate,NH,brien b,2,1,0
,DEM,Maggie Hassan,governor of New Hampshire,2016,Senate,NH,hassan m,3,0,0
,DEM,Mark Connolly,former deputy secretary of state and director of securities regulation ( running for governor ),2016,Senate,NH,connolly m,3,0,0
,DEM,Paul Hodes,former U.S. representative and 2010 nominee,2016,Senate,NH,hodes p,4,1,0
,DEM,Ann McLane Kuster,U.S. representative ( running for re-election ),2016,Senate,NH,kuster a,4,1,0
,DEM,John Lynch,former governor of New Hampshire,2016,Senate,NH,lynch j,3,0,0
,DEM,running for NH-01,),2016,Senate,NH,nh r,0,0,0
,DEM,Carol Shea-Porter,former U.S. representative ( running for NH-01 ),2016,Senate,NH,porter c,4,1,0
,DEM,Colin Van Ostern,executive councilor ( running for governor ),2016,Senate,NH,ostern c,3,0,0
,DEM,Catherine Cortez Masto,former Nevada Attorney General,2016,Senate,NV,masto c,3,0,0
,DEM,Liddo Susan O'Briant,instructional assistant,2016,Senate,NV,briant l,0,0,0
,DEM,Black Lives Matter,activist and candidate for governor in 2014,2016,Senate,NV,matter b,0,0,1
,DEM,Harry Reid,incumbent U.S. senator,2016,Senate,NV,reid h,4,0,0
,DEM,Shelley Berkley,former U.S. representative and nominee for the U.S. Senate in 2012,2016,Senate,NV,berkley s,4,1,1
,DEM,Lucy Flores,former state assemblywoman and nominee for lieutenant governor in 2014 (lost primary for NV-04 ),2016,Senate,NV,flores l,2,0,1
,DEM,Steven Horsford,former U.S. representative,2016,Senate,NV,horsford s,4,1,0
,DEM,John Lee,"Mayor of North Las Vegas , former state senator and candidate for NV-04 in 2012",2016,Senate,NV,lee j,2,0,1
,DEM,Kate Marshall,"former state treasurer of Nevada , nominee for Nevada's 2nd congressional district in 2011 and nominee for Secretary of State of Nevada in 2014",2016,Senate,NV,marshall k,3,0,1
,DEM,Ross Miller,former secretary of state of Nevada and nominee for Nevada Attorney General in 2014,2016,Senate,NV,miller r,3,0,1
,DEM,Rory Reid,"former Clark County Commissioner , nominee for governor in 2010 and son of U.S. Senator Harry Reid",2016,Senate,NV,reid r,1,0,1
,DEM,Steve Sisolak,chairman of the Clark County Commission,2016,Senate,NV,sisolak s,0,0,0
,DEM,Dina Titus,U.S. representative and nominee for Governor of Nevada in 2006 (running for re-election),2016,Senate,NV,titus d,4,1,1
,REP,Sharron Angle,"former state assemblywoman, nominee for this seat in 2010 and candidate for NV-02 in 2006",2016,Senate,NV,angle s,2,0,1
,REP,D'Nese Davis,artist and teacher,2016,Senate,NV,davis d,0,0,0
,REP,Eddie Hamilton,retired auto executive and perennial candidate,2016,Senate,NV,hamilton e,0,0,0
,REP,Joe Heck,U.S. representative,2016,Senate,NV,heck j,4,1,0
,REP,"Thomas ""Sad Tom"" Heck",retired air force officer,2016,Senate,NV,heck t,0,0,0
,REP,Robert Leeds,"author, retired Merchant Marine and perennial candidate",2016,Senate,NV,leeds r,0,0,0
,REP,"Carlo ""Mazunga"" Poliak",retired sanitation worker and perennial candidate,2016,Senate,NV,poliak c,0,0,0
,REP,Juston Preble,sales consultant,2016,Senate,NV,preble j,0,0,0
,REP,Bob Beers,"Las Vegas City Councilman, former state senator and candidate for governor in 2006",2016,Senate,NV,beers b,2,0,1
,REP,Mark Amodei,U.S. representative (running for re-election),2016,Senate,NV,amodei m,4,1,0
,REP,Greg Brower,state senator and former United States Attorney for the District of Nevada,2016,Senate,NV,brower g,2,0,0
,REP,Barbara Cegavske,"Secretary of State of Nevada , former state senator and candidate for NV-04 in 2012",2016,Senate,NV,cegavske b,3,0,1
,REP,Heidi Gansert,former state assemblywoman and former chief of staff to Governor Brian Sandoval,2016,Senate,NV,gansert h,3,0,0
,REP,Cresent Hardy,U.S. representative (lost re-election to NV-04 ),2016,Senate,NV,hardy c,4,1,0
,REP,Steve Hill,executive director of the Nevada Governor's Office of Economic Development,2016,Senate,NV,hill s,3,0,0
,REP,Mark Hutchison,Lieutenant Governor of Nevada and former state senator,2016,Senate,NV,hutchison m,3,0,0
,REP,Ron Knecht,"Nevada State Controller , former regent of the University of Nevada, Reno and former state assemblyman",2016,Senate,NV,knecht r,2,0,0
,REP,Brian Krolicki,former lieutenant governor of Nevada,2016,Senate,NV,krolicki b,3,0,0
,REP,Adam Laxalt,Nevada Attorney General,2016,Senate,NV,laxalt a,3,0,0
,REP,Michael Roberson,Majority Leader of the Nevada Senate ( running for NV-03 ),2016,Senate,NV,roberson m,0,0,0
,REP,Wayne Allyn Root,former member of the Libertarian National Committee and Libertarian Party nominee for Vice President of the United States in 2008,2016,Senate,NV,root w,0,0,1
,REP,Brian Sandoval,Governor of Nevada,2016,Senate,NV,sandoval b,3,0,0
,REP,Dan Schwartz,state treasurer and candidate for NV-04 in 2012,2016,Senate,NV,schwartz d,3,0,1
,IND,Tom Jones,retired businessman and perennial candidate,2016,Senate,NV,jones t,0,0,0
,IND,Dennis Hof,owner of the Moonlite Bunny Ranch (running for the State Senate ),2016,Senate,NV,hof d,2,0,0
,IND,Tony Gumina,physician and businessman,2016,Senate,NV,gumina t,0,0,0
,IND,Tom Sawyer,retired railroad worker,2016,Senate,NV,sawyer t,0,0,0
,IND,Jarrod M. Williams,veteran,2016,Senate,NV,williams j,0,0,0
,DEM,Chuck Schumer,incumbent U.S. Senator,2016,Senate,NY,schumer c,4,0,0
,REP,Wendy Long,attorney and nominee for the U.S. Senate in 2012,2016,Senate,NY,long w,0,0,1
,REP,Richard L. Hanna,U.S. Representative,2016,Senate,NY,hanna r,4,1,0
,REP,Larry Kudlow,"economist, television personality and columnist",2016,Senate,NY,kudlow l,0,0,0
,REP,Manhattan,Republican Party and wife of 2010 Senate candidate David Malpass,2016,Senate,NY,manhattan,0,0,0
,IND,Alex Merced,activist,2016,Senate,NY,merced a,0,0,0
,IND,Wendy Long,attorney and nominee for the U.S. Senate in 2012,2016,Senate,NY,long w,0,0,1
,REP,OH-15,in 2008,2016,Senate,OH,oh,0,0,0
,REP,Rob Portman,incumbent U.S. senator (2011-2023),2016,Senate,OH,portman r,4,0,0
,REP,Melissa Strzala,Tea Party activist (failed to gather enough valid signatures),2016,Senate,OH,strzala m,0,0,0
,REP,Josh Mandel,Ohio state treasurer (2011-2019) and nominee for the U.S. Senate in 2012,2016,Senate,OH,mandel j,3,0,1
,REP,Steve Stivers,U.S. representative of Ohio's 15th congressional district (2011-2021),2016,Senate,OH,stivers s,4,1,0
,DEM,Kelli Prather,occupational therapist and community organizer,2016,Senate,OH,prather k,0,0,0
,DEM,P.G. Sittenfeld,Cincinnati city councilman (2011-2022),2016,Senate,OH,sittenfeld p,1,0,0
,DEM,Ted Strickland,"former governor of Ohio (2007-2011) and former U.S. representative of Ohio's 6th congressional district (1993-1995, 1997-2007)",2016,Senate,OH,strickland t,4,1,0
,DEM,Bob Hagan,"former member of the Ohio State Board of Education (2014-2015), former state senator from the 33rd district (1987-1997, 2007-2014) and former state representative from the 58th district (1997-2006)",2016,Senate,OH,hagan b,2,1,0
,DEM,Joyce Beatty,U.S. representative of Ohio's 3rd congressional district (2013-present) and former state representative from the 27th district (1999-2008),2016,Senate,OH,beatty j,4,1,0
,DEM,John Boccieri,"state representative from the 59th district (2015-2018), former U.S. representative of Ohio's 16th congressional district (2009-2011) and former state senator from the 33rd district (2007-2008)",2016,Senate,OH,boccieri j,4,1,0
,DEM,Jennifer Brunner,"judge on the Ohio Tenth District Court of Appeals (2015-2021), former Ohio Secretary of State (2007-2011) and candidate for the U.S. Senate in 2010",2016,Senate,OH,brunner j,3,0,1
,DEM,Michael B. Coleman,mayor of Columbus (2000-2016),2016,Senate,OH,coleman m,1,0,0
,DEM,Richard Cordray,"director of the Consumer Financial Protection Bureau (2012-2017), former attorney general of Ohio (2009-2011) and candidate for the U.S. Senate in 2000",2016,Senate,OH,cordray r,3,0,1
,DEM,Connie Pillich,former state representative of the 28th district (2009-2014) and nominee for Ohio state treasurer in 2014,2016,Senate,OH,pillich c,2,1,1
,DEM,Tim Ryan,U.S. representative of Ohio's 13th congressional district (2003-2023),2016,Senate,OH,ryan t,4,1,0
,DEM,Betty Sutton,administrator of the Saint Lawrence Seaway Development Corporation (2013-2017) and former U.S. representative of Ohio's 13th congressional district (2007-2013),2016,Senate,OH,sutton b,4,1,0
,DEM,Nina Turner,former state senator of the 25th district (2008-2014) and nominee for Ohio Secretary of State in 2014,2016,Senate,OH,turner n,2,0,1
,DEM,Nan Whaley,mayor of Dayton (2014-2022),2016,Senate,OH,whaley n,1,0,0
,DEM,Joe DeMare,factory worker and environmentalist,2016,Senate,OH,demare j,0,0,0
,REP,James Lankford,incumbent senator,2016,Senate,OK,lankford j,4,0,0
,DEM,OK-05,in 2008,2016,Senate,OK,ok,0,0,0
,DEM,Dan Boren,former U.S. Representative,2016,Senate,OK,boren d,4,1,0
,DEM,Joe Dorman,"former state representative, and nominee for Governor in 2014",2016,Senate,OK,dorman j,2,1,1
,DEM,Brad Henry,former governor of Oklahoma,2016,Senate,OK,henry b,3,0,0
,DEM,Constance N. Johnson,former State Senator and nominee for the U.S. Senate in 2014,2016,Senate,OK,johnson c,2,0,1
,DEM,Governor,in 2014,2016,Senate,OK,governor,0,0,0
,DEM,Medford,City Councilor,2016,Senate,OR,medford,1,0,0
,DEM,Paul Weaver,retired locomotive engineer,2016,Senate,OR,weaver p,0,0,0
,DEM,Ron Wyden,incumbent U.S. Senator,2016,Senate,OR,wyden r,4,0,0
,DEM,Peter DeFazio,U.S. Representative,2016,Senate,OR,defazio p,4,1,0
,REP,Mark Callahan,information technology consultant and perennial candidate,2016,Senate,OR,callahan m,0,0,0
,REP,Dan Laschober,business consultant,2016,Senate,OR,laschober d,0,0,0
,REP,Lane County,Commissioner,2016,Senate,OR,county l,0,0,0
,IND,Progressive,nominee for OR-01 in 2012 and Pacific Green nominee for OR-01 in 2014,2016,Senate,OR,progressive,0,0,1
,IND,Marvin Sandnes,businessman,2016,Senate,OR,sandnes m,0,0,0
,IND,Eric Navickas,former Ashland City Councilman,2016,Senate,OR,navickas e,1,0,0
,REP,Pat Toomey,incumbent U.S. senator,2016,Senate,PA,toomey p,4,0,0
,DEM,Katie McGinty,"former chief of staff to Governor Tom Wolf , former secretary of the Pennsylvania Department of Environmental Protection and candidate for the governorship in 2014",2016,Senate,PA,mcginty k,3,0,1
,DEM,Bob Brady,U.S. representative and chairman of the Philadelphia Democratic City Committee (endorsed Katie McGinty),2016,Senate,PA,brady b,4,1,0
,DEM,Chris Carney,former U.S. representative,2016,Senate,PA,carney c,4,1,0
,DEM,Matt Cartwright,U.S. representative (endorsed Joe Sestak),2016,Senate,PA,cartwright m,4,1,0
,DEM,Kathy Dahlkemper,Erie County executive and former U.S. representative (endorsed Katie McGinty),2016,Senate,PA,dahlkemper k,4,1,0
,DEM,Eugene DePasquale,Pennsylvania auditor general ( running for re-election ),2016,Senate,PA,depasquale e,0,0,0
,DEM,Rich Fitzgerald,Allegheny County executive (endorsed Katie McGinty),2016,Senate,PA,fitzgerald r,1,0,0
,DEM,David Hickton,United States attorney for the Western District of Pennsylvania,2016,Senate,PA,hickton d,0,0,0
,DEM,Vincent Hughes,state senator (endorsed Katie McGinty),2016,Senate,PA,hughes v,2,0,0
,DEM,Kathleen Kane,Pennsylvania attorney general,2016,Senate,PA,kane k,3,0,0
,DEM,Rob McCord,former Pennsylvania Treasurer and candidate for the governorship in 2014,2016,Senate,PA,mccord r,0,0,1
,DEM,Patrick Murphy,former U.S. representative and candidate for attorney general in 2012,2016,Senate,PA,murphy p,4,1,1
,DEM,Michael Nutter,mayor of Philadelphia (endorsed Katie McGinty),2016,Senate,PA,nutter m,1,0,0
,DEM,Ed Rendell,former governor of Pennsylvania (endorsed Katie McGinty),2016,Senate,PA,rendell e,3,0,0
,DEM,Allyson Schwartz,former U.S. representative and candidate for the governorship in 2014,2016,Senate,PA,schwartz a,4,1,1
,DEM,Josh Shapiro,chairman of the Montgomery County Board of Commissioners and former state representative ( running for attorney general ),2016,Senate,PA,shapiro j,3,1,0
,DEM,Joe Torsella,United States representative to the United Nations for Management and Reform and former chairman of the Pennsylvania State Board of Education (running for state treasurer),2016,Senate,PA,torsella j,4,1,0
,DEM,R. Seth Williams,district attorney of Philadelphia,2016,Senate,PA,williams r,1,0,0
,REP,Tim Scott,incumbent U.S. Senator,2016,Senate,SC,scott t,4,0,0
,DEM,Thomas Dixon,pastor and community activist (also running with Green Party nomination),2016,Senate,SC,dixon t,0,0,0
,DEM,Joyce Dickerson,Richland County Councilwoman and nominee for the U.S. Senate in 2014 (running for reelection),2016,Senate,SC,dickerson j,1,0,1
,REP,John Thune,incumbent U.S. Senator,2016,Senate,SD,thune j,4,0,0
,REP,Gordon Howie,"former state senator, candidate for governor in 2010 and Independent candidate for the U.S. Senate in 2014",2016,Senate,SD,howie g,2,0,1
,REP,Stace Nelson,former state representative and candidate for the U.S. Senate in 2014,2016,Senate,SD,nelson s,2,1,1
,DEM,Yankton County,"Democratic Party, former Yankton School Board member and candidate for the State House in 2010 and 2014",2016,Senate,SD,county y,1,0,1
,DEM,Tom Daschle,former U.S. Senator,2016,Senate,SD,daschle t,4,0,0
,DEM,Cory Heidelberger,teacher and political activist (running for State Senate),2016,Senate,SD,heidelberger c,2,0,0
,DEM,Stephanie Herseth Sandlin,former U.S. Representative,2016,Senate,SD,sandlin s,4,1,0
,DEM,Bernie Hunhoff,state senator and candidate for governor in 1998,2016,Senate,SD,hunhoff b,2,0,1
,DEM,Sam Hurst,filmmaker and television news producer,2016,Senate,SD,hurst s,0,0,0
,DEM,Brendan Johnson,former United States Attorney for the District of South Dakota,2016,Senate,SD,johnson b,0,0,0
,DEM,Frank Kloucek,former state senator,2016,Senate,SD,kloucek f,2,0,0
,DEM,KSFY-TV,senior meteorologist,2016,Senate,SD,tv k,0,0,0
,DEM,Billie Sutton,Minority Leader of the South Dakota Senate,2016,Senate,SD,sutton b,0,0,0
,DEM,Rick Weiland,"businessman, nominee for SD-AL in 1996 and candidate in 2002 and nominee for U.S. Senate in 2014",2016,Senate,SD,weiland r,0,0,1
,REP,Mike Lee,incumbent senator,2016,Senate,UT,lee m,4,0,0
,REP,Lane Beattie,president and CEO of the Salt Lake Chamber of Commerce and former president of the Utah State Senate,2016,Senate,UT,beattie l,2,0,0
,REP,Jason Chaffetz,U.S. Representative,2016,Senate,UT,chaffetz j,4,1,0
,REP,Spencer Cox,Lieutenant Governor of Utah,2016,Senate,UT,cox s,3,0,0
,REP,"Jon Huntsman, Jr.","former governor of Utah , former United States Ambassador to China under Barack Obama and candidate for President in 2012",2016,Senate,UT,huntsman j,3,0,1
,REP,University of Utah,Hinckley Institute of Politics,2016,Senate,UT,utah u,0,0,0
,REP,Mike Leavitt,former governor of Utah and former United States Secretary of Health and Human Services,2016,Senate,UT,leavitt m,4,0,0
,REP,Dan Liljenquist,former state senator and candidate for the U.S. Senate in 2012,2016,Senate,UT,liljenquist d,2,0,1
,REP,Aaron Osmond,state senator,2016,Senate,UT,osmond a,2,0,0
,REP,Sean Reyes,Attorney General of Utah,2016,Senate,UT,reyes s,3,0,0
,REP,Chris Stewart,U.S. Representative,2016,Senate,UT,stewart c,4,1,0
,DEM,Misty K. Snow,cashier,2016,Senate,UT,snow m,0,0,0
,DEM,Jonathan Swinton,marriage and family therapist,2016,Senate,UT,swinton j,0,0,0
,DEM,Jim Matheson,former U.S. Representative,2016,Senate,UT,matheson j,4,1,0
,DEM,Ben McAdams,Mayor of Salt Lake County and former state senator,2016,Senate,UT,mcadams b,2,0,0
,DEM,Doug Owens,"attorney, son of former Congressman Wayne Owens , and nominee for Utah's 4th congressional district in 2014 ( running for UT-04 )",2016,Senate,UT,owens d,4,0,1
,IND,Independent,"), candidate for the U.S. Senate in 2012 and candidate for UT-02 in 2014",2016,Senate,UT,independent,0,0,1
,DEM,Cris Ericson,"perennial candidate , later ran as Marijuana Party nominee (also ran for governor)",2016,Senate,VT,ericson c,3,0,0
,DEM,Patrick Leahy,incumbent U.S. Senator,2016,Senate,VT,leahy p,4,0,0
,REP,Scott Milne,"businessman, candidate for the State House in 2006 and nominee for governor in 2014",2016,Senate,VT,milne s,0,0,1
,REP,Peter Diamondstone,"LU party co-founder, lawyer, and perennial candidate",2016,Senate,VT,diamondstone p,0,0,0
,REP,Cris Ericson,"Marijuana Party perennial candidate, previously sought Democratic nomination",2016,Senate,VT,ericson c,0,0,0
,DEM,Phil Cornell,retired communications technician,2016,Senate,WA,cornell p,0,0,0
,DEM,Patty Murray,incumbent U.S. senator,2016,Senate,WA,murray p,4,0,0
,REP,Chris Vance,"former state representative , former member of the King County Council , and former chair of the Washington State Republican Party",2016,Senate,WA,vance c,2,1,0
,REP,Bill Bryant,Seattle Port Commissioner ( running for governor ),2016,Senate,WA,bryant b,3,0,0
,REP,Jaime Herrera Beutler,U.S. representative (running for re-election),2016,Senate,WA,beutler j,4,1,0
,REP,Andy Hill,state senator,2016,Senate,WA,hill a,2,0,0
,REP,Steve Litzow,state senator (running for re-election),2016,Senate,WA,litzow s,2,0,0
,REP,Rob McKenna,former attorney general of Washington and nominee for governor in 2012,2016,Senate,WA,mckenna r,3,0,1
,REP,Cathy McMorris Rodgers,U.S. representative (running for re-election),2016,Senate,WA,rodgers c,4,1,0
,REP,Dave Reichert,U.S. representative (running for re-election),2016,Senate,WA,reichert d,4,1,0
,REP,Dino Rossi,"former state senator, nominee for governor of Washington in 2004 and 2008 , and nominee for U.S. Senate in 2010",2016,Senate,WA,rossi d,2,0,1
,REP,Ron Johnson,incumbent U.S. Senator,2016,Senate,WI,johnson r,4,0,0
,DEM,Russ Feingold,"former U.S. Senator, and former U.S. Special Envoy for the African Great Lakes and the Congo-Kinshasa",2016,Senate,WI,feingold r,4,0,0
,DEM,Scott Harbach,perennial candidate,2016,Senate,WI,harbach s,0,0,0
,DEM,Mary Burke,"businesswoman, member of the Madison school district board , former Wisconsin Secretary of Commerce and nominee for Governor of Wisconsin in 2014",2016,Senate,WI,burke m,0,0,1
,DEM,Chris Larson,state senator,2016,Senate,WI,larson c,2,0,0
,DEM,Ron Kind,U.S. Representative,2016,Senate,WI,kind r,4,1,0
,DEM,Gwen Moore,U.S. Representative,2016,Senate,WI,moore g,4,1,0
,DEM,Mark Pocan,U.S. Representative,2016,Senate,WI,pocan m,4,1,0
,DEM,"Dane County, Wisconsin",Libertarian Party and nominee for the State Assembly in 2014,2016,Senate,WI,wisconsin d,0,0,1
,REP,Joe Arpaio,former Maricopa County sheriff,2018,Senate,AZ,arpaio j,1,0,0
,REP,Martha McSally,U.S. representative from Arizona's 2nd congressional district and retired U.S. Air Force Colonel,2018,Senate,AZ,mcsally m,4,1,0
,REP,Kelli Ward,former state senator and candidate for the U.S. Senate in 2016,2018,Senate,AZ,ward k,2,0,1
,REP,revenge porn,website IsAnybodyDown?,2018,Senate,AZ,porn r,0,0,0
,REP,"Christian ""C.J."" Diegel",financial advisor,2018,Senate,AZ,diegel c,0,0,0
,REP,Nicholas Tutora,pharmacist,2018,Senate,AZ,tutora n,0,0,0
,REP,Jeff Flake,incumbent U.S. senator,2018,Senate,AZ,flake j,4,0,0
,REP,Andy Biggs,U.S. representative from Arizona's 5th congressional district ( ran for re-election ),2018,Senate,AZ,biggs a,4,1,0
,REP,Jan Brewer,former governor of Arizona,2018,Senate,AZ,brewer j,3,0,0
,REP,Mark Brnovich,attorney general of Arizona ( ran for re-election ),2018,Senate,AZ,brnovich m,3,0,0
,REP,Jeff DeWit,treasurer of Arizona (nominated as NASA chief financial officer),2018,Senate,AZ,dewit j,0,0,0
,REP,Trent Franks,former U.S. representative,2018,Senate,AZ,franks t,4,1,0
,REP,Paul Gosar,U.S. representative from Arizona's 4th congressional district ( ran for re-election ),2018,Senate,AZ,gosar p,4,1,0
,REP,Robert Graham,former chair of the Arizona Republican Party,2018,Senate,AZ,graham r,0,0,0
,REP,Christine Jones,"former GoDaddy executive, candidate for governor in 2014 and candidate for AZ-05 in 2016",2018,Senate,AZ,jones c,0,0,1
,REP,Bill Montgomery,Maricopa County Attorney,2018,Senate,AZ,montgomery b,1,0,0
,REP,Ben Quayle,former U.S. representative and son of former Vice President Dan Quayle,2018,Senate,AZ,quayle b,4,1,0
,REP,Matt Salmon,former U.S. representative and nominee for governor in 2002,2018,Senate,AZ,salmon m,4,1,1
,REP,David Schweikert,U.S. representative from Arizona's 6th congressional district ( ran for re-election ),2018,Senate,AZ,schweikert d,4,1,0
,REP,John Shadegg,former U.S. representative,2018,Senate,AZ,shadegg j,4,1,0
,DEM,Deedra Abboud,attorney,2018,Senate,AZ,abboud d,0,0,0
,DEM,Kyrsten Sinema,U.S. representative from Arizona's 9th congressional district,2018,Senate,AZ,sinema k,4,1,0
,DEM,Bob Bishop,pilot,2018,Senate,AZ,bishop b,0,0,0
,DEM,David Ruben,physician,2018,Senate,AZ,ruben d,0,0,0
,DEM,Chris Russell,attorney,2018,Senate,AZ,russell c,0,0,0
,DEM,Richard Sherzan,"retired administrative law judge, former Iowa state representative and candidate for the U.S. Senate in 2016",2018,Senate,AZ,sherzan r,2,1,1
,DEM,Jim Moss,"businessman, activist and former teacher",2018,Senate,AZ,moss j,0,0,0
,DEM,Randall Friese,state representative,2018,Senate,AZ,friese r,2,1,0
,DEM,Mark Kelly,"astronaut , scientist, U.S. Navy captain and husband of former U.S. representative Gabby Giffords (later elected to Arizona's Class 3 Senate seat in 2020)",2018,Senate,AZ,kelly m,4,1,0
,DEM,Ann Kirkpatrick,former U.S. representative and nominee for the U.S. Senate in 2016 ( ran for U.S. House ),2018,Senate,AZ,kirkpatrick a,4,1,1
,DEM,Greg Stanton,Mayor of Phoenix ( ran for U.S. House ),2018,Senate,AZ,stanton g,1,0,0
,DEM,Adam Kokesh,"( write-in candidate ), anti-war activist and U.S. presidential candidate in 2020",2018,Senate,AZ,kokesh a,0,0,0
,DEM,IL-14,in 2010,2018,Senate,AZ,il,0,0,0
,DEM,Eve Reyes-Aguirre,activist,2018,Senate,AZ,aguirre e,0,0,0
,DEM,John Melendez,television writer and radio personality,2018,Senate,CA,melendez j,0,0,0
,DEM,Ana Kasparian,co-host of The Young Turks,2018,Senate,CA,kasparian a,0,0,0
,DEM,Joe Sanberg,entrepreneur and investor,2018,Senate,CA,sanberg j,0,0,0
,DEM,Tom Steyer,hedge fund manager,2018,Senate,CA,steyer t,0,0,0
,DEM,Cenk Uygur,host of The Young Turks,2018,Senate,CA,uygur c,0,0,0
,REP,Arun K. Bhumitra,businessman,2018,Senate,CA,bhumitra a,0,0,0
,REP,James P. Bradley,businessman,2018,Senate,CA,bradley j,0,0,0
,REP,Jack Crew,bus driver,2018,Senate,CA,crew j,0,0,0
,REP,Erin Cruz,published author,2018,Senate,CA,cruz e,0,0,0
,REP,Rocky De La Fuente,entrepreneur and perennial candidate,2018,Senate,CA,fuente r,0,0,0
,REP,Jerry Joseph Laws,candidate for the U.S. Senate in 2016,2018,Senate,CA,laws j,0,0,1
,REP,Patrick Little,neo-Nazi and Holocaust denier  (denounced by California Republican Party),2018,Senate,CA,little p,0,0,0
,REP,Kevin Mottus,candidate for the U.S. Senate in 2016,2018,Senate,CA,mottus k,0,0,1
,REP,Mario Nabliba,scientist,2018,Senate,CA,nabliba m,0,0,0
,REP,Tom Palzer,"activist, retired city planner and candidate for the U.S. Senate in 2016",2018,Senate,CA,palzer t,0,0,1
,REP,Paul Allen Taylor,businessman,2018,Senate,CA,taylor p,0,0,0
,REP,Donald R. Adams,businessman,2018,Senate,CA,adams d,0,0,0
,REP,Ernie Konnyu,former U.S. Representative,2018,Senate,CA,konnyu e,4,1,0
,REP,Caren Lancona,businesswoman,2018,Senate,CA,lancona c,0,0,0
,REP,Jazmina Saavedra,businesswoman and activist,2018,Senate,CA,saavedra j,0,0,0
,REP,Stephen James Schrader,veteran,2018,Senate,CA,schrader s,0,0,0
,REP,Kevin Faulconer,mayor of San Diego,2018,Senate,CA,faulconer k,1,0,0
,REP,Caitlyn Jenner,1976 Olympic gold medalist and television personality,2018,Senate,CA,jenner c,0,0,0
,REP,Arnold Schwarzenegger,actor and former Governor of California,2018,Senate,CA,schwarzenegger a,3,0,0
,REP,Ashley Swearengin,former mayor of Fresno,2018,Senate,CA,swearengin a,1,0,0
,REP,Derrick Michael Reid,retired attorney and engineer and candidate for president in 2016,2018,Senate,CA,reid d,0,0,1
,REP,Colleen Shea Fernald,perennial candidate,2018,Senate,CA,fernald c,0,0,0
,REP,Tim Gildersleeve,businessman and researcher,2018,Senate,CA,gildersleeve t,0,0,0
,REP,Constitution Party,chairman and perennial candidate  ( Constitution Party ) [ a ],2018,Senate,CA,party c,0,0,0
,REP,Ling Ling Shi,evangelist,2018,Senate,CA,shi l,0,0,0
,REP,Michael Eisen,biologist,2018,Senate,CA,eisen m,0,0,0
,DEM,Chris Murphy,incumbent U.S. senator,2018,Senate,CT,murphy c,4,0,0
,DEM,Ann-Marie Adams,investigative journalist and founder of The Hartford Guardian,2018,Senate,CT,adams a,0,0,0
,REP,Matthew Corey,businessman,2018,Senate,CT,corey m,0,0,0
,REP,Dominic Rapini,businessman,2018,Senate,CT,rapini d,0,0,0
,REP,West Hartford,Councilman and independent candidate for governor in 2014,2018,Senate,CT,hartford w,0,0,1
,REP,Gretchen Carlson,former Fox News anchor and former Miss America,2018,Senate,CT,carlson g,0,0,0
,DEM,Tom Carper,incumbent U.S. senator and 71st governor of Delaware,2018,Senate,DE,carper t,4,0,0
,DEM,Tykiem Booker,activist,2018,Senate,DE,booker t,0,0,0
,DEM,Lisa Blunt Rochester,U.S. representative (ran for re-election ),2018,Senate,DE,rochester l,4,1,0
,REP,Sussex County,"Councilman, and former Delaware State Chairman for the Trump campaign",2018,Senate,DE,county s,0,0,0
,REP,Chuck Boyce,businessman   (endorsed Rob Arlett),2018,Senate,DE,boyce c,0,0,0
,REP,Ken Simpler,State Treasurer (running for re-election),2018,Senate,DE,simpler k,3,0,0
,REP,2012,and 2014 (endorsed Rob Arlett),2018,Senate,DE,,0,0,0
,REP,Demitri Theodoropoulos,small business owner,2018,Senate,DE,theodoropoulos d,0,0,0
,REP,New Castle County,chairwoman of Libertarian Party of Delaware and Libertarian nominee for Wilmington City Council in 2016,2018,Senate,DE,county n,0,0,1
,IND,Todd Farina,ticket company owner (write-in),2018,Senate,DE,farina t,0,0,0
,IND,2016,(write-in),2018,Senate,DE,,0,0,0
,REP,Rick Scott,incumbent governor of Florida,2018,Senate,FL,scott r,3,0,0
,REP,U.S. representative,from CA-11 in 2012,2018,Senate,FL,representative u,0,0,0
,REP,U.S. Senate,in 2012,2018,Senate,FL,senate u,0,0,0
,REP,Augustus Sol Invictus,far-right activist; candidate for U.S. Senate in 2016,2018,Senate,FL,invictus a,0,0,1
,REP,Independent,candidate for lieutenant governor in 2014 and U.S. Senate in 2016   (running as a write-in candidate ),2018,Senate,FL,independent,0,0,1
,REP,Jeff Atwater,Chief Financial Officer 2011–2017,2018,Senate,FL,atwater j,0,0,0
,REP,Carlos Beruff,real estate developer and Republican donor; candidate for U.S. Senate in 2016,2018,Senate,FL,beruff c,0,0,1
,REP,Pam Bondi,Attorney General since 2011,2018,Senate,FL,bondi p,3,0,0
,REP,Richard Corcoran,State Representative (District 37) since 2010; Speaker of the Florida House since 2016,2018,Senate,FL,corcoran r,2,1,0
,REP,John Delaney,mayor of Jacksonville 1995–2003,2018,Senate,FL,delaney j,1,0,0
,REP,Ron DeSantis,U.S. representative from FL-6 2013–2018; candidate for U.S. Senate in 2016   ( running for governor ),2018,Senate,FL,desantis r,4,1,1
,REP,Hulk Hogan,"semi-retired professional wrestler , actor, television personality, entrepreneur, and musician",2018,Senate,FL,hogan h,0,0,0
,REP,David Jolly,U.S. representative from FL-13 2014–2017; candidate for U.S. Senate in 2016,2018,Senate,FL,jolly d,4,1,1
,REP,Carlos Lopez-Cantera,lieutenant governor since 2014; candidate for U.S. Senate in 2016,2018,Senate,FL,cantera c,3,0,1
,REP,Tom Rooney,U.S. representative from FL-17 since 2009,2018,Senate,FL,rooney t,4,1,0
,DEM,Bill Nelson,incumbent U.S. senator since 2001; U.S. representative from FL-11 1979–1991,2018,Senate,FL,nelson b,4,1,0
,DEM,Randolph Bracy,State Senator (District 11) since 2016,2018,Senate,FL,bracy r,2,0,0
,DEM,Tim Canova,law professor; candidate for FL-23 in 2016   ( running for FL-23 ),2018,Senate,FL,canova t,0,0,1
,DEM,Navy,"veteran, labor attorney; candidate for U.S. Senate in 2016   ( running for FL-18 )",2018,Senate,FL,navy,0,0,1
,DEM,Joe Wendt,janitor,2018,Senate,FL,wendt j,0,0,0
,DEM,Augustus Sol Invictus,far-right activist; candidate for U.S. Senate in 2016   (ran as a Republican ),2018,Senate,FL,invictus a,0,0,1
,DEM,Roger Stone,"political consultant, lobbyist, and strategist",2018,Senate,FL,stone r,0,0,0
,IND,ran,for FL-15 ),2018,Senate,FL,ran,0,0,0
,IND,lieutenant governor,in 2014 and U.S. Senate in 2016   ( write-in ),2018,Senate,FL,governor l,0,0,0
,IND,2012,( write-in ),2018,Senate,FL,,0,0,0
,IND,FL-13,in 2014 and the 2014 special election  ( write-in ),2018,Senate,FL,fl,0,0,0
,IND,write-in,),2018,Senate,FL,in w,0,0,0
,IND,Marcia R. Thorne,pastor,2018,Senate,FL,thorne m,0,0,0
,IND,Republican,candidate for U.S. Senate in 2016   ( write-in ),2018,Senate,FL,republican,0,0,1
,DEM,Mazie Hirono,incumbent U.S. senator (2013–present),2018,Senate,HI,hirono m,4,1,0
,REP,Ron Curtis,retired systems engineer,2018,Senate,HI,curtis r,0,0,0
,DEM,Joe Donnelly,incumbent U.S. senator,2018,Senate,IN,donnelly j,4,0,0
,DEM,Martin Del Rio,Iraq War veteran,2018,Senate,IN,rio m,0,0,0
,REP,Mike Braun,businessman and former state representative,2018,Senate,IN,braun m,2,1,0
,REP,Jim Banks,U.S. representative,2018,Senate,IN,banks j,4,1,0
,REP,Susan Brooks,U.S. representative (endorsed Luke Messer),2018,Senate,IN,brooks s,4,1,0
,REP,Mike Delph,state senator (endorsed Todd Rokita),2018,Senate,IN,delph m,2,0,0
,REP,Jackie Walorski,U.S. representative,2018,Senate,IN,walorski j,4,1,0
,REP,Terry Henderson,businessman   (endorsed Mike Braun),2018,Senate,IN,henderson t,0,0,0
,REP,2012,and Libertarian nominee for IN-08 in 2014,2018,Senate,IN,,0,0,1
,REP,Purdue Polytechnic New Albany,(endorsed Luke Messer),2018,Senate,IN,albany p,0,0,0
,DEM,Elizabeth Warren,incumbent U.S. senator,2018,Senate,MA,warren e,4,0,0
,REP,Geoff Diehl,state representative,2018,Senate,MA,diehl g,2,1,0
,REP,Gabriel Gomez,"businessman, former Navy SEAL and nominee for the U.S. Senate in 2013",2018,Senate,MA,gomez g,0,0,1
,REP,Rick Green,businessman (running for House of Representatives),2018,Senate,MA,green r,0,1,0
,REP,Curt Schilling,former Major League Baseball pitcher,2018,Senate,MA,schilling c,0,0,0
,REP,Bill Weld,"former governor, nominee for the U.S. Senate in 1996 and Libertarian nominee for Vice President of the United States in 2016 (endorsed Beth Lindstrom)",2018,Senate,MA,weld b,3,0,1
,REP,Daniel Winslow,former state representative and candidate for the U.S. Senate in 2013,2018,Senate,MA,winslow d,2,1,1
,IND,Shiva Ayyadurai,entrepreneur  and conspiracy theorist,2018,Senate,MA,ayyadurai s,0,0,0
,IND,Gabriel Gomez,"businessman, former Navy SEAL and Republican nominee for the U.S. Senate in 2013",2018,Senate,MA,gomez g,0,0,1
,DEM,Ben Cardin,incumbent U.S. senator,2018,Senate,MD,cardin b,4,0,0
,DEM,Chelsea Manning,"whistleblower, convicted of Espionage Act crimes, former U.S. Army soldier",2018,Senate,MD,manning c,0,0,0
,DEM,Marcia H. Morgan,of Montgomery County,2018,Senate,MD,morgan m,0,0,0
,DEM,Jerome Segal,political activist and philosopher,2018,Senate,MD,segal j,0,0,0
,DEM,"Richard ""Rikki"" Vaughn",of Baltimore,2018,Senate,MD,vaughn r,0,0,0
,DEM,MD-05,"in 2016,  of White Plains",2018,Senate,MD,md,0,0,0
,DEM,perennial candidate,of Montgomery County,2018,Senate,MD,candidate p,0,0,0
,DEM,Elijah Cummings,U.S. representative,2018,Senate,MD,cummings e,4,1,0
,DEM,John Delaney,U.S. representative (running for president in 2020 ),2018,Senate,MD,delaney j,4,1,0
,DEM,Donna Edwards,former U.S. representative and candidate for the U.S. Senate in 2016 (running for Prince George's county executive),2018,Senate,MD,edwards d,4,1,1
,DEM,Heather Mizeur,former state delegate,2018,Senate,MD,mizeur h,2,0,0
,DEM,John Sarbanes,U.S. representative,2018,Senate,MD,sarbanes j,4,1,0
,REP,political science,faculty member at Towson University,2018,Senate,MD,science p,0,0,0
,REP,Evan M. Cronhardt,of Anne Arundel County,2018,Senate,MD,cronhardt e,0,0,0
,REP,Green,nominee for MD-03 in 2016,2018,Senate,MD,green,0,0,1
,REP,MD-04,in 2014,2018,Senate,MD,md,0,0,0
,REP,Christina J. Grigorian,attorney,2018,Senate,MD,grigorian c,0,0,0
,REP,Bill Krehnbrink,perennial candidate,2018,Senate,MD,krehnbrink b,0,0,0
,REP,Gerald I. Smith,"Jr., conspiracy theorist,  of Cecil County",2018,Senate,MD,smith g,0,0,0
,REP,Blaine Taylor,"perennial candidate,  of Baltimore County",2018,Senate,MD,taylor b,0,0,0
,REP,Brian Charles Vaeth,perennial candidate,2018,Senate,MD,vaeth b,0,0,0
,REP,CIA,officer and candidate for MD-05 in 2016,2018,Senate,MD,cia,0,0,1
,REP,Larry Hogan,governor of Maryland since 2015 ( running for reelection ),2018,Senate,MD,hogan l,3,0,0
,REP,Libertarian National Committee,"and perennial candidate,  of Montgomery County",2018,Senate,MD,committee l,0,0,0
,IND,Michael B Puskar,property manager,2018,Senate,MD,puskar m,0,0,0
,IND,Edward Shlikas,home care compliance manager,2018,Senate,MD,shlikas e,0,0,0
,IND,Neal Simon,businessman,2018,Senate,MD,simon n,0,0,0
,REP,Eric Brakey,state senator,2018,Senate,ME,brakey e,2,0,0
,REP,Reform,nominee for governor of Florida in 2006 and Democratic candidate for FL-10 in 2008,2018,Senate,ME,reform,0,0,1
,REP,clinical psychologist,and nominee for ME-01 in 2016 (ran for ME-01 ),2018,Senate,ME,psychologist c,0,0,1
,REP,Paul LePage,Governor of Maine (2011-2019),2018,Senate,ME,lepage p,3,0,0
,DEM,Zak Ringelstein,teacher and founder of UClass,2018,Senate,ME,ringelstein z,0,0,0
,DEM,Cynthia Dill,former state senator and nominee for the U.S. Senate in 2012,2018,Senate,ME,dill c,2,0,1
,DEM,Diane Russell,former state representative (ran for governor),2018,Senate,ME,russell d,3,1,0
,DEM,Debbie Stabenow,incumbent U.S. Senator,2018,Senate,MI,stabenow d,4,0,0
,DEM,Mike Duggan,Mayor of Detroit,2018,Senate,MI,duggan m,1,0,0
,REP,John James,businessman and Iraq veteran,2018,Senate,MI,james j,0,0,0
,REP,John Engler,former governor,2018,Senate,MI,engler j,3,0,0
,REP,Ted Nugent,musician and political activist (endorsed James),2018,Senate,MI,nugent t,0,0,0
,REP,Robert Ritchie,better known as musician Kid Rock (endorsed James),2018,Senate,MI,ritchie r,0,0,0
,REP,Bill Schuette,"Michigan Attorney General , former U.S. Representative and nominee for U.S. Senate in 1990 (ran for Governor)",2018,Senate,MI,schuette b,4,1,1
,REP,Fred Upton,U.S. Representative,2018,Senate,MI,upton f,4,1,0
,REP,MI-11,),2018,Senate,MI,mi,0,0,0
,REP,Robert P. Young Jr.,former chief justice of the Michigan Supreme Court (endorsed John James),2018,Senate,MI,young r,0,0,0
,REP,Green,nominee for MI-14 in 2016,2018,Senate,MI,green,0,0,1
,REP,Anita Belle,activist,2018,Senate,MI,belle a,0,0,0
,DEM,Amy Klobuchar,incumbent U.S. senator,2018,Senate,MN,klobuchar a,4,0,0
,REP,Jim Newberger,state representative  (Minnesota GOP convention endorsed),2018,Senate,MN,newberger j,2,1,0
,REP,Tim Pawlenty,former governor of Minnesota  ( ran for governor ),2018,Senate,MN,pawlenty t,3,0,0
,DEM,Claire McCaskill,incumbent U.S. Senator,2018,Senate,MO,mccaskill c,4,0,0
,REP,Josh Hawley,Missouri Attorney General,2018,Senate,MO,hawley j,3,0,0
,REP,MO-07,in 2016,2018,Senate,MO,mo,0,0,0
,REP,Paul Curtman,state representative,2018,Senate,MO,curtman p,2,1,0
,REP,Eric Greitens,former Governor of Missouri,2018,Senate,MO,greitens e,3,0,0
,REP,Marsha Haefner,state representative,2018,Senate,MO,haefner m,2,1,0
,REP,Vicky Hartzler,U.S. representative,2018,Senate,MO,hartzler v,4,1,0
,REP,Aaron Hedlund,economics professor,2018,Senate,MO,hedlund a,0,0,0
,REP,Ed Martin,"former chairman of the Missouri Republican Party , nominee for MO-03 in 2010 and nominee for attorney general in 2012",2018,Senate,MO,martin e,0,0,1
,REP,Todd Richardson,Speaker of the Missouri House of Representatives,2018,Senate,MO,richardson t,2,1,0
,REP,Eric Schmitt,state treasurer,2018,Senate,MO,schmitt e,3,0,0
,REP,Ann Wagner,U.S. representative and former U.S. Ambassador to Luxembourg,2018,Senate,MO,wagner a,4,1,0
,REP,David Wasinger,attorney,2018,Senate,MO,wasinger d,0,0,0
,REP,Japheth Campbell,entrepreneur,2018,Senate,MO,campbell j,0,0,0
,REP,Austin Petersen,Libertarian candidate for president of the United States in 2016 (running as a Republican),2018,Senate,MO,petersen a,0,0,1
,IND,Craig O'Dear,attorney,2018,Senate,MO,dear c,0,0,0
,REP,Richard Boyanton,businessman,2018,Senate,MS,boyanton r,0,0,0
,REP,Roger Wicker,incumbent U.S. senator,2018,Senate,MS,wicker r,4,0,0
,REP,Chris McDaniel,state senator and candidate for the U.S. Senate in 2014      (running for the Class 2 U.S. Senate seat ),2018,Senate,MS,mcdaniel c,2,0,1
,DEM,David Baria,Mississippi House of Representatives Minority Leader,2018,Senate,MS,baria d,0,1,0
,DEM,Omeria Scott,state representative,2018,Senate,MS,scott o,2,1,0
,DEM,Jeramey Anderson,state representative (running for MS-4 ),2018,Senate,MS,anderson j,2,1,0
,DEM,Brandon Presley,chair of the Mississippi Public Service Commission,2018,Senate,MS,presley b,0,0,0
,DEM,Jon Tester,incumbent U.S. senator,2018,Senate,MT,tester j,4,0,0
,REP,Matt Rosendale,auditor of Montana and candidate for Congress in 2014,2018,Senate,MT,rosendale m,0,0,1
,REP,Ron Murray,businessman and candidate for the state house in 2010,2018,Senate,MT,murray r,0,0,1
,REP,Tim Fox,attorney general of Montana,2018,Senate,MT,fox t,3,0,0
,REP,Robert J. O'Neill,former Navy SEAL ( endorsed Troy Downing ),2018,Senate,MT,neill r,0,0,0
,REP,Marc Racicot,former governor and former chairman of the Republican National Committee ( endorsed Russell Fagg ),2018,Senate,MT,racicot m,3,0,0
,REP,Corey Stapleton,"Secretary of State of Montana , candidate for governor in 2012 and candidate for Congress in 2014",2018,Senate,MT,stapleton c,3,0,1
,REP,Ryan Zinke,former Secretary of the Interior and former U.S. representative,2018,Senate,MT,zinke r,4,1,0
,REP,2016 candidate,for the U.S. House of Representatives,2018,Senate,MT,candidate,0,1,0
,REP,Steve Kelly,artist and environmental activist,2018,Senate,MT,kelly s,0,0,0
,DEM,Heidi Heitkamp,incumbent U.S. senator,2018,Senate,ND,heitkamp h,4,0,0
,DEM,Dustin Peyer,firefighter and candidate for the state senate in 2016,2018,Senate,ND,peyer d,0,0,1
,REP,Kevin Cramer,U.S. representative,2018,Senate,ND,cramer k,4,1,0
,REP,Tom Campbell,state senator   (endorsed Cramer),2018,Senate,ND,campbell t,2,0,0
,REP,Gary Emineth,businessman and former chairman of the North Dakota Republican Party,2018,Senate,ND,emineth g,0,0,0
,REP,Rick Becker,state representative and candidate for governor in 2016,2018,Senate,ND,becker r,2,1,1
,REP,Rick Berg,former U.S. representative and nominee for U.S. Senate in 2012,2018,Senate,ND,berg r,4,1,1
,REP,Tammy Miller,businesswoman,2018,Senate,ND,miller t,0,0,0
,REP,Ed Schafer,former United States Secretary of Agriculture and former governor of North Dakota,2018,Senate,ND,schafer e,4,0,0
,REP,Kelly Schmidt,North Dakota State Treasurer,2018,Senate,ND,schmidt k,3,0,0
,REP,Wayne Stenehjem,North Dakota attorney general and candidate for governor in 2016,2018,Senate,ND,stenehjem w,3,0,1
,REP,Deb Fischer,incumbent U.S. senator,2018,Senate,NE,fischer d,4,0,0
,REP,Shane Osborn,former state treasurer and candidate for the U.S. Senate in 2014,2018,Senate,NE,osborn s,3,0,1
,REP,Don Stenberg,"state treasurer, former attorney general, nominee for the U.S. Senate in 2000 and candidate in 1996 , 2006 and 2012",2018,Senate,NE,stenberg d,3,0,1
,DEM,Jane Raybould,"Lincoln City Councilwoman, former Lancaster County Commissioner and nominee for lieutenant governor in 2014",2018,Senate,NE,raybould j,1,0,1
,DEM,Bob Menendez,incumbent U.S. senator,2018,Senate,NJ,menendez b,4,0,0
,DEM,Michael Starr Hopkins,attorney,2018,Senate,NJ,hopkins m,0,0,0
,DEM,Rush D. Holt Jr.,former U.S. representative,2018,Senate,NJ,holt r,4,1,0
,DEM,Donald Norcross,U.S. representative,2018,Senate,NJ,norcross d,4,1,0
,DEM,Mikie Sherrill,retired Navy helicopter pilot and former federal prosecutor ( running for NJ-11 ),2018,Senate,NJ,sherrill m,0,0,0
,DEM,Robert Torricelli,former U.S. senator,2018,Senate,NJ,torricelli r,4,0,0
,REP,Bob Hugin,businessman and former executive chairman of Celgene Corporation,2018,Senate,NJ,hugin b,0,0,0
,REP,running for NJ-6,),2018,Senate,NJ,nj r,0,0,0
,REP,2017,( running for NJ-2 ),2018,Senate,NJ,,0,0,0
,REP,Hoboken Housing Authority,and candidate for governor in 2017  (did not submit enough petition signatures),2018,Senate,NJ,authority h,0,0,1
,REP,Jon Bramnick,Minority Leader of the New Jersey General Assembly  (endorsed Hugin),2018,Senate,NJ,bramnick j,2,0,0
,REP,Jack Ciattarelli,former state assemblyman and candidate for governor in 2017,2018,Senate,NJ,ciattarelli j,2,0,1
,REP,Michael J. Doherty,state senator,2018,Senate,NJ,doherty m,2,0,0
,REP,Kim Guadagno,former lieutenant governor and nominee for governor in 2017,2018,Senate,NJ,guadagno k,3,0,1
,REP,Thomas Kean Jr.,Minority Leader of the New Jersey Senate and nominee for the U.S. Senate in 2006,2018,Senate,NJ,kean t,0,0,1
,REP,Joe Kyrillos,former state senator and nominee for the U.S. Senate in 2012,2018,Senate,NJ,kyrillos j,2,0,1
,REP,Tom MacArthur,U.S. representative  (endorsed Hugin),2018,Senate,NJ,macarthur t,4,1,0
,REP,Bill Spadea,radio and TV show host; nominee for NJ-12 in 2004,2018,Senate,NJ,spadea b,0,0,1
,REP,Jay Webber,state assemblyman and former chairman of the New Jersey Republican State Committee ( running for NJ-11 ),2018,Senate,NJ,webber j,2,0,0
,REP,Murray Sabrin,"Ramapo College finance professor, Anisfield School of Business",2018,Senate,NJ,sabrin m,0,0,0
,IND,Tricia Flanagan (New Day NJ),consultant,2018,Senate,NJ,nj t,0,0,0
,IND,Kevin Kimple (Make it Simple),small business owner,2018,Senate,NJ,simple k,0,0,0
,IND,Natalie Rivera (For the People),social services coordinator,2018,Senate,NJ,people n,0,0,0
,IND,Hank Schroeder (Economic Growth),perennial candidate,2018,Senate,NJ,growth h,0,0,0
,DEM,Martin Heinrich,incumbent U.S. senator,2018,Senate,NM,heinrich m,4,0,0
,REP,Mick Rich,businessman,2018,Senate,NM,rich m,0,0,0
,REP,Aubrey Dunn Jr.,"New Mexico Commissioner of Public Lands and candidate for NM-02 in 2008 (ran as a Libertarian , later endorsed Gary Johnson )",2018,Senate,NM,dunn a,3,0,1
,REP,Steve Pearce,"U.S. representative, candidate for the U.S. Senate in 2000 and nominee for the U.S. Senate in 2008 ( ran for Governor )",2018,Senate,NM,pearce s,4,1,1
,REP,Susana Martinez,governor of New Mexico,2018,Senate,NM,martinez s,3,0,0
,REP,Gary Johnson,"former governor of New Mexico ,  Libertarian nominee for president in 2012 and 2016",2018,Senate,NM,johnson g,3,0,1
,REP,Sarah Gazala,teacher,2018,Senate,NV,gazala s,0,0,0
,REP,Dean Heller,incumbent U.S. senator,2018,Senate,NV,heller d,4,0,0
,REP,Danny Tarkanian,"businessman, former attorney and perennial candidate ( ran for U.S. House )",2018,Senate,NV,tarkanian d,0,0,0
,REP,Mark Amodei,U.S. representative ( ran for re-election ),2018,Senate,NV,amodei m,4,1,0
,DEM,Black Lives Matter,activist and candidate for the U.S. Senate in 2016,2018,Senate,NV,matter b,0,0,1
,DEM,Jacky Rosen,U.S. representative for NV-03,2018,Senate,NV,rosen j,4,1,0
,DEM,NV-03,in 2016,2018,Senate,NV,nv,0,0,0
,DEM,Stephen Cloobeck,businessman (endorsed Heller),2018,Senate,NV,cloobeck s,0,0,0
,DEM,Aaron Ford,majority leader of the Nevada Senate ( ran for attorney general ),2018,Senate,NV,ford a,3,0,0
,DEM,Steven Horsford,former U.S. representative ( ran for U.S. House ),2018,Senate,NV,horsford s,4,1,0
,DEM,Ruben Kihuen,U.S. representative (endorsed Rosen),2018,Senate,NV,kihuen r,4,1,0
,DEM,Kate Marshall,"former state treasurer , nominee for secretary of state in 2014 and nominee for NV-02 in 2011 ( ran for lieutenant governor )",2018,Senate,NV,marshall k,3,0,1
,DEM,Rory Reid,"former chairman of the Clark County Commission , nominee for governor in 2010 and son of former U.S. Senator Harry Reid",2018,Senate,NV,reid r,0,0,1
,DEM,Dina Titus,U.S. representative and nominee for governor in 2006 ( ran for re-election ),2018,Senate,NV,titus d,4,1,1
,DEM,Clark County,District Attorney (ran for re-election),2018,Senate,NV,county c,1,0,0
,IND,Barry Michaels,"businessman, convicted felon and perennial candidate",2018,Senate,NV,michaels b,0,0,0
,DEM,Kirsten Gillibrand,incumbent U.S. senator,2018,Senate,NY,gillibrand k,4,0,0
,DEM,Scott Noren,oral and maxillofacial surgeon,2018,Senate,NY,noren s,0,0,0
,DEM,Chelsea Clinton,daughter of former senator Hillary Clinton,2018,Senate,NY,clinton c,0,0,0
,DEM,Andrew Cuomo,incumbent New York governor,2018,Senate,NY,cuomo a,3,0,0
,DEM,Caroline Kennedy,"former United States ambassador to Japan , daughter of former president John F. Kennedy and member of the Kennedy family",2018,Senate,NY,kennedy c,0,0,0
,DEM,Andrew Yang,entrepreneur ( ran for Democratic presidential nomination in 2020 ),2018,Senate,NY,yang a,0,0,0
,REP,Chele Chiavacci Farley,private equity executive,2018,Senate,NY,farley c,0,0,0
,REP,Rocky De La Fuente,businessman and perennial candidate,2018,Senate,NY,fuente r,0,0,0
,REP,Patrick John Hahn,civic activist,2018,Senate,NY,hahn p,0,0,0
,REP,Chris Gibson,former U.S. representative,2018,Senate,NY,gibson c,4,1,0
,REP,Joseph Holland,former commissioner of the Department of Housing and Community Renewal  ( running for governor ),2018,Senate,NY,holland j,3,0,0
,DEM,Sherrod Brown,incumbent U.S. senator,2018,Senate,OH,brown s,4,0,0
,REP,Jim Renacci,U.S. representative,2018,Senate,OH,renacci j,4,1,0
,REP,Josh Mandel,Ohio State Treasurer and nominee for the U.S. Senate in 2012,2018,Senate,OH,mandel j,3,0,1
,REP,Ken Blackwell,"former mayor of Cincinnati , former Ohio State Treasurer , and former Ohio Secretary of State",2018,Senate,OH,blackwell k,3,0,0
,REP,Butler County,sheriff,2018,Senate,OH,county b,1,0,0
,REP,John Kasich,"governor of Ohio , former U.S. representative",2018,Senate,OH,kasich j,4,1,0
,REP,Mary Taylor,lieutenant governor of Ohio ( ran for governor ),2018,Senate,OH,taylor m,3,0,0
,REP,Pat Tiberi,U.S. representative,2018,Senate,OH,tiberi p,4,1,0
,REP,Jim Tressel,president of Youngstown State University and former Ohio State football coach,2018,Senate,OH,tressel j,0,0,0
,REP,JD Vance,author and venture capitalist,2018,Senate,OH,vance j,0,0,0
,DEM,Bob Casey Jr.,incumbent U.S. Senator,2018,Senate,PA,casey b,4,0,0
,REP,Lou Barletta,U.S. Representative from Hazleton,2018,Senate,PA,barletta l,4,1,0
,REP,Jim Christiana,state representative from Beaver,2018,Senate,PA,christiana j,2,1,0
,REP,running for PA-5,),2018,Senate,PA,pa r,0,0,0
,REP,National Security Agency,employee,2018,Senate,PA,agency n,0,0,0
,REP,Jeff Bartos,real estate developer (running for lieutenant governor),2018,Senate,PA,bartos j,3,0,0
,REP,Bobby Lawrence,small business owner (endorsed Dale Kerns),2018,Senate,PA,lawrence b,0,0,0
,REP,Rick Saccone,"state representative ( ran for PA-18 , ran for PA-14 )",2018,Senate,PA,saccone r,2,1,0
,REP,Berwick,Borough Councilman ( running for PA-9 ),2018,Senate,PA,berwick,0,0,0
,REP,Mike Kelly,U.S. Representative,2018,Senate,PA,kelly m,4,1,0
,REP,Pat Meehan,former U.S. Representative,2018,Senate,PA,meehan p,4,1,0
,REP,Dave Reed,Majority Leader of the Pennsylvania House of Representatives,2018,Senate,PA,reed d,0,1,0
,REP,Eddystone Borough,council member  and board of directors member for Goodwill Industries,2018,Senate,PA,borough e,0,0,0
,REP,Neal Gale,clean energy consultant,2018,Senate,PA,gale n,0,0,0
,DEM,Sheldon Whitehouse,incumbent senator,2018,Senate,RI,whitehouse s,4,0,0
,DEM,Lincoln Chafee,former governor of Rhode Island and former U.S. senator,2018,Senate,RI,chafee l,4,0,0
,REP,Robert Flanders,former Associate Justice of the Rhode Island Supreme Court,2018,Senate,RI,flanders r,0,0,0
,REP,Robert Nardolillo,state representative,2018,Senate,RI,nardolillo r,2,1,0
,REP,Marsha Blackburn,U.S. representative from Tennessee's 7th congressional district,2018,Senate,TN,blackburn m,4,1,0
,REP,Bob Corker,incumbent U.S. senator,2018,Senate,TN,corker b,4,0,0
,REP,Stephen Fincher,former U.S. representative,2018,Senate,TN,fincher s,4,1,0
,REP,Andy Ogles,former director of the Tennessee chapter of Americans for Prosperity,2018,Senate,TN,ogles a,0,0,0
,REP,Rolando Toyos,ophthalmologist and candidate for the Shelby County Commission in 2010,2018,Senate,TN,toyos r,0,0,1
,REP,Mae Beavers,former state senator ( previously ran for governor ),2018,Senate,TN,beavers m,3,0,0
,REP,Diane Black,U.S. representative from Tennessee's 6th congressional district ( ran for governor ),2018,Senate,TN,black d,4,1,0
,REP,Randy Boyd,former commissioner of the Department of Economic and Community Development ( ran for governor ),2018,Senate,TN,boyd r,3,0,0
,REP,Tim Burchett,Knox County mayor ( ran for U.S. House ),2018,Senate,TN,burchett t,1,0,0
,REP,Joe Carr,"former state representative, candidate for U.S. Senate in 2014 and candidate for TN-06 in 2016",2018,Senate,TN,carr j,2,1,1
,REP,Chuck Fleischmann,U.S. representative from Tennessee's 3rd congressional district ( ran for re-election ),2018,Senate,TN,fleischmann c,4,1,0
,REP,Mark Green,state senator ( ran for U.S. House ),2018,Senate,TN,green m,2,0,0
,REP,Beth Harwell,speaker of the Tennessee House of Representatives ( ran for governor ),2018,Senate,TN,harwell b,3,1,0
,REP,Bill Haslam,governor of Tennessee,2018,Senate,TN,haslam b,3,0,0
,REP,David Kustoff,U.S. representative from Tennessee's 8th congressional district ( ran for re-election ),2018,Senate,TN,kustoff d,4,1,0
,REP,Bill Lee,businessman ( ran for governor ),2018,Senate,TN,lee b,3,0,0
,REP,Peyton Manning,retired football player,2018,Senate,TN,manning p,0,0,0
,REP,Randy McNally,lieutenant governor of Tennessee,2018,Senate,TN,mcnally r,3,0,0
,REP,Ron Ramsey,former lieutenant governor and candidate for governor in 2010,2018,Senate,TN,ramsey r,3,0,1
,DEM,Phil Bredesen,former governor of Tennessee and former mayor of Nashville,2018,Senate,TN,bredesen p,3,0,0
,DEM,UPS,trailer mechanic,2018,Senate,TN,ups,0,0,0
,DEM,James Mackler,attorney and veteran,2018,Senate,TN,mackler j,0,0,0
,DEM,Raumesh Akbari,state representative,2018,Senate,TN,akbari r,2,1,0
,DEM,Megan Barry,former mayor of Nashville,2018,Senate,TN,barry m,1,0,0
,DEM,Andy Berke,mayor of Chattanooga,2018,Senate,TN,berke a,1,0,0
,DEM,John Ray Clemmons,state representative,2018,Senate,TN,clemmons j,2,1,0
,DEM,Jim Cooper,U.S. representative from Tennessee's 5th congressional district and nominee for U.S. Senate in 1994 special election ( ran for re-election ),2018,Senate,TN,cooper j,4,1,1
,DEM,Karl Dean,former mayor of Nashville ( ran for governor ),2018,Senate,TN,dean k,3,0,0
,DEM,Craig Fitzhugh,minority leader of the Tennessee House of Representatives ( ran for governor ),2018,Senate,TN,fitzhugh c,3,1,0
,DEM,Nashville,in 2015,2018,Senate,TN,nashville,0,0,0
,DEM,Lee Harris,minority leader of the Tennessee Senate,2018,Senate,TN,harris l,0,0,0
,DEM,Tim McGraw,"country musician, songwriter and actor",2018,Senate,TN,mcgraw t,0,0,0
,DEM,Jeff Yarbro,state senator,2018,Senate,TN,yarbro j,2,0,0
,IND,Dean Hill,"US Army veteran, business owner, realtor",2018,Senate,TN,hill d,0,0,0
,REP,Ted Cruz,incumbent U.S. senator and former candidate for president in 2016,2018,Senate,TX,cruz t,4,0,1
,REP,George P. Bush,Texas Land Commissioner and grandson of former President George H. W. Bush ( ran for re-election ),2018,Senate,TX,bush g,0,0,0
,REP,Michael McCaul,U.S. representative from Texas's 10th congressional district ( ran for re-election ),2018,Senate,TX,mccaul m,4,1,0
,REP,Dan Patrick,lieutenant governor of Texas ( ran for re-election ),2018,Senate,TX,patrick d,3,0,0
,REP,Rick Perry,"Secretary of Energy , former governor of Texas and candidate for president in 2012 and 2016",2018,Senate,TX,perry r,3,0,1
,REP,Katrina Pierson,national spokesperson for the Donald Trump's presidential campaign in 2016 and candidate for House district TX-32 in 2014,2018,Senate,TX,pierson k,0,0,1
,DEM,Beto O'Rourke,U.S. representative from Texas's 16th congressional district,2018,Senate,TX,rourke b,4,1,0
,DEM,Joaquin Castro,U.S. representative from Texas's 20th congressional district ( ran for re-election ),2018,Senate,TX,castro j,4,1,0
,DEM,Wendy Davis,former state senator and nominee for governor in 2014,2018,Senate,TX,davis w,2,0,1
,DEM,Neal Dikeman,businessman,2018,Senate,TX,dikeman n,0,0,0
,IND,Carl Bible,nurse,2018,Senate,TX,bible c,0,0,0
,IND,Jonathan Jenkins,tech entrepreneur,2018,Senate,TX,jenkins j,0,0,0
,IND,Bob McNeil,businessman  (American Citizen Party) [ a ],2018,Senate,TX,mcneil b,0,0,0
,IND,Matthew Dowd,former strategist for President George W. Bush,2018,Senate,TX,dowd m,0,0,0
,REP,Mitt Romney,"former governor of Massachusetts , Republican nominee for president of the United States in 2012 ,  and Republican nominee for U.S. Senate in Massachusetts in 1994",2018,Senate,UT,romney m,3,0,1
,REP,Rob Bishop,U.S. representative from Utah's 1st congressional district ( ran for re-election ),2018,Senate,UT,bishop r,4,1,0
,REP,Jason Chaffetz,former U.S. representative,2018,Senate,UT,chaffetz j,4,1,0
,REP,John Curtis,U.S. representative from Utah's 3rd congressional district ( ran for re-election ),2018,Senate,UT,curtis j,4,1,0
,REP,Orrin Hatch,incumbent U.S. senator and president pro tempore of the United States Senate,2018,Senate,UT,hatch o,4,0,0
,REP,Mia Love,U.S. representative (endorsed Romney),2018,Senate,UT,love m,4,1,0
,REP,Chief of Staff,for Senator Mike Lee,2018,Senate,UT,staff c,0,0,0
,REP,Evan McMullin,"former congressional staffer, former CIA agent and independent candidate for president of the United States in 2016 (endorsed Romney)",2018,Senate,UT,mcmullin e,0,0,1
,DEM,Jenny Wilson,Salt Lake County councilwoman and candidate for Mayor of Salt Lake City in 2007,2018,Senate,UT,wilson j,1,0,1
,DEM,Mitchell Kent Vice,businessman,2018,Senate,UT,vice m,0,0,0
,DEM,Duchesne County,School District,2018,Senate,UT,county d,0,0,0
,DEM,Salt Lake Community College,Westminster College adjunct professor ( ran for U.S. House ),2018,Senate,UT,college s,0,0,0
,DEM,Ben McAdams,mayor of Salt Lake County ( ran for U.S. House ),2018,Senate,UT,mcadams b,1,0,0
,DEM,Craig Bowden,veteran and businessman,2018,Senate,UT,bowden c,0,0,0
,DEM,Tim Kaine,"incumbent U.S. senator, former governor, and Democratic nominee for vice president in 2016",2018,Senate,VA,kaine t,4,0,1
,REP,Corey Stewart,"chairman of the Prince William Board of County Supervisors , candidate for lieutenant governor in 2013 and candidate for governor in 2017",2018,Senate,VA,stewart c,1,0,1
,REP,Dave Brat,U.S. representative,2018,Senate,VA,brat d,4,1,0
,REP,Eric Cantor,former Majority Leader of the United States House of Representatives,2018,Senate,VA,cantor e,4,1,0
,REP,Barbara Comstock,U.S. representative,2018,Senate,VA,comstock b,4,1,0
,REP,Ken Cuccinelli,former attorney general and nominee for governor in 2013,2018,Senate,VA,cuccinelli k,3,0,1
,REP,Tom Davis,former U.S. representative,2018,Senate,VA,davis t,4,1,0
,REP,Carly Fiorina,"former CEO of Hewlett-Packard , nominee for the U.S. Senate from California in 2010 and candidate for president in 2016",2018,Senate,VA,fiorina c,0,0,1
,REP,Ed Gillespie,"former chairman of the Republican National Committee , nominee for the U.S. Senate in 2014 ,  and nominee for governor in 2017",2018,Senate,VA,gillespie e,0,0,1
,REP,Jim Gilmore,"former governor, nominee for the U.S. Senate in 2008 and candidate for president in 2008 and 2016",2018,Senate,VA,gilmore j,3,0,1
,REP,2014,(running for VA-10 ),2018,Senate,VA,,0,0,0
,REP,Laura Ingraham,"talk radio host, author, and conservative political commentator (endorsed Corey Stewart)",2018,Senate,VA,ingraham l,0,0,0
,REP,Jimmie Massie,former state delegate,2018,Senate,VA,massie j,2,0,0
,REP,Bob McDonnell,former governor of Virginia (endorsed Nick Freitas),2018,Senate,VA,mcdonnell b,3,0,0
,REP,University of Virginia,law professor and former diplomat,2018,Senate,VA,virginia u,0,0,0
,REP,Pete Snyder,technology entrepreneur and candidate for lieutenant governor in 2013,2018,Senate,VA,snyder p,0,0,1
,REP,Scott Taylor,U.S. representative,2018,Senate,VA,taylor s,4,1,0
,REP,Frank Wagner,state senator and candidate for governor in 2017,2018,Senate,VA,wagner f,2,0,1
,REP,Rob Wittman,U.S. representative,2018,Senate,VA,wittman r,4,1,0
,REP,Winsome Sears,"a Republican former state delegate, ran as a write-in candidate.",2018,Senate,VA,sears w,2,0,0
,REP,Students For Liberty,"received the Libertarian Party nomination on March 10, 2018.   On June 28, 2018, he also received the endorsement of the Constitution Party of Virginia .",2018,Senate,VA,liberty s,0,0,0
,DEM,Bernie Sanders,incumbent U.S. senator (declined nomination),2018,Senate,VT,sanders b,4,0,0
,DEM,Al Giordano,journalist,2018,Senate,VT,giordano a,0,0,0
,REP,Lawrence Zupan,real estate broker,2018,Senate,VT,zupan l,0,0,0
,REP,H. Brooke Paige,former CEO of Remmington News Service,2018,Senate,VT,paige h,0,0,0
,DEM,Maria Cantwell,incumbent senator,2018,Senate,WA,cantwell m,4,0,0
,REP,Rocky De La Fuente,businessman and former presidential candidate,2018,Senate,WA,fuente r,0,0,0
,REP,Joey Gibson,activist and founder of Patriot Prayer,2018,Senate,WA,gibson j,0,0,0
,REP,Goodspaceguy,perennial candidate,2018,Senate,WA,goodspaceguy,0,0,0
,REP,Susan Hutchison,former chair of the Washington State Republican Party,2018,Senate,WA,hutchison s,0,0,0
,REP,Ron Higgins (withdrew May 19,2018  ),2018,Senate,WA,may r,0,0,0
,IND,Clay Johnson,activist,2018,Senate,WA,johnson c,0,0,0
,IND,Freedom Socialist,"Party), union organizer",2018,Senate,WA,socialist f,0,0,0
,DEM,Tammy Baldwin,incumbent U.S. senator,2018,Senate,WI,baldwin t,4,0,0
,REP,Leah Vukmir,state senator and State Senate Assistant Majority Leader,2018,Senate,WI,vukmir l,2,0,0
,REP,David Clarke,former Milwaukee County sheriff,2018,Senate,WI,clarke d,1,0,0
,REP,Sean Duffy,U.S. representative ( running for reelection ),2018,Senate,WI,duffy s,4,1,0
,REP,Scott Fitzgerald,State Senate Majority Leader,2018,Senate,WI,fitzgerald s,2,0,0
,REP,Mike Gallagher,U.S. representative,2018,Senate,WI,gallagher m,4,1,0
,REP,Glenn Grothman,U.S. representative,2018,Senate,WI,grothman g,4,1,0
,REP,Rebecca Kleefisch,lieutenant governor of Wisconsin,2018,Senate,WI,kleefisch r,3,0,0
,REP,Dale Kooyenga,state representative,2018,Senate,WI,kooyenga d,2,1,0
,REP,Nicole Schneider,businesswoman,2018,Senate,WI,schneider n,0,0,0
,REP,Duey Stroebel,state senator,2018,Senate,WI,stroebel d,2,0,0
,REP,Charlie Sykes,talk radio host,2018,Senate,WI,sykes c,0,0,0
,REP,Scott Walker,governor of Wisconsin ( running for reelection ),2018,Senate,WI,walker s,3,0,0
,DEM,Joe Manchin,incumbent U.S. senator,2018,Senate,WV,manchin j,4,0,0
,REP,Patrick Morrisey,attorney general of West Virginia,2018,Senate,WV,morrisey p,3,0,0
,REP,Ryan Ferns,majority leader of the West Virginia Senate ( running for re-election ),2018,Senate,WV,ferns r,0,0,0
,REP,David McKinley,U.S. representative for West Virginia's 1st congressional district (2011–2023) ( running for re-election ),2018,Senate,WV,mckinley d,4,1,0
,REP,Alex Mooney,U.S. representative for West Virginia's 2nd congressional district (2015–2025) ( ran for re-election ),2018,Senate,WV,mooney a,4,1,0
,REP,John Barrasso,incumbent U.S. senator,2018,Senate,WY,barrasso j,4,0,0
,REP,Rocky De La Fuente,"perennial candidate , and candidate for president of the United States in 2016",2018,Senate,WY,fuente r,0,0,1
,REP,Dave Dodson,businessman,2018,Senate,WY,dodson d,0,0,0
,REP,John Holtz,attorney,2018,Senate,WY,holtz j,0,0,0
,REP,Foster Friess,businessman ( running for governor of Wyoming ),2018,Senate,WY,friess f,3,0,0
,REP,Erik Prince,founder of Academi,2018,Senate,WY,prince e,0,0,0
,REP,Charlie Hardy,Democratic nominee for U.S. Senate in 2014 and candidate for U.S. House of Representatives in 2016  (endorsed Dave Dodson),2018,Senate,WY,hardy c,0,1,1
,DEM,Gary Trauner,businessman and nominee for the U.S. House of Representatives in 2006 and 2008,2018,Senate,WY,trauner g,0,1,1
,DEM,Mary Throne,former Minority Leader of the Wyoming House of Representatives (running for governor ),2018,Senate,WY,throne m,3,1,0
,IND,Republican,),2018,Senate,WY,republican,0,0,0
,REP,Dan Sullivan,incumbent U.S. senator,2020,Senate,AK,sullivan d,4,0,0
,DEM,Al Gross,"(independent), orthopedic surgeon, commercial fisherman, and son of former Alaska Attorney General Avrum Gross",2020,Senate,AK,gross a,3,0,0
,DEM,David Darden (independent),nonpartisan candidate for Anchorage Assembly District 3 Seat E in the 2018 special election,2020,Senate,AK,independent d,0,0,1
,DEM,John Howe (Alaskan Independence),machinist,2020,Senate,AK,independence j,0,0,0
,IND,Alaska's at-large congressional district,Independent write-in candidate for the 2014 United States Senate election in Alaska and LaRouchite (write-in candidate),2020,Senate,AK,district a,0,0,1
,IND,David Matheny,wildfire technician,2020,Senate,AK,matheny d,0,0,0
,DEM,Doug Jones,incumbent U.S. senator,2020,Senate,AL,jones d,4,0,0
,DEM,John Rogers,state representative,2020,Senate,AL,rogers j,2,1,0
,DEM,Randall Woodfin,mayor of Birmingham  ( endorsed Jones ),2020,Senate,AL,woodfin r,1,0,0
,REP,Tommy Tuberville,former Auburn Tigers football head coach,2020,Senate,AL,tuberville t,0,0,0
,REP,John Merrill,Secretary of State of Alabama,2020,Senate,AL,merrill j,3,0,0
,REP,Robert Aderholt,incumbent U.S. representative for Alabama's 4th congressional district ( ran for re-election ),2020,Senate,AL,aderholt r,4,1,0
,REP,Will Ainsworth,Alabama lieutenant governor,2020,Senate,AL,ainsworth w,3,0,0
,REP,Mo Brooks,incumbent U.S. representative for Alabama's 5th congressional district and candidate for U.S. Senate in 2017 ( ran for re-election ),2020,Senate,AL,brooks m,4,1,1
,REP,Will Dismukes,state representative,2020,Senate,AL,dismukes w,2,1,0
,REP,Matt Gaetz,incumbent U.S. representative for Florida's 1st congressional district ( ran for re-election ),2020,Senate,AL,gaetz m,4,1,0
,REP,Del Marsh,president pro tempore of the Alabama Senate,2020,Senate,AL,marsh d,0,0,0
,REP,Arthur Orr,state senator  ( endorsed Byrne ),2020,Senate,AL,orr a,2,0,0
,REP,Martha Roby,incumbent U.S. representative for Alabama's 2nd congressional district,2020,Senate,AL,roby m,4,1,0
,REP,Heather Whitestone,former Miss America,2020,Senate,AL,whitestone h,0,0,0
,REP,Martha McSally,incumbent U.S. senator and former U.S. Representative for Arizona's 2nd congressional district,2020,Senate,AZ,mcsally m,4,1,0
,REP,Craig Brittain,former revenge porn site operator,2020,Senate,AZ,brittain c,0,0,0
,REP,Ann Griffin,former teacher,2020,Senate,AZ,griffin a,0,0,0
,REP,Kirk Adams,incumbent chief of staff to incumbent governor of Arizona Doug Ducey and former Speaker of the Arizona House of Representatives,2020,Senate,AZ,adams k,3,1,0
,REP,Joe Arpaio,former Sheriff of Maricopa County and candidate for U.S. Senate in 2018 (ran for Maricopa County Sheriff ),2020,Senate,AZ,arpaio j,1,0,1
,REP,Doug Ducey,governor of Arizona,2020,Senate,AZ,ducey d,3,0,0
,REP,Paul Gosar,U.S. representative for Arizona's 4th congressional district ( ran for re-election ),2020,Senate,AZ,gosar p,4,1,0
,REP,Jon Kyl,"former two-time U.S. senator, former U.S. Representative for Arizona's 4th congressional district , and former Senate Minority Whip",2020,Senate,AZ,kyl j,4,1,0
,REP,Blake Masters,president of the Thiel Foundation,2020,Senate,AZ,masters b,0,0,0
,REP,Curt Schilling,former Major League Baseball player and Blaze Media commentator,2020,Senate,AZ,schilling c,0,0,0
,REP,Fife Symington,former governor of Arizona,2020,Senate,AZ,symington f,3,0,0
,DEM,Mark Kelly,"retired astronaut , engineer , retired U.S. Navy captain, husband of former U.S. Representative Gabby Giffords",2020,Senate,AZ,kelly m,4,1,0
,DEM,perennial candidate,(write-in)  (switched to Democratic general election write-in candidacy),2020,Senate,AZ,candidate p,0,0,0
,DEM,Ruben Gallego,"incumbent U.S. representative for Arizona's 7th congressional district ( ran for re-election , endorsed Kelly)",2020,Senate,AZ,gallego r,4,1,0
,DEM,Katie Hobbs,Secretary of State of Arizona,2020,Senate,AZ,hobbs k,3,0,0
,DEM,Grant Woods,former Republican Arizona Attorney General and former congressional chief of staff to former U.S. senator John McCain,2020,Senate,AZ,woods g,4,0,0
,REP,Cory Gardner,incumbent U.S. senator,2020,Senate,CO,gardner c,4,0,0
,REP,Margot Dupre,estate agent,2020,Senate,CO,dupre m,0,0,0
,REP,Gail Prentice,veteran and business owner,2020,Senate,CO,prentice g,0,0,0
,DEM,John Hickenlooper,former governor of Colorado and former candidate for president of the United States in 2020,2020,Senate,CO,hickenlooper j,3,0,1
,DEM,Dan Baer,former executive director of the Colorado Department of Higher Education and former United States Ambassador to the Organization for Security and Cooperation in Europe  (endorsed John Hickenlooper),2020,Senate,CO,baer d,0,0,0
,DEM,Marcos Boyington,software engineer,2020,Senate,CO,boyington m,0,0,0
,DEM,Diana Bray,psychologist and climate activist  (endorsed Andrew Romanoff),2020,Senate,CO,bray d,0,0,0
,DEM,Denise Burgess,businesswoman and Denver Metro Chamber of Commerce board member,2020,Senate,CO,burgess d,0,0,0
,DEM,Colorado State University,professor and former chair of the Boulder County Democratic Party,2020,Senate,CO,university c,0,0,0
,DEM,Lorena Garcia,community organizer [ a ],2020,Senate,CO,garcia l,0,0,0
,DEM,Mike Johnston,former state senator and candidate for Governor of Colorado in 2018,2020,Senate,CO,johnston m,2,0,1
,DEM,Danielle Kombo,medical recruiter and businesswoman  (endorsed Stephany Rose Spaulding),2020,Senate,CO,kombo d,0,0,0
,DEM,Dustin Leitzel,pharmacist,2020,Senate,CO,leitzel d,0,0,0
,DEM,Alice Madden,former majority leader of the Colorado House of Representatives,2020,Senate,CO,madden a,0,1,0
,DEM,Keith Pottratz,technician and veteran  (endorsed Lorena Garcia),2020,Senate,CO,pottratz k,0,0,0
,DEM,University of Colorado Colorado Springs,and nominee for Colorado's 5th congressional district in 2018  (endorsed Lorena Garcia),2020,Senate,CO,springs u,0,0,1
,DEM,John F. Walsh,former U.S. Attorney for the District of Colorado  (endorsed John Hickenlooper),2020,Senate,CO,walsh j,0,0,0
,DEM,Michelle Ferrigno Warren,"nonprofit leader, immigration advocate [ b ]",2020,Senate,CO,warren m,0,0,0
,DEM,Angela Williams,state senator (ran for re-election),2020,Senate,CO,williams a,2,0,0
,DEM,Trish Zornio,biomedical scientist   (endorsed John Hickenlooper),2020,Senate,CO,zornio t,0,0,0
,DEM,Diana DeGette,incumbent U.S. representative (ran for re-election),2020,Senate,CO,degette d,4,1,0
,DEM,Kerry Donovan,state senator  (endorsed John Hickenlooper),2020,Senate,CO,donovan k,2,0,0
,DEM,Crisanta Duran,"former speaker of the Colorado House of Representatives (ran for Colorado's 1st congressional district ,  then withdrew)",2020,Senate,CO,duran c,2,1,0
,DEM,Jena Griswold,Colorado Secretary of State,2020,Senate,CO,griswold j,3,0,0
,DEM,Cary Kennedy,former Colorado State Treasurer,2020,Senate,CO,kennedy c,3,0,0
,DEM,Joe Neguse,incumbent U.S. representative for Colorado's 2nd congressional district (ran for re-election),2020,Senate,CO,neguse j,4,1,0
,DEM,Ed Perlmutter,incumbent U.S. representative for Colorado's 7th congressional district  (endorsed John Hickenlooper),2020,Senate,CO,perlmutter e,4,1,0
,DEM,Joe Salazar,former state representative,2020,Senate,CO,salazar j,2,1,0
,DEM,Colorado's 1st congressional district,in 2018,2020,Senate,CO,district c,0,0,0
,DEM,"Stephan ""Chairman Seku"" Evans",former candidate for mayor of Denver,2020,Senate,CO,evans s,0,0,1
,DEM,Gary Swing,perennial candidate,2020,Senate,CO,swing g,0,0,0
,DEM,Theodore Rockwell,Steamboat Springs (independent),2020,Senate,CO,rockwell t,0,0,0
,DEM,Danny Skelly,small business owner (independent),2020,Senate,CO,skelly d,0,0,0
,DEM,Socialist Party,),2020,Senate,CO,party s,0,0,0
,DEM,"Joseph ""Joey"" Camp",performance artist (independent),2020,Senate,CO,camp j,0,0,0
,DEM,Chris Coons,incumbent U.S. senator,2020,Senate,DE,coons c,4,0,0
,DEM,Delaware's at-large congressional district,in 2018 ( running for governor as a Republican ),2020,Senate,DE,district d,3,0,0
,DEM,Kerri Evelyn Harris,former candidate for the Democratic nomination for U.S. Senate in 2018,2020,Senate,DE,harris k,0,0,1
,DEM,Lisa Blunt Rochester,incumbent U.S. representative for Delaware's at-large congressional district  ( running for re-election ),2020,Senate,DE,rochester l,4,1,0
,REP,Lauren Witzke,far-right activist and proponent of the QAnon conspiracy theory,2020,Senate,DE,witzke l,0,0,0
,REP,Sussex County,councilman and nominee for U.S. Senate in 2018,2020,Senate,DE,county s,0,0,1
,IND,Mark Turley,small business owner,2020,Senate,DE,turley m,0,0,0
,REP,David Perdue,incumbent U.S. senator,2020,Senate,GA,perdue d,4,0,0
,REP,Michael Jowers,veteran,2020,Senate,GA,jowers m,0,0,0
,REP,Ervan Katari Miller,perennial candidate,2020,Senate,GA,miller e,0,0,0
,REP,2014,and 2016 .  (ran in the special Class 3 seat ) .,2020,Senate,GA,,0,0,0
,DEM,Jon Ossoff,"investigative journalist, media executive, nominee for Georgia's 6th congressional district in 2017",2020,Senate,GA,ossoff j,0,0,1
,DEM,Akhenaten Amun,high school teacher,2020,Senate,GA,amun a,0,0,0
,DEM,Ted Terry,mayor of Clarkston  (endorsed Ossoff),2020,Senate,GA,terry t,1,0,0
,DEM,Elaine Whigham Williams,pastor and candidate for president in 2016,2020,Senate,GA,williams e,0,0,1
,DEM,Stacey Abrams,nominee for governor of Georgia in 2018 and former minority leader of the Georgia House of Representatives   (endorsed Ossoff),2020,Senate,GA,abrams s,0,1,1
,DEM,Jason Carter,"grandson of former Georgia Governor and President Jimmy Carter , former state senator, and nominee for governor of Georgia in 2014 (endorsed Tomlinson)",2020,Senate,GA,carter j,3,0,1
,DEM,Stacey Evans,former state representative and candidate for governor of Georgia in 2018 ( ran for state house ),2020,Senate,GA,evans s,2,1,1
,DEM,Scott Holcomb,state representative,2020,Senate,GA,holcomb s,2,1,0
,DEM,Jen Jordan,state senator,2020,Senate,GA,jordan j,2,0,0
,DEM,Michelle Nunn,nominee for U.S. Senate in 2014 and daughter of former Senator Sam Nunn,2020,Senate,GA,nunn m,0,0,1
,DEM,Kasim Reed,former mayor of Atlanta,2020,Senate,GA,reed k,1,0,0
,DEM,Doug Teper,former state representative,2020,Senate,GA,teper d,2,1,0
,DEM,Sally Yates,former United States Deputy Attorney General,2020,Senate,GA,yates s,3,0,0
,DEM,U.S. Marine,"podcaster, and Republican candidate for Georgia's 7th congressional district in 2018",2020,Senate,GA,marine u,0,0,1
,IND,special Class 3 seat,),2020,Senate,GA,seat s,0,0,0
,IND,2016,(ran as an independent candidate in the special Class 3 seat ),2020,Senate,GA,,0,0,0
,IND,Darrell McGuire (write-in candidate),retired Georgia State Trooper,2020,Senate,GA,candidate d,0,0,0
,IND,Valencia Stovall,Georgian Democratic state representative from District 74 since 2013  (ran as an independent candidate in the special Class 3 seat ),2020,Senate,GA,stovall v,2,1,0
,REP,Joni Ernst,incumbent U.S. senator,2020,Senate,IA,ernst j,4,0,0
,DEM,Theresa Greenfield,"businesswoman, candidate for Iowa's 3rd congressional district in 2018",2020,Senate,IA,greenfield t,0,0,1
,DEM,U.S. Navy,veteran    (endorsed Michael T. Franken) (remained on ballot),2020,Senate,IA,navy u,0,0,0
,DEM,Cindy Axne,"incumbent U.S. representative for Iowa's 3rd congressional district (running for reelection, endorsed Greenfield)",2020,Senate,IA,axne c,4,1,0
,DEM,Chet Culver,former governor of Iowa,2020,Senate,IA,culver c,3,0,0
,DEM,Secretary of State of Iowa,in 2018,2020,Senate,IA,iowa s,0,0,0
,DEM,Abby Finkenauer,"incumbent U.S. representative for Iowa's 1st congressional district (running for reelection, endorsed Greenfield)",2020,Senate,IA,finkenauer a,4,1,0
,DEM,Iowa Senate,in 2018 (endorsed Greenfield),2020,Senate,IA,senate i,0,0,0
,DEM,Rita Hart,former state senator and nominee for Lieutenant Governor of Iowa in 2018 (running in Iowa's 2nd congressional district ),2020,Senate,IA,hart r,2,0,1
,DEM,Rob Hogg,state senator,2020,Senate,IA,hogg r,2,0,0
,DEM,Liz Mathis,state senator,2020,Senate,IA,mathis l,2,0,0
,DEM,Rob Sand,Iowa State Auditor,2020,Senate,IA,sand r,3,0,0
,DEM,J.D. Scholten,nominee for Iowa's 4th congressional district in 2018 (running in Iowa's 4th congressional district),2020,Senate,IA,scholten j,0,0,1
,DEM,Tom Vilsack,former governor of Iowa and former U.S. Secretary of Agriculture,2020,Senate,IA,vilsack t,4,0,0
,DEM,Linn County,supervisor (endorsed Graham),2020,Senate,IA,county l,0,0,0
,DEM,Steve Warnstadt,former state senator and intelligence officer in the Iowa Army National Guard,2020,Senate,IA,warnstadt s,2,0,0
,DEM,Libertarian,nominee for the 2018 Iowa Secretary of Agriculture election and independent candidate for the 2014 United States Senate election in Iowa,2020,Senate,IA,libertarian,0,0,1
,IND,Suzanne Herzog,economist and former ER nurse,2020,Senate,IA,herzog s,0,0,0
,REP,Jim Risch,incumbent U.S. senator,2020,Senate,ID,risch j,4,0,0
,DEM,Paulette Jordan,former state representative and nominee for governor of Idaho in 2018,2020,Senate,ID,jordan p,2,1,1
,DEM,Nancy Harris,businesswoman  (endorsed Jordan),2020,Senate,ID,harris n,0,0,0
,DEM,U.S. Army,veteran ( ran for state house )  (endorsed Vandermaas),2020,Senate,ID,army u,2,0,0
,DEM,Boise School District,"board member, nominee for governor of Idaho in 2014 , and candidate for governor of Idaho in 2018  (endorsed Vandermaas)",2020,Senate,ID,district b,0,0,1
,DEM,Mark Nye,state senator,2020,Senate,ID,nye m,2,0,0
,DEM,Michelle Stennett,minority leader of the Idaho Senate,2020,Senate,ID,stennett m,0,0,0
,IND,Natalie Fleming,software developer,2020,Senate,ID,fleming n,0,0,0
,DEM,Dick Durbin,incumbent U.S. senator and Senate Minority Whip,2020,Senate,IL,durbin d,4,0,0
,DEM,Marilyn Jordan Lawlor,anti-war activist,2020,Senate,IL,lawlor m,0,0,0
,DEM,Anne Stava-Murray,state representative,2020,Senate,IL,murray a,2,1,0
,DEM,Cheri Bustos,incumbent U.S. representative for Illinois's 17th congressional district (running for re-election),2020,Senate,IL,bustos c,4,1,0
,DEM,Lisa Madigan,former Illinois attorney general,2020,Senate,IL,madigan l,3,0,0
,REP,Mark Curran,former Lake County sheriff and candidate for attorney general in 2014,2020,Senate,IL,curran m,1,0,1
,REP,Illinois's 12th congressional district,in 2018  (ran for IL-08 as a Libertarian),2020,Senate,IL,district i,0,0,0
,REP,Connor Vlakancic,CEO of 5Star Inc.  (switched to independent),2020,Senate,IL,vlakancic c,0,0,0
,REP,Rodney Davis,incumbent U.S. representative for Illinois's 13th congressional district (running for re-election),2020,Senate,IL,davis r,4,1,0
,REP,Erika Harold,"attorney, former Miss America , candidate for IL-13 in 2014 , and nominee for attorney general in 2018",2020,Senate,IL,harold e,0,0,1
,REP,Darin LaHood,incumbent U.S. representative for Illinois's 18th congressional district (running for re-election),2020,Senate,IL,lahood d,4,1,0
,REP,Chad Koppie,perennial candidate and former member of the Kane County Regional Board of School Trustees,2020,Senate,IL,koppie c,0,0,0
,IND,Willie Wilson,businessman and perennial candidate,2020,Senate,IL,wilson w,0,0,0
,IND,Kevin Keely,substitute teacher and community activist (as a write-in candidate),2020,Senate,IL,keely k,0,0,0
,IND,Lowell Martin Seida,perennial candidate (as a write-in candidate),2020,Senate,IL,seida l,0,0,0
,IND,Connor Vlakancic,affiliated with the Republican Party (switched from Republican candidacy),2020,Senate,IL,vlakancic c,0,0,0
,REP,Roger Marshall,incumbent U.S. representative for Kansas's 1st congressional district,2020,Senate,KS,marshall r,4,1,0
,REP,Jake LaTurner,Kansas State Treasurer ( running for U.S. House in District 2 ),2020,Senate,KS,laturner j,3,0,0
,REP,Bryan Pruitt,conservative commentator,2020,Senate,KS,pruitt b,0,0,0
,REP,Susan Wagle,president of the Kansas Senate,2020,Senate,KS,wagle s,0,0,0
,REP,Alan Cobb,president of the Kansas Chamber of Commerce,2020,Senate,KS,cobb a,0,0,0
,REP,Jeff Colyer,former governor of Kansas and lieutenant governor of Kansas      (endorsed Roger Marshall),2020,Senate,KS,colyer j,3,0,0
,REP,Ron Estes,incumbent U.S. representative for Kansas's 4th congressional district and former Kansas State Treasurer  ( running for reelection ),2020,Senate,KS,estes r,4,1,0
,REP,Wink Hartman,"oilman and restaurant owner, nominee for lieutenant governor of Kansas in 2018",2020,Senate,KS,hartman w,0,0,1
,REP,Ajit Pai,chairman of the Federal Communications Commission,2020,Senate,KS,pai a,0,0,0
,REP,Mike Pompeo,"United States Secretary of State , former director of the Central Intelligence Agency , and former U.S. representative for Kansas's 4th congressional district",2020,Senate,KS,pompeo m,4,1,0
,REP,Pat Roberts,incumbent U.S. senator  (endorsed Roger Marshall),2020,Senate,KS,roberts p,4,0,0
,REP,Matt Schlapp,incumbent chairman of the American Conservative Union and former director of the Office of Political Affairs,2020,Senate,KS,schlapp m,0,0,0
,REP,Derek Schmidt,Kansas Attorney General,2020,Senate,KS,schmidt d,3,0,0
,REP,Scott Schwab,Kansas Secretary of State,2020,Senate,KS,schwab s,3,0,0
,DEM,Barbara Bollier,physician and state senator,2020,Senate,KS,bollier b,2,0,0
,DEM,Elliot Adams,database developer,2020,Senate,KS,adams e,0,0,0
,DEM,Nancy Boyda,former U.S. representative from Kansas's 2nd congressional district (endorsed Bollier),2020,Senate,KS,boyda n,4,1,0
,DEM,Corbie Crow,certified public accountant,2020,Senate,KS,crow c,0,0,0
,DEM,Barry Grissom,former United States Attorney for the District of Kansas (endorsed Bollier),2020,Senate,KS,grissom b,0,0,0
,DEM,Usha Reddi,mayor of Manhattan,2020,Senate,KS,reddi u,1,0,0
,DEM,Paul Davis,"former minority leader of the Kansas House of Representatives , nominee for governor in 2014 and KS-02 in 2018",2020,Senate,KS,davis p,0,1,1
,DEM,Kathleen Sebelius,"former Secretary of Health and Human Services , former governor of Kansas, and former Kansas Insurance Commissioner",2020,Senate,KS,sebelius k,3,0,0
,DEM,Sarah Smarsh,author,2020,Senate,KS,smarsh s,0,0,0
,DEM,Josh Svaty,"former Kansas Secretary of Agriculture , former state representative, and candidate for governor of Kansas in 2018",2020,Senate,KS,svaty j,2,1,1
,DEM,Kansas's 3rd congressional district,in 2018,2020,Senate,KS,district k,0,0,0
,DEM,Jason Buckley,U.S. Navy veteran,2020,Senate,KS,buckley j,0,0,0
,REP,Mitch McConnell,incumbent U.S. senator and Senate majority leader,2020,Senate,KY,mcconnell m,4,0,0
,REP,Wendell K. Crow,businessman and entrepreneur   (remained on ballot),2020,Senate,KY,crow w,0,0,0
,DEM,Amy McGrath,former U.S. Marine fighter pilot and 2018 Democratic nominee for Kentucky's 6th congressional district,2020,Senate,KY,mcgrath a,0,0,1
,DEM,Jimmy Ausbrooks,mental health counselor  (endorsed Mike Broihier)  (remained on ballot),2020,Senate,KY,ausbrooks j,0,0,0
,DEM,Charles Booker,),2020,Senate,KY,booker c,0,0,0
,DEM,Kevin Elliott,Assistant Professor of Political Science at Murray State University,2020,Senate,KY,elliott k,0,0,0
,DEM,Rocky Adkins,former minority leader of the Kentucky House of Representatives and candidate for Governor of Kentucky in 2019,2020,Senate,KY,adkins r,0,1,1
,DEM,Andy Beshear,"Governor of Kentucky , former attorney general of Kentucky , and son of former governor Steve Beshear",2020,Senate,KY,beshear a,3,0,0
,DEM,Steve Beshear,former governor of Kentucky and nominee for the U.S. Senate in 1996,2020,Senate,KY,beshear s,3,0,1
,DEM,Jack Conway,"former attorney general of Kentucky, nominee for the U.S. Senate in 2010 , nominee for Governor of Kentucky in 2015",2020,Senate,KY,conway j,3,0,1
,DEM,Adam Edelen,former state auditor and candidate for Governor of Kentucky in 2019,2020,Senate,KY,edelen a,3,0,1
,DEM,Greg Fischer,Mayor of Louisville,2020,Senate,KY,fischer g,1,0,0
,DEM,Jim Gray,"Secretary of the Kentucky Transportation Cabinet , former mayor of Lexington and nominee for the U.S. Senate in 2016",2020,Senate,KY,gray j,1,0,1
,DEM,Alison Lundergan Grimes,former secretary of state of Kentucky and nominee for the U.S. Senate in 2014  (endorsed Booker),2020,Senate,KY,grimes a,3,0,1
,DEM,Matt Jones,"attorney, media personality, and restaurateur (had formed an exploratory committee beforehand, endorsed Booker)",2020,Senate,KY,jones m,0,0,0
,DEM,Brad Barron,farmer and entrepreneur,2020,Senate,KY,barron b,0,0,0
,IND,Kentucky House of Representatives,District 65,2020,Senate,KY,representatives k,0,0,0
,DEM,Ed Markey,incumbent U.S. senator,2020,Senate,MA,markey e,4,0,0
,DEM,Shannon Liss-Riordan,labor attorney,2020,Senate,MA,riordan s,0,0,0
,DEM,Steve Pemberton,chief human resources officer of Workhuman (endorsed Markey),2020,Senate,MA,pemberton s,0,0,0
,DEM,Allen Waters,perennial candidate  (endorsed Kennedy),2020,Senate,MA,waters a,0,0,0
,DEM,Maura Healey,Massachusetts Attorney General,2020,Senate,MA,healey m,3,0,0
,DEM,New Bedford,(endorsed Kennedy),2020,Senate,MA,bedford n,0,0,0
,DEM,Juana Matias,former state representative and candidate for Massachusetts's 3rd congressional district in 2018,2020,Senate,MA,matias j,2,1,1
,DEM,Seth Moulton,former 2020 presidential candidate and U.S. representative from Massachusetts's 6th congressional district ( ran for re-election ),2020,Senate,MA,moulton s,4,1,0
,DEM,Michelle Wu,Boston City Councilor,2020,Senate,MA,wu m,1,0,0
,REP,Kevin O'Connor,attorney,2020,Senate,MA,connor k,0,0,0
,REP,Charlie Baker,governor of Massachusetts  (endorsed O'Connor),2020,Senate,MA,baker c,3,0,0
,REP,Vermin Supreme,performance artist and political satirist ; member of the Libertarian Party Judiciary Committee; former 2020 Libertarian presidential candidate (as a write-in candidate),2020,Senate,MA,supreme v,0,0,0
,REP,"Andre ""Maha Visnu"" Gray","co-chair of the Massachusetts Green-Rainbow Party, teacher, and businessman",2020,Senate,MA,gray a,0,0,0
,IND,Massachusetts' 1st congressional district,in 2020,2020,Senate,MA,district m,0,0,0
,REP,Susan Collins,incumbent U.S. senator,2020,Senate,ME,collins s,4,0,0
,REP,Derek Levasseur,police officer,2020,Senate,ME,levasseur d,0,0,0
,REP,Paul LePage,former governor of Maine  (endorsed Collins),2020,Senate,ME,lepage p,3,0,0
,REP,Reform,"nominee for governor of Florida in 2006 , Democratic candidate for Florida's 10th congressional district in 2008 and disqualified candidate for U.S. Senate in 2018  (qualified for the general election as Independent)",2020,Senate,ME,reform,0,0,1
,REP,Bruce Poliquin,former U.S. representative for Maine's 2nd congressional district and former Treasurer of Maine,2020,Senate,ME,poliquin b,4,1,0
,DEM,Sara Gideon,Speaker of the Maine House of Representatives,2020,Senate,ME,gideon s,2,1,0
,DEM,Michael Bunker,travel agent,2020,Senate,ME,bunker m,0,0,0
,DEM,Google,"former aide to George J. Mitchell , Ted Kennedy , Steve Westly and Arnold Schwarzenegger (endorsed Gideon)",2020,Senate,ME,google,0,0,0
,DEM,Maine Democratic Party,State Committee,2020,Senate,ME,party m,0,0,0
,DEM,Jon Treacy,retired U.S. Air Force major general,2020,Senate,ME,treacy j,0,0,0
,DEM,Shenna Bellows,state senator and nominee for U.S. Senate in 2014,2020,Senate,ME,bellows s,2,0,1
,DEM,Seth Berry,state representative (endorsed Gideon),2020,Senate,ME,berry s,2,1,0
,DEM,Emily Cain,"executive director of EMILY's List , nominee for Maine's 2nd congressional district in 2014 and 2016 , former state senator, and former state representative",2020,Senate,ME,cain e,2,1,1
,DEM,Maine's 1st congressional district,in 2008 and candidate for governor of Maine in 2018,2020,Senate,ME,district m,0,0,1
,DEM,Matthew Dunlap,Maine Secretary of State and candidate for U.S. Senate in 2012,2020,Senate,ME,dunlap m,3,0,1
,DEM,Jared Golden,incumbent U.S. representative for Maine's 2nd congressional district and former state representative,2020,Senate,ME,golden j,4,1,0
,DEM,Stephen King,author   (endorsed Gideon),2020,Senate,ME,king s,0,0,0
,DEM,Daniel Kleban,businessman,2020,Senate,ME,kleban d,0,0,0
,DEM,Janet Mills,governor of Maine and former attorney general of Maine,2020,Senate,ME,mills j,3,0,0
,DEM,Chellie Pingree,incumbent U.S. representative for Maine's 1st congressional district and nominee for the U.S. Senate in 2002,2020,Senate,ME,pingree c,4,1,1
,DEM,Hannah Pingree,former Speaker of the Maine House of Representatives (endorsed Gideon),2020,Senate,ME,pingree h,2,1,0
,DEM,Susan Rice,former United States National Security Advisor and former United States Ambassador to the United Nations,2020,Senate,ME,rice s,0,0,0
,DEM,Cecile Richards,former president of Planned Parenthood,2020,Senate,ME,richards c,0,0,0
,DEM,2018,(endorsed Sweet),2020,Senate,ME,,0,0,0
,DEM,Ethan Strimling,former mayor of Portland and candidate for Maine's 1st congressional district in 2008,2020,Senate,ME,strimling e,1,0,1
,IND,David Gibson,solar design specialist ( endorsed Savage ),2020,Senate,ME,gibson d,0,0,0
,IND,Lisa Savage,school teacher  (switched to independent),2020,Senate,ME,savage l,0,0,0
,IND,Maine's 2nd congressional district,in 2018,2020,Senate,ME,district m,0,0,0
,IND,Joshua Arnone,accounting clerk affiliated with the Libertarian Party of Maine,2020,Senate,ME,arnone j,0,0,0
,IND,Millinocket,town councilor,2020,Senate,ME,millinocket,0,0,0
,IND,Leigh Hawes,truck driver,2020,Senate,ME,hawes l,0,0,0
,IND,Danielle VanHelsing,LGBTQ rights activist,2020,Senate,ME,vanhelsing d,0,0,0
,IND,Linda Wooten,vocational educator and conservative activist,2020,Senate,ME,wooten l,0,0,0
,DEM,Gary Peters,incumbent U.S. senator,2020,Senate,MI,peters g,4,0,0
,DEM,Abdul El-Sayed,former executive director of the Detroit Department of Health and Wellness Promotion and candidate for Governor of Michigan in 2018,2020,Senate,MI,sayed a,0,0,1
,REP,John James,"businessman, Iraq War veteran and nominee for the U.S. Senate in 2018",2020,Senate,MI,james j,0,0,1
,REP,Tom Leonard,former speaker of the Michigan House of Representatives and nominee for Michigan Attorney General in 2018,2020,Senate,MI,leonard t,2,1,1
,REP,Candice Miller,Macomb County Public Works commissioner and former U.S. representative for Michigan's 10th congressional district,2020,Senate,MI,miller c,4,1,0
,REP,Sandy Pensler,businessman and candidate for U.S. Senate in 2018,2020,Senate,MI,pensler s,0,0,1
,REP,Bill Schuette,"former Michigan attorney general, nominee for governor of Michigan in 2018 and nominee for the U.S. Senate in 1990  (endorsed John James)",2020,Senate,MI,schuette b,3,0,1
,REP,Rick Snyder,former governor of Michigan,2020,Senate,MI,snyder r,3,0,0
,DEM,Tina Smith,incumbent U.S. senator,2020,Senate,MN,smith t,4,0,0
,REP,Jason Lewis,former U.S. representative for Minnesota's 2nd congressional district,2020,Senate,MN,lewis j,4,1,0
,REP,Christopher Chamberlin,"candidate for governor, U.S. senator, and U.S. representative in 2018 and Libertarian activist",2020,Senate,MN,chamberlin c,4,1,1
,REP,lieutenant governor of Minnesota,in 2018,2020,Senate,MN,minnesota l,0,0,0
,REP,Kurt Daudt,minority leader of the Minnesota House of Representatives,2020,Senate,MN,daudt k,0,1,0
,REP,21st Century Fox,executive,2020,Senate,MN,fox s,0,0,0
,REP,Karin Housley,state senator and Republican nominee for U.S. Senate in 2018,2020,Senate,MN,housley k,2,0,1
,REP,Mike Lindell,CEO of My Pillow,2020,Senate,MN,lindell m,0,0,0
,REP,Doug Wardlow,former state representative and Republican nominee for attorney general of Minnesota in 2018,2020,Senate,MN,wardlow d,2,1,1
,IND,Josh D. Ondich,perennial candidate,2020,Senate,MN,ondich j,0,0,0
,REP,Cindy Hyde-Smith,incumbent U.S. senator,2020,Senate,MS,smith c,4,0,0
,REP,Gerard Gibert,businessman and vice chairman of the Mississippi Lottery Board,2020,Senate,MS,gibert g,0,0,0
,REP,Chris McDaniel,incumbent state senator and candidate for U.S. Senate in 2014 and 2018,2020,Senate,MS,mcdaniel c,2,0,1
,DEM,Mike Espy,"former United States Secretary of Agriculture , former U.S. representative for Mississippi's 2nd congressional district , and nominee for U.S. Senate in 2018",2020,Senate,MS,espy m,4,1,1
,DEM,J. P. Hughes Jr.,state representative and candidate for lieutenant governor of Mississippi in 2019,2020,Senate,MS,hughes j,2,1,1
,DEM,Brandon Presley,member of the Mississippi Public Service Commission,2020,Senate,MS,presley b,0,0,0
,REP,Steve Daines,incumbent U.S. senator,2020,Senate,MT,daines s,4,0,0
,DEM,Steve Bullock,incumbent governor of Montana and former candidate for president of the United States in 2020,2020,Senate,MT,bullock s,3,0,1
,DEM,Montana State University Billings,(endorsed Bullock),2020,Senate,MT,billings m,0,0,0
,DEM,Wilmot Collins,mayor of Helena (endorsed Bullock),2020,Senate,MT,collins w,1,0,0
,DEM,Mike Knoles,"mathematician, physicist, and data analyst (endorsed Bullock)  (remained on ballot)",2020,Senate,MT,knoles m,0,0,0
,DEM,Cora Neumann,public health expert and founder of the Global First Ladies Alliance  (endorsed Bullock),2020,Senate,MT,neumann c,0,0,0
,DEM,Josh Seckinger,fishing guide (endorsed Bullock),2020,Senate,MT,seckinger j,0,0,0
,DEM,Michael Punke,writer and former U.S. ambassador to the World Trade Organization,2020,Senate,MT,punke m,0,0,0
,DEM,Brian Schweitzer,former governor of Montana,2020,Senate,MT,schweitzer b,3,0,0
,DEM,Kathleen Williams,former state representative and nominee for Montana's at-large congressional district in 2018 ( running for Montana's at-large congressional district ),2020,Senate,MT,williams k,2,1,1
,DEM,Montana House of Representatives,in 2014,2020,Senate,MT,representatives m,0,0,0
,DEM,Lewis and Clark County,commissioner and former chair of the Montana Republican Party,2020,Senate,MT,county l,0,0,0
,DEM,Wendie Fredrickson,former audit reviewer for Montana State Department of Public Health and Human Services,2020,Senate,MT,fredrickson w,0,0,0
,REP,Thom Tillis,incumbent U.S. senator,2020,Senate,NC,tillis t,4,0,0
,REP,CEO,and chairman of Triangle Capital,2020,Senate,NC,ceo,0,0,0
,REP,Ted Budd,incumbent U.S. representative for North Carolina's 13th congressional district,2020,Senate,NC,budd t,4,1,0
,REP,Mark Meadows,former U.S. representative for North Carolina's 11th congressional district,2020,Senate,NC,meadows m,4,1,0
,REP,Mark Walker,incumbent U.S. representative for North Carolina's 6th congressional district,2020,Senate,NC,walker m,4,1,0
,DEM,Cal Cunningham,former state senator and candidate for the U.S. Senate in 2010,2020,Senate,NC,cunningham c,2,0,1
,DEM,North Carolina Commissioner of Labor,),2020,Senate,NC,labor n,0,0,0
,DEM,Eric L. Mansfield,former state senator,2020,Senate,NC,mansfield e,2,0,0
,DEM,Janet Cowell,former North Carolina State Treasurer  ( endorsed Cunningham ),2020,Senate,NC,cowell j,3,0,0
,DEM,Anthony Foxx,former U.S. Secretary of Transportation and former mayor of Charlotte  ( endorsed Cunningham ),2020,Senate,NC,foxx a,4,0,0
,DEM,Rachel Hunt,state representative,2020,Senate,NC,hunt r,2,1,0
,DEM,Vi Lyles,mayor of Charlotte,2020,Senate,NC,lyles v,1,0,0
,DEM,Dan McCready,"former U.S. Marine, businessman, and nominee for North Carolina's 9th congressional district in 2018 and 2019 special election",2020,Senate,NC,mccready d,0,0,1
,DEM,Deborah K. Ross,former state representative and nominee for U.S. Senate in 2016  ( running for North Carolina's 2nd congressional district ),2020,Senate,NC,ross d,2,1,1
,DEM,Thomas W. Ross,former president of the University of North Carolina system,2020,Senate,NC,ross t,0,0,0
,DEM,Josh Stein,North Carolina Attorney General  ( running for reelection ),2020,Senate,NC,stein j,3,0,0
,DEM,Brian Turner,state representative,2020,Senate,NC,turner b,2,1,0
,DEM,North Carolina's 3rd congressional district,in 2019,2020,Senate,NC,district n,0,0,0
,DEM,North Carolina House of Representatives,in 2012 and 2018,2020,Senate,NC,representatives n,0,0,0
,REP,Ben Sasse,incumbent U.S. senator,2020,Senate,NE,sasse b,4,0,0
,REP,Charles Herbster,farmer,2020,Senate,NE,herbster c,0,0,0
,REP,Pete Ricketts,Governor of Nebraska,2020,Senate,NE,ricketts p,3,0,0
,DEM,Chris Beutler,former mayor of Lincoln,2020,Senate,NE,beutler c,1,0,0
,DEM,Preston Love Jr.,"first vice president of the Omaha NAACP chapter and second associate chairman of the Nebraska Democratic Party , endorsed by the party after the allegations against Janicek",2020,Senate,NE,love p,0,0,0
,DEM,Brad Ashford,former Democratic Congressman from NE-02,2020,Senate,NE,ashford b,4,0,0
,DEM,Jeanne Shaheen,incumbent U.S. senator,2020,Senate,NH,shaheen j,4,0,0
,REP,Bryant Messner,corporate attorney and former U.S. Army soldier,2020,Senate,NH,messner b,0,0,0
,REP,Bill O'Brien,former speaker of the New Hampshire House of Representatives,2020,Senate,NH,brien b,2,1,0
,REP,Kelly Ayotte,former U.S. senator and former attorney general of New Hampshire,2020,Senate,NH,ayotte k,4,0,0
,REP,Al Baldasaro,state representative  (endorsed Bill O'Brien),2020,Senate,NH,baldasaro a,2,1,0
,REP,Scott Brown,"U.S. Ambassador to New Zealand and Samoa , former U.S. senator from Massachusetts, 2014 Republican nominee for the U.S. Senate in New Hampshire",2020,Senate,NH,brown s,4,0,1
,REP,South Hampton,"former chief of the New Hampshire State Division of Liquor Enforcement, and nominee for New Hampshire's 1st congressional district in 2018  ( accepted executive state appointment )",2020,Senate,NH,hampton s,0,0,1
,REP,Corey Lewandowski,President Donald Trump 's former campaign manager,2020,Senate,NH,lewandowski c,0,0,0
,REP,Jay Lucas,businessman,2020,Senate,NH,lucas j,0,0,0
,REP,Chris Sununu,incumbent governor of New Hampshire ( ran for re-election ),2020,Senate,NH,sununu c,3,0,0
,REP,Libertarian,"nominee for New Hampshire's 2nd congressional district in 2018 ,  qualified for general election ballot by petition on September 2, 2020",2020,Senate,NH,libertarian,0,0,1
,REP,Thomas Sharpe V,firefighter and U.S. Navy veteran,2020,Senate,NH,v t,0,0,0
,DEM,Cory Booker,incumbent U.S. senator and former candidate for President of the United States in 2020,2020,Senate,NJ,booker c,4,0,1
,DEM,2018,(ran for Congress in New Jersey's 12th congressional district ),2020,Senate,NJ,,0,0,0
,DEM,Josh Gottheimer,incumbent U.S. representative for New Jersey's 5th congressional district  (ran for re-election ),2020,Senate,NJ,gottheimer j,4,1,0
,DEM,Donald Norcross,incumbent U.S. representative for New Jersey's 1st congressional district   (ran for re-election ),2020,Senate,NJ,norcross d,4,1,0
,REP,"Rikin ""Rik"" Mehta",pharmaceutical executive and attorney,2020,Senate,NJ,mehta r,0,0,0
,REP,Stuart Meissner,"former New York Assistant Attorney General and Manhattan Assistant District Attorney, SEC Whistleblower Attorney, and Independent candidate for U.S. Senate in 2013",2020,Senate,NJ,meissner s,3,0,1
,REP,Monmouth County,freeholder,2020,Senate,NJ,county m,0,0,0
,REP,Matt Rooney,attorney and political pundit,2020,Senate,NJ,rooney m,0,0,0
,REP,2018 U.S. Senate candidate,"1997 Green Party gubernatorial candidate , and 1996 Green Party Candidate for Vice President",2020,Senate,NJ,candidate u,0,0,1
,DEM,Ben Ray Luján,U.S. representative for New Mexico's 3rd congressional district,2020,Senate,NM,lujan b,4,1,0
,DEM,Giovanni Haqani,"businessman, television host, and candidate for state representative in 2016",2020,Senate,NM,haqani g,0,1,1
,DEM,Española,finance director,2020,Senate,NM,espanola,0,0,0
,DEM,Maggie Toulouse Oliver,secretary of state of New Mexico  (endorsed Ben Ray Luján),2020,Senate,NM,oliver m,3,0,0
,DEM,Jeff Apodaca,businessman and candidate for governor in 2018,2020,Senate,NM,apodaca j,0,0,1
,DEM,Hector Balderas,Attorney General of New Mexico,2020,Senate,NM,balderas h,3,0,0
,DEM,United States Department of Agriculture,regional director,2020,Senate,NM,agriculture u,0,0,0
,DEM,Pete Campos,state senator,2020,Senate,NM,campos p,2,0,0
,DEM,Jacob Candelaria,state senator,2020,Senate,NM,candelaria j,2,0,0
,DEM,Joe Cervantes,state senator and candidate for governor in 2018,2020,Senate,NM,cervantes j,2,0,1
,DEM,Brian Egolf,speaker of the New Mexico House of Representatives,2020,Senate,NM,egolf b,2,1,0
,DEM,Deb Haaland,U.S. representative  (endorsed Ben Ray Luján) ; (running for re-election),2020,Senate,NM,haaland d,4,1,0
,DEM,Tim Keller,mayor of Albuquerque,2020,Senate,NM,keller t,1,0,0
,DEM,Michelle Lujan Grisham,Governor of New Mexico  (endorsed Ben Ray Luján),2020,Senate,NM,grisham m,3,0,0
,DEM,Howie Morales,Lieutenant Governor of New Mexico,2020,Senate,NM,morales h,3,0,0
,DEM,Valerie Plame,former CIA operations officer,2020,Senate,NM,plame v,0,0,0
,DEM,Jeff Steinborn,state senator,2020,Senate,NM,steinborn j,2,0,0
,DEM,Xochitl Torres Small,U.S. representative,2020,Senate,NM,small x,4,1,0
,DEM,Raúl Torrez,Bernalillo County district attorney  (running for re-election),2020,Senate,NM,torrez r,1,0,0
,DEM,Tom Udall,incumbent U.S. senator    (endorsed Ben Ray Luján),2020,Senate,NM,udall t,4,0,0
,DEM,Alan Webber,mayor of Santa Fe,2020,Senate,NM,webber a,1,0,0
,REP,KRQE,chief meteorologist,2020,Senate,NM,krqe,0,0,0
,REP,Rick Montoya,businessman,2020,Senate,NM,montoya r,0,0,0
,REP,Louie Sanchez,indoor shooting range owner,2020,Senate,NM,sanchez l,0,0,0
,REP,Rod Adair,former state senator,2020,Senate,NM,adair r,2,0,0
,REP,Richard J. Berry,former mayor of Albuquerque,2020,Senate,NM,berry r,1,0,0
,REP,Kevin DuPriest,"businessman, data scientist",2020,Senate,NM,dupriest k,0,0,0
,REP,Kelly Fajardo,state representative,2020,Senate,NM,fajardo k,2,1,0
,REP,Nate Gentry,minority leader of the New Mexico House of Representatives,2020,Senate,NM,gentry n,0,1,0
,REP,Attorney General,in 2018,2020,Senate,NM,general a,0,0,0
,REP,Yvette Herrell,former state representative and nominee for New Mexico's 2nd congressional district in 2018 (Herrell is running for U.S. House of Representatives CD2),2020,Senate,NM,herrell y,2,1,1
,REP,citation needed,],2020,Senate,NM,needed c,0,0,0
,REP,Steve Maestas,real estate developer,2020,Senate,NM,maestas s,0,0,0
,REP,Sarah Maestas Barnes,former state representative,2020,Senate,NM,barnes s,2,1,0
,REP,Susana Martinez,former governor of New Mexico,2020,Senate,NM,martinez s,3,0,0
,REP,Mark Moores,state senator,2020,Senate,NM,moores m,2,0,0
,REP,Judith Nakamura,New Mexico Supreme Court justice,2020,Senate,NM,nakamura j,0,0,0
,REP,Steve Pearce,"chair of the New Mexico Republican Party , former U.S. representative, nominee for the U.S. Senate in 2008 , and nominee for governor in 2018",2020,Senate,NM,pearce s,4,1,1
,REP,John Sanchez,former lieutenant governor of New Mexico,2020,Senate,NM,sanchez j,3,0,0
,REP,Bob Walsh,nuclear safety scientist,2020,Senate,NM,walsh b,0,0,0
,REP,Gary Johnson,former governor of New Mexico and nominee for U.S. Senate in 2018,2020,Senate,NM,johnson g,3,0,1
,REP,Jim Inhofe,incumbent U.S. Senator [ citation needed ],2020,Senate,OK,inhofe j,4,0,0
,REP,Scott Pruitt,"former administrator of the Environmental Protection Agency , former attorney general of Oklahoma , and former state senator",2020,Senate,OK,pruitt s,3,0,0
,DEM,KFOR,news reporter,2020,Senate,OK,kfor,0,0,0
,DEM,Dylan Billings,political science professor,2020,Senate,OK,billings d,0,0,0
,DEM,Tyler Dougherty,software developer,2020,Senate,OK,dougherty t,0,0,0
,DEM,ran for state senate,),2020,Senate,OK,senate r,0,0,0
,DEM,ran for Mayor of Tulsa,),2020,Senate,OK,tulsa r,0,0,0
,DEM,2016,and nominee for Oklahoma Labor Commissioner in 2014,2020,Senate,OK,,0,0,1
,DEM,Brad Henry,former governor of Oklahoma,2020,Senate,OK,henry b,3,0,0
,IND,2014,candidate,2020,Senate,OK,,0,0,0
,DEM,Jeff Merkley,incumbent U.S. senator  (also nominated by the Oregon Independent Party and the Working Families Party ),2020,Senate,OR,merkley j,4,0,0
,DEM,Michael David,activist and ethnographer,2020,Senate,OR,david m,0,0,0
,REP,Jo Rae Perkins,former chairwoman of the Linn County Republican Party,2020,Senate,OR,perkins j,0,0,0
,REP,Knute Buehler,"former state representative for District 54 , nominee for Oregon secretary of state in 2012 and governor of Oregon in 2018 (running for Oregon's 2nd congressional district )",2020,Senate,OR,buehler k,2,1,1
,REP,philosopher,"anti-war activist, current member state coordinating committee in the Pacific Green Party  (also nominated by the Oregon Progressive Party )",2020,Senate,OR,philosopher,0,0,0
,REP,Gary Dye,former refinery operator and engineer,2020,Senate,OR,dye g,0,0,0
,DEM,Jack Reed,incumbent U.S. senator,2020,Senate,RI,reed j,4,0,0
,REP,Allen R. Waters,investment consultant,2020,Senate,RI,waters a,0,0,0
,REP,Lindsey Graham,incumbent US senator,2020,Senate,SC,graham l,4,0,0
,REP,Johnny Garcia,Air Force veteran,2020,Senate,SC,garcia j,0,0,0
,REP,Charleston,"art teacher, home decorator, and former IBM employee",2020,Senate,SC,charleston,0,0,0
,REP,Greer,minister and manufacturing executive,2020,Senate,SC,greer,0,0,0
,REP,South Carolina House of Representatives,in 2018 (switched to the Libertarian primary),2020,Senate,SC,representatives s,0,0,0
,REP,Eric Bolling,former Fox News host,2020,Senate,SC,bolling e,0,0,0
,REP,Mark Burns,Easley pastor and former candidate for South Carolina's 4th congressional district in 2018,2020,Senate,SC,burns m,0,0,1
,REP,Harlan Hill,Republican (formerly Democratic) political consultant and commentator,2020,Senate,SC,hill h,0,0,0
,REP,Greenville,businessman and candidate for Governor of South Carolina in 2018,2020,Senate,SC,greenville,0,0,1
,DEM,Jaime Harrison,former chair of the South Carolina Democratic Party and associate chairman of the Democratic National Committee,2020,Senate,SC,harrison j,0,0,0
,DEM,Gloria Bromell Tinubu,"former Georgia state representative, candidate for Lieutenant Governor of South Carolina in 2018 , and nominee for South Carolina's 7th congressional district in 2012 and 2014  (endorsed Jaime Harrison)",2020,Senate,SC,tinubu g,2,1,1
,DEM,William Stone,legal researcher,2020,Senate,SC,stone w,0,0,0
,DEM,Justin Wooton,activist,2020,Senate,SC,wooton j,0,0,0
,DEM,Mandy Powers Norrell,state representative and candidate for lieutenant governor in 2018 (running for reelection),2020,Senate,SC,norrell m,2,1,1
,DEM,Bakari Sellers,political commentator and former state representative,2020,Senate,SC,sellers b,2,1,0
,REP,Mike Rounds,incumbent U.S. senator,2020,Senate,SD,rounds m,4,0,0
,DEM,Daniel Ahlers,former state representative and former state senator,2020,Senate,SD,ahlers d,2,1,0
,DEM,Clara Hart,board member of the Sioux Falls Arts Council,2020,Senate,SD,hart c,0,0,0
,DEM,Erin Healy,state representative,2020,Senate,SD,healy e,2,1,0
,DEM,Brendan Johnson,former United States Attorney for the District of South Dakota,2020,Senate,SD,johnson b,0,0,0
,DEM,Billie Sutton,former minority leader of the South Dakota Senate and nominee for Governor of South Dakota in 2018,2020,Senate,SD,sutton b,0,0,1
,DEM,Susan Wismer,state senator and Democratic nominee for Governor of South Dakota in 2014,2020,Senate,SD,wismer s,2,0,1
,REP,Bill Hagerty,"businessman, former United States Ambassador to Japan and former Commissioner of the Tennessee Department of Economic and Community Development",2020,Senate,TN,hagerty b,3,0,0
,REP,Tennessee House of Representatives,in 2016,2020,Senate,TN,representatives t,0,0,0
,REP,unsuccessfully ran for TN-01,),2020,Senate,TN,tn u,0,0,0
,REP,Lamar Alexander,incumbent U.S. senator,2020,Senate,TN,alexander l,4,0,0
,REP,Mae Beavers,former state senator (endorsed Sethi),2020,Senate,TN,beavers m,2,0,0
,REP,Diane Black,former U.S. representative for Tennessee's 6th congressional district and candidate for governor in 2018,2020,Senate,TN,black d,4,1,1
,REP,Randy Boyd,"former Commissioner of the Tennessee Department of Economic and Community Development, candidate for governor in 2018 , and President of the University of Tennessee system",2020,Senate,TN,boyd r,3,0,1
,REP,Bob Corker,former U.S. senator,2020,Senate,TN,corker b,4,0,0
,REP,Stephen Fincher,former U.S. representative for Tennessee's 8th congressional district  and candidate for U.S. Senate in 2018,2020,Senate,TN,fincher s,4,1,1
,REP,Chuck Fleischmann,U.S. representative for Tennessee's 3rd congressional district,2020,Senate,TN,fleischmann c,4,1,0
,REP,Mark E. Green,U.S. representative for Tennessee's 7th congressional district and former state senator,2020,Senate,TN,green m,4,1,0
,REP,Tre Hargett,Tennessee Secretary of State,2020,Senate,TN,hargett t,3,0,0
,REP,Beth Harwell,former Speaker of the Tennessee House of Representatives and candidate for governor in 2018,2020,Senate,TN,harwell b,2,1,1
,REP,Bill Haslam,former governor of Tennessee,2020,Senate,TN,haslam b,3,0,0
,REP,David Kustoff,U.S. representative for Tennessee's 8th congressional district and former U.S. Attorney,2020,Senate,TN,kustoff d,4,1,0
,REP,Peyton Manning,retired NFL quarterback,2020,Senate,TN,manning p,0,0,0
,REP,Jeff Webb,businessman (endorsed Sethi),2020,Senate,TN,webb j,0,0,0
,DEM,Marquita Bradshaw,environmentalist,2020,Senate,TN,bradshaw m,0,0,0
,DEM,Diana C. Onyejiaka,college professor and consultant,2020,Senate,TN,onyejiaka d,0,0,0
,DEM,Andy Berke,incumbent mayor of Chattanooga and former state senator,2020,Senate,TN,berke a,2,0,0
,DEM,Phil Bredesen,former mayor of Nashville and Governor of Tennessee and nominee for U.S. Senate in 2018  (endorsed James Mackler),2020,Senate,TN,bredesen p,3,0,1
,DEM,John Ray Clemmons,state representative and candidate for Mayor of Nashville in 2019,2020,Senate,TN,clemmons j,2,1,1
,DEM,Karl Dean,former mayor of Nashville and nominee for Governor of Tennessee in 2018,2020,Senate,TN,dean k,1,0,1
,DEM,Sara Kyle,incumbent state senator,2020,Senate,TN,kyle s,2,0,0
,DEM,Tim McGraw,singer-songwriter,2020,Senate,TN,mcgraw t,0,0,0
,DEM,Jason Powell,"state representative, real estate agent, non-profit manager",2020,Senate,TN,powell j,2,1,0
,DEM,Madeline Rogero,former mayor of Knoxville,2020,Senate,TN,rogero m,1,0,0
,DEM,Renata Soto,executive director of Conexión Américas,2020,Senate,TN,soto r,0,0,0
,DEM,Jeff Yarbro,minority leader of the Tennessee State Senate,2020,Senate,TN,yarbro j,2,0,0
,IND,Tennessee's 4th congressional district,in 2014 and 2016,2020,Senate,TN,district t,0,0,0
,IND,Jeffrey Grunau,activist,2020,Senate,TN,grunau j,0,0,0
,IND,Dean Hill,"US veteran, former federal employee, and activist",2020,Senate,TN,hill d,0,0,0
,IND,Elizabeth McLeod,conservative activist,2020,Senate,TN,mcleod e,0,0,0
,IND,Tom Kovach,attorney,2020,Senate,TN,kovach t,0,0,0
,IND,Kacey Morgan,freelancer and operations director (endorsed Marquita Bradshaw) (remained on ballot),2020,Senate,TN,morgan k,0,0,0
,REP,John Cornyn,incumbent U.S. senator,2020,Senate,TX,cornyn j,4,0,0
,REP,Pat Fallon,state senator,2020,Senate,TX,fallon p,2,0,0
,REP,Dan Patrick,Lieutenant Governor of Texas  (endorsed John Cornyn),2020,Senate,TX,patrick d,3,0,0
,REP,Allen West,former U.S. representative for Florida's 22nd congressional district  (running for state party chair),2020,Senate,TX,west a,4,1,0
,DEM,MJ Hegar,"retired United States Air Force Major , businesswoman, author, teacher, and Democratic Party nominee for Texas's 31st congressional district in 2018",2020,Senate,TX,hegar m,0,0,1
,DEM,Midland,City Councillor,2020,Senate,TX,midland,1,0,0
,DEM,Joaquín Castro,incumbent U.S. representative for Texas's 20th congressional district,2020,Senate,TX,castro j,4,1,0
,DEM,Beto O'Rourke,"former U.S. representative for Texas's 16th congressional district , nominee for the U.S. Senate in 2018 and former 2020 presidential candidate",2020,Senate,TX,rourke b,4,1,1
,DEM,Mark Warner,incumbent U.S. senator,2020,Senate,VA,warner m,4,0,0
,REP,Daniel Gade,college professor and U.S. Army veteran,2020,Senate,VA,gade d,0,0,0
,REP,Gary Adkins,financial executive,2020,Senate,VA,adkins g,0,0,0
,REP,Virginia's 1st congressional district,in 2020,2020,Senate,VA,district v,0,0,0
,REP,Scott Taylor,former U.S. representative for Virginia's 2nd congressional district  ( ran for his former House seat ),2020,Senate,VA,taylor s,4,1,0
,REP,Nick Freitas,state delegate and candidate for U.S. Senate in 2018 ( ran for U.S. House ),2020,Senate,VA,freitas n,2,0,1
,REP,Corey Stewart,nominee for U.S. Senate in 2018 and former chairman of the Prince William Board of County Supervisors,2020,Senate,VA,stewart c,0,0,1
,IND,Aldous Mina,Peace Corps veteran,2020,Senate,VA,mina a,0,0,0
,REP,Shelley Moore Capito,incumbent U.S. Senator,2020,Senate,WV,capito s,4,0,0
,DEM,Paula Jean Swearengin,environmental activist and candidate for the U.S. Senate in 2018,2020,Senate,WV,swearengin p,0,0,1
,DEM,Mike Pushkin,state delegate,2020,Senate,WV,pushkin m,2,0,0
,DEM,Earl Ray Tomblin,former governor of West Virginia,2020,Senate,WV,tomblin e,3,0,0
,REP,Cynthia Lummis,former U.S. representative for Wyoming's at-large congressional district and former Treasurer of Wyoming,2020,Senate,WY,lummis c,4,1,0
,REP,Patrick Dotson,retiree,2020,Senate,WY,dotson p,0,0,0
,REP,Liz Cheney,"incumbent U.S. representative for Wyoming's at-large congressional district , Chair of House Republican Conference , and daughter of the 46th Vice President Dick Cheney ( running for re-election )",2020,Senate,WY,cheney l,4,1,0
,REP,Mike Enzi,incumbent U.S. senator  (endorsed Cynthia Lummis),2020,Senate,WY,enzi m,4,0,0
,REP,Foster Friess,businessman and former governor candidate,2020,Senate,WY,friess f,3,0,0
,REP,Mark Gordon,governor of Wyoming,2020,Senate,WY,gordon m,3,0,0
,REP,Robert Grady,policy adviser to former president George H. W. Bush,2020,Senate,WY,grady r,0,0,0
,REP,Matt Mead,former governor of Wyoming,2020,Senate,WY,mead m,3,0,0
,REP,Donald Trump Jr.,businessman and son of President of the United States Donald Trump,2020,Senate,WY,trump d,0,0,0
,DEM,Merav Ben-David,Chair of the Department of Zoology and Physiology at the University of Wyoming and wildlife ecologist,2020,Senate,WY,david m,0,0,0
,DEM,Chuck Jagoda,teacher,2020,Senate,WY,jagoda c,0,0,0
,REP,Lisa Murkowski,incumbent U.S. senator,2022,Senate,AK,murkowski l,4,0,0
,REP,Mike Dunleavy,governor of Alaska  ( ran for re-election ),2022,Senate,AK,dunleavy m,3,0,0
,REP,Sarah Palin,former governor of Alaska and nominee for vice president of the United States in 2008 ( ran for U.S. House ),2022,Senate,AK,palin s,3,0,1
,DEM,Pat Chesbro,teacher,2022,Senate,AK,chesbro p,0,0,0
,DEM,Elvi Gray-Jackson,state senator for District I and former Anchorage Assembly member ( ran for re-election ),2022,Senate,AK,jackson e,2,0,0
,DEM,2020,( ran for governor ),2022,Senate,AK,,3,0,0
,IND,Al Gross,"orthopedic surgeon , commercial fisherman , son of former Alaska Attorney General Avrum Gross , and candidate for U.S. Senate in 2020 ( ran for U.S. House )",2022,Senate,AK,gross a,3,0,1
,REP,Katie Britt,former president and CEO of the Business Council of Alabama; former chief of staff to outgoing senator Richard Shelby,2022,Senate,AL,britt k,0,0,0
,REP,Lynda Blanchard,United States Ambassador to Slovenia (2019–2021) ( ran for governor ),2022,Senate,AL,blanchard l,3,0,0
,REP,U.S. Marine Corps,veteran ( ran for Alabama Senate ; endorsed Durant),2022,Senate,AL,corps u,0,0,0
,REP,Alabama's 2nd congressional district,"in 2020 (endorsed Durant, later Brooks)",2022,Senate,AL,district a,0,0,0
,REP,Robert Aderholt,U.S. Representative for Alabama's 4th congressional district (1997–present) ( ran for re-election ),2022,Senate,AL,aderholt r,4,1,0
,REP,Will Ainsworth,Lieutenant Governor of Alabama (2019–present) ( ran for re-election ),2022,Senate,AL,ainsworth w,3,1,0
,REP,John Merrill,Alabama Secretary of State (2015–2023) and candidate for U.S. Senate in 2020,2022,Senate,AL,merrill j,3,0,1
,REP,Barry Moore,U.S. Representative for Alabama's 2nd congressional district (2021–present) ( ran for re-election ; endorsed Brooks),2022,Senate,AL,moore b,4,1,0
,REP,Jeff Sessions,former U.S. Attorney General (2017–2018) and former U.S. Senator (1997–2017),2022,Senate,AL,sessions j,4,0,0
,REP,Richard Shelby,incumbent U.S. Senator (1987–2023) (endorsed Britt),2022,Senate,AL,shelby r,4,0,0
,DEM,Will Boyd,"former Greenville, Illinois city councilor and nominee for Lieutenant Governor of Alabama in 2018",2022,Senate,AL,boyd w,1,0,1
,DEM,Doug Jones,former U.S. Senator (2018–2021),2022,Senate,AL,jones d,4,0,0
,DEM,Terri Sewell,U.S. Representative for Alabama's 7th congressional district (2011–present) ( ran for re-election ),2022,Senate,AL,sewell t,4,1,0
,DEM,John Sophocleus,former Auburn University professor and nominee for governor in 2002,2022,Senate,AL,sophocleus j,0,0,1
,IND,Lurleen B. Wallace Community College,"and U.S. Marine Corps veteran (unaffiliated, write-in)",2022,Senate,AL,college l,0,0,0
,IND,Jarmal Jabber Sanders,"reverend (unaffiliated, write-in)",2022,Senate,AL,sanders j,0,0,0
,REP,John Boozman,incumbent U.S. senator,2022,Senate,AR,boozman j,4,0,0
,REP,Michael Deel,corporate analyst,2022,Senate,AR,deel m,0,0,0
,DEM,Natalie James,realtor,2022,Senate,AR,james n,0,0,0
,DEM,Kenneth Cates,firefighter,2022,Senate,AR,cates k,0,0,0
,DEM,Mark Kelly,incumbent U.S. Senator,2022,Senate,AZ,kelly m,4,0,0
,REP,Blake Masters,former president of the Thiel Foundation and former chief operating officer of Thiel Capital,2022,Senate,AZ,masters b,0,0,0
,REP,Kirk Adams,former chief of staff to Governor Doug Ducey and former Speaker of the Arizona House of Representatives,2022,Senate,AZ,adams k,3,1,0
,REP,Andy Biggs,U.S. representative for Arizona's 5th congressional district,2022,Senate,AZ,biggs a,4,1,0
,REP,Doug Ducey,outgoing governor of Arizona,2022,Senate,AZ,ducey d,3,0,0
,REP,Kari Lake,former KSAZ-TV news anchor ( ran for governor ),2022,Senate,AZ,lake k,3,0,0
,REP,Martha McSally,former U.S. senator from Arizona (2019–2020),2022,Senate,AZ,mcsally m,4,0,0
,REP,Kelli Ward,"chair of the Arizona Republican Party , former state senator , and candidate for the U.S. Senate in 2016 and 2018",2022,Senate,AZ,ward k,2,0,1
,REP,Kimberly Yee,state treasurer of Arizona ( ran for re-election ),2022,Senate,AZ,yee k,3,0,0
,REP,2012,"( withdrew from general election, endorsed Blake Masters )",2022,Senate,AZ,,0,0,0
,DEM,Ro Khanna,U.S. Representative for California's 17th congressional district (2017–present) (endorsed Padilla),2022,Senate,CA,khanna r,4,1,0
,REP,Yvonne R. Girard,retired government employee (died),2022,Senate,CA,girard y,0,0,0
,REP,California's 16th congressional district,in 2018 and former U.S. House staffer ( ran in the CA-22 special election ),2022,Senate,CA,district c,0,0,0
,DEM,Michael Bennet,incumbent U.S. Senator,2022,Senate,CO,bennet m,4,0,0
,DEM,Karen Breslin,lawyer and university instructor,2022,Senate,CO,breslin k,0,0,0
,DEM,Joe Salazar,former state representative and candidate for Colorado Attorney General in 2018   ( ran for state senate ),2022,Senate,CO,salazar j,2,1,1
,REP,Joe O'Dea,construction company owner,2022,Senate,CO,dea j,0,0,0
,REP,Colorado's 7th congressional district,),2022,Senate,CO,district c,0,0,0
,REP,Ken Buck,"U.S. representative for Colorado's 4th congressional district , chair of the Colorado Republican Party , and nominee for U.S. Senate in 2010",2022,Senate,CO,buck k,4,1,1
,REP,Heidi Ganahl,university regent ( ran for governor ),2022,Senate,CO,ganahl h,3,0,0
,REP,Cory Gardner,former U.S. Senator (2015–2021),2022,Senate,CO,gardner c,4,0,0
,REP,Colorado Springs,"city councilman (2005–2011), former El Paso County commissioner (2011–2019), and nominee for U.S. Senate in 2016  ( ran for Mayor of Colorado Springs )",2022,Senate,CO,springs c,1,0,1
,REP,Clarice Navarro,former state representative from the 47th district (2013–2017),2022,Senate,CO,navarro c,2,1,0
,REP,Bill Owens,former governor (1999–2007),2022,Senate,CO,owens b,3,0,0
,REP,Steven Reams,Weld County sheriff (ran for re-election),2022,Senate,CO,reams s,1,0,0
,REP,Leora Levy,"businesswoman, Republican National Committee member, and former nominee for U.S. Ambassador to Chile",2022,Senate,CT,levy l,0,0,1
,REP,Dan Carter,former state representative and nominee for U.S. Senate in 2016,2022,Senate,CT,carter d,2,1,1
,REP,Bob Stefanowski,businessman and nominee for governor in 2018  ( ran for governor ),2022,Senate,CT,stefanowski b,0,0,1
,REP,West Hartford,town councilor and nominee for Connecticut's 1st congressional district in 2008,2022,Senate,CT,hartford w,0,0,1
,REP,Marco Rubio,incumbent U.S. senator,2022,Senate,FL,rubio m,4,0,0
,REP,Marine Corps,sergeant,2022,Senate,FL,corps m,0,0,0
,REP,Howard Knepper,businessman and perennial candidate  (ran as a write-in candidate),2022,Senate,FL,knepper h,0,0,0
,REP,Earl Yearicks IV,maritime captain,2022,Senate,FL,yearicks e,0,0,0
,REP,Calvin Driggers,businessman,2022,Senate,FL,driggers c,0,0,0
,REP,Luis Miguel,conservative writer and activist  (ran for State House),2022,Senate,FL,miguel l,2,0,0
,REP,Pam Bondi,former Florida attorney general,2022,Senate,FL,bondi p,3,0,0
,REP,Matt Gaetz,former U.S. representative   ( ran for re-election ),2022,Senate,FL,gaetz m,4,1,0
,REP,Brian Mast,U.S. representative  ( ran for re-election ),2022,Senate,FL,mast b,4,1,0
,REP,Roger Stone,political consultant,2022,Senate,FL,stone r,0,0,0
,REP,Donald Trump,former president of the United States  ( endorsed Rubio ),2022,Senate,FL,trump d,0,0,0
,REP,Ivanka Trump,former advisor to the president,2022,Senate,FL,trump i,0,0,0
,REP,Michael Waltz,former U.S. representative ( ran for re-election ),2022,Senate,FL,waltz m,4,1,0
,DEM,Val Demings,U.S. representative,2022,Senate,FL,demings v,4,1,0
,DEM,Florida's 17th congressional district,in 2018 and 2020  (ran for U.S. House ),2022,Senate,FL,district f,0,0,0
,DEM,Alan Grayson,former U.S. representative and candidate in 2016  (ran for U.S. House ),2022,Senate,FL,grayson a,4,1,0
,DEM,Loyola University Chicago,professor,2022,Senate,FL,chicago l,0,0,0
,DEM,U.S. House,),2022,Senate,FL,house u,0,0,0
,DEM,Ken Russell,former Miami City Commissioner   (ran for U.S. House ),2022,Senate,FL,russell k,1,0,0
,DEM,Aramis Ayala,former state attorney for the Ninth Judicial Circuit Court of Florida (2017–2021)  ( ran for attorney general ),2022,Senate,FL,ayala a,3,0,0
,DEM,Charlie Crist,"former U.S. representative , former governor of Florida , candidate for U.S. Senate in 2010 , and nominee for governor in 2014 ( ran for governor )",2022,Senate,FL,crist c,4,1,1
,DEM,Ted Deutch,former U.S. representative,2022,Senate,FL,deutch t,4,1,0
,DEM,Anna Eskamani,state representative,2022,Senate,FL,eskamani a,2,1,0
,DEM,Nikki Fried,former Florida commissioner of agriculture  ( ran for governor ),2022,Senate,FL,fried n,3,0,0
,DEM,Gwen Graham,"former Assistant Secretary of Education for Legislation and Congressional Affairs , former U.S. representative , and candidate for governor in 2018",2022,Senate,FL,graham g,4,1,1
,DEM,Debbie Mucarsel-Powell,former U.S. representative,2022,Senate,FL,powell d,4,1,0
,DEM,Stephanie Murphy,former U.S. representative,2022,Senate,FL,murphy s,4,1,0
,IND,Enclave at Black Point,Community Development District board of supervisors (2016–2021),2022,Senate,FL,point e,0,0,0
,IND,mayor of Orlando,in 2019,2022,Senate,FL,orlando m,0,0,0
,IND,Steven B. Grant,former mayor of Boynton Beach (2016–2022),2022,Senate,FL,grant s,1,0,0
,IND,Florida Institute of Technology,professor,2022,Senate,FL,technology f,0,0,0
,IND,Carlos Barberena,digital marketing consultant,2022,Senate,FL,barberena c,0,0,0
,IND,Grace Granda,business consultant,2022,Senate,FL,granda g,0,0,0
,IND,Jason Holic,businessman,2022,Senate,FL,holic j,0,0,0
,IND,David Jolly,chairman of Serve America Movement and former U.S. representative,2022,Senate,FL,jolly d,4,1,0
,IND,John Morgan,attorney and medical marijuana advocate,2022,Senate,FL,morgan j,0,0,0
,IND,Joe Scarborough,MSNBC host and former U.S. representative,2022,Senate,FL,scarborough j,4,1,0
,IND,Howard Knepper,businessman and perennial candidate,2022,Senate,FL,knepper h,0,0,0
,IND,Moses Quiles,security technician,2022,Senate,FL,quiles m,0,0,0
,DEM,Raphael Warnock,incumbent U.S. Senator,2022,Senate,GA,warnock r,4,0,0
,REP,Herschel Walker,"former running back for the Georgia Bulldogs , former professional football player, and former co-chair of the President's Council on Sports, Fitness, and Nutrition and CEO of Renaissance Man Food Services",2022,Senate,GA,walker h,0,0,0
,REP,Christopher M. Carr,Attorney General of Georgia ( ran for re-election ),2022,Senate,GA,carr c,3,0,0
,REP,Buddy Carter,U.S. Representative for Georgia's 1st congressional district ( ran for re-election ; endorsed Walker),2022,Senate,GA,carter b,4,1,0
,REP,Doug Collins,former U.S. Representative for Georgia's 9th congressional district and candidate for the U.S. Senate in 2020,2022,Senate,GA,collins d,4,1,1
,REP,Geoff Duncan,former Lieutenant Governor of Georgia and former state representative,2022,Senate,GA,duncan g,3,1,0
,REP,Randy Evans,former U.S. Ambassador to Luxembourg   (endorsed Walker),2022,Senate,GA,evans r,0,0,0
,REP,Drew Ferguson,U.S. Representative for Georgia's 3rd congressional district ( ran for re-election ),2022,Senate,GA,ferguson d,4,1,0
,REP,Vernon Jones,former Democratic state representative and CEO of DeKalb County ( ran for the U.S. House in GA-10 ),2022,Senate,GA,jones v,2,1,0
,REP,Brian Kemp,Governor of Georgia ( ran for re-election ),2022,Senate,GA,kemp b,3,0,0
,REP,Jack Kingston,former U.S. Representative for Georgia's 1st congressional district,2022,Senate,GA,kingston j,4,1,0
,REP,Kelly Loeffler,former U.S. Senator  (endorsed Walker),2022,Senate,GA,loeffler k,4,0,0
,REP,Harold Melton,former chief justice of Georgia Supreme Court,2022,Senate,GA,melton h,0,0,0
,REP,David Perdue,former U.S. Senator    (initially filed paperwork; ran for Governor ),2022,Senate,GA,perdue d,4,0,0
,REP,David Ralston,Speaker of the Georgia House of Representatives,2022,Senate,GA,ralston d,2,1,0
,REP,Chase Oliver,"chair of the Atlanta Libertarian Party, customer service specialist, and candidate for Georgia's 5th congressional district in the 2020 House of Representatives special election .   Oliver was the first openly gay Senate candidate in Georgia.",2022,Senate,GA,oliver c,0,1,1
,DEM,Brian Schatz,incumbent U.S. Senator,2022,Senate,HI,schatz b,4,0,0
,REP,Bob McDermott,"state representative , nominee for Hawaii's 2nd congressional district in 2002 , and candidate for Governor of Hawaii in 2018",2022,Senate,HI,mcdermott b,2,1,1
,REP,U.S. Navy,"veteran, filmmaker, and candidate for Hawaii Senate in 2020",2022,Senate,HI,navy u,0,0,1
,REP,Emma Jane Pohlman,attorney,2022,Senate,HI,pohlman e,0,0,0
,REP,Chuck Grassley,incumbent U.S. senator (1981–present) and president pro tempore emeritus,2022,Senate,IA,grassley c,4,1,0
,REP,Ashley Hinson,U.S. representative for Iowa's 1st congressional district (2021–2023) ( ran for re-election ; endorsed Grassley),2022,Senate,IA,hinson a,4,1,0
,REP,Matthew Whitaker,"former acting U.S. attorney general , former U.S. attorney for the Southern District of Iowa , and candidate for the U.S. Senate in 2014  (endorsed Grassley)",2022,Senate,IA,whitaker m,3,0,1
,DEM,Michael Franken,"retired U.S. Navy admiral , former aide to U.S. Senator Ted Kennedy , and candidate for U.S. Senate in 2020",2022,Senate,IA,franken m,4,0,1
,DEM,Bob Krause,former state representative   (endorsed Franken),2022,Senate,IA,krause b,2,1,0
,DEM,Crawford County,supervisor (2017–2021)   (endorsed Franken),2022,Senate,IA,county c,0,0,0
,DEM,Cindy Axne,U.S. representative for Iowa's 3rd congressional district (2019–2023) ( ran for re-election ; endorsed Finkenauer),2022,Senate,IA,axne c,4,1,0
,DEM,Rob Sand,Iowa State Auditor (2019–present)   (ran for reelection),2022,Senate,IA,sand r,3,1,0
,DEM,J. D. Scholten,"former paralegal, former professional baseball player and nominee for Iowa's 4th congressional district in 2018 and 2020  ( ran for state house )",2022,Senate,IA,scholten j,0,0,1
,REP,Mike Crapo,incumbent U.S. senator,2022,Senate,ID,crapo m,4,0,0
,REP,U.S. Army,veteran,2022,Senate,ID,army u,0,0,0
,DEM,state representative,from the 33rd district in 2020,2022,Senate,ID,representative s,0,0,0
,DEM,perennial candidate,[ a ],2022,Senate,ID,candidate p,0,0,0
,DEM,2016,and 2020,2022,Senate,ID,,0,0,0
,IND,Scott Cleveland,entrepreneur,2022,Senate,ID,cleveland s,0,0,0
,DEM,Tammy Duckworth,incumbent U.S. senator,2022,Senate,IL,duckworth t,4,0,0
,REP,Kathy Salvi,"attorney, candidate for Illinois's 8th congressional district in 2006 , and wife of former state representative and 1996 nominee for Illinois's Class 2 Senate seat Al Salvi",2022,Senate,IL,salvi k,2,1,1
,REP,Tom Demmer,state representative ( ran for Illinois treasurer ),2022,Senate,IL,demmer t,2,1,0
,REP,Adam Kinzinger,U.S. representative for Illinois's 16th congressional district,2022,Senate,IL,kinzinger a,4,1,0
,REP,Todd Young,incumbent U.S. Senator,2022,Senate,IN,young t,4,0,0
,REP,Indiana's 5th congressional district,in 2020,2022,Senate,IN,district i,0,0,0
,DEM,Thomas McDermott Jr.,mayor of Hammond and candidate for Indiana's 1st congressional district in 2020,2022,Senate,IN,mcdermott t,1,0,1
,DEM,Indiana University,(ran as independent),2022,Senate,IN,university i,0,0,0
,DEM,Valerie McCray,psychologist,2022,Senate,IN,mccray v,0,0,0
,DEM,Pete Buttigieg,"U.S. Secretary of Transportation , former mayor of South Bend , nominee for Indiana State Treasurer in 2010 , and candidate for President of the United States in 2020",2022,Senate,IN,buttigieg p,4,0,1
,DEM,Joe Donnelly,former U.S. Ambassador to the Holy See and former U.S. Senator,2022,Senate,IN,donnelly j,4,0,0
,DEM,J. D. Ford,state senator  ( ran for re-election ),2022,Senate,IN,ford j,2,0,0
,DEM,Joe Hogsett,"Mayor of Indianapolis , former Indiana Secretary of State , former U.S. Attorney for the Southern District of Indiana , former chair of the Indiana Democratic Party , and nominee for U.S. Senate in 1992",2022,Senate,IN,hogsett j,3,0,1
,DEM,James Sceniak,activist and behavior therapist,2022,Senate,IN,sceniak j,0,0,0
,DEM,U.S. Army,veteran,2022,Senate,IN,army u,0,0,0
,DEM,Ellen Kizik,retail worker,2022,Senate,IN,kizik e,0,0,0
,REP,Jerry Moran,incumbent U.S. senator,2022,Senate,KS,moran j,4,0,0
,REP,Mike Pompeo,"former U.S. secretary of state , former director of the Central Intelligence Agency , and former U.S. representative for Kansas's 4th congressional district (endorsed Moran)",2022,Senate,KS,pompeo m,4,1,0
,DEM,Mark Holland,United Methodist pastor and former mayor of Kansas City,2022,Senate,KS,holland m,1,0,0
,DEM,David Graham,attorney,2022,Senate,KS,graham d,0,0,0
,REP,Rand Paul,incumbent U.S. senator,2022,Senate,KY,paul r,4,0,0
,DEM,Charles Booker,former state representative (2019–2021) and candidate for U.S. Senate in 2020,2022,Senate,KY,booker c,2,1,1
,DEM,Rocky Adkins,"senior advisor to Governor Andy Beshear , former minority leader of the Kentucky House of Representatives , and candidate for governor in 2019",2022,Senate,KY,adkins r,3,1,1
,DEM,Jim Gray,"Kentucky Secretary of Transportation, former mayor of Lexington, KY , nominee for U.S. Senate in 2016 and candidate for Kentucky's 6th congressional district in 2018",2022,Senate,KY,gray j,1,0,1
,DEM,Chris Van Hollen,incumbent U.S. senator,2022,Senate,MD,hollen c,4,0,0
,REP,Chris Chaffee,homebuilding contractor and perennial candidate [ a ],2022,Senate,MD,chaffee c,0,0,0
,REP,Andy Harris,U.S. Representative for Maryland's 1st congressional district (2011–present) ( ran for re-election ),2022,Senate,MD,harris a,4,1,0
,REP,Larry Hogan,Governor of Maryland (2015–2023),2022,Senate,MD,hogan l,3,0,0
,REP,Eric Schmitt,Missouri attorney general (2019–2023) and former Missouri state treasurer (2017–2019),2022,Senate,MO,schmitt e,3,0,0
,REP,Roy Blunt,incumbent U.S. senator (2011–2023) and chair of the Senate Republican Policy Committee (2019–2023),2022,Senate,MO,blunt r,4,0,0
,REP,mayor,"of Corpus Christi, Texas (2016–2017)   ( ran for the U.S. House )",2022,Senate,MO,mayor,0,0,0
,REP,Jay Ashcroft,Missouri secretary of state (2017–present),2022,Senate,MO,ashcroft j,3,1,0
,REP,Scott Fitzpatrick,Missouri state treasurer (2019–2023) ( ran for state auditor ),2022,Senate,MO,fitzpatrick s,3,0,0
,REP,Timothy A. Garrison,former U.S. attorney for the Western District of Missouri (2018–2021),2022,Senate,MO,garrison t,0,0,0
,REP,Mike Kehoe,lieutenant governor of Missouri (2018–present)  ( ran for governor ),2022,Senate,MO,kehoe m,3,1,0
,REP,Peter Kinder,former lieutenant governor of Missouri (2005–2017),2022,Senate,MO,kinder p,3,0,0
,REP,Blaine Luetkemeyer,U.S. representative from Missouri's 3rd congressional district (2013–present) and Missouri's 9th congressional district (2009–2013) ( ran for re-election ),2022,Senate,MO,luetkemeyer b,4,1,0
,REP,Mike Parson,governor of Missouri (2018–present),2022,Senate,MO,parson m,3,1,0
,REP,Jason Smith,U.S. representative from Missouri's 8th congressional district (2013–present) ( ran for re-election ),2022,Senate,MO,smith j,4,1,0
,REP,state representative,(2012–2021),2022,Senate,MO,representative s,0,0,0
,REP,Ann Wagner,U.S. representative from Missouri's 2nd congressional district (2013–present) ( ran for re-election ),2022,Senate,MO,wagner a,4,1,0
,DEM,Tim Shepard,tech entrepreneur ( endorsed Valentine),2022,Senate,MO,shepard t,0,0,0
,DEM,Scott Sifton,former state senator (2013–2021) (endorsed Valentine),2022,Senate,MO,sifton s,2,0,0
,DEM,Nicole Galloway,incumbent State Auditor of Missouri and nominee for governor of Missouri in 2020,2022,Senate,MO,galloway n,3,0,1
,DEM,Jason Kander,former Secretary of State of Missouri (2013–17) and nominee for U.S. Senate in 2016,2022,Senate,MO,kander j,3,0,1
,DEM,Quinton Lucas,mayor of Kansas City (2019–present) (ran for re-election in 2023),2022,Senate,MO,lucas q,1,1,0
,DEM,Claire McCaskill,former U.S. senator,2022,Senate,MO,mccaskill c,4,0,0
,DEM,Jay Nixon,former governor of Missouri (2009–2017) and nominee for U.S. Senate in 1988 and 1998,2022,Senate,MO,nixon j,3,0,1
,DEM,Brian Williams,state senator (2019–present) (ran for re-election),2022,Senate,MO,williams b,2,1,0
,DEM,Clint Zweifel,former Missouri state treasurer (2009–2017),2022,Senate,MO,zweifel c,3,0,0
,DEM,2012,and 2016,2022,Senate,MO,,0,0,0
,DEM,Secretary of State,in 2020,2022,Senate,MO,state s,0,0,0
,IND,Florissant,(2011–2019) (endorsed Schatz and Valentine),2022,Senate,MO,florissant,0,0,0
,IND,Rick Seabaugh,sales manager,2022,Senate,MO,seabaugh r,0,0,0
,IND,Nicholas Strauss,network engineer,2022,Senate,MO,strauss n,0,0,0
,REP,Ted Budd,U.S. representative for NC-13 (2017–2023),2022,Senate,NC,budd t,4,1,0
,REP,Brunswick County,commissioner (since 2008),2022,Senate,NC,county b,0,0,0
,REP,Richard Burr,incumbent U.S. senator  ( endorsed Pat McCrory ),2022,Senate,NC,burr r,4,0,0
,REP,Dan Forest,former lieutenant governor of North Carolina (2013–2021) and nominee for governor in 2020,2022,Senate,NC,forest d,3,0,1
,REP,Virginia Foxx,U.S. representative for NC-5 (2005–present),2022,Senate,NC,foxx v,4,1,0
,REP,Mark Meadows,"former White House chief of staff , former U.S. representative for NC-11 and former chairman of the Freedom Caucus (2013–2020)  ( endorsed Ted Budd )",2022,Senate,NC,meadows m,4,1,0
,REP,Tim Moore,speaker of the North Carolina House of Representatives  (2015–2025) ( running for reelection ),2022,Senate,NC,moore t,2,1,0
,REP,Mark Robinson,lieutenant governor of North Carolina (2021–2025),2022,Senate,NC,robinson m,3,0,0
,REP,Lara Trump,"television producer, senior advisor to Donald Trump's 2020 presidential campaign , and daughter-in-law of former president of the United States Donald Trump ( endorsed Ted Budd )",2022,Senate,NC,trump l,0,0,0
,REP,Michael Whatley,chair of the North Carolina Republican Party,2022,Senate,NC,whatley m,0,0,0
,DEM,Cheri Beasley,former justice of the North Carolina Supreme Court (2012–2020); chief justice 2019–2020),2022,Senate,NC,beasley c,0,0,0
,DEM,Jeff Jackson,state senator (2014–2023) and major in the North Carolina National Guard ( running for NC-14 ) (endorsed Beasley),2022,Senate,NC,jackson j,2,0,0
,DEM,Erica D. Smith,former state senator ( running for NC-01 ) ( endorsed Beasley ),2022,Senate,NC,smith e,2,0,0
,DEM,NC-04,in 2018 ( running for NC-04 ),2022,Senate,NC,nc,0,0,0
,DEM,Sydney Batch,state senator (2021–present),2022,Senate,NC,batch s,2,1,0
,DEM,Mandy Cohen,secretary of the North Carolina Department of Health and Human Services (2017–2021),2022,Senate,NC,cohen m,0,0,0
,DEM,Roy Cooper,governor of North Carolina (2017–2025),2022,Senate,NC,cooper r,3,0,0
,DEM,Anita Earls,associate justice of the North Carolina Supreme Court (2019–present),2022,Senate,NC,earls a,0,1,0
,DEM,Terence Everitt,state representative,2022,Senate,NC,everitt t,2,1,0
,DEM,Anthony Foxx,former United States Secretary of Transportation (2013–2017) and former mayor of Charlotte (2009–2013),2022,Senate,NC,foxx a,4,0,0
,DEM,Joan Higginbotham,electrical engineer and former NASA astronaut,2022,Senate,NC,higginbotham j,0,0,0
,DEM,Vi Lyles,mayor of Charlotte (2017–present) ( running for re-election ),2022,Senate,NC,lyles v,1,1,0
,DEM,Grier Martin,state representative (2005–2022),2022,Senate,NC,martin g,2,1,0
,DEM,Deborah K. Ross,U.S. Representative from NC-2,2022,Senate,NC,ross d,4,1,0
,DEM,Heath Shuler,former U.S. Representative for NC-11 (2007–2013),2022,Senate,NC,shuler h,4,1,0
,IND,U.S. Navy,"veteran, candidate for NC-03 in 2019 and nominee for U.S. Senate in 2020",2022,Senate,NC,navy u,0,0,1
,IND,Matthew Hoh,activist and veteran,2022,Senate,NC,hoh m,0,0,0
,IND,Michelle Lewis,activist,2022,Senate,NC,lewis m,0,0,0
,REP,John Hoeven,incumbent U.S. Senator,2022,Senate,ND,hoeven j,4,0,0
,REP,Rick Becker,state representative   (running as Independent),2022,Senate,ND,becker r,2,1,0
,DEM,University of Jamestown,engineering professor,2022,Senate,ND,jamestown u,0,0,0
,IND,Rick Becker,state representative,2022,Senate,ND,becker r,2,1,0
,DEM,Maggie Hassan,incumbent U.S. Senator,2022,Senate,NH,hassan m,4,0,0
,REP,Don Bolduc,retired U.S. Army Special Forces brigadier general and candidate for U.S. Senate in 2020,2022,Senate,NH,bolduc d,0,0,1
,REP,Kelly Ayotte,former U.S. Senator,2022,Senate,NH,ayotte k,4,0,0
,REP,Scott Brown,"former U.S. Ambassador to New Zealand and Samoa , former U.S. Senator from Massachusetts , and nominee for U.S. Senate in New Hampshire in 2014",2022,Senate,NH,brown s,4,0,1
,REP,Chris Sununu,Governor of New Hampshire and brother of former U.S. Senator John Sununu    (ran for reelection ),2022,Senate,NH,sununu c,4,0,0
,REP,Jeremy Kauffman,"founder and CEO of LBRY , board member of the Free State Project",2022,Senate,NH,kauffman j,0,0,0
,IND,Tejasinha Sivalingam,(write-in),2022,Senate,NH,sivalingam t,0,0,0
,IND,Steve Hattamer,physician,2022,Senate,NH,hattamer s,0,0,0
,IND,Geoff Woollacott,businessman,2022,Senate,NH,woollacott g,0,0,0
,DEM,Catherine Cortez Masto,incumbent U.S. senator (2017–present) and former attorney general of Nevada (2007–2015),2022,Senate,NV,masto c,4,1,0
,REP,Adam Laxalt,"former attorney general of Nevada (2015–2019), nominee for governor in 2018 , son of former U.S. Senator Pete Domenici and grandson of former U.S. Senator Paul Laxalt",2022,Senate,NV,laxalt a,4,0,1
,REP,Mark Amodei,U.S. representative for Nevada's 2nd congressional district (2011–present) ( ran for re-election ),2022,Senate,NV,amodei m,4,1,0
,REP,Heidi Gansert,state senator for the 15th district (2016–2024),2022,Senate,NV,gansert h,2,0,0
,REP,Dean Heller,former U.S. senator (2011–2019) and former U.S. representative for Nevada's 2nd congressional district (2007–2011) ( ran for governor ),2022,Senate,NV,heller d,4,1,0
,REP,Ben Kieckhefer,state senator for the 16th district (2010–2021),2022,Senate,NV,kieckhefer b,2,0,0
,REP,Brian Sandoval,"president of the University of Nevada, Reno (2020–present) and former governor of Nevada (2011–2019)",2022,Senate,NV,sandoval b,3,1,0
,REP,Neil Scott,accountant,2022,Senate,NV,scott n,0,0,0
,IND,Nevada's 4th congressional district,in 2020,2022,Senate,NV,district n,0,0,0
,IND,Barry Lindemann,asset manager,2022,Senate,NV,lindemann b,0,0,0
,IND,J. J. Destin,truck driver,2022,Senate,NV,destin j,0,0,0
,DEM,Chuck Schumer,incumbent U.S. Senator and Senate Majority Leader,2022,Senate,NY,schumer c,4,0,0
,DEM,Moses Mugulusi,regulator,2022,Senate,NY,mugulusi m,0,0,0
,DEM,Khaled Salem,activist,2022,Senate,NY,salem k,0,0,0
,DEM,Alessandra Biaggi,state senator from the 34th district ( ran for U.S. House ),2022,Senate,NY,biaggi a,2,0,0
,DEM,Jamaal Bowman,U.S. Representative for New York's 16th congressional district ( ran for re-election ),2022,Senate,NY,bowman j,4,1,0
,DEM,Andrew Cuomo,"former governor of New York , former attorney general of New York , and former U.S. Secretary of Housing and Urban Development",2022,Senate,NY,cuomo a,4,0,0
,DEM,Mondaire Jones,U.S. Representative for New York's 17th congressional district ( ran for re-election ),2022,Senate,NY,jones m,4,1,0
,DEM,Alexandria Ocasio-Cortez,U.S. Representative for New York's 14th congressional district ( ran for re-election ),2022,Senate,NY,cortez a,4,1,0
,DEM,Jumaane Williams,New York City Public Advocate and former New York City Councilor for the 45th district ( ran for governor ),2022,Senate,NY,williams j,3,0,0
,REP,Joe Pinion,"entrepreneur, TV host and candidate for New York State Assembly in 2018",2022,Senate,NY,pinion j,0,0,1
,REP,New York City Council,in 2021,2022,Senate,NY,council n,0,0,0
,REP,Andrew Giuliani,"former Trump administration official, son of Rudy Giuliani and Newsmax TV contributor ( ran for governor )",2022,Senate,NY,giuliani a,3,0,0
,REP,John Katko,U.S. Representative for New York's 24th congressional district,2022,Senate,NY,katko j,4,1,0
,REP,Tom Reed,former U.S. Representative for New York's 23rd congressional district,2022,Senate,NY,reed t,4,1,0
,REP,Lee Zeldin,U.S. Representative for New York's 1st congressional district and former state senator from the 3rd district ( ran for governor ),2022,Senate,NY,zeldin l,4,1,0
,REP,New York State Assembly,in 2018,2022,Senate,NY,assembly n,0,0,0
,REP,Chuck Schumer,incumbent U.S. senator,2022,Senate,NY,schumer c,4,0,0
,REP,JD Vance,"author of Hillbilly Elegy , U.S. Marine Corps veteran, and venture capitalist",2022,Senate,OH,vance j,0,0,0
,REP,Minnesota,and Kansas ) in 2020,2022,Senate,OH,minnesota,0,0,0
,REP,Bernie Moreno,businessman,2022,Senate,OH,moreno b,0,0,0
,REP,Bill Graham,attorney,2022,Senate,OH,graham b,0,0,0
,REP,MedFlight,pilot and retired U.S. Army chief warrant officer,2022,Senate,OH,medflight,0,0,0
,REP,U.S. Air Force,veteran,2022,Senate,OH,force u,0,0,0
,REP,Troy Balderson,U.S. representative for Ohio's 12th congressional district (2018–present),2022,Senate,OH,balderson t,4,1,0
,REP,Warren Davidson,U.S. representative for Ohio's 8th congressional district (2016–present),2022,Senate,OH,davidson w,4,1,0
,REP,Anthony Gonzalez,U.S. representative for Ohio's 16th congressional district (2019–2023),2022,Senate,OH,gonzalez a,4,1,0
,REP,Jon Husted,lieutenant governor of Ohio (2019–present) ( ran for re-election ),2022,Senate,OH,husted j,3,1,0
,REP,Bill Johnson,U.S. representative for Ohio's 6th congressional district (2011–2024),2022,Senate,OH,johnson b,4,1,0
,REP,Jim Jordan,U.S. representative for Ohio's 4th congressional district (2007–present) ( running for re-election ),2022,Senate,OH,jordan j,4,1,0
,REP,David Joyce,U.S. representative for Ohio's 14th congressional district (2013–present) (ran for re-election),2022,Senate,OH,joyce d,4,1,0
,REP,John Kasich,former governor of Ohio (2011–2019) and candidate for President of the United States in 2000 and 2016,2022,Senate,OH,kasich j,3,0,1
,REP,Mark Kvamme,co-founder of Drive Capital,2022,Senate,OH,kvamme m,0,0,0
,REP,Frank LaRose,Ohio secretary of state (2019–present) ( endorsed Vance ) (ran for re-election),2022,Senate,OH,larose f,3,1,0
,REP,Rob Portman,incumbent U.S. Senator (2011–2023),2022,Senate,OH,portman r,4,0,0
,REP,Vivek Ramaswamy,"entrepreneur, author and businessman",2022,Senate,OH,ramaswamy v,0,0,0
,REP,Jim Renacci,former U.S. representative for Ohio's 16th congressional district (2011–2019) and nominee for U.S. Senate in 2018 ( ran for governor ),2022,Senate,OH,renacci j,4,1,1
,REP,Geraldo Rivera,"journalist, author, attorney, and former TV host",2022,Senate,OH,rivera g,0,0,0
,REP,Darrell C. Scott,pastor and CEO of the National Diversity Coalition for Trump  ( endorsed Moreno )  ( expressed interest in running for Ohio's 16th congressional district ),2022,Senate,OH,scott d,0,0,0
,REP,Steve Stivers,former U.S. representative for Ohio's 15th congressional district (2011–2021),2022,Senate,OH,stivers s,4,1,0
,REP,Pat Tiberi,former U.S. representative for Ohio's 12th congressional district (2001–2018),2022,Senate,OH,tiberi p,4,1,0
,REP,Jim Tressel,president of Youngstown State University and former Ohio State football coach,2022,Senate,OH,tressel j,0,0,0
,REP,Mike Turner,U.S. representative for Ohio's 10th congressional district (2003–present) (ran for re-election),2022,Senate,OH,turner m,4,1,0
,REP,Brad Wenstrup,U.S. representative for Ohio's 2nd congressional district (2013–present) (ran for re-election),2022,Senate,OH,wenstrup b,4,1,0
,REP,Dave Yost,attorney general of Ohio (2019–present) and former Ohio state auditor (2011–2019) (ran for re-election),2022,Senate,OH,yost d,3,1,0
,DEM,Tim Ryan,U.S. representative for Ohio's 13th congressional district (2013–2023) and candidate for President of the United States in 2020,2022,Senate,OH,ryan t,4,1,1
,DEM,Amy Acton,former director of the Ohio Department of Health,2022,Senate,OH,acton a,0,0,0
,DEM,Joyce Beatty,U.S. representative for Ohio's 3rd congressional district (2013–present) ( ran for re-election ),2022,Senate,OH,beatty j,4,1,0
,DEM,Kevin Boyce,president of the Franklin County board of commissioners and former Ohio State Treasurer,2022,Senate,OH,boyce k,3,0,0
,DEM,Kathleen Clyde,"former Portage County commissioner, former state representative , and nominee for Ohio Secretary of State in 2018",2022,Senate,OH,clyde k,2,1,1
,DEM,Michael Coleman,former mayor of Columbus,2022,Senate,OH,coleman m,1,0,0
,DEM,John Cranley,former mayor of Cincinnati ( ran for governor ),2022,Senate,OH,cranley j,3,0,0
,DEM,LeBron James,professional basketball player for the Los Angeles Lakers and former player for the Cleveland Cavaliers,2022,Senate,OH,james l,0,0,0
,DEM,Columbus,city attorney,2022,Senate,OH,columbus,0,0,0
,DEM,Franklin county recorder,and nominee for Ohio's 12th congressional district in 2018,2022,Senate,OH,recorder f,0,0,1
,DEM,Aftab Pureval,attorney and Hamilton County clerk of courts ( elected Mayor of Cincinnati in 2021),2022,Senate,OH,pureval a,1,0,0
,DEM,Alicia Reece,Hamilton County commissioner,2022,Senate,OH,reece a,1,0,0
,DEM,Connie Schultz,former columnist for The Plain Dealer and wife of U.S. Senator Sherrod Brown,2022,Senate,OH,schultz c,4,0,0
,DEM,Emilia Sykes,minority leader of the Ohio House of Representatives ( ran for the U.S. House in Ohio's 13th congressional district ),2022,Senate,OH,sykes e,0,1,0
,DEM,Nina Turner,"president of Our Revolution , former state senator , and nominee for Ohio Secretary of State in 2014 ( ran for the U.S. House in Ohio's 11th congressional district )",2022,Senate,OH,turner n,2,0,1
,DEM,Nan Whaley,former mayor of Dayton ( ran for governor ),2022,Senate,OH,whaley n,3,0,0
,IND,2018,(write-in),2022,Senate,OH,,0,0,0
,IND,United States Air Force,"veteran, candidate for Ohio's 1st congressional district in 2018 , and candidate for chair of the Democratic National Committee in 2017 ( Independent )",2022,Senate,OH,force u,0,0,1
,REP,James Lankford,incumbent U.S. Senator,2022,Senate,OK,lankford j,4,0,0
,REP,Nathan Dahm,State Senator for the 33rd district (2013–2024) ( ran for the Class 2 U.S. Senate seat ),2022,Senate,OK,dahm n,2,0,0
,REP,dietician,and daughter of former state senator Earl Garrison ( ran for the Class 2 U.S. Senate seat ),2022,Senate,OK,dietician,2,0,0
,DEM,Madison Horn,cybersecurity professional,2022,Senate,OK,horn m,0,0,0
,DEM,Kendra Horn,former U.S. representative  (running in the concurrent special election for the Class 2 seat),2022,Senate,OK,horn k,4,1,0
,DEM,Ron Wyden,incumbent U.S. Senator (1996–present),2022,Senate,OR,wyden r,4,1,0
,REP,Jo Rae Perkins,former chair of the Linn County Republican Party and nominee for the U.S. Senate in 2020,2022,Senate,OR,perkins j,0,0,1
,REP,Alek Skarlatos,former Oregon National Guard soldier and nominee for Oregon's 4th congressional district in 2020 ( running for U.S. House ),2022,Senate,OR,skarlatos a,0,0,1
,REP,John R Newton,brewer,2022,Senate,OR,newton j,0,0,0
,IND,Thomas Verde,contract specialist,2022,Senate,OR,verde t,0,0,0
,REP,Mehmet Oz,host of The Dr. Oz Show and former cardiologist,2022,Senate,PA,oz m,0,0,0
,REP,Sean Parnell,"U.S. Army veteran, author, and nominee for PA-17 in 2020 (endorsed McCormick)",2022,Senate,PA,parnell s,0,0,1
,REP,Everett Stern,"whistleblower, private intelligence agency owner, and candidate for PA-13 in 2014 and U.S. Senate in 2016 (ran as an independent)",2022,Senate,PA,stern e,0,0,1
,REP,Kenneth Braithwaite,"U.S. Secretary of the Navy (2020–2021), U.S. Ambassador to Norway (2018–2020), and former advisor to U.S. Senator Arlen Specter",2022,Senate,PA,braithwaite k,4,0,0
,REP,Mike Kelly,U.S. representative for PA-16 ; formerly PA-03 (2011–present)   (endorsed Parnell),2022,Senate,PA,kelly m,4,1,0
,REP,Keith Rothfus,U.S. representative for PA-12 (2013–2019),2022,Senate,PA,rothfus k,4,1,0
,REP,Kiron Skinner,Taube Professor of International Relations and Politics at Carnegie Mellon University and former Director of Policy Planning at the U.S. State Department (2018–2019),2022,Senate,PA,skinner k,0,0,0
,REP,Pat Toomey,incumbent U.S. senator,2022,Senate,PA,toomey p,4,0,0
,REP,Donald Trump Jr.,businessman and son of former president Donald Trump (endorsed Parnell),2022,Senate,PA,trump d,0,0,0
,DEM,John Fetterman,"Lieutenant Governor of Pennsylvania (2019–2023), former mayor of Braddock (2005–2019) and candidate for the U.S. Senate in 2016",2022,Senate,PA,fetterman j,3,0,1
,DEM,Val Arkoosh,member of the Montgomery County Board of Commissioners (2014–2023) and physician,2022,Senate,PA,arkoosh v,0,0,0
,DEM,Norristown,Municipal Council (1994–1997),2022,Senate,PA,norristown,0,0,0
,DEM,Wharton School,at the University of Pennsylvania (endorsed Kenyatta),2022,Senate,PA,school w,0,0,0
,DEM,Sharif Street,"state senator for the 3rd district (2017–present), vice chair of the Pennsylvania Democratic Party , son of former mayor of Philadelphia John Street (endorsed Lamb)",2022,Senate,PA,street s,2,1,0
,DEM,Brendan Boyle,U.S. representative for PA-02 ; formerly PA-13 (2015–present),2022,Senate,PA,boyle b,4,1,0
,DEM,Madeleine Dean,U.S. representative for PA-04 (2019–present) (ran for re-election),2022,Senate,PA,dean m,4,1,0
,DEM,Eugene DePasquale,Pennsylvania Auditor General (2013–2021) and nominee for PA-10 in 2020,2022,Senate,PA,depasquale e,0,0,1
,DEM,Chrissy Houlahan,U.S. Representative for PA-06 (2019–present) (ran for re-election),2022,Senate,PA,houlahan c,4,1,0
,DEM,Jim Kenney,Mayor of Philadelphia (2016–2024) (endorsed Lamb),2022,Senate,PA,kenney j,1,0,0
,DEM,Joe Sestak,"U.S. representative for PA-07 (2007–2011), former Vice Admiral of the U.S. Navy , nominee for U.S. Senate in 2010 , candidate for U.S. Senate in 2016 , and candidate for president in 2020",2022,Senate,PA,sestak j,4,1,1
,DEM,Josh Shapiro,Pennsylvania Attorney General (2017–2023) ( ran for Governor ),2022,Senate,PA,shapiro j,3,0,0
,DEM,Joe Torsella,Pennsylvania State Treasurer (2017–2021),2022,Senate,PA,torsella j,3,0,0
,DEM,Susan Wild,U.S. representative for PA-07 ; formerly PA-15 (2018–2025) (ran for re-election),2022,Senate,PA,wild s,4,1,0
,DEM,powder coater,"and former chair of the Pennsylvania Libertarian Party (2013–2015, 2019–2021)",2022,Senate,PA,coater p,0,0,0
,DEM,attorney general,"in 2020 , and nominee for judge of the Allegheny County Court of Common Pleas in 2021",2022,Senate,PA,general a,0,0,1
,IND,Keystone,"nominee), lawyer and Libertarian nominee for attorney general in 2020",2022,Senate,PA,keystone,0,0,1
,IND,Constitution,"nominee), former Fredonia borough councilor    ( originally ran as a Republican )",2022,Senate,PA,constitution,0,0,0
,IND,inspector of elections,for Philadelphia 's 44th ward,2022,Senate,PA,elections i,0,0,0
,IND,Everett Stern,"whistleblower, private intelligence agency owner, and Republican candidate for PA-13 in 2014 and U.S. Senate in 2016 (originally ran as a Republican, endorsed Fetterman)",2022,Senate,PA,stern e,0,0,1
,REP,Tim Scott,incumbent U.S. Senator (2013–present),2022,Senate,SC,scott t,4,1,0
,DEM,Krystle Matthews,former state representative (2018–2022),2022,Senate,SC,matthews k,2,1,0
,REP,John Thune,incumbent U.S. Senator (2005–present) and Senate Minority Whip (2021–2025),2022,Senate,SD,thune j,4,1,0
,REP,Patrick Schubert,software executive,2022,Senate,SD,schubert p,0,0,0
,REP,Marty Jackley,former South Dakota Attorney General (2009–2019) and candidate for governor of South Dakota in 2018 ( ran for Attorney General ),2022,Senate,SD,jackley m,3,0,1
,REP,Dusty Johnson,U.S. Representative from South Dakota's at-large congressional district (2019–present) ( ran for re-election ),2022,Senate,SD,johnson d,4,1,0
,REP,Kristi Noem,Governor of South Dakota (2019–2025) and former U.S. Representative for South Dakota's at-large congressional district (2011–2019) ( ran for re-election ),2022,Senate,SD,noem k,4,1,0
,DEM,U.S. Navy,"and Air Force veteran, and former Northern State University political science professor",2022,Senate,SD,navy u,0,0,0
,DEM,Troy Heinert,Minority Leader of the South Dakota Senate (2019–2023) from the 26th district (2015–2023),2022,Senate,SD,heinert t,0,0,0
,DEM,Brendan Johnson,former U.S. Attorney for South Dakota (2009–2015) and son of former U.S. Senator Tim Johnson,2022,Senate,SD,johnson b,4,0,0
,DEM,Stephanie Herseth Sandlin,president of Augustana University (2017–present) and former U.S. Representative for South Dakota's at-large congressional district (2004–2011),2022,Senate,SD,sandlin s,4,1,0
,DEM,Billie Sutton,former Minority Leader of the South Dakota Senate (2015–2019) from the 21st district (2011–2019) and nominee for governor in 2018,2022,Senate,SD,sutton b,0,0,1
,DEM,Tamara Lesnar,small business owner,2022,Senate,SD,lesnar t,0,0,0
,REP,Mike Lee,incumbent U.S. Senator (2011–present),2022,Senate,UT,lee m,4,1,0
,REP,London School of Economics,and grandson of Henry B. Eyring,2022,Senate,UT,economics l,0,0,0
,REP,Erin Rider,attorney,2022,Senate,UT,rider e,0,0,0
,REP,Thomas Wright,"real estate broker, chair of the Utah Republican Party (2011–2013) and candidate for Governor of Utah in 2020 .",2022,Senate,UT,wright t,0,0,1
,DEM,Kael Weston,former U.S. State Department official and nominee for Utah's 2nd congressional district in 2020,2022,Senate,UT,weston k,0,0,1
,DEM,Austin Searle,musician,2022,Senate,UT,searle a,0,0,0
,DEM,Allen Glines,community activist and writer,2022,Senate,UT,glines a,0,0,0
,DEM,Utah's 2nd congressional district,),2022,Senate,UT,district u,0,0,0
,DEM,Ben McAdams,U.S. Representative for Utah's 4th congressional district (2019–2021)   (endorsed McMullin),2022,Senate,UT,mcadams b,4,1,0
,DEM,Steve Schmidt,"political commentator for MSNBC , founder of The Lincoln Project , and former Republican political strategist",2022,Senate,UT,schmidt s,0,0,0
,DEM,James Hansen,teacher,2022,Senate,UT,hansen j,0,0,0
,IND,Tommy Williams,perennial candidate,2022,Senate,UT,williams t,0,0,0
,IND,Evan McMullin,"political activist, former CIA operations officer , and candidate for President of the United States in 2016  (endorsed by the Democratic Party , United Utah Party , and Forward Party )",2022,Senate,UT,mcmullin e,0,0,1
,IND,assistant professor,at Weber State University  (running as a Republican).,2022,Senate,UT,professor a,0,0,0
,DEM,Peter Welch,U.S. Representative for Vermont's at-large congressional district,2022,Senate,VT,welch p,4,1,0
,DEM,Becca Balint,President pro tempore of the Vermont Senate     ( ran for and elected to U.S. House ),2022,Senate,VT,balint b,0,0,0
,DEM,Sarah Copeland-Hanzas,state representative,2022,Senate,VT,hanzas s,2,1,0
,DEM,T. J. Donovan,Vermont Attorney General,2022,Senate,VT,donovan t,3,0,0
,DEM,Molly Gray,Lieutenant Governor of Vermont   ( ran for U.S. House ),2022,Senate,VT,gray m,3,0,0
,DEM,Christine Hallquist,businesswoman and nominee for Governor of Vermont in 2018,2022,Senate,VT,hallquist c,0,0,1
,DEM,Jill Krowinski,Speaker of the Vermont House of Representatives,2022,Senate,VT,krowinski j,2,1,0
,DEM,Patrick Leahy,incumbent U.S. senator and president pro tempore,2022,Senate,VT,leahy p,4,0,0
,DEM,Kesha Ram Hinsdale,state senator and candidate for lieutenant governor in 2016  (endorsed Welch; ran for and won re-election ),2022,Senate,VT,hinsdale k,2,0,1
,DEM,Tanya Vyhovsky,state representative   [ a ] ( ran for and elected to state senate ),2022,Senate,VT,vyhovsky t,2,1,0
,DEM,David Zuckerman,former lieutenant governor of Vermont and Democratic and Progressive nominee for governor in 2020 ( ran for and elected lieutenant governor )  [ a ],2022,Senate,VT,zuckerman d,3,0,1
,REP,U.S. Army,officer,2022,Senate,VT,army u,0,0,0
,REP,Jim Douglas,former governor of Vermont and nominee for U.S. Senate in 1992,2022,Senate,VT,douglas j,3,0,1
,REP,Phil Scott,Governor of Vermont (endorsed Nolan; running for re-election ),2022,Senate,VT,scott p,3,0,0
,REP,Vermont Progressive Party,"and candidate for governor in 2010 , 2012 , and 2014",2022,Senate,VT,party v,0,0,1
,REP,Tanya Vyhovsky,state representative  ( running for state senate ),2022,Senate,VT,vyhovsky t,2,1,0
,IND,Mark Coester,truck driver,2022,Senate,VT,coester m,0,0,0
,IND,Cris Ericson,perennial candidate,2022,Senate,VT,ericson c,0,0,0
,IND,Kerry Patrick Raheb,former stockbroker,2022,Senate,VT,raheb k,0,0,0
,IND,Brock Pierce,"cryptocurrency investor, former actor, and candidate for president of the United States in 2020",2022,Senate,VT,pierce b,0,0,1
,DEM,Patty Murray,incumbent U.S. Senator and Assistant Democratic Leader,2022,Senate,WA,murray p,4,0,0
,REP,Tiffany Smiley,nurse,2022,Senate,WA,smiley t,0,0,0
,REP,Bob Hagglund,IT professional,2022,Senate,WA,hagglund b,0,0,0
,REP,Isaac Holyk,software developer,2022,Senate,WA,holyk i,0,0,0
,REP,Ron Johnson,incumbent U.S. senator,2022,Senate,WI,johnson r,4,0,0
,REP,Minnesota,and Kansas ) in 2020,2022,Senate,WI,minnesota,0,0,0
,REP,Kenosha County,sheriff,2022,Senate,WI,county k,1,0,0
,REP,Sean Duffy,former U.S. representative from Wisconsin's 7th congressional district,2022,Senate,WI,duffy s,4,1,0
,REP,Mike Gallagher,U.S. representative from Wisconsin's 8th congressional district ( ran for re-election ; endorsed Johnson),2022,Senate,WI,gallagher m,4,1,0
,REP,Rebecca Kleefisch,former lieutenant governor of Wisconsin ( ran for governor ; endorsed Johnson),2022,Senate,WI,kleefisch r,3,0,0
,REP,Wisconsin Board of Veterans Affairs,and candidate for U.S. Senate in 2018 ( ran for governor ),2022,Senate,WI,affairs w,0,0,1
,REP,Bryan Steil,U.S. representative from Wisconsin's 1st congressional district ( ran for re-election ; endorsed Johnson),2022,Senate,WI,steil b,4,1,0
,REP,Scott Walker,former governor of Wisconsin,2022,Senate,WI,walker s,3,0,0
,DEM,Mandela Barnes,lieutenant governor of Wisconsin,2022,Senate,WI,barnes m,3,0,0
,DEM,ran for state treasurer,),2022,Senate,WI,treasurer r,0,0,0
,DEM,Sarah Godlewski,state treasurer of Wisconsin (endorsed Barnes; remained on ballot),2022,Senate,WI,godlewski s,3,0,0
,DEM,Chris Larson,state senator from the 7th district (endorsed Barnes),2022,Senate,WI,larson c,2,0,0
,DEM,Alex Lasry,senior vice president of the Milwaukee Bucks and former intern in the Obama administration (endorsed Barnes; remained on ballot),2022,Senate,WI,lasry a,0,0,0
,DEM,Tom Nelson,"Outagamie County executive, former Majority Leader of the Wisconsin Assembly , and nominee for lieutenant governor of Wisconsin in 2010 and for Wisconsin's 8th congressional district in 2016 (endorsed Barnes; remained on ballot)",2022,Senate,WI,nelson t,1,0,1
,DEM,2018,(endorsed Nelson),2022,Senate,WI,,0,0,0
,DEM,Tony Evers,governor of Wisconsin ( ran for re-election ),2022,Senate,WI,evers t,3,0,0
,DEM,Josh Kaul,attorney general of Wisconsin ( ran for re-election ),2022,Senate,WI,kaul j,3,0,0
,DEM,Ron Kind,U.S. representative from Wisconsin's 3rd congressional district,2022,Senate,WI,kind r,4,1,0
,DEM,Mark Pocan,U.S. representative from Wisconsin's 2nd congressional district ( ran for re-election ),2022,Senate,WI,pocan m,4,1,0
,DEM,Ruben Gallego,U.S. representative for Arizona's 3rd congressional district (2015–2025),2024,Senate,AZ,gallego r,4,1,0
,DEM,Kate Gallego,"mayor of Phoenix (2019–present)  (endorsed Ruben Gallego, her ex-husband)",2024,Senate,AZ,gallego k,1,1,0
,DEM,Greg Stanton,U.S. representative for Arizona's 4th congressional district (2019–present) and former mayor of Phoenix (2012–2018)  ( ran for re-election ),2024,Senate,AZ,stanton g,4,1,0
,REP,Kari Lake,former KSAZ-TV news anchor and nominee for governor of Arizona in 2022,2024,Senate,AZ,lake k,0,0,1
,REP,Juan Ciscomani,U.S. representative for Arizona's 6th congressional district (2023–present),2024,Senate,AZ,ciscomani j,4,1,0
,REP,Doug Ducey,governor of Arizona (2015–2023),2024,Senate,AZ,ducey d,3,0,0
,REP,Abraham Hamadeh,"former prosecutor in the Maricopa County attorney's office and nominee for Arizona attorney general in 2022  ( ran for U.S. House , endorsed Lake)",2024,Senate,AZ,hamadeh a,1,0,1
,REP,Blake Masters,"venture capitalist and nominee for U.S. Senate in 2022  ( ran for U.S. House , endorsed Lake)",2024,Senate,AZ,masters b,0,0,1
,REP,Karrin Taylor Robson,former member of the Arizona Board of Regents (2017–2021) and candidate for governor of Arizona in 2022  (endorsed Lake),2024,Senate,AZ,robson k,0,0,1
,REP,Kelli Ward,"former state senator from the 5th district (2013–2015), former chair of the Arizona Republican Party (2019–2023), and candidate for U.S. Senate in 2016 and 2018",2024,Senate,AZ,ward k,2,0,1
,REP,Pima County,Green Party,2024,Senate,AZ,county p,0,0,0
,IND,Kyrsten Sinema,incumbent U.S. senator (2019–2025),2024,Senate,AZ,sinema k,4,0,0
,DEM,Denard Ingram,psychologist and social worker,2024,Senate,CA,ingram d,0,0,0
,DEM,Google,executive,2024,Senate,CA,google,0,0,0
,DEM,Rob Bonta,34th attorney general of California (2021–present)  (endorsed Lee and Porter),2024,Senate,CA,bonta r,3,1,0
,DEM,London Breed,"45th mayor of San Francisco (2018–2025)  (endorsed Lee, ran for re-election )",2024,Senate,CA,breed l,1,0,0
,DEM,Laphonza Butler,incumbent U.S. senator (2023–2024),2024,Senate,CA,butler l,4,0,0
,DEM,Ro Khanna,"U.S. representative for California's 17th congressional district (2017–present) ( endorsed Lee, ran for re-election )",2024,Senate,CA,khanna r,4,1,0
,DEM,Eleni Kounalakis,"50th lieutenant governor of California (2019–present) ( ran for governor , then state treasurer in 2026)",2024,Senate,CA,kounalakis e,3,1,0
,DEM,Fiona Ma,"California State Treasurer (2019–present)  ( endorsed Lee, running for lieutenant governor in 2026 )",2024,Senate,CA,ma f,3,1,0
,DEM,Holly Mitchell,"Los Angeles County supervisor (2020–2021, 2025-present)  ( ran for re-election )",2024,Senate,CA,mitchell h,1,1,0
,DEM,Gavin Newsom,40th governor of California (2019–present),2024,Senate,CA,newsom g,3,1,0
,DEM,Libby Schaaf,50th mayor of Oakland (2015–2023) (endorsed Lee),2024,Senate,CA,schaaf l,1,0,0
,DEM,Eric Swalwell,U.S. representative for California's 14th congressional district (2013–2026) and candidate for president in 2020  ( ran for re-election ),2024,Senate,CA,swalwell e,4,1,1
,DEM,Oprah Winfrey,talk show host and media proprietor,2024,Senate,CA,winfrey o,0,0,0
,REP,Steve Garvey,former professional baseball player for the Los Angeles Dodgers and the San Diego Padres,2024,Senate,CA,garvey s,0,0,0
,REP,Danny Fabricant,retired sliding door repairman and convicted felon,2024,Senate,CA,fabricant d,0,0,0
,REP,Lanhee Chen,Stanford University professor and runner-up for California State Controller in 2022,2024,Senate,CA,chen l,0,0,0
,REP,Larry Elder,"radio host, former candidate for president in 2024 , and candidate for Governor of California in the 2021 recall election",2024,Senate,CA,elder l,0,0,1
,REP,Kevin Faulconer,38th mayor of San Diego (2014–2020) and candidate for Governor of California in the 2021 recall election   (ran for San Diego County Board of Supervisors ),2024,Senate,CA,faulconer k,1,0,1
,IND,Michael Dilger,social media marketing professional,2024,Senate,CA,dilger m,0,0,0
,IND,Dwayne Johnson,actor and businessman,2024,Senate,CA,johnson d,0,0,0
,IND,Arnold Schwarzenegger,[ e ] 38th governor of California (2003–2011),2024,Senate,CA,schwarzenegger a,3,0,0
,DEM,Chris Murphy,incumbent U.S. senator,2024,Senate,CT,murphy c,4,0,0
,REP,Connecticut Green Party,and nominee for Connecticut's 3rd congressional district in 2020 and 2022,2024,Senate,CT,party c,0,0,1
,DEM,Lisa Blunt Rochester,U.S. representative from Delaware's at-large congressional district,2024,Senate,DE,rochester l,4,1,0
,DEM,John Carney,governor of Delaware (2017–2025) and former U.S. representative from Delaware's at-large congressional district (2011–2017) ( ran for Mayor of Wilmington ),2024,Senate,DE,carney j,4,1,0
,DEM,Tom Carper,incumbent U.S. senator (endorsed Blunt Rochester),2024,Senate,DE,carper t,4,0,0
,DEM,Colleen Davis,Delaware State Treasurer  ( ran for U.S. House ),2024,Senate,DE,davis c,3,0,0
,DEM,Kerri Evelyn Harris,state representative and candidate for U.S. Senate in 2018,2024,Senate,DE,harris k,2,1,1
,REP,Eric Hansen,businessman,2024,Senate,DE,hansen e,0,0,0
,IND,Michael Katz,former Democratic state senator (2009–2013),2024,Senate,DE,katz m,2,0,0
,REP,Rick Scott,incumbent U.S. senator (2019–present),2024,Senate,FL,scott r,4,1,0
,REP,Ron DeSantis,governor of Florida (2019–present) and former U.S. representative from Florida's 6th congressional district (2013–2018) ( ran for president ),2024,Senate,FL,desantis r,4,1,0
,REP,Byron Donalds,U.S. representative from Florida's 19th congressional district (2021–present)  ( ran for re-election ),2024,Senate,FL,donalds b,4,1,0
,REP,Matt Gaetz,U.S. representative from Florida's 1st congressional district (2017–2024) ( ran for re-election ),2024,Senate,FL,gaetz m,4,1,0
,DEM,Debbie Mucarsel-Powell,former U.S. representative from Florida's 26th congressional district (2019–2021),2024,Senate,FL,powell d,4,1,0
,DEM,Florida's 1st congressional district,"in 2020 and candidate in 2018 ( ran for U.S. House , endorsed Mucarsel-Powell)",2024,Senate,FL,district f,0,0,0
,DEM,Alan Grayson,"former U.S. representative from Florida's 9th congressional district (2009–2011, 2013–2017) and perennial candidate [ c ] ( ran for state senate )",2024,Senate,FL,grayson a,4,1,0
,DEM,Stephanie Murphy,former U.S. Representative from Florida's 7th congressional district (2017-2023),2024,Senate,FL,murphy s,4,1,0
,DEM,Sheila Cherfilus-McCormick,U.S. representative from Florida's 20th congressional district (2022–present)  ( ran for re-election ),2024,Senate,FL,mccormick s,4,1,0
,DEM,Fentrice Driskell,Minority Leader of the Florida House of Representatives (2022–present) from the 67th district (2018–present),2024,Senate,FL,driskell f,0,1,0
,DEM,Anna Eskamani,state representative (2018–present)  ( ran for re-election ),2024,Senate,FL,eskamani a,2,1,0
,DEM,Lois Frankel,"U.S. representative from Florida's 22nd congressional district (2013–present)  ( ran for re-election , endorsed Mucarsel-Powell)",2024,Senate,FL,frankel l,4,1,0
,DEM,Shevrin Jones,state senator from the 35th district (2021–present)  (endorsed Mucarsel-Powell),2024,Senate,FL,jones s,2,1,0
,DEM,Debbie Wasserman Schultz,U.S. representative from Florida's 25th congressional district (2004–present)  (endorsed Mucarsel-Powell),2024,Senate,FL,schultz d,4,1,0
,DEM,Frederica Wilson,U.S. representative from Florida's 24th congressional district (2011–present),2024,Senate,FL,wilson f,4,1,0
,IND,Libertarian,"), artist and nominee for U.S. Senate in Hawaii in 2022",2024,Senate,FL,libertarian,0,0,1
,IND,Lawton Chiles,and Ben Nelson,2024,Senate,FL,chiles l,0,0,0
,IND,Howard Knepper (write-in),real estate developer and perennial candidate,2024,Senate,FL,in h,0,0,0
,DEM,Mazie Hirono,incumbent U.S. senator,2024,Senate,HI,hirono m,4,0,0
,REP,Bob McDermott,former state representative and nominee for U.S. Senate in 2022,2024,Senate,HI,mcdermott b,2,1,1
,REP,Shelby Pikachu Billionaire,laborer,2024,Senate,HI,billionaire s,0,0,0
,IND,John Giuffre,businessman and perennial candidate,2024,Senate,HI,giuffre j,0,0,0
,IND,Tulsi Gabbard,former Democratic U.S. representative from Hawaii's 2nd congressional district (2013–2021) and candidate for president of the United States in 2020,2024,Senate,HI,gabbard t,4,1,1
,REP,Jim Banks,U.S. representative for Indiana's 3rd congressional district (2017–2025),2024,Senate,IN,banks j,4,1,0
,REP,Mike Braun,incumbent U.S. senator (2019–2025) ( successfully ran for governor ),2024,Senate,IN,braun m,4,0,0
,REP,Mitch Daniels,"former governor of Indiana (2005–2013), former president of Purdue University (2013–2022), and former director of the Office of Management and Budget (2001–2003)",2024,Senate,IN,daniels m,3,0,0
,REP,Eric Holcomb,governor of Indiana (2017–2025) and candidate for U.S. Senate in 2016,2024,Senate,IN,holcomb e,3,0,1
,REP,Mike Pence,"former vice president of the United States (2017–2021), former governor of Indiana (2013–2017), and former U.S. representative for Indiana's 5th congressional district (2001–2013)  ( unsuccessfully ran for president )",2024,Senate,IN,pence m,4,1,0
,REP,Todd Rokita,"Indiana attorney general (2021–present), former U.S. representative for Indiana's 4th congressional district (2011–2019), former Indiana secretary of state (2002–2010) and candidate for U.S. Senate in 2018 ( successfully ran for re-election )",2024,Senate,IN,rokita t,4,1,1
,REP,Victoria Spartz,U.S. representative for Indiana's 5th congressional district (2021–present) ( successfully ran for re-election ),2024,Senate,IN,spartz v,4,1,0
,DEM,Indianapolis city councilor,(2020–2023),2024,Senate,IN,councilor i,0,0,0
,DEM,Joe Donnelly,former U.S. ambassador to the Holy See (2022–2024) and former U.S. senator (2013–2019),2024,Senate,IN,donnelly j,4,0,0
,DEM,Ron Klain,former White House chief of staff (2021–2023),2024,Senate,IN,klain r,4,0,0
,DEM,Indiana's 3rd congressional district,in 2022,2024,Senate,IN,district i,0,0,0
,DEM,Elizabeth Warren,incumbent U.S. senator (2013–present),2024,Senate,MA,warren e,4,1,0
,DEM,Jake Auchincloss,U.S. representative for Massachusetts's 4th congressional district (2021–present)  ( ran for re-election ),2024,Senate,MA,auchincloss j,4,1,0
,DEM,Seth Moulton,U.S. representative for Massachusetts's 6th congressional district (2015–present)  ( ran for re-election ),2024,Senate,MA,moulton s,4,1,0
,DEM,Ayanna Pressley,"U.S. representative for Massachusetts's 7th congressional district (2019–present)  (endorsed Warren, ran for re-election )",2024,Senate,MA,pressley a,4,1,0
,DEM,Michelle Wu,mayor of Boston (2021–present)  (endorsed Warren),2024,Senate,MA,wu m,1,1,0
,REP,John Deaton,attorney,2024,Senate,MA,deaton j,0,0,0
,REP,Charlie Baker,former Governor of Massachusetts from 2015 to 2023 [ citation needed ],2024,Senate,MA,baker c,3,0,0
,REP,governor,in 2022,2024,Senate,MA,governor,0,0,0
,REP,Chelmsford,town meeting representative,2024,Senate,MA,chelmsford,0,1,0
,DEM,Angela Alsobrooks,Prince George's County Executive (2018–2024),2024,Senate,MD,alsobrooks a,1,0,0
,DEM,Breezeline,"and former Republican Bogota, New Jersey borough councilor (1995–1998) ( ran for U.S. House )",2024,Senate,MD,breezeline,0,0,0
,DEM,Will Jawando,at-large Montgomery County councilor (2018–present) and candidate for Maryland's 8th congressional district in 2016  (endorsed Alsobrooks),2024,Senate,MD,jawando w,1,1,1
,DEM,Ben Cardin,incumbent U.S. senator (2007–2025),2024,Senate,MD,cardin b,4,0,0
,DEM,Kweisi Mfume,"U.S. representative for Maryland's 7th congressional district (1987–1996; 2020–present), candidate for U.S. Senate in 2006 , and former president of the NAACP (1996–2004)  ( endorsed Alsobrooks, ran for re-election )",2024,Senate,MD,mfume k,4,1,1
,DEM,Wes Moore,governor of Maryland (2023–present)  (endorsed Alsobrooks),2024,Senate,MD,moore w,3,1,0
,DEM,Johnny Olszewski,"Baltimore County Executive (2018–2025) and former state delegate from the 6th district (2006–2015) ( endorsed Alsobrooks, ran for U.S. House )",2024,Senate,MD,olszewski j,2,0,0
,DEM,Tom Perez,"former chair of the Democratic National Committee (2017–2021), former U.S. Secretary of Labor (2013–2017), former Maryland Secretary of Labor (2007–2009), and candidate for governor of Maryland in 2022",2024,Senate,MD,perez t,4,0,1
,DEM,Jamie Raskin,"U.S. representative for Maryland's 8th congressional district (2017–present) ( ran for re-election , endorsed Alsobrooks )",2024,Senate,MD,raskin j,4,1,0
,DEM,John Sarbanes,U.S. representative for Maryland's 3rd congressional district (2007–2025) and son of former U.S. Senator Paul Sarbanes  ( endorsed Alsobrooks ),2024,Senate,MD,sarbanes j,4,1,0
,REP,Larry Hogan,former governor of Maryland (2015–2023),2024,Senate,MD,hogan l,3,0,0
,REP,ran for U.S. House,),2024,Senate,MD,house r,0,0,0
,REP,U.S. Air Force,brigadier general ( endorsed Hogan ),2024,Senate,MD,force u,0,0,0
,REP,2022,( ran for U.S. House ),2024,Senate,MD,,0,0,0
,REP,Andy Harris,U.S. representative for Maryland's 1st congressional district (2011–present) ( ran for re-election ),2024,Senate,MD,harris a,4,1,0
,IND,Libertarian,"), retired U.S. Air Force veteran",2024,Senate,MD,libertarian,0,0,0
,IND,Billy Bridges (Independent),retired military veteran,2024,Senate,MD,independent b,0,0,0
,IND,American Solidarity Party,"), retired city planner",2024,Senate,MD,party a,0,0,0
,IND,Christy Helmondollar (Independent),sales associate,2024,Senate,MD,independent c,0,0,0
,IND,Robin Rowe (Independent),programmer,2024,Senate,MD,independent r,0,0,0
,IND,Emmanuel Osuchukwu (Independent),security guard,2024,Senate,MD,independent e,0,0,0
,IND,Green,"), attorney, mortgage broker, and nominee for SD-39 in 2022  ( ran for U.S. House )",2024,Senate,MD,green,0,0,1
,IND,Cal Ripken Jr.,former professional baseball player with the Baltimore Orioles,2024,Senate,MD,ripken c,0,0,0
,DEM,Natasha Alcala,fashion designer,2024,Senate,ME,alcala n,0,0,0
,DEM,Elissa Slotkin,U.S. representative for Michigan's 7th congressional district (2019–2025),2024,Senate,MI,slotkin e,4,1,0
,DEM,Zack Burns,attorney,2024,Senate,MI,burns z,0,0,0
,DEM,Leslie Love,former state representative for the 10th district (2014–2020),2024,Senate,MI,love l,2,1,0
,DEM,Pamela Pugh,president of the Michigan State Board of Education (2015–present) ( ran for U.S. House ),2024,Senate,MI,pugh p,0,1,0
,DEM,Jocelyn Benson,Michigan Secretary of State (2019–present),2024,Senate,MI,benson j,3,1,0
,DEM,Pete Buttigieg,"U.S. Secretary of Transportation (2021–2025), former mayor of South Bend, Indiana (2012–2020), and candidate for President of the United States in 2020",2024,Senate,MI,buttigieg p,4,0,1
,DEM,Debbie Dingell,U.S. representative for Michigan's 6th congressional district (2015–present)  ( ran for re-election ),2024,Senate,MI,dingell d,4,1,0
,DEM,Mike Duggan,mayor of Detroit (2014–2026),2024,Senate,MI,duggan m,1,0,0
,DEM,Abdul El-Sayed,Wayne County Health Director and candidate for governor of Michigan in 2018  (endorsed Harper),2024,Senate,MI,sayed a,1,0,1
,DEM,Garlin Gilchrist,lieutenant governor of Michigan (2019–present),2024,Senate,MI,gilchrist g,3,1,0
,DEM,Dan Kildee,U.S. representative for Michigan's 8th congressional district (2013–2025)  (endorsed Slotkin),2024,Senate,MI,kildee d,4,1,0
,DEM,Andy Levin,former U.S. representative for Michigan's 9th congressional district (2019–2023),2024,Senate,MI,levin a,4,1,0
,DEM,Karen McDonald,Oakland County Prosecutor (2021–present),2024,Senate,MI,mcdonald k,0,1,0
,DEM,Mallory McMorrow,state senator for the 8th district (2019–present),2024,Senate,MI,mcmorrow m,2,1,0
,DEM,Dana Nessel,Michigan Attorney General (2019–present),2024,Senate,MI,nessel d,3,1,0
,DEM,Hillary Scholten,"U.S. representative for Michigan's 3rd congressional district (2023–present)  ( ran for re-election , endorsed Slotkin)",2024,Senate,MI,scholten h,4,1,0
,DEM,Debbie Stabenow,incumbent U.S. senator (2001–2025),2024,Senate,MI,stabenow d,4,0,0
,DEM,Haley Stevens,"U.S. representative for Michigan's 11th congressional district (2019–present)  ( ran for re-election , endorsed Slotkin)",2024,Senate,MI,stevens h,4,1,0
,DEM,Shri Thanedar,U.S. representative for Michigan's 13th congressional district (2023–present)  ( ran for re-election ),2024,Senate,MI,thanedar s,4,1,0
,DEM,Gretchen Whitmer,governor of Michigan (2019–present),2024,Senate,MI,whitmer g,3,1,0
,REP,Mike Rogers,former U.S. representative for Michigan's 8th congressional district (2001–2015),2024,Senate,MI,rogers m,4,1,0
,REP,James Craig,former chief of the Detroit Police Department (2013–2021) and disqualified candidate for Governor of Michigan in 2022  (endorsed Rogers),2024,Senate,MI,craig j,0,0,1
,REP,Michael Hoover,pest control company owner,2024,Senate,MI,hoover m,0,0,0
,REP,Peter Meijer,former U.S. representative for Michigan's 3rd congressional district (2021–2023),2024,Senate,MI,meijer p,4,1,0
,REP,Wayne County,"commissioner and candidate for U.S. Senate in 2018 (endorsed Rogers, remained on ballot)",2024,Senate,MI,county w,0,0,1
,REP,Michigan State Board of Education,(2017–present) ( ran for U.S. House ),2024,Senate,MI,education m,0,1,0
,REP,Allen Park,City Attorney (ran for Michigan Supreme Court),2024,Senate,MI,park a,0,0,0
,REP,ran for U.S. House,),2024,Senate,MI,house r,0,0,0
,REP,Tom Barrett,former state senator for the 24th district (2019–2023) and nominee for Michigan's 7th congressional district in 2022 ( ran for U.S. House ),2024,Senate,MI,barrett t,2,0,1
,REP,Brian Calley,former lieutenant governor of Michigan (2011–2019) and candidate for governor of Michigan in 2018,2024,Senate,MI,calley b,3,0,1
,REP,Tudor Dixon,conservative media personality and nominee for Governor of Michigan in 2022,2024,Senate,MI,dixon t,0,0,1
,REP,John James,U.S. representative for Michigan's 10th congressional district (2023–present) and nominee for U.S. Senate in 2018 and 2020 ( ran for re-election ),2024,Senate,MI,james j,4,1,1
,REP,Perry Johnson,"businessman, former candidate for president in 2024 and disqualified candidate for Governor of Michigan in 2022",2024,Senate,MI,johnson p,0,0,1
,REP,Lisa McClain,U.S. representative for Michigan's 9th congressional district (2021–present)  (endorsed Rogers),2024,Senate,MI,mcclain l,4,1,0
,REP,Candice Miller,"Macomb County Public Works Commissioner (2017–present), former U.S. representative for Michigan's 10th congressional district (2003–2016), and former Michigan Secretary of State (1995–2003)  (endorsed Rogers)",2024,Senate,MI,miller c,4,1,0
,REP,Natural Law Party,and perennial candidate,2024,Senate,MI,party n,0,0,0
,REP,Douglas Marsh (Green),newspaper journalist,2024,Senate,MI,green d,0,0,0
,REP,Joseph Solis-Mullen (Libertarian),college professor,2024,Senate,MI,libertarian j,0,0,0
,REP,Dave Stein (U.S. Taxpayers),blue collar worker,2024,Senate,MI,taxpayers d,0,0,0
,DEM,Amy Klobuchar,incumbent U.S. senator,2024,Senate,MN,klobuchar a,4,0,0
,REP,Royce White,former NBA player and candidate for Minnesota's 5th congressional district in 2022,2024,Senate,MN,white r,0,0,1
,REP,Michelle Benson,former state senator (2011–2023) and candidate for governor in 2022,2024,Senate,MN,benson m,2,0,1
,REP,Paul Gazelka,former Majority Leader of the Minnesota Senate (2017–2021) from the 9th district (2011–2023) and candidate for governor in 2022,2024,Senate,MN,gazelka p,0,0,1
,REP,Walter Hudson,state representative (2023–present),2024,Senate,MN,hudson w,2,1,0
,REP,Scott Jensen,former state senator (2017–2021) and nominee for governor in 2022,2024,Senate,MN,jensen s,2,0,1
,REP,Erik Paulsen,former U.S. representative from Minnesota's 3rd congressional district (2009–2019),2024,Senate,MN,paulsen e,4,1,0
,REP,Minnesota's 3rd congressional district,"in 2020 , and candidate for governor in 2022",2024,Senate,MN,district m,0,0,1
,IND,Independence—Alliance,"), guardianship advocate and Republican candidate for governor in 2022",2024,Senate,MN,independencealliance,0,0,1
,IND,Libertarian,"), farmer",2024,Senate,MN,libertarian,0,0,0
,REP,Josh Hawley,incumbent U.S. senator,2024,Senate,MO,hawley j,4,0,0
,DEM,Lucas Kunce,nonprofit executive and candidate for U.S. Senate in 2022,2024,Senate,MO,kunce l,0,0,1
,DEM,Wesley Bell,St. Louis County prosecuting attorney ( ran for U.S. House ),2024,Senate,MO,bell w,0,0,0
,DEM,Nathan Kline (Green),executive assistant,2024,Senate,MO,green n,0,0,0
,DEM,Jared Young (Better Party),payroll services executive,2024,Senate,MO,party j,0,0,0
,REP,Roger Wicker,incumbent U.S. senator,2024,Senate,MS,wicker r,4,0,0
,DEM,secretary of state,in 2023,2024,Senate,MS,state s,0,0,0
,DEM,Brandon Presley,former Mississippi Public Service commissioner for the Northern District (2008–2024) and nominee for governor in 2023,2024,Senate,MS,presley b,0,0,1
,DEM,Jon Tester,incumbent U.S. senator (2007–2025),2024,Senate,MT,tester j,4,0,0
,REP,Tim Sheehy,founder and former CEO of Bridger Aerospace,2024,Senate,MT,sheehy t,0,0,0
,REP,Jeremy Mygland,"construction company owner (endorsed Rosendale, ran for state senate)",2024,Senate,MT,mygland j,2,0,0
,REP,Matt Rosendale,U.S. representative from Montana's 2nd congressional district (2023–2025) and at-large district (2021–2023); nominee for U.S. Senate in 2018 (endorsed Sheehy),2024,Senate,MT,rosendale m,4,1,1
,REP,Greg Gianforte,"governor of Montana (2021–present) ( endorsed Sheehy, ran for re-election )",2024,Senate,MT,gianforte g,3,1,0
,REP,Ryan Zinke,"U.S. representative from Montana's 1st congressional district (2023–present) and at-large district (2015–2017); former U.S. secretary of the interior (2017–2019) ( endorsed Sheehy, ran for re-election )",2024,Senate,MT,zinke r,4,1,0
,REP,Kalispell,city councilor and chair of the Montana Libertarian Party,2024,Senate,MT,kalispell,1,0,0
,REP,Michael Downey,drought program coordinator,2024,Senate,MT,downey m,0,0,0
,REP,Kevin Cramer,incumbent U.S. senator (2019–present),2024,Senate,ND,cramer k,4,1,0
,DEM,University of Jamestown,engineering professor and nominee for North Dakota’s other U.S. Senate seat in 2022,2024,Senate,ND,jamestown u,0,0,1
,IND,North Dakota Secretary of State,in 2006,2024,Senate,ND,state n,0,0,0
,REP,Deb Fischer,incumbent U.S. senator (2013–present),2024,Senate,NE,fischer d,4,1,0
,IND,Dan Osborn,"mechanic and former president of Bakery, Confectionery, Tobacco Workers and Grain Millers International Union Local 50G",2024,Senate,NE,osborn d,0,0,0
,IND,Kerry Eddy,administrative coordinator (endorsed Osborn),2024,Senate,NE,eddy k,0,0,0
,IND,Ken Peterson,compost facility attendant,2024,Senate,NE,peterson k,0,0,0
,DEM,Andy Kim,U.S. representative from New Jersey's 3rd congressional district (2019–2024),2024,Senate,NJ,kim a,4,1,0
,DEM,state assemblywoman,Mila Jasey ( ran for U.S. House ),2024,Senate,NJ,assemblywoman s,0,0,0
,DEM,Christina Khalil,social worker (switched to the Green Party),2024,Senate,NJ,khalil c,0,0,0
,DEM,Tammy Murphy,"First Lady of New Jersey (2018–2026), co-owner and chair of NJ/NY Gotham FC , and former financial analyst",2024,Senate,NJ,murphy t,0,0,0
,DEM,Roselle Park,and nominee for SD-21 in 2021 ( ran for U.S. House ),2024,Senate,NJ,park r,0,0,1
,DEM,Josh Gottheimer,"U.S. representative from New Jersey's 5th congressional district (2017–present)  ( ran for re-election , ran for governor in 2025 , endorsed Murphy, then Kim)",2024,Senate,NJ,gottheimer j,4,1,0
,DEM,Tom Malinowski,former U.S. representative from New Jersey's 7th congressional district (2019–2023) (endorsed Kim),2024,Senate,NJ,malinowski t,4,1,0
,DEM,Bob Menendez,incumbent U.S. senator (ran as an independent before withdrawing),2024,Senate,NJ,menendez b,4,0,0
,DEM,Donald Norcross,"U.S. representative from New Jersey's 1st congressional district (2014–present)  ( ran for re-election , endorsed Murphy)",2024,Senate,NJ,norcross d,4,1,0
,DEM,Frank Pallone,"U.S. representative from New Jersey's 6th congressional district (1988–present) and candidate for U.S. Senate in 2013  ( ran for re-election , endorsed Murphy)",2024,Senate,NJ,pallone f,4,1,1
,DEM,Mikie Sherrill,"U.S. representative from New Jersey's 11th congressional district (2019–2025)  ( ran for re-election , ran successfully for governor in 2025 , endorsed Murphy, then Kim)",2024,Senate,NJ,sherrill m,4,1,0
,DEM,Robert Torricelli,former U.S. senator (1997–2003),2024,Senate,NJ,torricelli r,4,0,0
,REP,Andover Township,Board of Education and candidate for SD-24 in 2021,2024,Senate,NJ,township a,0,0,1
,REP,ran for U.S. House,),2024,Senate,NJ,house r,0,0,0
,REP,New Jersey's 5th congressional district,in 2022,2024,Senate,NJ,district n,0,0,0
,REP,News 12,reporter  (endorsed Bashaw),2024,Senate,NJ,news,0,0,0
,REP,Chris Christie,"former governor of New Jersey (2010–2018) and candidate for president of the United States in 2016 ( ran for president , endorsed Bashaw)",2024,Senate,NJ,christie c,3,0,1
,REP,state assemblyman,Jack Ciattarelli  (endorsed Schneiderman),2024,Senate,NJ,assemblyman s,0,0,0
,REP,Aura Dunn,state assemblywoman from the 25th district (2019–present),2024,Senate,NJ,dunn a,2,1,0
,REP,Edward Durr,former state senator from the 3rd district (2022–2024),2024,Senate,NJ,durr e,2,0,0
,REP,Jeff Van Drew,U.S. representative for New Jersey's 2nd congressional district (2019–present) ( ran for re-election ),2024,Senate,NJ,drew j,4,1,0
,IND,Nicholas Carducci (Independent),software engineer,2024,Senate,NJ,independent n,0,0,0
,IND,Libertarian,"), real estate broker and perennial candidate",2024,Senate,NJ,libertarian,0,0,0
,IND,Green,"), social worker  (switched from Democratic)",2024,Senate,NJ,green,0,0,0
,IND,Socialist Workers,"), deli worker and perennial candidate",2024,Senate,NJ,workers s,0,0,0
,IND,New Jersey's 5th congressional district,in 2016 (previously ran as a Republican),2024,Senate,NJ,district n,0,0,0
,IND,AD-23,in 2017  ( switched from Republican ),2024,Senate,NJ,ad,0,0,0
,IND,Bob Menendez,"(Menendez for Senate), former U.S. senator",2024,Senate,NJ,menendez b,4,0,0
,IND,Cornell University,and former candidate for this seat,2024,Senate,NJ,university c,0,0,1
,IND,Richard Codey,"former governor of New Jersey (2002, 2004–2006)",2024,Senate,NJ,codey r,3,0,0
,IND,Christian Fuscarino,executive director of Garden State Equality,2024,Senate,NJ,fuscarino c,0,0,0
,IND,New Jersey Cannabis Regulatory Commission,(2021–present),2024,Senate,NJ,commission n,0,1,0
,IND,Andy Kim,U.S. representative from New Jersey's 3rd congressional district (2019–2024) and Democratic nominee for this seat,2024,Senate,NJ,kim a,4,1,1
,IND,Matthew Platkin,New Jersey attorney general (2022–2026),2024,Senate,NJ,platkin m,3,0,0
,IND,Esther Salas,judge of the U.S. District Court for New Jersey (2011–present),2024,Senate,NJ,salas e,1,1,0
,IND,Loretta Weinberg,former majority leader of the New Jersey Senate (2012–2022) from the 37th district (2005–2022),2024,Senate,NJ,weinberg l,0,0,0
,IND,Tammy Murphy,"First Lady of New Jersey (2018–present), co-owner and chair of NJ/NY Gotham FC , and former candidate for this seat",2024,Senate,NJ,murphy t,0,1,1
,DEM,Martin Heinrich,incumbent U.S. senator,2024,Senate,NM,heinrich m,4,0,0
,REP,Bridgewater Associates,and daughter of former U.S. Senator Pete Domenici,2024,Senate,NM,associates b,4,0,0
,REP,Bernalillo County,Sheriff (2014–2022) and candidate for mayor of Albuquerque in 2021,2024,Senate,NM,county b,1,0,1
,IND,Cameron Chick (Independent),businessman,2024,Senate,NM,independent c,0,0,0
,IND,Ben Luna (Independence Party),businessman,2024,Senate,NM,party b,0,0,0
,DEM,Jacky Rosen,incumbent U.S. senator,2024,Senate,NV,rosen j,4,0,0
,REP,Sam Brown,"medical support company founder, candidate for U.S. Senate in 2022 , and candidate for Texas's 102nd House of Representatives district in 2014",2024,Senate,NV,brown s,0,1,1
,REP,Mark Amodei,U.S. representative for Nevada's 2nd congressional district (2011–present) ( ran for re-election ),2024,Senate,NV,amodei m,4,1,0
,REP,April Becker,attorney and nominee for Nevada's 3rd congressional district in 2022  (ran for Clark County Commission ),2024,Senate,NV,becker a,0,0,1
,REP,Heidi Gansert,Minority Leader of the Nevada Senate,2024,Senate,NV,gansert h,0,0,0
,REP,Adam Laxalt,"former Nevada Attorney General (2015–2019), grandson of former U.S. Senator Paul Laxalt , nominee for U.S. Senate in 2022 , and nominee for governor in 2018",2024,Senate,NV,laxalt a,4,0,1
,REP,Brian Sandoval,"president of University of Nevada, Reno (2020–present) and former governor of Nevada (2011–2019)",2024,Senate,NV,sandoval b,3,1,0
,IND,Chris Cunningham (Libertarian),ecommerce consultant and esports commentator,2024,Senate,NV,libertarian c,0,0,0
,IND,U.S. Senate,in 2022,2024,Senate,NV,senate u,0,0,0
,IND,Constitution Party,national treasurer and perennial candidate,2024,Senate,NV,party c,0,0,0
,IND,Allen Rheinhart (Independent),artist and perennial candidate,2024,Senate,NV,independent a,0,0,0
,DEM,Kirsten Gillibrand,incumbent U.S. senator,2024,Senate,NY,gillibrand k,4,0,0
,DEM,Khaled Salem,nonprofit executive,2024,Senate,NY,salem k,0,0,0
,DEM,Jamaal Bowman,U.S. representative from New York's 16th congressional district (2021–2025)  ( unsuccessfully ran for re-election ),2024,Senate,NY,bowman j,4,1,0
,DEM,Al Franken,former U.S. senator from Minnesota (2009–2018),2024,Senate,NY,franken a,4,0,0
,DEM,Mondaire Jones,member of the U.S. Commission on Civil Rights (2023–present) and former U.S. representative from New York's 17th congressional district (2021–2023)  ( ran for U.S. House ),2024,Senate,NY,jones m,4,1,0
,DEM,Alexandria Ocasio-Cortez,U.S. representative from New York's 14th congressional district (2019–present) ( ran for re-election ),2024,Senate,NY,cortez a,4,1,0
,DEM,Ritchie Torres,U.S. representative from New York's 15th congressional district (2021–present) ( ran for re-election ),2024,Senate,NY,torres r,4,1,0
,REP,NYPD,detective,2024,Senate,NY,nypd,0,0,0
,REP,David Bellon,attorney,2024,Senate,NY,bellon d,0,0,0
,REP,Cara Castronuova,Newsmax reporter and former professional boxer,2024,Senate,NY,castronuova c,0,0,0
,REP,Josh Eisen,businessman,2024,Senate,NY,eisen j,0,0,0
,IND,Diane Sare,political organizer and perennial candidate,2024,Senate,NY,sare d,0,0,0
,DEM,Sherrod Brown,incumbent U.S. senator (2007–2025),2024,Senate,OH,brown s,4,0,0
,REP,Bernie Moreno,"former car dealership owner, father-in-law of U.S. representative Max Miller , and candidate for the U.S. Senate in 2022",2024,Senate,OH,moreno b,4,1,1
,REP,Warren Davidson,"U.S. representative for Ohio's 8th congressional district (2016–present) ( running for re-election , endorsed Moreno)",2024,Senate,OH,davidson w,4,1,0
,REP,Mark Kvamme,venture capitalist and sports car racing driver (endorsed Moreno),2024,Senate,OH,kvamme m,0,0,0
,REP,Josh Mandel,"former Ohio State Treasurer (2011–2019), nominee for the U.S. Senate in 2012 and candidate in 2018 and 2022  (endorsed Moreno)",2024,Senate,OH,mandel j,3,0,1
,REP,Vivek Ramaswamy,"pharmaceutical executive  ( ran unsuccessfully for president , endorsed Moreno)",2024,Senate,OH,ramaswamy v,0,0,0
,REP,Ohio's 5th congressional district,in 2018,2024,Senate,OH,district o,0,0,0
,REP,Stephen Faris,electrical engineer,2024,Senate,OH,faris s,0,0,0
,REP,Green Party,"), U.S. Navy veteran and perennial candidate",2024,Senate,OH,party g,0,0,0
,DEM,Bob Casey Jr.,incumbent U.S. senator (2007–2025),2024,Senate,PA,casey b,4,0,0
,DEM,William Parker,app developer,2024,Senate,PA,parker w,0,0,0
,REP,Dave McCormick,"former U.S. Under Secretary of the Treasury for International Affairs (2007–2009), former CEO of Bridgewater Associates (2020–2022), and candidate for U.S. Senate in 2022",2024,Senate,PA,mccormick d,0,0,1
,REP,Conestoga Township,treasurer and secretary (ran as a write-in candidate),2024,Senate,PA,township c,0,0,0
,REP,Joseph Vodvarka,spring manufacturer and perennial candidate,2024,Senate,PA,vodvarka j,0,0,0
,REP,Kathy Barnette,"political commentator, nominee for Pennsylvania's 4th congressional district in 2020 , and candidate for U.S. Senate in 2022",2024,Senate,PA,barnette k,0,0,1
,REP,Stacy Garrity,Pennsylvania State Treasurer (2021–present)  ( running for re-election ),2024,Senate,PA,garrity s,3,1,0
,REP,Doug Mastriano,state senator for SD-33 (2019–present) and nominee for Governor of Pennsylvania in 2022  (endorsed McCormick),2024,Senate,PA,mastriano d,2,1,1
,REP,John Thomas,educator,2024,Senate,PA,thomas j,0,0,0
,REP,2022,and candidate for president in 2020,2024,Senate,PA,,0,0,1
,REP,Leila Hazou,shop owner,2024,Senate,PA,hazou l,0,0,0
,REP,Bernard Selker,truck driver,2024,Senate,PA,selker b,0,0,0
,DEM,Sheldon Whitehouse,incumbent U.S. senator,2024,Senate,RI,whitehouse s,4,0,0
,DEM,U.S. Senate,in 2020 and for Rhode Island's 1st congressional district in 2022  ( ran for U.S. House ),2024,Senate,RI,senate u,0,0,0
,DEM,Gina Raimondo,Secretary of Commerce (2021–2025) and Governor of Rhode Island (2015–2021),2024,Senate,RI,raimondo g,3,0,0
,REP,Patricia Morgan,"state representative, former Minority Leader of the Rhode Island House of Representatives, and candidate for governor in 2018",2024,Senate,RI,morgan p,2,1,1
,REP,Marsha Blackburn,incumbent U.S. Senator (2019–present),2024,Senate,TN,blackburn m,4,1,0
,DEM,Gloria Johnson,"state representative from the 90th district (2013–2015, 2019–present)",2024,Senate,TN,johnson g,2,1,0
,DEM,Joanne Sowell,attorney,2024,Senate,TN,sowell j,0,0,0
,IND,Tennessee's 7th congressional district,in 2016,2024,Senate,TN,district t,0,0,0
,IND,Pamela Moses,community activist and convicted felon,2024,Senate,TN,moses p,0,0,0
,IND,Hastina Robinson,firefighter,2024,Senate,TN,robinson h,0,0,0
,REP,Ted Cruz,incumbent U.S. senator (2013–present),2024,Senate,TX,cruz t,4,1,0
,REP,Dan Crenshaw,U.S. representative from Texas's 2nd congressional district (2019–present) ( ran for re-election ),2024,Senate,TX,crenshaw d,4,1,0
,REP,Adam Kinzinger,former U.S. representative from Illinois's 16th congressional district (2011–2023),2024,Senate,TX,kinzinger a,4,1,0
,DEM,Colin Allred,U.S. representative from Texas's 32nd congressional district (2019–2025),2024,Senate,TX,allred c,4,1,0
,DEM,Midland,city councilor and candidate for U.S. Senate in 2020 ( ran for U.S. House ),2024,Senate,TX,midland,1,0,1
,DEM,ran for U.S. House,),2024,Senate,TX,house r,0,0,0
,DEM,Julián Castro,"former U.S. Secretary of Housing and Urban Development (2014–2017), former mayor of San Antonio (2009–2014), and candidate for president of the United States in 2020",2024,Senate,TX,castro j,4,0,1
,DEM,Veronica Escobar,"U.S. representative for Texas's 16th congressional district (2019–present) ( ran for re-election , endorsed Allred)",2024,Senate,TX,escobar v,4,1,0
,DEM,Scott Kelly,retired NASA astronaut and brother of Arizona Senator Mark Kelly,2024,Senate,TX,kelly s,0,0,0
,DEM,Texas's 17th congressional district,in 2020,2024,Senate,TX,district t,0,0,0
,DEM,Analisa Roche,math tutor,2024,Senate,TX,roche a,0,0,0
,REP,John Curtis,U.S. representative from Utah's 3rd congressional district (2017–2025),2024,Senate,UT,curtis j,4,1,0
,REP,Roosevelt,( ran for U.S. House ),2024,Senate,UT,roosevelt,0,0,0
,REP,ran for U.S. House,),2024,Senate,UT,house r,0,0,0
,REP,Spencer Cox,"Governor of Utah (2021–present) ( ran for re-election , endorsed Wilson)",2024,Senate,UT,cox s,3,1,0
,REP,Greg Hughes,"former Speaker of the Utah House of Representatives (2015–2018) from HD-51 (2003–2018), candidate for Governor of Utah in 2020 , and candidate for Utah's 2nd congressional district in 2023",2024,Senate,UT,hughes g,2,1,1
,REP,Carson Jorgensen,former chair of the Utah Republican Party (2021–2023) and candidate for Utah's 2nd congressional district in 2020  ( ran for governor ),2024,Senate,UT,jorgensen c,0,0,1
,REP,Robert O'Brien,former U.S. National Security Advisor (2019–2021),2024,Senate,UT,brien r,0,0,0
,REP,Sean Reyes,Utah Attorney General (2013–2025),2024,Senate,UT,reyes s,3,0,0
,REP,Mitt Romney,incumbent U.S. senator (2019–2025),2024,Senate,UT,romney m,4,0,0
,REP,Chris Stewart,"U.S. representative from Utah's 2nd congressional district (2013–2023)  ( resigned from Congress , endorsed Curtis)",2024,Senate,UT,stewart c,4,1,0
,DEM,Caroline Gleich,skier and mountaineer,2024,Senate,UT,gleich c,0,0,0
,DEM,Archie Williams,heavy equipment operator and perennial candidate,2024,Senate,UT,williams a,0,0,0
,IND,American Fork,city councilor and nominee for U.S. Senate in 2000,2024,Senate,UT,fork a,1,0,1
,IND,Robert Newcomb,engineer,2024,Senate,UT,newcomb r,0,0,0
,DEM,Tim Kaine,incumbent U.S. senator (2013–present),2024,Senate,VA,kaine t,4,1,0
,REP,Hung Cao,former U.S. Navy captain and nominee for Virginia's 10th congressional district in 2022,2024,Senate,VA,cao h,0,0,1
,REP,Mark Greenstein (Epic),businessman and perennial candidate,2024,Senate,VT,epic m,0,0,0
,REP,Matt Hill (Libertarian),accountant,2024,Senate,VT,libertarian m,0,0,0
,DEM,Maria Cantwell,incumbent U.S. senator,2024,Senate,WA,cantwell m,4,0,0
,REP,2022,( ran for U.S. House ),2024,Senate,WA,,0,0,0
,DEM,Tammy Baldwin,incumbent U.S. senator,2024,Senate,WI,baldwin t,4,0,0
,REP,Trempealeau County,supervisor  ( ran for state senate ),2024,Senate,WI,county t,2,0,0
,REP,U.S. Army Reserve,sergeant major,2024,Senate,WI,reserve u,0,0,0
,REP,David Clarke,former Milwaukee County Sheriff (2002-2017),2024,Senate,WI,clarke d,1,0,0
,REP,Mike Gallagher,U.S. representative from Wisconsin's 8th congressional district (2017–2024),2024,Senate,WI,gallagher m,4,1,0
,REP,Scott Mayer,staffing executive and former Indy Racing League driver,2024,Senate,WI,mayer s,0,0,0
,REP,Bryan Steil,"U.S. representative from Wisconsin's 1st congressional district (2019–present)  ( ran for re-election , endorsed Hovde)",2024,Senate,WI,steil b,4,1,0
,REP,Tom Tiffany,"U.S. representative from Wisconsin's 7th congressional district (2020–present) ( ran for re-election , endorsed Hovde)",2024,Senate,WI,tiffany t,4,1,0
,REP,Scott Walker,former governor of Wisconsin (2011–2019)  (endorsed Hovde),2024,Senate,WI,walker s,3,0,0
,IND,Wisconsin Libertarian Party,and perennial candidate,2024,Senate,WI,party w,0,0,0
,IND,Thomas Leager (America First),lobbyist,2024,Senate,WI,first t,0,0,0
,DEM,Wheeling,(2016–2024),2024,Senate,WV,wheeling,0,0,0
,DEM,Joe Manchin,incumbent U.S. senator  ( endorsed Elliott ),2024,Senate,WV,manchin j,4,0,0
,REP,Jim Justice,governor of West Virginia (2017–2025),2024,Senate,WV,justice j,3,0,0
,REP,Chris Rose,coal miner  ( ran for state senate ),2024,Senate,WV,rose c,2,0,0
,REP,Carol Miller,U.S. representative for West Virginia's 1st congressional district (2019–present)  ( running for re-election ),2024,Senate,WV,miller c,4,1,0
,REP,Patrick Morrisey,West Virginia Attorney General (2013–2025) and nominee for U.S. Senate in 2018 ( running for governor ),2024,Senate,WV,morrisey p,3,0,1
,IND,Joe Manchin,incumbent U.S. senator  ( endorsed Elliott ),2024,Senate,WV,manchin j,4,0,0
,REP,John Barrasso,incumbent U.S. senator (2007–present),2024,Senate,WY,barrasso j,4,1,0
,DEM,Scott Morrow,educator,2024,Senate,WY,morrow s,0,0,0
,REP,Barry Moore,U.S. representative from AL-1 (2021–present),2026,Senate,AL,moore b,4,1,0
,REP,Morgan Murphy,"former national security advisor to incumbent Tommy Tuberville (endorsed Moore, remained on ballot)",2026,Senate,AL,murphy m,0,0,0
,REP,Tommy Tuberville,incumbent U.S. senator ( running for governor ),2026,Senate,AL,tuberville t,4,0,0
,REP,Will Ainsworth,lieutenant governor of Alabama (2019–present),2026,Senate,AL,ainsworth w,3,1,0
,REP,Mo Brooks,former U.S. representative from AL-5 (2011–2023) and candidate for U.S. Senate in 2017 and 2022 ( ran for state representative ),2026,Senate,AL,brooks m,4,1,1
,REP,Paul Finebaum,sports radio personality,2026,Senate,AL,finebaum p,0,0,0
,REP,A. J. McCarron,professional football player ( ran for lieutenant governor ),2026,Senate,AL,mccarron a,3,0,0
,REP,Gary Palmer,U.S. representative from Alabama's 6th congressional district (2015–present) ( running for re-election ),2026,Senate,AL,palmer g,4,1,0
,REP,Bruce Pearl,former coach of Auburn Tigers men's basketball,2026,Senate,AL,pearl b,0,0,0
,REP,Dale Strong,U.S. representative from AL-5 (2023–present) ( running for re-election ),2026,Senate,AL,strong d,4,1,0
,DEM,Everett Wess,attorney and perennial candidate,2026,Senate,AL,wess e,0,0,0
,DEM,ran for U.S. House,),2026,Senate,AL,house r,0,0,0
,DEM,Doug Jones,former U.S. senator (2018–2021) ( running for governor ),2026,Senate,AL,jones d,4,0,0
,DEM,John Hickenlooper,incumbent U.S. senator,2026,Senate,CO,hickenlooper j,4,0,0
,DEM,Brashad Hasley,software engineer,2026,Senate,CO,hasley b,0,0,0
,DEM,Nichole Miner,college student,2026,Senate,CO,miner n,0,0,0
,DEM,A.J. Zimpfer,accountant,2026,Senate,CO,zimpfer a,0,0,0
,REP,Mark Baisley,state senator from the 4th district (2023–present) (previously ran for governor ),2026,Senate,CO,baisley m,3,1,0
,REP,Amanda Calderon,business owner,2026,Senate,CO,calderon a,0,0,0
,REP,Janak Joshi,former state representative from the 16th district (2011–2017) and candidate for Colorado's 8th congressional district in 2024,2026,Senate,CO,joshi j,2,1,1
,REP,George Markert,AI strategic advisor,2026,Senate,CO,markert g,0,0,0
,REP,Montrose County,commissioner,2026,Senate,CO,county m,0,0,0
,REP,Brandi Bradley,state representative from the 39th district (2023–present),2026,Senate,CO,bradley b,2,1,0
,REP,Chris Gleason,technology consultant,2026,Senate,FL,gleason c,0,0,0
,REP,Ashley Moody,incumbent U.S. senator (2025–present),2026,Senate,FL,moody a,4,1,0
,REP,Neelam Taneja Perry,physician,2026,Senate,FL,perry n,0,0,0
,REP,Jake Lang,podcaster and participant in the January 6 U.S. Capitol attack,2026,Senate,FL,lang j,0,0,0
,REP,Alix Toulme,religion founder and perennial candidate,2026,Senate,FL,toulme a,0,0,0
,REP,Matt Gaetz,former U.S. representative from Florida's 1st congressional district (2017–2024),2026,Senate,FL,gaetz m,4,1,0
,DEM,Angie Nixon,state representative from the 13th district (2020–present),2026,Senate,FL,nixon a,2,1,0
,DEM,Alex Vindman,"former director of European affairs for the U.S. National Security Council , whistleblower in the 2019 Trump–Ukraine scandal , and brother of U.S. representative Eugene Vindman",2026,Senate,FL,vindman a,4,1,0
,DEM,Florida's 26th congressional district,in 2024,2026,Senate,FL,district f,0,0,0
,DEM,Alex Gould,business owner,2026,Senate,FL,gould a,0,0,0
,DEM,Alan Grayson,"former U.S. representative from Florida's 9th congressional district (2009–2011, 2013–2017) and perennial candidate ( running for U.S. House )",2026,Senate,FL,grayson a,4,1,0
,DEM,Brevard County,"school board member ( ran for U.S. House , endorsed Vindman)",2026,Senate,FL,county b,1,0,0
,DEM,Osceola County,Democratic Black Caucus ( running for U.S. House ),2026,Senate,FL,county o,0,0,0
,DEM,ran for U.S. House,endorsed Vindman),2026,Senate,FL,house r,0,0,0
,DEM,Jerry Demings,mayor of Orange County (2018–present) and husband of former U.S. representative Val Demings ( ran for governor ),2026,Senate,FL,demings j,4,1,0
,DEM,Jared Moskowitz,U.S. representative from Florida's 23rd congressional district (2023–present) ( running for re-election ),2026,Senate,FL,moskowitz j,4,1,0
,IND,John Morgan,lawyer and founder of Morgan & Morgan,2026,Senate,FL,morgan j,0,0,0
,IND,Jason Standridge,substance abuse counselor,2026,Senate,FL,standridge j,0,0,0
,DEM,Jon Ossoff,incumbent U.S. senator (2021–present),2026,Senate,GA,ossoff j,4,1,0
,REP,Mike Collins,U.S. representative from Georgia's 10th congressional district (2023–present),2026,Senate,GA,collins m,4,1,0
,REP,ran for U.S. House,),2026,Senate,GA,house r,0,0,0
,REP,John King,Georgia insurance commissioner (2019–present) ( running for re-election ),2026,Senate,GA,king j,0,1,0
,REP,Andrew Clyde,U.S. representative from Georgia's 9th congressional district (2021–present)  ( running for re-election ),2026,Senate,GA,clyde a,4,1,0
,REP,Marjorie Taylor Greene,former U.S. representative from Georgia's 14th congressional district (2021–2026),2026,Senate,GA,greene m,4,1,0
,REP,Brian Kemp,governor of Georgia (2019–present)  (endorsed Dooley),2026,Senate,GA,kemp b,3,1,0
,REP,Rich McCormick,U.S. representative from Georgia's 7th congressional district (2023–present),2026,Senate,GA,mccormick r,4,1,0
,REP,Colton Moore,state senator from the 53rd district (2023–present) ( ran for U.S. House ),2026,Senate,GA,moore c,2,1,0
,REP,Brad Raffensperger,Georgia secretary of state (2019–present) ( ran for governor ),2026,Senate,GA,raffensperger b,3,1,0
,REP,Ashley Hinson,U.S. representative from Iowa's 2nd congressional district (2021–present),2026,Senate,IA,hinson a,4,1,0
,REP,Libertarian National Committee,(2022–2023) and Libertarian candidate for president in 2024,2026,Senate,IA,committee l,0,0,1
,REP,Brenna Bird,Iowa attorney general (2023–present) ( running for re-election ; endorsed Hinson),2026,Senate,IA,bird b,3,1,0
,REP,Joni Ernst,incumbent U.S. senator (2015–present)  (endorsed Hinson),2026,Senate,IA,ernst j,4,1,0
,REP,Kari Lake,"senior advisor to the U.S. Agency for Global Media (2025–present), nominee for Governor of Arizona in 2022 , and nominee for U.S. Senate in Arizona in 2024",2026,Senate,IA,lake k,0,1,1
,REP,Zach Nunn,"U.S. representative from Iowa's 3rd congressional district (2023–present) ( running for re-election ; endorsed Hinson) ,",2026,Senate,IA,nunn z,4,1,0
,DEM,Josh Turek,state representative from the 20th district (2023–present),2026,Senate,IA,turek j,2,1,0
,DEM,Jackie Norris,chair of the Des Moines school board and former Chief of Staff to the First Lady of the United States (2009–2011),2026,Senate,IA,norris j,1,0,0
,DEM,KNIA,(endorsed Turek),2026,Senate,IA,knia,0,0,0
,DEM,J. D. Scholten,state representative from the 1st district (2023–present) and nominee for Iowa's 4th congressional district in 2018 and 2020 (endorsed Turek),2026,Senate,IA,scholten j,2,1,1
,DEM,Rob Sand,Iowa Auditor of State (2019–present) ( running for governor ),2026,Senate,IA,sand r,3,1,0
,DEM,Greene County,Attorney,2026,Senate,IA,county g,0,0,0
,DEM,Juliana Stratton,Lieutenant Governor of Illinois (2019–present),2026,Senate,IL,stratton j,3,1,0
,DEM,Dick Durbin,incumbent U.S. Senator (1997–present),2026,Senate,IL,durbin d,4,1,0
,DEM,Mike Frerichs,Illinois State Treasurer (2015–present) ( running for re-election ),2026,Senate,IL,frerichs m,3,1,0
,DEM,Alexi Giannoulias,"Illinois Secretary of State (2023–present), former Illinois State Treasurer (2007–2011), and nominee for U.S. Senate in 2010 (running for re-election)",2026,Senate,IL,giannoulias a,3,1,1
,DEM,JB Pritzker,"Governor of Illinois (2019–present) ( running for re-election , endorsed Stratton)",2026,Senate,IL,pritzker j,3,1,0
,DEM,Kwame Raoul,Illinois Attorney General (2019–present)  ( running for re-election ),2026,Senate,IL,raoul k,3,1,0
,DEM,Lauren Underwood,U.S. Representative from Illinois's 14th congressional district (2019–present) ( running for re-election ),2026,Senate,IL,underwood l,4,1,0
,DEM,Gilbert Villegas,Chicago alder from the 36th ward (2015–present) and candidate for Illinois's 3rd congressional district in 2022,2026,Senate,IL,villegas g,0,1,1
,REP,Don Tracy,"former chair of the Illinois Republican Party (2021–2024), former member of the Illinois Gaming Board (2015–2019), candidate for lieutenant governor in 2010 , and brother-in-law of state senator Jil Tracy",2026,Senate,IL,tracy d,2,0,1
,REP,John Goodman,former police officer,2026,Senate,IL,goodman j,0,0,0
,REP,Mike Bost,"U.S. Representative from Illinois's 12th congressional district (2015–present) ( running for re-election , endorsed Tracy)",2026,Senate,IL,bost m,4,1,0
,REP,Rodney Davis,former U.S. representative from Illinois's 13th congressional district (2013–2023),2026,Senate,IL,davis r,4,1,0
,REP,Darin LaHood,"U.S. Representative from Illinois's 16th congressional district (2015–present) ( running for re-election , endorsed Tracy)",2026,Senate,IL,lahood d,4,1,0
,REP,Republican National Committee,and the Illinois State Police Merit Board,2026,Senate,IL,committee r,0,0,0
,REP,Roger Marshall,incumbent U.S. senator (2021–present),2026,Senate,KS,marshall r,4,1,0
,DEM,Damon Anderson,business owner,2026,Senate,KS,anderson d,0,0,0
,DEM,USDA Rural Development,and candidate for Kansas's 1st congressional district in 2020,2026,Senate,KS,development u,0,0,1
,DEM,Adam Hamilton,pastor  (initially formed exploratory committee as an independent),2026,Senate,KS,hamilton a,0,0,0
,DEM,Jason Hart,former federal prosecutor,2026,Senate,KS,hart j,0,0,0
,DEM,Erik Murray,commercial real estate developer,2026,Senate,KS,murray e,0,0,0
,DEM,Anne Parelkar,attorney,2026,Senate,KS,parelkar a,0,0,0
,DEM,Patrick Schmidt,state senator from the 19th district (2025–present) and nominee for Kansas's 2nd congressional district in 2022,2026,Senate,KS,schmidt p,2,1,1
,DEM,Mike Soetaert,art gallery owner and perennial candidate,2026,Senate,KS,soetaert m,0,0,0
,DEM,Sandy Spidel Neumann,former financial services executive,2026,Senate,KS,neumann s,0,0,0
,DEM,Noah Taylor,counterintelligence specialist,2026,Senate,KS,taylor n,0,0,0
,DEM,Cindy Holscher,state senator from the 8th district (2021–present)  ( running for governor ),2026,Senate,KS,holscher c,3,1,0
,DEM,Laura Kelly,governor of Kansas (2019–present),2026,Senate,KS,kelly l,3,1,0
,DEM,Sharice Davids,U.S. representative from Kansas's 3rd congressional district (2019–present) ( running for re-election ),2026,Senate,KS,davids s,4,1,0
,REP,Andy Barr,U.S. representative from Kentucky's 6th congressional district (2013–present),2026,Senate,KY,barr a,4,1,0
,REP,Nate Morris,business conglomerate owner (endorsed Barr),2026,Senate,KY,morris n,0,0,0
,REP,James Comer,U.S. representative for Kentucky's 1st congressional district (2016–present) ( running for re-election ),2026,Senate,KY,comer j,4,1,0
,REP,Mitch McConnell,incumbent U.S. senator (1985–present),2026,Senate,KY,mcconnell m,4,1,0
,REP,David Osborne,speaker of the Kentucky House of Representatives (2018–present) from the 59th district (2005–present),2026,Senate,KY,osborne d,2,1,0
,REP,Damon Thayer,former state senator from the 17th district (2003–2025),2026,Senate,KY,thayer d,2,0,0
,REP,Thomas Massie,U.S. representative for Kentucky's 4th congressional district (2012–present) ( ran for re-election ),2026,Senate,KY,massie t,4,1,0
,DEM,Charles Booker,"former state representative (2019–2021), nominee for U.S. Senate in 2022 and candidate in 2020",2026,Senate,KY,booker c,2,1,1
,DEM,Joel Willett,defense contractor,2026,Senate,KY,willett j,0,0,0
,DEM,Andy Beshear,governor of Kentucky (2019–present),2026,Senate,KY,beshear a,3,1,0
,DEM,Jacqueline Coleman,lieutenant governor of Kentucky (2019–present) ( running for governor in 2027 ),2026,Senate,KY,coleman j,3,1,0
,DEM,Ed Markey,incumbent U.S. senator (2013–present),2026,Senate,MA,markey e,4,1,0
,DEM,Seth Moulton,U.S. representative for Massachusetts's 6th congressional district (2015–present) and 2020 presidential candidate,2026,Senate,MA,moulton s,4,1,0
,DEM,William F. Gates Jr.,professor and architect,2026,Senate,MA,gates w,0,0,0
,DEM,Alex Rikleen,history teacher (endorsed Markey),2026,Senate,MA,rikleen a,0,0,0
,DEM,Jake Auchincloss,U.S. representative for Massachusetts's 4th congressional district (2021–present) ( running for re-election ),2026,Senate,MA,auchincloss j,4,1,0
,DEM,Ayanna Pressley,U.S. representative for Massachusetts's 7th congressional district (2019–present) ( running for re-election ; endorsed Markey),2026,Senate,MA,pressley a,4,1,0
,REP,Westport,School Committee Chair and nominee for Massachusetts House of Representatives' 8th Bristol district in 2024,2026,Senate,MA,westport,0,1,1
,REP,West Springfield,City Councilman and nominee for Massachusetts's 1st congressional district in 2008 (running as an independent),2026,Senate,MA,springfield w,1,0,1
,REP,Charlie Baker,president of the National Collegiate Athletic Association (2023–present) and former Governor of Massachusetts (2015–2023),2026,Senate,MA,baker c,3,1,0
,REP,Michael Soter,state representative from the 8th Worcester district (2019–present),2026,Senate,MA,soter m,2,1,0
,IND,Joe Tache,organizer,2026,Senate,MA,tache j,0,0,0
,IND,West Springfield,City Councilman and Republican nominee for Massachusetts's 1st congressional district in 2008,2026,Senate,MA,springfield w,1,0,1
,IND,Philip Peter Devincentis,Jr.,2026,Senate,MA,devincentis p,0,0,0
,REP,Susan Collins,incumbent U.S. senator (1997–present),2026,Senate,ME,collins s,4,1,0
,REP,Carmen Calabrese,restaurant owner,2026,Senate,ME,calabrese c,0,0,0
,REP,Constitution Party,nominee for U.S. Senate in 1996 and for governor in 1998,2026,Senate,ME,party c,0,0,1
,REP,Dan Smeriglio,former police officer,2026,Senate,ME,smeriglio d,0,0,0
,DEM,Graham Platner,Sullivan harbor master,2026,Senate,ME,platner g,0,0,0
,DEM,Natasha Alcala,fashion designer,2026,Senate,ME,alcala n,0,0,0
,DEM,Department of Defense,policy writer,2026,Senate,ME,defense d,0,0,0
,DEM,Tucker Favreau,cybersecurity professional,2026,Senate,ME,favreau t,0,0,0
,DEM,Dan Kleban,brewery owner (endorsed Mills),2026,Senate,ME,kleban d,0,0,0
,DEM,U.S. Air Force,(endorsed Mills),2026,Senate,ME,force u,0,0,0
,DEM,Katie Porter,( ran for U.S. House ; endorsed Platner),2026,Senate,ME,porter k,0,0,0
,DEM,Aaron Frey,Maine attorney general (2019–present) (endorsed Mills),2026,Senate,ME,frey a,3,1,0
,DEM,Jared Golden,U.S. representative from Maine's 2nd congressional district (2019–present),2026,Senate,ME,golden j,4,1,0
,DEM,Chellie Pingree,U.S. representative from Maine's 1st congressional district (2009–present) and nominee for U.S. Senate in 2002 ( running for re-election ),2026,Senate,ME,pingree c,4,1,1
,DEM,Troy Jackson,"former president of the Maine Senate (2018–2024), candidate for ME-02 in 2014 , and candidate for governor in 2026",2026,Senate,ME,jackson t,0,0,1
,DEM,Saundra Pelletier,healthcare executive,2026,Senate,ME,pelletier s,0,0,0
,DEM,Elizabeth Cote,health policy executive,2026,Senate,ME,cote e,0,0,0
,DEM,Marine Corps,veteran,2026,Senate,ME,corps m,0,0,0
,DEM,Shenna Bellows,"Maine secretary of state (2021–present), nominee for U.S. Senate in 2014 , and candidate for governor in 2026",2026,Senate,ME,bellows s,3,1,1
,DEM,Maryland Department of the Environment,"nominee for U.S. Senate in 2024 , and primary candidate for this seat   (endorsed Jackson)",2026,Senate,ME,environment m,0,0,1
,DEM,state representative,from the 93rd district (2012–2015),2026,Senate,ME,representative s,0,0,0
,DEM,University of Maine,and primary candidate for this seat,2026,Senate,ME,maine u,0,0,1
,DEM,Kristina Libby,"writer, actor, and organizer",2026,Senate,ME,libby k,0,0,0
,DEM,ME-02,in 2026,2026,Senate,ME,me,0,0,0
,DEM,Nirav Shah,"former principal deputy director of the Centers for Disease Control and Prevention (2023–2025), former director of the Maine CDC (2019–2023), and candidate for governor in 2026 (endorsed Jackson)",2026,Senate,ME,shah n,0,0,1
,DEM,Joe Baldacci,state senator from the 9th district (2020–present) and candidate for ME-02 in 2026,2026,Senate,ME,baldacci j,2,1,1
,DEM,Mattie Daughtry,president of the Maine Senate (2024–present),2026,Senate,ME,daughtry m,0,1,0
,DEM,Patrick Dempsey,actor,2026,Senate,ME,dempsey p,0,0,0
,DEM,Valli Geiger,state representative from the 93rd district (2020–2022) and 42nd district (2022–present) (endorsed Bellows),2026,Senate,ME,geiger v,2,1,0
,DEM,Heather Cox Richardson,historian,2026,Senate,ME,richardson h,0,0,0
,IND,Tim Rich,former restaurant owner,2026,Senate,ME,rich t,0,0,0
,IND,Maine Space Corporation,Board of Directors (2023–2025),2026,Senate,ME,corporation m,0,0,0
,DEM,Abdul El-Sayed,former Wayne County health director (2023–2025) and candidate for governor in 2018,2026,Senate,MI,sayed a,1,0,1
,DEM,Haley Stevens,U.S. representative from Michigan's 11th congressional district (2019–present),2026,Senate,MI,stevens h,4,1,0
,DEM,Rachel Howard,research health specialist,2026,Senate,MI,howard r,0,0,0
,DEM,Mallory McMorrow,state senator from the 8th district (2019–present) (remained on ballot),2026,Senate,MI,mcmorrow m,2,1,0
,DEM,Joe Tate,former speaker of the Michigan House of Representatives (2023–2025) from the 9th district (2019–present)  (endorsed Stevens),2026,Senate,MI,tate j,2,1,0
,DEM,Pete Buttigieg,"former U.S. secretary of transportation (2021–2025), former mayor of South Bend, Indiana (2012–2020), and candidate for president in 2020",2026,Senate,MI,buttigieg p,4,0,1
,DEM,Debbie Dingell,U.S. representative from Michigan's 6th congressional district (2015–present) ( running for re-election ),2026,Senate,MI,dingell d,4,1,0
,DEM,Garlin Gilchrist,lieutenant governor of Michigan (2019–present) ( running for secretary of state ),2026,Senate,MI,gilchrist g,3,1,0
,DEM,Gary Peters,incumbent U.S. senator (2015–present),2026,Senate,MI,peters g,4,1,0
,DEM,Kristen McDonald Rivet,U.S. representative from Michigan's 8th congressional district (2025–present) ( running for re-election ),2026,Senate,MI,rivet k,4,1,0
,DEM,Hillary Scholten,U.S. representative from Michigan's 3rd congressional district (2023–present) ( running for re-election ),2026,Senate,MI,scholten h,4,1,0
,DEM,Shri Thanedar,U.S. representative from Michigan's 13th congressional district (2023–present) ( running for re-election ),2026,Senate,MI,thanedar s,4,1,0
,DEM,Gretchen Whitmer,governor of Michigan (2019–present),2026,Senate,MI,whitmer g,3,1,0
,REP,Mike Rogers,former U.S. representative from Michigan's 8th congressional district (2001–2015) and nominee for U.S. Senate in 2024,2026,Senate,MI,rogers m,4,1,1
,REP,Michigan Republican Party,(2025),2026,Senate,MI,party m,0,0,0
,REP,Kent Benham,dentist,2026,Senate,MI,benham k,0,0,0
,REP,Genevieve Peters Scott,educator,2026,Senate,MI,scott g,0,0,0
,REP,Fred Heurtebise,engineer and welder,2026,Senate,MI,heurtebise f,0,0,0
,REP,Mike Cox,former Michigan attorney general (2003–2011) ( ran for governor ),2026,Senate,MI,cox m,3,0,0
,REP,Tudor Dixon,conservative media personality and nominee for governor in 2022,2026,Senate,MI,dixon t,0,0,1
,REP,Tony Dungy,former head coach of the Tampa Bay Buccaneers and the Indianapolis Colts,2026,Senate,MI,dungy t,0,0,0
,REP,Bill Huizenga,U.S. representative from Michigan's 4th congressional district (2011–present) ( running for re-election ),2026,Senate,MI,huizenga b,4,1,0
,REP,Perry Johnson,"businessman, disqualified candidate for governor in 2022 , and candidate for president in 2024 ( running for governor )",2026,Senate,MI,johnson p,0,0,1
,REP,Lisa McClain,U.S. representative from Michigan's 9th congressional district (2021–present) ( running for re-election ),2026,Senate,MI,mcclain l,4,1,0
,DEM,Angie Craig,U.S. representative from Minnesota's 2nd congressional district (2019–present),2026,Senate,MN,craig a,4,1,0
,DEM,Peggy Flanagan,lieutenant governor of Minnesota (2019–present) and former state representative from district 46A (2015–2019),2026,Senate,MN,flanagan p,3,1,0
,DEM,Billy Nord,streaming company manager,2026,Senate,MN,nord b,0,0,0
,DEM,Melisa López Franzen,former minority leader of the Minnesota Senate (2021–2023) from the 49th district (2013–2023),2026,Senate,MN,franzen m,0,0,0
,DEM,Melvin Carter,mayor of Saint Paul (2018–2026) (endorsed Flanagan),2026,Senate,MN,carter m,1,0,0
,DEM,Keith Ellison,"attorney general of Minnesota (2019–present) and former U.S. representative from Minnesota's 5th congressional district (2007–2019) ( running for reelection , endorsed Flanagan)",2026,Senate,MN,ellison k,4,1,0
,DEM,Al Franken,former U.S. senator (2009–2018)  (endorsed Flanagan),2026,Senate,MN,franken a,4,0,0
,DEM,Jacob Frey,mayor of Minneapolis (2018–present)  (endorsed Craig),2026,Senate,MN,frey j,1,1,0
,DEM,Andrew Luger,"former U.S. attorney for the district of Minnesota (2014–2017, 2022–2025)",2026,Senate,MN,luger a,0,0,0
,DEM,Ilhan Omar,"U.S. representative from Minnesota's 5th congressional district (2019–present) ( running for reelection , endorsed Flanagan)",2026,Senate,MN,omar i,4,1,0
,DEM,Kelly Morrison,U.S. representative from Minnesota's 3rd congressional district (2025–present) ( running for reelection ),2026,Senate,MN,morrison k,4,1,0
,DEM,Dean Phillips,former U.S. representative from Minnesota's 3rd congressional district (2019–2025) and candidate for president in 2024  (endorsed Craig),2026,Senate,MN,phillips d,4,1,1
,DEM,Steve Simon,Minnesota secretary of state (2015–present) ( running for reelection ),2026,Senate,MN,simon s,3,1,0
,DEM,Tina Smith,incumbent U.S. senator (2018–present)  (endorsed Flanagan),2026,Senate,MN,smith t,4,1,0
,DEM,Tim Walz,"governor of Minnesota (2019–present) and Democratic nominee for U.S. vice president in 2024 ( ran for reelection, later withdrew )",2026,Senate,MN,walz t,3,1,1
,REP,Bob Carney Jr,perennial candidate,2026,Senate,MN,carney b,0,0,0
,REP,2022,and Independence nominee for U.S. Senate in 2024,2026,Senate,MN,,0,0,1
,REP,Michele Tafoya,reporter and retired sports broadcaster,2026,Senate,MN,tafoya m,0,0,0
,REP,U.S. Navy,officer and nominee for Minnesota's 3rd congressional district in 2022,2026,Senate,MN,navy u,0,0,1
,REP,Royce White,"former NBA player, nominee for U.S. Senate in 2024 , and candidate for Minnesota's 5th congressional district in 2022",2026,Senate,MN,white r,0,0,1
,REP,Alycia Gruenhagen,food co-op manager and perennial candidate,2026,Senate,MN,gruenhagen a,0,0,0
,REP,Mike Ruoho,business owner,2026,Senate,MN,ruoho m,0,0,0
,REP,David Hann,former Republican Party of Minnesota chair (2021–2025) and minority leader of the Minnesota Senate (2013–2017),2026,Senate,MN,hann d,0,0,0
,REP,Willie Burton,former NBA player,2026,Senate,MN,burton w,0,0,0
,REP,Julia Coleman,state senator from the 48th district (2021–present) and daughter-in-law of former U.S. Senator Norm Coleman,2026,Senate,MN,coleman j,4,1,0
,REP,Lisa Demuth,speaker of the Minnesota House of Representatives (2025–present) from district 13A (2019–present)  ( running for governor ),2026,Senate,MN,demuth l,3,1,0
,REP,Zach Duckworth,state senator from the 57th district (2021–present),2026,Senate,MN,duckworth z,2,1,0
,REP,Tom Emmer,U.S. representative from Minnesota's 6th congressional district (2015–present) and nominee for governor in 2010,2026,Senate,MN,emmer t,4,1,1
,REP,Mike Lindell,"CEO of My Pillow , advisor to president Donald Trump , and candidate for RNC chair in 2023 ( running for governor , endorsed White)",2026,Senate,MN,lindell m,0,0,1
,REP,Tim Pawlenty,former governor of Minnesota (2003–2011) and candidate for president in 2012,2026,Senate,MN,pawlenty t,3,0,1
,REP,Pete Stauber,U.S. representative from Minnesota's 8th congressional district (2019–present),2026,Senate,MN,stauber p,4,1,0
,IND,Marisa Simonetti,business owner,2026,Senate,MN,simonetti m,0,0,0
,IND,2024,( Libertarian ),2026,Senate,MN,,0,0,0
,REP,Kurt Alme,"former U.S. Attorney for the District of Montana (2017–2020, 2025–2026)",2026,Senate,MT,alme k,0,0,0
,REP,Steve Daines,incumbent U.S. senator (2015–present) (endorsed Alme),2026,Senate,MT,daines s,4,1,0
,DEM,Alani Bankhead,Air Force lieutenant colonel and leadership coach,2026,Senate,MT,bankhead a,0,0,0
,DEM,Montana House of Representatives,),2026,Senate,MT,representatives m,0,0,0
,DEM,Jon Tester,former U.S. senator (2007–2025),2026,Senate,MT,tester j,4,0,0
,DEM,Montana's 2nd congressional district,in 2022 and 2024,2026,Senate,MT,district m,0,0,0
,IND,Seth Bodnar,former president of the University of Montana (2018–2026),2026,Senate,MT,bodnar s,0,0,0
,REP,Michael Whatley,former chair of the Republican National Committee (2024–2025),2026,Senate,NC,whatley m,0,0,0
,REP,Brooks Agnew,author,2026,Senate,NC,agnew b,0,0,0
,REP,Andy Nilsson,retired business owner and high school football coach,2026,Senate,NC,nilsson a,0,0,0
,REP,Thom Tillis,incumbent U.S. senator (2015–present),2026,Senate,NC,tillis t,4,1,0
,REP,Margot Dupre,real estate broker   [ a ],2026,Senate,NC,dupre m,0,0,0
,REP,Pat Harrigan,U.S. representative from North Carolina's 10th congressional district (2025–present)  ( running for re-election ),2026,Senate,NC,harrigan p,4,1,0
,REP,Richard Hudson,U.S. representative from North Carolina's 9th congressional district (2013–present)  ( running for re-election ),2026,Senate,NC,hudson r,4,1,0
,REP,Greg Murphy,U.S. representative from North Carolina's 3rd congressional district (2019–present)  ( running for re-election ),2026,Senate,NC,murphy g,4,1,0
,REP,Mark Robinson,former lieutenant governor of North Carolina (2021–2025) and nominee for governor in 2024  (endorsed Brown),2026,Senate,NC,robinson m,3,0,1
,REP,Lara Trump,former co-chair of the Republican National Committee (2024–2025) and daughter-in-law of President Donald Trump  (endorsed Whatley),2026,Senate,NC,trump l,0,0,0
,REP,Mark Walker,"principal advisor on global religious freedom to the State Department , former U.S. representative from North Carolina's 6th congressional district (2015–2021), and candidate for U.S. Senate in 2022",2026,Senate,NC,walker m,4,1,1
,DEM,Roy Cooper,former governor of North Carolina (2017–2025),2026,Senate,NC,cooper r,3,0,0
,DEM,Wiley Nickel,"former U.S. representative from North Carolina's 13th congressional district (2023–2025) (endorsed Cooper,  running for Wake County district attorney )",2026,Senate,NC,nickel w,4,1,0
,DEM,Don Davis,U.S. representative from North Carolina's 1st congressional district (2023–present) ( running for re-election ),2026,Senate,NC,davis d,4,1,0
,DEM,Jeff Jackson,attorney general of North Carolina (2025–present) (endorsed Cooper),2026,Senate,NC,jackson j,3,1,0
,DEM,Deborah Ross,"U.S. representative from North Carolina's 2nd congressional district (2021–present) and nominee for U.S. Senate in 2016 (endorsed Cooper, running for re-election )",2026,Senate,NC,ross d,4,1,1
,DEM,Shannon Bray,cybersecurity professional and perennial candidate,2026,Senate,NC,bray s,0,0,0
,DEM,North Carolina's 2nd congressional district,in 2024,2026,Senate,NC,district n,0,0,0
,DEM,Brian McGinnis,"anti-war activist, Marine veteran, and firefighter",2026,Senate,NC,mcginnis b,0,0,0
,IND,Shaunesi DeBerry,social media personality,2026,Senate,NC,deberry s,0,0,0
,IND,Connie Johnson,pastor and perennial candidate (Democratic Party of Federalists),2026,Senate,NC,johnson c,0,0,0
,DEM,New Hampshire Democratic Party,Rules Committee,2026,Senate,NH,party n,0,0,0
,DEM,Chris Pappas,U.S. representative for New Hampshire's 1st congressional district (2019–present),2026,Senate,NH,pappas c,4,1,0
,DEM,Maxwell L. Saal,medical researcher,2026,Senate,NH,saal m,0,0,0
,DEM,Jared Sullivan,state representative from the Grafton 2nd district (2022–present),2026,Senate,NH,sullivan j,2,1,0
,DEM,Maggie Goodlander,"U.S. representative for New Hampshire's 2nd congressional district (2025–present) ( running for re-election , endorsed Pappas)",2026,Senate,NH,goodlander m,4,1,0
,DEM,Annie Kuster,former U.S. representative for New Hampshire's 2nd congressional district (2013–2025) (endorsed Pappas),2026,Senate,NH,kuster a,4,1,0
,DEM,Jeanne Shaheen,incumbent U.S. Senator (2009–present)  (endorsed Pappas),2026,Senate,NH,shaheen j,4,1,0
,DEM,Andru Volinsky,former Executive Councilor (2017–2021) and candidate for governor in 2020,2026,Senate,NH,volinsky a,0,0,1
,REP,Tom Alciere,former state representative (2000–2001) and perennial candidate,2026,Senate,NH,alciere t,2,1,0
,REP,Scott Brown,"former U.S. Ambassador to New Zealand and Samoa (2017–2020), former U.S. Senator from Massachusetts (2010–2013), and nominee for this seat in 2014",2026,Senate,NH,brown s,4,0,1
,REP,Andy Martin,perennial candidate,2026,Senate,NH,martin a,0,0,0
,REP,Mary Maxwell,perennial candidate,2026,Senate,NH,maxwell m,0,0,0
,REP,Richard A. McMenamon II,auto repair shop owner,2026,Senate,NH,mcmenamon r,0,0,0
,REP,Pittsfield,budget committee,2026,Senate,NH,pittsfield,0,0,0
,REP,John E. Sununu,former U.S. Senator from this seat (2003–2009),2026,Senate,NH,sununu j,4,0,0
,REP,Charlie Hough,businessman,2026,Senate,NH,hough c,0,0,0
,REP,Tejasinha Sivalingam,landlord and perennial candidate,2026,Senate,NH,sivalingam t,0,0,0
,REP,Dan Innis,"state senator (2016–2018, 2022–present) and candidate for New Hampshire's 1st congressional district in 2014 ( running for re-election , endorsed Sununu)",2026,Senate,NH,innis d,2,1,1
,REP,Kelly Ayotte,Governor of New Hampshire (2025–present) and former U.S. senator (2011–2017),2026,Senate,NH,ayotte k,4,1,0
,REP,Chris Sununu,former governor of New Hampshire (2017–2025) and brother of former U.S. Senator John E. Sununu,2026,Senate,NH,sununu c,4,0,0
,REP,Lily Tang Williams,"former chair of the Colorado Libertarian Party , nominee for New Hampshire's 2nd congressional district in 2024 and candidate in 2022 , and Libertarian nominee for U.S. Senate in Colorado in 2016  ( running for U.S. House )",2026,Senate,NH,williams l,0,0,1
,IND,Matt Giovonizzi,healthcare director,2026,Senate,NH,giovonizzi m,0,0,0
,DEM,Ben Ray Luján,incumbent U.S. senator (2021–present),2026,Senate,NM,lujan b,4,1,0
,REP,Larry Marker,former oil and gas operator ( write-in ),2026,Senate,NM,marker l,0,0,0
,REP,Bridgewater Associates,"daughter of former U.S. Senator Pete Domenici , and nominee for U.S. Senate in 2024",2026,Senate,NM,associates b,4,0,1
,REP,Forward,"), former state representative from the 44th district (1993–1996)",2026,Senate,NM,forward,2,1,0
,REP,Mira O'Connell (Independent),law enforcement veteran,2026,Senate,NM,independent m,0,0,0
,REP,Jon Husted,incumbent U.S. senator (2025–present),2026,Senate,OH,husted j,4,1,0
,DEM,Sherrod Brown,former U.S. senator (2007–2025),2026,Senate,OH,brown s,4,0,0
,DEM,Lynnea Lau,research integrity executive,2026,Senate,OH,lau l,0,0,0
,DEM,Fred Ode,venture capital executive,2026,Senate,OH,ode f,0,0,0
,DEM,Dakota Rose,community activist,2026,Senate,OH,rose d,0,0,0
,DEM,Chris Volpe,tech entrepreneur,2026,Senate,OH,volpe c,0,0,0
,DEM,Greg Landsman,U.S. representative from Ohio's 1st congressional district (2023–present) ( running for re-election ),2026,Senate,OH,landsman g,4,1,0
,DEM,Tim Ryan,"former U.S. representative from Ohio's 13th congressional district (2003–2023), nominee for U.S. Senate in 2022 , and candidate for president in 2020",2026,Senate,OH,ryan t,4,1,1
,DEM,Emilia Sykes,U.S. representative from Ohio's 13th congressional district (2023–present) ( running for re-election ),2026,Senate,OH,sykes e,4,1,0
,DEM,Casey Weinstein,state senator from the 28th district (2025–present),2026,Senate,OH,weinstein c,2,1,0
,DEM,Libertarian National Committee,chair and nominee for 2022 United States Senate election in Illinois,2026,Senate,OH,committee l,0,0,1
,DEM,Jeffrey Kanter,healthcare consultant,2026,Senate,OH,kanter j,0,0,0
,REP,Kevin Hern,U.S. representative for Oklahoma's 1st congressional district (2018–present),2026,Senate,OK,hern k,4,1,0
,REP,Ron Meinhardt,executive director of Entering Wedge Media (now running as an independent),2026,Senate,OK,meinhardt r,0,0,0
,REP,Markwayne Mullin,incumbent U.S. senator (appointed U.S. secretary of homeland security ),2026,Senate,OK,mullin m,4,0,0
,REP,Tammy Swearengin,tax accountant and financial advisor,2026,Senate,OK,swearengin t,0,0,0
,REP,Wayne Lonny Washington,chairman of the Washington Brown Foundation,2026,Senate,OK,washington w,0,0,0
,REP,Stephanie Bice,U.S. representative for Oklahoma's 5th congressional district (2021–present) ( running for re-election ),2026,Senate,OK,bice s,4,1,0
,REP,Josh Brecheen,U.S. representative for Oklahoma's 2nd congressional district (2023–present) ( running for re-election ; endorsed Hern),2026,Senate,OK,brecheen j,4,1,0
,REP,G.T. Bynum,former mayor of Tulsa (2016–2024),2026,Senate,OK,bynum g,1,0,0
,REP,Tom Cole,U.S. representative for Oklahoma's 4th congressional district (2003–present) ( running for re-election ),2026,Senate,OK,cole t,4,1,0
,REP,Gentner Drummond,attorney general of Oklahoma (2023–present) ( running for governor ),2026,Senate,OK,drummond g,3,1,0
,REP,Frank Lucas,U.S. representative for Oklahoma's 3rd congressional district (2003–present) ( running for re-election ),2026,Senate,OK,lucas f,4,1,0
,REP,Kyle Hilbert,speaker of the Oklahoma House of Representatives (2025–present) from the 29th district (2016–present),2026,Senate,OK,hilbert k,2,1,0
,REP,David Holt,mayor of Oklahoma City (2018–present) (running for re-election),2026,Senate,OK,holt d,1,1,0
,REP,Chip Keating,former Oklahoma secretary of public safety (2019–2020) and son of former governor Frank Keating ( running for governor ),2026,Senate,OK,keating c,3,0,0
,REP,Mike Mazzei,former state senator from the 25th district (2004–2016) ( running for governor ),2026,Senate,OK,mazzei m,3,0,0
,REP,Charles McCall,former speaker of the Oklahoma House of Representatives (2017–2025) from the 22nd district (2013–2024) ( running for governor ),2026,Senate,OK,mccall c,3,1,0
,REP,Lonnie Paxton,president pro tempore of the Oklahoma Senate (2025–present) from the 23rd district (2016–present),2026,Senate,OK,paxton l,0,1,0
,REP,Matt Pinnell,lieutenant governor of Oklahoma (2019–present),2026,Senate,OK,pinnell m,3,1,0
,REP,T. W. Shannon,former speaker of the Oklahoma House of Representatives (2013–2014) from the 62nd district (2007–2015) and candidate for U.S. Senate in 2014 and 2022 (currently running for lieutenant governor ),2026,Senate,OK,shannon t,2,1,1
,REP,Kevin Stitt,governor of Oklahoma (2019–present),2026,Senate,OK,stitt k,3,1,0
,REP,Alan Armstrong,incumbent U.S. senator (2026–present) [ c ],2026,Senate,OK,armstrong a,4,1,0
,DEM,Oklahoma's 4th congressional district,in 2016,2026,Senate,OK,district o,0,0,0
,IND,Ron Meinhardt,executive director of Entering Wedge Media (previously ran as a Republican),2026,Senate,OK,meinhardt r,0,0,0
,IND,Curtis Stinnett,pharmacist,2026,Senate,OK,stinnett c,0,0,0
,DEM,Connor Burbridge,elder care worker,2026,Senate,RI,burbridge c,0,0,0
,DEM,2018,and Democratic candidate for governor in 2022,2026,Senate,RI,,0,0,1
,DEM,Jack Reed,incumbent U.S. senator (1997–present),2026,Senate,RI,reed j,4,1,0
,DEM,Gina Raimondo,former U.S. secretary of commerce (2021–2025) and governor of Rhode Island (2015–2021),2026,Senate,RI,raimondo g,4,0,0
,REP,Rhode Island Republican Party,"State Central Committee, former president of the Rhode Island Republican Assembly , and candidate for U.S. Senate in 2024",2026,Senate,RI,party r,0,0,1
,IND,Michael Bahry,theologian,2026,Senate,RI,bahry m,0,0,0
,REP,Lindsey Graham,"incumbent U.S. Senator (died July 11, 2026)",2026,Senate,SC,graham l,4,0,0
,REP,André Bauer,"former lieutenant governor of South Carolina (2003–2011), candidate for governor in 2010 , and candidate for South Carolina's 7th congressional district in 2012",2026,Senate,SC,bauer a,3,0,1
,REP,Paul Dans,former Office of Personnel Management chief of staff (2020) and Project 2025 architect (endorsed Lynch),2026,Senate,SC,dans p,0,0,0
,REP,Ethan Holliman,graduate student,2026,Senate,SC,holliman e,0,0,0
,REP,Ralph Norman,U.S. representative from South Carolina's 5th congressional district (2017–present) ( ran for governor ),2026,Senate,SC,norman r,4,1,0
,REP,Mark Sanford,"former governor of South Carolina (2003–2011), U.S. representative from South Carolina's 1st congressional district (1995–2001, 2013–2019), and candidate for president in 2020  ( ran for U.S. House )",2026,Senate,SC,sanford m,4,1,1
,REP,Mark Lynch,appliance repair executive and 2026 primary candidate for this seat,2026,Senate,SC,lynch m,0,0,1
,REP,Myrtle Beach,and candidate for South Carolina's 7th congressional district in 2022,2026,Senate,SC,beach m,0,0,1
,REP,North Carolina,business owner,2026,Senate,SC,carolina n,0,0,0
,REP,Samuel Shepherd,biochemical engineer,2026,Senate,SC,shepherd s,0,0,0
,REP,Russell Fry,U.S. representative from South Carolina's 7th congressional district (2023–present) ( currently running for reelection ),2026,Senate,SC,fry r,4,1,0
,REP,Darline Graham,incumbent senator (2026–present),2026,Senate,SC,graham d,4,1,0
,REP,Sheri Biggs,U.S. representative from South Carolina's 3rd congressional district (2025–present) ( currently running for reelection ),2026,Senate,SC,biggs s,4,1,0
,REP,Pamela Evette,lieutenant governor of South Carolina (2019–present) and Republican primary runoff candidate for governor in 2026,2026,Senate,SC,evette p,3,1,1
,REP,Henry McMaster,governor of South Carolina (2017–present),2026,Senate,SC,mcmaster h,3,1,0
,REP,Scott Bessent,United States Secretary of the Treasury (2025–present),2026,Senate,SC,bessent s,4,1,0
,REP,Trey Gowdy,former U.S. representative from South Carolina's 4th congressional district (2011–2019),2026,Senate,SC,gowdy t,4,1,0
,REP,Nikki Haley,"former United States ambassador to the United Nations (2017–2018), former governor of South Carolina (2011–2017), and candidate for president in 2024",2026,Senate,SC,haley n,3,0,1
,REP,Nancy Mace,"U.S. representative from South Carolina's 1st congressional district (2021–present), candidate for U.S. Senate in 2014 , and candidate for governor in 2026  (endorsed Norman)",2026,Senate,SC,mace n,4,1,1
,REP,William Timmons,"U.S. representative from South Carolina's 4th congressional district (2019–present) ( running for reelection , endorsed Graham)",2026,Senate,SC,timmons w,4,1,0
,REP,Joe Wilson,U.S. representative from South Carolina's 2nd congressional district (2001–present) ( running for reelection ),2026,Senate,SC,wilson j,4,1,0
,DEM,Annie Andrews,pediatrician and nominee for South Carolina's 1st congressional district in 2022,2026,Senate,SC,andrews a,0,0,1
,DEM,Lee Johnson,engineer,2026,Senate,SC,johnson l,0,0,0
,DEM,Mark Hackett,house painter,2026,Senate,SC,hackett m,0,0,0
,DEM,South Carolina Libertarian Party,State Committee,2026,Senate,SC,party s,0,0,0
,DEM,Jason Brenkus,motivational speaker,2026,Senate,SC,brenkus j,0,0,0
,REP,Mike Rounds,incumbent U.S. senator (2015–present),2026,Senate,SD,rounds m,4,1,0
,DEM,South Dakota state trooper,"activist, and businessman",2026,Senate,SD,trooper s,0,0,0
,IND,U.S. Navy,"and Air Force veteran, former Northern State University political science professor, and Democratic nominee for U.S. Senate in 2022",2026,Senate,SD,navy u,0,0,1
,REP,Ken Paxton,attorney general of Texas (2015–present),2026,Senate,TX,paxton k,3,1,0
,REP,Alexander Duncan,police officer,2026,Senate,TX,duncan a,0,0,0
,REP,Richland Springs,school board,2026,Senate,TX,springs r,1,0,0
,REP,ran for U.S. House,),2026,Senate,TX,house r,0,0,0
,REP,Tony Schmoker,realtor,2026,Senate,TX,schmoker t,0,0,0
,DEM,James Talarico,state representative from the 50th district (2018–present),2026,Senate,TX,talarico j,2,1,0
,DEM,Colin Allred,"former U.S. representative from Texas's 32nd congressional district (2019–2025) and nominee for U.S. Senate in 2024 ( running for U.S. House , endorsed Crockett in the primary and Talarico in the general)",2026,Senate,TX,allred c,4,1,1
,DEM,Emily Morgul,administrative assistant,2026,Senate,TX,morgul e,0,0,0
,DEM,Michael Swanson,waiter,2026,Senate,TX,swanson m,0,0,0
,DEM,Terry Virts,retired United States Air Force pilot and NASA astronaut ( ran for U.S. House ),2026,Senate,TX,virts t,0,0,0
,DEM,Paula Williams,realtor,2026,Senate,TX,williams p,0,0,0
,DEM,Joaquin Castro,U.S. representative from Texas's 20th congressional district (2013–present) ( running for re-election ),2026,Senate,TX,castro j,4,1,0
,DEM,Veronica Escobar,U.S. representative from Texas's 16th congressional district (2019–present) ( running for re-election ),2026,Senate,TX,escobar v,4,1,0
,DEM,Clay Jenkins,Dallas County judge [ p ] (2011–present),2026,Senate,TX,jenkins c,1,1,0
,DEM,Marc Veasey,U.S. representative from Texas's 33rd congressional district (2013–present)  (endorsed Allred),2026,Senate,TX,veasey m,4,1,0
,IND,Ronald Evans,minister,2026,Senate,TX,evans r,0,0,0
,IND,Camencia Ford,businesswoman,2026,Senate,TX,ford c,0,0,0
,IND,Jade Simmons,"concert pianist, motivational speaker, and 2020 presidential candidate",2026,Senate,TX,simmons j,0,0,0
,DEM,Mark Warner,incumbent U.S. senator (2009–present),2026,Senate,VA,warner m,4,1,0
,DEM,Spotsylvania County,school board member,2026,Senate,VA,county s,1,0,0
,DEM,Army,Adjutant General Corps Reserve 2nd Lieutenant,2026,Senate,VA,army,0,0,0
,DEM,reality TV,star (running as an independent),2026,Senate,VA,tv r,0,0,0
,DEM,Jason Reynolds,IT professional,2026,Senate,VA,reynolds j,0,0,0
,REP,Kim Farington,financial accountant,2026,Senate,VA,farington k,0,0,0
,REP,Bert Mizusawa,"retired United States Army major general , candidate for U.S. Senate in 2018 , and candidate for VA-02 in 2010",2026,Senate,VA,mizusawa b,0,0,1
,REP,U.S. Marine Corps Reserves,colonel,2026,Senate,VA,reserves u,0,0,0
,REP,Alex De Paula,former nonprofit executive,2026,Senate,VA,paula a,0,0,0
,REP,Bryce Reeves,"state senator from the 28th district (2012–present), candidate for lieutenant governor of Virginia in 2017 , and candidate for Virginia's 7th congressional district in 2022",2026,Senate,VA,reeves b,2,1,1
,REP,Virginia's 3rd congressional district,"in 2010 , and perennial candidate",2026,Senate,VA,district v,0,0,0
,REP,Jason Miyares,former attorney general of Virginia (2022–2026),2026,Senate,VA,miyares j,3,0,0
,REP,Glenn Youngkin,former governor of Virginia (2022–2026),2026,Senate,VA,youngkin g,3,0,0
,IND,Mark Moran,former investment banker and reality TV star (previously ran as a Democrat)   (running for Fairfax County Commonwealth’s Attorney),2026,Senate,VA,moran m,0,0,0
,REP,Frank Murkowski,incumbent U.S. Senator,1998,Senate,AK,murkowski f,4,0,0
,DEM,Joseph Sonneman,,1998,Senate,AK,sonneman j,0,0,0
,DEM,Frank Vondersaar,,1998,Senate,AK,vondersaar f,0,0,0
,REP,William L. Hale,,1998,Senate,AK,hale w,0,0,0
,OTH,Jeffrey Gottlieb,,1998,Senate,AK,gottlieb j,0,0,0
,OTH,Scott A. Kohlhaas,,1998,Senate,AK,kohlhaas s,0,0,0
,REP,Richard Shelby,incumbent U.S. Senator,1998,Senate,AL,shelby r,4,0,0
,DEM,Franklin County,Commissioner,1998,Senate,AL,county f,0,0,0
,DEM,Clayton Suddith,,1998,Senate,AL,suddith c,0,0,0
,DEM,Winston Bryant,"attorney general of Arkansas , former lieutenant governor and secretary of state",1998,Senate,AR,bryant w,3,0,0
,DEM,lieutenant governor,in 1993,1998,Senate,AR,governor l,0,0,0
,DEM,Blanche Lincoln,former U.S. representative,1998,Senate,AR,lincoln b,4,1,0
,DEM,Pat Hays,mayor of North Little Rock,1998,Senate,AR,hays p,1,0,0
,REP,Fay Boozman,state senator,1998,Senate,AR,boozman f,2,0,0
,REP,Tom Prince,mayor of Little Rock,1998,Senate,AR,prince t,1,0,0
,REP,Blanche Lincoln,"(D), former U.S. representative",1998,Senate,AR,lincoln b,4,1,0
,DEM,Scott Ferguson,,1998,Senate,AR,ferguson s,0,0,0
,DEM,Nate Coulter,,1998,Senate,AR,coulter n,0,0,0
,OTH,Charley E. Heffley,,1998,Senate,AR,heffley c,0,0,0
,REP,John McCain,incumbent U.S. Senator,1998,Senate,AZ,mccain j,4,0,0
,DEM,Ed Ranger,,1998,Senate,AZ,ranger e,0,0,0
,OTH,John C. Zajac,,1998,Senate,AZ,zajac j,0,0,0
,OTH,Bob Park,,1998,Senate,AZ,park b,0,0,0
,DEM,Barbara Boxer,incumbent U.S. Senator,1998,Senate,CA,boxer b,4,0,0
,REP,John M. Brown,businessman,1998,Senate,CA,brown j,0,0,0
,REP,Linh Dao,activist,1998,Senate,CA,dao l,0,0,0
,REP,Matt Fong,State Treasurer,1998,Senate,CA,fong m,3,0,0
,REP,Darrell Issa,businessman and activist,1998,Senate,CA,issa d,0,0,0
,REP,Mark Raus,pharmacist,1998,Senate,CA,raus m,0,0,0
,REP,Frank Riggs,U.S. Representative from Windsor,1998,Senate,CA,riggs f,4,1,0
,REP,Barbara Boxer,incumbent U.S. Senator (Democratic),1998,Senate,CA,boxer b,4,0,0
,REP,Ted Brown,perennial candidate (Libertarian),1998,Senate,CA,brown t,0,0,0
,DEM,John Pinkerton,,1998,Senate,CA,pinkerton j,0,0,0
,OTH,Ted Brown,,1998,Senate,CA,brown t,0,0,0
,,Peace and Freedom,,1998,Senate,CA,freedom p,0,0,0
,OTH,Timothy R. Erich,,1998,Senate,CA,erich t,0,0,0
,,American Independent,,1998,Senate,CA,independent a,0,0,0
,,Natural Law,,1998,Senate,CA,law n,0,0,0
,DEM,Dottie Lamm,former First Lady of Colorado,1998,Senate,CO,lamm d,0,0,0
,DEM,Gil Romero,former state legislator,1998,Senate,CO,romero g,0,0,0
,REP,Ben Nighthorse Campbell,incumbent U.S. Senator,1998,Senate,CO,campbell b,4,0,0
,REP,1994,Republican congressional candidate,1998,Senate,CO,,0,0,0
,REP,Dottie Lamm,former First Lady of Colorado,1998,Senate,CO,lamm d,0,0,0
,REP,Bill Eggert,,1998,Senate,CO,eggert b,0,0,0
,OTH,David S. Segal,,1998,Senate,CO,segal d,0,0,0
,OTH,Kevin Swanson,,1998,Senate,CO,swanson k,0,0,0
,,Natural Law,,1998,Senate,CO,law n,0,0,0
,OTH,John Heckman,,1998,Senate,CO,heckman j,0,0,0
,OTH,Gary Swing,,1998,Senate,CO,swing g,0,0,0
,DEM,Chris Dodd,incumbent U.S. Senator,1998,Senate,CT,dodd c,4,0,0
,REP,Gary Franks,former U.S. Representative,1998,Senate,CT,franks g,4,1,0
,,Concerned Citizens,,1998,Senate,CT,citizens c,0,0,0
,OTH,Lois A. Grasso,,1998,Senate,CT,grasso l,0,0,0
,OTH,Wildey J. Moore,,1998,Senate,CT,moore w,0,0,0
,DEM,Bob Graham,incumbent United States Senator,1998,Senate,FL,graham b,4,0,0
,REP,Charlie Crist,State Senator from St. Petersburg,1998,Senate,FL,crist c,2,0,0
,REP,Andy Martin,perennial candidate,1998,Senate,FL,martin a,0,0,0
,REP,Bob Graham,"(D), incumbent U.S. Senator",1998,Senate,FL,graham b,4,0,0
,DEM,Michael Coles,co-founder of Great American Cookies and nominee for U.S. Representative in 1996,1998,Senate,GA,coles m,0,1,1
,DEM,Jimmy Allen Boyd,businessman,1998,Senate,GA,boyd j,0,0,0
,DEM,Paul Coverdell,incumbent U.S. Senator (Republican),1998,Senate,GA,coverdell p,4,0,0
,REP,Paul Coverdell,incumbent U.S. Senator,1998,Senate,GA,coverdell p,4,0,0
,OTH,Bert Loftman,,1998,Senate,GA,loftman b,0,0,0
,,Socialist Workers,,1998,Senate,GA,workers s,0,0,0
,DEM,Daniel Inouye,incumbent U.S. Senator,1998,Senate,HI,inouye d,4,0,0
,REP,Crystal Young,legislative aide,1998,Senate,HI,young c,0,0,0
,OTH,Lloyd Mallan,,1998,Senate,HI,mallan l,0,0,0
,DEM,David Osterberg,former State Representative,1998,Senate,IA,osterberg d,2,1,0
,REP,Chuck Grassley,incumbent United States Senator,1998,Senate,IA,grassley c,4,0,0
,,Natural Law,,1998,Senate,IA,law n,0,0,0
,,Socialist Workers,,1998,Senate,IA,workers s,0,0,0
,REP,Mike Crapo,U.S. Representative,1998,Senate,ID,crapo m,4,1,0
,DEM,Bill Mauk,,1998,Senate,ID,mauk b,0,0,0
,REP,Matt Lambert,,1998,Senate,ID,lambert m,0,0,0
,,Natural Law,,1998,Senate,ID,law n,0,0,0
,DEM,Carol Moseley Braun,incumbent U.S. Senator,1998,Senate,IL,braun c,4,0,0
,REP,Loleta Didrickson,Illinois Comptroller,1998,Senate,IL,didrickson l,0,0,0
,REP,Peter Fitzgerald,State Senator from Inverness,1998,Senate,IL,fitzgerald p,2,0,0
,OTH,Don A. Torgersen,,1998,Senate,IL,torgersen d,0,0,0
,OTH,Steve Denari,,1998,Senate,IL,denari s,0,0,0
,,US Taxpayers,,1998,Senate,IL,taxpayers u,0,0,0
,DEM,Evan Bayh,,1998,Senate,IN,bayh e,0,0,0
,REP,Paul Helmke,,1998,Senate,IN,helmke p,0,0,0
,OTH,Rebecca Sink-Burris,,1998,Senate,IN,burris r,0,0,0
,DEM,State Senator,and nominee for Insurance Commissioner in 1990,1998,Senate,KS,senator s,0,0,1
,REP,Sam Brownback,incumbent U.S. Senator,1998,Senate,KS,brownback s,4,0,0
,DEM,Paul Feleciano,,1998,Senate,KS,feleciano p,0,0,0
,DEM,Todd Covault,,1998,Senate,KS,covault t,0,0,0
,OTH,Tom Oyler,,1998,Senate,KS,oyler t,0,0,0
,OTH,Alvin Bauman,,1998,Senate,KS,bauman a,0,0,0
,DEM,Scotty Baesler,U.S. Representative,1998,Senate,KY,baesler s,4,1,0
,DEM,Steve Henry,Lieutenant Governor,1998,Senate,KY,henry s,3,0,0
,DEM,Charlie Owen,businessman,1998,Senate,KY,owen c,0,0,0
,REP,Jim Bunning,U.S. Representative,1998,Senate,KY,bunning j,4,1,0
,REP,Barry Metcalf,State Senator,1998,Senate,KY,metcalf b,2,0,0
,REP,Scotty Baesler,"(D), U.S. Representative",1998,Senate,KY,baesler s,4,1,0
,DEM,Jim Brown,,1998,Senate,KY,brown j,0,0,0
,DEM,David L. Williams,,1998,Senate,KY,williams d,0,0,0
,DEM,Ken Buchanan Thompson,,1998,Senate,KY,thompson k,0,0,0
,OTH,Charles R. Arbegust,,1998,Senate,KY,arbegust c,0,0,0
,DEM,Barbara Mikulski,incumbent U.S. Senator,1998,Senate,MD,mikulski b,4,0,0
,REP,Ross Pierpont,retired surgeon,1998,Senate,MD,pierpont r,0,0,0
,REP,John Stafford,Chief Administrative Law Judge for the U.S. Department of the Interior,1998,Senate,MD,stafford j,1,0,0
,REP,Barbara Mikulski,"(D), incumbent U.S. Senator",1998,Senate,MD,mikulski b,4,0,0
,REP,Ross Pierpont (R),perennial candidate,1998,Senate,MD,r r,0,0,0
,DEM,Ann L. Mallory,,1998,Senate,MD,mallory a,0,0,0
,DEM,Kauko H. Kokkonen,,1998,Senate,MD,kokkonen k,0,0,0
,REP,John Taylor,,1998,Senate,MD,taylor j,0,0,0
,REP,Michael Gloth,,1998,Senate,MD,gloth m,0,0,0
,REP,Kenneth Wayman,,1998,Senate,MD,wayman k,0,0,0
,REP,Bradlyn McClanahan,,1998,Senate,MD,mcclanahan b,0,0,0
,REP,Howard David Greyber,,1998,Senate,MD,greyber h,0,0,0
,REP,George Liebmann,,1998,Senate,MD,liebmann g,0,0,0
,REP,Barry Steve Asbury,,1998,Senate,MD,asbury b,0,0,0
,REP,Thomas Scott,,1998,Senate,MD,scott t,0,0,0
,REP,Kit Bond,incumbent U.S. Senator,1998,Senate,MO,bond k,4,0,0
,DEM,Jay Nixon,,1998,Senate,MO,nixon j,0,0,0
,OTH,Tamara Millay,,1998,Senate,MO,millay t,0,0,0
,OTH,Curtis Frazier,,1998,Senate,MO,frazier c,0,0,0
,OTH,James Newport,,1998,Senate,MO,newport j,0,0,0
,DEM,John Edwards,Raleigh attorney,1998,Senate,NC,edwards j,0,0,0
,DEM,D. G. Martin,former vice chancellor of the University of North Carolina at Chapel Hill and candidate for U.S. Representative in 1984 and 1986,1998,Senate,NC,martin d,0,1,1
,DEM,Charlotte City Council,member,1998,Senate,NC,council c,0,0,0
,DEM,Mike Easley,North Carolina Attorney General since 1993,1998,Senate,NC,easley m,3,0,0
,DEM,Harvey Gantt,former mayor of Charlotte and nominee for Senate in 1990 and 1996,1998,Senate,NC,gantt h,1,0,1
,DEM,Mike Robinson,Davidson County businessman,1998,Senate,NC,robinson m,0,0,0
,DEM,Glaxo,and candidate for Senate in 1996,1998,Senate,NC,glaxo,0,0,1
,DEM,Lauch Faircloth,incumbent U.S. Senator since 1993 (Republican),1998,Senate,NC,faircloth l,4,0,0
,DEM,Ella Scarborough,,1998,Senate,NC,scarborough e,0,0,0
,DEM,Bob Ayers Jr.,,1998,Senate,NC,ayers b,0,0,0
,DEM,James Carmack,,1998,Senate,NC,carmack j,0,0,0
,DEM,Gene Gay,,1998,Senate,NC,gay g,0,0,0
,REP,Lauch Faircloth,incumbent U.S. Senator,1998,Senate,NC,faircloth l,4,0,0
,OTH,Barbara Howe,,1998,Senate,NC,howe b,0,0,0
,DEM,Byron Dorgan,incumbent U.S. Senator,1998,Senate,ND,dorgan b,4,0,0
,REP,Donna Nalewaja,State Senator,1998,Senate,ND,nalewaja d,2,0,0
,OTH,Harley McLain,,1998,Senate,ND,mclain h,0,0,0
,DEM,Belmont,Selectman,1998,Senate,NH,belmont,1,0,0
,REP,Judd Gregg,incumbent U.S. Senator,1998,Senate,NH,gregg j,4,0,0
,REP,Phil Weber,State Representative,1998,Senate,NH,weber p,2,1,0
,DEM,George Condodemetraky,,1998,Senate,NH,condodemetraky g,0,0,0
,REP,Judd Gregg (inc.),,1998,Senate,NH,inc j,0,0,0
,OTH,Brian Christeson,,1998,Senate,NH,christeson b,0,0,0
,OTH,Roy Kendel,,1998,Senate,NH,kendel r,0,0,0
,REP,John Ensign,U.S. Representative,1998,Senate,NV,ensign j,4,1,0
,REP,Harry Reid,"(D), incumbent U.S. Senator",1998,Senate,NV,reid h,4,0,0
,REP,Ralph W. Stephens,,1998,Senate,NV,stephens r,0,0,0
,REP,None of these candidates,,1998,Senate,NV,candidates n,0,0,0
,DEM,Harry Reid,incumbent U.S. Senator,1998,Senate,NV,reid h,4,0,0
,OTH,Michael Cloud,,1998,Senate,NV,cloud m,0,0,0
,,None of These Candidates,,1998,Senate,NV,candidates n,0,0,0
,,Natural Law,,1998,Senate,NV,law n,0,0,0
,DEM,Geraldine Ferraro,"former U.S. Representative, and nominee for vice president in 1984",1998,Senate,NY,ferraro g,4,1,1
,DEM,Mark Green,"New York City Public Advocate , and nominee in 1986",1998,Senate,NY,green m,0,0,0
,DEM,citation needed,],1998,Senate,NY,needed c,0,0,0
,DEM,Chuck Schumer,U.S. Representative,1998,Senate,NY,schumer c,4,1,0
,REP,Chuck Schumer,"(Democratic), U.S. Representative",1998,Senate,NY,schumer c,4,1,0
,REP,Al D'Amato,"(Republican), incumbent U.S. Senator",1998,Senate,NY,amato a,4,0,0
,DEM,Eric Ruano-Melendez,,1998,Senate,NY,melendez e,0,0,0
,,Chuck Schumer,,1998,Senate,NY,schumer c,0,0,0
,,Mark Green,,1998,Senate,NY,green m,0,0,0
,,Right to Life,,1998,Senate,NY,life r,0,0,0
,,Al D'Amato,,1998,Senate,NY,amato a,0,0,0
,,Marijuana Reform,,1998,Senate,NY,reform m,0,0,0
,OTH,Joel Kovel,,1998,Senate,NY,kovel j,0,0,0
,OTH,William McMillen,,1998,Senate,NY,mcmillen w,0,0,0
,,Socialist Workers,,1998,Senate,NY,workers s,0,0,0
,REP,George Voinovich,,1998,Senate,OH,voinovich g,0,0,0
,DEM,Mary Boyle,,1998,Senate,OH,boyle m,0,0,0
,DEM,Don Carroll,air conditioning repairman,1998,Senate,OK,carroll d,0,0,0
,REP,Don Nickles,incumbent U.S. Senator,1998,Senate,OK,nickles d,4,0,0
,OTH,Mike Morris,,1998,Senate,OK,morris m,0,0,0
,OTH,Argus W. Jr. Yandell,,1998,Senate,OK,yandell a,0,0,0
,DEM,Ronald Wyden,incumbent U.S. Senator,1998,Senate,OR,wyden r,4,0,0
,DEM,John Sweeney,,1998,Senate,OR,sweeney j,0,0,0
,REP,John Lim,,1998,Senate,OR,lim j,0,0,0
,REP,John Michael Fitzpatrick,,1998,Senate,OR,fitzpatrick j,0,0,0
,REP,Valentine Christian,,1998,Senate,OR,christian v,0,0,0
,,Pacific Green,,1998,Senate,OR,green p,0,0,0
,OTH,Jim Brewster,,1998,Senate,OR,brewster j,0,0,0
,,Natural Law,,1998,Senate,OR,law n,0,0,0
,,Dean M. Braa,,1998,Senate,OR,braa d,0,0,0
,REP,Arlen Specter,incumbent U.S. Senator,1998,Senate,PA,specter a,4,0,0
,DEM,William R. Lloyd Jr.,,1998,Senate,PA,lloyd w,0,0,0
,OTH,Dean Snyder,,1998,Senate,PA,snyder d,0,0,0
,OTH,Jack Iannantuono,,1998,Senate,PA,iannantuono j,0,0,0
,REP,Greenville County,Republican Party Chairman,1998,Senate,SC,county g,0,0,0
,REP,Bob Inglis,U.S. Representative,1998,Senate,SC,inglis b,4,1,0
,REP,Ernest Hollings,"(D), incumbent U.S. Senator",1998,Senate,SC,hollings e,4,0,0
,REP,Stephen Brown,,1998,Senate,SC,brown s,0,0,0
,REP,Elton Legrand,,1998,Senate,SC,legrand e,0,0,0
,DEM,Fritz Hollings,incumbent U.S. Senator,1998,Senate,SC,hollings f,4,0,0
,OTH,Richard T. Quillian,,1998,Senate,SC,quillian r,0,0,0
,,No party,,1998,Senate,SC,party n,0,0,0
,REP,Ron Schmidt,attorney,1998,Senate,SD,schmidt r,0,0,0
,REP,Tom Daschle,"(D), incumbent U.S. Senator",1998,Senate,SD,daschle t,4,0,0
,REP,Ron Schmidt (R),attorney,1998,Senate,SD,r r,0,0,0
,REP,Alan Aker,,1998,Senate,SD,aker a,0,0,0
,REP,John M. Sanders,,1998,Senate,SD,sanders j,0,0,0
,DEM,Tom Daschle,incumbent U.S. Senator,1998,Senate,SD,daschle t,4,0,0
,OTH,Byron Dale,,1998,Senate,SD,dale b,0,0,0
,DEM,Scott Leckman,physician,1998,Senate,UT,leckman s,0,0,0
,REP,Bob Bennett,incumbent U.S. Senator,1998,Senate,UT,bennett b,4,0,0
,OTH,Gary Van Horn,,1998,Senate,UT,horn g,0,0,0
,DEM,Patrick Leahy,incumbent U.S. Senator,1998,Senate,VT,leahy p,4,0,0
,REP,Fred Tuttle,dairy farmer and actor,1998,Senate,VT,tuttle f,0,0,0
,REP,Jack McMullen,businessman,1998,Senate,VT,mcmullen j,0,0,0
,REP,Patrick Leahy,"(D), incumbent U.S. Senator",1998,Senate,VT,leahy p,4,0,0
,,Robert Melamede,,1998,Senate,VT,melamede r,0,0,0
,OTH,Hugh Douglas,,1998,Senate,VT,douglas h,0,0,0
,OTH,Barry Nelson,,1998,Senate,VT,nelson b,0,0,0
,,Liberty Union,,1998,Senate,VT,union l,0,0,0
,DEM,Patty Murray,incumbent U.S. Senator,1998,Senate,WA,murray p,4,0,0
,REP,Linda Smith,U.S. Representative from WA-03 (1995–1999),1998,Senate,WA,smith l,4,1,0
,DEM,Russ Feingold,incumbent U.S. Senator,1998,Senate,WI,feingold r,4,0,0
,REP,Mark Neumann,,1998,Senate,WI,neumann m,0,0,0
,,U.S. Taxpayers,,1998,Senate,WI,taxpayers u,0,0,0
,OTH,Tom Ender,,1998,Senate,WI,ender t,0,0,0
,OTH,Eugene A. Hem,,1998,Senate,WI,hem e,0,0,0
,IND,Bill Toel,professor and former banker,2000,Senate,AZ,toel b,0,0,0
,IND,Barry Hess,businessman,2000,Senate,AZ,hess b,0,0,0
,REP,Jon Kyl,incumbent U.S. Senator first elected in 1994,2000,Senate,AZ,kyl j,4,0,0
,OTH,William Toel,,2000,Senate,AZ,toel w,0,0,0
,OTH,Vance Hansen,,2000,Senate,AZ,hansen v,0,0,0
,DEM,Dianne Feinstein,incumbent Senator since 1992,2000,Senate,CA,feinstein d,4,0,0
,DEM,Emeryville,attorney and candidate for California Attorney General in 1998,2000,Senate,CA,emeryville,0,0,1
,REP,Tom Campbell,U.S. Representative from Campbell,2000,Senate,CA,campbell t,4,1,0
,REP,San Diego County,Supervisor,2000,Senate,CA,county s,0,0,0
,REP,Ray Haynes,State Senator from Murrieta,2000,Senate,CA,haynes r,2,0,0
,DEM,Michael Schmier,,2000,Senate,CA,schmier m,0,0,0
,REP,Bill Horn,,2000,Senate,CA,horn b,0,0,0
,REP,John M. Brown,,2000,Senate,CA,brown j,0,0,0
,REP,Linh Dao,,2000,Senate,CA,dao l,0,0,0
,REP,James Peter Gough,,2000,Senate,CA,gough j,0,0,0
,OTH,Medea Benjamin,,2000,Senate,CA,benjamin m,0,0,0
,OTH,Jan B. Tucker,,2000,Senate,CA,tucker j,0,0,0
,OTH,Jose Luis Olivares Camahort,,2000,Senate,CA,camahort j,0,0,0
,OTH,"Valli ""Sharp"" Sharpe",,2000,Senate,CA,sharpe v,0,0,0
,OTH,Gail Lightfoot,,2000,Senate,CA,lightfoot g,0,0,0
,,American Independent,,2000,Senate,CA,independent a,0,0,0
,,Natural Law,,2000,Senate,CA,law n,0,0,0
,,Invalid or blank votes,,2000,Senate,CA,votes i,0,0,0
,DEM,Joe Lieberman,incumbent U.S. Senator,2000,Senate,CT,lieberman j,4,0,0
,REP,Philip Giordano,,2000,Senate,CT,giordano p,0,0,0
,,Concerned Citizens,,2000,Senate,CT,citizens c,0,0,0
,OTH,Wildey J. Moore,,2000,Senate,CT,moore w,0,0,0
,DEM,Tom Carper,,2000,Senate,DE,carper t,0,0,0
,REP,William Roth,incumbent U.S. Senator,2000,Senate,DE,roth w,4,0,0
,OTH,J. Burke Morrison,,2000,Senate,DE,morrison j,0,0,0
,OTH,Mark E. Dankof,,2000,Senate,DE,dankof m,0,0,0
,,Natural Law,,2000,Senate,DE,law n,0,0,0
,REP,Bill McCollum,U.S. Representative,2000,Senate,FL,mccollum b,4,1,0
,DEM,Newall Jerome Daughtrey,nominee for Florida State Comptroller in 1998,2000,Senate,FL,daughtrey n,0,0,1
,DEM,FL-10,in 1986 and 1988,2000,Senate,FL,fl,0,0,0
,DEM,Bill Nelson,"State Treasurer , former U.S. Representative and candidate for governor in 1990.",2000,Senate,FL,nelson b,4,1,1
,DEM,Joel Deckard,former U.S. Representative from Indiana (Reform),2000,Senate,FL,deckard j,4,1,0
,DEM,Willie Logan,State Representative (Independent),2000,Senate,FL,logan w,2,1,0
,DEM,Andy Martin,perennial candidate (Independent),2000,Senate,FL,martin a,0,0,0
,DEM,Bill McCollum,U.S. Representative (Republican),2000,Senate,FL,mccollum b,4,1,0
,REP,Hamilton A. S. Bartlett,,2000,Senate,FL,bartlett h,0,0,0
,DEM,David B. Higginbottom,,2000,Senate,FL,higginbottom d,0,0,0
,OTH,Willie Logan,,2000,Senate,FL,logan w,0,0,0
,,Natural Law,,2000,Senate,FL,law n,0,0,0
,OTH,Darrell L. McCormick,,2000,Senate,FL,mccormick d,0,0,0
,OTH,Joel Deckard,,2000,Senate,FL,deckard j,0,0,0
,OTH,Andy Martin,,2000,Senate,FL,martin a,0,0,0
,,Nikki Oldaker,,2000,Senate,FL,oldaker n,0,0,0
,DEM,Daniel Akaka,incumbent U.S. Senator,2000,Senate,HI,akaka d,4,0,0
,REP,John Carroll,former state senator and former state representative,2000,Senate,HI,carroll j,2,1,0
,,Natural Law,,2000,Senate,HI,law n,0,0,0
,OTH,Lloyd Jeffrey Mallan,,2000,Senate,HI,mallan l,0,0,0
,OTH,David Porter,,2000,Senate,HI,porter d,0,0,0
,REP,Richard Lugar,incumbent U.S. Senator,2000,Senate,IN,lugar r,4,0,0
,DEM,David Johnson,,2000,Senate,IN,johnson d,0,0,0
,OTH,Paul Hager,,2000,Senate,IN,hager p,0,0,0
,DEM,Ted Kennedy,incumbent U.S. Senator,2000,Senate,MA,kennedy t,4,0,0
,REP,Jack E. Robinson III,,2000,Senate,MA,robinson j,0,0,0
,OTH,Carla Howell,,2000,Senate,MA,howell c,0,0,0
,OTH,Philip F. Lawler,,2000,Senate,MA,lawler p,0,0,0
,OTH,Dale E. Friedgen,,2000,Senate,MA,friedgen d,0,0,0
,OTH,Philip Hyde III,,2000,Senate,MA,hyde p,0,0,0
,DEM,Paul Sarbanes,incumbent U.S. Senator first elected in 1976,2000,Senate,MD,sarbanes p,4,0,0
,REP,Howard County,police chief and nominee for Lieutenant Governor in 1994,2000,Senate,MD,county h,0,0,1
,REP,Paul Rappaport,,2000,Senate,MD,rappaport p,0,0,0
,,Write Ins,,2000,Senate,MD,ins w,0,0,0
,REP,Olympia Snowe,incumbent U.S. Senator,2000,Senate,ME,snowe o,4,0,0
,DEM,Mark W. Lawrence,,2000,Senate,ME,lawrence m,0,0,0
,DEM,Debbie Stabenow,,2000,Senate,MI,stabenow d,0,0,0
,REP,Spencer Abraham,incumbent U.S. Senator,2000,Senate,MI,abraham s,4,0,0
,OTH,Matthew Abel,,2000,Senate,MI,abel m,0,0,0
,OTH,Michael Corliss,,2000,Senate,MI,corliss m,0,0,0
,OTH,Mark Forton,,2000,Senate,MI,forton m,0,0,0
,OTH,John Mangopoulos,,2000,Senate,MI,mangopoulos j,0,0,0
,,Natural Law,,2000,Senate,MI,law n,0,0,0
,REP,Rod Grams,incumbent U.S. Senator,2000,Senate,MN,grams r,4,0,0
,REP,Mark Dayton,"(DFL), former State Auditor and nominee for this seat in 1982",2000,Senate,MN,dayton m,3,0,1
,DEM,Mark Dayton,,2000,Senate,MN,dayton m,0,0,0
,DEM,Mike Ciresi,,2000,Senate,MN,ciresi m,0,0,0
,DEM,Jerry Janezich,,2000,Senate,MN,janezich j,0,0,0
,DEM,Rebecca Yanisch,,2000,Senate,MN,yanisch r,0,0,0
,DEM,Richard Franson,,2000,Senate,MN,franson r,0,0,0
,DEM,Oloveuse S. Savior,,2000,Senate,MN,savior o,0,0,0
,DEM,Gregg A. Iverson,,2000,Senate,MN,iverson g,0,0,0
,REP,William Paul Dahn,,2000,Senate,MN,dahn w,0,0,0
,,James Gibson,,2000,Senate,MN,gibson j,0,0,0
,,David Daniels,,2000,Senate,MN,daniels d,0,0,0
,,Socialist Workers,,2000,Senate,MN,workers s,0,0,0
,OTH,David Swan,,2000,Senate,MN,swan d,0,0,0
,OTH,Erik D. Pakieser,,2000,Senate,MN,pakieser e,0,0,0
,,Ole Savior,,2000,Senate,MN,savior o,0,0,0
,DEM,Mel Carnahan,,2000,Senate,MO,carnahan m,0,0,0
,DEM,Ronald Waggoner,,2000,Senate,MO,waggoner r,0,0,0
,REP,John Ashcroft,incumbent U.S. Senator,2000,Senate,MO,ashcroft j,4,0,0
,REP,Marc Perkel,,2000,Senate,MO,perkel m,0,0,0
,OTH,Evaline Taylor,,2000,Senate,MO,taylor e,0,0,0
,OTH,Grant Samuel Stauffer,,2000,Senate,MO,stauffer g,0,0,0
,OTH,Hugh Foley,,2000,Senate,MO,foley h,0,0,0
,,Natural Law,,2000,Senate,MO,law n,0,0,0
,REP,Trent Lott,,2000,Senate,MS,lott t,0,0,0
,DEM,Troy D. Brown,,2000,Senate,MS,brown t,0,0,0
,OTH,Jim Giles,,2000,Senate,MS,giles j,0,0,0
,OTH,Lewis Napper,,2000,Senate,MS,napper l,0,0,0
,OTH,Shawn O'Hara,,2000,Senate,MS,hara s,0,0,0
,DEM,John Driscoll,former Speaker of the Montana House of Representatives,2000,Senate,MT,driscoll j,2,1,0
,DEM,Brian Schweitzer,"farmer and former United States Department of Agriculture employee, future Governor of Montana",2000,Senate,MT,schweitzer b,3,0,0
,REP,Conrad Burns,incumbent U.S. Senator,2000,Senate,MT,burns c,4,0,0
,REP,Brian Schweitzer,"(D), farmer and former United States Department of Agriculture employee",2000,Senate,MT,schweitzer b,0,0,0
,OTH,Sam Rankin,,2000,Senate,MT,rankin s,0,0,0
,OTH,Gary Lee,,2000,Senate,MT,lee g,0,0,0
,DEM,Kent Conrad,incumbent U.S. Senator,2000,Senate,ND,conrad k,4,0,0
,REP,Duane Sand,Naval Reserve officer,2000,Senate,ND,sand d,0,0,0
,DEM,Ben Nelson,former Governor of Nebraska and 1996 Democratic nominee for the United States Senate,2000,Senate,NE,nelson b,3,0,1
,DEM,Al Hamburg,perennial candidate,2000,Senate,NE,hamburg a,0,0,0
,REP,Don Stenberg,Attorney General of Nebraska,2000,Senate,NE,stenberg d,3,0,0
,REP,Scott Moore,Secretary of State of Nebraska,2000,Senate,NE,moore s,3,0,0
,REP,John DeCamp,former State Senator,2000,Senate,NE,decamp j,2,0,0
,REP,Ben Nelson,"(D), former Governor of Nebraska and 1996 Democratic nominee for the United States Senate",2000,Senate,NE,nelson b,3,0,1
,REP,David Hergert,,2000,Senate,NE,hergert d,0,0,0
,REP,George Grogan,,2000,Senate,NE,grogan g,0,0,0
,REP,Elliott Rustad,,2000,Senate,NE,rustad e,0,0,0
,DEM,Jon Corzine,former CFO and senior partner of Goldman Sachs,2000,Senate,NJ,corzine j,0,0,0
,DEM,James Florio,former Governor of New Jersey and U.S. representative,2000,Senate,NJ,florio j,4,1,0
,DEM,Hillary Rodham Clinton,First Lady of the United States ( ran for U.S. Senate in New York ),2000,Senate,NJ,clinton h,0,0,0
,DEM,Neil M. Cohen,assemblyman from Roselle,2000,Senate,NJ,cohen n,0,0,0
,DEM,Frank Lautenberg,incumbent U.S. senator since 1982 ( declined February 1999 ),2000,Senate,NJ,lautenberg f,4,0,0
,DEM,Susan Bass Levin,mayor of Cherry Hill ( ran for U.S. House ),2000,Senate,NJ,levin s,1,0,0
,DEM,Bob Menendez,U.S. representative from Union City ( ran for re-election ),2000,Senate,NJ,menendez b,4,1,0
,DEM,Bob Smith,assemblyman from Piscataway and candidate for U.S. House in 1992,2000,Senate,NJ,smith b,0,0,1
,DEM,Frank Pallone,U.S. representative from Long Branch ( ran for re-election ),2000,Senate,NJ,pallone f,4,1,0
,DEM,Steve Rothman,U.S. representative from Fair Lawn ( ran for re-election ),2000,Senate,NJ,rothman s,4,1,0
,REP,William Gormley,state senator from Mays Landing,2000,Senate,NJ,gormley w,2,0,0
,REP,Bob Franks,U.S. representative from Summit,2000,Senate,NJ,franks b,4,1,0
,REP,Murray Sabrin,Ramapo College professor and Libertarian Party nominee for governor in 1997,2000,Senate,NJ,sabrin m,0,0,1
,REP,James Treffinger,Essex County Executive and former mayor of Verona,2000,Senate,NJ,treffinger j,1,0,0
,REP,Brian T. Kennedy,former state senator from Sea Girt and perennial candidate,2000,Senate,NJ,kennedy b,2,0,0
,REP,Christine Todd Whitman,"governor of New Jersey since 1994 ( formed campaign committee April 8, 1999; withdrew September 7, 1999 )",2000,Senate,NJ,whitman c,3,0,0
,REP,Jack Collins,speaker of the New Jersey General Assembly,2000,Senate,NJ,collins j,2,0,0
,REP,Lewis Eisenberg,chair of the Port Authority of New York and New Jersey and chair of the Whitman campaign,2000,Senate,NJ,eisenberg l,0,0,0
,REP,Steve Forbes,publisher of Forbes and candidate for president in 1996 ( ran for president ),2000,Senate,NJ,forbes s,0,0,1
,REP,Thomas Kean,former governor of New Jersey,2000,Senate,NJ,kean t,3,0,0
,REP,Frank LoBiondo,U.S. representative from Vineland ( ran for re-election ),2000,Senate,NJ,lobiondo f,4,1,0
,REP,Marge Roukema,U.S. representative from Ridgewood ( ran for re-election ),2000,Senate,NJ,roukema m,4,1,0
,REP,Dick Zimmer,former U.S. representative from Delaware Township and nominee for U.S. Senate in 1996,2000,Senate,NJ,zimmer d,4,1,1
,REP,Jon Corzine,former CFO of Goldman Sachs (Democratic),2000,Senate,NJ,corzine j,0,0,0
,REP,Pat DiNizio,lead singer of The Smithereens (Reform),2000,Senate,NJ,dinizio p,0,0,0
,REP,Bob Grant,conservative talk radio host,2000,Senate,NJ,grant b,0,0,0
,OTH,Bruce Afran,,2000,Senate,NJ,afran b,0,0,0
,OTH,Pat DiNizio,,2000,Senate,NJ,dinizio p,0,0,0
,OTH,Emerson Ellett,,2000,Senate,NJ,ellett e,0,0,0
,OTH,Dennis A. Breen,,2000,Senate,NJ,breen d,0,0,0
,,Trust in God,,2000,Senate,NJ,god t,0,0,0
,,Lorraine LaNeve,,2000,Senate,NJ,laneve l,0,0,0
,,Gregory Pason,,2000,Senate,NJ,pason g,0,0,0
,,Socialist Workers,,2000,Senate,NJ,workers s,0,0,0
,,God Bless Jersey,,2000,Senate,NJ,jersey g,0,0,0
,DEM,Jeff Bingaman,incumbent U.S. Senator,2000,Senate,NM,bingaman j,4,0,0
,REP,Bill Redmond,former U.S. Representative,2000,Senate,NM,redmond b,4,1,0
,REP,Steve Pearce,State Representative,2000,Senate,NM,pearce s,2,1,0
,REP,Jeff Bingaman,"(D), incumbent U.S. Senator",2000,Senate,NM,bingaman j,4,0,0
,REP,William F. Davis,,2000,Senate,NM,davis w,0,0,0
,DEM,Ed Bernstein,attorney and talk show host,2000,Senate,NV,bernstein e,0,0,0
,DEM,Richard Bryan,incumbent Senator since 1989.,2000,Senate,NV,bryan r,4,0,0
,DEM,Bob Miller,former Governor of Nevada 1989-1999.,2000,Senate,NV,miller b,3,0,0
,DEM,Frankie Sue Del Papa,Nevada Attorney General since 1991.,2000,Senate,NV,papa f,3,0,0
,REP,John Ensign,former U.S. Representative and nominee for the United States Senate in 1998,2000,Senate,NV,ensign j,4,1,1
,REP,Fernando Platin,Jr.,2000,Senate,NV,platin f,0,0,0
,REP,Richard Hamzik,,2000,Senate,NV,hamzik r,0,0,0
,REP,None of these candidates,,2000,Senate,NV,candidates n,0,0,0
,,None of These Candidates,,2000,Senate,NV,candidates n,0,0,0
,OTH,Kathryn Rusco,,2000,Senate,NV,rusco k,0,0,0
,OTH,J.J. Johnson,,2000,Senate,NV,johnson j,0,0,0
,OTH,Ernie Berghof,,2000,Senate,NV,berghof e,0,0,0
,,Citizens First Party,,2000,Senate,NV,party c,0,0,0
,DEM,Hillary Rodham Clinton,,2000,Senate,NY,clinton h,0,0,0
,DEM,Mark McMahon,,2000,Senate,NY,mcmahon m,0,0,0
,,Working Families,,2000,Senate,NY,families w,0,0,0
,,Hillary Rodham Clinton,,2000,Senate,NY,clinton h,0,0,0
,REP,Rick Lazio,,2000,Senate,NY,lazio r,0,0,0
,,Rick Lazio,,2000,Senate,NY,lazio r,0,0,0
,,Jeffrey Graham,,2000,Senate,NY,graham j,0,0,0
,OTH,Mark Dunau,,2000,Senate,NY,dunau m,0,0,0
,,Right to Life,,2000,Senate,NY,life r,0,0,0
,OTH,John Clifton,,2000,Senate,NY,clifton j,0,0,0
,OTH,Louis Wein,,2000,Senate,NY,wein l,0,0,0
,,Socialist Workers,,2000,Senate,NY,workers s,0,0,0
,REP,Frank Cremeans,former U.S. Representative from Gallipolis,2000,Senate,OH,cremeans f,4,1,0
,REP,Mike DeWine,incumbent U.S. Senator,2000,Senate,OH,dewine m,4,0,0
,REP,Ronald Richard Dickson,gun show prompter,2000,Senate,OH,dickson r,0,0,0
,DEM,Ted Celeste,real estate developer and brother of former Ohio Governor Dick Celeste,2000,Senate,OH,celeste t,3,0,0
,DEM,Richard Cordray,former Solicitor General of Ohio and nominee for Ohio Attorney General in 1998,2000,Senate,OH,cordray r,0,0,1
,DEM,Marvin McMickle,Reverend,2000,Senate,OH,mcmickle m,0,0,0
,DEM,Dan Radakovich,activist,2000,Senate,OH,radakovich d,0,0,0
,OTH,John McAlister,,2000,Senate,OH,mcalister j,0,0,0
,,Natural Law,,2000,Senate,OH,law n,0,0,0
,DEM,Tom Foley,former Pennsylvania secretary of Labor and Industry and nominee for lt. governor in 1994,2000,Senate,PA,foley t,0,0,1
,DEM,Ron Klink,U.S. representative from Murrysville,2000,Senate,PA,klink r,4,1,0
,DEM,Robert A. Rovner,former Republican state senator from Philadelphia,2000,Senate,PA,rovner r,2,0,0
,DEM,Allyson Schwartz,state senator from Northeast Philadelphia,2000,Senate,PA,schwartz a,2,0,0
,DEM,Rick Santorum,incumbent U.S. senator since 1995 (Republican),2000,Senate,PA,santorum r,4,0,0
,REP,Rick Santorum (inc.),,2000,Senate,PA,inc r,0,0,0
,DEM,Bob Rovner,,2000,Senate,PA,rovner b,0,0,0
,DEM,Murray Levin,,2000,Senate,PA,levin m,0,0,0
,DEM,Phil Berg,,2000,Senate,PA,berg p,0,0,0
,REP,Rick Santorum,incumbent U.S. Senator,2000,Senate,PA,santorum r,4,0,0
,OTH,John Featherman,,2000,Senate,PA,featherman j,0,0,0
,OTH,Lester Searer,,2000,Senate,PA,searer l,0,0,0
,OTH,Robert Domske,,2000,Senate,PA,domske r,0,0,0
,DEM,Robert Weygand,U.S. Representative,2000,Senate,RI,weygand r,4,1,0
,DEM,Richard A. Licht,former Lieutenant Governor of Rhode Island and nominee for the United States Senate in 1988,2000,Senate,RI,licht r,3,0,1
,REP,Lincoln Chafee,incumbent U.S. Senator,2000,Senate,RI,chafee l,4,0,0
,REP,Robert Weygand,"(D), U.S. Representative",2000,Senate,RI,weygand r,4,1,0
,OTH,Christopher Young,,2000,Senate,RI,young c,0,0,0
,OTH,Kenneth Proulx,,2000,Senate,RI,proulx k,0,0,0
,REP,Bill Frist,incumbent U.S. Senator,2000,Senate,TN,frist b,4,0,0
,DEM,Jeff Clark,,2000,Senate,TN,clark j,0,0,0
,DEM,John Jay Hooker,,2000,Senate,TN,hooker j,0,0,0
,DEM,Mary Taylor-Shelby,,2000,Senate,TN,shelby m,0,0,0
,DEM,Shannon Wood,,2000,Senate,TN,wood s,0,0,0
,DEM,James Looney,,2000,Senate,TN,looney j,0,0,0
,OTH,Tom Burrell,,2000,Senate,TN,burrell t,0,0,0
,OTH,Charles F. Johnson,,2000,Senate,TN,johnson c,0,0,0
,OTH,Robert Watson,,2000,Senate,TN,watson r,0,0,0
,OTH,David Jarrod Ownby,,2000,Senate,TN,ownby d,0,0,0
,OTH,Joel Kinstle,,2000,Senate,TN,kinstle j,0,0,0
,REP,Kay Bailey Hutchison,incumbent U.S. Senator,2000,Senate,TX,hutchison k,4,0,0
,DEM,Gene Kelly,retired attorney,2000,Senate,TX,kelly g,0,0,0
,DEM,Charles Gandy,,2000,Senate,TX,gandy c,0,0,0
,DEM,Don Clark,,2000,Senate,TX,clark d,0,0,0
,DEM,Bobby Wightman,,2000,Senate,TX,wightman b,0,0,0
,DEM,H. Gerald Bintliff,,2000,Senate,TX,bintliff h,0,0,0
,OTH,Douglas S. Sandage,,2000,Senate,TX,sandage d,0,0,0
,OTH,Mary J. Ruwart,,2000,Senate,TX,ruwart m,0,0,0
,DEM,Scott N. Howell,State Senator,2000,Senate,UT,howell s,2,0,0
,REP,Orrin Hatch,incumbent U.S. Senator,2000,Senate,UT,hatch o,4,0,0
,OTH,Carlton Edward Bowen,,2000,Senate,UT,bowen c,0,0,0
,OTH,Jim Dexter,,2000,Senate,UT,dexter j,0,0,0
,REP,George Allen,,2000,Senate,VA,allen g,0,0,0
,DEM,Chuck Robb,incumbent U.S. Senator,2000,Senate,VA,robb c,4,0,0
,DEM,Ed Flanagan,Vermont Auditor of Accounts,2000,Senate,VT,flanagan e,0,0,0
,DEM,Jan Backus,former Vermont State Senator and 1994 Democratic nominee for the U.S. Senate,2000,Senate,VT,backus j,2,0,1
,DEM,Howard Dean,Governor of Vermont,2000,Senate,VT,dean h,3,0,0
,REP,Jim Jeffords,incumbent U.S. Senator,2000,Senate,VT,jeffords j,4,0,0
,IND,Bernie Sanders,U.S. Representative from VT-AL ; former mayor of Burlington,2000,Senate,VT,sanders b,4,1,0
,REP,Rick Hubbard,,2000,Senate,VT,hubbard r,0,0,0
,OTH,Charles W. Russell,,2000,Senate,VT,russell c,0,0,0
,OTH,Rick Hubbard,,2000,Senate,VT,hubbard r,0,0,0
,,Billy Greer,,2000,Senate,VT,greer b,0,0,0
,OTH,Hugh Douglas,,2000,Senate,VT,douglas h,0,0,0
,,Liberty Union,,2000,Senate,VT,union l,0,0,0
,REP,Maria Cantwell,"(D), former U.S. Representative from WA-01",2000,Senate,WA,cantwell m,4,1,0
,REP,Slade Gorton,"(R), incumbent U.S. Senator",2000,Senate,WA,gorton s,4,0,0
,DEM,Maria Cantwell,,2000,Senate,WA,cantwell m,0,0,0
,DEM,Deborah Senn,,2000,Senate,WA,senn d,0,0,0
,REP,Warren E. Hanson,,2000,Senate,WA,hanson w,0,0,0
,OTH,Jeff Jared,,2000,Senate,WA,jared j,0,0,0
,DEM,Barbara Lampert,,2000,Senate,WA,lampert b,0,0,0
,DEM,Robert Tilden Medley,,2000,Senate,WA,medley r,0,0,0
,REP,Ken McCandless,,2000,Senate,WA,mccandless k,0,0,0
,REP,June Riggs,,2000,Senate,WA,riggs j,0,0,0
,DEM,Herb Kohl,incumbent U.S. Senator,2000,Senate,WI,kohl h,4,0,0
,REP,William Lorge,former State Representative,2000,Senate,WI,lorge w,2,1,0
,REP,John Gillespie,,2000,Senate,WI,gillespie j,0,0,0
,OTH,Tim Peterson,,2000,Senate,WI,peterson t,0,0,0
,OTH,Eugene A. Hem,,2000,Senate,WI,hem e,0,0,0
,OTH,Robert R. Raymond,,2000,Senate,WI,raymond r,0,0,0
,OTH,Write Ins,,2000,Senate,WI,ins w,0,0,0
,DEM,Robert Byrd,incumbent U.S. Senator,2000,Senate,WV,byrd r,4,0,0
,REP,David T. Gallaher,contractor,2000,Senate,WV,gallaher d,0,0,0
,OTH,Joe Whelan,,2000,Senate,WV,whelan j,0,0,0
,DEM,Mel Logan,mine worker,2000,Senate,WY,logan m,0,0,0
,REP,Craig Thomas,incumbent U.S. Senator,2000,Senate,WY,thomas c,4,0,0
,REP,Mel Logan (D),mine worker,2000,Senate,WY,d m,0,0,0
,DEM,Sheldon Sumey,,2000,Senate,WY,sumey s,0,0,0
,OTH,Margaret Dawson,,2000,Senate,WY,dawson m,0,0,0
,DEM,Frank Vondersaar,perennial candidate,2002,Senate,AK,vondersaar f,0,0,0
,DEM,Theresa Obermeyer,former Anchorage School Board member and 1996 Democratic nominee for the United States Senate,2002,Senate,AK,obermeyer t,1,0,1
,REP,Ted Stevens,incumbent United States Senator since 1968,2002,Senate,AK,stevens t,4,0,0
,REP,Mike Aubrey,construction worker,2002,Senate,AK,aubrey m,0,0,0
,REP,Jim Dore,conservative activist,2002,Senate,AK,dore j,0,0,0
,REP,Jim Sykes,journalist,2002,Senate,AK,sykes j,0,0,0
,REP,Thomas M. Higgins,theater technician,2002,Senate,AK,higgins t,0,0,0
,,Jim Dore,,2002,Senate,AK,dore j,0,0,0
,OTH,Jim Sykes,,2002,Senate,AK,sykes j,0,0,0
,OTH,Thomas M. Higgins,,2002,Senate,AK,higgins t,0,0,0
,OTH,Leonard Karpinski,,2002,Senate,AK,karpinski l,0,0,0
,REP,Jeff Sessions,incumbent U.S. Senator since 1997,2002,Senate,AL,sessions j,4,0,0
,DEM,Julian L. McPhillips,Attorney and candidate for Attorney General in 1978,2002,Senate,AL,mcphillips j,0,0,1
,DEM,Susan Parker,Alabama State Auditor,2002,Senate,AL,parker s,3,0,0
,DEM,1998,and candidate for the U.S. House in 2000,2002,Senate,AL,,0,0,1
,DEM,Jeff Sessions,"(R), Incumbent U.S. Senator",2002,Senate,AL,sessions j,4,0,0
,DEM,Wayne Sowell,,2002,Senate,AL,sowell w,0,0,0
,OTH,Jeff Allen,,2002,Senate,AL,allen j,0,0,0
,DEM,Mark Pryor,attorney general of Arkansas,2002,Senate,AR,pryor m,3,0,0
,REP,Tim Hutchinson,incumbent U.S. senator,2002,Senate,AR,hutchinson t,4,0,0
,REP,Jim Bob Duggar,state representative,2002,Senate,AR,duggar j,2,1,0
,DEM,Tom Strickland,former U.S. Attorney for the District of Colorado and Democratic nominee for the U.S. Senate in 1996,2002,Senate,CO,strickland t,0,0,1
,REP,Wayne Allard,incumbent U.S. Senator first elected in 1996,2002,Senate,CO,allard w,4,0,0
,REP,Tom Strickland,former U.S. Attorney for the District of Colorado and Democratic nominee for the U.S. Senate in 1996,2002,Senate,CO,strickland t,0,0,1
,OTH,Douglas Campbell,,2002,Senate,CO,campbell d,0,0,0
,OTH,Rick Stanley,,2002,Senate,CO,stanley r,0,0,0
,OTH,John Heckman,,2002,Senate,CO,heckman j,0,0,0
,DEM,Joe Biden,incumbent U.S. Senator,2002,Senate,DE,biden j,4,0,0
,REP,Raymond J. Clatworthy,,2002,Senate,DE,clatworthy r,0,0,0
,OTH,Maurice Barros,,2002,Senate,DE,barros m,0,0,0
,OTH,Raymond T. Buranello,,2002,Senate,DE,buranello r,0,0,0
,,Natural Law,,2002,Senate,DE,law n,0,0,0
,DEM,Tom Harkin,incumbent United States Senator,2002,Senate,IA,harkin t,4,0,0
,REP,Greg Ganske,U.S. Representative from Des Moines,2002,Senate,IA,ganske g,4,1,0
,REP,Bill Salier,hog farmer,2002,Senate,IA,salier b,0,0,0
,OTH,Timothy A. Harthan,,2002,Senate,IA,harthan t,0,0,0
,OTH,Richard J. Moore,,2002,Senate,IA,moore r,0,0,0
,DEM,Alan Blinken,former United States Ambassador to Belgium,2002,Senate,ID,blinken a,0,0,0
,DEM,Donovan Bramwell,perennial candidate,2002,Senate,ID,bramwell d,0,0,0
,REP,Larry Craig,incumbent U.S. Senator,2002,Senate,ID,craig l,4,0,0
,REP,Alan Blinken,"(D), former United States Ambassador to Belgium",2002,Senate,ID,blinken a,0,0,0
,REP,Donovan Bramwell (L),perennial candidate,2002,Senate,ID,l d,0,0,0
,DEM,Dave Sneddon,,2002,Senate,ID,sneddon d,0,0,0
,OTH,Donovan Bramwell,,2002,Senate,ID,bramwell d,0,0,0
,DEM,Dick Durbin,incumbent U.S. Senator,2002,Senate,IL,durbin d,4,0,0
,REP,Jim Durkin,Illinois State Representative,2002,Senate,IL,durkin j,2,1,0
,REP,Jim Oberweis,owner of Oberweis Dairy,2002,Senate,IL,oberweis j,0,0,0
,REP,John H. Cox,businessman,2002,Senate,IL,cox j,0,0,0
,OTH,Steven Burgauer,,2002,Senate,IL,burgauer s,0,0,0
,REP,Tom Oyler,perennial candidate,2002,Senate,KS,oyler t,0,0,0
,REP,Pat Roberts,incumbent U.S. Senator,2002,Senate,KS,roberts p,4,0,0
,OTH,Steven Rosile,,2002,Senate,KS,rosile s,0,0,0
,OTH,George Cook,,2002,Senate,KS,cook g,0,0,0
,DEM,Lois Combs Weinberg,Vice Chair of the Council on Postsecondary Education in Kentucky,2002,Senate,KY,weinberg l,0,0,0
,DEM,Tom Barlow,former U.S. Representative from Paducah (1993 – 95),2002,Senate,KY,barlow t,4,1,0
,REP,Mitch McConnell,incumbent U.S. Senator,2002,Senate,KY,mcconnell m,4,0,0
,REP,Lois Combs Weinberg,"(D), Vice Chair of the Council on Postsecondary Education in Kentucky",2002,Senate,KY,weinberg l,0,0,0
,DEM,Randall Forsberg,"anti-war activist (Independent, write-in)",2002,Senate,MA,forsberg r,0,0,0
,DEM,John Kerry,incumbent U.S. Senator since 1985 (Democratic),2002,Senate,MA,kerry j,4,0,0
,OTH,Michael Cloud,,2002,Senate,MA,cloud m,0,0,0
,OTH,Randall Forsberg (write-in),,2002,Senate,MA,in r,0,0,0
,DEM,Chellie Pingree,State Senator and Senate Majority Leader,2002,Senate,ME,pingree c,2,0,0
,REP,Susan Collins,incumbent U.S. Senator since 1997,2002,Senate,ME,collins s,4,0,0
,DEM,Carl Levin,incumbent U.S. Senator,2002,Senate,MI,levin c,4,0,0
,REP,Rocky Raczkowski,,2002,Senate,MI,raczkowski r,0,0,0
,OTH,Eric Borregard,,2002,Senate,MI,borregard e,0,0,0
,OTH,John Mangopoulos,,2002,Senate,MI,mangopoulos j,0,0,0
,,Natural Law,,2002,Senate,MI,law n,0,0,0
,REP,Norm Coleman,former mayor of Saint Paul and nominee for governor in 1998 (Republican),2002,Senate,MN,coleman n,1,0,1
,REP,Miro Drago Kovatchevick,systems analyst from Minneapolis (Constitution),2002,Senate,MN,kovatchevick m,0,0,0
,REP,Walter Mondale,former Vice President of the United States and United States Senator (Democratic-Farmer-Labor),2002,Senate,MN,mondale w,4,0,0
,REP,Jim Moore,commercial banker from Minneapolis (Independent),2002,Senate,MN,moore j,0,0,0
,REP,Oakdale,(Green),2002,Senate,MN,oakdale,0,0,0
,REP,Paul Wellstone,incumbent Senator since 1991 (Democratic-Farmer-Labor) ( died October 25 ),2002,Senate,MN,wellstone p,4,0,0
,DEM,Walter Mondale,,2002,Senate,MN,mondale w,0,0,0
,,Jim Moore,,2002,Senate,MN,moore j,0,0,0
,OTH,Ray Tricomo,,2002,Senate,MN,tricomo r,0,0,0
,OTH,Miro Drago Kovatchevich,,2002,Senate,MN,kovatchevich m,0,0,0
,DEM,Jean Carnahan,incumbent U.S. Senator,2002,Senate,MO,carnahan j,4,0,0
,REP,St. Louis,alderman and perennial candidate,2002,Senate,MO,louis s,1,0,0
,REP,Martin Lindstedt,perennial candidate,2002,Senate,MO,lindstedt m,0,0,0
,REP,Joseph A. May,dentist,2002,Senate,MO,may j,0,0,0
,REP,Jim Talent,former U.S. Representative and nominee for Governor in 2000,2002,Senate,MO,talent j,4,1,1
,REP,Tamara A. Millay,perennial candidate,2002,Senate,MO,millay t,0,0,0
,REP,Jean Carnahan,"(D), incumbent U.S. Senator",2002,Senate,MO,carnahan j,4,0,0
,REP,Tamara Millay (L),perennial candidate,2002,Senate,MO,l t,0,0,0
,DEM,Darrel D. Day,,2002,Senate,MO,day d,0,0,0
,REP,Doris Bass Landfather,,2002,Senate,MO,landfather d,0,0,0
,REP,Scott Craig Babbitt,,2002,Senate,MO,babbitt s,0,0,0
,OTH,Tamara A. Millay,,2002,Senate,MO,millay t,0,0,0
,OTH,Edward Joseph Manley,,2002,Senate,MO,manley e,0,0,0
,OTH,Daniel Romano,,2002,Senate,MO,romano d,0,0,0
,REP,Thad Cochran,incumbent U.S. Senator,2002,Senate,MS,cochran t,4,0,0
,OTH,Shawn O'Hara,,2002,Senate,MS,hara s,0,0,0
,DEM,Max Baucus,incumbent U.S. Senator,2002,Senate,MT,baucus m,4,0,0
,REP,Brad Johnson,businessman,2002,Senate,MT,johnson b,0,0,0
,REP,Mike Taylor,Montana State Senator,2002,Senate,MT,taylor m,2,0,0
,REP,Max Baucus,incumbent U.S. Senator (Democratic),2002,Senate,MT,baucus m,4,0,0
,REP,Bob Kelleher,attorney (Green),2002,Senate,MT,kelleher b,0,0,0
,REP,John McDonald,,2002,Senate,MT,mcdonald j,0,0,0
,REP,Melvin Hanson,,2002,Senate,MT,hanson m,0,0,0
,OTH,Stan Jones,,2002,Senate,MT,jones s,0,0,0
,OTH,Bob Kelleher,,2002,Senate,MT,kelleher b,0,0,0
,DEM,Dan Blue,State Representative,2002,Senate,NC,blue d,2,1,0
,DEM,Erskine Bowles,former White House Chief of Staff,2002,Senate,NC,bowles e,4,0,0
,DEM,Elaine Marshall,Secretary of State of North Carolina,2002,Senate,NC,marshall e,3,0,0
,REP,Elizabeth Dole,"former United States Secretary of Labor , former United States Secretary of Transportation , former Assistant to the President for Public Liaison , and wife of former U.S. Senator Bob Dole",2002,Senate,NC,dole e,4,0,0
,REP,James Snyder Jr.,former state representative,2002,Senate,NC,snyder j,2,1,0
,REP,Jim Parker,physician,2002,Senate,NC,parker j,0,0,0
,REP,Ada Fisher,physician and activist,2002,Senate,NC,fisher a,0,0,0
,REP,Erskine Bowles,"(D), former White House Chief of Staff",2002,Senate,NC,bowles e,4,0,0
,DEM,Cynthia D. Brown,,2002,Senate,NC,brown c,0,0,0
,OTH,Sean Haugh,,2002,Senate,NC,haugh s,0,0,0
,DEM,Charlie A. Matulka,construction worker,2002,Senate,NE,matulka c,0,0,0
,DEM,Al Hamburg,perennial candidate,2002,Senate,NE,hamburg a,0,0,0
,DEM,John J. Graziano,businessman,2002,Senate,NE,graziano j,0,0,0
,REP,Chuck Hagel,incumbent U.S. Senator,2002,Senate,NE,hagel c,4,0,0
,REP,Charlie Matulka (Democratic),construction worker,2002,Senate,NE,democratic c,0,0,0
,REP,John Graziano (Libertarian),businessman,2002,Senate,NE,libertarian j,0,0,0
,OTH,John J. Graziano,,2002,Senate,NE,graziano j,0,0,0
,REP,Chuck Hagel (inc.),,2002,Senate,NE,inc c,0,0,0
,OTH,Phil Chase,,2002,Senate,NE,chase p,0,0,0
,REP,Jeanne Shaheen,Governor of New Hampshire (Democratic),2002,Senate,NH,shaheen j,3,0,0
,REP,John E. Sununu,U.S. Representative (Republican),2002,Senate,NH,sununu j,4,1,0
,REP,Bob Smith,incumbent U.S. Senator,2002,Senate,NH,smith b,4,0,0
,DEM,Jeanne Shaheen,,2002,Senate,NH,shaheen j,0,0,0
,OTH,Ken Blevens,,2002,Senate,NH,blevens k,0,0,0
,DEM,Robert Torricelli,incumbent U.S. senator,2002,Senate,NJ,torricelli r,4,0,0
,REP,Diane Allen,state senator from Moorestown,2002,Senate,NJ,allen d,2,0,0
,REP,Doug Forrester,businessman and former mayor of West Windsor (1981–1982),2002,Senate,NJ,forrester d,1,0,0
,REP,John J. Matheussen,state senator from Mantua,2002,Senate,NJ,matheussen j,2,0,0
,REP,Guy Gregg,State Assemblyman from Washington Township (Morris County)  ( withdrew April 8; endorsed Treffinger ),2002,Senate,NJ,gregg g,2,0,0
,REP,Robert W. Ray,former Whitewater controversy special counsel ( withdrew April 8 ),2002,Senate,NJ,ray r,0,0,0
,REP,James Treffinger,Essex County Executive and candidate for Senate in 2000  ( withdrew April 22 ),2002,Senate,NJ,treffinger j,1,0,1
,REP,Lewis Eisenberg,former chairman of the Port Authority of New York and New Jersey,2002,Senate,NJ,eisenberg l,0,0,0
,REP,Steve Forbes,publisher of Forbes magazine and candidate for president in 1996 and 2000,2002,Senate,NJ,forbes s,0,0,1
,REP,Thomas Kean,former governor of New Jersey (1982–90),2002,Senate,NJ,kean t,3,0,0
,REP,Frank Lautenberg,former U.S. senator (1982–2001) (Democratic),2002,Senate,NJ,lautenberg f,4,0,0
,REP,Greg Pason,national secretary of the Socialist Party USA and perennial candidate (Socialist),2002,Senate,NJ,pason g,0,0,0
,REP,Robert Torricelli,incumbent U.S. Senator since 1997 (Democratic),2002,Senate,NJ,torricelli r,4,0,0
,REP,Complete video of debate,"September 5, 2002",2002,Senate,NJ,debate c,0,0,0
,DEM,Frank Lautenberg,,2002,Senate,NJ,lautenberg f,0,0,0
,OTH,Ted Glick,,2002,Senate,NJ,glick t,0,0,0
,OTH,Elizabeth Macron,,2002,Senate,NJ,macron e,0,0,0
,,Norman E. Wahner,,2002,Senate,NJ,wahner n,0,0,0
,,Greg Pason,,2002,Senate,NJ,pason g,0,0,0
,DEM,Gloria Tristani,member of the Federal Communications Commission and former Corporation Commissioner of New Mexico,2002,Senate,NM,tristani g,3,0,0
,REP,Pete Domenici,incumbent U.S. Senator,2002,Senate,NM,domenici p,4,0,0
,REP,Gloria Tristani,"(D), member of the Federal Communications Commission and former Corporation Commissioner of New Mexico",2002,Senate,NM,tristani g,3,0,0
,DEM,Francesa Lobato,,2002,Senate,NM,lobato f,0,0,0
,DEM,Don E. Durham (write-in),,2002,Senate,NM,in d,0,0,0
,REP,Orlin G. Cole (write-in),,2002,Senate,NM,in o,0,0,0
,DEM,David Walters,former Governor,2002,Senate,OK,walters d,3,0,0
,REP,James Inhofe,incumbent U.S. Senator,2002,Senate,OK,inhofe j,4,0,0
,OTH,James Germalic,,2002,Senate,OK,germalic j,0,0,0
,DEM,Bill Bradbury,Oregon Secretary of State,2002,Senate,OR,bradbury b,3,0,0
,DEM,Craig Hanson,,2002,Senate,OR,hanson c,0,0,0
,DEM,Greg Haven,,2002,Senate,OR,haven g,0,0,0
,REP,Gordon Smith,incumbent U.S. Senator,2002,Senate,OR,smith g,4,0,0
,OTH,Dan Fitzgerald,,2002,Senate,OR,fitzgerald d,0,0,0
,OTH,Lon Mabon,,2002,Senate,OR,mabon l,0,0,0
,DEM,Jack Reed,incumbent U.S. Senator,2002,Senate,RI,reed j,4,0,0
,REP,RI-02,in 2000,2002,Senate,RI,ri,0,0,0
,REP,Jack Reed,"(D), incumbent U.S. Senator",2002,Senate,RI,reed j,4,0,0
,REP,Robert Tingle,,2002,Senate,RI,tingle r,0,0,0
,REP,Lindsey Graham (R),U.S. Representative,2002,Senate,SC,r l,4,1,0
,REP,Alex Sanders (D),former President of the College of Charleston,2002,Senate,SC,d a,0,0,0
,REP,Lindsey Graham,,2002,Senate,SC,graham l,0,0,0
,DEM,Alex Sanders,,2002,Senate,SC,sanders a,0,0,0
,OTH,Ted Adams,,2002,Senate,SC,adams t,0,0,0
,OTH,Victor Kocher,,2002,Senate,SC,kocher v,0,0,0
,DEM,Tim Johnson,incumbent U.S. Senator,2002,Senate,SD,johnson t,4,0,0
,DEM,Kurt Evans (L),teacher,2002,Senate,SD,l k,0,0,0
,DEM,John Thune,"(R), U.S. Representative",2002,Senate,SD,thune j,4,1,0
,DEM,Herman Eilers,,2002,Senate,SD,eilers h,0,0,0
,REP,John Thune,,2002,Senate,SD,thune j,0,0,0
,OTH,Kurt Evans,,2002,Senate,SD,evans k,0,0,0
,REP,Lamar Alexander,"former U.S. Secretary of Education , former Governor of Tennessee",2002,Senate,TN,alexander l,4,0,0
,REP,Ed Bryant,U.S. Representative,2002,Senate,TN,bryant e,4,1,0
,REP,Mary Taylor-Shelby,perennial candidate,2002,Senate,TN,shelby m,0,0,0
,REP,June Griffin,activist,2002,Senate,TN,griffin j,0,0,0
,DEM,Bob Clement,U.S. Representative and candidate for Governor in 1978,2002,Senate,TN,clement b,4,1,1
,DEM,Gary G. Davis,perennial candidate,2002,Senate,TN,davis g,0,0,0
,REP,Michael Brent Todd,,2002,Senate,TN,todd m,0,0,0
,REP,James E. DuBose,,2002,Senate,TN,dubose j,0,0,0
,REP,Christopher G. Fenner,,2002,Senate,TN,fenner c,0,0,0
,DEM,Cher A. Hopkey,,2002,Senate,TN,hopkey c,0,0,0
,DEM,Michael L. Hampstead,,2002,Senate,TN,hampstead m,0,0,0
,DEM,Alvin M. Strauss,,2002,Senate,TN,strauss a,0,0,0
,OTH,John Jay Hooker,,2002,Senate,TN,hooker j,0,0,0
,OTH,Wesley M. Baker,,2002,Senate,TN,baker w,0,0,0
,OTH,Connie Gammon,,2002,Senate,TN,gammon c,0,0,0
,OTH,Karl Stanley Davidson,,2002,Senate,TN,davidson k,0,0,0
,OTH,Basil Marceaux,,2002,Senate,TN,marceaux b,0,0,0
,DEM,Ron Kirk,Mayor of Dallas,2002,Senate,TX,kirk r,1,0,0
,DEM,Victor Morales,"Teacher, Navy Veteran, 1996 Senate nominee",2002,Senate,TX,morales v,0,0,0
,DEM,Ken Bentsen Jr.,"U.S. representative , nephew of former US Senator Lloyd Bentsen",2002,Senate,TX,bentsen k,4,1,0
,DEM,Gene Kelly,perennial candidate and 2000 Democratic nominee for U.S. Senate,2002,Senate,TX,kelly g,0,0,1
,DEM,Ed Cunningham,"former football player for the Texas Longhorns (1985-87, 1989)",2002,Senate,TX,cunningham e,0,0,0
,REP,John Cornyn,,2002,Senate,TX,cornyn j,0,0,0
,REP,Bruce Rusty Lang,,2002,Senate,TX,lang b,0,0,0
,REP,Douglas Deffenbaugh,,2002,Senate,TX,deffenbaugh d,0,0,0
,REP,Dudley F. Mooney,,2002,Senate,TX,mooney d,0,0,0
,REP,Lawrence Cranberg,,2002,Senate,TX,cranberg l,0,0,0
,OTH,Scott Jameson,,2002,Senate,TX,jameson s,0,0,0
,OTH,Roy Williams,,2002,Senate,TX,williams r,0,0,0
,,James W. Wright,,2002,Senate,TX,wright j,0,0,0
,IND,libertarian,political activist,2002,Senate,VA,libertarian,0,0,0
,IND,LaRouche Movement,activist,2002,Senate,VA,movement l,0,0,0
,REP,John Warner,incumbent U.S. senator,2002,Senate,VA,warner j,4,0,0
,OTH,Nancy B. Spannaus,,2002,Senate,VA,spannaus n,0,0,0
,OTH,Jacob Hornberger,,2002,Senate,VA,hornberger j,0,0,0
,DEM,Jay Rockefeller,incumbent U.S. Senator,2002,Senate,WV,rockefeller j,4,0,0
,REP,U.S. Senate,for 1988,2002,Senate,WV,senate u,0,0,0
,REP,Jay Wolfe,,2002,Senate,WV,wolfe j,0,0,0
,REP,Mike Enzi,incumbent U.S. Senator,2002,Senate,WY,enzi m,4,0,0
,REP,Fremont County,Commissioner,2002,Senate,WY,county f,0,0,0
,DEM,Joyce Corcoran,,2002,Senate,WY,corcoran j,0,0,0
,REP,Crosby Allen,,2002,Senate,WY,allen c,0,0,0
,REP,Jim Dore,aviation mechanic,2004,Senate,AK,dore j,0,0,0
,REP,Mike W. Miller,"businessman, former state senator, former state representative, nominee for lieutenant governor in 1994 and younger brother of Terry Miller",2004,Senate,AK,miller m,2,1,1
,REP,Lisa Murkowski,"incumbent U.S. Senator since 2002, formerly an Anchorage lawyer and member of the Alaska House",2004,Senate,AK,murkowski l,4,0,0
,REP,Wev Shea,former U.S. Attorney for Alaska,2004,Senate,AK,shea w,0,0,0
,DEM,Tony Knowles,"businessman, former governor and former mayor of Anchorage",2004,Senate,AK,knowles t,3,0,0
,DEM,Theresa Obermeyer,former Anchorage school board member and 1996 Democratic U.S. Senate nominee,2004,Senate,AK,obermeyer t,1,0,0
,DEM,Don Wright,former president of the Alaska Federation of Natives and perennial candidate,2004,Senate,AK,wright d,0,0,0
,DEM,ANWR,and veterans issues (Independent),2004,Senate,AK,anwr,0,0,0
,DEM,Scott Kohlhaas,party activist and perennial candidate (Libertarian),2004,Senate,AK,kohlhaas s,0,0,0
,DEM,Marc Millican,aviator and U.S. Air Force veteran (Independent),2004,Senate,AK,millican m,0,0,0
,DEM,Lisa Murkowski,interim U.S. senator since 2002 (Republican),2004,Senate,AK,murkowski l,4,0,0
,DEM,Jerry Sanders,"businessman, former state representative (American Independent)",2004,Senate,AK,sanders j,2,1,0
,DEM,Jim Sykes,party activist and perennial candidate (Green),2004,Senate,AK,sykes j,0,0,0
,OTH,Marc J. Millican,,2004,Senate,AK,millican m,0,0,0
,,Jerry Sanders,,2004,Senate,AK,sanders j,0,0,0
,OTH,Jim Sykes,,2004,Senate,AK,sykes j,0,0,0
,OTH,Scott A. Kohlhaas,,2004,Senate,AK,kohlhaas s,0,0,0
,OTH,Ted Gianoutsas,,2004,Senate,AK,gianoutsas t,0,0,0
,REP,Richard Shelby,incumbent U.S. Senator since 1987,2004,Senate,AL,shelby r,4,0,0
,DEM,Wayne Sowell,,2004,Senate,AL,sowell w,0,0,0
,REP,Rosemarie Clampitt,retired actress,2004,Senate,AR,clampitt r,0,0,0
,REP,Benton County,Sheriff,2004,Senate,AR,county b,1,0,0
,REP,Blanche Lincoln,"(D), incumbent U.S. senator",2004,Senate,AR,lincoln b,4,0,0
,REP,Jim Holt,"(R), state senator",2004,Senate,AR,holt j,2,0,0
,REP,Andy Lee,,2004,Senate,AR,lee a,0,0,0
,DEM,Blanche Lincoln,incumbent U.S. Senator,2004,Senate,AR,lincoln b,4,0,0
,REP,John McCain,incumbent U.S. Senator,2004,Senate,AZ,mccain j,4,0,0
,DEM,Stuart Starky,,2004,Senate,AZ,starky s,0,0,0
,OTH,Ernest Hancock,,2004,Senate,AZ,hancock e,0,0,0
,DEM,Barbara Boxer,incumbent U.S. Senator,2004,Senate,CA,boxer b,4,0,0
,REP,Danney Ball,activist,2004,Senate,CA,ball d,0,0,0
,REP,Barry L. Hatch,activist,2004,Senate,CA,hatch b,0,0,0
,REP,Bill Jones,former Secretary of State of California and candidate for Governor in 2002,2004,Senate,CA,jones b,3,0,1
,REP,Howard Kaloogian,former State Assemblyman from San Diego County and chair of the Recall Gray Davis Committee,2004,Senate,CA,kaloogian h,2,0,0
,REP,Rosario Marin,former Treasurer of the United States and mayor of Huntington Park,2004,Senate,CA,marin r,1,0,0
,REP,James Stewart,businessman,2004,Senate,CA,stewart j,0,0,0
,REP,Tim Stoen,Assistant District Attorney,2004,Senate,CA,stoen t,1,0,0
,REP,Bill Quraishi,businessman,2004,Senate,CA,quraishi b,0,0,0
,REP,John Van Zandt,businessman,2004,Senate,CA,zandt j,0,0,0
,IND,Barbara Boxer,"(D), incumbent U.S. Senator",2004,Senate,CA,boxer b,4,0,0
,IND,Bill Jones,"(R), former California Secretary of State",2004,Senate,CA,jones b,3,0,0
,IND,Marsha Feinland,"(PF), perennial candidate",2004,Senate,CA,feinland m,0,0,0
,IND,James P. Gray,"(L), Superior Court jurist",2004,Senate,CA,gray j,0,0,0
,REP,Toni Casey,,2004,Senate,CA,casey t,0,0,0
,,American Independent,,2004,Senate,CA,independent a,0,0,0
,,Peace and Freedom,,2004,Senate,CA,freedom p,0,0,0
,,No party,,2004,Senate,CA,party n,0,0,0
,,Invalid or blank votes,,2004,Senate,CA,votes i,0,0,0
,DEM,Ken Salazar,Attorney General of Colorado,2004,Senate,CO,salazar k,3,0,0
,DEM,Mike Miles,educator,2004,Senate,CO,miles m,0,0,0
,REP,Pete Coors,former CEO and chairman of Coors Brewing Company,2004,Senate,CO,coors p,0,0,0
,REP,Bob Schaffer,U.S. Representative,2004,Senate,CO,schaffer b,4,1,0
,REP,Bob Beauprez,U.S. representative from Colorado's 7th congressional district,2004,Senate,CO,beauprez b,4,1,0
,REP,Dave Liniger,real estate magnate,2004,Senate,CO,liniger d,0,0,0
,REP,Scott McInnis,U.S. representative from Colorado's 3rd congressional district,2004,Senate,CO,mcinnis s,4,1,0
,REP,Jim Nicholson,U.S. Ambassador to the Holy See,2004,Senate,CO,nicholson j,0,0,0
,REP,Jane Norton,Lieutenant Governor of Colorado,2004,Senate,CO,norton j,3,0,0
,REP,Ken Salazar,"(D), State Attorney General",2004,Senate,CO,salazar k,3,0,0
,OTH,Douglas Campbell,,2004,Senate,CO,campbell d,0,0,0
,OTH,Richard Randall,,2004,Senate,CO,randall r,0,0,0
,OTH,John R. Harris,,2004,Senate,CO,harris j,0,0,0
,OTH,Victor Good,,2004,Senate,CO,good v,0,0,0
,OTH,Finn Gotaas,,2004,Senate,CO,gotaas f,0,0,0
,DEM,Chris Dodd,incumbent U.S. Senator since 1981,2004,Senate,CT,dodd c,4,0,0
,REP,Jack Orchulli,CEO and co-founder of a Michael Kors 's apparel company.,2004,Senate,CT,orchulli j,0,0,0
,,Concerned Citizens,,2004,Senate,CT,citizens c,0,0,0
,OTH,Leonard Rasch,,2004,Senate,CT,rasch l,0,0,0
,DEM,Betty Castor,"former President of the University of South Florida , former Education Commissioner of Florida, and former state senator",2004,Senate,FL,castor b,3,0,0
,DEM,Peter Deutsch,U.S. representative from Broward County,2004,Senate,FL,deutsch p,4,1,0
,DEM,Bernard Klein,businessman,2004,Senate,FL,klein b,0,0,0
,DEM,Alex Penelas,mayor of Miami-Dade County,2004,Senate,FL,penelas a,1,0,0
,DEM,Bob Graham,incumbent U.S. senator since 1987 and former governor,2004,Senate,FL,graham b,4,0,0
,REP,Johnnie Byrd,state representative from Plant City and speaker of the Florida House of Representatives,2004,Senate,FL,byrd j,2,1,0
,REP,Doug Gallagher,businessman,2004,Senate,FL,gallagher d,0,0,0
,REP,Larry Klayman,attorney,2004,Senate,FL,klayman l,0,0,0
,REP,Mel Martínez,former U.S. Secretary of Housing and Urban Development and candidate for Lieutenant Governor in 1994,2004,Senate,FL,martinez m,4,0,1
,REP,Bill McCollum,former U.S. representative from Longwood and nominee for U.S. Senate in 2000,2004,Senate,FL,mccollum b,4,1,1
,REP,Mark Foley,"U.S. representative from Jupiter ( withdrew September 6, 2003 )",2004,Senate,FL,foley m,4,1,0
,REP,Daniel Webster,state senator from Clermont,2004,Senate,FL,webster d,2,0,0
,REP,Dave Weldon,U.S. representative from Indialantic,2004,Senate,FL,weldon d,4,1,0
,REP,Dennis Bradley,activist (Veterans),2004,Senate,FL,bradley d,0,0,0
,REP,Betty Castor,"former President of the University of South Florida , former Education Commissioner of Florida, and former state senator (Democratic)",2004,Senate,FL,castor b,3,0,0
,REP,Karen Saull,,2004,Senate,FL,saull k,0,0,0
,REP,Sonya March,,2004,Senate,FL,march s,0,0,0
,REP,William Billy Kogut,,2004,Senate,FL,kogut w,0,0,0
,REP,Melquíades Rafael Martínez Ruiz,,2004,Senate,FL,ruiz m,0,0,0
,DEM,Elizabeth Castor,,2004,Senate,FL,castor e,0,0,0
,,Dennis F. Bradley,,2004,Senate,FL,bradley d,0,0,0
,REP,Johnny Isakson,U.S. Representative from Marietta and candidate for the United States Senate in 1996.,2004,Senate,GA,isakson j,4,1,1
,REP,Herman Cain,former CEO of Godfather's Pizza,2004,Senate,GA,cain h,0,0,0
,REP,Mac Collins,U.S. Representative from Butts County,2004,Senate,GA,collins m,4,1,0
,REP,Ralph Reed,chair of the Georgia Republican Party,2004,Senate,GA,reed r,0,0,0
,REP,Denise Majette,U.S. Representative from Decatur (Democratic),2004,Senate,GA,majette d,4,1,0
,DEM,Denise Majette,,2004,Senate,GA,majette d,0,0,0
,DEM,Cliff Oxford,,2004,Senate,GA,oxford c,0,0,0
,DEM,Jim Boyd,,2004,Senate,GA,boyd j,0,0,0
,DEM,Mary Squires,,2004,Senate,GA,squires m,0,0,0
,DEM,Leigh Baier,,2004,Senate,GA,baier l,0,0,0
,DEM,Sid Cottingham,,2004,Senate,GA,cottingham s,0,0,0
,DEM,Govind N. Patel,,2004,Senate,GA,patel g,0,0,0
,OTH,Allen Buckley,,2004,Senate,GA,buckley a,0,0,0
,DEM,Daniel Inouye,incumbent U.S. Senator,2004,Senate,HI,inouye d,4,0,0
,REP,Campbell Cavasso,former State Representative and candidate for Lieutenant Governor in 2002,2004,Senate,HI,cavasso c,2,1,1
,OTH,Jim Brewer,,2004,Senate,HI,brewer j,0,0,0
,OTH,Lloyd Jeffrey Mallan,,2004,Senate,HI,mallan l,0,0,0
,DEM,Arthur A. Small,"attorney, lobbyist, and former Iowa State Senator",2004,Senate,IA,small a,2,0,0
,REP,Chuck Grassley,incumbent United States Senator,2004,Senate,IA,grassley c,4,0,0
,OTH,Christy Ann Welty,,2004,Senate,IA,welty c,0,0,0
,OTH,Daryl A. Northrop,,2004,Senate,IA,northrop d,0,0,0
,,Socialist Workers,,2004,Senate,IA,workers s,0,0,0
,REP,Mike Crapo,incumbent U.S. Senator,2004,Senate,ID,crapo m,4,0,0
,REP,Scott F. McClure (D),Army veteran,2004,Senate,ID,d s,0,0,0
,DEM,Scott McClure (write-in),,2004,Senate,ID,in s,0,0,0
,,Invalid or blank votes,,2004,Senate,ID,votes i,0,0,0
,REP,John L. Borling,Air Force veteran,2004,Senate,IL,borling j,0,0,0
,REP,Norm Hill,Army veteran,2004,Senate,IL,hill n,0,0,0
,REP,Chirinjeev Kathuria,businessman,2004,Senate,IL,kathuria c,0,0,0
,REP,Andrew McKenna,businessman,2004,Senate,IL,mckenna a,0,0,0
,REP,Jim Oberweis,businessman,2004,Senate,IL,oberweis j,0,0,0
,REP,Steve Rauschenberger,State Senator,2004,Senate,IL,rauschenberger s,2,0,0
,REP,Jack Ryan,businessman,2004,Senate,IL,ryan j,0,0,0
,REP,Jonathan C. Wright,former State Representative,2004,Senate,IL,wright j,2,1,0
,DEM,Gery Chico,former President of the Chicago Board of Education,2004,Senate,IL,chico g,0,0,0
,DEM,Blair Hull,businessman,2004,Senate,IL,hull b,0,0,0
,DEM,Daniel Hynes,State Comptroller,2004,Senate,IL,hynes d,3,0,0
,DEM,Barack Obama,State Senator and candidate for IL-01 in 2000,2004,Senate,IL,obama b,2,0,1
,DEM,Maria Pappas,Cook County Treasurer,2004,Senate,IL,pappas m,1,0,0
,DEM,Nancy Skinner,radio personality,2004,Senate,IL,skinner n,0,0,0
,DEM,Joyce Washington,health care executive,2004,Senate,IL,washington j,0,0,0
,DEM,"Metamora, Illinois",". He withdrew December 1, 2003 due to poor polling numbers. He endorsed Gery Chico.",2004,Senate,IL,illinois m,0,0,0
,DEM,M. Blair Hull,,2004,Senate,IL,hull m,0,0,0
,REP,Alan Keyes,,2004,Senate,IL,keyes a,0,0,0
,OTH,Al Franzen,,2004,Senate,IL,franzen a,0,0,0
,OTH,Jerry Kohn,,2004,Senate,IL,kohn j,0,0,0
,DEM,Evan Bayh,incumbent U.S. Senator,2004,Senate,IN,bayh e,4,0,0
,REP,Marvin Scott,Professor at Butler University and nominee for IN-10 in 1994,2004,Senate,IN,scott m,0,0,1
,OTH,Albert Barger,,2004,Senate,IN,barger a,0,0,0
,DEM,Lee Jones,railroad engineer,2004,Senate,KS,jones l,0,0,0
,REP,Sam Brownback,incumbent U.S. Senator,2004,Senate,KS,brownback s,4,0,0
,REP,Arch Naramore,businessman,2004,Senate,KS,naramore a,0,0,0
,REP,Lee Jones (D),railroad engineer,2004,Senate,KS,d l,0,0,0
,DEM,Robert A. Conroy,,2004,Senate,KS,conroy r,0,0,0
,OTH,Steven A. Rosile,,2004,Senate,KS,rosile s,0,0,0
,OTH,George Cook,,2004,Senate,KS,cook g,0,0,0
,DEM,Daniel Mongiardo,Kentucky State Senator,2004,Senate,KY,mongiardo d,2,0,0
,DEM,David Lynn Williams,perennial candidate,2004,Senate,KY,williams d,0,0,0
,REP,Jim Bunning,incumbent U.S. Senator,2004,Senate,KY,bunning j,4,0,0
,REP,Daniel Mongiardo,"(D), State Senator",2004,Senate,KY,mongiardo d,2,0,0
,REP,Barry Metcalf,,2004,Senate,KY,metcalf b,0,0,0
,DEM,Barbara Mikulski,incumbent U.S. Senator,2004,Senate,MD,mikulski b,4,0,0
,DEM,Robert Kaufman,social organizer,2004,Senate,MD,kaufman r,0,0,0
,DEM,Sid Altman,accountant,2004,Senate,MD,altman s,0,0,0
,REP,Vietnam War,veteran,2004,Senate,MD,war v,0,0,0
,REP,Earl S. Gordon,surveyor,2004,Senate,MD,gordon e,0,0,0
,REP,Dorothy Curry Jennings,educator,2004,Senate,MD,jennings d,0,0,0
,REP,Eileen Martin,educator,2004,Senate,MD,martin e,0,0,0
,REP,E. J. Pipkin,State Senator,2004,Senate,MD,pipkin e,2,0,0
,REP,John Stafford,government bureaucrat,2004,Senate,MD,stafford j,0,0,0
,REP,Corrogan R. Vaughn,Baptist deacon,2004,Senate,MD,vaughn c,0,0,0
,REP,Gene Zarwell,perennial candidate,2004,Senate,MD,zarwell g,0,0,0
,REP,Barbara Mikulski,"(D), incumbent U.S. Senator",2004,Senate,MD,mikulski b,4,0,0
,DEM,A. Robert Kaufman,,2004,Senate,MD,kaufman a,0,0,0
,REP,Ray Bly,,2004,Senate,MD,bly r,0,0,0
,REP,James A. Kodak,,2004,Senate,MD,kodak j,0,0,0
,OTH,Maria Allwine,,2004,Senate,MD,allwine m,0,0,0
,OTH,Thomas Trump,,2004,Senate,MD,trump t,0,0,0
,DEM,Kevin Tull,activist,2004,Senate,MO,tull k,0,0,0
,REP,Kit Bond,incumbent U.S. Senator since 1987,2004,Senate,MO,bond k,4,0,0
,REP,Nancy Farmer,"(D), State Treasurer of Missouri and former State Representative",2004,Senate,MO,farmer n,3,1,0
,REP,Kevin Tull (L),activist,2004,Senate,MO,l k,0,0,0
,DEM,Nancy Farmer,,2004,Senate,MO,farmer n,0,0,0
,DEM,Charles Berry,,2004,Senate,MO,berry c,0,0,0
,DEM,Ronald Bonar,,2004,Senate,MO,bonar r,0,0,0
,OTH,Kevin Tull,,2004,Senate,MO,tull k,0,0,0
,REP,Mike Steger,,2004,Senate,MO,steger m,0,0,0
,OTH,Don Griffin,,2004,Senate,MO,griffin d,0,0,0
,REP,Vietnam War,veteran,2004,Senate,NC,war v,0,0,0
,REP,Erskine Bowles,"(D), businessman and President Bill Clinton 's chief of staff",2004,Senate,NC,bowles e,0,0,0
,REP,Richard Burr,"(R), U.S. Representative from North Carolina's 5th congressional district since 1995",2004,Senate,NC,burr r,4,1,0
,REP,John Ross Hendrix,,2004,Senate,NC,hendrix j,0,0,0
,REP,Albert Wiley,,2004,Senate,NC,wiley a,0,0,0
,DEM,Erskine Bowles,,2004,Senate,NC,bowles e,0,0,0
,OTH,Tom Bailey,,2004,Senate,NC,bailey t,0,0,0
,,Walker F. Rucker (write-in),,2004,Senate,NC,in w,0,0,0
,DEM,Byron Dorgan,incumbent U.S. Senator,2004,Senate,ND,dorgan b,4,0,0
,REP,Mike Liffrig,attorney,2004,Senate,ND,liffrig m,0,0,0
,DEM,Doris Haddock,campaign finance reform activist,2004,Senate,NH,haddock d,0,0,0
,REP,Judd Gregg,incumbent U.S. Senator,2004,Senate,NH,gregg j,4,0,0
,REP,Tom Alciere,former State Representative,2004,Senate,NH,alciere t,2,1,0
,REP,Michael D. Tipa,retired U.S. Army Lieutenant Colonel,2004,Senate,NH,tipa m,0,0,0
,REP,Judd Gregg (inc.),,2004,Senate,NH,inc j,0,0,0
,DEM,Harry Reid,incumbent U.S. Senator and Senate Minority Whip,2004,Senate,NV,reid h,4,0,0
,REP,Richard Ziser,anti- gay marriage activist,2004,Senate,NV,ziser r,0,0,0
,REP,Kathy Augustine,Nevada State Controller,2004,Senate,NV,augustine k,0,0,0
,REP,Lynette Boggs-McDonald,Las Vegas City Council member and nominee for 1st district in 2002,2004,Senate,NV,mcdonald l,1,0,1
,REP,Jim Gibbons,incumbent U.S. Representative and nominee for Governor in 1994,2004,Senate,NV,gibbons j,4,1,1
,REP,Dean Heller,Secretary of State of Nevada,2004,Senate,NV,heller d,3,0,0
,REP,Brian Krolicki,Nevada State Treasurer,2004,Senate,NV,krolicki b,3,0,0
,REP,Harry Reid,"(D), incumbent U.S. Senator",2004,Senate,NV,reid h,4,0,0
,REP,Kenneth A. Wegner,,2004,Senate,NV,wegner k,0,0,0
,REP,Robert Brown,,2004,Senate,NV,brown r,0,0,0
,REP,None of these candidates,,2004,Senate,NV,candidates n,0,0,0
,REP,Royle Melton,,2004,Senate,NV,melton r,0,0,0
,REP,Cherie M. Tilley,,2004,Senate,NV,tilley c,0,0,0
,REP,Carlo Poliak,,2004,Senate,NV,poliak c,0,0,0
,,None of These Candidates,,2004,Senate,NV,candidates n,0,0,0
,OTH,Thomas Hurst,,2004,Senate,NV,hurst t,0,0,0
,OTH,David Schumann,,2004,Senate,NV,schumann d,0,0,0
,,Natural Law,,2004,Senate,NV,law n,0,0,0
,DEM,Chuck Schumer,incumbent U.S. Senator,2004,Senate,NY,schumer c,4,0,0
,REP,Howard Mills III,State Assemblyman and former Town Supervisor of Wallkill,2004,Senate,NY,mills h,2,0,0
,REP,Randy Daniels,New York Secretary of State,2004,Senate,NY,daniels r,3,0,0
,REP,Rudy Giuliani,former Mayor of New York City,2004,Senate,NY,giuliani r,1,0,0
,REP,Peter T. King,U.S. Representative for NY-03,2004,Senate,NY,king p,4,1,0
,REP,George Pataki,Governor of New York,2004,Senate,NY,pataki g,3,0,0
,REP,Long Island,ophthalmologist and activist,2004,Senate,NY,island l,0,0,0
,REP,David McReynolds,socialist activist and two-time candidate for President with the Socialist Party USA,2004,Senate,NY,mcreynolds d,0,0,1
,REP,Don Silberger,math professor at State University of New York at New Paltz,2004,Senate,NY,silberger d,0,0,0
,REP,Abraham Hirschfeld,real estate developer,2004,Senate,NY,hirschfeld a,0,0,0
,REP,Martin Koppel,writer for The Militant and activist,2004,Senate,NY,koppel m,0,0,0
,,Chuck Schumer,,2004,Senate,NY,schumer c,0,0,0
,,Working Families,,2004,Senate,NY,families w,0,0,0
,,Marilyn O'Grady,,2004,Senate,NY,grady m,0,0,0
,OTH,David McReynolds,,2004,Senate,NY,mcreynolds d,0,0,0
,OTH,Don Silberger,,2004,Senate,NY,silberger d,0,0,0
,,Builders Party,,2004,Senate,NY,party b,0,0,0
,,Socialist Workers,,2004,Senate,NY,workers s,0,0,0
,REP,United States Air Force,lieutenant colonel and perennial candidate,2004,Senate,OH,force u,0,0,0
,REP,George Voinovich,incumbent U.S. Senator since 1999,2004,Senate,OH,voinovich g,4,0,0
,DEM,Norbert Dennerll,former member of the Cleveland city council,2004,Senate,OH,dennerll n,1,0,0
,DEM,Eric Fingerhut,state senator and former U.S. representative from Mayfield Heights,2004,Senate,OH,fingerhut e,4,1,0
,DEM,Jerry Springer,host of The Jerry Springer Show and former mayor of Cincinnati,2004,Senate,OH,springer j,1,0,0
,DEM,George Voinovich,incumbent senator since 1999 and former governor (Republican),2004,Senate,OH,voinovich g,4,0,0
,REP,John Mitchel,,2004,Senate,OH,mitchel j,0,0,0
,OTH,Helen Meyers (write-in),,2004,Senate,OH,in h,0,0,0
,DEM,Brad Carson,U.S. Representative,2004,Senate,OK,carson b,4,1,0
,DEM,Carroll Fisher,Oklahoma Insurance Commissioner,2004,Senate,OK,fisher c,0,0,0
,DEM,Jim Rogers,perennial candidate,2004,Senate,OK,rogers j,0,0,0
,DEM,Monte E. Johnson,attorney,2004,Senate,OK,johnson m,0,0,0
,REP,Tom Coburn,former U.S. Representative,2004,Senate,OK,coburn t,4,1,0
,REP,Kirk Humphreys,former Mayor of Oklahoma City,2004,Senate,OK,humphreys k,1,0,0
,REP,Bob Anthony,Oklahoma Corporation Commissioner,2004,Senate,OK,anthony b,0,0,0
,REP,Jay Richard Hunt,activist,2004,Senate,OK,hunt j,0,0,0
,REP,Sheila Bilyeu (I),perennial candidate,2004,Senate,OK,i s,0,0,0
,REP,Brad Carson,"(D), United States Congressman from Oklahoma's 2nd congressional district",2004,Senate,OK,carson b,4,0,0
,DEM,W. B. G. Woodson,,2004,Senate,OK,woodson w,0,0,0
,OTH,Sheila Bilyeu,,2004,Senate,OK,bilyeu s,0,0,0
,DEM,Ron Wyden,incumbent U.S. Senator,2004,Senate,OR,wyden r,4,0,0
,REP,Al King,,2004,Senate,OR,king a,0,0,0
,REP,Bruce Broussard,,2004,Senate,OR,broussard b,0,0,0
,REP,Thomas Lee Abshier,,2004,Senate,OR,abshier t,0,0,0
,REP,E. Bowerman,,2004,Senate,OR,bowerman e,0,0,0
,REP,Philip Petrie,,2004,Senate,OR,petrie p,0,0,0
,REP,Pavel Goberman,,2004,Senate,OR,goberman p,0,0,0
,,Pacific Green,,2004,Senate,OR,green p,0,0,0
,OTH,Dan Fitzgerald,,2004,Senate,OR,fitzgerald d,0,0,0
,OTH,David Brownlow,,2004,Senate,OR,brownlow d,0,0,0
,REP,Joe Hoeffel,"(D), U.S. Representative",2004,Senate,PA,hoeffel j,4,1,0
,REP,Arlen Specter,"(R), incumbent U.S. Senator",2004,Senate,PA,specter a,4,0,0
,DEM,Joe Hoeffel,,2004,Senate,PA,hoeffel j,0,0,0
,REP,Pat Toomey,,2004,Senate,PA,toomey p,0,0,0
,OTH,Jim Clymer,,2004,Senate,PA,clymer j,0,0,0
,OTH,Betsy Summers,,2004,Senate,PA,summers b,0,0,0
,DEM,Inez Tenenbaum,South Carolina Superintendent of Education,2004,Senate,SC,tenenbaum i,0,0,0
,DEM,Bob Coble,mayor of Columbia  (endorsed Tenenbaum ),2004,Senate,SC,coble b,1,0,0
,DEM,Jim Clyburn,U.S. Representative,2004,Senate,SC,clyburn j,4,1,0
,DEM,Hayne Hipp,businessman,2004,Senate,SC,hipp h,0,0,0
,DEM,Fritz Hollings,incumbent U.S. Senator (retired),2004,Senate,SC,hollings f,4,0,0
,DEM,Darla Moore,investor,2004,Senate,SC,moore d,0,0,0
,DEM,Thomas L. Moore,state senator,2004,Senate,SC,moore t,2,0,0
,DEM,Alex Sanders,former president of the College of Charleston ; nominee for U.S. Senate in 2002,2004,Senate,SC,sanders a,0,0,1
,DEM,James E. Smith Jr.,state representative,2004,Senate,SC,smith j,2,1,0
,DEM,John Spratt,U.S. Representative,2004,Senate,SC,spratt j,4,1,0
,REP,Jim DeMint,U.S. Representative,2004,Senate,SC,demint j,4,1,0
,REP,Inez Tenenbaum,"(D), South Carolina Superintendent of Education",2004,Senate,SC,tenenbaum i,0,0,0
,DEM,Ben Frasier,,2004,Senate,SC,frasier b,0,0,0
,OTH,Patrick Tyndall,,2004,Senate,SC,tyndall p,0,0,0
,OTH,Rebekah E. Sutherland,,2004,Senate,SC,sutherland r,0,0,0
,,United Citizens,,2004,Senate,SC,citizens u,0,0,0
,OTH,Efia Nwangaza *,,2004,Senate,SC,nwangaza e,0,0,0
,,No party,,2004,Senate,SC,party n,0,0,0
,REP,John Thune,,2004,Senate,SD,thune j,0,0,0
,DEM,Tom Daschle,incumbent U.S. Senator,2004,Senate,SD,daschle t,4,0,0
,DEM,Paul Van Dam,former Attorney General of Utah and former Salt Lake County District Attorney,2004,Senate,UT,dam p,3,0,0
,DEM,Ken Jennings,game show contestant,2004,Senate,UT,jennings k,0,0,0
,REP,Bob Bennett,incumbent U.S. Senator,2004,Senate,UT,bennett b,4,0,0
,OTH,Gary R. Van Horn,,2004,Senate,UT,horn g,0,0,0
,,Personal Choice,,2004,Senate,UT,choice p,0,0,0
,DEM,Patrick Leahy,incumbent U.S. Senator,2004,Senate,VT,leahy p,4,0,0
,DEM,Craig Hill,perennial candidate,2004,Senate,VT,hill c,0,0,0
,REP,Jack McMullen,businessman,2004,Senate,VT,mcmullen j,0,0,0
,REP,Patrick Leahy,"(D), incumbent U.S. Senator",2004,Senate,VT,leahy p,4,0,0
,REP,Jack McMullen (R),businessman,2004,Senate,VT,r j,0,0,0
,REP,Craig Hill (G),electronics marketer,2004,Senate,VT,g c,0,0,0
,REP,Peter D. Moss,,2004,Senate,VT,moss p,0,0,0
,REP,Ben Mitchell,,2004,Senate,VT,mitchell b,0,0,0
,OTH,Cris Ericson,,2004,Senate,VT,ericson c,0,0,0
,OTH,Craig Hill,,2004,Senate,VT,hill c,0,0,0
,OTH,Keith Stern,,2004,Senate,VT,stern k,0,0,0
,,Liberty Union,,2004,Senate,VT,union l,0,0,0
,DEM,Patty Murray,incumbent U.S. Senator,2004,Senate,WA,murray p,4,0,0
,REP,George Nethercutt,U.S. Representative,2004,Senate,WA,nethercutt g,4,1,0
,OTH,J. Mills,,2004,Senate,WA,mills j,0,0,0
,OTH,Mark Wilson,,2004,Senate,WA,wilson m,0,0,0
,DEM,Russ Feingold,incumbent U.S. Senator,2004,Senate,WI,feingold r,4,0,0
,REP,Tim Michels,businessman and army veteran,2004,Senate,WI,michels t,0,0,0
,REP,Robert Welch,State Senator,2004,Senate,WI,welch r,2,0,0
,REP,Arif Khan,entrepreneur,2004,Senate,WI,khan a,0,0,0
,IND,Eugene Hem,perennial candidate and former educator,2004,Senate,WI,hem e,0,0,0
,REP,Russ Darrow,,2004,Senate,WI,darrow r,0,0,0
,REP,Robert Gerald Lorge,,2004,Senate,WI,lorge r,0,0,0
,OTH,Arif Khan,,2004,Senate,WI,khan a,0,0,0
,REP,Jon Kyl,incumbent U.S. Senator since 1995,2006,Senate,AZ,kyl j,4,0,0
,DEM,Jim Pederson,real estate developer and former chairman of the Arizona Democratic Party,2006,Senate,AZ,pederson j,0,0,0
,DEM,Richard Mack,former Graham County Sheriff,2006,Senate,AZ,mack r,1,0,0
,DEM,Jon Kyl,"(R), incumbent U.S. Senator",2006,Senate,AZ,kyl j,4,0,0
,OTH,Richard Mack,,2006,Senate,AZ,mack r,0,0,0
,DEM,Dianne Feinstein,"incumbent U.S. Senator, former Mayor of San Francisco",2006,Senate,CA,feinstein d,4,0,0
,DEM,Martin Luther Church,retired program manager,2006,Senate,CA,church m,0,0,0
,DEM,Colleen Fernald,artist and entrepreneur,2006,Senate,CA,fernald c,0,0,0
,REP,Richard Mountjoy,"former State Senator , former State Assemblyman and candidate for Lieutenant Governor in 1998",2006,Senate,CA,mountjoy r,2,0,1
,IND,Don J. Grundmann,chiropractor,2006,Senate,CA,grundmann d,0,0,0
,IND,Todd Chretien,writer,2006,Senate,CA,chretien t,0,0,0
,IND,Tian Harter,green activist and a 1992 Congressional nominee,2006,Senate,CA,harter t,0,0,0
,IND,Kent Mesplay,"environmental activist, air quality inspector, and candidate for president in 2004",2006,Senate,CA,mesplay k,0,0,1
,IND,Michael Metti,businessman and perennial candidate,2006,Senate,CA,metti m,0,0,0
,IND,Marsha Feinland,"state party chair, socialist activist, and retired teacher",2006,Senate,CA,feinland m,0,0,0
,REP,Dick Mountjoy,,2006,Senate,CA,mountjoy d,0,0,0
,,American Independent,,2006,Senate,CA,independent a,0,0,0
,,Peace and Freedom,,2006,Senate,CA,freedom p,0,0,0
,OTH,Jeffrey Mackler (write-in),,2006,Senate,CA,in j,0,0,0
,OTH,Lea Sherman (write-in),,2006,Senate,CA,in l,0,0,0
,OTH,Connor Vlakancic (write-in),,2006,Senate,CA,in c,0,0,0
,,Invalid or blank votes,,2006,Senate,CA,votes i,0,0,0
,DEM,Joe Lieberman,incumbent U.S. Senator and Democratic nominee for vice president in 2000,2006,Senate,CT,lieberman j,4,0,1
,DEM,Ned Lamont,former Greenwich selectman,2006,Senate,CT,lamont n,1,0,0
,,Connecticut for Lieberman,,2006,Senate,CT,lieberman c,0,0,0
,REP,Alan Schlesinger,,2006,Senate,CT,schlesinger a,0,0,0
,OTH,Ralph Ferrucci,,2006,Senate,CT,ferrucci r,0,0,0
,,Concerned Citizens,,2006,Senate,CT,citizens c,0,0,0
,,Carl E. Vassar,,2006,Senate,CT,vassar c,0,0,0
,REP,Christine O'Donnell,anti-abortion advocate (ran as a write-in candidate in the general election),2006,Senate,DE,donnell c,0,0,0
,REP,Mike D. Protack,commercial airline pilot,2006,Senate,DE,protack m,0,0,0
,REP,Jan C. Ting,Temple University law professor,2006,Senate,DE,ting j,0,0,0
,REP,Tom Carper,"(D), incumbent U.S. Senator",2006,Senate,DE,carper t,4,0,0
,REP,William E. Morris (L),activist,2006,Senate,DE,l w,0,0,0
,DEM,Tom Carper,incumbent U.S. Senator,2006,Senate,DE,carper t,4,0,0
,,Christine O'Donnell,,2006,Senate,DE,donnell c,0,0,0
,OTH,William E. Morris,,2006,Senate,DE,morris w,0,0,0
,REP,LeRoy Collins,"Jr., retired naval officer and son of former Governor LeRoy Collins",2006,Senate,FL,collins l,3,0,0
,REP,Katherine Harris,U.S. Representative and former Florida Secretary of State,2006,Senate,FL,harris k,4,1,0
,REP,Will McBride,attorney,2006,Senate,FL,mcbride w,0,0,0
,REP,COO,of the Federal Housing Administration,2006,Senate,FL,coo,0,0,0
,REP,Jeb Bush,Governor of Florida from 1999 to 2007 [ citation needed ],2006,Senate,FL,bush j,3,0,0
,REP,Brian Moore,retired health care executive and former congressional candidate (Independent),2006,Senate,FL,moore b,0,0,0
,REP,Bill Nelson,incumbent U.S. Senator (Democratic),2006,Senate,FL,nelson b,4,0,0
,REP,Peter Monroe,,2006,Senate,FL,monroe p,0,0,0
,DEM,Bill Nelson,incumbent U.S. Senator,2006,Senate,FL,nelson b,4,0,0
,OTH,Belinda Noah,,2006,Senate,FL,noah b,0,0,0
,OTH,Brian Moore,,2006,Senate,FL,moore b,0,0,0
,OTH,Floyd Ray Frazier,,2006,Senate,FL,frazier f,0,0,0
,OTH,Roy Tanner,,2006,Senate,FL,tanner r,0,0,0
,DEM,Daniel Akaka,incumbent U.S. Senator,2006,Senate,HI,akaka d,4,0,0
,DEM,Ed Case,U.S. Representative,2006,Senate,HI,case e,4,1,0
,REP,Mark Beatty,attorney and businessman,2006,Senate,HI,beatty m,0,0,0
,REP,Jerry Coffee,"retired Navy captain, Vietnam War POW, and motivational speaker (withdrew from the race before the Republican primary but his name still appeared on the ballot)",2006,Senate,HI,coffee j,0,0,0
,REP,1998,and 2004,2006,Senate,HI,,0,0,0
,REP,Eddie Pirkowski,businessman,2006,Senate,HI,pirkowski e,0,0,0
,REP,Steve Tataii,conflict resolution teacher and author,2006,Senate,HI,tataii s,0,0,0
,REP,Daniel Akaka,"(D), incumbent U.S. Senator",2006,Senate,HI,akaka d,4,0,0
,REP,Cynthia Thielen,"(R), Hawaii State Representative",2006,Senate,HI,thielen c,2,1,0
,REP,Lloyd Mallan (L),perennial candidate,2006,Senate,HI,l l,0,0,0
,REP,Akacase Collins,,2006,Senate,HI,collins a,0,0,0
,REP,Jay Friedheim,,2006,Senate,HI,friedheim j,0,0,0
,OTH,Lloyd Mallan,,2006,Senate,HI,mallan l,0,0,0
,REP,Richard Lugar,incumbent U.S. Senator,2006,Senate,IN,lugar r,4,0,0
,OTH,Steve Osborn,,2006,Senate,IN,osborn s,0,0,0
,REP,Kenneth Chase,language school owner and activist,2006,Senate,MA,chase k,0,0,0
,REP,Wakefield,Selectman,2006,Senate,MA,wakefield,1,0,0
,REP,Ted Kennedy,"(D), incumbent U.S. Senator since 1962",2006,Senate,MA,kennedy t,4,0,0
,REP,Kenneth Chase (R),language school owner and Republican activist,2006,Senate,MA,r k,0,0,0
,REP,Kevin Scott,,2006,Senate,MA,scott k,0,0,0
,DEM,Ted Kennedy,incumbent U.S. Senator,2006,Senate,MA,kennedy t,4,0,0
,,All others,,2006,Senate,MA,others a,0,0,0
,DEM,Benjamin L. Cardin,U.S. representative,2006,Senate,MD,cardin b,4,1,0
,DEM,David Dickerson,engineer,2006,Senate,MD,dickerson d,0,0,0
,DEM,George T. English,economist,2006,Senate,MD,english g,0,0,0
,DEM,James H. Hutchison,psychiatrist,2006,Senate,MD,hutchison j,0,0,0
,DEM,A. Robert Kaufman,social activist and perennial candidate,2006,Senate,MD,kaufman a,0,0,0
,DEM,Allan Lichtman,professor at American University,2006,Senate,MD,lichtman a,0,0,0
,DEM,Thomas McCaskill,physicist,2006,Senate,MD,mccaskill t,0,0,0
,DEM,Kweisi Mfume,former U.S. representative and former president of the NAACP,2006,Senate,MD,mfume k,4,1,0
,DEM,Josh Rales,entrepreneur,2006,Senate,MD,rales j,0,0,0
,DEM,Dennis F. Rasmussen,former Baltimore County Executive,2006,Senate,MD,rasmussen d,1,0,0
,DEM,Mike Schaefer,attorney,2006,Senate,MD,schaefer m,0,0,0
,DEM,Charles Ulysses Smith,activist,2006,Senate,MD,smith c,0,0,0
,DEM,Blaine Taylor,writer,2006,Senate,MD,taylor b,0,0,0
,DEM,Joseph Werner,attorney,2006,Senate,MD,werner j,0,0,0
,DEM,Lih Young,perennial candidate,2006,Senate,MD,young l,0,0,0
,DEM,Lise Van Susteren,psychiatrist and sister of Greta Van Susteren,2006,Senate,MD,susteren l,0,0,0
,DEM,Chris Van Hollen,U.S. representative,2006,Senate,MD,hollen c,4,1,0
,REP,Ray Bly,small businessman,2006,Senate,MD,bly r,0,0,0
,REP,Thomas J. Hampton,accountant,2006,Senate,MD,hampton t,0,0,0
,REP,John B. Kimble,behavioral researcher,2006,Senate,MD,kimble j,0,0,0
,REP,Daniel Muffoletto,small businessman,2006,Senate,MD,muffoletto d,0,0,0
,REP,Richard Shawver,activist,2006,Senate,MD,shawver r,0,0,0
,REP,Michael S. Steele,Lieutenant Governor and former chairman of the Maryland Republican Party,2006,Senate,MD,steele m,3,0,0
,REP,Corrogan R. Vaughn,perennial candidate,2006,Senate,MD,vaughn c,0,0,0
,REP,"Daniel ""The Wig Man"" Vovak",ghostwriter and owner of Greenwich Creations,2006,Senate,MD,vovak d,0,0,0
,DEM,Theresa C. Scaldaferri,,2006,Senate,MD,scaldaferri t,0,0,0
,DEM,James H. Hutchinson,,2006,Senate,MD,hutchinson j,0,0,0
,DEM,Anthony Jaworski,,2006,Senate,MD,jaworski a,0,0,0
,DEM,Bob Robinson,,2006,Senate,MD,robinson b,0,0,0
,REP,Earl S. Gordon,,2006,Senate,MD,gordon e,0,0,0
,REP,Edward Raymond Madej,,2006,Senate,MD,madej e,0,0,0
,OTH,Kevin Zeese,,2006,Senate,MD,zeese k,0,0,0
,REP,Olympia Snowe,incumbent U.S. Senator,2006,Senate,ME,snowe o,4,0,0
,DEM,Jean Hay Bright,,2006,Senate,ME,bright j,0,0,0
,OTH,Bill Slavick,,2006,Senate,ME,slavick b,0,0,0
,DEM,Debbie Stabenow,incumbent U.S. Senator,2006,Senate,MI,stabenow d,4,0,0
,REP,Mike Bouchard,,2006,Senate,MI,bouchard m,0,0,0
,OTH,Leonard Schwartz,,2006,Senate,MI,schwartz l,0,0,0
,OTH,David Sole,,2006,Senate,MI,sole d,0,0,0
,OTH,Dennis FitzSimons,,2006,Senate,MI,fitzsimons d,0,0,0
,REP,Mark Kennedy,U.S. Representative from Minnesota's 6th congressional district,2006,Senate,MN,kennedy m,4,1,0
,REP,Harold Shudlick,military veteran,2006,Senate,MN,shudlick h,0,0,0
,REP,John Ulrich,military veteran,2006,Senate,MN,ulrich j,0,0,0
,REP,Robert Fitzgerald,public-access television executive,2006,Senate,MN,fitzgerald r,0,0,0
,REP,Stephen Williams,salesman,2006,Senate,MN,williams s,0,0,0
,REP,public-access television,cable TV show director,2006,Senate,MN,television p,0,0,0
,REP,Amy Klobuchar,"(D), Hennepin County Attorney",2006,Senate,MN,klobuchar a,1,0,0
,REP,Michael Cavlan (G),nurse and independent journalist,2006,Senate,MN,g m,0,0,0
,REP,Peter Idusogie (I),businessman (write-in),2006,Senate,MN,i p,0,0,0
,REP,Ben Powers (C),quality control technician,2006,Senate,MN,c b,0,0,0
,DEM,Amy Klobuchar,,2006,Senate,MN,klobuchar a,0,0,0
,DEM,Darryl Stanton,,2006,Senate,MN,stanton d,0,0,0
,REP,John Uldrich,,2006,Senate,MN,uldrich j,0,0,0
,,Robert Fitzgerald,,2006,Senate,MN,fitzgerald r,0,0,0
,,Miles W. Collins,,2006,Senate,MN,collins m,0,0,0
,,Stephen Williams,,2006,Senate,MN,williams s,0,0,0
,OTH,Michael Cavlan,,2006,Senate,MN,cavlan m,0,0,0
,OTH,Ben Powers,,2006,Senate,MN,powers b,0,0,0
,DEM,Claire McCaskill,,2006,Senate,MO,mccaskill c,0,0,0
,REP,Jim Talent,incumbent U.S. Senator,2006,Senate,MO,talent j,4,0,0
,OTH,Frank Gilmour,,2006,Senate,MO,gilmour f,0,0,0
,,Progressive Party,,2006,Senate,MO,party p,0,0,0
,DEM,MS-01,in 1990,2006,Senate,MS,ms,0,0,0
,DEM,Erik R. Fleming,State Representative,2006,Senate,MS,fleming e,2,1,0
,DEM,James O'Keefe,businessman,2006,Senate,MS,keefe j,0,0,0
,DEM,Catherine Starr,activist,2006,Senate,MS,starr c,0,0,0
,DEM,Trent Lott,"(R), incumbent U.S. Senator",2006,Senate,MS,lott t,4,0,0
,DEM,Bill Bowlin,,2006,Senate,MS,bowlin b,0,0,0
,REP,Trent Lott,incumbent U.S. Senator,2006,Senate,MS,lott t,4,0,0
,OTH,Harold Taylor,,2006,Senate,MS,taylor h,0,0,0
,DEM,Jon Tester,President of the Montana State Senate,2006,Senate,MT,tester j,2,0,0
,DEM,John Morrison,Montana State Auditor,2006,Senate,MT,morrison j,3,0,0
,DEM,Robert Candee,farmer,2006,Senate,MT,candee r,0,0,0
,DEM,Ken Marcure,activist,2006,Senate,MT,marcure k,0,0,0
,DEM,Paul Richards,Montana State Representative ( endorsed Tester ),2006,Senate,MT,richards p,2,1,0
,REP,Conrad Burns,incumbent U.S. Senator,2006,Senate,MT,burns c,4,0,0
,REP,Bob Keenan,Minority Leader of the Montana Senate,2006,Senate,MT,keenan b,0,0,0
,REP,Bob Kelleher,perennial candidate,2006,Senate,MT,kelleher b,0,0,0
,REP,Daniel Lloyd Neste Huffman,businessman,2006,Senate,MT,huffman d,0,0,0
,REP,Stan Jones,"(L), activist",2006,Senate,MT,jones s,0,0,0
,REP,Jon Tester,"(D), State Senator",2006,Senate,MT,tester j,2,0,0
,DEM,Paul Richards (withdrawn),,2006,Senate,MT,withdrawn p,0,0,0
,OTH,Stan Jones,,2006,Senate,MT,jones s,0,0,0
,DEM,Kent Conrad,incumbent U.S. senator (1992–2013),2006,Senate,ND,conrad k,4,0,0
,REP,Dwight Grotberg,farmer,2006,Senate,ND,grotberg d,0,0,0
,REP,John Hoeven,incumbent governor (2000–2010),2006,Senate,ND,hoeven j,3,0,0
,OTH,Roland Riemers,,2006,Senate,ND,riemers r,0,0,0
,OTH,James Germalic,,2006,Senate,ND,germalic j,0,0,0
,DEM,Ben Nelson,incumbent U.S. Senator,2006,Senate,NE,nelson b,4,0,0
,REP,Pete Ricketts,former COO of TD Ameritrade,2006,Senate,NE,ricketts p,0,0,0
,REP,Don Stenberg,former Attorney General of Nebraska and nominee for the U.S. Senate in 2000,2006,Senate,NE,stenberg d,3,0,1
,REP,Ben Nelson,"(D), incumbent U.S. Senator",2006,Senate,NE,nelson b,4,0,0
,DEM,Ben Nelson (inc.),,2006,Senate,NE,inc b,0,0,0
,REP,David J. Kramer,,2006,Senate,NE,kramer d,0,0,0
,DEM,Bob Menendez,interim U.S. Senator and former U.S. Representative from New Jersey's 13th congressional district,2006,Senate,NJ,menendez b,4,1,0
,REP,"Thomas Kean, Jr.",State Senator from Westfield and son of former governor Thomas Kean,2006,Senate,NJ,kean t,3,0,0
,REP,New Jersey's 12th congressional district,in 2004  (Poor People's Campaign),2006,Senate,NJ,district n,0,0,0
,REP,J.M. Carter,minister and candidate for U.S. Senate in 2000  (God We Trust),2006,Senate,NJ,carter j,0,0,1
,REP,Len Flynn,activist    (Libertarian),2006,Senate,NJ,flynn l,0,0,0
,REP,Ed Forchion,"activist known as ""NJ Weedman""  (Marijuana)",2006,Senate,NJ,forchion e,0,0,0
,REP,Angela L. Lariscy,sewing machine operator and trade unionist  (Socialist Workers),2006,Senate,NJ,lariscy a,0,0,0
,REP,Bob Menendez,interim U.S. senator and former U.S. representative from Union City (Democratic),2006,Senate,NJ,menendez b,4,1,0
,REP,Gregory Pason,activist and former union official  (Socialist),2006,Senate,NJ,pason g,0,0,0
,REP,Camden County,"freeholder , retired teacher, and Korean War veteran  (Solidarity, Defend Life)",2006,Senate,NJ,county c,0,0,0
,DEM,James D. Kelly,,2006,Senate,NJ,kelly j,0,0,0
,REP,James P. Ginty,,2006,Senate,NJ,ginty j,0,0,0
,OTH,Len Flynn,,2006,Senate,NJ,flynn l,0,0,0
,,Edward Forchion,,2006,Senate,NJ,forchion e,0,0,0
,OTH,J.M. Carter,,2006,Senate,NJ,carter j,0,0,0
,OTH,N. Leonard Smith,,2006,Senate,NJ,smith n,0,0,0
,OTH,Daryl Brooks,,2006,Senate,NJ,brooks d,0,0,0
,,Socialist Workers,,2006,Senate,NJ,workers s,0,0,0
,,Gregory Pason,,2006,Senate,NJ,pason g,0,0,0
,DEM,Jeff Bingaman,incumbent U.S. Senator,2006,Senate,NM,bingaman j,4,0,0
,REP,Allen McCulloch,physician,2006,Senate,NM,mcculloch a,0,0,0
,REP,Santa Fe,City Councilman,2006,Senate,NM,fe s,1,0,0
,REP,Jeff Bingaman,"(D), incumbent U.S. Senator",2006,Senate,NM,bingaman j,4,0,0
,REP,Allen McCulloch (R),physician,2006,Senate,NM,r a,0,0,0
,REP,Joseph J. Carraro,,2006,Senate,NM,carraro j,0,0,0
,REP,David Pfeffer,,2006,Senate,NM,pfeffer d,0,0,0
,REP,John Ensign,incumbent U.S. Senator,2006,Senate,NV,ensign j,4,0,0
,DEM,Jack Carter,U.S Navy veteran and son of former President Jimmy Carter,2006,Senate,NV,carter j,0,0,0
,DEM,Oscar Goodman,Mayor of Las Vegas,2006,Senate,NV,goodman o,1,0,0
,DEM,Frankie Sue Del Papa,Attorney General of Nevada,2006,Senate,NV,papa f,3,0,0
,DEM,Dina Titus,member of the Nevada Senate  ( ran for Governor),2006,Senate,NV,titus d,3,0,0
,DEM,John Ensign,"(R), incumbent U.S. Senator",2006,Senate,NV,ensign j,4,0,0
,DEM,David Schumann (I),"retired financial analyst, 2004 nominee, and 2002 state senator nominee",2006,Senate,NV,i d,2,0,0
,DEM,Brendan Trainor (L),"state party chair, airline quality manager, and frequent candidate",2006,Senate,NV,l b,0,0,0
,REP,None of these candidates,,2006,Senate,NV,candidates n,0,0,0
,REP,Ed Hamilton,,2006,Senate,NV,hamilton e,0,0,0
,DEM,None of these candidates,,2006,Senate,NV,candidates n,0,0,0
,DEM,Ruby Jee Tun,,2006,Senate,NV,tun r,0,0,0
,,None of These Candidates,,2006,Senate,NV,candidates n,0,0,0
,OTH,David K. Schumann,,2006,Senate,NV,schumann d,0,0,0
,OTH,Brendan Trainor,,2006,Senate,NV,trainor b,0,0,0
,DEM,Hillary Clinton,incumbent Senator,2006,Senate,NY,clinton h,4,0,0
,DEM,Jonathan B. Tasini,journalist and anti-war activist,2006,Senate,NY,tasini j,0,0,0
,DEM,Mark Greenstein,businessman (endorsed Tasini),2006,Senate,NY,greenstein m,0,0,0
,REP,K. T. McFarland,former Deputy Assistant United States Secretary of Defense,2006,Senate,NY,mcfarland k,4,0,0
,REP,John Spencer,former mayor of Yonkers,2006,Senate,NY,spencer j,1,0,0
,REP,Edward F. Cox,attorney and son-in-law of Richard Nixon,2006,Senate,NY,cox e,0,0,0
,REP,Jeanine Pirro,"Westchester County District Attorney (December 21, 2005) (ran for Attorney General)",2006,Senate,NY,pirro j,3,0,0
,REP,Hillary Rodham Clinton,"incumbent U.S. Senator  (Democratic, Working Families, and Independence)",2006,Senate,NY,clinton h,4,0,0
,REP,Bill Van Auken,writer and nominee for president in 2004 (Socialist Equality),2006,Senate,NY,auken b,0,0,1
,REP,Roger Calero,writer and nominee for president in 2004 (Socialist Workers),2006,Senate,NY,calero r,0,0,1
,REP,Howie Hawkins,anti-nuclear energy activist and founder of the Green Party (Green),2006,Senate,NY,hawkins h,0,0,0
,,Hillary Clinton,,2006,Senate,NY,clinton h,0,0,0
,,Working Families,,2006,Senate,NY,families w,0,0,0
,,John Spencer,,2006,Senate,NY,spencer j,0,0,0
,OTH,Howie Hawkins,,2006,Senate,NY,hawkins h,0,0,0
,OTH,Jeff Russell,,2006,Senate,NY,russell j,0,0,0
,,Socialist Workers,,2006,Senate,NY,workers s,0,0,0
,,Socialist Equality,,2006,Senate,NY,equality s,0,0,0
,REP,Mike DeWine,incumbent U.S. Senator since 1995,2006,Senate,OH,dewine m,4,0,0
,REP,William G. Pierce,engineer,2006,Senate,OH,pierce w,0,0,0
,DEM,Sherrod Brown,U.S. Representative from Lorain,2006,Senate,OH,brown s,4,1,0
,DEM,Merrill Keiser Jr.,trucking business owner/operator and Vietnam War veteran,2006,Senate,OH,keiser m,0,0,0
,DEM,Paul Hackett,Iraq War veteran,2006,Senate,OH,hackett p,0,0,0
,DEM,Mike DeWine,incumbent Senator since 1995 (Republican),2006,Senate,OH,dewine m,4,0,0
,REP,David Smith,,2006,Senate,OH,smith d,0,0,0
,OTH,Richard Duncan (write-in),,2006,Senate,OH,in r,0,0,0
,REP,Rick Santorum,incumbent U.S. senator and former U.S. congressman for Pennsylvania's 18th congressional district (1991–1995),2006,Senate,PA,santorum r,4,0,0
,DEM,Bob Casey Jr.,"State Treasurer, former State Auditor General, candidate for Governor in 2002 and son of former Governor Bob Casey, Sr.",2006,Senate,PA,casey b,3,0,1
,DEM,Barbara Hafer,former State Auditor General and State Treasurer,2006,Senate,PA,hafer b,3,0,0
,DEM,Joe Hoeffel,U.S. Representative,2006,Senate,PA,hoeffel j,4,1,0
,DEM,Rick Santorum,incumbent U.S. Senator (Republican),2006,Senate,PA,santorum r,4,0,0
,DEM,Kate Michelman,former president of NARAL Pro-Choice America (Independent),2006,Senate,PA,michelman k,0,0,0
,DEM,Carl Romanelli,rail industry consultant (Green),2006,Senate,PA,romanelli c,0,0,0
,DEM,Chuck Pennacchio,,2006,Senate,PA,pennacchio c,0,0,0
,DEM,Alan Sandals,,2006,Senate,PA,sandals a,0,0,0
,DEM,Marine,veteran,2006,Senate,RI,marine,0,0,0
,DEM,Sheldon Whitehouse,former Attorney General of Rhode Island and former U.S. Attorney for the District of Rhode Island,2006,Senate,RI,whitehouse s,3,0,0
,DEM,Matt Brown,secretary of state of Rhode Island ( endorsed Whitehouse ),2006,Senate,RI,brown m,3,0,0
,REP,Lincoln Chafee,incumbent U.S. Senator,2006,Senate,RI,chafee l,4,0,0
,REP,Steve Laffey,Mayor of Cranston,2006,Senate,RI,laffey s,1,0,0
,REP,Sheldon Whitehouse,"(D), former state Attorney General",2006,Senate,RI,whitehouse s,3,0,0
,DEM,Christopher F. Young,,2006,Senate,RI,young c,0,0,0
,DEM,Carl Sheeler,,2006,Senate,RI,sheeler c,0,0,0
,REP,Ed Bryant,former U.S. Representative,2006,Senate,TN,bryant e,4,1,0
,REP,Bob Corker,"businessman, former Mayor of Chattanooga and candidate for U.S. Senate in 1994",2006,Senate,TN,corker b,1,0,1
,REP,Van Hilleary,former U.S. Representative and nominee for Governor of Tennessee in 2002,2006,Senate,TN,hilleary v,4,1,1
,DEM,Gary Gene Davis,perennial candidate,2006,Senate,TN,davis g,0,0,0
,DEM,Harold Ford Jr.,U.S. Representative,2006,Senate,TN,ford h,4,1,0
,DEM,John Jay Hooker,"attorney, entrepreneur, and perennial candidate",2006,Senate,TN,hooker j,0,0,0
,DEM,Rosalind Kurita,state senator from Clarksville,2006,Senate,TN,kurita r,2,0,0
,DEM,Bob Corker,"(R), former mayor of Chattanooga",2006,Senate,TN,corker b,1,0,0
,DEM,Chris Lugo (G),peace activist,2006,Senate,TN,g c,0,0,0
,REP,Tate Harrison,,2006,Senate,TN,harrison t,0,0,0
,DEM,Charles Smith,,2006,Senate,TN,smith c,0,0,0
,DEM,Alvin Strauss,,2006,Senate,TN,strauss a,0,0,0
,OTH,Ed Choate,,2006,Senate,TN,choate e,0,0,0
,OTH,David Gatchell,,2006,Senate,TN,gatchell d,0,0,0
,OTH,"Emory ""Bo"" Heyward",,2006,Senate,TN,heyward e,0,0,0
,OTH,H. Gary Keplinger,,2006,Senate,TN,keplinger h,0,0,0
,OTH,Chris Lugo,,2006,Senate,TN,lugo c,0,0,0
,REP,Kay Bailey Hutchison,incumbent U.S. Senator,2006,Senate,TX,hutchison k,4,0,0
,DEM,Barbara Ann Radnofsky,author and mediator,2006,Senate,TX,radnofsky b,0,0,0
,DEM,Gene Kelly,,2006,Senate,TX,kelly g,0,0,0
,DEM,Darrel Reece Hunter,,2006,Senate,TX,hunter d,0,0,0
,OTH,Scott Jameson,,2006,Senate,TX,jameson s,0,0,0
,DEM,CEO,"of Utah's oldest Internet service provider , XMission .",2006,Senate,UT,ceo,0,0,0
,REP,Orrin Hatch,incumbent U.S. Senator first elected in 1976,2006,Senate,UT,hatch o,4,0,0
,DEM,Pete Ashdown,,2006,Senate,UT,ashdown p,0,0,0
,OTH,Scott Bradley,,2006,Senate,UT,bradley s,0,0,0
,,Personal Choice,,2006,Senate,UT,choice p,0,0,0
,OTH,Dave Seely,,2006,Senate,UT,seely d,0,0,0
,OTH,Julian Hatch,,2006,Senate,UT,hatch j,0,0,0
,DEM,Harris Miller,businessman,2006,Senate,VA,miller h,0,0,0
,DEM,Jim Webb,former United States Secretary of the Navy,2006,Senate,VA,webb j,4,0,0
,DEM,George Allen,"(R), incumbent U.S. Senator former Governor and former U.S. representative from Virginia's 7th congressional district.",2006,Senate,VA,allen g,4,1,0
,DEM,Gail Parker (G),Air Force veteran,2006,Senate,VA,g g,0,0,0
,REP,Florida in 2000,"and Washington's 2004 gubernatorial election —rarely result in a swing of more than 1,000 votes, and Allen was trailing by almost 10,000 in the initial count. In particular, almost all votes in this Virginia election were cast using electronic voting machines, whose results are unlikely to change in a recount.",2006,Senate,VA,in f,0,0,0
,REP,2008 presidential run,". However, after losing the senatorial election, on December 10, 2006, Allen announced that he would not be running for president in 2008.",2006,Senate,VA,run p,0,0,0
,REP,George Allen,incumbent U.S. Senator,2006,Senate,VA,allen g,4,0,0
,OTH,Gail Parker,,2006,Senate,VA,parker g,0,0,0
,DEM,Bernie Sanders,U.S. Representative and Liberty Union nominee for U.S. Senate in 1972,2006,Senate,VT,sanders b,4,1,1
,DEM,Howard Dean,"former Governor of Vermont , chair of the Democratic National Committee",2006,Senate,VT,dean h,3,0,0
,DEM,Doug Racine,former Lieutenant Governor of Vermont,2006,Senate,VT,racine d,3,0,0
,REP,Cris Ericson,perennial candidate and marijuana legalization activist,2006,Senate,VT,ericson c,0,0,0
,REP,Greg Parke,retired U.S. Air Force lieutenant colonel and nominee for VT-AL in 2004,2006,Senate,VT,parke g,0,0,1
,REP,Richard Tarrant,businessman,2006,Senate,VT,tarrant r,0,0,0
,REP,Jim Douglas,governor of Vermont,2006,Senate,VT,douglas j,3,0,0
,REP,Brian Dubie,lieutenant governor of Vermont,2006,Senate,VT,dubie b,3,0,0
,REP,Peter Diamondstone,"(Liberty Union), socialist activist and perennial candidate",2006,Senate,VT,diamondstone p,0,0,0
,REP,Craig Hill (Green),electronics marketer,2006,Senate,VT,green c,0,0,0
,REP,Bernie Sanders,"(Independent), U.S. Representative from VT-AL",2006,Senate,VT,sanders b,4,1,0
,DEM,Louis W. Thabault,,2006,Senate,VT,thabault l,0,0,0
,DEM,Craig Hill,,2006,Senate,VT,hill c,0,0,0
,DEM,Larry Drown,,2006,Senate,VT,drown l,0,0,0
,DEM,Peter Moss,,2006,Senate,VT,moss p,0,0,0
,OTH,Bernie Sanders,,2006,Senate,VT,sanders b,0,0,0
,OTH,Cris Ericson,,2006,Senate,VT,ericson c,0,0,0
,OTH,Craig Hill,,2006,Senate,VT,hill c,0,0,0
,OTH,Peter D. Moss,,2006,Senate,VT,moss p,0,0,0
,,Liberty Union,,2006,Senate,VT,union l,0,0,0
,DEM,Maria Cantwell,incumbent U.S. senator,2006,Senate,WA,cantwell m,4,0,0
,DEM,Goodspaceguy,"(Michael Nelson), perennial candidate",2006,Senate,WA,goodspaceguy,0,0,0
,DEM,Mike The Mover,moving company owner and perennial candidate,2006,Senate,WA,mover m,0,0,0
,DEM,Hong Tran,attorney,2006,Senate,WA,tran h,0,0,0
,DEM,Mark Wilson,Libertarian candidate for Congress in 2002 and Green candidate for the U.S. Senate in 2004 (withdrew and took a paid position in Cantwell's campaign),2006,Senate,WA,wilson m,0,0,1
,REP,William Edward Chovil,"ran in the 2004 Republican Senate primary and received 0.95% of the Republican vote; running on a platform of opposition to what he referred to as ""national and global communism and socialism""",2006,Senate,WA,chovil w,0,0,0
,REP,C. Mark Greene,legal assistant and Armed Forces veteran; won 47% in the 2004 Republican House of Representatives primary (9th District); emphasizes anti-imperialism platform in his campaigns; failed to secure ballot access through a lack of filing fee waiver petition signatures; filed Writ of Mandamus request in Thurston County Superior Court to be admitted to ballot,2006,Senate,WA,greene c,0,1,0
,REP,Warren E. Hanson,commercial fisherman and perennial candidate; ran as a Democrat in the 2004 Senate primary and received 6.04% of the Democratic vote,2006,Senate,WA,hanson w,0,0,0
,REP,Brad Klippert,U.S. Army Reserves veteran; 2004 Republican primary candidate for U.S. Senate and received 5.72% of the Republican vote; evangelical Christian,2006,Senate,WA,klippert b,0,0,1
,REP,B. Barry Massoudi,founder of Cubicon management consulting; former chairman of Mercer Island Arts Council,2006,Senate,WA,massoudi b,0,0,0
,REP,Gordon Allen Pross,ran in the 2004 Republican Senate primary and received 1.59% of the Republican vote,2006,Senate,WA,pross g,0,0,0
,REP,Mike McGavick,,2006,Senate,WA,mcgavick m,0,0,0
,OTH,Bruce Guthrie,,2006,Senate,WA,guthrie b,0,0,0
,OTH,Aaron Dixon,,2006,Senate,WA,dixon a,0,0,0
,OTH,Robin Adair,,2006,Senate,WA,adair r,0,0,0
,DEM,"Cantwell, Maria",,2006,Senate,WA,maria c,0,0,0
,REP,"McGavick, Mike",,2006,Senate,WA,mike m,0,0,0
,OTH,"Guthrie, Bruce",,2006,Senate,WA,bruce g,0,0,0
,OTH,"Dixon, Aaron",,2006,Senate,WA,aaron d,0,0,0
,OTH,"Adair, Robin",,2006,Senate,WA,robin a,0,0,0
,DEM,Herb Kohl,incumbent U.S. Senator,2006,Senate,WI,kohl h,4,0,0
,REP,Robert Lorge,attorney,2006,Senate,WI,lorge r,0,0,0
,REP,Robert Lorge (R),attorney,2006,Senate,WI,r r,0,0,0
,REP,Herbert Kohl,"(D), incumbent U.S. Senator",2006,Senate,WI,kohl h,4,0,0
,REP,Rae Vogeler (G),community organizer,2006,Senate,WI,g r,0,0,0
,DEM,Ben Masel,,2006,Senate,WI,masel b,0,0,0
,DEM,Write ins,,2006,Senate,WI,ins w,0,0,0
,REP,Write ins,,2006,Senate,WI,ins w,0,0,0
,OTH,Rae Vogeler,,2006,Senate,WI,vogeler r,0,0,0
,OTH,Ben Glatzel,,2006,Senate,WI,glatzel b,0,0,0
,DEM,Robert Byrd,"(D- Raleigh ), Incumbent U.S. senator",2006,Senate,WV,byrd r,4,0,0
,DEM,"Billy Hendricks, Jr.","(D- Boone ), auto worker",2006,Senate,WV,hendricks b,0,0,0
,REP,Paul J. Brown,activist,2006,Senate,WV,brown p,0,0,0
,REP,Zane Lawhorn,optician and author,2006,Senate,WV,lawhorn z,0,0,0
,REP,Hiram Lewis,member of the West Virginia Army National Guard and a self-employed attorney,2006,Senate,WV,lewis h,0,0,0
,REP,Bud Railey,land-developer and unsuccessful governor candidate,2006,Senate,WV,railey b,3,0,0
,REP,John Raese,"owner of Greer Industries , West Virginia Newspaper Publishing Company (which publishes The Dominion Post ), and West Virginia Radio Corporation",2006,Senate,WV,raese j,0,0,0
,REP,Rick Snuffer,unsuccessful 2004 congressional candidate,2006,Senate,WV,snuffer r,0,0,0
,REP,Robert Byrd,"(D), incumbent U.S. senator",2006,Senate,WV,byrd r,4,0,0
,REP,Jesse Johnson,"(M), filmmaker, actor, and theatrical producer",2006,Senate,WV,johnson j,0,0,0
,REP,"Charles G. ""Bud"" Railey",,2006,Senate,WV,railey c,0,0,0
,,Jesse Johnson,,2006,Senate,WV,johnson j,0,0,0
,REP,Craig Thomas,incumbent U.S. senator (1995–2007),2006,Senate,WY,thomas c,4,0,0
,DEM,Dale Groutage,engineer,2006,Senate,WY,groutage d,0,0,0
,REP,Michael Corey,"judge, attorney",2008,Senate,AK,corey m,1,0,0
,REP,David Cuddy,former State Representative,2008,Senate,AK,cuddy d,2,1,0
,REP,Gerald Heikes,minister,2008,Senate,AK,heikes g,0,0,0
,REP,Rick Sikma,pastor,2008,Senate,AK,sikma r,0,0,0
,REP,Ted Stevens,incumbent U.S. Senator since 1968,2008,Senate,AK,stevens t,4,0,0
,REP,Vic Vickers,former assistant State Comptroller,2008,Senate,AK,vickers v,3,0,0
,REP,Mark Begich,"(D), Mayor of Anchorage",2008,Senate,AK,begich m,1,0,0
,REP,Ted Stevens (R),incumbent U.S. Senator since 1968,2008,Senate,AK,r t,4,0,0
,DEM,Mark Begich,,2008,Senate,AK,begich m,0,0,0
,DEM,Ray Metcalfe,,2008,Senate,AK,metcalfe r,0,0,0
,,Bob Bird,,2008,Senate,AK,bird b,0,0,0
,OTH,Fredrick Haase,,2008,Senate,AK,haase f,0,0,0
,DEM,Frank Vondersaar,,2008,Senate,AK,vondersaar f,0,0,0
,REP,Rich Wanda,,2008,Senate,AK,wanda r,0,0,0
,OTH,Ted Gianoutsos,,2008,Senate,AK,gianoutsos t,0,0,0
,REP,Jeff Sessions,incumbent U.S. senator (1997–2017),2008,Senate,AL,sessions j,4,0,0
,DEM,Vivian Davis Figures,state senator from SD-33 (1997–present),2008,Senate,AL,figures v,2,1,0
,IND,Darryl W. Perry,"( write-in ), perennial candidate",2008,Senate,AL,perry d,0,0,0
,REP,Earl Mack Gavin,,2008,Senate,AL,gavin e,0,0,0
,DEM,Johnny Swanson,,2008,Senate,AL,swanson j,0,0,0
,DEM,Mark Townsend,,2008,Senate,AL,townsend m,0,0,0
,DEM,Mark Pryor,incumbent U.S. Senator,2008,Senate,AR,pryor m,4,0,0
,DEM,Rebekah Kennedy,attorney and nominee for Attorney General in 2006 and 2010,2008,Senate,AR,kennedy r,0,0,1
,OTH,Rebekah Kennedy,,2008,Senate,AR,kennedy r,0,0,0
,DEM,Mark Udall,U.S. Representative,2008,Senate,CO,udall m,4,1,0
,REP,Bob Schaffer,"Colorado State Board of Education member, former U.S. Representative and candidate for the U.S. Senate in 2004",2008,Senate,CO,schaffer b,4,1,1
,OTH,Douglas Campbell,,2008,Senate,CO,campbell d,0,0,0
,OTH,Bob Kinsey,,2008,Senate,CO,kinsey b,0,0,0
,DEM,Joe Biden,incumbent U.S. Senator,2008,Senate,DE,biden j,4,0,0
,REP,Christine O'Donnell,,2008,Senate,DE,donnell c,0,0,0
,REP,Saxby Chambliss,incumbent U.S. Senator,2008,Senate,GA,chambliss s,4,0,0
,DEM,Jim Martin,former State Representative and nominee for Lieutenant Governor in 2006,2008,Senate,GA,martin j,2,1,1
,DEM,Vernon Jones,"businessman, DeKalb County chief executive officer and former State Representative",2008,Senate,GA,jones v,2,1,0
,DEM,Dale Cardwell,TV journalist,2008,Senate,GA,cardwell d,0,0,0
,DEM,Rand Knight,businessman,2008,Senate,GA,knight r,0,0,0
,DEM,Josh Lanier,,2008,Senate,GA,lanier j,0,0,0
,OTH,Allen Buckley,,2008,Senate,GA,buckley a,0,0,0
,,Socialist Workers,,2008,Senate,GA,workers s,0,0,0
,DEM,Tom Harkin,incumbent U.S. Senator,2008,Senate,IA,harkin t,4,0,0
,REP,George Eichhorn,former Iowa State Representative,2008,Senate,IA,eichhorn g,2,1,0
,REP,Steve Rathje,construction company executive,2008,Senate,IA,rathje s,0,0,0
,REP,Christopher Reed,small businessman,2008,Senate,IA,reed c,0,0,0
,REP,Jim Risch,lieutenant governor of Idaho,2008,Senate,ID,risch j,3,0,0
,DEM,Larry LaRocco,former U.S. representative for Idaho's 1st congressional district (1991–1995),2008,Senate,ID,larocco l,4,1,0
,REP,Scott Syme,,2008,Senate,ID,syme s,0,0,0
,REP,Richard Phenneger,,2008,Senate,ID,phenneger r,0,0,0
,REP,Neal Thompson,,2008,Senate,ID,thompson n,0,0,0
,REP,Fred M. Adams,,2008,Senate,ID,adams f,0,0,0
,REP,Bill Hunter,,2008,Senate,ID,hunter b,0,0,0
,REP,Brian E. Hefner,,2008,Senate,ID,hefner b,0,0,0
,REP,"Hal James Styles, Jr.",,2008,Senate,ID,styles h,0,0,0
,DEM,David J. Archuleta,,2008,Senate,ID,archuleta d,0,0,0
,OTH,Rex Rammell,,2008,Senate,ID,rammell r,0,0,0
,OTH,Kent Marmon,,2008,Senate,ID,marmon k,0,0,0
,DEM,Dick Durbin,incumbent U.S. Senator,2008,Senate,IL,durbin d,4,0,0
,REP,Steve Sauerberg,physician,2008,Senate,IL,sauerberg s,0,0,0
,REP,Andy Martin,perennial candidate,2008,Senate,IL,martin a,0,0,0
,REP,Mike Psak,trucker and perennial candidate,2008,Senate,IL,psak m,0,0,0
,OTH,Kathy Cummings,,2008,Senate,IL,cummings k,0,0,0
,OTH,Larry A. Stafford,,2008,Senate,IL,stafford l,0,0,0
,OTH,Chad N. Koppie,,2008,Senate,IL,koppie c,0,0,0
,REP,Pat Roberts,incumbent U.S. Senator,2008,Senate,KS,roberts p,4,0,0
,DEM,Jim Slattery,former U.S. Representative and nominee for Governor in 1994,2008,Senate,KS,slattery j,4,1,1
,DEM,Pat Roberts,"(R), incumbent U.S. Senator",2008,Senate,KS,roberts p,4,0,0
,DEM,Randall Hodgkinson (L),attorney,2008,Senate,KS,l r,0,0,0
,DEM,Joseph L. Martin (Re),nominee for Secretary of State in 2006,2008,Senate,KS,re j,0,0,1
,DEM,Lee Jones,,2008,Senate,KS,jones l,0,0,0
,OTH,Randall Hodgkinson,,2008,Senate,KS,hodgkinson r,0,0,0
,OTH,Joseph L. Martin,,2008,Senate,KS,martin j,0,0,0
,REP,Mitch McConnell,incumbent U.S. Senator,2008,Senate,KY,mcconnell m,4,0,0
,DEM,Greg Fischer,businessman,2008,Senate,KY,fischer g,0,0,0
,DEM,Bruce Lunsford,former Kentucky Secretary of Commerce and candidate for Governor in 2003 and 2007,2008,Senate,KY,lunsford b,0,0,1
,DEM,Mitch McConnell,"(R), incumbent U.S. Senator",2008,Senate,KY,mcconnell m,4,0,0
,REP,Daniel Essek,,2008,Senate,KY,essek d,0,0,0
,DEM,David L. Williams,,2008,Senate,KY,williams d,0,0,0
,DEM,James E. Rice,,2008,Senate,KY,rice j,0,0,0
,DEM,Michael Cassaro,,2008,Senate,KY,cassaro m,0,0,0
,DEM,Kenneth Stepp,,2008,Senate,KY,stepp k,0,0,0
,DEM,David Wylie,,2008,Senate,KY,wylie d,0,0,0
,DEM,Mary Landrieu,incumbent U.S. Senator,2008,Senate,LA,landrieu m,4,0,0
,REP,John Neely Kennedy,State Treasurer and Democratic candidate for the U.S. Senate in 2004,2008,Senate,LA,kennedy j,3,0,1
,OTH,Richard Fontanesi,,2008,Senate,LA,fontanesi r,0,0,0
,OTH,Jay Patel,,2008,Senate,LA,patel j,0,0,0
,OTH,Robert Stewart,,2008,Senate,LA,stewart r,0,0,0
,DEM,John Kerry,incumbent U.S. Senator,2008,Senate,MA,kerry j,4,0,0
,DEM,Gloucester,city councilor,2008,Senate,MA,gloucester,1,0,0
,DEM,MA-10,in 2006,2008,Senate,MA,ma,0,0,0
,DEM,Edward O'Reilly,,2008,Senate,MA,reilly e,0,0,0
,REP,Jeff Beatty,,2008,Senate,MA,beatty j,0,0,0
,OTH,Robert J. Underwood,,2008,Senate,MA,underwood r,0,0,0
,DEM,Tom Allen,U.S. Representative,2008,Senate,ME,allen t,4,1,0
,DEM,Thomas Ledue,educator,2008,Senate,ME,ledue t,0,0,0
,REP,Susan Collins,incumbent U.S. Senator,2008,Senate,ME,collins s,4,0,0
,DEM,Carl Levin,incumbent U.S. Senator,2008,Senate,MI,levin c,4,0,0
,REP,Jack Hoogendyk,,2008,Senate,MI,hoogendyk j,0,0,0
,OTH,Scotty Boman,,2008,Senate,MI,boman s,0,0,0
,OTH,Harley Mikkelson,,2008,Senate,MI,mikkelson h,0,0,0
,,U.S. Taxpayers,,2008,Senate,MI,taxpayers u,0,0,0
,,Natural Law,,2008,Senate,MI,law n,0,0,0
,REP,Dean Barkley,"( IP ), former U.S. Senator and co-founder of the Minnesota Independence Party",2008,Senate,MN,barkley d,4,0,0
,REP,Norm Coleman,"( R ), incumbent U.S. Senator and former mayor of St. Paul",2008,Senate,MN,coleman n,4,0,0
,REP,Al Franken,"( DFL ), former Air America radio talk-show host, writer, comedian, and political commentator",2008,Senate,MN,franken a,0,0,0
,DEM,Al Franken,,2008,Senate,MN,franken a,0,0,0
,DEM,Priscilla Lord Faris,,2008,Senate,MN,faris p,0,0,0
,DEM,Dick Franson,,2008,Senate,MN,franson d,0,0,0
,DEM,Bob Larson,,2008,Senate,MN,larson b,0,0,0
,DEM,Rob Fitzgerald,,2008,Senate,MN,fitzgerald r,0,0,0
,DEM,Ole Savior,,2008,Senate,MN,savior o,0,0,0
,DEM,Alve Erickson,,2008,Senate,MN,erickson a,0,0,0
,,Dean Barkley,,2008,Senate,MN,barkley d,0,0,0
,,Jack Uldrich,,2008,Senate,MN,uldrich j,0,0,0
,,Stephen Williams,,2008,Senate,MN,williams s,0,0,0
,,Kurt Michael Anderson,,2008,Senate,MN,anderson k,0,0,0
,,Doug Williams,,2008,Senate,MN,williams d,0,0,0
,,Darryl Stanton,,2008,Senate,MN,stanton d,0,0,0
,,Bill Dahn,,2008,Senate,MN,dahn b,0,0,0
,REP,Jack Shepard,,2008,Senate,MN,shepard j,0,0,0
,OTH,Charles Aldrich,,2008,Senate,MN,aldrich c,0,0,0
,OTH,James Niemackl,,2008,Senate,MN,niemackl j,0,0,0
,REP,Thad Cochran,incumbent U.S. senator,2008,Senate,MS,cochran t,4,0,0
,DEM,Erik R. Fleming,"former HD-72 , and nominee for U.S. senate in 2006",2008,Senate,MS,fleming e,0,0,1
,DEM,Max Baucus,incumbent U.S. Senator,2008,Senate,MT,baucus m,4,0,0
,REP,Kirk Bushman,businessman,2008,Senate,MT,bushman k,0,0,0
,REP,Bob Kelleher,attorney and perennial candidate,2008,Senate,MT,kelleher b,0,0,0
,REP,Michael Lange,State Representative,2008,Senate,MT,lange m,2,1,0
,REP,Patty Lovaas,accountant,2008,Senate,MT,lovaas p,0,0,0
,REP,Anton Pearson,rancher,2008,Senate,MT,pearson a,0,0,0
,REP,Garnett Shay,engineer,2008,Senate,MT,shay g,0,0,0
,REP,Max Baucus,"(D), incumbent U.S. Senator.",2008,Senate,MT,baucus m,4,0,0
,REP,Elizabeth Dole,incumbent U.S. senator (2003–2009),2008,Senate,NC,dole e,4,0,0
,DEM,Kay Hagan,state senator from the 27th district (1999–2009),2008,Senate,NC,hagan k,2,0,0
,DEM,Mike Easley,governor of North Carolina (2001–2009),2008,Senate,NC,easley m,3,0,0
,DEM,Brad Miller,U.S. representative from North Carolina's 13th congressional district (2003–2013),2008,Senate,NC,miller b,4,1,0
,DEM,Jim Hunt,"former governor of North Carolina (1977–1985, 1993–2001)",2008,Senate,NC,hunt j,3,0,0
,DEM,Chris Cole,perennial candidate,2008,Senate,NC,cole c,0,0,0
,REP,Pete DiLauro,,2008,Senate,NC,dilauro p,0,0,0
,DEM,Jim Neal,,2008,Senate,NC,neal j,0,0,0
,DEM,Marcus W. Williams,,2008,Senate,NC,williams m,0,0,0
,DEM,Duskin Lassiter,,2008,Senate,NC,lassiter d,0,0,0
,DEM,Howard Staley,,2008,Senate,NC,staley h,0,0,0
,OTH,Chris Cole,,2008,Senate,NC,cole c,0,0,0
,REP,Pat Flynn,businessman,2008,Senate,NE,flynn p,0,0,0
,REP,Mike Johanns,former United States Secretary of Agriculture and former Governor of Nebraska,2008,Senate,NE,johanns m,4,0,0
,REP,Jon Bruning,Attorney General of Nebraska,2008,Senate,NE,bruning j,3,0,0
,REP,Hal Daub,former mayor of Omaha and former United States congressman,2008,Senate,NE,daub h,4,0,0
,DEM,Scott Kleeb,businessman and 2006 Democratic nominee for Nebraska's 3rd congressional district,2008,Senate,NE,kleeb s,0,0,1
,DEM,Columbus,businessman,2008,Senate,NE,columbus,0,0,0
,DEM,United States Air Force,veteran and 1998 state legislative candidate,2008,Senate,NE,force u,0,0,0
,DEM,2007,write-in candidate for Mayor of Lincoln,2008,Senate,NE,,0,0,1
,DEM,Bob Kerrey,former U.S. Senator (1987–2001),2008,Senate,NE,kerrey b,4,0,0
,DEM,Tony Raimondo,,2008,Senate,NE,raimondo t,0,0,0
,DEM,James Bryan Wilson,,2008,Senate,NE,wilson j,0,0,0
,DEM,Larry Marvin,,2008,Senate,NE,marvin l,0,0,0
,OTH,Steve Larrick,,2008,Senate,NE,larrick s,0,0,0
,,Kelly Rosberg,,2008,Senate,NE,rosberg k,0,0,0
,DEM,Jeanne Shaheen,former governor and nominee for the United States Senate in 2002 .,2008,Senate,NH,shaheen j,3,0,1
,DEM,Raymond Stebbins,attorney,2008,Senate,NH,stebbins r,0,0,0
,REP,Tom Alciere,former state representative,2008,Senate,NH,alciere t,2,1,0
,REP,John E. Sununu,incumbent U.S. Senator,2008,Senate,NH,sununu j,4,0,0
,REP,Jeanne Shaheen,"(D), former governor",2008,Senate,NH,shaheen j,3,0,0
,OTH,Ken Blevens,,2008,Senate,NH,blevens k,0,0,0
,DEM,Frank Lautenberg,"incumbent U.S. senator (1982–2001, 2003–2013)",2008,Senate,NJ,lautenberg f,4,0,0
,REP,Joseph Pennacchio,state senator,2008,Senate,NJ,pennacchio j,2,0,0
,REP,Murray Sabrin,professor at Ramapo College and perennial candidate,2008,Senate,NJ,sabrin m,0,0,0
,REP,Dick Zimmer,former U.S. Representative and nominee for the U.S. Senate in 1996,2008,Senate,NJ,zimmer d,4,1,1
,REP,Anne Evans Estabrook,real estate developer,2008,Senate,NJ,estabrook a,0,0,0
,REP,Andrew Unanue,former Goya Foods executive ( endorsed Zimmer ),2008,Senate,NJ,unanue a,0,0,0
,REP,Kip Bateman,state senator,2008,Senate,NJ,bateman k,2,0,0
,REP,Mehmet Oz,cardiologist,2008,Senate,NJ,oz m,0,0,0
,REP,Jeff Boss,perennial candidate and conspiracy theorist (Independent),2008,Senate,NJ,boss j,0,0,0
,REP,Frank Lautenberg,incumbent U.S. Senator (Democratic),2008,Senate,NJ,lautenberg f,4,0,0
,DEM,Rob Andrews,,2008,Senate,NJ,andrews r,0,0,0
,DEM,Donald Cresitello,,2008,Senate,NJ,cresitello d,0,0,0
,OTH,Daryl Mikell Brooks,,2008,Senate,NJ,brooks d,0,0,0
,OTH,Jason Scheurer,,2008,Senate,NJ,scheurer j,0,0,0
,OTH,J.M. Carter,,2008,Senate,NJ,carter j,0,0,0
,OTH,Jeff Boss,,2008,Senate,NJ,boss j,0,0,0
,,Socialist Workers,,2008,Senate,NJ,workers s,0,0,0
,DEM,Tom Udall,U.S. Representative,2008,Senate,NM,udall t,4,1,0
,REP,Steve Pearce,"U.S. Representative, and candidate in 2000",2008,Senate,NM,pearce s,4,1,0
,REP,Heather Wilson,U.S. Representative,2008,Senate,NM,wilson h,4,1,0
,REP,Tom Udall,"(D), U.S. Representative",2008,Senate,NM,udall t,4,1,0
,REP,Jim Inhofe,incumbent U.S. Senator,2008,Senate,OK,inhofe j,4,0,0
,DEM,Andrew Rice,State Senator,2008,Senate,OK,rice a,2,0,0
,DEM,Jim Inhofe,"(R), incumbent U.S. Senator",2008,Senate,OK,inhofe j,4,0,0
,DEM,Stephen Wallace (I),businessman,2008,Senate,OK,i s,0,0,0
,REP,Evelyn Rogers,,2008,Senate,OK,rogers e,0,0,0
,REP,Ted Ryals,,2008,Senate,OK,ryals t,0,0,0
,REP,Dennis Lopez,,2008,Senate,OK,lopez d,0,0,0
,DEM,Jim Rogers,,2008,Senate,OK,rogers j,0,0,0
,OTH,Stephen Wallace,,2008,Senate,OK,wallace s,0,0,0
,REP,Gordon Smith,incumbent U.S. senator,2008,Senate,OR,smith g,4,0,0
,DEM,Jeff Merkley,speaker of the Oregon House of Representatives (2007–2009) from HD-47 (1999–2009),2008,Senate,OR,merkley j,2,1,0
,DEM,Earl Blumenauer,U.S. representative from OR-03 (1996–2025),2008,Senate,OR,blumenauer e,4,1,0
,DEM,Bill Bradbury,Oregon secretary of state (1999–2009) [ citation needed ],2008,Senate,OR,bradbury b,3,0,0
,DEM,Peter DeFazio,U.S. representative from OR-04 (1987–2023),2008,Senate,OR,defazio p,4,1,0
,DEM,Darlene Hooley,U.S. representative from OR-05 (1997–2009),2008,Senate,OR,hooley d,4,1,0
,DEM,John Kitzhaber,former governor of Oregon (1995–2003),2008,Senate,OR,kitzhaber j,3,0,0
,REP,Gordon Leitch,,2008,Senate,OR,leitch g,0,0,0
,DEM,Steve Novick,,2008,Senate,OR,novick s,0,0,0
,DEM,Candy Neville,,2008,Senate,OR,neville c,0,0,0
,DEM,Roger S. Obrist,,2008,Senate,OR,obrist r,0,0,0
,DEM,Pavel Goberman,,2008,Senate,OR,goberman p,0,0,0
,DEM,David Loera,,2008,Senate,OR,loera d,0,0,0
,OTH,David Brownlow,,2008,Senate,OR,brownlow d,0,0,0
,DEM,Jack Reed,incumbent U.S. Senator,2008,Senate,RI,reed j,4,0,0
,DEM,Christopher Young,,2008,Senate,RI,young c,0,0,0
,REP,Bob Tingle,,2008,Senate,RI,tingle b,0,0,0
,REP,Lindsey Graham,incumbent U.S. Senator,2008,Senate,SC,graham l,4,0,0
,REP,Tim Carnes,former pastor,2008,Senate,SC,carnes t,0,0,0
,DEM,Bob Conley,pilot,2008,Senate,SC,conley b,0,0,0
,DEM,Michael Cone,attorney,2008,Senate,SC,cone m,0,0,0
,DEM,Bob Conley (D),pilot,2008,Senate,SC,d b,0,0,0
,DEM,Lindsey Graham (R),incumbent U.S. Senator,2008,Senate,SC,r l,4,0,0
,REP,Buddy Witherspoon,,2008,Senate,SC,witherspoon b,0,0,0
,REP,Joel Dykstra,South Dakota State Representative,2008,Senate,SD,dykstra j,2,1,0
,REP,Dennis Daugaard,incumbent Lieutenant Governor since 2003,2008,Senate,SD,daugaard d,3,0,0
,REP,Dusty Johnson,member of the South Dakota Public Utilities Commission,2008,Senate,SD,johnson d,0,0,0
,REP,Mike Rounds,incumbent Governor since 2003,2008,Senate,SD,rounds m,3,0,0
,REP,Tim Johnson (D),incumbent U.S. Senator,2008,Senate,SD,d t,4,0,0
,REP,Sam Kephart,,2008,Senate,SD,kephart s,0,0,0
,REP,Charles Gonyo,,2008,Senate,SD,gonyo c,0,0,0
,DEM,Tim Johnson,incumbent U.S. Senator,2008,Senate,SD,johnson t,4,0,0
,REP,Lamar Alexander,incumbent U.S. senator (2003–2021),2008,Senate,TN,alexander l,4,0,0
,DEM,Bob Tuke,former chairman of the Democratic Party of Tennessee (2005–2007),2008,Senate,TN,tuke b,0,0,0
,DEM,Lamar Alexander,"(R), incumbent U.S. Senator and former Governor",2008,Senate,TN,alexander l,4,0,0
,DEM,Green party,peace activist,2008,Senate,TN,party g,0,0,0
,DEM,Gary G. Davis,,2008,Senate,TN,davis g,0,0,0
,DEM,Mike Padgett,,2008,Senate,TN,padgett m,0,0,0
,DEM,Mark E. Clayton,,2008,Senate,TN,clayton m,0,0,0
,DEM,Kenneth Eaton,,2008,Senate,TN,eaton k,0,0,0
,DEM,Leonard D. Ladner,,2008,Senate,TN,ladner l,0,0,0
,OTH,Edward L. Buck,,2008,Senate,TN,buck e,0,0,0
,OTH,Christopher G. Fenner,,2008,Senate,TN,fenner c,0,0,0
,OTH,Daniel Towers Lewis,,2008,Senate,TN,lewis d,0,0,0
,OTH,Chris Lugo,,2008,Senate,TN,lugo c,0,0,0
,OTH,Ed Lawhorn,,2008,Senate,TN,lawhorn e,0,0,0
,OTH,David Gatchell,,2008,Senate,TN,gatchell d,0,0,0
,REP,John Cornyn,incumbent U.S. Senator,2008,Senate,TX,cornyn j,4,0,0
,REP,Larry Kilgore,conservative/ Secessionist activist,2008,Senate,TX,kilgore l,0,0,0
,DEM,U.S. Air Force,veteran and nominee for the U.S. Senate in 2000,2008,Senate,TX,force u,0,0,1
,DEM,Rick Noriega,State Representative,2008,Senate,TX,noriega r,2,1,0
,DEM,U.S. Navy,veteran and auditor at the Texas Department of Human Services,2008,Senate,TX,navy u,0,0,0
,DEM,John Cornyn,"(R), incumbent U.S. Senator",2008,Senate,TX,cornyn j,4,0,0
,DEM,Yvonne Adams Schick (L),real estate entrepreneur,2008,Senate,TX,l y,0,0,0
,DEM,Gene Kelly,,2008,Senate,TX,kelly g,0,0,0
,DEM,Ray McMurrey,,2008,Senate,TX,mcmurrey r,0,0,0
,DEM,Rhett Smith,,2008,Senate,TX,smith r,0,0,0
,OTH,Yvonne Adams Schick,,2008,Senate,TX,schick y,0,0,0
,REP,Jim Gilmore,former governor of Virginia,2008,Senate,VA,gilmore j,3,0,0
,REP,Bob Marshall,state delegate from Manassas,2008,Senate,VA,marshall b,2,0,0
,REP,Tom Davis,U.S. representative from Vienna,2008,Senate,VA,davis t,4,1,0
,REP,John Warner,incumbent U.S. senator since 1979,2008,Senate,VA,warner j,4,0,0
,DEM,Jim Gilmore,former governor of Virginia (Republican),2008,Senate,VA,gilmore j,3,0,0
,DEM,United States Air Force,officer and candidate for U.S. Senate in 2006 (Independent Greens),2008,Senate,VA,force u,0,0,1
,DEM,Bill Redpath,national chair of the Libertarian Party (Libertarian),2008,Senate,VA,redpath b,0,0,0
,DEM,Mark Warner,former governor of Virginia (Democratic),2008,Senate,VA,warner m,3,0,0
,OTH,Glenda Parker,,2008,Senate,VA,parker g,0,0,0
,OTH,Bill Redpath,,2008,Senate,VA,redpath b,0,0,0
,DEM,Jay Rockefeller,incumbent U.S. senator (1985–2015),2008,Senate,WV,rockefeller j,4,0,0
,REP,Jay Wolfe,"former state senator for SD-13 , and nominee in 1988 and 2002",2008,Senate,WV,wolfe j,2,0,0
,DEM,Sheirl Fletcher,,2008,Senate,WV,fletcher s,0,0,0
,DEM,Billy Hendricks,,2008,Senate,WV,hendricks b,0,0,0
,REP,Mike Enzi,incumbent U.S. senator (1997–2021),2008,Senate,WY,enzi m,4,0,0
,DEM,Chris Rothfuss,university professor,2008,Senate,WY,rothfuss c,0,0,0
,DEM,Al Hamburg,,2008,Senate,WY,hamburg a,0,0,0
,REP,Lisa Murkowski,incumbent U.S. Senator since 2002,2010,Senate,AK,murkowski l,4,0,0
,REP,Joe Miller,former U.S. magistrate judge,2010,Senate,AK,miller j,1,0,0
,DEM,Scott McAdams,,2010,Senate,AK,mcadams s,0,0,0
,DEM,Jacob Seth Kern,,2010,Senate,AK,kern j,0,0,0
,OTH,David Haase,,2010,Senate,AK,haase d,0,0,0
,DEM,Frank Vondersaar,,2010,Senate,AK,vondersaar f,0,0,0
,REP,"Lisa Murkowski (incumbent, write-in)",,2010,Senate,AK,in l,0,0,0
,OTH,Timothy Carter,,2010,Senate,AK,carter t,0,0,0
,OTH,Ted Gianoutsos,,2010,Senate,AK,gianoutsos t,0,0,0
,REP,Tea Party,activist,2010,Senate,AL,party t,0,0,0
,REP,Richard Shelby,incumbent U.S. Senator,2010,Senate,AL,shelby r,4,0,0
,DEM,William G. Barnes,attorney,2010,Senate,AL,barnes w,0,0,0
,DEM,Simone De Moore,teacher and soul singer,2010,Senate,AL,moore s,0,0,0
,DEM,William G. Barnes (D),attorney,2010,Senate,AL,d w,0,0,0
,DEM,Richard Shelby,"(R), incumbent U.S. Senator since 1987",2010,Senate,AL,shelby r,4,0,0
,REP,Clint Moser,,2010,Senate,AL,moser c,0,0,0
,DEM,Blanche Lincoln,incumbent U.S. senator,2010,Senate,AR,lincoln b,4,0,0
,REP,John Boozman,optometrist and U.S. Representative for Arkansas's 3rd congressional district,2010,Senate,AR,boozman j,4,1,0
,REP,Blanche Lincoln,incumbent senator,2010,Senate,AR,lincoln b,4,0,0
,REP,Trevor Drown,"(L), military veteran",2010,Senate,AR,drown t,0,0,0
,REP,John Gray,"(G), Mayor of Greenland",2010,Senate,AR,gray j,1,0,0
,DEM,Bill Halter,,2010,Senate,AR,halter b,0,0,0
,DEM,D.C. Morrison,,2010,Senate,AR,morrison d,0,0,0
,REP,Jim Holt,,2010,Senate,AR,holt j,0,0,0
,REP,Gilbert Baker,,2010,Senate,AR,baker g,0,0,0
,REP,Conrad Reynolds,,2010,Senate,AR,reynolds c,0,0,0
,REP,Curtis Coleman,,2010,Senate,AR,coleman c,0,0,0
,REP,Kim Hendren,,2010,Senate,AR,hendren k,0,0,0
,REP,Randy Alexander,,2010,Senate,AR,alexander r,0,0,0
,REP,Fred Ramey,,2010,Senate,AR,ramey f,0,0,0
,OTH,Trevor Drown,,2010,Senate,AR,drown t,0,0,0
,OTH,John Gray,,2010,Senate,AR,gray j,0,0,0
,REP,John McCain,incumbent U.S. senator,2010,Senate,AZ,mccain j,4,0,0
,REP,Jim Deakin,businessman,2010,Senate,AZ,deakin j,0,0,0
,REP,J. D. Hayworth,former U.S. representative,2010,Senate,AZ,hayworth j,4,1,0
,DEM,Tucson,city councilman,2010,Senate,AZ,tucson,1,0,0
,DEM,John Dougherty,former investigative reporter for Phoenix New Times,2010,Senate,AZ,dougherty j,0,0,0
,DEM,Rose Mofford,and Janet Napolitano,2010,Senate,AZ,mofford r,0,0,0
,DEM,Randy Parraz,"civil rights and labor activist, attorney",2010,Senate,AZ,parraz r,0,0,0
,DEM,Jerry Joslyn (G),businessman,2010,Senate,AZ,g j,0,0,0
,DEM,John McCain,"(R), incumbent U.S. senator",2010,Senate,AZ,mccain j,4,0,0
,DEM,David Nolan,"(L), former chairman of the Libertarian Party and inventor of the Nolan Chart",2010,Senate,AZ,nolan d,0,0,0
,DEM,Rodney Glassman,,2010,Senate,AZ,glassman r,0,0,0
,DEM,Cathy Eden,,2010,Senate,AZ,eden c,0,0,0
,OTH,David Nolan,,2010,Senate,AZ,nolan d,0,0,0
,OTH,Jerry Joslyn,,2010,Senate,AZ,joslyn j,0,0,0
,DEM,Barbara Boxer,incumbent U.S. Senator,2010,Senate,CA,boxer b,4,0,0
,DEM,Mickey Kaus,journalist and blogger,2010,Senate,CA,kaus m,0,0,0
,DEM,Brian Quintana,businessman and educator,2010,Senate,CA,quintana b,0,0,0
,REP,Tom Campbell,former U.S. representative from Silicon Valley (1989–93 and 1995–2001) and candidate for Senate in 1992 and 2000,2010,Senate,CA,campbell t,4,1,1
,REP,Chuck DeVore,state assemblyman from Irvine (2004–10),2010,Senate,CA,devore c,2,0,0
,REP,Carly Fiorina,former CEO of Hewlett-Packard,2010,Senate,CA,fiorina c,0,0,0
,REP,Al Ramirez,businessman,2010,Senate,CA,ramirez a,0,0,0
,REP,Arnold Schwarzenegger,governor of California since 2003,2010,Senate,CA,schwarzenegger a,3,0,0
,REP,American Independent,nominee for the U.S. Senate in 2006,2010,Senate,CA,independent a,0,0,1
,REP,Edward Noonan,small-business owner,2010,Senate,CA,noonan e,0,0,0
,REP,Al Salehi,political analyst,2010,Senate,CA,salehi a,0,0,0
,REP,Duane Roberts,community volunteer,2010,Senate,CA,roberts d,0,0,0
,REP,Gail Lightfoot,retired nurse,2010,Senate,CA,lightfoot g,0,0,0
,REP,Marsha Feinland,retired teacher and Peace and Freedom nominee for president in 1996,2010,Senate,CA,feinland m,0,0,1
,REP,Barbara Boxer,"(Democratic), incumbent U.S. Senator",2010,Senate,CA,boxer b,4,0,0
,REP,Edward Noonan (American Independent Party),small business owner,2010,Senate,CA,party e,0,0,0
,REP,Duane Roberts (Green),community volunteer,2010,Senate,CA,green d,0,0,0
,REP,Gail Lightfoot (Libertarian),retired nurse,2010,Senate,CA,libertarian g,0,0,0
,REP,Tim Kalemkarian,,2010,Senate,CA,kalemkarian t,0,0,0
,,American Independent,,2010,Senate,CA,independent a,0,0,0
,OTH,Duane Roberts,,2010,Senate,CA,roberts d,0,0,0
,OTH,Gail Lightfoot,,2010,Senate,CA,lightfoot g,0,0,0
,,Peace and Freedom,,2010,Senate,CA,freedom p,0,0,0
,DEM,Michael Bennet,incumbent U.S. Senator,2010,Senate,CO,bennet m,4,0,0
,REP,Ken Buck,Weld County District Attorney,2010,Senate,CO,buck k,1,0,0
,REP,Tom Wiens,former state senator,2010,Senate,CO,wiens t,2,0,0
,REP,Bob Beauprez,former U.S. Representative for Colorado's 7th congressional district,2010,Senate,CO,beauprez b,4,1,0
,REP,Troy Eid,U.S. Attorney for United States District Court for the District of Colorado,2010,Senate,CO,eid t,0,0,0
,REP,Aurora,city councilman,2010,Senate,CO,aurora,1,0,0
,REP,Michael Bennet,"(D), incumbent U.S. Senator",2010,Senate,CO,bennet m,4,0,0
,REP,campaign site,PVS ),2010,Senate,CO,site c,0,0,0
,DEM,Andrew Romanoff,,2010,Senate,CO,romanoff a,0,0,0
,REP,Jane Norton,,2010,Senate,CO,norton j,0,0,0
,OTH,Mac Stringer,,2010,Senate,CO,stringer m,0,0,0
,OTH,John Finger,,2010,Senate,CO,finger j,0,0,0
,OTH,Bob Kinsey,,2010,Senate,CO,kinsey b,0,0,0
,OTH,Jason Napolitano,,2010,Senate,CO,napolitano j,0,0,0
,OTH,Charley Miller,,2010,Senate,CO,miller c,0,0,0
,OTH,J. Moromisato,,2010,Senate,CO,moromisato j,0,0,0
,DEM,Richard Blumenthal,state Attorney General,2010,Senate,CT,blumenthal r,3,0,0
,DEM,David Walters,and Al Gore,2010,Senate,CT,walters d,0,0,0
,DEM,Lee Whitnum,businesswoman,2010,Senate,CT,whitnum l,0,0,0
,DEM,Christopher Dodd,"Incumbent U.S. Senator, dropped out and decided to retire",2010,Senate,CT,dodd c,4,0,0
,REP,Ethan Book,"businessman  - petitioned for placement in the Republican primary, but fell short.",2010,Senate,CT,book e,0,0,0
,REP,9/11,"charity, ""Gear-Up, Inc.""",2010,Senate,CT,,0,0,0
,REP,Peter Schiff,"securities dealer and investment advisor,  economic adviser to Ron Paul 's 2008 presidential campaign . Endorsed by the Tea Party .",2010,Senate,CT,schiff p,0,0,0
,REP,Rob Simmons,former U.S. Congressman,2010,Senate,CT,simmons r,4,0,0
,REP,Richard Blumenthal,"(D), state Attorney General",2010,Senate,CT,blumenthal r,3,0,0
,REP,CFL,"), professor of engineering",2010,Senate,CT,cfl,0,0,0
,REP,Warren Mosler,"(I), economist and entrepreneur",2010,Senate,CT,mosler w,0,0,0
,REP,Linda McMahon,"(R), businesswoman",2010,Senate,CT,mcmahon l,0,0,0
,REP,Vincent Forras,,2010,Senate,CT,forras v,0,0,0
,,Working Families,,2010,Senate,CT,families w,0,0,0
,,Richard Blumenthal,,2010,Senate,CT,blumenthal r,0,0,0
,OTH,Warren B. Mosler,,2010,Senate,CT,mosler w,0,0,0
,,Connecticut for Lieberman,,2010,Senate,CT,lieberman c,0,0,0
,REP,Mike Castle,U.S. Representative from Delaware at-large ; former governor and lieutenant governor of Delaware,2010,Senate,DE,castle m,4,1,0
,REP,Christine O'Donnell,political commentator and perennial candidate,2010,Senate,DE,donnell c,0,0,0
,DEM,Chris Coons,,2010,Senate,DE,coons c,0,0,0
,OTH,Glenn Miller,,2010,Senate,DE,miller g,0,0,0
,OTH,James Rash,,2010,Senate,DE,rash j,0,0,0
,REP,William Escoffery,physician & attorney,2010,Senate,FL,escoffery w,0,0,0
,REP,William Billy Kogut,realtor,2010,Senate,FL,kogut w,0,0,0
,REP,Marco Rubio,former Speaker of the Florida House of Representatives,2010,Senate,FL,rubio m,2,1,0
,DEM,Glenn A. Burkett,businessman,2010,Senate,FL,burkett g,0,0,0
,DEM,Maurice Ferré,former mayor of Miami,2010,Senate,FL,ferre m,1,0,0
,DEM,Jeff Greene,businessman,2010,Senate,FL,greene j,0,0,0
,DEM,Kendrick Meek,U.S. Representative,2010,Senate,FL,meek k,4,1,0
,DEM,Charlie Crist,"(I), governor",2010,Senate,FL,crist c,3,0,0
,DEM,Marco Rubio,"(R), former Speaker of the Florida House of Representatives",2010,Senate,FL,rubio m,2,1,0
,OTH,Charles Joseph Crist Jr.,,2010,Senate,FL,crist c,0,0,0
,OTH,Alexander Snitker,,2010,Senate,FL,snitker a,0,0,0
,OTH,Sue Askeland,,2010,Senate,FL,askeland s,0,0,0
,OTH,Rick Tyler,,2010,Senate,FL,tyler r,0,0,0
,OTH,Bernie DeCastro,,2010,Senate,FL,decastro b,0,0,0
,OTH,Lewis Jerome Armstrong,,2010,Senate,FL,armstrong l,0,0,0
,OTH,Bobbie Bean,,2010,Senate,FL,bean b,0,0,0
,OTH,Bruce Riggs,,2010,Senate,FL,riggs b,0,0,0
,DEM,RJ Hadley,chief of staff to the Rockdale County Commission,2010,Senate,GA,hadley r,0,0,0
,DEM,Mike Thurmond,Commissioner of Labor,2010,Senate,GA,thurmond m,3,0,0
,REP,Johnny Isakson,incumbent Class III U.S. Senator,2010,Senate,GA,isakson j,4,0,0
,REP,Chuck Donovan (L),airline pilot,2010,Senate,GA,l c,0,0,0
,REP,Mike Thurmond,"(D), Commissioner of Labor",2010,Senate,GA,thurmond m,3,0,0
,OTH,Chuck Donovan,,2010,Senate,GA,donovan c,0,0,0
,DEM,Daniel Inouye,incumbent U.S. Senator,2010,Senate,HI,inouye d,4,0,0
,DEM,Andy Woerner,businessman,2010,Senate,HI,woerner a,0,0,0
,REP,Campbell Cavasso,"former State Representative, candidate for Lieutenant Governor in 2002 , and nominee for U.S. Senate in 2004",2010,Senate,HI,cavasso c,2,1,1
,REP,Eddie Pirkowski,businessman and U.S. Senate candidate in the 2006 primary,2010,Senate,HI,pirkowski e,0,0,0
,REP,Linda Lingle,Governor of Hawaii from 2003 to 2011 [ citation needed ],2010,Senate,HI,lingle l,3,0,0
,REP,John Roco,,2010,Senate,HI,roco j,0,0,0
,OTH,Jim Brewer,,2010,Senate,HI,brewer j,0,0,0
,OTH,Lloyd Jeffrey Mallen,,2010,Senate,HI,mallen l,0,0,0
,OTH,Jeff Jarrett,,2010,Senate,HI,jarrett j,0,0,0
,REP,Chuck Grassley,incumbent U.S. Senator,2010,Senate,IA,grassley c,4,0,0
,DEM,Roxanne Conlin,former United States Attorney for the Southern District of Iowa,2010,Senate,IA,conlin r,0,0,0
,DEM,Bob Krause,former Iowa State Representative and nominee for Treasurer in 1978,2010,Senate,IA,krause b,2,1,1
,DEM,Tom Fiegen,former Iowa State Senator,2010,Senate,IA,fiegen t,2,0,0
,DEM,Chuck Grassley,"(R), incumbent U.S. Senator",2010,Senate,IA,grassley c,4,0,0
,DEM,John Heiderscheit (L),attorney,2010,Senate,IA,l j,0,0,0
,OTH,John Heiderscheit,,2010,Senate,IA,heiderscheit j,0,0,0
,REP,Mike Crapo,incumbent U.S. senator,2010,Senate,ID,crapo m,4,0,0
,DEM,Tom Sullivan,merchant banker,2010,Senate,ID,sullivan t,0,0,0
,DEM,campaign site,"PVS , FEC , OTI )",2010,Senate,ID,site c,0,0,0
,REP,Skip Davis,,2010,Senate,ID,davis s,0,0,0
,DEM,William Bryk,,2010,Senate,ID,bryk w,0,0,0
,OTH,Randy Bergquist,,2010,Senate,ID,bergquist r,0,0,0
,DEM,Alexi Giannoulias,Illinois Treasurer,2010,Senate,IL,giannoulias a,0,0,0
,DEM,David H. Hoffman,Chicago inspector general,2010,Senate,IL,hoffman d,0,0,0
,DEM,Cheryle Jackson,President of the Chicago Urban League,2010,Senate,IL,jackson c,0,0,0
,DEM,Robert Marshall,doctor,2010,Senate,IL,marshall r,0,0,0
,DEM,Jacob Meister,attorney.  [ b ],2010,Senate,IL,meister j,0,0,0
,REP,Harvey,alderman,2010,Senate,IL,harvey,1,0,0
,REP,Patrick Hughes,Chairman of Sensible Taxpayers Opposed to Increased Taxes,2010,Senate,IL,hughes p,0,0,0
,REP,Mark Kirk,U.S. Representative for Illinois's 10th district,2010,Senate,IL,kirk m,4,1,0
,REP,Pope County,Judge,2010,Senate,IL,county p,1,0,0
,REP,Andy Martin,perennial candidate,2010,Senate,IL,martin a,0,0,0
,REP,Kathleen Thomas,professor,2010,Senate,IL,thomas k,0,0,0
,REP,LeAlan Jones,"broadcaster, football coach, and lecturer",2010,Senate,IL,jones l,0,0,0
,REP,Alexi Giannoulias,Illinois Treasurer (Democratic),2010,Senate,IL,giannoulias a,0,0,0
,REP,Libertarian,") ( campaign site , PVS )",2010,Senate,IL,libertarian,0,0,0
,REP,campaign site,"Archived February 20, 2010, at the Wayback Machine )",2010,Senate,IL,site c,0,0,0
,REP,Greenville,"City Councilman, pastor and former college dean ( campaign site )",2010,Senate,IL,greenville,1,0,0
,REP,Westchester,"UIC Dragon Boat coach, salvage diver, computerist",2010,Senate,IL,westchester,0,0,0
,REP,Donald Lowery,,2010,Senate,IL,lowery d,0,0,0
,REP,John Arrington,,2010,Senate,IL,arrington j,0,0,0
,REP,Patricia Beard,,2010,Senate,IL,beard p,0,0,0
,OTH,LeAlan Jones,,2010,Senate,IL,jones l,0,0,0
,OTH,Michael Labno,,2010,Senate,IL,labno m,0,0,0
,REP,Don Bates,businessman,2010,Senate,IN,bates d,0,0,0
,REP,Richard Behney,businessman,2010,Senate,IN,behney r,0,0,0
,REP,Dan Coats,former U.S. senator,2010,Senate,IN,coats d,4,0,0
,REP,John Hostettler,former U.S. representative,2010,Senate,IN,hostettler j,4,1,0
,REP,Marlin Stutzman,state senator,2010,Senate,IN,stutzman m,2,0,0
,REP,Brad Ellsworth,"(D), U.S. Representative",2010,Senate,IN,ellsworth b,4,1,0
,REP,L,"), teacher and small business owner",2010,Senate,IN,l,0,0,0
,DEM,Brad Ellsworth,,2010,Senate,IN,ellsworth b,0,0,0
,OTH,Rebecca Sink-Burris,,2010,Senate,IN,burris r,0,0,0
,REP,Tom Little,accountant,2010,Senate,KS,little t,0,0,0
,REP,Bob Londerholm,former Attorney General of Kansas,2010,Senate,KS,londerholm b,3,0,0
,REP,Jerry Moran,U.S. Representative,2010,Senate,KS,moran j,4,1,0
,REP,Todd Tiahrt,U.S. Representative,2010,Senate,KS,tiahrt t,4,1,0
,DEM,Robert Conroy,retired railroad employee,2010,Senate,KS,conroy r,0,0,0
,DEM,David Haley,state senator and nominee for Secretary of State in 2002 and 2006,2010,Senate,KS,haley d,2,0,1
,DEM,Charles Schollenberger,retired communications executive,2010,Senate,KS,schollenberger c,0,0,0
,DEM,Jerry Moran,"(R), U.S. Representative ( campaign site , PVS Archived September 29, 2010, at the Wayback Machine , FEC [ permanent dead link ] )",2010,Senate,KS,moran j,4,1,0
,DEM,campaign site,"PVS Archived September 29, 2010, at the Wayback Machine , FEC )",2010,Senate,KS,site c,0,0,0
,DEM,Lisa Johnston,,2010,Senate,KS,johnston l,0,0,0
,DEM,Patrick Wiesner,,2010,Senate,KS,wiesner p,0,0,0
,OTH,Michael Dann,,2010,Senate,KS,dann m,0,0,0
,OTH,Joe Bellis,,2010,Senate,KS,bellis j,0,0,0
,REP,Rand Paul,ophthalmologist,2010,Senate,KY,paul r,0,0,0
,REP,Trey Grayson,Secretary of State of Kentucky,2010,Senate,KY,grayson t,3,0,0
,REP,Gurley L. Martin,World War II veteran,2010,Senate,KY,martin g,0,0,0
,REP,Jon J. Scribner,businessman,2010,Senate,KY,scribner j,0,0,0
,REP,John Stephenson,former Kentucky Superintendent of Public Education,2010,Senate,KY,stephenson j,3,0,0
,DEM,Jack Conway,Attorney General of Kentucky,2010,Senate,KY,conway j,3,0,0
,DEM,Daniel Mongiardo,Lieutenant Governor of Kentucky and nominee in 2004,2010,Senate,KY,mongiardo d,3,0,0
,DEM,James Buckmaster,physician,2010,Senate,KY,buckmaster j,0,0,0
,DEM,U.S. Customs,agent,2010,Senate,KY,customs u,0,0,0
,DEM,Maurice Sweeney,businessman,2010,Senate,KY,sweeney m,0,0,0
,DEM,Rand Paul,"(R), ophthalmologist and political activist",2010,Senate,KY,paul r,0,0,0
,REP,Bill Johnson*,,2010,Senate,KY,johnson b,0,0,0
,DEM,Darlene Fitzgerald Price,,2010,Senate,KY,price d,0,0,0
,OTH,Billy Ray Wilson (write-in),,2010,Senate,KY,in b,0,0,0
,DEM,Charlie Melançon,U.S. Representative,2010,Senate,LA,melancon c,4,1,0
,REP,David Vitter,incumbent U.S. Senator,2010,Senate,LA,vitter d,4,0,0
,REP,Nick Accardo,doctor,2010,Senate,LA,accardo n,0,0,0
,REP,Chet D. Traylor,former Louisiana Supreme Court justice,2010,Senate,LA,traylor c,0,0,0
,REP,Charlie Melançon,"(D), U.S. Congressman",2010,Senate,LA,melancon c,4,0,0
,DEM,Neeson Chauvin,,2010,Senate,LA,chauvin n,0,0,0
,DEM,Cary Deaton,,2010,Senate,LA,deaton c,0,0,0
,OTH,Randall Todd Hayes,,2010,Senate,LA,hayes r,0,0,0
,OTH,"Anthony ""Tony G"" Gentile",,2010,Senate,LA,gentile a,0,0,0
,OTH,Michael Brown,,2010,Senate,LA,brown m,0,0,0
,OTH,Mike Spears,,2010,Senate,LA,spears m,0,0,0
,OTH,Ernest Wooton,,2010,Senate,LA,wooton e,0,0,0
,OTH,Skip Galan,,2010,Senate,LA,galan s,0,0,0
,OTH,William McShan,,2010,Senate,LA,mcshan w,0,0,0
,OTH,Bob Lang,,2010,Senate,LA,lang b,0,0,0
,OTH,Milton Gordon,,2010,Senate,LA,gordon m,0,0,0
,OTH,Tommy LaFargue,,2010,Senate,LA,lafargue t,0,0,0
,OTH,Sam Melton,,2010,Senate,LA,melton s,0,0,0
,DEM,Mike Capuano,"U.S. Representative from Somerville (announced September 18, 2009)",2010,Senate,MA,capuano m,4,1,0
,DEM,Martha Coakley,"Massachusetts Attorney General (announced September 3, 2009)",2010,Senate,MA,coakley m,3,0,0
,DEM,Alan Khazei,"co-founder and former CEO of City Year (announced September 24, 2009)",2010,Senate,MA,khazei a,0,0,0
,DEM,Stephen Pagliuca,"managing director of Bain Capital and managing partner of the Boston Celtics (announced September 17, 2009)",2010,Senate,MA,pagliuca s,0,0,0
,REP,Scott Brown,State Senator from Wrentham,2010,Senate,MA,brown s,2,0,0
,REP,Jack E. Robinson III,perennial candidate,2010,Senate,MA,robinson j,0,0,0
,OTH,Joseph L. Kennedy,,2010,Senate,MA,kennedy j,0,0,0
,,All others,,2010,Senate,MA,others a,0,0,0
,REP,Queen Anne's County,Commission President,2010,Senate,MD,county q,0,0,0
,REP,Barbara Mikulski,"(D), incumbent U.S. Senator",2010,Senate,MD,mikulski b,4,0,0
,REP,"Queen Anne's County, Maryland",Commission President (elected) and physician,2010,Senate,MD,maryland q,0,0,0
,DEM,Barbara Mikulski,incumbent U.S. Senator,2010,Senate,MD,mikulski b,4,0,0
,DEM,Christopher J. Garner,,2010,Senate,MD,garner c,0,0,0
,DEM,A. Billy Bob Jaworski,,2010,Senate,MD,jaworski a,0,0,0
,DEM,Blaine Taylor,,2010,Senate,MD,taylor b,0,0,0
,DEM,Theresa C. Scaldaferri,,2010,Senate,MD,scaldaferri t,0,0,0
,DEM,Sanquetta Taylor,,2010,Senate,MD,taylor s,0,0,0
,DEM,Lih Young,,2010,Senate,MD,young l,0,0,0
,REP,Eric Wargotz,,2010,Senate,MD,wargotz e,0,0,0
,REP,Jim Rutledge,,2010,Senate,MD,rutledge j,0,0,0
,REP,Joseph Alexander,,2010,Senate,MD,alexander j,0,0,0
,REP,Neil H. Cohen,,2010,Senate,MD,cohen n,0,0,0
,REP,Stephens Dempsey,,2010,Senate,MD,dempsey s,0,0,0
,REP,Daniel W. McAndrew,,2010,Senate,MD,mcandrew d,0,0,0
,REP,John B. Kimble,,2010,Senate,MD,kimble j,0,0,0
,REP,"Samuel R. Graham, Sr.",,2010,Senate,MD,graham s,0,0,0
,REP,Barry Steve Asbury,,2010,Senate,MD,asbury b,0,0,0
,REP,Eddie Vendetti,,2010,Senate,MD,vendetti e,0,0,0
,REP,Gregory Kump,,2010,Senate,MD,kump g,0,0,0
,OTH,Kenniss Henry,,2010,Senate,MD,henry k,0,0,0
,OTH,Richard Shawver,,2010,Senate,MD,shawver r,0,0,0
,REP,Roy Blunt,U.S. representative since 1997,2010,Senate,MO,blunt r,4,1,0
,REP,Hector Maldonado,sales representative,2010,Senate,MO,maldonado h,0,1,0
,REP,Kristi Nichols,"sales manager, activist, perennial candidate",2010,Senate,MO,nichols k,0,0,0
,REP,Chuck Purgason,state senator,2010,Senate,MO,purgason c,2,0,0
,DEM,Robin Carnahan,"Missouri Secretary of State , daughter of former U.S. Senator Jean Carnahan and former governor Mel Carnahan",2010,Senate,MO,carnahan r,4,0,0
,DEM,Roy Blunt,"(R), U.S. representative",2010,Senate,MO,blunt r,4,1,0
,DEM,Frazier Glenn Miller,"(write-in), perennial candidate",2010,Senate,MO,miller f,0,0,0
,REP,Deborah Solomon,,2010,Senate,MO,solomon d,0,0,0
,REP,Davis Conway,,2010,Senate,MO,conway d,0,0,0
,REP,R.L. Praprotnik,,2010,Senate,MO,praprotnik r,0,0,0
,REP,Tony Laszacs,,2010,Senate,MO,laszacs t,0,0,0
,REP,Mike Vontz,,2010,Senate,MO,vontz m,0,0,0
,DEM,Richard Charles Tolbert,,2010,Senate,MO,tolbert r,0,0,0
,DEM,Francis Vangeli,,2010,Senate,MO,vangeli f,0,0,0
,OTH,Jerry Beck,,2010,Senate,MO,beck j,0,0,0
,OTH,Mike Simmons,,2010,Senate,MO,simmons m,0,0,0
,OTH,Joe Martello,,2010,Senate,MO,martello j,0,0,0
,OTH,Jonathan Dine,,2010,Senate,MO,dine j,0,0,0
,OTH,Cisse Spragins,,2010,Senate,MO,spragins c,0,0,0
,REP,Asheboro,City Councilman,2010,Senate,NC,asheboro,1,0,0
,REP,Richard Burr,incumbent U.S. Senator,2010,Senate,NC,burr r,4,0,0
,REP,Brad Jones,businessman,2010,Senate,NC,jones b,0,0,0
,DEM,Cal Cunningham,former State Senator,2010,Senate,NC,cunningham c,2,0,0
,DEM,Susan Harris,retired accountant,2010,Senate,NC,harris s,0,0,0
,DEM,Ken Lewis,attorney,2010,Senate,NC,lewis k,0,0,0
,DEM,Elaine Marshall,North Carolina Secretary of State and candidate in 2002,2010,Senate,NC,marshall e,3,0,0
,DEM,Marcus Williams,attorney,2010,Senate,NC,williams m,0,0,0
,DEM,Ann Worthy,former Gaston County Board of Education member,2010,Senate,NC,worthy a,0,0,0
,DEM,Richard Burr,"(R), incumbent U.S. Senator",2010,Senate,NC,burr r,4,0,0
,REP,Eddie Burks,,2010,Senate,NC,burks e,0,0,0
,REP,Larry Linney,,2010,Senate,NC,linney l,0,0,0
,OTH,Mike Beitler,,2010,Senate,NC,beitler m,0,0,0
,DEM,Tracy Potter,state senator,2010,Senate,ND,potter t,2,0,0
,DEM,Byron Dorgan,incumbent U.S. Senator,2010,Senate,ND,dorgan b,4,0,0
,DEM,North Dakota Secretary of State,in 2006,2010,Senate,ND,state n,0,0,0
,DEM,Heidi Heitkamp,former North Dakota Attorney General and nominee for Governor of North Dakota in 2000,2010,Senate,ND,heitkamp h,3,0,1
,DEM,Ed Schultz,TV and radio talk show host,2010,Senate,ND,schultz e,0,0,0
,REP,John Hoeven,Governor of North Dakota,2010,Senate,ND,hoeven j,3,0,0
,REP,Keith Hanson,engineer,2010,Senate,ND,hanson k,0,0,0
,REP,Timothy Beattie,,2010,Senate,ND,beattie t,0,0,0
,OTH,Keith Hanson,,2010,Senate,ND,hanson k,0,0,0
,REP,Kelly Ayotte,former New Hampshire Attorney General,2010,Senate,NH,ayotte k,3,0,0
,REP,Jim Bender,businessman,2010,Senate,NH,bender j,0,0,0
,REP,Bill Binnie,businessman,2010,Senate,NH,binnie b,0,0,0
,REP,Ovide Lamontagne,1992 congressional candidate and 1996 gubernatorial nominee; chairman of 2004 platform committee,2010,Senate,NH,lamontagne o,0,0,0
,REP,campaign site,"Archived October 28, 2010, at the Wayback Machine , PVS )",2010,Senate,NH,site c,0,0,0
,REP,Paul Hodes,"(D), U.S. Representative since 2007",2010,Senate,NH,hodes p,4,1,0
,REP,Dennis Lamare,,2010,Senate,NH,lamare d,0,0,0
,REP,Tom Alciere,,2010,Senate,NH,alciere t,0,0,0
,REP,Gerard Beloin,,2010,Senate,NH,beloin g,0,0,0
,DEM,Paul Hodes,,2010,Senate,NH,hodes p,0,0,0
,OTH,Chris Booth,,2010,Senate,NH,booth c,0,0,0
,OTH,Ken Blevens,,2010,Senate,NH,blevens k,0,0,0
,DEM,Harry Reid,incumbent U.S. Senator,2010,Senate,NV,reid h,4,0,0
,DEM,Barbara Buckley,Speaker of the Nevada Assembly,2010,Senate,NV,buckley b,0,0,0
,REP,Sharron Angle,former state assembly member and candidate for the 2nd district in 2006,2010,Senate,NV,angle s,2,0,1
,REP,Mark Amodei,state senator,2010,Senate,NV,amodei m,2,0,0
,REP,Chuck Kozak,attorney  dropped out of race,2010,Senate,NV,kozak c,0,0,0
,REP,Robin L. Titus,physician  dropped out of race,2010,Senate,NV,titus r,0,0,0
,REP,Mike Wiley,conservative activist  dropped out of race,2010,Senate,NV,wiley m,0,0,0
,REP,Dean Heller,incumbent U.S. Representative,2010,Senate,NV,heller d,4,1,0
,REP,Brian Krolicki,Lieutenant Governor of Nevada,2010,Senate,NV,krolicki b,3,0,0
,REP,Jon Porter,former U.S. Representative,2010,Senate,NV,porter j,4,1,0
,REP,Harry Reid,"(D), incumbent U.S. Senator and Senate Majority Leader",2010,Senate,NV,reid h,4,0,0
,REP,Scott Ashjian,"( Tea Party )  ( campaign site , PVS )",2010,Senate,NV,ashjian s,0,0,0
,REP,Independent American,")  ( campaign site , PVS )",2010,Senate,NV,american i,0,0,0
,REP,campaign site,PVS ),2010,Senate,NV,site c,0,0,0
,,None of These Candidates,,2010,Senate,NV,candidates n,0,0,0
,DEM,Alex Miller,,2010,Senate,NV,miller a,0,0,0
,DEM,Eduardo Hamilton,,2010,Senate,NV,hamilton e,0,0,0
,DEM,Carlo Poliak,,2010,Senate,NV,poliak c,0,0,0
,REP,Sue Lowden,,2010,Senate,NV,lowden s,0,0,0
,REP,Danny Tarkanian,,2010,Senate,NV,tarkanian d,0,0,0
,REP,John Chachas,,2010,Senate,NV,chachas j,0,0,0
,REP,Chad Christensen,,2010,Senate,NV,christensen c,0,0,0
,REP,Bill Parson,,2010,Senate,NV,parson b,0,0,0
,REP,Gary Bernstein,,2010,Senate,NV,bernstein g,0,0,0
,REP,Garn Mabey,,2010,Senate,NV,mabey g,0,0,0
,REP,Cecilia Stern,,2010,Senate,NV,stern c,0,0,0
,REP,Brian Nadell,,2010,Senate,NV,nadell b,0,0,0
,REP,Terry Suominen,,2010,Senate,NV,suominen t,0,0,0
,REP,Gary Marinch,,2010,Senate,NV,marinch g,0,0,0
,,Tea Party of Nevada,,2010,Senate,NV,nevada t,0,0,0
,OTH,Michael L. Haines,,2010,Senate,NV,haines m,0,0,0
,OTH,Timothy Fasano,,2010,Senate,NV,fasano t,0,0,0
,OTH,Jesse Holland,,2010,Senate,NV,holland j,0,0,0
,OTH,Jeffery C. Reeves,,2010,Senate,NV,reeves j,0,0,0
,OTH,Wil Stand,,2010,Senate,NV,stand w,0,0,0
,REP,Gary Berntsen,"retired CIA officer, received the party's endorsement on the second round of balloting",2010,Senate,NY,berntsen g,0,0,0
,REP,New York Republican State Committee,member from upper Manhattan.,2010,Senate,NY,committee n,0,0,0
,REP,George Maragos,Nassau County Comptroller,2010,Senate,NY,maragos g,0,0,0
,REP,James Staudenraus,Long Island resident and 2008 state assembly candidate,2010,Senate,NY,staudenraus j,2,0,0
,REP,Jay Townsend,Republican strategist (finished second and also qualified for the primary),2010,Senate,NY,townsend j,0,0,0
,DEM,Chuck Schumer,,2010,Senate,NY,schumer c,0,0,0
,,Working Families,,2010,Senate,NY,families w,0,0,0
,,Chuck Schumer,,2010,Senate,NY,schumer c,0,0,0
,,Jay Townsend,,2010,Senate,NY,townsend j,0,0,0
,OTH,Colia Clark,,2010,Senate,NY,clark c,0,0,0
,OTH,Randy Credico,,2010,Senate,NY,credico r,0,0,0
,,Write ins,,2010,Senate,NY,ins w,0,0,0
,REP,Rob Portman,"former Director of the Office of Management and Budget (2006-2007), former United States Trade Representative (2005-2006) and former U.S. Representative of Ohio's 2nd congressional district (1993-2005)",2010,Senate,OH,portman r,4,1,0
,DEM,Lee Fisher,"Lieutenant Governor of Ohio (2007-2011), former Attorney General of Ohio (1991-1995) and nominee for Governor in 1998",2010,Senate,OH,fisher l,3,0,1
,DEM,Jennifer Brunner,Secretary of State (2007-2011),2010,Senate,OH,brunner j,3,0,0
,DEM,Rob Portman,"(R), former U.S. Congressman and Cabinet member for George W. Bush",2010,Senate,OH,portman r,4,0,0
,DEM,Dan La Botz,"( Socialist Party ), labor union activist, academic, journalist , and author",2010,Senate,OH,botz d,0,0,0
,OTH,Eric Deaton,,2010,Senate,OH,deaton e,0,0,0
,OTH,Michael Pryce,,2010,Senate,OH,pryce m,0,0,0
,,Daniel LaBotz,,2010,Senate,OH,labotz d,0,0,0
,,Arthur Sullivan (write-in),,2010,Senate,OH,in a,0,0,0
,REP,Tom Coburn,incumbent U.S. Senator,2010,Senate,OK,coburn t,4,0,0
,REP,Evelyn Rogers,librarian,2010,Senate,OK,rogers e,0,0,0
,REP,Lewis Kelly Spring,teacher,2010,Senate,OK,spring l,0,0,0
,DEM,Jim Rogers,retired college professor,2010,Senate,OK,rogers j,0,0,0
,DEM,Mark Myles,businessman,2010,Senate,OK,myles m,0,0,0
,DEM,Tom Coburn (R),incumbent U.S. Senator,2010,Senate,OK,r t,4,0,0
,DEM,Ronald Dwyer (I),activist,2010,Senate,OK,i r,0,0,0
,DEM,Jim Rogers (D),teacher,2010,Senate,OK,d j,0,0,0
,DEM,Stephen Wallace (I),businessman,2010,Senate,OK,i s,0,0,0
,OTH,Stephen Wallace,,2010,Senate,OK,wallace s,0,0,0
,OTH,Ronald F. Dwyer,,2010,Senate,OK,dwyer r,0,0,0
,DEM,Pavel Goberman,"fitness instructor and mentalist, perennial candidate",2010,Senate,OR,goberman p,0,0,0
,DEM,Loren Hooker,farmer,2010,Senate,OR,hooker l,0,0,0
,DEM,Ron Wyden,incumbent U.S. Senator,2010,Senate,OR,wyden r,4,0,0
,REP,Shane Dinkel,U.S. Army officer and farm worker,2010,Senate,OR,dinkel s,0,0,0
,REP,Jim Huffman,Lewis & Clark Law School law professor,2010,Senate,OR,huffman j,0,0,0
,REP,Loren Later,businessman,2010,Senate,OR,later l,0,0,0
,REP,Robin Parker,businessman,2010,Senate,OR,parker r,0,0,0
,REP,Thomas Stutzman,real estate broker,2010,Senate,OR,stutzman t,0,0,0
,REP,Keith Waldron,farmer and truck driver,2010,Senate,OR,waldron k,0,0,0
,REP,Walter Woodland,woodworker,2010,Senate,OR,woodland w,0,0,0
,REP,Bruce Cronk (Working Families),retired electrician,2010,Senate,OR,families b,0,0,0
,REP,Libertarian,"), financial planner and LGBT and Tea Party activist",2010,Senate,OR,libertarian,0,0,0
,REP,Progressive,"), physician and founder of Soldiers For Peace",2010,Senate,OR,progressive,0,0,0
,REP,Ron Wyden,"( Democratic ), incumbent U.S. Senator",2010,Senate,OR,wyden r,4,0,0
,DEM,Write Ins,,2010,Senate,OR,ins w,0,0,0
,REP,G. Shane Dinkel,,2010,Senate,OR,dinkel g,0,0,0
,,Working Families,,2010,Senate,OR,families w,0,0,0
,OTH,Marc Delphine,,2010,Senate,OR,delphine m,0,0,0
,,Rick Staggenborg,,2010,Senate,OR,staggenborg r,0,0,0
,REP,Pat Toomey,former U.S. representative from Allentown and candidate for Senate in 2004,2010,Senate,PA,toomey p,4,1,1
,REP,ran in Democratic Party primary,),2010,Senate,PA,primary r,0,0,0
,REP,Tom Ridge,"former U.S. secretary of Homeland Security , governor of Pennsylvania , and U.S. representative from Erie",2010,Senate,PA,ridge t,4,1,0
,DEM,Joe Sestak,U.S. representative from PA-07 (2007–2011),2010,Senate,PA,sestak j,4,1,0
,DEM,William C. Kortz,state representative from HD-38 (2007–2011),2010,Senate,PA,kortz w,2,1,0
,DEM,Pat Toomey,former U.S. representative from Allentown,2010,Senate,PA,toomey p,4,1,0
,REP,Peg Luksik,,2010,Senate,PA,luksik p,0,0,0
,DEM,Arlen Specter,incumbent U.S. Senator,2010,Senate,PA,specter a,4,0,0
,DEM,Alvin Greene,U.S. Army veteran,2010,Senate,SC,greene a,0,0,0
,DEM,Vic Rawl,Charleston County Council member and former state legislator,2010,Senate,SC,rawl v,1,0,0
,REP,Jim DeMint,incumbent U.S. Senator,2010,Senate,SC,demint j,4,0,0
,REP,Alvin Greene,"(Democratic), U.S. Army veteran",2010,Senate,SC,greene a,0,0,0
,REP,Tom Clements,"(Green), environmental activist and Southeast Director Friends of the Earth",2010,Senate,SC,clements t,0,0,0
,REP,Susan McDonald Gaddy,,2010,Senate,SC,gaddy s,0,0,0
,OTH,Tom Clements,,2010,Senate,SC,clements t,0,0,0
,REP,John Thune,incumbent U.S. Senator,2010,Senate,SD,thune j,4,0,0
,REP,Bob Bennett,incumbent U.S. Senator,2010,Senate,UT,bennett b,4,0,0
,REP,UT-02,in 2002 and 2004,2010,Senate,UT,ut,0,0,0
,REP,Merrill Cook,former U.S. Representative,2010,Senate,UT,cook m,4,1,0
,REP,Cherilyn Eagar,businesswoman,2010,Senate,UT,eagar c,0,0,0
,REP,Mike Lee,attorney,2010,Senate,UT,lee m,0,0,0
,REP,Tim Bridgewater,businessman,2010,Senate,UT,bridgewater t,0,0,0
,DEM,Sam Granato,businessman,2010,Senate,UT,granato s,0,0,0
,DEM,Christopher Stout,accountant,2010,Senate,UT,stout c,0,0,0
,DEM,Scott Bradley (C),businessman,2010,Senate,UT,c s,0,0,0
,DEM,Sam Granato (D),businessman,2010,Senate,UT,d s,0,0,0
,DEM,Mike Lee (R),attorney,2010,Senate,UT,r m,0,0,0
,OTH,Scott Bradley,,2010,Senate,UT,bradley s,0,0,0
,DEM,Daniel Freilich,military doctor (also running as an independent),2010,Senate,VT,freilich d,0,0,0
,DEM,Patrick Leahy,incumbent U.S. Senator,2010,Senate,VT,leahy p,4,0,0
,DEM,Len Britton (R),businessman,2010,Senate,VT,r l,0,0,0
,DEM,Cris Ericson (U.S. Marijuana),two-time former candidate for U.S. Senate,2010,Senate,VT,marijuana c,0,0,1
,DEM,Daniel Freilich (I),military doctor,2010,Senate,VT,i d,0,0,0
,DEM,Johenry Nunes (I),military education and training manager,2010,Senate,VT,i j,0,0,0
,REP,Len Britton,,2010,Senate,VT,britton l,0,0,0
,OTH,Daniel Freilich,,2010,Senate,VT,freilich d,0,0,0
,,Cris Ericson,,2010,Senate,VT,ericson c,0,0,0
,OTH,Stephen Cain,,2010,Senate,VT,cain s,0,0,0
,,Peter Diamondstone,,2010,Senate,VT,diamondstone p,0,0,0
,OTH,Johenry Nunes,,2010,Senate,VT,nunes j,0,0,0
,REP,Patty Murray,"(D), incumbent U.S. Senator",2010,Senate,WA,murray p,4,0,0
,REP,Dino Rossi,"(R), former State Senator and gubernatorial candidate",2010,Senate,WA,rossi d,2,0,0
,DEM,Patty Murray,incumbent U.S. Senator,2010,Senate,WA,murray p,4,0,0
,REP,Clint Didier,,2010,Senate,WA,didier c,0,0,0
,REP,Paul Akers,,2010,Senate,WA,akers p,0,0,0
,OTH,Skip Mercer,,2010,Senate,WA,mercer s,0,0,0
,DEM,Charles Allen,,2010,Senate,WA,allen c,0,0,0
,DEM,Bob Burr,,2010,Senate,WA,burr b,0,0,0
,REP,Norma Gruber,,2010,Senate,WA,gruber n,0,0,0
,REP,Michael Latimer,,2010,Senate,WA,latimer m,0,0,0
,DEM,Mike the Mover,,2010,Senate,WA,mover m,0,0,0
,OTH,William Baker,,2010,Senate,WA,baker w,0,0,0
,OTH,Mohammad Said,,2010,Senate,WA,said m,0,0,0
,OTH,Schalk Leonard,,2010,Senate,WA,leonard s,0,0,0
,REP,William Chovil,,2010,Senate,WA,chovil w,0,0,0
,REP,Ron Johnson,businessman,2010,Senate,WI,johnson r,0,0,0
,REP,Dave Westlake,businessman,2010,Senate,WI,westlake d,0,0,0
,REP,Ted Kanavas,state senator,2010,Senate,WI,kanavas t,2,0,0
,REP,Dick Leinenkugel,"(dropped out), former State Commerce Secretary",2010,Senate,WI,leinenkugel d,0,0,0
,REP,Tommy Thompson,former governor of Wisconsin,2010,Senate,WI,thompson t,3,0,0
,REP,Terrence Wall,"(dropped out), real estate developer",2010,Senate,WI,wall t,0,0,0
,REP,Russ Feingold,"(D), incumbent U.S. senator",2010,Senate,WI,feingold r,4,0,0
,REP,Stephen M. Finn,,2010,Senate,WI,finn s,0,0,0
,DEM,Russ Feingold,incumbent U.S. Senator,2010,Senate,WI,feingold r,4,0,0
,OTH,Rob Taylor,,2010,Senate,WI,taylor r,0,0,0
,DEM,Joe Manchin,incumbent Governor of West Virginia,2010,Senate,WV,manchin j,3,0,0
,DEM,Carte Goodwin,incumbent U.S. senator (2010),2010,Senate,WV,goodwin c,4,0,0
,REP,John Raese,"businessman,  nominee for the Senate in 1984 and 2006 , and candidate for Governor in 1988",2010,Senate,WV,raese j,0,0,1
,REP,Constitution Party,"), West Virginia Constitution Party chairman  (campaign site, PVS)",2010,Senate,WV,party c,0,0,0
,REP,Jesse Johnson,"( Mountain Party ), lobbyist, freelance writer and lecturer",2010,Senate,WV,johnson j,0,0,0
,REP,Joe Manchin,"(Democratic Party), incumbent Governor of West Virginia",2010,Senate,WV,manchin j,3,0,0
,DEM,Ken Hechler,,2010,Senate,WV,hechler k,0,0,0
,DEM,Sheirl Fletcher,,2010,Senate,WV,fletcher s,0,0,0
,REP,Mac Warner,,2010,Senate,WV,warner m,0,0,0
,REP,Scott H. Williams,,2010,Senate,WV,williams s,0,0,0
,REP,Kenneth Culp,,2010,Senate,WV,culp k,0,0,0
,REP,Harry C. Bruner Jr.,,2010,Senate,WV,bruner h,0,0,0
,REP,Thomas Ressler,,2010,Senate,WV,ressler t,0,0,0
,REP,Lynette Kennedy McQuain,,2010,Senate,WV,mcquain l,0,0,0
,REP,Frank Kubic,,2010,Senate,WV,kubic f,0,0,0
,REP,Daniel Scott Rebich,,2010,Senate,WV,rebich d,0,0,0
,REP,Albert Howard,,2010,Senate,WV,howard a,0,0,0
,,Jesse Johnson,,2010,Senate,WV,johnson j,0,0,0
,OTH,Jeff Becker,,2010,Senate,WV,becker j,0,0,0
,IND,Dianne Feinstein,"(D), incumbent U.S. senator",2012,Senate,CA,feinstein d,4,0,0
,IND,Elizabeth Emken (R),former vice president of Autism Speaks,2012,Senate,CA,r e,0,0,0
,DEM,Dianne Feinstein,incumbent U.S. Senator,2012,Senate,CA,feinstein d,4,0,0
,REP,Dan Hughes,,2012,Senate,CA,hughes d,0,0,0
,REP,Elizabeth Emken,,2012,Senate,CA,emken e,0,0,0
,DEM,Diane Stewart,,2012,Senate,CA,stewart d,0,0,0
,REP,John Boruff,,2012,Senate,CA,boruff j,0,0,0
,REP,Rick Williams,,2012,Senate,CA,williams r,0,0,0
,REP,Al Ramirez,,2012,Senate,CA,ramirez a,0,0,0
,REP,Robert Lauten,,2012,Senate,CA,lauten r,0,0,0
,REP,Orly Taitz,,2012,Senate,CA,taitz o,0,0,0
,OTH,Gail Lightfoot,,2012,Senate,CA,lightfoot g,0,0,0
,DEM,David Alex Levitt,,2012,Senate,CA,levitt d,0,0,0
,REP,Greg Conlon,,2012,Senate,CA,conlon g,0,0,0
,REP,Dennis Jackson,,2012,Senate,CA,jackson d,0,0,0
,REP,Donald Krampe,,2012,Senate,CA,krampe d,0,0,0
,,American Independent,,2012,Senate,CA,independent a,0,0,0
,REP,Oscar Alejandro Braun,,2012,Senate,CA,braun o,0,0,0
,REP,Dirk Allen Konopik,,2012,Senate,CA,konopik d,0,0,0
,DEM,Mike Strimling,,2012,Senate,CA,strimling m,0,0,0
,DEM,Nak Shah,,2012,Senate,CA,shah n,0,0,0
,DEM,Colleen Shea Fernald,,2012,Senate,CA,fernald c,0,0,0
,,Peace and Freedom,,2012,Senate,CA,freedom p,0,0,0
,REP,Rogelio T. Gloria,,2012,Senate,CA,gloria r,0,0,0
,REP,Nachum Shifren,,2012,Senate,CA,shifren n,0,0,0
,REP,Linda R. Price (write-in),,2012,Senate,CA,in l,0,0,0
,DEM,Richard Blumenthal,incumbent U.S. senator,2016,Senate,CT,blumenthal r,4,0,0
,REP,Dan Carter,State Representative,2016,Senate,CT,carter d,2,1,0
,REP,Jack Orchulli,CEO and co-founder of a Michael Kors apparel company; nominee for the U.S. Senate in 2004,2016,Senate,CT,orchulli j,0,0,1
,REP,August Wolf,investment executive and former Olympic athlete,2016,Senate,CT,wolf a,0,0,0
,REP,Larry Kudlow,"economist, television personality and columnist",2016,Senate,CT,kudlow l,0,0,0
,REP,Linda McMahon,"businesswoman, former CEO of WWE , and nominee for U.S. Senate in 2010 and 2012",2016,Senate,CT,mcmahon l,0,0,1
,REP,Rob Simmons,"Stonington first selectman, former U.S. representative and candidate for U.S. Senate in 2010",2016,Senate,CT,simmons r,4,1,1
,REP,West Hartford,"town Ccuncilor, nominee for CT-01 in 2008 and Independent candidate for governor in 2014",2016,Senate,CT,hartford w,0,0,1
,REP,David Walker,former Comptroller General of the United States and candidate for lieutenant governor in 2014,2016,Senate,CT,walker d,0,0,1
,,Working Families,,2016,Senate,CT,families w,0,0,0
,,Richard Blumenthal,incumbent U.S. Senator,2016,Senate,CT,blumenthal r,4,0,0
,OTH,Richard Lion,,2016,Senate,CT,lion r,0,0,0
,OTH,Jeffery Russell,,2016,Senate,CT,russell j,0,0,0
,OTH,Andrew Rule (write-in),,2016,Senate,CT,in a,0,0,0
,OTH,John M. Traceski (write-in),,2016,Senate,CT,in j,0,0,0
,DEM,Arkansas's 3rd congressional district,in 2018,2020,Senate,AR,district a,0,0,0
,DEM,Wesley Clark,"retired general, former Supreme Allied Commander of NATO , and 2004 Democratic presidential candidate",2020,Senate,AR,clark w,0,0,0
,IND,COVID-19 pandemic,. Whitfield filed an appeal with the United States Court of Appeals for the Eighth Circuit in an attempt to overturn this ruling. He officially suspended his campaign on October 1.,2020,Senate,AR,pandemic c,0,0,0
,REP,Tom Cotton,incumbent U.S. Senator,2020,Senate,AR,cotton t,4,0,0
,OTH,Ricky Dale Harrington Jr.,,2020,Senate,AR,harrington r,0,0,0
,REP,Saxby Chambliss,,2002,Senate,GA,chambliss s,0,0,0
,REP,Bob Irvin,,2002,Senate,GA,irvin b,0,0,0
,REP,Robert Brown,,2002,Senate,GA,brown r,0,0,0
,DEM,Max Cleland,incumbent U.S. Senator,2002,Senate,GA,cleland m,4,0,0
,OTH,Claude Thomas,,2002,Senate,GA,thomas c,0,0,0
