district,party,name,descriptor,year,office,state,cand_key,office_level,bio_in_office,bio_prior_candidacy
,DEM,Mark Begich,"(Democratic), former U.S. senator",2018,Governor,AK,begich m,4,0,0
,DEM,2010,"iam S. ""Billy"" Toien (Libertarian), Libertarian candidate for Alaska governor in 2010",2018,Governor,AK,,0,0,1
,DEM,Edgar Blatchford,"(Democratic), former mayor of Seward",2018,Governor,AK,blatchford e,1,0,0
,REP,Mike Chenault,state representative and former Speaker of the Alaska House of Representatives,2018,Governor,AK,chenault m,2,1,0
,REP,[ 20 ],"Hawkins, businessman",2018,Governor,AK,,0,0,0
,REP,Robert Gillam,businessman,2018,Governor,AK,gillam r,0,0,0
,REP,Loren Leman,former lieutenant governor,2018,Governor,AK,leman l,3,0,0
,REP,Anna MacKinnon,state senator  (endorsed Mike Dunleavy),2018,Governor,AK,mackinnon a,2,0,0
,REP,Peter Micciche,state senator (running for re-election to state senate),2018,Governor,AK,micciche p,2,0,0
,REP,Joe Miller,former magistrate judge and perennial candidate,2018,Governor,AK,miller j,1,0,0
,REP,Frank Murkowski,former governor of Alaska and U.S. Senator,2018,Governor,AK,murkowski f,4,0,0
,REP,Sean Parnell,former governor of Alaska  (endorsed Mike Dunleavy),2018,Governor,AK,parnell s,3,0,0
,REP,Ben Stevens,"former president of the Alaska State Senate, son of former president pro tempore of the U.S. Senate, Solicitor of the Interior Department & U.S. Attorney Ted Stevens",2018,Governor,AK,stevens b,2,0,0
,REP,Dan Sullivan,former mayor of Anchorage and nominee for lieutenant governor in 2014   (endorsed Mike Dunleavy),2018,Governor,AK,sullivan d,1,0,1
,REP,Bill Walker,incumbent Independent governor (running for re-election as an Independent),2018,Governor,AK,walker b,3,0,0
,REP,Lynn Gattis,former state representative and candidate for the state senate in 2016,2018,Governor,AK,gattis l,2,1,1
,REP,Alaska National Guard,d Air Force colonel and former human resources director for the Alaska National Guard,2018,Governor,AK,guard a,0,0,0
,REP,Kevin Meyer,state senator and former president of the Alaska Senate,2018,Governor,AK,meyer k,2,0,0
,REP,Gary Stevens,state senator,2018,Governor,AK,stevens g,2,0,0
,REP,Ketchikan Gateway Borough,Gateway Borough Assemblyman,2018,Governor,AK,borough k,0,0,0
,REP,David Wilson,state senator,2018,Governor,AK,wilson d,2,0,0
,REP,Tommy Battle,mayor of Huntsville,2018,Governor,AL,battle t,1,0,0
,REP,Scott Dawson,evangelist,2018,Governor,AL,dawson s,0,0,0
,REP,Bill Hightower,state senator,2018,Governor,AL,hightower b,2,0,0
,REP,Kay Ivey,incumbent governor,2018,Governor,AL,ivey k,3,0,0
,REP,prison officer,"ster, former prison officer   (died April 2018)",2018,Governor,AL,officer p,0,0,0
,REP,Slade Blackwell,state senator,2018,Governor,AL,blackwell s,2,0,0
,REP,Jefferson County,Jefferson County Commissioner,2018,Governor,AL,county j,1,0,0
,REP,Twinkle Cavanaugh,president of the Public Service Commission ( running for lieutenant governor ),2018,Governor,AL,cavanaugh t,3,0,0
,REP,Morgan County,"rge, former Morgan County Commissioner and candidate for governor in 2014",2018,Governor,AL,county m,1,0,1
,REP,[ 20 ],"ones, businessman",2018,Governor,AL,,0,0,0
,REP,John McMillan,Alabama Commissioner of Agriculture and Industries   (running for state treasurer),2018,Governor,AL,mcmillan j,3,0,0
,REP,Rick Burgess,radio host,2018,Governor,AL,burgess r,0,0,0
,REP,Bradley Byrne,U.S. Representative and candidate for governor in 2010   (running for reelection),2018,Governor,AL,byrne b,4,1,1
,REP,Alabama State Board of Education,Alabama State Board of Education (running for the state senate after initially running for lieutenant governor ),2018,Governor,AL,education a,3,0,0
,REP,Del Marsh,president pro tempore of the Alabama Senate  (running for reelection),2018,Governor,AL,marsh d,0,0,0
,REP,Arthur Orr,state senator   (running for reelection),2018,Governor,AL,orr a,2,0,0
,REP,Trip Pittman,state senator and candidate for the U.S. Senate in 2017,2018,Governor,AL,pittman t,2,0,1
,REP,Greg Reed,Majority Leader of the Alabama Senate   (running for reelection),2018,Governor,AL,reed g,0,0,0
,REP,Luther Strange,former U.S. senator and former attorney general of Alabama,2018,Governor,AL,strange l,4,0,0
,REP,Tommy Tuberville,former Auburn University football coach,2018,Governor,AL,tuberville t,0,0,0
,REP,Cam Ward,state senator   (running for reelection),2018,Governor,AL,ward c,2,0,0
,REP,Jim Zeigler,State Auditor of Alabama   (running for reelection),2018,Governor,AL,zeigler j,3,0,0
,DEM,Sue Bell Cobb,former Chief Justice of the Alabama Supreme Court,2018,Governor,AL,cobb s,0,0,0
,DEM,[ 48 ],"opher A. Countryman, equality activist, former juvenile corrections officer and former pastor",2018,Governor,AL,,0,0,0
,DEM,James C. Fields,former state representative and nominee for lieutenant governor in 2014,2018,Governor,AL,fields j,2,1,1
,DEM,Walt Maddox,mayor of Tuscaloosa,2018,Governor,AL,maddox w,1,0,0
,DEM,truck driver,truck driver and former pastor,2018,Governor,AL,driver t,0,0,0
,DEM,Doug Jones,U.S. senator,2018,Governor,AL,jones d,4,0,0
,DEM,Terri Sewell,U.S. representative for Alabama's 7th Congressional District,2018,Governor,AL,sewell t,4,1,0
,IND,[ 83 ],"ewitt Jr., police officer",2018,Governor,AL,,0,0,0
,IND,Jefferson County,"urity guard, Iraq War veteran and candidate for the Jefferson County Commission in 2010",2018,Governor,AL,county j,0,0,1
,REP,Asa Hutchinson,incumbent governor,2018,Governor,AR,hutchinson a,3,0,0
,REP,gun range,"n, gun range owner",2018,Governor,AR,range g,0,0,0
,REP,Tim Griffin,lieutenant governor and former U.S. representative ( running for re-election ),2018,Governor,AR,griffin t,4,1,0
,REP,Leslie Rutledge,attorney general ( running for re-election ),2018,Governor,AR,rutledge l,3,0,0
,REP,John Thurston,land commissioner ( running for Secretary of State ),2018,Governor,AR,thurston j,3,0,0
,DEM,Teach For America,former Arkansas executive director of Teach For America,2018,Governor,AR,america t,0,0,0
,DEM,[ 12 ],"a Sanders, hairdresser",2018,Governor,AR,,0,0,0
,DEM,Keith Ingram,Minority Leader of the Arkansas Senate,2018,Governor,AR,ingram k,0,0,0
,DEM,Arkansas House of Representatives,r of the Arkansas House of Representatives,2018,Governor,AR,representatives a,0,1,0
,DEM,"Helena-West Helena, Arkansas","-West Helena, Arkansas , former Majority Whip of the Arkansas Senate , former Democratic candidate in 1996 United States Senate election in Arkansas",2018,Governor,AR,arkansas h,0,0,0
,IND,Bobby Bones,radio host,2018,Governor,AR,bones b,0,0,0
,IND,Libertarian,"Libertarian ), pastor and nominee for AR-01 in 2016",2018,Governor,AR,libertarian,0,0,1
,REP,Doug Ducey,incumbent governor,2018,Governor,AZ,ducey d,3,0,0
,DEM,David Garcia,Arizona State University professor and nominee for Superintendent of Public Instruction in 2014,2018,Governor,AZ,garcia d,0,0,1
,DEM,Terry Goddard,former Arizona Attorney General and nominee for governor in 2010 and 1990,2018,Governor,AZ,goddard t,3,0,1
,DEM,Kyrsten Sinema,U.S. Representative from Arizona's 9th congressional district ( ran for U.S. Senate ),2018,Governor,AZ,sinema k,4,1,0
,DEM,Greg Stanton,Mayor of Phoenix ( ran for U.S. House ),2018,Governor,AZ,stanton g,1,0,0
,DEM,[ 58 ],"unicello, activist",2018,Governor,AZ,,0,0,0
,IND,Noah Dyer,"author, businessman and educator",2018,Governor,AZ,dyer n,0,0,0
,IND,[ 66 ],"ian R. Komor, author, psychologist, climate scientist",2018,Governor,AZ,,0,0,0
,IND,Arizona Department of Economic Security,izona Department of Economic Security,2018,Governor,AZ,security a,0,0,0
,DEM,Jared Polis,U.S. Representative,2018,Governor,CO,polis j,4,1,0
,DEM,[ 12 ],"insburg, businessman",2018,Governor,CO,,0,0,0
,DEM,Ed Perlmutter,U.S. Representative (ran for reelection),2018,Governor,CO,perlmutter e,4,1,0
,DEM,Joseph Garcia,former lieutenant governor,2018,Governor,CO,garcia j,3,0,0
,DEM,Steve Lebsock,"State Representative (was running for State Treasurer before switching to the Republican Party, thus disqualifying him from the Democratic Primary)",2018,Governor,CO,lebsock s,3,1,0
,DEM,Michael Merrifield,State Senator,2018,Governor,CO,merrifield m,2,0,0
,DEM,Joe Neguse,former executive director of the Colorado Department of Regulatory Agencies and nominee for secretary of state in 2014 ( ran for CO-02 ),2018,Governor,CO,neguse j,0,0,1
,DEM,Joe Salazar,State Representative ( ran for Attorney General ),2018,Governor,CO,salazar j,3,1,0
,DEM,Ken Salazar,former U.S. senator and former United States Secretary of the Interior,2018,Governor,CO,salazar k,4,0,0
,REP,Walker Stapleton,Colorado State Treasurer,2018,Governor,CO,stapleton w,3,0,0
,REP,[ 55 ],"Brauchler, District Attorney for Colorado's 18th Judicial District (ran for attorney general)",2018,Governor,CO,,3,0,0
,REP,Tom Tancredo,"former U.S. Representative, candidate for governor in 2014 , Constitution Party nominee for governor in 2010 , and candidate for President of the United States in 2008",2018,Governor,CO,tancredo t,4,1,1
,REP,John Elway,general manager of the Denver Broncos and retired NFL player,2018,Governor,CO,elway j,0,0,0
,REP,Owen Hill,state senator and candidate for the U.S. Senate in 2014 ( ran for CO-05 ),2018,Governor,CO,hill o,2,0,1
,REP,Colorado Republican Party,the Colorado Republican Party and candidate for governor in 2014,2018,Governor,CO,party c,0,0,1
,REP,DaVita Inc.,chairman and CEO of DaVita Inc.,2018,Governor,CO,inc d,0,0,0
,REP,Brian Watson,businessman and candidate for the State House in 2012 ( ran for State Treasurer ),2018,Governor,CO,watson b,0,0,1
,IND,Independent,"iorino ( Independent ), perennial candidate",2018,Governor,CO,independent,0,0,0
,IND,[ 79 ],"ammons (Unity Party of America), insurance agent, chairman and founder of the Unity Party of America, and candidate for the U.S. Senate in 2014 and 2016",2018,Governor,CO,,0,0,1
,DEM,Susan Bysiewicz,Secretary of the State of Connecticut from 1999 to 2011 and candidate for the U.S. Senate in 2012 (running for lieutenant governor of Connecticut; endorsed Lamont),2018,Governor,CT,bysiewicz s,0,0,1
,DEM,[ 13 ],"onnolly, former state commissioner for Veterans' Affairs (endorsed Lamont)",2018,Governor,CT,,0,0,0
,DEM,Dan Drew,mayor of Middletown,2018,Governor,CT,drew d,1,0,0
,DEM,Jonathan Harris,former mayor of West Hartford and former Connecticut state senator (endorsed Lamont),2018,Governor,CT,harris j,2,0,0
,DEM,Democratic Party of Connecticut,d manager and former vice chair of the Democratic Party of Connecticut (ran for Treasurer of Connecticut),2018,Governor,CT,connecticut d,0,0,0
,DEM,Luke Bronin,mayor of Hartford since 2015,2018,Governor,CT,bronin l,1,0,0
,DEM,Joe Courtney,U.S. representative since 2007 (ran for reelection),2018,Governor,CT,courtney j,4,1,0
,DEM,Elizabeth Esty,U.S. representative since 2013 (retiring),2018,Governor,CT,esty e,4,1,0
,DEM,Toni Harp,Mayor of New Haven since 2013 (endorsed Lamont),2018,Governor,CT,harp t,1,0,0
,DEM,Jim Himes,U.S. representative since 2009 (ran for reelection),2018,Governor,CT,himes j,4,1,0
,DEM,George Jepsen,Attorney General of Connecticut since 2011 (retired),2018,Governor,CT,jepsen g,3,0,0
,DEM,Edward M. Kennedy Jr.,state senator and member of the Kennedy family (retired),2018,Governor,CT,kennedy e,2,0,0
,DEM,John Larson,U.S. representative since 1999 (ran for reelection; endorsed Lamont),2018,Governor,CT,larson j,4,1,0
,DEM,Kevin Lembo,State Comptroller of Connecticut since 2011 (ran for reelection),2018,Governor,CT,lembo k,3,0,0
,DEM,Martin Looney,"state senator, president pro tempore of the Connecticut Senate",2018,Governor,CT,looney m,2,0,0
,DEM,Dan Malloy,governor of Connecticut since 2011 (retired),2018,Governor,CT,malloy d,3,0,0
,DEM,Ridgefield,"ni, Ridgefield first selectman",2018,Governor,CT,ridgefield,1,0,0
,DEM,Nancy Wyman,lieutenant governor of Connecticut since 2011 (retired),2018,Governor,CT,wyman n,3,0,0
,DEM,Liz Linehan,state representative,2018,Governor,CT,linehan l,2,1,0
,DEM,Greenwich,"ullo, Greenwich selectman",2018,Governor,CT,greenwich,1,0,0
,DEM,Charlie Stallworth,state representative,2018,Governor,CT,stallworth c,2,1,0
,REP,Erin Stewart,mayor of New Britain (ran for lieutenant governor ),2018,Governor,CT,stewart e,3,0,0
,REP,[ 74 ],"Thalheim, attorney and builder",2018,Governor,CT,,0,0,0
,REP,West Hartford,former West Hartford councilman and independent candidate for governor in 2014 (ran for U.S. Senate ),2018,Governor,CT,hartford w,0,0,1
,REP,Toni Boucher,state senator,2018,Governor,CT,boucher t,2,0,0
,REP,Len Fasano,"state senator, president pro tempore of the Connecticut Senate",2018,Governor,CT,fasano l,2,0,0
,REP,Tom Foley,former U.S. Ambassador to Ireland and nominee for governor in 2010 and 2014,2018,Governor,CT,foley t,0,0,1
,REP,Tony Hwang,state senator,2018,Governor,CT,hwang t,2,0,0
,REP,Rob Kane,Auditor of Public Accounts and former state senator,2018,Governor,CT,kane r,2,0,0
,REP,Themis Klarides,Minority Leader of the Connecticut House of Representatives,2018,Governor,CT,klarides t,0,1,0
,REP,Joe Markley,state senator (running for lieutenant governor ),2018,Governor,CT,markley j,3,0,0
,REP,John P. McKinney,former state senator and candidate for governor in 2014,2018,Governor,CT,mckinney j,2,0,1
,IND,Oz Griebel,"businessman and Republican candidate for governor in 2010  Running mate: Monte Frank, former president of the Connecticut Bar Association .",2018,Governor,CT,griebel o,0,0,1
,IND,Connecticut Bar Association,former president of the Connecticut Bar Association .,2018,Governor,CT,association c,0,0,0
,IND,Joe Scarborough,television personality and former Republican U.S. representative from Florida,2018,Governor,CT,scarborough j,4,1,0
,IND,Coventry,"lintukonis, former Coventry town councilman and Army veteran",2018,Governor,CT,coventry,0,0,0
,REP,notary,"Almaleh, notary",2018,Governor,FL,notary,0,0,0
,REP,[ 17 ],"ick Buntin, incarcerated felon",2018,Governor,FL,,0,0,0
,REP,Jack Latvala,former Florida state senator,2018,Governor,FL,latvala j,2,0,0
,REP,Jeff Atwater,former chief financial officer of Florida,2018,Governor,FL,atwater j,0,0,0
,REP,Pam Bondi,Florida Attorney General   ( endorsed Putnam ),2018,Governor,FL,bondi p,3,0,0
,REP,Richard Corcoran,Speaker of the Florida House of Representatives  ( endorsed Putnam ),2018,Governor,FL,corcoran r,2,1,0
,REP,John Delaney,former mayor of Jacksonville,2018,Governor,FL,delaney j,1,0,0
,REP,Mike Huckabee,former governor of Arkansas and candidate for president in 2008 and in 2016,2018,Governor,FL,huckabee m,3,0,1
,REP,Francis Rooney,U.S. representative,2018,Governor,FL,rooney f,4,1,0
,REP,Marco Rubio,U.S. senator from Florida and candidate for president in 2016,2018,Governor,FL,rubio m,4,0,1
,REP,Will Weatherford,former speaker of the Florida House of Representatives,2018,Governor,FL,weatherford w,2,1,0
,DEM,[ 104 ],". Davis, judge",2018,Governor,FL,,1,0,0
,DEM,U.S. representative,"sky, candidate for U.S. representative in 2016 and candidate for governor in 2006",2018,Governor,FL,representative u,0,1,1
,DEM,perennial candidate,nial candidate,2018,Governor,FL,candidate p,0,0,0
,DEM,Bob Buckhorn,mayor of Tampa,2018,Governor,FL,buckhorn b,1,0,0
,DEM,Kathy Castor,U.S. representative ( ran for reelection ),2018,Governor,FL,castor k,4,1,0
,DEM,Charlie Crist,"U.S. representative , former governor of Florida , and nominee for governor in 2014 ( ran for reelection )",2018,Governor,FL,crist c,4,1,1
,DEM,Buddy Dyer,mayor of Orlando,2018,Governor,FL,dyer b,1,0,0
,DEM,Rick Kriseman,mayor of St. Petersburg,2018,Governor,FL,kriseman r,1,0,0
,DEM,John Morgan,lawyer and medical marijuana advocate,2018,Governor,FL,morgan j,0,0,0
,DEM,Patrick Murphy,former U.S. representative and nominee for the U.S. Senate in 2016,2018,Governor,FL,murphy p,4,1,1
,DEM,Bill Nelson,U.S. senator ( ran for reelection ),2018,Governor,FL,nelson b,4,0,0
,DEM,Jeremy Ring,former Florida state senator ( ran for CFO ),2018,Governor,FL,ring j,2,0,0
,DEM,Jack Seiler,mayor of Fort Lauderdale,2018,Governor,FL,seiler j,1,0,0
,IND,president,"hardson, author and candidate for president in 2012",2018,Governor,FL,president,0,0,1
,IND,Afro-Cuban,"allero, banker and Afro-Cuban activist (running for state representative )",2018,Governor,FL,cuban a,2,1,0
,IND,Lake County,"an, former chair of the Lake County School Board, candidate for state representative in 2004, and candidate for mayor of Mount Dora in 2013",2018,Governor,FL,county l,1,1,1
,IND,[ 215 ],"ristopher Foley, former emergency medical technician",2018,Governor,FL,,0,0,0
,IND,Grant Hill,former professional basketball player,2018,Governor,FL,hill g,0,0,0
,IND,John Morgan,lawyer and medical marijuana advocate,2018,Governor,FL,morgan j,0,0,0
,REP,Brian Kemp,Secretary of State of Georgia and candidate for Agriculture Commissioner in 2006,2018,Governor,GA,kemp b,3,0,1
,REP,president of the United States,former teacher and write-in candidate for president of the United States in 2016,2018,Governor,GA,states p,0,0,1
,REP,Nick Ayers,political strategist and chief of staff to U.S. Vice President Mike Pence,2018,Governor,GA,ayers n,0,0,0
,REP,Burt Jones,state senator,2018,Governor,GA,jones b,2,0,0
,REP,running for Secretary of State,unning for Secretary of State ),2018,Governor,GA,state r,3,0,0
,REP,David Perdue,U.S. Senator,2018,Governor,GA,perdue d,4,0,0
,REP,Sonny Perdue,United States Secretary of Agriculture and former governor,2018,Governor,GA,perdue s,4,0,0
,REP,Tom Price,former United States Secretary of Health and Human Services and former U.S. Representative,2018,Governor,GA,price t,4,1,0
,REP,David Ralston,Speaker of the Georgia House of Representatives,2018,Governor,GA,ralston d,2,1,0
,REP,Lynn Westmoreland,former U.S. Representative,2018,Governor,GA,westmoreland l,4,1,0
,DEM,Stacey Abrams,former state representative and former Minority Leader of the Georgia House of Representatives,2018,Governor,GA,abrams s,2,1,0
,DEM,John Barrow,former U.S. Representative ( running for Secretary of State ),2018,Governor,GA,barrow j,4,1,0
,DEM,Jason Carter,"former state senator, nominee for governor in 2014 and grandson of former President Jimmy Carter",2018,Governor,GA,carter j,2,0,1
,DEM,Kasim Reed,former mayor of Atlanta,2018,Governor,GA,reed k,1,0,0
,DEM,Teresa Tomlinson,Mayor of Columbus,2018,Governor,GA,tomlinson t,1,0,0
,DEM,Sally Yates,former U.S. Deputy Attorney General,2018,Governor,GA,yates s,3,0,0
,DEM,Libertarian Party of Georgia,tarian Party of Georgia,2018,Governor,GA,georgia l,0,0,0
,DEM,[ 2 ],"t Caravalho, Democratic Party of Hawaii chair, House District 29",2018,Governor,HI,,0,0,0
,DEM,Colleen Hanabusa,U.S. representative and candidate for the U.S. Senate in 2014,2018,Governor,HI,hanabusa c,4,1,1
,DEM,David Ige,incumbent governor,2018,Governor,HI,ige d,3,0,0
,DEM,perennial candidate,ecurity guard and perennial candidate,2018,Governor,HI,candidate p,0,0,0
,DEM,Clayton Hee,former state senator and candidate for lieutenant governor in 2014,2018,Governor,HI,hee c,2,0,1
,DEM,Bernard Carvalho,mayor of Kauaʻi County,2018,Governor,HI,carvalho b,1,0,0
,DEM,Will Espero,State Senate vice president and candidate for HI-01 in 2014,2018,Governor,HI,espero w,2,0,1
,DEM,Josh Green,state senator,2018,Governor,HI,green j,2,0,0
,DEM,Kim Coco Iwamoto,former state board of education member,2018,Governor,HI,iwamoto k,0,0,0
,DEM,Jill Tokuda,state senator,2018,Governor,HI,tokuda j,2,0,0
,DEM,Alan Arakawa,mayor of Maui County  (running for Maui County Council),2018,Governor,HI,arakawa a,1,0,0
,REP,John Carroll,"former state representative, and former state senator",2018,Governor,HI,carroll j,2,1,0
,REP,[ 41 ],"Heureux,  president and chairman of the Education Institute of Hawaii, former assistant superintendent, and retired U.S. Marine colonel",2018,Governor,HI,,0,0,0
,REP,Andria Tupola,Minority Leader of the Hawaii House of Representatives,2018,Governor,HI,tupola a,0,1,0
,REP,Bob McDermott,state representative and nominee for HI-02 in 2002,2018,Governor,HI,mcdermott b,2,1,1
,REP,Kim Reynolds,incumbent governor of Iowa,2018,Governor,IA,reynolds k,3,0,0
,REP,Ron Corbett,mayor of Cedar Rapids,2018,Governor,IA,corbett r,1,0,0
,REP,Boone,"n Ray, mayor pro tempore of Boone",2018,Governor,IA,boone,1,0,0
,REP,Terry Branstad,United States Ambassador to China and former governor,2018,Governor,IA,branstad t,3,0,0
,REP,Steve King,U.S. representative,2018,Governor,IA,king s,4,1,0
,REP,Bill Northey,U.S. Under Secretary of Agriculture for Farm and Foreign Agricultural Services and former Secretary of Agriculture of Iowa,2018,Governor,IA,northey b,0,0,0
,REP,Bob Vander Plaats,"president and CEO of The Family Leader , candidate for governor of Iowa in 2002 , 2006 and 2010 and nominee for lieutenant governor of Iowa in 2006",2018,Governor,IA,plaats b,0,0,1
,DEM,Fred Hubbell,businessman,2018,Governor,IA,hubbell f,0,0,0
,DEM,Nate Boulton,state senator,2018,Governor,IA,boulton n,2,0,0
,DEM,Polk County,"d, director of the Polk County Conservation Board and former director of the Iowa Department of Natural Resources",2018,Governor,IA,county p,0,0,0
,DEM,Davenport,"on, Davenport alderman",2018,Governor,IA,davenport,1,0,0
,DEM,Des Moines,"bach, attorney, former member of the Des Moines School Board and nominee for State Auditor in 2014",2018,Governor,IA,moines d,1,0,1
,DEM,Todd Prichard,state representative,2018,Governor,IA,prichard t,2,1,0
,DEM,Chaz Allen,state senator,2018,Governor,IA,allen c,2,0,0
,DEM,Joe Bolkcom,state senator,2018,Governor,IA,bolkcom j,2,0,0
,DEM,Iowa Attorney General's Office,f the Consumer Protection Division of the Iowa Attorney General's Office,2018,Governor,IA,office i,3,0,0
,DEM,Johnson County,Johnson County Supervisor,2018,Governor,IA,county j,1,0,0
,DEM,Jeff Danielson,state senator,2018,Governor,IA,danielson j,2,0,0
,DEM,Michael Gronstal,former Majority Leader of the Iowa Senate,2018,Governor,IA,gronstal m,0,0,0
,DEM,Chris Hall,state representative,2018,Governor,IA,hall c,2,1,0
,DEM,Rita Hart,state senator (nominee for lieutenant governor),2018,Governor,IA,hart r,2,0,1
,DEM,Jack Hatch,former state senator and nominee for governor of Iowa in 2014,2018,Governor,IA,hatch j,2,0,1
,DEM,Rob Hogg,Minority Leader of the Iowa Senate and candidate for the U.S. Senate in 2016,2018,Governor,IA,hogg r,0,0,1
,DEM,Pam Jochum,state senator,2018,Governor,IA,jochum p,2,0,0
,DEM,Dave Loebsack,U.S. representative,2018,Governor,IA,loebsack d,4,1,0
,DEM,Liz Mathis,state senator,2018,Governor,IA,mathis l,2,0,0
,DEM,Jim Mowrer,nominee for IA-04 in 2014 and IA-03 in 2016 (ran for the nomination for Secretary of State),2018,Governor,IA,mowrer j,0,0,1
,DEM,Tyler Olson,"former state representative, former chairman of the Iowa Democratic Party and candidate for governor of Iowa in 2014",2018,Governor,IA,olson t,2,1,1
,DEM,Janet Petersen,state senator,2018,Governor,IA,petersen j,2,0,0
,DEM,Steve Sodders,former state senator,2018,Governor,IA,sodders s,2,0,0
,DEM,Tom Vilsack,former United States Secretary of Agriculture and former governor of Iowa,2018,Governor,IA,vilsack t,4,0,0
,DEM,Jake Porter,business consultant,2018,Governor,IA,porter j,0,0,0
,DEM,[ 81 ],"Battaglia, musician",2018,Governor,IA,,0,0,0
,IND,[ 86 ],"iegwarth, fisheries biologist",2018,Governor,IA,,0,0,0
,IND,Brent Roske,director and candidate for CA-33 in 2014,2018,Governor,IA,roske b,0,0,1
,REP,Tommy Ahlquist,businessman and former emergency physician,2018,Governor,ID,ahlquist t,0,0,0
,REP,perennial candidate,nial candidate,2018,Governor,ID,candidate p,0,0,0
,REP,Raúl Labrador,incumbent U.S. representative from Idaho's 1st congressional district,2018,Governor,ID,labrador r,4,1,0
,REP,Brad Little,lieutenant governor of Idaho,2018,Governor,ID,little b,3,0,0
,REP,Constitution,Constitution nominee for governor in 2014 and future convicted murderer,2018,Governor,ID,constitution,0,0,1
,REP,Russ Fulcher,former state senator and candidate for governor in 2014  ( ran for U.S. House ),2018,Governor,ID,fulcher r,2,0,1
,REP,[ 9 ],"Minton, activist (running as a Democrat)",2018,Governor,ID,,0,0,0
,REP,Butch Otter,incumbent governor,2018,Governor,ID,otter b,3,0,0
,REP,Lori Otter,First Lady of Idaho,2018,Governor,ID,otter l,0,0,0
,REP,Lawrence Wasden,Idaho Attorney General ( ran for re-election ),2018,Governor,ID,wasden l,3,0,0
,DEM,Boise School District,"ssman, member of the Boise School District board of trustees and nominee for governor in 2014",2018,Governor,ID,district b,0,0,1
,DEM,[ 5 ],"Dill, organic farmer and business attorney",2018,Governor,ID,,0,0,0
,DEM,Paulette Jordan,former state representative,2018,Governor,ID,jordan p,2,1,0
,DEM,Michelle Stennett,minority leader of the Idaho Senate,2018,Governor,ID,stennett m,0,0,0
,REP,Bruce Rauner,"incumbent governor  Running mate: Evelyn Sanguinetti , incumbent lieutenant governor",2018,Governor,IL,rauner b,3,0,0
,REP,Evelyn Sanguinetti,"yn Sanguinetti , incumbent lieutenant governor",2018,Governor,IL,sanguinetti e,3,0,0
,REP,perennial candidate,"adio host and perennial candidate (running as an independent)   Running mate: Brian Leggero , candidate for mayor of Rockford in 2017  Former running mate: Ray Tranchant , immigration activist",2018,Governor,IL,candidate p,0,0,1
,REP,Brian Leggero,"Brian Leggero , candidate for mayor of Rockford in 2017",2018,Governor,IL,leggero b,0,0,1
,REP,Ray Tranchant,"g mate: Ray Tranchant , immigration activist",2018,Governor,IL,tranchant r,0,0,0
,DEM,JB Pritzker,venture capitalist and candidate for Illinois's 9th congressional district in 1998,2018,Governor,IL,pritzker j,0,0,1
,DEM,Juliana Stratton,"liana Stratton , state representative",2018,Governor,IL,stratton j,2,1,0
,DEM,Scott Drury,state representative (running for attorney general  ),2018,Governor,IL,drury s,3,1,0
,DEM,Running mate: Alex Hirsch,political operative,2018,Governor,IL,hirsch r,0,0,0
,DEM,[ 74 ],"aterakis, civil engineer and business owner",2018,Governor,IL,,0,0,0
,DEM,Ameya Pawar,Chicago Alderman,2018,Governor,IL,pawar a,1,0,0
,DEM,Cairo,"ng mate: Tyrone Coleman, mayor of Cairo",2018,Governor,IL,cairo,1,0,0
,DEM,Cheri Bustos,U.S. representative,2018,Governor,IL,bustos c,4,1,0
,DEM,Arne Duncan,former United States Secretary of Education,2018,Governor,IL,duncan a,4,0,0
,DEM,Dick Durbin,U.S. senator,2018,Governor,IL,durbin d,4,0,0
,DEM,Mike Frerichs,Illinois Treasurer,2018,Governor,IL,frerichs m,0,0,0
,DEM,Valerie Jarrett,former Senior Advisor to the President,2018,Governor,IL,jarrett v,0,0,0
,DEM,Robin Kelly,U.S. representative,2018,Governor,IL,kelly r,4,1,0
,DEM,Lisa Madigan,Illinois Attorney General,2018,Governor,IL,madigan l,3,0,0
,DEM,Andy Manar,state senator,2018,Governor,IL,manar a,2,0,0
,DEM,Barack Obama,former president of the United States and U.S. senator,2018,Governor,IL,obama b,4,0,0
,DEM,Michelle Obama,former First Lady of the United States,2018,Governor,IL,obama m,0,0,0
,DEM,Penny Pritzker,former United States Secretary of Commerce,2018,Governor,IL,pritzker p,4,0,0
,DEM,Pat Quinn,former governor of Illinois ( ran for Attorney General ),2018,Governor,IL,quinn p,3,0,0
,DEM,Heather Steans,state senator,2018,Governor,IL,steans h,2,0,0
,DEM,Kurt Summers,Chicago city treasurer,2018,Governor,IL,summers k,0,0,0
,IND,Sam McCann,"state senator  Running mate: Aaron Merreighn, activist and United States Marine Corps veteran",2018,Governor,IL,mccann s,2,0,0
,IND,United States Marine Corps,"ghn, activist and United States Marine Corps veteran",2018,Governor,IL,corps u,0,0,0
,IND,[ 217 ],"ckson, Navy veteran and activist    Running mate: Sanj Mohip",2018,Governor,IL,,0,0,0
,IND,perennial candidate,"adio host and perennial candidate (subsequently ran on Constitution Party ticket, then withdrew)   Running mate: Brian Leggero, candidate for mayor of Rockford in 2017",2018,Governor,IL,candidate p,0,0,1
,IND,Rockford,"mate: Brian Leggero, candidate for mayor of Rockford in 2017",2018,Governor,IL,rockford,0,0,1
,REP,Kris Kobach,"Secretary of State of Kansas and nominee for KS-03 in 2004  Running mate: Wink Hartman , businessman and candidate for KS-04 in 2010",2018,Governor,KS,kobach k,3,0,1
,REP,Wink Hartman,": Wink Hartman , businessman and candidate for KS-04 in 2010",2018,Governor,KS,hartman w,0,0,1
,DEM,Laura Kelly,"state senator  Running mate: Lynn Rogers , state senator",2018,Governor,KS,kelly l,2,0,0
,DEM,Lynn Rogers,"e: Lynn Rogers , state senator",2018,Governor,KS,rogers l,2,0,0
,DEM,Jim Ward,minority leader of the Kansas House of Representatives,2018,Governor,KS,ward j,0,1,0
,DEM,Paul Davis,former minority leader of the Kansas House of Representatives and nominee for governor in 2014 (running for KS-02 ),2018,Governor,KS,davis p,0,1,1
,IND,Rick Kloos,"Running mate: Nathaniel Kloos, son of Rick Kloos",2018,Governor,KS,kloos r,0,0,0
,IND,Greg Orman,"businessman and candidate for the U.S. Senate in 2014   Running mate: John Doll , state senator",2018,Governor,KS,orman g,2,0,1
,IND,[ 72 ],"g mate: Nathaniel Kloos, son of Rick Kloos",2018,Governor,KS,,0,0,0
,IND,John Doll,"ate: John Doll , state senator",2018,Governor,KS,doll j,2,0,0
,IND,Aaron Coleman,college student,2018,Governor,KS,coleman a,0,0,0
,IND,Running mate: Scott Goodwin,Connecticut Advertiser,2018,Governor,KS,goodwin r,0,0,0
,REP,Charlie Baker,incumbent governor,2018,Governor,MA,baker c,3,0,0
,REP,Scott Lively,pastor and independent candidate for governor in 2014,2018,Governor,MA,lively s,0,0,1
,REP,Barnstable County,"able County commissioner (running for state representative, endorsed Lively)",2018,Governor,MA,county b,2,1,0
,REP,Karyn Polito,incumbent lieutenant governor,2018,Governor,MA,polito k,3,0,0
,DEM,Jay Gonzalez,"private health insurance executive, corporate lawyer, former state secretary of administration and finance",2018,Governor,MA,gonzalez j,0,0,0
,DEM,Bob Massie,"co-founder of the Global Reporting Initiative , former executive director of Ceres , former president of the New Economy Coalition , ordained Episcopal minister, nominee for lieutenant governor in 1994 , candidate for the U.S. Senate in 2012",2018,Governor,MA,massie b,0,0,1
,DEM,Setti Warren,former mayor of Newton and candidate for the U.S. Senate in 2012,2018,Governor,MA,warren s,1,0,1
,DEM,Joe Avellone,"businessman, former chairman of the Wellesley Board of selectmen and candidate for governor in 2014",2018,Governor,MA,avellone j,0,0,1
,DEM,Jeff Bussgang,venture capitalist and lecturer at Harvard Business School,2018,Governor,MA,bussgang j,0,0,0
,DEM,Katherine Clark,U.S. representative ( running for reelection ),2018,Governor,MA,clark k,4,1,0
,DEM,United Independent Party,d former chair of the United Independent Party and United Independent nominee for governor in 2014,2018,Governor,MA,party u,0,0,1
,DEM,Maura Healey,Massachusetts attorney general (ran for reelection),2018,Governor,MA,healey m,3,0,0
,DEM,Joe Kennedy III,U.S. representative (ran for reelection),2018,Governor,MA,kennedy j,4,1,0
,DEM,John Kerry,"former United States secretary of state , former U.S. senator, former lieutenant governor of Massachusetts and nominee for president in 2004",2018,Governor,MA,kerry j,4,0,1
,DEM,Paul Mark,state representative  (endorsed Jay Gonzalez ),2018,Governor,MA,mark p,2,1,0
,DEM,Marty Meehan,president of the University of Massachusetts System and former U.S. representative,2018,Governor,MA,meehan m,4,1,0
,DEM,Seth Moulton,U.S. representative ( ran for reelection ),2018,Governor,MA,moulton s,4,1,0
,DEM,Marty Walsh,mayor of Boston and former state representative,2018,Governor,MA,walsh m,2,1,0
,DEM,Dan Wolf,businessman and former state senator,2018,Governor,MA,wolf d,2,0,0
,DEM,Quentin Palfrey,former senior advisor to the president for jobs & competitiveness,2018,Governor,MA,palfrey q,0,0,0
,DEM,Jimmy Tingle,humorist and activist,2018,Governor,MA,tingle j,0,0,0
,DEM,Norfolk County,"ott, Norfolk County Register of Probate",2018,Governor,MA,county n,0,0,0
,DEM,New Bedford,"l, mayor of New Bedford",2018,Governor,MA,bedford n,1,0,0
,DEM,Matt O'Malley,Boston City Councilor,2018,Governor,MA,malley m,1,0,0
,DEM,Ayanna Pressley,Boston City Councilor (running for MA-7 ),2018,Governor,MA,pressley a,1,0,0
,REP,Larry Hogan,incumbent governor,2018,Governor,MD,hogan l,3,0,0
,REP,Barry Glassman,Harford County Executive,2018,Governor,MD,glassman b,1,0,0
,REP,Anne Arundel County,rundel County Councilman,2018,Governor,MD,county a,1,0,0
,DEM,Ben Jealous,"former president and CEO of the NAACP  Running mate: Susie Turnbull , former chair of the Maryland Democratic Party and former vice chair of the Democratic National Committee",2018,Governor,MD,jealous b,0,0,0
,DEM,Susie Turnbull,"Susie Turnbull , former chair of the Maryland Democratic Party and former vice chair of the Democratic National Committee",2018,Governor,MD,turnbull s,0,0,0
,DEM,Maya Rockeymoore Cummings,policy consultant and wife of U.S. Representative Elijah Cummings,2018,Governor,MD,cummings m,4,1,0
,DEM,Baltimore County Board of Education,er vice chair of the Baltimore County Board of Education and small businesswoman,2018,Governor,MD,education b,0,0,0
,DEM,John Delaney,"U.S. Representative (ran for President in 2020 ,)",2018,Governor,MD,delaney j,4,1,0
,DEM,Peter Franchot,State Comptroller,2018,Governor,MD,franchot p,3,0,0
,DEM,Brian Frosh,attorney general,2018,Governor,MD,frosh b,3,0,0
,DEM,Doug Gansler,former attorney general and candidate for governor in 2014,2018,Governor,MD,gansler d,3,0,1
,DEM,Ike Leggett,Montgomery County executive,2018,Governor,MD,leggett i,1,0,0
,DEM,Maggie McIntosh,state delegate,2018,Governor,MD,mcintosh m,2,0,0
,DEM,Heather Mizeur,former state delegate and candidate for governor in 2014,2018,Governor,MD,mizeur h,2,0,1
,DEM,Joseline Peña-Melnyk,state delegate and candidate for MD-04 in 2016,2018,Governor,MD,melnyk j,2,0,1
,DEM,Thomas Perez,"chair of the Democratic National Committee , former United States Secretary of Labor , and former Maryland Secretary of Labor",2018,Governor,MD,perez t,4,0,0
,DEM,Stephanie Rawlings-Blake,former mayor of Baltimore,2018,Governor,MD,blake s,1,0,0
,DEM,David Trone,businessman and candidate for MD-08 in 2016 (running for MD-06),2018,Governor,MD,trone d,0,0,1
,DEM,Kenneth Ulman,former Howard County executive and nominee for lieutenant governor in 2014,2018,Governor,MD,ulman k,1,0,1
,DEM,Maryland Green Party,"preneur and former co-chair of the Maryland Green Party  Running mate: Annie Chambers, reverend and Baltimore City Resident Advisory Board member",2018,Governor,MD,party m,0,0,0
,DEM,Baltimore City,"Annie Chambers, reverend and Baltimore City Resident Advisory Board member",2018,Governor,MD,city b,0,0,0
,DEM,2014,"n Quinn, nominee for governor in 2014 and nominee for the House of Delegates in 2010  Running mate: Christina Smith",2018,Governor,MD,,0,0,1
,REP,2010,"n Moody, businessman and independent candidate for governor in 2010",2018,Governor,ME,,0,0,1
,REP,Mike Thibodeau,Maine Senate president,2018,Governor,ME,thibodeau m,0,0,0
,REP,Rick Bennett,"former chairman of the Maine Republican Party , former President of the Maine Senate , candidate for the U.S. Senate in 2012 and nominee for ME-02 in 1994",2018,Governor,ME,bennett r,0,0,1
,REP,Susan Collins,U.S. senator and nominee for governor in 1994,2018,Governor,ME,collins s,4,0,1
,REP,Waterville,Mayor of Waterville,2018,Governor,ME,waterville,1,0,0
,REP,Bruce Poliquin,U.S. representative (ran for reelection),2018,Governor,ME,poliquin b,4,1,0
,DEM,Janet Mills,Maine Attorney General,2018,Governor,ME,mills j,3,0,0
,DEM,James Boyle,former state senator,2018,Governor,ME,boyle j,2,0,0
,DEM,United States Coast Guard,d United States Coast Guard Commander,2018,Governor,ME,guard u,0,0,0
,DEM,Sean Faircloth,former mayor of Bangor and former state senator,2018,Governor,ME,faircloth s,2,0,0
,DEM,Justin Alfond,former state senator and former President of the Maine Senate,2018,Governor,ME,alfond j,2,0,0
,DEM,[ 35 ],"Light Breen, CEO of the Maine Development Foundation",2018,Governor,ME,,0,0,0
,DEM,Adam Goode,former state representative,2018,Governor,ME,goode a,2,1,0
,DEM,Troy Jackson,State Senate Minority Leader,2018,Governor,ME,jackson t,2,0,0
,DEM,Stephen King,author,2018,Governor,ME,king s,0,0,0
,DEM,Chellie Pingree,U.S. Representative,2018,Governor,ME,pingree c,4,1,0
,DEM,Hannah Pingree,former Speaker of the Maine House of Representatives,2018,Governor,ME,pingree h,2,1,0
,DEM,ME-02,"St. Clair, nonprofit executive (ran for ME-02 )",2018,Governor,ME,me,0,0,0
,IND,ME-02,"arker Dresser, candidate for ME-02 in 2016",2018,Governor,ME,me,0,0,1
,IND,[ 107 ],"arsano, activist",2018,Governor,ME,,0,0,0
,IND,Terry Hayes,Maine State Treasurer,2018,Governor,ME,hayes t,3,0,0
,IND,John Jenkins,"former mayor of Lewiston, former mayor of Auburn and former Democratic state senator   ^ (write-in candidate)",2018,Governor,ME,jenkins j,2,0,0
,IND,Eliot Cutler,attorney and candidate for governor in 2010 and 2014,2018,Governor,ME,cutler e,0,0,1
,IND,running for re-election,r and former governor ( running for re-election ),2018,Governor,ME,election r,3,0,0
,IND,Richard G. Woodbury,former state senator,2018,Governor,ME,woodbury r,2,0,0
,REP,Bill Schuette,Attorney General of Michigan,2018,Governor,MI,schuette b,3,0,0
,REP,David Agema,former Republican National Committeeman and former state representative (endorsed Patrick Colbeck),2018,Governor,MI,agema d,2,1,0
,REP,Jase Bolger,former Speaker of the Michigan House of Representatives,2018,Governor,MI,bolger j,2,1,0
,REP,Larry C. Inman,state representative,2018,Governor,MI,inman l,2,1,0
,REP,Ruth Johnson,Michigan Secretary of State and nominee for lieutenant governor in 2006 (running for state senate),2018,Governor,MI,johnson r,3,0,1
,REP,Arlan Meekhof,Majority Leader of the Michigan Senate,2018,Governor,MI,meekhof a,0,0,0
,REP,Candice Miller,Macomb County Public Works Commissioner and former U.S. representative (endorsed Bill Schuette),2018,Governor,MI,miller c,4,1,0
,DEM,Gretchen Whitmer,former Ingham County Prosecuting Attorney and former Minority Leader of the Michigan Senate,2018,Governor,MI,whitmer g,0,0,0
,DEM,[ 81 ],"ustin, former president of the Michigan Board of Education",2018,Governor,MI,,0,0,0
,DEM,Mark Bernstein,member of University of Michigan Board of Regents,2018,Governor,MI,bernstein m,0,0,0
,DEM,Mike Duggan,Mayor of Detroit,2018,Governor,MI,duggan m,1,0,0
,DEM,Geoffrey Fieger,attorney and nominee for governor in 1998,2018,Governor,MI,fieger g,0,0,1
,DEM,Mark Hackel,Macomb County Executive,2018,Governor,MI,hackel m,1,0,0
,DEM,Dan Kildee,U.S. representative,2018,Governor,MI,kildee d,4,1,0
,DEM,Andy Levin,energy consultant and son of Congressman Sander Levin  (running for Congress in MI-9),2018,Governor,MI,levin a,4,0,0
,DEM,Barbara McQuade,former United States Attorney for the Eastern District of Michigan,2018,Governor,MI,mcquade b,0,0,0
,DEM,Gary Peters,U.S. senator,2018,Governor,MI,peters g,4,0,0
,DEM,Lear Corporation,CEO of Lear Corporation,2018,Governor,MI,corporation l,0,0,0
,DEM,Bart Stupak,former U.S. representative,2018,Governor,MI,stupak b,4,1,0
,DEM,Tim Walz,"U.S. representative from Minnesota's 1st congressional district  Running mate: Peggy Flanagan , state representative",2018,Governor,MN,walz t,4,1,0
,DEM,Peggy Flanagan,"Peggy Flanagan , state representative",2018,Governor,MN,flanagan p,2,1,0
,DEM,Chris Coleman,former mayor of Saint Paul,2018,Governor,MN,coleman c,1,0,0
,DEM,Tina Liebling,State Representative,2018,Governor,MN,liebling t,2,1,0
,DEM,Rebecca Otto,"Minnesota State Auditor  Running mate: Zarina Baber, IT professional",2018,Governor,MN,otto r,3,0,0
,DEM,Paul Thissen,"state representative , former House Minority Leader , and former Speaker of the House",2018,Governor,MN,thissen p,2,1,0
,DEM,Running mate: Zarina Baber,IT professional,2018,Governor,MN,baber r,0,0,0
,DEM,Tom Bakk,Minority Leader of the Minnesota Senate and candidate for governor in 2010,2018,Governor,MN,bakk t,0,0,1
,DEM,Mark Dayton,incumbent governor and former U.S. Senator,2018,Governor,MN,dayton m,4,0,0
,DEM,Debra Hilstrom,state representative and candidate for Secretary of State in 2014 ( ran for attorney general ),2018,Governor,MN,hilstrom d,2,1,1
,DEM,Amy Klobuchar,U.S. senator ( ran for re-election ),2018,Governor,MN,klobuchar a,4,0,0
,DEM,Rick Nolan,U.S. representative from Minnesota's 8th congressional district (ran for lieutenant governor),2018,Governor,MN,nolan r,4,1,0
,DEM,R. T. Rybak,"former vice chair of the Democratic National Committee , former mayor of Minneapolis and candidate for governor in 2010",2018,Governor,MN,rybak r,1,0,1
,DEM,Tina Smith,U.S. senator ( ran for U.S. Senate ),2018,Governor,MN,smith t,4,0,0
,REP,Jeff Johnson,"Hennepin County Commissioner , former state representative, and nominee for governor in 2014  Running mate: Donna Bergstrom, retired Marine Corps intelligence officer",2018,Governor,MN,johnson j,2,1,1
,REP,[ 57 ],"g mate: Donna Bergstrom, retired Marine Corps intelligence officer",2018,Governor,MN,,0,0,0
,REP,Matt Dean,state representative,2018,Governor,MN,dean m,2,1,0
,REP,Keith Downey,former chairman of the Republican Party of Minnesota and former state representative,2018,Governor,MN,downey k,2,1,0
,REP,Ramsey County,Ramsey County Commissioner,2018,Governor,MN,county r,1,0,0
,REP,David Osmek,state senator,2018,Governor,MN,osmek d,2,0,0
,REP,Mary Giuliani Stephens,"mayor of Woodbury   Running mate: Jeff Backer , state representative",2018,Governor,MN,stephens m,2,1,0
,REP,Jeff Backer,"e: Jeff Backer , state representative",2018,Governor,MN,backer j,2,1,0
,REP,Sarah Anderson,state representative,2018,Governor,MN,anderson s,2,1,0
,REP,Michele Bachmann,former U.S. representative and candidate for president in 2012,2018,Governor,MN,bachmann m,4,1,1
,REP,Michelle Benson,state senator and candidate for lieutenant governor in 2014,2018,Governor,MN,benson m,2,0,1
,REP,Kurt Daudt,Speaker of the Minnesota House of Representatives ( endorsed Pawlenty ),2018,Governor,MN,daudt k,2,1,0
,REP,Tom Emmer,U.S. representative and nominee for governor in 2010  ( running for re-election ),2018,Governor,MN,emmer t,4,1,1
,REP,Karin Housley,state senator ( ran for U.S. Senate ),2018,Governor,MN,housley k,2,0,0
,REP,Amy Koch,former Majority Leader of the Minnesota Senate,2018,Governor,MN,koch a,0,0,0
,REP,Mike Lindell,CEO of My Pillow,2018,Governor,MN,lindell m,0,0,0
,REP,Mike McFadden,businessman and nominee for the U.S. Senate in 2014,2018,Governor,MN,mcfadden m,0,0,1
,REP,Carla Nelson,state senator,2018,Governor,MN,nelson c,2,0,0
,REP,Erik Paulsen,U.S. representative from Minnesota's 3rd congressional district ( ran for re-election ),2018,Governor,MN,paulsen e,4,1,0
,REP,Julie Rosen,state senator (endorsed Pawlenty),2018,Governor,MN,rosen j,2,0,0
,REP,Rich Stanek,Hennepin County sheriff and former state representative (ran for re-election),2018,Governor,MN,stanek r,2,1,0
,IND,Chris Wright,"( Grassroots–Legalize Cannabis Party ), Grassroots Party nominee for governor in 1998 , 2010 and 2014",2018,Governor,MN,wright c,0,0,1
,REP,Chris Sununu,incumbent governor,2018,Governor,NH,sununu c,3,0,0
,DEM,Molly Kelly,former state senator,2018,Governor,NH,kelly m,2,0,0
,DEM,Steve Marchand,former mayor of Portsmouth and candidate for governor in 2016,2018,Governor,NH,marchand s,1,0,1
,DEM,Dan Feltes,state senator,2018,Governor,NH,feltes d,2,0,0
,DEM,Chris Pappas,Executive Councilor (running for NH-01 ),2018,Governor,NH,pappas c,0,0,0
,DEM,Colin Van Ostern,former executive councilor and nominee for governor in 2016 (running for Secretary of State ),2018,Governor,NH,ostern c,0,0,1
,DEM,Andru Volinsky,Executive Councilor,2018,Governor,NH,volinsky a,0,0,0
,DEM,Free State Project,chair of the Free State Project  and independent candidate for the U.S. Senate in 2016,2018,Governor,NH,project f,0,0,1
,DEM,Libertarian Party of New Hampshire,of the Libertarian Party of New Hampshire and independent candidate for governor in 2016,2018,Governor,NH,hampshire l,0,0,1
,REP,Steve Pearce,"U.S. Representative, candidate for the U.S. Senate in 2000 and nominee for the U.S. Senate in 2008",2018,Governor,NM,pearce s,4,1,1
,REP,Aubrey Dunn Jr.,New Mexico Commissioner of Public Lands and candidate for NM-02 in 2008,2018,Governor,NM,dunn a,3,0,1
,REP,John Sanchez,lieutenant governor and nominee for governor of New Mexico in 2002,2018,Governor,NM,sanchez j,3,0,1
,REP,Attorney General,"Holmes, former chief of staff to Attorney General Gary King , former police detective and candidate for mayor of Albuquerque in 2017",2018,Governor,NM,general a,3,0,1
,REP,[ 10 ],"Zunie, former secretary of the New Mexico Indian Affairs Department",2018,Governor,NM,,0,0,0
,REP,Ted Barela,former state senator,2018,Governor,NM,barela t,2,0,0
,REP,Mark Moores,state senator,2018,Governor,NM,moores m,2,0,0
,REP,Cliff Pirtle,state senator,2018,Governor,NM,pirtle c,2,0,0
,DEM,Michelle Lujan Grisham,U.S. Representative,2018,Governor,NM,grisham m,4,1,0
,DEM,Hector Balderas,Attorney General ( running for re-election ),2018,Governor,NM,balderas h,3,0,0
,DEM,Javier Gonzales,former mayor of Santa Fe (running for lieutenant governor),2018,Governor,NM,gonzales j,3,0,0
,DEM,Martin Heinrich,U.S. Senator ( running for reelection ),2018,Governor,NM,heinrich m,4,0,0
,DEM,Tim Keller,mayor of Albuquerque and former State Auditor,2018,Governor,NM,keller t,3,0,0
,DEM,Ben Ray Luján,U.S. Representative,2018,Governor,NM,lujan b,4,1,0
,DEM,Tom Udall,U.S. Senator,2018,Governor,NM,udall t,4,0,0
,DEM,Alan Webber,mayor of Santa Fe and candidate for governor in 2014,2018,Governor,NM,webber a,1,0,1
,DEM,Doña Ana County,Doña Ana County Commissioner,2018,Governor,NM,county d,1,0,0
,DEM,Rick Miera,former Majority Leader of the New Mexico House of Representatives,2018,Governor,NM,miera r,0,1,0
,DEM,Howie Morales,state senator and candidate for governor in 2014,2018,Governor,NM,morales h,2,0,1
,DEM,Jeff Carr,retired teacher and former New Mexico Public Education Commissioner,2018,Governor,NM,carr j,0,0,0
,DEM,[ 39 ],"McTeigue, juvenile probation officer",2018,Governor,NM,,0,0,0
,DEM,Michael Padilla,state senator,2018,Governor,NM,padilla m,2,0,0
,DEM,Brian Colón,"former chairman of the Democratic Party of New Mexico , nominee for lieutenant governor in 2010 and candidate for mayor of Albuquerque in 2017 ( running for State Auditor )",2018,Governor,NM,colon b,0,0,1
,DEM,Bill O'Neill,state senator,2018,Governor,NM,neill b,2,0,0
,DEM,"Aubrey Dunn, Jr.","Commissioner of Public Lands   ( ran for the U.S. Senate, but dropped out )",2018,Governor,NM,dunn a,3,0,0
,DEM,Gary Johnson,former Republican governor and nominee for president in 2012 and 2016   ( running for the U.S. Senate ),2018,Governor,NM,johnson g,3,0,1
,REP,Adam Laxalt,Nevada Attorney General,2018,Governor,NV,laxalt a,3,0,0
,REP,Mark Amodei,U.S. representative (ran for re-election and won),2018,Governor,NV,amodei m,4,1,0
,REP,Joe Heck,former U.S. representative and nominee for U.S. Senate in 2016,2018,Governor,NV,heck j,4,1,1
,REP,Dean Heller,U.S. senator (endorsed Laxalt and ran for re-election and lost),2018,Governor,NV,heller d,4,0,0
,REP,[ 14 ],"Hill, former executive director of the Nevada Governor's Office of Economic Development",2018,Governor,NV,,3,0,0
,REP,Mark Hutchison,lieutenant governor (endorsed Laxalt),2018,Governor,NV,hutchison m,3,0,0
,REP,Ron Knecht,Nevada State Controller (ran for re-election and lost),2018,Governor,NV,knecht r,0,0,0
,REP,Brian Krolicki,former lieutenant governor,2018,Governor,NV,krolicki b,3,0,0
,DEM,Steve Sisolak,chair of the Clark County Commission,2018,Governor,NV,sisolak s,0,0,0
,DEM,Aaron Ford,Majority Leader of the Nevada Senate (ran for attorney general and won),2018,Governor,NV,ford a,3,0,0
,DEM,[ 52 ],"Juaristi, consultant and former gubernatorial aide",2018,Governor,NV,,0,0,0
,DEM,Tick Segerblom,state senator (ran for Clark County Commission and won),2018,Governor,NV,segerblom t,2,0,0
,DEM,Dina Titus,U.S. representative for Nevada's 1st congressional district and nominee for governor in 2006 (endorsed Sisolak and ran for re-election and won),2018,Governor,NV,titus d,4,1,1
,IND,Ryan Bundy,rancher,2018,Governor,NV,bundy r,0,0,0
,DEM,Andrew Cuomo,governor of New York,2018,Governor,NY,cuomo a,3,0,0
,DEM,Randy Credico,perennial candidate (endorsed Nixon),2018,Governor,NY,credico r,0,0,0
,DEM,Terry Gipson,former state senator,2018,Governor,NY,gipson t,2,0,0
,DEM,Preet Bharara,former United States Attorney for the Southern District of New York,2018,Governor,NY,bharara p,0,0,0
,DEM,Byron Brown,mayor of Buffalo and chairman of the New York State Democratic Party,2018,Governor,NY,brown b,1,0,0
,DEM,Hillary Clinton,67th US Secretary of State ; former U.S. senator from NY; former First Lady of the United States ; 2008 Democratic presidential candidate ; Democratic nominee for president in 2016 (endorsed Cuomo),2018,Governor,NY,clinton h,4,0,1
,DEM,Thomas DiNapoli,Comptroller of New York (ran for reelection),2018,Governor,NY,dinapoli t,0,0,0
,DEM,Kirsten Gillibrand,incumbent U.S. senator from New York ( ran for reelection ; endorsed Cuomo),2018,Governor,NY,gillibrand k,4,0,0
,DEM,Stephanie Miner,"former mayor of Syracuse   (declined to seek Democratic Party nomination, ran for governor on the Serve America Movement ticket)",2018,Governor,NY,miner s,3,0,0
,DEM,Eric Schneiderman,"Attorney General of New York (resigned from public office May 7, 2018, following accusations of domestic violence )",2018,Governor,NY,schneiderman e,3,0,0
,DEM,Zephyr Teachout,"law professor at Fordham University , candidate for governor in 2014 and nominee for NY-19 in 2016 (endorsed Nixon; ran for attorney general)",2018,Governor,NY,teachout z,3,0,1
,DEM,Jumaane Williams,member of the NYC Council  (endorsed Nixon; ran for lieutenant governor),2018,Governor,NY,williams j,3,0,0
,REP,Marc Molinaro,"Dutchess County Executive and former member of the New York State Assembly  Running mate: Julie Killian, former Rye city councilwoman and state senate nominee",2018,Governor,NY,molinaro m,2,0,0
,REP,Rye,"ning mate: Julie Killian, former Rye city councilwoman and state senate nominee",2018,Governor,NY,rye,2,0,0
,REP,John A. DeFrancisco,Deputy Majority Leader of the New York State Senate,2018,Governor,NY,defrancisco j,2,0,0
,REP,Joel Giambra,former Erie County Executive,2018,Governor,NY,giambra j,1,0,0
,REP,Joe Holland,former commissioner of the New York Department of Housing and Community Renewal ( ran for Attorney General instead ),2018,Governor,NY,holland j,3,0,0
,REP,Brian Kolb,Minority Leader of the New York State Assembly,2018,Governor,NY,kolb b,2,0,0
,REP,Rob Astorino,former Westchester County Executive and Republican nominee for governor in 2014,2018,Governor,NY,astorino r,1,0,1
,REP,George Pataki,"l, former commissioner of the New York Department of Environmental Conservation; former chief of staff to Governor George Pataki ; Republican nominee for attorney general in 2014",2018,Governor,NY,pataki g,3,0,1
,REP,John J. Flanagan,Majority Leader of the New York State Senate,2018,Governor,NY,flanagan j,2,0,0
,REP,Chris Gibson,former U.S. representative,2018,Governor,NY,gibson c,4,1,0
,REP,Carl Paladino,former member of the Buffalo Public Schools Board of Education and nominee for governor in 2010,2018,Governor,NY,paladino c,0,0,1
,REP,Donald Trump Jr.,businessman and son of U.S. president Donald Trump,2018,Governor,NY,trump d,0,0,0
,REP,Harry Wilson,businessman and nominee for State Comptroller in 2010,2018,Governor,NY,wilson h,0,0,1
,IND,Independence Party of New York,": On December 23, 2017, the party endorsed incumbent governor Andrew Cuomo for the third consecutive election cycle.  Nominee: Andrew Cuomo",2018,Governor,NY,york i,3,0,0
,IND,Women's Equality Party,": The party endorsed Cuomo for re-election, as the party remained allied with the Cuomo campaign.  Nominee: Andrew Cuomo",2018,Governor,NY,party w,0,0,0
,IND,Howie Hawkins,"e Hawkins , party co-founder and perennial candidate  Running mate: Jia Lee, United Federation of Teachers chapter leader and public school teacher",2018,Governor,NY,hawkins h,0,0,0
,IND,United Federation of Teachers,Federation of Teachers chapter leader and public school teacher,2018,Governor,NY,teachers u,0,0,0
,IND,Larry Sharpe,"ry Sharpe , business consultant and runner-up in the 2016 Libertarian Party vice presidential primary   Running mate: Andrew Hollister, candidate for Rochester City Council in 2017",2018,Governor,NY,sharpe l,0,0,1
,IND,Rochester,"ate: Andrew Hollister, candidate for Rochester City Council in 2017",2018,Governor,NY,rochester,0,0,1
,IND,Stephanie Miner,"nie Miner , former state Democratic Party chairwoman and former mayor of Syracuse Running mate: Michael Volpe, mayor of Pelham",2018,Governor,NY,miner s,1,0,0
,IND,Pelham,"g mate: Michael Volpe, mayor of Pelham",2018,Governor,NY,pelham,1,0,0
,REP,Mike DeWine,"Ohio attorney general , former U.S. senator , former lieutenant governor of Ohio , and  former U.S. representative   Running mate: Jon Husted , Ohio Secretary of State and former speaker of the Ohio House of Representatives",2018,Governor,OH,dewine m,4,1,0
,REP,Jon Husted,"te: Jon Husted , Ohio Secretary of State and former speaker of the Ohio House of Representatives",2018,Governor,OH,husted j,3,1,0
,REP,Jim Renacci,"U.S. representative from Ohio's 16th congressional district ( ran for U.S. Senate )  Running mate: Amy Murray, Cincinnati councilwoman",2018,Governor,OH,renacci j,4,1,0
,REP,Running mate: Amy Murray,Cincinnati councilwoman,2018,Governor,OH,murray r,0,0,0
,DEM,Richard Cordray,"former director of the Consumer Financial Protection Bureau , former Ohio attorney general , former Ohio state treasurer , nominee for OH-15 in 1992 , nominee for attorney general in 1998 and 2010 , and candidate for U.S. Senate in 2000   Running mate: Betty Sutton , former U.S. representative",2018,Governor,OH,cordray r,4,1,1
,DEM,Betty Sutton,": Betty Sutton , former U.S. representative",2018,Governor,OH,sutton b,4,1,0
,DEM,Connie Pillich,"former state representative and nominee for Ohio state treasurer in 2014 (endorsed Cordray)    Running mate: Scott Schertzer, mayor of Marion, Ohio",2018,Governor,OH,pillich c,2,1,1
,DEM,Nan Whaley,mayor of Dayton (endorsed Cordray),2018,Governor,OH,whaley n,1,0,0
,DEM,"Marion, Ohio",": Scott Schertzer, mayor of Marion, Ohio",2018,Governor,OH,ohio m,1,0,0
,DEM,[ 157 ],"Irvine, filmmaker and writer  Running mate: Todd Grayson",2018,Governor,OH,,0,0,0
,DEM,Bruce Jaynes,entrepreneur,2018,Governor,OH,jaynes b,0,0,0
,DEM,Stephen Quinn,student,2018,Governor,OH,quinn s,0,0,0
,DEM,State House,"adell-Newton, attorney, co-chair of the Ohio Green Party and nominee for the State House in 2016  Running mate: Brett R. Joseph",2018,Governor,OH,house s,0,0,1
,REP,Kevin Stitt,businessman,2018,Governor,OK,stitt k,0,0,0
,DEM,Drew Edmondson,former attorney general of Oklahoma and candidate for governor of Oklahoma in 2010,2018,Governor,OK,edmondson d,3,0,1
,DEM,Scott Inman,state representative,2018,Governor,OK,inman s,2,1,0
,DEM,[ 78 ],"Jay Brown, auto mechanic",2018,Governor,OK,,0,0,0
,DEM,Dan Boren,former U.S. representative,2018,Governor,OK,boren d,4,1,0
,DEM,Joe Dorman,former state representative and nominee for governor in 2014,2018,Governor,OK,dorman j,2,1,1
,DEM,Oklahoma Libertarian Party,of the Oklahoma Libertarian Party and candidate for Oklahoma County Clerk in 2016,2018,Governor,OK,party o,0,0,1
,DEM,Kate Brown,incumbent governor,2018,Governor,OR,brown k,3,0,0
,REP,Knute Buehler,"orthopedic surgeon, state representative and nominee for secretary of state in 2012",2018,Governor,OR,buehler k,2,1,1
,REP,2014,"Carpenter, businessman and candidate for the U.S. Senate in 2014 and 2016",2018,Governor,OR,,0,0,1
,REP,Blue Angels,"idge, former Blue Angels commanding officer",2018,Governor,OR,angels b,0,0,0
,REP,Lori Chavez-DeRemer,Mayor of Happy Valley and nominee for the state house in 2016,2018,Governor,OR,deremer l,1,0,1
,REP,Cedric Ross Hayden,state representative,2018,Governor,OR,hayden c,2,1,0
,REP,Mike McLane,House Minority Leader,2018,Governor,OR,mclane m,0,0,0
,REP,Bud Pierce,physician and nominee for governor in 2016,2018,Governor,OR,pierce b,0,0,1
,REP,Bill Post,state representative,2018,Governor,OR,post b,2,1,0
,REP,Dennis Richardson,"Oregon Secretary of State , former state representative and nominee for governor in 2014",2018,Governor,OR,richardson d,3,1,1
,DEM,Tom Wolf,incumbent governor,2018,Governor,PA,wolf t,3,0,0
,DEM,John Fetterman,mayor of Braddock and candidate for the U.S. Senate in 2016,2018,Governor,PA,fetterman j,1,0,1
,DEM,PA-16,"na Berringer, Iraq War veteran and nominee for PA-16 in 2012 (endorsed Kathi Cozzone)",2018,Governor,PA,pa,0,0,1
,DEM,Madeleine Dean,state representative (running for PA-04 ),2018,Governor,PA,dean m,2,1,0
,DEM,Lancaster County,ncaster County commissioner (endorsed Kathi Cozzone),2018,Governor,PA,county l,1,0,0
,REP,Scott Wagner,state senator,2018,Governor,PA,wagner s,2,0,0
,REP,Mike Turzai,speaker of the Pennsylvania House of Representatives and nominee for PA-04 in 1998,2018,Governor,PA,turzai m,2,1,1
,REP,ran for U.S. Senate,sman ( ran for U.S. Senate ),2018,Governor,PA,senate r,0,0,0
,REP,Lou Barletta,U.S. representative ( ran for U.S. Senate ),2018,Governor,PA,barletta l,4,1,0
,REP,Jake Corman,majority leader of the Pennsylvania State Senate,2018,Governor,PA,corman j,2,0,0
,REP,Mike Kelly,U.S. representative,2018,Governor,PA,kelly m,4,1,0
,REP,Dave Reed,majority leader of the Pennsylvania House of Representatives,2018,Governor,PA,reed d,0,1,0
,REP,Jeff Bartos,businessman (running with Scott Wagner),2018,Governor,PA,bartos j,0,0,0
,REP,Gordon Denlinger,former state representative,2018,Governor,PA,denlinger g,2,1,0
,REP,[ 73 ],"oit, candidate for state treasurer in 2016",2018,Governor,PA,,0,0,1
,REP,Dave Argall,state senator and nominee for PA-17 in 2010,2018,Governor,PA,argall d,2,0,1
,REP,The Apprentice,"ttorney, political correspondent and The Apprentice contestant",2018,Governor,PA,apprentice t,0,0,0
,REP,Dan Meuser,former Pennsylvania secretary of revenue and candidate for PA-10 in 2008 ( running for PA-09 ),2018,Governor,PA,meuser d,0,0,1
,REP,Justin Simmons,state representative ( running for PA-15 ),2018,Governor,PA,simmons j,2,1,0
,REP,Paul Glover,community organizer,2018,Governor,PA,glover p,0,0,0
,REP,Kathleen Smith,entrepreneur (running with Ken Krawchuk),2018,Governor,PA,smith k,0,0,0
,DEM,Gina Raimondo,incumbent governor,2018,Governor,RI,raimondo g,3,0,0
,DEM,[ 6 ],"Roselli, president of the Burrillville Land Trust (running for State Senate Dist. 23) (endorsed Matt Brown)",2018,Governor,RI,,2,0,0
,DEM,Lincoln Chafee,former governor and candidate for president of the United States in 2016,2018,Governor,RI,chafee l,3,0,1
,DEM,James Langevin,U.S. representative,2018,Governor,RI,langevin j,4,1,0
,DEM,Daniel McKee,lieutenant governor (running for reelection),2018,Governor,RI,mckee d,3,0,0
,DEM,Angel Taveras,former mayor of Providence and candidate for governor in 2014,2018,Governor,RI,taveras a,1,0,1
,REP,Allan Fung,mayor of Cranston and nominee for governor in 2014,2018,Governor,RI,fung a,1,0,1
,REP,Robert Flanders,former associate justice of the Rhode Island Supreme Court ( running for U.S. Senate ),2018,Governor,RI,flanders r,0,0,0
,REP,Robert Nardolillo,state representative ( running for U.S. Senate ),2018,Governor,RI,nardolillo r,2,1,0
,REP,Joe Trillo,former state representative (running as an independent),2018,Governor,RI,trillo j,2,1,0
,REP,[ 10 ],"azen White, businessman",2018,Governor,RI,,0,0,0
,IND,Luis Daniel Muñoz,physician and community organizer,2018,Governor,RI,munoz l,0,0,0
,IND,Joe Trillo,former Republican state representative,2018,Governor,RI,trillo j,2,1,0
,IND,Matt Brown,former Secretary of State of Rhode Island (running as a Democrat),2018,Governor,RI,brown m,3,0,0
,IND,[ 43 ],"rmstrong (Compassion Party), cannabis activist",2018,Governor,RI,,0,0,0
,REP,Henry McMaster,"incumbent governor   Running mate: Pamela Evette , businesswoman",2018,Governor,SC,mcmaster h,3,0,0
,REP,Pamela Evette,"Pamela Evette , businesswoman",2018,Governor,SC,evette p,0,0,0
,REP,Tom Davis,state senator,2018,Governor,SC,davis t,2,0,0
,REP,Jeff Duncan,U.S. representative,2018,Governor,SC,duncan j,4,1,0
,REP,[ 15 ],"Johnson, businessman and former chairman of the South Carolina Chamber of Commerce (endorsed Catherine Templeton)",2018,Governor,SC,,0,0,0
,REP,Tim Scott,U.S. senator,2018,Governor,SC,scott t,4,0,0
,REP,Billy Wilkins,former chief judge of the United States Court of Appeals for the Fourth Circuit,2018,Governor,SC,wilkins b,1,0,0
,REP,Alan Wilson,attorney general ( ran for re-election ),2018,Governor,SC,wilson a,3,0,0
,DEM,James Smith,"state representative  Running mate: Mandy Powers Norrell , state representative",2018,Governor,SC,smith j,2,1,0
,DEM,Mandy Powers Norrell,"Powers Norrell , state representative",2018,Governor,SC,norrell m,2,1,0
,DEM,Steve Benjamin,Mayor of Columbia,2018,Governor,SC,benjamin s,1,0,0
,DEM,Marlon Kimpson,state senator,2018,Governor,SC,kimpson m,2,0,0
,DEM,Inez Tenenbaum,"former State Superintendent of Education , former chair of the Consumer Product Safety Commission and nominee for the U.S. Senate in 2004",2018,Governor,SC,tenenbaum i,0,0,1
,IND,Anderson,"ney (Independent), former Anderson City Councilman, candidate for SC-03 in 2006 and write-in candidate for SC-05 in 2017",2018,Governor,SC,anderson,1,0,1
,IND,American Party,"American Party ), medication researcher,  nomination declined by the American Party  Running mate: James Cartee, theater director",2018,Governor,SC,party a,0,0,0
,IND,Running mate: James Cartee,theater director,2018,Governor,SC,cartee r,0,0,0
,REP,Marty Jackley,Attorney General of South Dakota,2018,Governor,SD,jackley m,3,0,0
,REP,Kristi Noem,"U.S. representative, former state representative",2018,Governor,SD,noem k,4,1,0
,REP,Matt Michels,lieutenant governor of South Dakota,2018,Governor,SD,michels m,3,0,0
,REP,Mark Mickelson,Speaker of the South Dakota House of Representatives,2018,Governor,SD,mickelson m,2,1,0
,DEM,Billie Sutton,Minority Leader of the South Dakota Senate,2018,Governor,SD,sutton b,0,0,0
,DEM,Stephanie Herseth Sandlin,former U.S. representative,2018,Governor,SD,sandlin s,4,1,0
,DEM,Mike Huether,mayor of Sioux Falls,2018,Governor,SD,huether m,1,0,0
,DEM,U.S. Senator,"former science teacher, Libertarian nominee for U.S. Senator in 2002",2018,Governor,SD,senator u,0,0,1
,DEM,Lora Hubbel,"former state representative , Republican candidate for governor in 2014",2018,Governor,SD,hubbel l,2,1,1
,IND,Lora Hubbel,"former state representative , Republican candidate for governor in 2014",2018,Governor,SD,hubbel l,2,1,1
,IND,Mike Huether,mayor of Sioux Falls,2018,Governor,SD,huether m,1,0,0
,REP,Bill Lee,businessman,2018,Governor,TN,lee b,0,0,0
,REP,Mae Beavers,former state senator   (unsuccessfully ran for Wilson County mayor),2018,Governor,TN,beavers m,2,0,0
,REP,Mark Green,state senator (successfully ran in Tennessee's 7th congressional district ),2018,Governor,TN,green m,2,0,0
,REP,Marsha Blackburn,U.S. representative ( successfully ran for the U.S. Senate),2018,Governor,TN,blackburn m,4,1,0
,REP,Tim Burchett,mayor of Knox County ( successfully ran in Tennessee's 2nd congressional district ),2018,Governor,TN,burchett t,1,0,0
,REP,Joe Carr,"former state representative , perennial candidate",2018,Governor,TN,carr j,2,1,0
,REP,Bob Corker,U.S. senator,2018,Governor,TN,corker b,4,0,0
,REP,Stephen Fincher,former U.S. representative,2018,Governor,TN,fincher s,4,1,0
,REP,Alberto Gonzales,dean of the Belmont University School of Law and former U.S. attorney general,2018,Governor,TN,gonzales a,3,0,0
,REP,Bill Hagerty,United States Ambassador to Japan and former Tennessee cabinet official,2018,Governor,TN,hagerty b,0,0,0
,REP,Tre Hargett,Tennessee Secretary of State,2018,Governor,TN,hargett t,3,0,0
,REP,Rob Mitchell,Rutherford County property assessor,2018,Governor,TN,mitchell r,0,0,0
,REP,Mark Norris,"majority leader of the Tennessee Senate , appointed as judge to the United States District Court for the Western District of Tennessee",2018,Governor,TN,norris m,1,0,0
,REP,Andy Ogles,director of Tennessee chapter of Americans for Prosperity  (successfully ran for mayor of Maury County ),2018,Governor,TN,ogles a,1,0,0
,REP,Ron Ramsey,former lieutenant governor of Tennessee and candidate for governor of Tennessee in 2010,2018,Governor,TN,ramsey r,3,0,1
,DEM,Karl Dean,"former mayor of Nashville , 2007–2015",2018,Governor,TN,dean k,1,0,0
,DEM,Andy Berke,mayor of Chattanooga and former state senator,2018,Governor,TN,berke a,2,0,0
,DEM,Nashville,"man, businessman and candidate for mayor of Nashville in 2015",2018,Governor,TN,nashville,0,0,1
,IND,[ 90 ],"iden, comedian (Independent)",2018,Governor,TN,,0,0,0
,IND,TN-03,"Tyler, candidate for TN-03 in 2016",2018,Governor,TN,tn,0,0,1
,REP,Greg Abbott,incumbent governor and former Texas attorney general,2018,Governor,TX,abbott g,3,0,0
,REP,Dan Patrick,lieutenant governor of Texas (running for re-election),2018,Governor,TX,patrick d,3,0,0
,REP,Joe Straus,speaker of the Texas House of Representatives,2018,Governor,TX,straus j,2,1,0
,DEM,Lupe Valdez,former Dallas County sheriff,2018,Governor,TX,valdez l,1,0,0
,DEM,Travis County,candidate for Travis County Commission in 2014,2018,Governor,TX,county t,0,0,1
,DEM,Rafael Anchia,state representative,2018,Governor,TX,anchia r,2,1,0
,DEM,Dwight Boykins,Houston city councilman,2018,Governor,TX,boykins d,1,0,0
,DEM,Joaquín Castro,U.S. representative,2018,Governor,TX,castro j,4,1,0
,DEM,2014,"Collier, businessman and nominee for comptroller in 2014 ( running for lieutenant governor )",2018,Governor,TX,,0,0,1
,DEM,Wendy Davis,former state senator and nominee in 2014,2018,Governor,TX,davis w,2,0,0
,DEM,Pete Gallego,former U.S. representative,2018,Governor,TX,gallego p,4,1,0
,DEM,Eva Longoria,actress and political activist,2018,Governor,TX,longoria e,0,0,0
,DEM,Jack Martin,CEO of Hill+Knowlton Strategies,2018,Governor,TX,martin j,0,0,0
,DEM,Trey Martinez Fischer,former state representative,2018,Governor,TX,fischer t,2,1,0
,DEM,William McRaven,"chancellor of the University of Texas System , retired Navy admiral and former commander of the United States Special Operations Command",2018,Governor,TX,mcraven w,0,0,0
,DEM,Michael Sorrell,president of Paul Quinn College,2018,Governor,TX,sorrell m,0,0,0
,REP,Sun Prairie,"r, businessman and candidate for mayor of Sun Prairie in 2007",2018,Governor,WI,prairie s,0,0,1
,REP,Scott Walker,incumbent governor,2018,Governor,WI,walker s,3,0,0
,REP,Rebecca Kleefisch,incumbent lieutenant governor,2018,Governor,WI,kleefisch r,3,0,0
,DEM,[ 21 ],"rute, liberal talk radio broadcaster  ( endorsed McCabe )",2018,Governor,WI,,0,0,0
,DEM,CA-18,"arlow, candidate for CA-18 in 2016  ( endorsed Flynn )",2018,Governor,WI,ca,0,0,1
,DEM,Dana Wachs,state representative  ( remained on ballot; endorsed Evers ),2018,Governor,WI,wachs d,2,1,0
,DEM,Chris Abele,Milwaukee County Executive,2018,Governor,WI,abele c,1,0,0
,DEM,Peter Barca,state representative and former U.S. representative,2018,Governor,WI,barca p,4,1,0
,DEM,Tom Barrett,"mayor of Milwaukee , former U.S. representative, nominee for governor in 2010 and 2012 , and candidate in 2002",2018,Governor,WI,barrett t,4,1,1
,DEM,John T. Chisholm,Milwaukee County District Attorney ( endorsed Flynn ),2018,Governor,WI,chisholm j,1,0,0
,DEM,Exact Sciences,president and CEO of Exact Sciences,2018,Governor,WI,sciences e,0,0,0
,DEM,Timothy Cullen,former state senator,2018,Governor,WI,cullen t,2,0,0
,DEM,Katherine Gehl,former president and CEO of Gehl Foods,2018,Governor,WI,gehl k,0,0,0
,DEM,Gordon Hintz,minority leader of the State Assembly,2018,Governor,WI,hintz g,2,0,0
,DEM,Brett Hulsey,former state representative and candidate for governor in 2014,2018,Governor,WI,hulsey b,2,1,1
,DEM,Ron Kind,U.S. representative,2018,Governor,WI,kind r,4,1,0
,DEM,James Kreuser,Kenosha County executive,2018,Governor,WI,kreuser j,1,0,0
,DEM,Joe Parisi,Dane County executive,2018,Governor,WI,parisi j,1,0,0
,DEM,Mark Pocan,U.S. representative,2018,Governor,WI,pocan m,4,1,0
,DEM,Jennifer Shilling,Democratic leader of the State Senate,2018,Governor,WI,shilling j,2,0,0
,DEM,Mandela Barnes,"former state representative, and candidate for state senate in 2016",2018,Governor,WI,barnes m,2,1,1
,IND,Maggie Turnbull,astrobiologist,2018,Governor,WI,turnbull m,0,0,0
,IND,Wil Losch,Turnbull's running mate,2018,Governor,WI,losch w,0,0,0
,REP,Mark Gordon,Wyoming state treasurer,2018,Governor,WY,gordon m,3,0,0
,REP,[ 5 ],"Dahlin, businessman",2018,Governor,WY,,0,0,0
,REP,Foster Friess,businessman and activist,2018,Governor,WY,friess f,0,0,0
,REP,Harriet Hageman,attorney and former Liz Cheney campaign advisor,2018,Governor,WY,hageman h,0,0,0
,REP,write-in,"aynes, physician, write-in candidate for governor in 2010 and candidate for governor in 2014",2018,Governor,WY,in w,0,0,1
,REP,Rex Rammell,veterinarian and perennial candidate (ran for Constitution Party nomination),2018,Governor,WY,rammell r,0,0,0
,DEM,Mary Throne,former minority leader of the Wyoming House of Representatives,2018,Governor,WY,throne m,0,1,0
,DEM,2002,"Casner, candidate for governor in 2002",2018,Governor,WY,,0,0,1
,DEM,James W. Byrd,state representative (ran for secretary of state),2018,Governor,WY,byrd j,3,1,0
,DEM,Chris Rothfuss,minority leader of the Wyoming Senate and nominee for U.S. Senate in 2008,2018,Governor,WY,rothfuss c,0,0,1
,DEM,Gary Trauner,businessman and nominee for U.S. House of Representatives in 2006 and 2008 ( ran for U.S. Senate ),2018,Governor,WY,trauner g,0,1,1
,IND,Rex Rammell,veterinarian and perennial candidate ( Constitution ),2018,Governor,WY,rammell r,0,0,0
,REP,Joe Arpaio,former Maricopa County sheriff,2018,Senate,AZ,arpaio j,1,0,0
,REP,Martha McSally,U.S. representative from Arizona's 2nd congressional district and retired U.S. Air Force Colonel,2018,Senate,AZ,mcsally m,4,1,0
,REP,Kelli Ward,former state senator and candidate for the U.S. Senate in 2016,2018,Senate,AZ,ward k,2,0,1
,REP,revenge porn,"in, owner and co-founder of the revenge porn website IsAnybodyDown?",2018,Senate,AZ,porn r,0,0,0
,REP,[ 24 ],"ian ""C.J."" Diegel, financial advisor",2018,Senate,AZ,,0,0,0
,REP,Jeff Flake,incumbent U.S. senator,2018,Senate,AZ,flake j,4,0,0
,REP,Andy Biggs,U.S. representative from Arizona's 5th congressional district ( ran for re-election ),2018,Senate,AZ,biggs a,4,1,0
,REP,Jan Brewer,former governor of Arizona,2018,Senate,AZ,brewer j,3,0,0
,REP,Mark Brnovich,attorney general of Arizona ( ran for re-election ),2018,Senate,AZ,brnovich m,3,0,0
,REP,Jeff DeWit,treasurer of Arizona (nominated as NASA chief financial officer),2018,Senate,AZ,dewit j,0,0,0
,REP,Trent Franks,former U.S. representative,2018,Senate,AZ,franks t,4,1,0
,REP,Paul Gosar,U.S. representative from Arizona's 4th congressional district ( ran for re-election ),2018,Senate,AZ,gosar p,4,1,0
,REP,Robert Graham,former chair of the Arizona Republican Party,2018,Senate,AZ,graham r,0,0,0
,REP,Christine Jones,"former GoDaddy executive, candidate for governor in 2014 and candidate for AZ-05 in 2016",2018,Senate,AZ,jones c,0,0,1
,REP,Bill Montgomery,Maricopa County Attorney,2018,Senate,AZ,montgomery b,1,0,0
,REP,Ben Quayle,former U.S. representative and son of former Vice President Dan Quayle,2018,Senate,AZ,quayle b,4,1,0
,REP,Matt Salmon,former U.S. representative and nominee for governor in 2002,2018,Senate,AZ,salmon m,4,1,1
,REP,David Schweikert,U.S. representative from Arizona's 6th congressional district ( ran for re-election ),2018,Senate,AZ,schweikert d,4,1,0
,REP,John Shadegg,former U.S. representative,2018,Senate,AZ,shadegg j,4,1,0
,DEM,[ 99 ],"Abboud, attorney",2018,Senate,AZ,,0,0,0
,DEM,Kyrsten Sinema,U.S. representative from Arizona's 9th congressional district,2018,Senate,AZ,sinema k,4,1,0
,DEM,Richard Sherzan,"retired administrative law judge, former Iowa state representative and candidate for the U.S. Senate in 2016",2018,Senate,AZ,sherzan r,2,1,1
,DEM,Randall Friese,state representative,2018,Senate,AZ,friese r,2,1,0
,DEM,Mark Kelly,"astronaut , scientist, U.S. Navy captain and husband of former U.S. representative Gabby Giffords (later elected to Arizona's Class 3 Senate seat in 2020)",2018,Senate,AZ,kelly m,4,1,0
,DEM,Ann Kirkpatrick,former U.S. representative and nominee for the U.S. Senate in 2016 ( ran for U.S. House ),2018,Senate,AZ,kirkpatrick a,4,1,1
,DEM,Greg Stanton,Mayor of Phoenix ( ran for U.S. House ),2018,Senate,AZ,stanton g,1,0,0
,DEM,Adam Kokesh,"( write-in candidate ), anti-war activist and U.S. presidential candidate in 2020",2018,Senate,AZ,kokesh a,0,0,0
,DEM,IL-14,"Marks, veteran and write-in candidate for IL-14 in 2010",2018,Senate,AZ,il,0,0,1
,DEM,John Melendez,television writer and radio personality,2018,Senate,CA,melendez j,0,0,0
,DEM,2016,"e Stokes, candidate for the U.S. Senate in 2016",2018,Senate,CA,,0,0,1
,DEM,Ana Kasparian,co-host of The Young Turks,2018,Senate,CA,kasparian a,0,0,0
,DEM,Joe Sanberg,entrepreneur and investor,2018,Senate,CA,sanberg j,0,0,0
,DEM,Tom Steyer,hedge fund manager,2018,Senate,CA,steyer t,0,0,0
,DEM,Cenk Uygur,host of The Young Turks,2018,Senate,CA,uygur c,0,0,0
,REP,[ 11 ],". Bhumitra, businessman",2018,Senate,CA,,0,0,0
,REP,Rocky De La Fuente,entrepreneur and perennial candidate,2018,Senate,CA,fuente r,0,0,0
,REP,Patrick Little,neo-Nazi and Holocaust denier  (denounced by California Republican Party),2018,Senate,CA,little p,0,0,0
,REP,perennial candidate,"emkarian, perennial candidate",2018,Senate,CA,candidate p,0,0,0
,REP,Ernie Konnyu,former U.S. Representative,2018,Senate,CA,konnyu e,4,1,0
,REP,Kevin Faulconer,mayor of San Diego,2018,Senate,CA,faulconer k,1,0,0
,REP,Caitlyn Jenner,1976 Olympic gold medalist and television personality,2018,Senate,CA,jenner c,0,0,0
,REP,Arnold Schwarzenegger,actor and former Governor of California,2018,Senate,CA,schwarzenegger a,3,0,0
,REP,Ashley Swearengin,former mayor of Fresno,2018,Senate,CA,swearengin a,1,0,0
,REP,Michael Eisen,biologist,2018,Senate,CA,eisen m,0,0,0
,DEM,Tom Carper,incumbent U.S. senator and 71st governor of Delaware,2018,Senate,DE,carper t,4,0,0
,DEM,[ 5 ],"m Booker, activist",2018,Senate,DE,,0,0,0
,DEM,Lisa Blunt Rochester,U.S. representative (ran for re-election ),2018,Senate,DE,rochester l,4,1,0
,REP,Sussex County,"ormer Sussex County Councilman, and former Delaware State Chairman for the Trump campaign",2018,Senate,DE,county s,1,0,0
,REP,[ 55 ],"Boyce, businessman   (endorsed Rob Arlett)",2018,Senate,DE,,0,0,0
,REP,Ken Simpler,State Treasurer (running for re-election),2018,Senate,DE,simpler k,3,0,0
,REP,perennial candidate,essman and perennial candidate,2018,Senate,DE,candidate p,0,0,0
,REP,New Castle County,Castle County chairwoman of Libertarian Party of Delaware and Libertarian nominee for Wilmington City Council in 2016,2018,Senate,DE,county n,0,0,1
,IND,Todd Farina,ticket company owner (write-in),2018,Senate,DE,farina t,0,0,0
,IND,2016,"hew Water Stout, write-in presidential candidate in 2016 (write-in)",2018,Senate,DE,,0,0,0
,REP,Rick Scott,incumbent governor of Florida,2018,Senate,FL,scott r,3,0,0
,REP,U.S. representative,gistered nurse; Republican nominee for U.S. representative from CA-11 in 2012,2018,Senate,FL,representative u,0,1,1
,REP,U.S. Senate,"eorge, businessman, political activist, and minister; candidate for U.S. Senate in 2012",2018,Senate,FL,senate u,0,0,1
,REP,Augustus Sol Invictus,far-right activist; candidate for U.S. Senate in 2016,2018,Senate,FL,invictus a,0,0,1
,REP,Independent,"nes, life coach; Independent candidate for lieutenant governor in 2014 and U.S. Senate in 2016   (running as a write-in candidate )",2018,Senate,FL,independent,0,0,1
,REP,[ 26 ],"R. Thorne, pastor   (ran as an Independent )",2018,Senate,FL,,0,0,0
,REP,Jeff Atwater,Chief Financial Officer 2011–2017,2018,Senate,FL,atwater j,0,0,0
,REP,Carlos Beruff,real estate developer and Republican donor; candidate for U.S. Senate in 2016,2018,Senate,FL,beruff c,0,0,1
,REP,Pam Bondi,Attorney General since 2011,2018,Senate,FL,bondi p,3,0,0
,REP,Richard Corcoran,State Representative (District 37) since 2010; Speaker of the Florida House since 2016,2018,Senate,FL,corcoran r,2,1,0
,REP,John Delaney,mayor of Jacksonville 1995–2003,2018,Senate,FL,delaney j,1,0,0
,REP,Ron DeSantis,U.S. representative from FL-6 2013–2018; candidate for U.S. Senate in 2016   ( running for governor ),2018,Senate,FL,desantis r,4,1,1
,REP,Hulk Hogan,"semi-retired professional wrestler , actor, television personality, entrepreneur, and musician",2018,Senate,FL,hogan h,0,0,0
,REP,David Jolly,U.S. representative from FL-13 2014–2017; candidate for U.S. Senate in 2016,2018,Senate,FL,jolly d,4,1,1
,REP,Carlos Lopez-Cantera,lieutenant governor since 2014; candidate for U.S. Senate in 2016,2018,Senate,FL,cantera c,3,0,1
,REP,Tom Rooney,U.S. representative from FL-17 since 2009,2018,Senate,FL,rooney t,4,1,0
,DEM,Bill Nelson,incumbent U.S. senator since 2001; U.S. representative from FL-11 1979–1991,2018,Senate,FL,nelson b,4,1,0
,DEM,Randolph Bracy,State Senator (District 11) since 2016,2018,Senate,FL,bracy r,2,0,0
,DEM,Tim Canova,law professor; candidate for FL-23 in 2016   ( running for FL-23 ),2018,Senate,FL,canova t,0,0,1
,DEM,Navy,"Keith, Navy veteran, labor attorney; candidate for U.S. Senate in 2016   ( running for FL-18 )",2018,Senate,FL,navy,0,0,1
,DEM,[ 52 ],"ndt, janitor",2018,Senate,FL,,0,0,0
,DEM,Augustus Sol Invictus,far-right activist; candidate for U.S. Senate in 2016   (ran as a Republican ),2018,Senate,FL,invictus a,0,0,1
,DEM,Roger Stone,"political consultant, lobbyist, and strategist",2018,Senate,FL,stone r,0,0,0
,IND,[ 54 ],"emaker, psychologist   ( ran for FL-15 )",2018,Senate,FL,,0,0,0
,IND,lieutenant governor,e coach; candidate for lieutenant governor in 2014 and U.S. Senate in 2016   ( write-in ),2018,Senate,FL,governor l,0,0,1
,IND,FL-13,"el S. Levinson, candidate for FL-13 in 2014 and the 2014 special election  ( write-in )",2018,Senate,FL,fl,0,0,1
,IND,Republican,"ie Walls-Windhauser, Republican candidate for U.S. Senate in 2016   ( write-in )",2018,Senate,FL,republican,0,0,1
,DEM,Joe Donnelly,incumbent U.S. senator,2018,Senate,IN,donnelly j,4,0,0
,DEM,[ 7 ],"n Del Rio, Iraq War veteran",2018,Senate,IN,,0,0,0
,REP,Mike Braun,businessman and former state representative,2018,Senate,IN,braun m,2,1,0
,REP,Jim Banks,U.S. representative,2018,Senate,IN,banks j,4,1,0
,REP,Susan Brooks,U.S. representative (endorsed Luke Messer),2018,Senate,IN,brooks s,4,1,0
,REP,Mike Delph,state senator (endorsed Todd Rokita),2018,Senate,IN,delph m,2,0,0
,REP,Jackie Walorski,U.S. representative,2018,Senate,IN,walorski j,4,1,0
,REP,[ 27 ],"Henderson, businessman   (endorsed Mike Braun)",2018,Senate,IN,,0,0,0
,REP,congressional aide,y and former congressional aide,2018,Senate,IN,aide c,0,0,0
,REP,Purdue Polytechnic New Albany,rdue Polytechnic New Albany   (endorsed Luke Messer),2018,Senate,IN,albany p,0,0,0
,DEM,Elizabeth Warren,incumbent U.S. senator,2018,Senate,MA,warren e,4,0,0
,REP,Geoff Diehl,state representative,2018,Senate,MA,diehl g,2,1,0
,REP,Gabriel Gomez,"businessman, former Navy SEAL and nominee for the U.S. Senate in 2013",2018,Senate,MA,gomez g,0,0,1
,REP,[ 12 ],"reen, businessman (running for House of Representatives)",2018,Senate,MA,,0,1,0
,REP,Curt Schilling,former Major League Baseball pitcher,2018,Senate,MA,schilling c,0,0,0
,REP,Bill Weld,"former governor, nominee for the U.S. Senate in 1996 and Libertarian nominee for Vice President of the United States in 2016 (endorsed Beth Lindstrom)",2018,Senate,MA,weld b,3,0,1
,REP,Daniel Winslow,former state representative and candidate for the U.S. Senate in 2013,2018,Senate,MA,winslow d,2,1,1
,IND,Shiva Ayyadurai,entrepreneur  and conspiracy theorist,2018,Senate,MA,ayyadurai s,0,0,0
,IND,Gabriel Gomez,"businessman, former Navy SEAL and Republican nominee for the U.S. Senate in 2013",2018,Senate,MA,gomez g,0,0,1
,DEM,Ben Cardin,incumbent U.S. senator,2018,Senate,MD,cardin b,4,0,0
,DEM,Chelsea Manning,"whistleblower, convicted of Espionage Act crimes, former U.S. Army soldier",2018,Senate,MD,manning c,0,0,0
,DEM,[ 5 ],"a H. Morgan,  of Montgomery County",2018,Senate,MD,,0,0,0
,DEM,Jerome Segal,political activist and philosopher,2018,Senate,MD,segal j,0,0,0
,DEM,MD-05,"e ""Rica"" Wilson, candidate for MD-05 in 2016,  of White Plains",2018,Senate,MD,md,0,0,1
,DEM,perennial candidate,"l candidate ,  of Montgomery County",2018,Senate,MD,candidate p,0,0,0
,DEM,Elijah Cummings,U.S. representative,2018,Senate,MD,cummings e,4,1,0
,DEM,John Delaney,U.S. representative (running for president in 2020 ),2018,Senate,MD,delaney j,4,1,0
,DEM,Donna Edwards,former U.S. representative and candidate for the U.S. Senate in 2016 (running for Prince George's county executive),2018,Senate,MD,edwards d,4,1,1
,DEM,Heather Mizeur,former state delegate,2018,Senate,MD,mizeur h,2,0,0
,DEM,John Sarbanes,U.S. representative,2018,Senate,MD,sarbanes j,4,1,0
,REP,[ 5 ],"Campbell,  of Baltimore County,  political science faculty member at Towson University",2018,Senate,MD,,0,0,0
,REP,MD-04,"Graziani, candidate for the U.S. Senate in 2016 and candidate for MD-04 in 2014",2018,Senate,MD,md,0,0,1
,REP,CIA,"Faddis, former CIA officer and candidate for MD-05 in 2016",2018,Senate,MD,cia,0,0,1
,REP,Larry Hogan,governor of Maryland since 2015 ( running for reelection ),2018,Senate,MD,hogan l,3,0,0
,REP,Libertarian National Committee,"Libertarian National Committee and perennial candidate,  of Montgomery County",2018,Senate,MD,committee l,0,0,0
,IND,Michael B Puskar,property manager,2018,Senate,MD,puskar m,0,0,0
,IND,[ 35 ],"Shlikas, home care compliance manager",2018,Senate,MD,,0,0,0
,IND,Neal Simon,businessman,2018,Senate,MD,simon n,0,0,0
,DEM,Debbie Stabenow,incumbent U.S. Senator,2018,Senate,MI,stabenow d,4,0,0
,DEM,Mike Duggan,Mayor of Detroit,2018,Senate,MI,duggan m,1,0,0
,REP,John James,businessman and Iraq veteran,2018,Senate,MI,james j,0,0,0
,REP,John Engler,former governor,2018,Senate,MI,engler j,3,0,0
,REP,Ted Nugent,musician and political activist (endorsed James),2018,Senate,MI,nugent t,0,0,0
,REP,Robert Ritchie,better known as musician Kid Rock (endorsed James),2018,Senate,MI,ritchie r,0,0,0
,REP,Bill Schuette,"Michigan Attorney General , former U.S. Representative and nominee for U.S. Senate in 1990 (ran for Governor)",2018,Senate,MI,schuette b,4,1,1
,REP,Fred Upton,U.S. Representative,2018,Senate,MI,upton f,4,1,0
,REP,MI-11,"Epstein, businesswoman (running for MI-11 )",2018,Senate,MI,mi,0,0,0
,REP,Robert P. Young Jr.,former chief justice of the Michigan Supreme Court (endorsed John James),2018,Senate,MI,young r,0,0,0
,REP,Green,"a Squier, Green nominee for MI-14 in 2016",2018,Senate,MI,green,0,0,1
,REP,[ 89 ],"Belle, activist",2018,Senate,MI,,0,0,0
,DEM,Claire McCaskill,incumbent U.S. Senator,2018,Senate,MO,mccaskill c,4,0,0
,REP,Josh Hawley,Missouri Attorney General,2018,Senate,MO,hawley j,3,0,0
,REP,MO-07,"le Lombardi-Olive, Democratic candidate for MO-07 in 2016",2018,Senate,MO,mo,0,0,1
,REP,Paul Curtman,state representative,2018,Senate,MO,curtman p,2,1,0
,REP,Eric Greitens,former Governor of Missouri,2018,Senate,MO,greitens e,3,0,0
,REP,Marsha Haefner,state representative,2018,Senate,MO,haefner m,2,1,0
,REP,Vicky Hartzler,U.S. representative,2018,Senate,MO,hartzler v,4,1,0
,REP,[ 30 ],"Hedlund, economics professor",2018,Senate,MO,,0,0,0
,REP,Ed Martin,"former chairman of the Missouri Republican Party , nominee for MO-03 in 2010 and nominee for attorney general in 2012",2018,Senate,MO,martin e,0,0,1
,REP,Todd Richardson,Speaker of the Missouri House of Representatives,2018,Senate,MO,richardson t,2,1,0
,REP,Eric Schmitt,state treasurer,2018,Senate,MO,schmitt e,3,0,0
,REP,Ann Wagner,U.S. representative and former U.S. Ambassador to Luxembourg,2018,Senate,MO,wagner a,4,1,0
,REP,Austin Petersen,Libertarian candidate for president of the United States in 2016 (running as a Republican),2018,Senate,MO,petersen a,0,0,1
,IND,[ 59 ],"O'Dear, attorney",2018,Senate,MO,,0,0,0
,REP,[ 2 ],"rd Boyanton, businessman",2018,Senate,MS,,0,0,0
,REP,Roger Wicker,incumbent U.S. senator,2018,Senate,MS,wicker r,4,0,0
,REP,Chris McDaniel,state senator and candidate for the U.S. Senate in 2014      (running for the Class 2 U.S. Senate seat ),2018,Senate,MS,mcdaniel c,2,0,1
,DEM,David Baria,Mississippi House of Representatives Minority Leader,2018,Senate,MS,baria d,0,1,0
,DEM,Omeria Scott,state representative,2018,Senate,MS,scott o,2,1,0
,DEM,Sela Ward,"erman, businessman and husband of actress Sela Ward",2018,Senate,MS,ward s,0,0,0
,DEM,Jeramey Anderson,state representative (running for MS-4 ),2018,Senate,MS,anderson j,2,1,0
,DEM,Brandon Presley,chair of the Mississippi Public Service Commission,2018,Senate,MS,presley b,0,0,0
,DEM,Jon Tester,incumbent U.S. senator,2018,Senate,MT,tester j,4,0,0
,REP,Matt Rosendale,auditor of Montana and candidate for Congress in 2014,2018,Senate,MT,rosendale m,0,0,1
,REP,[ 21 ],"rray, businessman and candidate for the state house in 2010",2018,Senate,MT,,0,0,1
,REP,Tim Fox,attorney general of Montana,2018,Senate,MT,fox t,3,0,0
,REP,Robert J. O'Neill,former Navy SEAL ( endorsed Troy Downing ),2018,Senate,MT,neill r,0,0,0
,REP,Marc Racicot,former governor and former chairman of the Republican National Committee ( endorsed Russell Fagg ),2018,Senate,MT,racicot m,3,0,0
,REP,Corey Stapleton,"Secretary of State of Montana , candidate for governor in 2012 and candidate for Congress in 2014",2018,Senate,MT,stapleton c,3,0,1
,REP,Ryan Zinke,former Secretary of the Interior and former U.S. representative,2018,Senate,MT,zinke r,4,1,0
,REP,2016 candidate,"dge, 2016 candidate for the U.S. House of Representatives",2018,Senate,MT,candidate,0,1,1
,DEM,Heidi Heitkamp,incumbent U.S. senator,2018,Senate,ND,heitkamp h,4,0,0
,DEM,[ 10 ],"Peyer, firefighter and candidate for the state senate in 2016",2018,Senate,ND,,0,0,1
,REP,Kevin Cramer,U.S. representative,2018,Senate,ND,cramer k,4,1,0
,REP,Niagara,"O'Neill, former mayor of Niagara",2018,Senate,ND,niagara,1,0,0
,REP,Tom Campbell,state senator   (endorsed Cramer),2018,Senate,ND,campbell t,2,0,0
,REP,Gary Emineth,businessman and former chairman of the North Dakota Republican Party,2018,Senate,ND,emineth g,0,0,0
,REP,Rick Becker,state representative and candidate for governor in 2016,2018,Senate,ND,becker r,2,1,1
,REP,Rick Berg,former U.S. representative and nominee for U.S. Senate in 2012,2018,Senate,ND,berg r,4,1,1
,REP,Tammy Miller,businesswoman,2018,Senate,ND,miller t,0,0,0
,REP,Ed Schafer,former United States Secretary of Agriculture and former governor of North Dakota,2018,Senate,ND,schafer e,4,0,0
,REP,Kelly Schmidt,North Dakota State Treasurer,2018,Senate,ND,schmidt k,3,0,0
,REP,Wayne Stenehjem,North Dakota attorney general and candidate for governor in 2016,2018,Senate,ND,stenehjem w,3,0,1
,REP,[ 10 ],"Gazala, teacher",2018,Senate,NV,,0,0,0
,REP,Dean Heller,incumbent U.S. senator,2018,Senate,NV,heller d,4,0,0
,REP,Danny Tarkanian,"businessman, former attorney and perennial candidate ( ran for U.S. House )",2018,Senate,NV,tarkanian d,0,0,0
,REP,Mark Amodei,U.S. representative ( ran for re-election ),2018,Senate,NV,amodei m,4,1,0
,DEM,2016,"et ""Bobby"" Mahendra, businessman and candidate for the U.S. Senate in 2016",2018,Senate,NV,,0,0,1
,DEM,Black Lives Matter,lack Lives Matter activist and candidate for the U.S. Senate in 2016,2018,Senate,NV,matter b,0,0,1
,DEM,Jacky Rosen,U.S. representative for NV-03,2018,Senate,NV,rosen j,4,1,0
,DEM,NV-03,"Sbaih, attorney and candidate for NV-03 in 2016",2018,Senate,NV,nv,0,0,1
,DEM,Stephen Cloobeck,businessman (endorsed Heller),2018,Senate,NV,cloobeck s,0,0,0
,DEM,Aaron Ford,majority leader of the Nevada Senate ( ran for attorney general ),2018,Senate,NV,ford a,3,0,0
,DEM,Steven Horsford,former U.S. representative ( ran for U.S. House ),2018,Senate,NV,horsford s,4,1,0
,DEM,Ruben Kihuen,U.S. representative (endorsed Rosen),2018,Senate,NV,kihuen r,4,1,0
,DEM,Kate Marshall,"former state treasurer , nominee for secretary of state in 2014 and nominee for NV-02 in 2011 ( ran for lieutenant governor )",2018,Senate,NV,marshall k,3,0,1
,DEM,Rory Reid,"former chairman of the Clark County Commission , nominee for governor in 2010 and son of former U.S. Senator Harry Reid",2018,Senate,NV,reid r,0,0,1
,DEM,Dina Titus,U.S. representative and nominee for governor in 2006 ( ran for re-election ),2018,Senate,NV,titus d,4,1,1
,DEM,Clark County,"n, Clark County District Attorney (ran for re-election)",2018,Senate,NV,county c,1,0,0
,IND,[ 80 ],"Michaels, businessman, convicted felon and perennial candidate",2018,Senate,NV,,0,0,0
,DEM,Sherrod Brown,incumbent U.S. senator,2018,Senate,OH,brown s,4,0,0
,REP,Jim Renacci,U.S. representative,2018,Senate,OH,renacci j,4,1,0
,REP,Josh Mandel,Ohio State Treasurer and nominee for the U.S. Senate in 2012,2018,Senate,OH,mandel j,3,0,1
,REP,Ken Blackwell,"former mayor of Cincinnati , former Ohio State Treasurer , and former Ohio Secretary of State",2018,Senate,OH,blackwell k,3,0,0
,REP,Butler County,utler County sheriff,2018,Senate,OH,county b,1,0,0
,REP,John Kasich,"governor of Ohio , former U.S. representative",2018,Senate,OH,kasich j,4,1,0
,REP,Mary Taylor,lieutenant governor of Ohio ( ran for governor ),2018,Senate,OH,taylor m,3,0,0
,REP,Pat Tiberi,U.S. representative,2018,Senate,OH,tiberi p,4,1,0
,REP,Jim Tressel,president of Youngstown State University and former Ohio State football coach,2018,Senate,OH,tressel j,0,0,0
,REP,JD Vance,author and venture capitalist,2018,Senate,OH,vance j,0,0,0
,DEM,Bob Casey Jr.,incumbent U.S. Senator,2018,Senate,PA,casey b,4,0,0
,REP,Lou Barletta,U.S. Representative from Hazleton,2018,Senate,PA,barletta l,4,1,0
,REP,Jim Christiana,state representative from Beaver,2018,Senate,PA,christiana j,2,1,0
,REP,running for PA-5,nessman ( running for PA-5 ),2018,Senate,PA,pa r,0,0,0
,REP,National Security Agency,security consultant and former National Security Agency employee,2018,Senate,PA,agency n,0,0,0
,REP,Jeff Bartos,real estate developer (running for lieutenant governor),2018,Senate,PA,bartos j,3,0,0
,REP,2004,"DeLong, candidate for the U.S. Senate in 2004",2018,Senate,PA,,0,0,1
,REP,Rick Saccone,"state representative ( ran for PA-18 , ran for PA-14 )",2018,Senate,PA,saccone r,2,1,0
,REP,Berwick,"Shecktor, Berwick Borough Councilman ( running for PA-9 )",2018,Senate,PA,berwick,0,0,0
,REP,Mike Kelly,U.S. Representative,2018,Senate,PA,kelly m,4,1,0
,REP,Pat Meehan,former U.S. Representative,2018,Senate,PA,meehan p,4,1,0
,REP,Dave Reed,Majority Leader of the Pennsylvania House of Representatives,2018,Senate,PA,reed d,0,1,0
,REP,Eddystone Borough,r Republican Eddystone Borough council member  and board of directors member for Goodwill Industries,2018,Senate,PA,borough e,0,0,0
,DEM,Sheldon Whitehouse,incumbent senator,2018,Senate,RI,whitehouse s,0,0,0
,DEM,Lincoln Chafee,former governor of Rhode Island and former U.S. senator,2018,Senate,RI,chafee l,4,0,0
,REP,Robert Flanders,former Associate Justice of the Rhode Island Supreme Court,2018,Senate,RI,flanders r,0,0,0
,REP,Robert Nardolillo,state representative,2018,Senate,RI,nardolillo r,2,1,0
,REP,Marsha Blackburn,U.S. representative from Tennessee's 7th congressional district,2018,Senate,TN,blackburn m,4,1,0
,REP,Bob Corker,incumbent U.S. senator,2018,Senate,TN,corker b,4,0,0
,REP,perennial candidate,al candidate,2018,Senate,TN,candidate p,0,0,0
,REP,Stephen Fincher,former U.S. representative,2018,Senate,TN,fincher s,4,1,0
,REP,Andy Ogles,former director of the Tennessee chapter of Americans for Prosperity,2018,Senate,TN,ogles a,0,0,0
,REP,Rolando Toyos,ophthalmologist and candidate for the Shelby County Commission in 2010,2018,Senate,TN,toyos r,0,0,1
,REP,Mae Beavers,former state senator ( previously ran for governor ),2018,Senate,TN,beavers m,3,0,0
,REP,Diane Black,U.S. representative from Tennessee's 6th congressional district ( ran for governor ),2018,Senate,TN,black d,4,1,0
,REP,Randy Boyd,former commissioner of the Department of Economic and Community Development ( ran for governor ),2018,Senate,TN,boyd r,3,0,0
,REP,Tim Burchett,Knox County mayor ( ran for U.S. House ),2018,Senate,TN,burchett t,1,0,0
,REP,Joe Carr,"former state representative, candidate for U.S. Senate in 2014 and candidate for TN-06 in 2016",2018,Senate,TN,carr j,2,1,1
,REP,Chuck Fleischmann,U.S. representative from Tennessee's 3rd congressional district ( ran for re-election ),2018,Senate,TN,fleischmann c,4,1,0
,REP,Mark Green,state senator ( ran for U.S. House ),2018,Senate,TN,green m,2,0,0
,REP,Beth Harwell,speaker of the Tennessee House of Representatives ( ran for governor ),2018,Senate,TN,harwell b,3,1,0
,REP,Bill Haslam,governor of Tennessee,2018,Senate,TN,haslam b,3,0,0
,REP,David Kustoff,U.S. representative from Tennessee's 8th congressional district ( ran for re-election ),2018,Senate,TN,kustoff d,4,1,0
,REP,Bill Lee,businessman ( ran for governor ),2018,Senate,TN,lee b,3,0,0
,REP,Peyton Manning,retired football player,2018,Senate,TN,manning p,0,0,0
,REP,Randy McNally,lieutenant governor of Tennessee,2018,Senate,TN,mcnally r,3,0,0
,REP,Ron Ramsey,former lieutenant governor and candidate for governor in 2010,2018,Senate,TN,ramsey r,3,0,1
,DEM,Phil Bredesen,former governor of Tennessee and former mayor of Nashville,2018,Senate,TN,bredesen p,3,0,0
,DEM,UPS,"l Bailey, teaching assistant and retired UPS trailer mechanic",2018,Senate,TN,ups,0,0,0
,DEM,[ 41 ],"Mackler, attorney and veteran",2018,Senate,TN,,0,0,0
,DEM,Raumesh Akbari,state representative,2018,Senate,TN,akbari r,2,1,0
,DEM,Megan Barry,former mayor of Nashville,2018,Senate,TN,barry m,1,0,0
,DEM,Andy Berke,mayor of Chattanooga,2018,Senate,TN,berke a,1,0,0
,DEM,Jim Cooper,U.S. representative from Tennessee's 5th congressional district and nominee for U.S. Senate in 1994 special election ( ran for re-election ),2018,Senate,TN,cooper j,4,1,1
,DEM,Karl Dean,former mayor of Nashville ( ran for governor ),2018,Senate,TN,dean k,3,0,0
,DEM,Craig Fitzhugh,minority leader of the Tennessee House of Representatives ( ran for governor ),2018,Senate,TN,fitzhugh c,3,1,0
,DEM,Nashville,"man, businessman and candidate for mayor of Nashville in 2015",2018,Senate,TN,nashville,0,0,1
,DEM,Lee Harris,minority leader of the Tennessee Senate,2018,Senate,TN,harris l,0,0,0
,DEM,Tim McGraw,"country musician, songwriter and actor",2018,Senate,TN,mcgraw t,0,0,0
,DEM,Jeff Yarbro,state senator,2018,Senate,TN,yarbro j,2,0,0
,IND,[ 53 ],"ill, US Army veteran, business owner, realtor",2018,Senate,TN,,0,0,0
,REP,Ted Cruz,incumbent U.S. senator and former candidate for president in 2016,2018,Senate,TX,cruz t,4,0,1
,REP,Corpus Christi,ormer mayor of Corpus Christi,2018,Senate,TX,christi c,1,0,0
,REP,George P. Bush,Texas Land Commissioner and grandson of former President George H. W. Bush ( ran for re-election ),2018,Senate,TX,bush g,0,0,0
,REP,Michael McCaul,U.S. representative from Texas's 10th congressional district ( ran for re-election ),2018,Senate,TX,mccaul m,4,1,0
,REP,Dan Patrick,lieutenant governor of Texas ( ran for re-election ),2018,Senate,TX,patrick d,3,0,0
,REP,Rick Perry,"Secretary of Energy , former governor of Texas and candidate for president in 2012 and 2016",2018,Senate,TX,perry r,3,0,1
,REP,Katrina Pierson,national spokesperson for the Donald Trump's presidential campaign in 2016 and candidate for House district TX-32 in 2014,2018,Senate,TX,pierson k,0,0,1
,DEM,Beto O'Rourke,U.S. representative from Texas's 16th congressional district,2018,Senate,TX,rourke b,4,1,0
,DEM,Joaquin Castro,U.S. representative from Texas's 20th congressional district ( ran for re-election ),2018,Senate,TX,castro j,4,1,0
,DEM,Wendy Davis,former state senator and nominee for governor in 2014,2018,Senate,TX,davis w,2,0,1
,DEM,[ 50 ],"ikeman, businessman",2018,Senate,TX,,0,0,0
,IND,[ 52 ],"ible, nurse",2018,Senate,TX,,0,0,0
,IND,Matthew Dowd,former strategist for President George W. Bush,2018,Senate,TX,dowd m,0,0,0
,REP,Mitt Romney,"former governor of Massachusetts , Republican nominee for president of the United States in 2012 ,  and Republican nominee for U.S. Senate in Massachusetts in 1994",2018,Senate,UT,romney m,3,0,1
,REP,Rob Bishop,U.S. representative from Utah's 1st congressional district ( ran for re-election ),2018,Senate,UT,bishop r,4,1,0
,REP,Jason Chaffetz,former U.S. representative,2018,Senate,UT,chaffetz j,4,1,0
,REP,John Curtis,U.S. representative from Utah's 3rd congressional district ( ran for re-election ),2018,Senate,UT,curtis j,4,1,0
,REP,Orrin Hatch,incumbent U.S. senator and president pro tempore of the United States Senate,2018,Senate,UT,hatch o,4,0,0
,REP,Mia Love,U.S. representative (endorsed Romney),2018,Senate,UT,love m,4,1,0
,REP,Chief of Staff,former Chief of Staff for Senator Mike Lee,2018,Senate,UT,staff c,0,0,0
,REP,Evan McMullin,"former congressional staffer, former CIA agent and independent candidate for president of the United States in 2016 (endorsed Romney)",2018,Senate,UT,mcmullin e,0,0,1
,DEM,Jenny Wilson,Salt Lake County councilwoman and candidate for Mayor of Salt Lake City in 2007,2018,Senate,UT,wilson j,1,0,1
,DEM,[ 60 ],"ll Kent Vice, businessman",2018,Senate,UT,,0,0,0
,DEM,Duchesne County,ector of adult education for the Duchesne County School District,2018,Senate,UT,county d,0,0,0
,DEM,Salt Lake Community College,"munity College , Westminster College adjunct professor ( ran for U.S. House )",2018,Senate,UT,college s,0,0,0
,DEM,Ben McAdams,mayor of Salt Lake County ( ran for U.S. House ),2018,Senate,UT,mcadams b,1,0,0
,DEM,Tim Kaine,"incumbent U.S. senator, former governor, and Democratic nominee for vice president in 2016",2018,Senate,VA,kaine t,4,0,1
,REP,Corey Stewart,"chairman of the Prince William Board of County Supervisors , candidate for lieutenant governor in 2013 and candidate for governor in 2017",2018,Senate,VA,stewart c,1,0,1
,REP,Dave Brat,U.S. representative,2018,Senate,VA,brat d,4,1,0
,REP,Eric Cantor,former Majority Leader of the United States House of Representatives,2018,Senate,VA,cantor e,0,1,0
,REP,Barbara Comstock,U.S. representative,2018,Senate,VA,comstock b,4,1,0
,REP,Ken Cuccinelli,former attorney general and nominee for governor in 2013,2018,Senate,VA,cuccinelli k,3,0,1
,REP,Tom Davis,former U.S. representative,2018,Senate,VA,davis t,4,1,0
,REP,Carly Fiorina,"former CEO of Hewlett-Packard , nominee for the U.S. Senate from California in 2010 and candidate for president in 2016",2018,Senate,VA,fiorina c,0,0,1
,REP,Ed Gillespie,"former chairman of the Republican National Committee , nominee for the U.S. Senate in 2014 ,  and nominee for governor in 2017",2018,Senate,VA,gillespie e,0,0,1
,REP,Jim Gilmore,"former governor, nominee for the U.S. Senate in 2008 and candidate for president in 2008 and 2016",2018,Senate,VA,gilmore j,3,0,1
,REP,2014,"Hill, candidate for the U.S. Senate in 2014 (running for VA-10 )",2018,Senate,VA,,0,0,1
,REP,Laura Ingraham,"talk radio host, author, and conservative political commentator (endorsed Corey Stewart)",2018,Senate,VA,ingraham l,0,0,0
,REP,Jimmie Massie,former state delegate,2018,Senate,VA,massie j,2,0,0
,REP,Bob McDonnell,former governor of Virginia (endorsed Nick Freitas),2018,Senate,VA,mcdonnell b,3,0,0
,REP,University of Virginia,of Virginia law professor and former diplomat,2018,Senate,VA,virginia u,0,0,0
,REP,Pete Snyder,technology entrepreneur and candidate for lieutenant governor in 2013,2018,Senate,VA,snyder p,0,0,1
,REP,Scott Taylor,U.S. representative,2018,Senate,VA,taylor s,4,1,0
,REP,Frank Wagner,state senator and candidate for governor in 2017,2018,Senate,VA,wagner f,2,0,1
,REP,Rob Wittman,U.S. representative,2018,Senate,VA,wittman r,4,1,0
,REP,Winsome Sears,"a Republican former state delegate, ran as a write-in candidate.",2018,Senate,VA,sears w,2,0,0
,REP,Students For Liberty,"r of development at Students For Liberty ,  received the Libertarian Party nomination on March 10, 2018.   On June 28, 2018, he also received the endorsement of the Constitution Party of Virginia .",2018,Senate,VA,liberty s,0,0,0
,DEM,Maria Cantwell,incumbent senator,2018,Senate,WA,cantwell m,0,0,0
,REP,Rocky De La Fuente,businessman and former presidential candidate,2018,Senate,WA,fuente r,0,0,0
,REP,Joey Gibson,activist and founder of Patriot Prayer,2018,Senate,WA,gibson j,0,0,0
,REP,Goodspaceguy,perennial candidate,2018,Senate,WA,goodspaceguy,0,0,0
,REP,Susan Hutchison,former chair of the Washington State Republican Party,2018,Senate,WA,hutchison s,0,0,0
,REP,[ 9 ],"iggins (withdrew May 19, 2018  )",2018,Senate,WA,,0,0,0
,IND,[ 19 ],"ohnson, activist",2018,Senate,WA,,0,0,0
,IND,[ a ],"Chase (FDFR Party [ a ] ), communications strategist",2018,Senate,WA,a,0,0,0
,IND,Freedom Socialist,"reedom Socialist Party), union organizer",2018,Senate,WA,socialist f,0,0,0
,DEM,Tammy Baldwin,incumbent U.S. senator,2018,Senate,WI,baldwin t,4,0,0
,REP,Leah Vukmir,state senator and State Senate Assistant Majority Leader,2018,Senate,WI,vukmir l,2,0,0
,REP,David Clarke,former Milwaukee County sheriff,2018,Senate,WI,clarke d,1,0,0
,REP,Sean Duffy,U.S. representative ( running for reelection ),2018,Senate,WI,duffy s,4,1,0
,REP,Scott Fitzgerald,State Senate Majority Leader,2018,Senate,WI,fitzgerald s,2,0,0
,REP,Mike Gallagher,U.S. representative,2018,Senate,WI,gallagher m,4,1,0
,REP,Glenn Grothman,U.S. representative,2018,Senate,WI,grothman g,4,1,0
,REP,2012,"Hovde, businessman and candidate for the U.S. Senate in 2012",2018,Senate,WI,,0,0,1
,REP,Rebecca Kleefisch,lieutenant governor of Wisconsin,2018,Senate,WI,kleefisch r,3,0,0
,REP,Dale Kooyenga,state representative,2018,Senate,WI,kooyenga d,2,1,0
,REP,Duey Stroebel,state senator,2018,Senate,WI,stroebel d,2,0,0
,REP,Charlie Sykes,talk radio host,2018,Senate,WI,sykes c,0,0,0
,REP,Scott Walker,governor of Wisconsin ( running for reelection ),2018,Senate,WI,walker s,3,0,0
,DEM,Joe Manchin,incumbent U.S. senator,2018,Senate,WV,manchin j,4,0,0
,REP,Patrick Morrisey,attorney general of West Virginia,2018,Senate,WV,morrisey p,3,0,0
,REP,Ryan Ferns,majority leader of the West Virginia Senate ( running for re-election ),2018,Senate,WV,ferns r,0,0,0
,REP,David McKinley,U.S. representative for West Virginia's 1st congressional district (2011–2023) ( running for re-election ),2018,Senate,WV,mckinley d,4,1,0
,REP,Alex Mooney,U.S. representative for West Virginia's 2nd congressional district (2015–2025) ( ran for re-election ),2018,Senate,WV,mooney a,4,1,0
,REP,Matt Bevin,"incumbent governor of Kentucky  Running mate: Ralph Alvarado , state senator",2019,Governor,KY,bevin m,3,0,0
,REP,Ralph Alvarado,"Ralph Alvarado , state senator",2019,Governor,KY,alvarado r,2,0,0
,REP,James Comer,incumbent U.S. representative and candidate for governor of Kentucky in 2015,2019,Governor,KY,comer j,4,1,1
,DEM,Andy Beshear,"Attorney General of Kentucky and son of former governor Steve Beshear   Running mate: Jacqueline Coleman , founder and president of Lead Kentucky, a non-profit organization focused on education policy reform",2019,Governor,KY,beshear a,3,0,0
,DEM,Jacqueline Coleman,"ueline Coleman , founder and president of Lead Kentucky, a non-profit organization focused on education policy reform",2019,Governor,KY,coleman j,0,0,0
,DEM,Alison Lundergan Grimes,Secretary of State of Kentucky and nominee for the U.S. Senate in 2014,2019,Governor,KY,grimes a,3,0,1
,DEM,Amy McGrath,retired U.S. Marine and Democratic nominee for Kentucky's 6th congressional district in 2018 ( running for U.S. Senate against incumbent Mitch McConnell ),2019,Governor,KY,mcgrath a,0,0,1
,DEM,Attica Scott,state representative and former Louisville city councilwoman,2019,Governor,KY,scott a,2,1,0
,DEM,[ 63 ],"icks, IT consultant   Running mate: Ann Cormican, factory worker",2019,Governor,KY,,0,0,0
,DEM,Socialist Workers Party,"rkers Party ), medical assistant and trade unionist  Running mate: Samir Hazboun, journalist",2019,Governor,KY,party s,0,0,0
,REP,Tate Reeves,lieutenant governor of Mississippi,2019,Governor,MS,reeves t,3,0,0
,REP,Petal,"arx, mayor of Petal    (endorsed Tate Reeves)",2019,Governor,MS,petal,1,0,0
,REP,Thomas Duff,businessman,2019,Governor,MS,duff t,0,0,0
,REP,Lynn Fitch,Mississippi state treasurer (running for Mississippi attorney general),2019,Governor,MS,fitch l,3,0,0
,REP,[ 10 ],"Gibert, businessman and lottery board member",2019,Governor,MS,,0,0,0
,REP,Philip Gunn,speaker of the Mississippi House of Representatives,2019,Governor,MS,gunn p,2,1,0
,REP,Trent Lott,former U.S. senator,2019,Governor,MS,lott t,4,0,0
,REP,Chris McDaniel,Mississippi states senator and candidate for the U.S. Senate in 2014 and 2018 (endorsed Tate Reeves),2019,Governor,MS,mcdaniel c,0,0,1
,REP,Mike Randolph,presiding justice of the Mississippi State Supreme Court,2019,Governor,MS,randolph m,0,0,0
,REP,Kirk Fordice,former chief of staff to Governor Kirk Fordice (running for Mississippi attorney general),2019,Governor,MS,fordice k,3,0,0
,DEM,Jim Hood,Mississippi attorney general,2019,Governor,MS,hood j,3,0,0
,DEM,Natchez,"West, former state representative and former mayor of Natchez (endorsed Jim Hood)",2019,Governor,MS,natchez,2,1,0
,DEM,Magnolia,"Witherspoon, mayor of Magnolia",2019,Governor,MS,magnolia,1,0,0
,DEM,Mike Cooney,"lieutenant governor of Montana and former Secretary of State of Montana and candidate in 2000  Running mate: Casey Schreiner , minority leader of the Montana House of Representatives",2020,Governor,MT,cooney m,3,1,0
,DEM,Casey Schreiner,"asey Schreiner , minority leader of the Montana House of Representatives",2020,Governor,MT,schreiner c,0,1,0
,DEM,Reilly Neill,former state representative,2020,Governor,MT,neill r,2,1,0
,DEM,Ryan Busse,businessman,2020,Governor,MT,busse r,0,0,0
,DEM,Wilmot Collins,mayor of Helena and former 2020 candidate for the U.S. Senate,2020,Governor,MT,collins w,1,0,1
,DEM,Montana's at-large congressional district,ontana's at-large congressional district in 2018,2020,Governor,MT,district m,0,0,0
,DEM,Michael Punke,writer and former U.S. ambassador to the World Trade Organization,2020,Governor,MT,punke m,0,0,0
,DEM,Brian Schweitzer,former governor of Montana (endorsed Williams),2020,Governor,MT,schweitzer b,3,0,0
,DEM,Kathleen Williams,former state representative and nominee for Montana's at-large congressional district in 2018 ( running for the U.S. House ),2020,Governor,MT,williams k,2,1,1
,REP,Greg Gianforte,incumbent U.S. representative for Montana's at-large congressional district and nominee for governor of Montana in 2016,2020,Governor,MT,gianforte g,4,1,1
,REP,Kristen Juras,"Kristen Juras , businesswoman and attorney",2020,Governor,MT,juras k,0,0,0
,REP,Gary Perry,former state senator,2020,Governor,MT,perry g,2,0,0
,REP,Corey Stapleton,"Secretary of State of Montana , candidate for governor of Montana in 2012 and candidate for the U.S. House in 2014 ( running for the U.S. House )",2020,Governor,MT,stapleton c,3,0,1
,REP,Matt Rosendale,Montana State Auditor and nominee for the U.S. Senate in 2018 ( running for the U.S. House ),2020,Governor,MT,rosendale m,3,0,1
,REP,Ryan Zinke,former United States Secretary of Interior and former U.S. representative for Montana's at-large congressional district,2020,Governor,MT,zinke r,4,1,0
,REP,[ 45 ],"Bishop, founder and CEO of Hoplite Armor  Running mate: John Nesper",2020,Governor,MT,,0,0,0
,DEM,Roy Cooper,incumbent governor,2020,Governor,NC,cooper r,3,0,0
,REP,Dan Forest,lieutenant governor of North Carolina,2020,Governor,NC,forest d,3,0,0
,REP,Pat McCrory,former governor of North Carolina,2020,Governor,NC,mccrory p,3,0,0
,REP,Mark Meadows,"former U.S. Representative for North Carolina's 11th congressional district , White House Chief of Staff",2020,Governor,NC,meadows m,4,1,0
,REP,Charlotte City Council,"didate for Charlotte City Council in 2017, factory lighting representative",2020,Governor,NC,council c,1,1,0
,REP,Constitution Party of North Carolina,ion Party of North Carolina,2020,Governor,NC,carolina c,0,0,0
,REP,Chris Sununu,incumbent governor of New Hampshire,2020,Governor,NH,sununu c,3,0,0
,REP,Kelly Ayotte,former U.S. senator (2011-2017),2020,Governor,NH,ayotte k,4,0,0
,REP,Frank Edelblut,commissioner of the New Hampshire Department of Education and candidate for governor in 2016,2020,Governor,NH,edelblut f,3,0,1
,REP,Chuck Morse,minority leader of the New Hampshire Senate,2020,Governor,NH,morse c,0,0,0
,DEM,Dan Feltes,majority leader of the New Hampshire Senate,2020,Governor,NH,feltes d,0,0,0
,DEM,Joyce Craig,mayor of Manchester,2020,Governor,NH,craig j,1,0,0
,DEM,Molly Kelly,former state senator and nominee for Governor of New Hampshire in 2018,2020,Governor,NH,kelly m,2,0,1
,DEM,Steve Marchand,former mayor of Portsmouth and candidate for Governor of New Hampshire in 2016 and 2018,2020,Governor,NH,marchand s,1,0,1
,DEM,Mindi Messmer,former state representative and candidate for New Hampshire's 1st congressional district in 2018 (running for Executive Council ),2020,Governor,NH,messmer m,2,1,1
,DEM,2016,"yl W. Perry, author and candidate for U.S. president in 2016",2020,Governor,NH,,0,0,1
,REP,Spencer Cox,"Lieutenant Governor of Utah    Running mate: Deidre Henderson , state senator and candidate for UT-03 in 2017",2020,Governor,UT,cox s,3,0,1
,REP,Deidre Henderson,"idre Henderson , state senator and candidate for UT-03 in 2017",2020,Governor,UT,henderson d,2,0,1
,REP,Rob Bishop,"U.S. representative (endorsed Wright, who in turn chose Bishop to run with him as his lieutenant governor)",2020,Governor,UT,bishop r,4,1,0
,REP,Jason Chaffetz,former U.S. representative,2020,Governor,UT,chaffetz j,4,1,0
,REP,John Dougall,Utah state auditor,2020,Governor,UT,dougall j,3,0,0
,REP,Gary Herbert,incumbent governor (endorsed Cox),2020,Governor,UT,herbert g,3,0,0
,REP,Mike Lee,U.S. senator (endorsed Huntsman),2020,Governor,UT,lee m,4,0,0
,REP,[ 31 ],"iller, former CEO of the Utah Jazz",2020,Governor,UT,,0,0,0
,REP,Sean Reyes,Attorney General of Utah,2020,Governor,UT,reyes s,3,0,0
,REP,Mitt Romney,real estate developer and son of Mitt Romney,2020,Governor,UT,romney m,0,0,0
,DEM,Christopher Peterson,"University of Utah law professor and former CFPB official  Running mate: Karina Brown, community organizer",2020,Governor,UT,peterson c,0,0,0
,DEM,[ 78 ],"g mate: Karina Brown, community organizer",2020,Governor,UT,,0,0,0
,DEM,Neil Hansen,"former state representative  Running mate: Brandy Farmer, candidate for Utah House of Representatives",2020,Governor,UT,hansen n,2,1,1
,DEM,Running mate: Brandy Farmer,candidate for Utah House of Representatives,2020,Governor,UT,farmer r,0,1,1
,DEM,Peter Corroon,"former Utah Democratic Party chair, former mayor of Salt Lake County , and nominee for governor in 2010",2020,Governor,UT,corroon p,1,0,1
,DEM,Scott Howell,former state senator and nominee for U.S. Senate in 2000 and 2012,2020,Governor,UT,howell s,2,0,1
,DEM,Patricia W. Jones,former state senator,2020,Governor,UT,jones p,2,0,0
,DEM,Brian King,minority leader of the Utah House of Representatives  (endorsed Peterson),2020,Governor,UT,king b,0,1,0
,DEM,Jim Matheson,former U.S. representative,2020,Governor,UT,matheson j,4,1,0
,DEM,Ben McAdams,U.S. representative  ( running for re-election ),2020,Governor,UT,mcadams b,4,1,0
,DEM,Black Diamond Equipment,EO of Black Diamond Equipment,2020,Governor,UT,equipment b,0,0,0
,DEM,The Salt Lake Tribune,lumnist for The Salt Lake Tribune,2020,Governor,UT,tribune t,0,0,0
,REP,Jon Huntsman Jr.,"former United States Ambassador to Russia , China and Singapore , former governor of Utah , and candidate for president in 2012",2020,Governor,UT,huntsman j,3,0,1
,REP,Bill Bryant,former Seattle Port Commissioner and candidate for governor in 2016,2020,Governor,WA,bryant b,0,0,1
,REP,Bruce Dammeier,Pierce County Executive ( ran for reelection ),2020,Governor,WA,dammeier b,1,0,0
,REP,Doug Ericksen,state senator,2020,Governor,WA,ericksen d,2,0,0
,REP,Drew MacEwen,state representative (running for reelection),2020,Governor,WA,macewen d,2,1,0
,REP,Dori Monson,radio personality,2020,Governor,WA,monson d,0,0,0
,REP,Dave Reichert,former U.S. Representative for Washington's 8th congressional district,2020,Governor,WA,reichert d,4,1,0
,REP,Drew Stokesbary,state representative (running for reelection),2020,Governor,WA,stokesbary d,2,1,0
,REP,J. T. Wilcox,minority leader of the Washington House of Representatives (running for reelection),2020,Governor,WA,wilcox j,0,1,0
,IND,[ 33 ],"lagi, U.S. Army officer and businessman",2020,Governor,WA,,0,0,0
,REP,Jim Justice,incumbent governor,2020,Governor,WV,justice j,3,0,0
,REP,David McKinley,incumbent U.S. Representative for West Virginia's 1st congressional district (running for re-election ),2020,Governor,WV,mckinley d,4,1,0
,REP,Mac Warner,Secretary of State of West Virginia ( running for re-election ),2020,Governor,WV,warner m,3,0,0
,DEM,Kanawha County,anawha County commissioner,2020,Governor,WV,county k,1,0,0
,DEM,Booth Goodwin,former United States Attorney and candidate for Governor of West Virginia in 2016,2020,Governor,WV,goodwin b,0,0,1
,DEM,Joe Manchin,incumbent U.S. Senator and former Governor of West Virginia,2020,Governor,WV,manchin j,4,0,0
,DEM,[ 39 ],"Lutz, Eastern Panhandle Conservation District Supervisor representing Jefferson County, and commissioned U.S. Air Force veteran",2020,Governor,WV,,0,1,0
,DEM,Michael Folk,former State Delegate (sought the nomination of the Republican Party),2020,Governor,WV,folk m,2,0,0
,DEM,Marshall Wilson,State Delegate (Independent),2020,Governor,WV,wilson m,2,0,0
,DEM,Doug Jones,incumbent U.S. senator,2020,Senate,AL,jones d,4,0,0
,DEM,John Rogers,state representative,2020,Senate,AL,rogers j,2,1,0
,DEM,Randall Woodfin,mayor of Birmingham  ( endorsed Jones ),2020,Senate,AL,woodfin r,1,0,0
,REP,Tommy Tuberville,former Auburn Tigers football head coach,2020,Senate,AL,tuberville t,0,0,0
,REP,John Merrill,Secretary of State of Alabama,2020,Senate,AL,merrill j,3,0,0
,REP,Robert Aderholt,incumbent U.S. representative for Alabama's 4th congressional district ( ran for re-election ),2020,Senate,AL,aderholt r,4,1,0
,REP,Will Ainsworth,Alabama lieutenant governor,2020,Senate,AL,ainsworth w,3,0,0
,REP,Mo Brooks,incumbent U.S. representative for Alabama's 5th congressional district and candidate for U.S. Senate in 2017 ( ran for re-election ),2020,Senate,AL,brooks m,4,1,1
,REP,Will Dismukes,state representative,2020,Senate,AL,dismukes w,2,1,0
,REP,Matt Gaetz,incumbent U.S. representative for Florida's 1st congressional district ( ran for re-election ),2020,Senate,AL,gaetz m,4,1,0
,REP,Del Marsh,president pro tempore of the Alabama Senate,2020,Senate,AL,marsh d,0,0,0
,REP,Arthur Orr,state senator  ( endorsed Byrne ),2020,Senate,AL,orr a,2,0,0
,REP,Martha Roby,incumbent U.S. representative for Alabama's 2nd congressional district,2020,Senate,AL,roby m,4,1,0
,REP,Heather Whitestone,former Miss America,2020,Senate,AL,whitestone h,0,0,0
,REP,Cory Gardner,incumbent U.S. senator,2020,Senate,CO,gardner c,4,0,0
,REP,[ 16 ],"Dupre, estate agent",2020,Senate,CO,,0,0,0
,DEM,John Hickenlooper,former governor of Colorado and former candidate for president of the United States in 2020,2020,Senate,CO,hickenlooper j,3,0,1
,DEM,Dan Baer,former executive director of the Colorado Department of Higher Education and former United States Ambassador to the Organization for Security and Cooperation in Europe  (endorsed John Hickenlooper),2020,Senate,CO,baer d,0,0,0
,DEM,[ 34 ],"Boyington, software engineer",2020,Senate,CO,,0,0,0
,DEM,Colorado State University,ate University professor and former chair of the Boulder County Democratic Party,2020,Senate,CO,university c,0,0,0
,DEM,Lorena Garcia,community organizer [ a ],2020,Senate,CO,garcia l,0,0,0
,DEM,Mike Johnston,former state senator and candidate for Governor of Colorado in 2018,2020,Senate,CO,johnston m,2,0,1
,DEM,Alice Madden,former majority leader of the Colorado House of Representatives,2020,Senate,CO,madden a,0,1,0
,DEM,Colorado's 3rd congressional district,020 Unity Party nominee for Colorado's 3rd congressional district,2020,Senate,CO,district c,0,0,1
,DEM,University of Colorado Colorado Springs,niversity of Colorado Colorado Springs and nominee for Colorado's 5th congressional district in 2018  (endorsed Lorena Garcia),2020,Senate,CO,springs u,0,0,1
,DEM,John F. Walsh,former U.S. Attorney for the District of Colorado  (endorsed John Hickenlooper),2020,Senate,CO,walsh j,0,0,0
,DEM,[ b ],"lle Ferrigno Warren, nonprofit leader, immigration advocate [ b ]",2020,Senate,CO,b,0,0,0
,DEM,Angela Williams,state senator (ran for re-election),2020,Senate,CO,williams a,2,0,0
,DEM,Diana DeGette,incumbent U.S. representative (ran for re-election),2020,Senate,CO,degette d,4,1,0
,DEM,Kerry Donovan,state senator  (endorsed John Hickenlooper),2020,Senate,CO,donovan k,2,0,0
,DEM,Crisanta Duran,"former speaker of the Colorado House of Representatives (ran for Colorado's 1st congressional district ,  then withdrew)",2020,Senate,CO,duran c,2,1,0
,DEM,Jena Griswold,Colorado Secretary of State,2020,Senate,CO,griswold j,3,0,0
,DEM,Cary Kennedy,former Colorado State Treasurer,2020,Senate,CO,kennedy c,3,0,0
,DEM,Joe Neguse,incumbent U.S. representative for Colorado's 2nd congressional district (ran for re-election),2020,Senate,CO,neguse j,4,1,0
,DEM,Ed Perlmutter,incumbent U.S. representative for Colorado's 7th congressional district  (endorsed John Hickenlooper),2020,Senate,CO,perlmutter e,4,1,0
,DEM,Joe Salazar,former state representative,2020,Senate,CO,salazar j,2,1,0
,DEM,Socialist Party,"my, former candidate for RTD board ( Socialist Party )",2020,Senate,CO,party s,0,0,1
,DEM,Chris Coons,incumbent U.S. senator,2020,Senate,DE,coons c,4,0,0
,DEM,Delaware's at-large congressional district,are's at-large congressional district in 2018 ( running for governor as a Republican ),2020,Senate,DE,district d,3,0,0
,DEM,Kerri Evelyn Harris,former candidate for the Democratic nomination for U.S. Senate in 2018,2020,Senate,DE,harris k,0,0,1
,DEM,Lisa Blunt Rochester,incumbent U.S. representative for Delaware's at-large congressional district  ( running for re-election ),2020,Senate,DE,rochester l,4,1,0
,REP,Lauren Witzke,far-right activist and proponent of the QAnon conspiracy theory,2020,Senate,DE,witzke l,0,0,0
,REP,Sussex County,ormer Sussex County councilman and nominee for U.S. Senate in 2018,2020,Senate,DE,county s,1,0,1
,REP,2018,"ne Frost, Libertarian candidate for U.S. Senate in 2018",2020,Senate,DE,,0,0,1
,REP,David Perdue,incumbent U.S. senator,2020,Senate,GA,perdue d,4,0,0
,REP,[ 10 ],"l Jowers, veteran",2020,Senate,GA,,0,0,0
,DEM,Jon Ossoff,"investigative journalist, media executive, nominee for Georgia's 6th congressional district in 2017",2020,Senate,GA,ossoff j,0,0,1
,DEM,[ 10 ],"ten Amun, high school teacher",2020,Senate,GA,,0,0,0
,DEM,Ted Terry,mayor of Clarkston  (endorsed Ossoff),2020,Senate,GA,terry t,1,0,0
,DEM,Stacey Abrams,nominee for governor of Georgia in 2018 and former minority leader of the Georgia House of Representatives   (endorsed Ossoff),2020,Senate,GA,abrams s,0,1,1
,DEM,Jason Carter,"grandson of former Georgia Governor and President Jimmy Carter , former state senator, and nominee for governor of Georgia in 2014 (endorsed Tomlinson)",2020,Senate,GA,carter j,3,0,1
,DEM,Stacey Evans,former state representative and candidate for governor of Georgia in 2018 ( ran for state house ),2020,Senate,GA,evans s,2,1,1
,DEM,Scott Holcomb,state representative,2020,Senate,GA,holcomb s,2,1,0
,DEM,Jen Jordan,state senator,2020,Senate,GA,jordan j,2,0,0
,DEM,Michelle Nunn,nominee for U.S. Senate in 2014 and daughter of former Senator Sam Nunn,2020,Senate,GA,nunn m,0,0,1
,DEM,Kasim Reed,former mayor of Atlanta,2020,Senate,GA,reed k,1,0,0
,DEM,Sally Yates,former United States Deputy Attorney General,2020,Senate,GA,yates s,3,0,0
,DEM,U.S. Marine,"former U.S. Marine , podcaster, and Republican candidate for Georgia's 7th congressional district in 2018",2020,Senate,GA,marine u,0,0,1
,IND,special Class 3 seat,perennial candidate (ran as an independent candidate in the special Class 3 seat ),2020,Senate,GA,seat s,0,0,0
,IND,2016,"n Buckley, Libertarian candidate for 2016  (ran as an independent candidate in the special Class 3 seat )",2020,Senate,GA,,0,0,1
,IND,Valencia Stovall,Georgian Democratic state representative from District 74 since 2013  (ran as an independent candidate in the special Class 3 seat ),2020,Senate,GA,stovall v,2,1,0
,REP,Roger Marshall,incumbent U.S. representative for Kansas's 1st congressional district,2020,Senate,KS,marshall r,4,1,0
,REP,Jake LaTurner,Kansas State Treasurer ( running for U.S. House in District 2 ),2020,Senate,KS,laturner j,3,0,0
,REP,[ 15 ],"Pruitt, conservative commentator",2020,Senate,KS,,0,0,0
,REP,Susan Wagle,president of the Kansas Senate,2020,Senate,KS,wagle s,0,0,0
,REP,Jeff Colyer,former governor of Kansas and lieutenant governor of Kansas      (endorsed Roger Marshall),2020,Senate,KS,colyer j,3,0,0
,REP,Ron Estes,incumbent U.S. representative for Kansas's 4th congressional district and former Kansas State Treasurer  ( running for reelection ),2020,Senate,KS,estes r,4,1,0
,REP,Wink Hartman,"oilman and restaurant owner, nominee for lieutenant governor of Kansas in 2018",2020,Senate,KS,hartman w,0,0,1
,REP,Ajit Pai,chairman of the Federal Communications Commission,2020,Senate,KS,pai a,0,0,0
,REP,Mike Pompeo,"United States Secretary of State , former director of the Central Intelligence Agency , and former U.S. representative for Kansas's 4th congressional district",2020,Senate,KS,pompeo m,4,1,0
,REP,Pat Roberts,incumbent U.S. senator  (endorsed Roger Marshall),2020,Senate,KS,roberts p,4,0,0
,REP,Matt Schlapp,incumbent chairman of the American Conservative Union and former director of the Office of Political Affairs,2020,Senate,KS,schlapp m,0,0,0
,REP,Derek Schmidt,Kansas Attorney General,2020,Senate,KS,schmidt d,3,0,0
,REP,Scott Schwab,Kansas Secretary of State,2020,Senate,KS,schwab s,3,0,0
,DEM,Barbara Bollier,physician and state senator,2020,Senate,KS,bollier b,2,0,0
,DEM,[ 65 ],"Adams, database developer",2020,Senate,KS,,0,0,0
,DEM,Nancy Boyda,former U.S. representative from Kansas's 2nd congressional district (endorsed Bollier),2020,Senate,KS,boyda n,4,1,0
,DEM,Barry Grissom,former United States Attorney for the District of Kansas (endorsed Bollier),2020,Senate,KS,grissom b,0,0,0
,DEM,Usha Reddi,mayor of Manhattan,2020,Senate,KS,reddi u,1,0,0
,DEM,Paul Davis,"former minority leader of the Kansas House of Representatives , nominee for governor in 2014 and KS-02 in 2018",2020,Senate,KS,davis p,0,1,1
,DEM,Kathleen Sebelius,"former Secretary of Health and Human Services , former governor of Kansas, and former Kansas Insurance Commissioner",2020,Senate,KS,sebelius k,3,0,0
,DEM,Josh Svaty,"former Kansas Secretary of Agriculture , former state representative, and candidate for governor of Kansas in 2018",2020,Senate,KS,svaty j,2,1,1
,DEM,Kansas's 3rd congressional district,s 3rd congressional district in 2018,2020,Senate,KS,district k,0,0,0
,REP,Mitch McConnell,incumbent U.S. senator and Senate majority leader,2020,Senate,KY,mcconnell m,4,0,0
,REP,[ 5 ],"ll K. Crow, businessman and entrepreneur   (remained on ballot)",2020,Senate,KY,,0,0,0
,DEM,Amy McGrath,former U.S. Marine fighter pilot and 2018 Democratic nominee for Kentucky's 6th congressional district,2020,Senate,KY,mcgrath a,0,0,1
,DEM,[ 19 ],"Ausbrooks, mental health counselor  (endorsed Mike Broihier)  (remained on ballot)",2020,Senate,KY,,0,0,0
,DEM,Rocky Adkins,former minority leader of the Kentucky House of Representatives and candidate for Governor of Kentucky in 2019,2020,Senate,KY,adkins r,0,1,1
,DEM,Andy Beshear,"Governor of Kentucky , former attorney general of Kentucky , and son of former governor Steve Beshear",2020,Senate,KY,beshear a,3,0,0
,DEM,Steve Beshear,former governor of Kentucky and nominee for the U.S. Senate in 1996,2020,Senate,KY,beshear s,3,0,1
,DEM,Jack Conway,"former attorney general of Kentucky, nominee for the U.S. Senate in 2010 , nominee for Governor of Kentucky in 2015",2020,Senate,KY,conway j,3,0,1
,DEM,Adam Edelen,former state auditor and candidate for Governor of Kentucky in 2019,2020,Senate,KY,edelen a,3,0,1
,DEM,Greg Fischer,Mayor of Louisville,2020,Senate,KY,fischer g,1,0,0
,DEM,Jim Gray,"Secretary of the Kentucky Transportation Cabinet , former mayor of Lexington and nominee for the U.S. Senate in 2016",2020,Senate,KY,gray j,1,0,1
,DEM,Alison Lundergan Grimes,former secretary of state of Kentucky and nominee for the U.S. Senate in 2014  (endorsed Booker),2020,Senate,KY,grimes a,3,0,1
,DEM,Matt Jones,"attorney, media personality, and restaurateur (had formed an exploratory committee beforehand, endorsed Booker)",2020,Senate,KY,jones m,0,0,0
,IND,Kentucky House of Representatives,"candidate for president in 2016, 2018 Independent nominee for Kentucky House of Representatives District 65",2020,Senate,KY,representatives k,0,1,1
,DEM,Ed Markey,incumbent U.S. senator,2020,Senate,MA,markey e,4,0,0
,DEM,Shannon Liss-Riordan,labor attorney,2020,Senate,MA,riordan s,0,0,0
,DEM,[ 25 ],"Pemberton, chief human resources officer of Workhuman (endorsed Markey)",2020,Senate,MA,,0,0,0
,DEM,Maura Healey,Massachusetts Attorney General,2020,Senate,MA,healey m,3,0,0
,DEM,New Bedford,former mayor of New Bedford  (endorsed Kennedy),2020,Senate,MA,bedford n,1,0,0
,DEM,Juana Matias,former state representative and candidate for Massachusetts's 3rd congressional district in 2018,2020,Senate,MA,matias j,2,1,1
,DEM,Seth Moulton,former 2020 presidential candidate and U.S. representative from Massachusetts's 6th congressional district ( ran for re-election ),2020,Senate,MA,moulton s,4,1,0
,DEM,Michelle Wu,Boston City Councilor,2020,Senate,MA,wu m,1,0,0
,REP,[ 184 ],"'Connor, attorney",2020,Senate,MA,,0,0,0
,REP,Charlie Baker,governor of Massachusetts  (endorsed O'Connor),2020,Senate,MA,baker c,3,0,0
,REP,Vermin Supreme,performance artist and political satirist ; member of the Libertarian Party Judiciary Committee; former 2020 Libertarian presidential candidate (as a write-in candidate),2020,Senate,MA,supreme v,0,0,0
,IND,Massachusetts' 1st congressional district,or Massachusetts' 1st congressional district in 2020,2020,Senate,MA,district m,0,0,0
,REP,Susan Collins,incumbent U.S. senator,2020,Senate,ME,collins s,4,0,0
,REP,[ 21 ],"Levasseur, police officer",2020,Senate,ME,,0,0,0
,REP,Paul LePage,former governor of Maine  (endorsed Collins),2020,Senate,ME,lepage p,3,0,0
,REP,Reform,"nn, financial planner, Reform nominee for governor of Florida in 2006 , Democratic candidate for Florida's 10th congressional district in 2008 and disqualified candidate for U.S. Senate in 2018  (qualified for the general election as Independent)",2020,Senate,ME,reform,0,0,1
,REP,Bruce Poliquin,former U.S. representative for Maine's 2nd congressional district and former Treasurer of Maine,2020,Senate,ME,poliquin b,4,1,0
,DEM,Sara Gideon,Speaker of the Maine House of Representatives,2020,Senate,ME,gideon s,2,1,0
,DEM,[ 34 ],"l Bunker, travel agent",2020,Senate,ME,,0,0,0
,DEM,Google,"aJeunesse, former Head of International Relations at Google , former aide to George J. Mitchell , Ted Kennedy , Steve Westly and Arnold Schwarzenegger (endorsed Gideon)",2020,Senate,ME,google,0,0,0
,DEM,Maine Democratic Party,cian and member of the Maine Democratic Party State Committee,2020,Senate,ME,party m,0,0,0
,DEM,Shenna Bellows,state senator and nominee for U.S. Senate in 2014,2020,Senate,ME,bellows s,2,0,1
,DEM,Seth Berry,state representative (endorsed Gideon),2020,Senate,ME,berry s,2,1,0
,DEM,Emily Cain,"executive director of EMILY's List , nominee for Maine's 2nd congressional district in 2014 and 2016 , former state senator, and former state representative",2020,Senate,ME,cain e,2,1,1
,DEM,Maine's 1st congressional district,st congressional district in 2008 and candidate for governor of Maine in 2018,2020,Senate,ME,district m,0,0,1
,DEM,Matthew Dunlap,Maine Secretary of State and candidate for U.S. Senate in 2012,2020,Senate,ME,dunlap m,3,0,1
,DEM,Jared Golden,incumbent U.S. representative for Maine's 2nd congressional district and former state representative,2020,Senate,ME,golden j,4,1,0
,DEM,Lewiston,"waniec, former mayor of Lewiston",2020,Senate,ME,lewiston,1,0,0
,DEM,Stephen King,author   (endorsed Gideon),2020,Senate,ME,king s,0,0,0
,DEM,Janet Mills,governor of Maine and former attorney general of Maine,2020,Senate,ME,mills j,3,0,0
,DEM,Chellie Pingree,incumbent U.S. representative for Maine's 1st congressional district and nominee for the U.S. Senate in 2002,2020,Senate,ME,pingree c,4,1,1
,DEM,Hannah Pingree,former Speaker of the Maine House of Representatives (endorsed Gideon),2020,Senate,ME,pingree h,2,1,0
,DEM,Susan Rice,former United States National Security Advisor and former United States Ambassador to the United Nations,2020,Senate,ME,rice s,0,0,0
,DEM,Cecile Richards,former president of Planned Parenthood,2020,Senate,ME,richards c,0,0,0
,DEM,Ethan Strimling,former mayor of Portland and candidate for Maine's 1st congressional district in 2008,2020,Senate,ME,strimling e,1,0,1
,IND,[ 56 ],"Gibson, solar design specialist ( endorsed Savage )",2020,Senate,ME,,0,0,0
,IND,Maine's 2nd congressional district,for Maine's 2nd congressional district in 2018,2020,Senate,ME,district m,0,0,0
,IND,Millinocket,"eb, Millinocket town councilor",2020,Senate,ME,millinocket,0,0,0
,DEM,Gary Peters,incumbent U.S. senator,2020,Senate,MI,peters g,4,0,0
,DEM,Abdul El-Sayed,former executive director of the Detroit Department of Health and Wellness Promotion and candidate for Governor of Michigan in 2018,2020,Senate,MI,sayed a,0,0,1
,REP,John James,"businessman, Iraq War veteran and nominee for the U.S. Senate in 2018",2020,Senate,MI,james j,0,0,1
,REP,perennial candidate,"preservationist, businessman and perennial candidate",2020,Senate,MI,candidate p,0,0,0
,REP,Tom Leonard,former speaker of the Michigan House of Representatives and nominee for Michigan Attorney General in 2018,2020,Senate,MI,leonard t,2,1,1
,REP,Candice Miller,Macomb County Public Works commissioner and former U.S. representative for Michigan's 10th congressional district,2020,Senate,MI,miller c,4,1,0
,REP,[ 38 ],"Pensler, businessman and candidate for U.S. Senate in 2018",2020,Senate,MI,,0,0,1
,REP,Bill Schuette,"former Michigan attorney general, nominee for governor of Michigan in 2018 and nominee for the U.S. Senate in 1990  (endorsed John James)",2020,Senate,MI,schuette b,3,0,1
,REP,Rick Snyder,former governor of Michigan,2020,Senate,MI,snyder r,3,0,0
,REP,Thom Tillis,incumbent U.S. senator,2020,Senate,NC,tillis t,4,0,0
,REP,[ 15 ],"Smith, farm owner  ( running for U.S. House in NC-01 )",2020,Senate,NC,,0,0,0
,REP,CEO,"land Tucker, former CEO and chairman of Triangle Capital",2020,Senate,NC,ceo,0,0,0
,REP,Ted Budd,incumbent U.S. representative for North Carolina's 13th congressional district,2020,Senate,NC,budd t,4,1,0
,REP,Mark Meadows,former U.S. representative for North Carolina's 11th congressional district,2020,Senate,NC,meadows m,4,1,0
,REP,Mark Walker,incumbent U.S. representative for North Carolina's 6th congressional district,2020,Senate,NC,walker m,4,1,0
,DEM,Cal Cunningham,former state senator and candidate for the U.S. Senate in 2010,2020,Senate,NC,cunningham c,2,0,1
,DEM,[ 40 ],"Lee, attorney  (running for North Carolina Commissioner of Labor )",2020,Senate,NC,,3,0,0
,DEM,Eric L. Mansfield,former state senator,2020,Senate,NC,mansfield e,2,0,0
,DEM,Janet Cowell,former North Carolina State Treasurer  ( endorsed Cunningham ),2020,Senate,NC,cowell j,3,0,0
,DEM,Anthony Foxx,former U.S. Secretary of Transportation and former mayor of Charlotte  ( endorsed Cunningham ),2020,Senate,NC,foxx a,4,0,0
,DEM,Rachel Hunt,state representative,2020,Senate,NC,hunt r,2,1,0
,DEM,Vi Lyles,mayor of Charlotte,2020,Senate,NC,lyles v,1,0,0
,DEM,Dan McCready,"former U.S. Marine, businessman, and nominee for North Carolina's 9th congressional district in 2018 and 2019 special election",2020,Senate,NC,mccready d,0,0,1
,DEM,Deborah K. Ross,former state representative and nominee for U.S. Senate in 2016  ( running for North Carolina's 2nd congressional district ),2020,Senate,NC,ross d,2,1,1
,DEM,Thomas W. Ross,former president of the University of North Carolina system,2020,Senate,NC,ross t,0,0,0
,DEM,Josh Stein,North Carolina Attorney General  ( running for reelection ),2020,Senate,NC,stein j,3,0,0
,DEM,Brian Turner,state representative,2020,Senate,NC,turner b,2,1,0
,DEM,North Carolina's 3rd congressional district,d candidate for North Carolina's 3rd congressional district in 2019,2020,Senate,NC,district n,0,0,1
,DEM,North Carolina House of Representatives,Carolina House of Representatives in 2012 and 2018,2020,Senate,NC,representatives n,0,1,0
,REP,Ben Sasse,incumbent U.S. senator,2020,Senate,NE,sasse b,4,0,0
,REP,Charles Herbster,farmer,2020,Senate,NE,herbster c,0,0,0
,REP,Pete Ricketts,Governor of Nebraska,2020,Senate,NE,ricketts p,3,0,0
,DEM,2018,"s Janicek, businessman and candidate for U.S. Senate in 2018",2020,Senate,NE,,0,0,1
,DEM,Chris Beutler,former mayor of Lincoln,2020,Senate,NE,beutler c,1,0,0
,DEM,Libertarian Party of Nebraska,of the Libertarian Party of Nebraska,2020,Senate,NE,nebraska l,0,0,0
,DEM,Preston Love Jr.,"first vice president of the Omaha NAACP chapter and second associate chairman of the Nebraska Democratic Party , endorsed by the party after the allegations against Janicek",2020,Senate,NE,love p,0,0,0
,DEM,Brad Ashford,former Democratic Congressman from NE-02,2020,Senate,NE,ashford b,4,0,0
,DEM,Jeanne Shaheen,incumbent U.S. senator,2020,Senate,NH,shaheen j,4,0,0
,REP,[ 24 ],"Messner, corporate attorney and former U.S. Army soldier",2020,Senate,NH,,0,0,0
,REP,Bill O'Brien,former speaker of the New Hampshire House of Representatives,2020,Senate,NH,brien b,2,1,0
,REP,Kelly Ayotte,former U.S. senator and former attorney general of New Hampshire,2020,Senate,NH,ayotte k,4,0,0
,REP,Al Baldasaro,state representative  (endorsed Bill O'Brien),2020,Senate,NH,baldasaro a,2,1,0
,REP,Scott Brown,"U.S. Ambassador to New Zealand and Samoa , former U.S. senator from Massachusetts, 2014 Republican nominee for the U.S. Senate in New Hampshire",2020,Senate,NH,brown s,4,0,1
,REP,South Hampton,"former police chief of South Hampton , former chief of the New Hampshire State Division of Liquor Enforcement, and nominee for New Hampshire's 1st congressional district in 2018  ( accepted executive state appointment )",2020,Senate,NH,hampton s,0,0,1
,REP,Corey Lewandowski,President Donald Trump 's former campaign manager,2020,Senate,NH,lewandowski c,0,0,0
,REP,Chris Sununu,incumbent governor of New Hampshire ( ran for re-election ),2020,Senate,NH,sununu c,3,0,0
,REP,Libertarian,"nnell, Libertarian nominee for New Hampshire's 2nd congressional district in 2018 ,  qualified for general election ballot by petition on September 2, 2020",2020,Senate,NH,libertarian,0,0,1
,DEM,Ben Ray Luján,U.S. representative for New Mexico's 3rd congressional district,2020,Senate,NM,lujan b,4,1,0
,DEM,[ 5 ],"nni Haqani, businessman, television host, and candidate for state representative in 2016",2020,Senate,NM,,0,1,1
,DEM,Española,"erkins, accountant and former Española finance director",2020,Senate,NM,espanola,0,0,0
,DEM,Maggie Toulouse Oliver,secretary of state of New Mexico  (endorsed Ben Ray Luján),2020,Senate,NM,oliver m,3,0,0
,DEM,Jeff Apodaca,businessman and candidate for governor in 2018,2020,Senate,NM,apodaca j,0,0,1
,DEM,Hector Balderas,Attorney General of New Mexico,2020,Senate,NM,balderas h,3,0,0
,DEM,United States Department of Agriculture,artment of Agriculture regional director,2020,Senate,NM,agriculture u,0,0,0
,DEM,Pete Campos,state senator,2020,Senate,NM,campos p,2,0,0
,DEM,Jacob Candelaria,state senator,2020,Senate,NM,candelaria j,2,0,0
,DEM,Joe Cervantes,state senator and candidate for governor in 2018,2020,Senate,NM,cervantes j,2,0,1
,DEM,Brian Egolf,speaker of the New Mexico House of Representatives,2020,Senate,NM,egolf b,2,1,0
,DEM,Deb Haaland,U.S. representative  (endorsed Ben Ray Luján) ; (running for re-election),2020,Senate,NM,haaland d,4,1,0
,DEM,Tim Keller,mayor of Albuquerque,2020,Senate,NM,keller t,1,0,0
,DEM,Michelle Lujan Grisham,Governor of New Mexico  (endorsed Ben Ray Luján),2020,Senate,NM,grisham m,3,0,0
,DEM,Howie Morales,Lieutenant Governor of New Mexico,2020,Senate,NM,morales h,3,0,0
,DEM,Valerie Plame,former CIA operations officer,2020,Senate,NM,plame v,0,0,0
,DEM,Jeff Steinborn,state senator,2020,Senate,NM,steinborn j,2,0,0
,DEM,Xochitl Torres Small,U.S. representative,2020,Senate,NM,small x,4,1,0
,DEM,Raúl Torrez,Bernalillo County district attorney  (running for re-election),2020,Senate,NM,torrez r,1,0,0
,DEM,Tom Udall,incumbent U.S. senator    (endorsed Ben Ray Luján),2020,Senate,NM,udall t,4,0,0
,DEM,Alan Webber,mayor of Santa Fe,2020,Senate,NM,webber a,1,0,0
,REP,KRQE,"Ronchetti, former KRQE chief meteorologist",2020,Senate,NM,krqe,0,0,0
,REP,[ 50 ],"ontoya, businessman",2020,Senate,NM,,0,0,0
,REP,Richard J. Berry,former mayor of Albuquerque,2020,Senate,NM,berry r,1,0,0
,REP,Kelly Fajardo,state representative,2020,Senate,NM,fajardo k,2,1,0
,REP,Nate Gentry,minority leader of the New Mexico House of Representatives,2020,Senate,NM,gentry n,0,1,0
,REP,Attorney General,"s, attorney and nominee for Attorney General in 2018",2020,Senate,NM,general a,0,0,1
,REP,Yvette Herrell,former state representative and nominee for New Mexico's 2nd congressional district in 2018 (Herrell is running for U.S. House of Representatives CD2),2020,Senate,NM,herrell y,2,1,1
,REP,citation needed,lencia County Commissioner [ citation needed ],2020,Senate,NM,needed c,1,0,0
,REP,Sarah Maestas Barnes,former state representative,2020,Senate,NM,barnes s,2,1,0
,REP,Susana Martinez,former governor of New Mexico,2020,Senate,NM,martinez s,3,0,0
,REP,Mark Moores,state senator,2020,Senate,NM,moores m,2,0,0
,REP,Judith Nakamura,New Mexico Supreme Court justice,2020,Senate,NM,nakamura j,0,0,0
,REP,Steve Pearce,"chair of the New Mexico Republican Party , former U.S. representative, nominee for the U.S. Senate in 2008 , and nominee for governor in 2018",2020,Senate,NM,pearce s,4,1,1
,REP,John Sanchez,former lieutenant governor of New Mexico,2020,Senate,NM,sanchez j,3,0,0
,REP,Gary Johnson,former governor of New Mexico and nominee for U.S. Senate in 2018,2020,Senate,NM,johnson g,3,0,1
,REP,Lindsey Graham,incumbent US senator,2020,Senate,SC,graham l,4,0,0
,REP,[ 7 ],"y Garcia, Air Force veteran",2020,Senate,SC,,0,0,0
,REP,Charleston,"ies, Charleston art teacher, home decorator, and former IBM employee",2020,Senate,SC,charleston,0,0,0
,REP,Greer,"Sloan, Greer minister and manufacturing executive",2020,Senate,SC,greer,0,0,0
,REP,South Carolina House of Representatives,"eran, and candidate for the South Carolina House of Representatives in 2018 (switched to the Libertarian primary)",2020,Senate,SC,representatives s,0,1,1
,REP,Eric Bolling,former Fox News host,2020,Senate,SC,bolling e,0,0,0
,REP,Mark Burns,Easley pastor and former candidate for South Carolina's 4th congressional district in 2018,2020,Senate,SC,burns m,0,0,1
,REP,Greenville,"n, Greenville businessman and candidate for Governor of South Carolina in 2018",2020,Senate,SC,greenville,0,0,1
,DEM,Jaime Harrison,former chair of the South Carolina Democratic Party and associate chairman of the Democratic National Committee,2020,Senate,SC,harrison j,0,0,0
,DEM,Gloria Bromell Tinubu,"former Georgia state representative, candidate for Lieutenant Governor of South Carolina in 2018 , and nominee for South Carolina's 7th congressional district in 2012 and 2014  (endorsed Jaime Harrison)",2020,Senate,SC,tinubu g,2,1,1
,DEM,[ 28 ],"m Stone, legal researcher",2020,Senate,SC,,0,0,0
,DEM,Mandy Powers Norrell,state representative and candidate for lieutenant governor in 2018 (running for reelection),2020,Senate,SC,norrell m,2,1,1
,DEM,Bakari Sellers,political commentator and former state representative,2020,Senate,SC,sellers b,2,1,0
,REP,Bill Hagerty,"businessman, former United States Ambassador to Japan and former Commissioner of the Tennessee Department of Economic and Community Development",2020,Senate,TN,hagerty b,3,0,0
,REP,Tennessee House of Representatives,ublican candidate for District 39 of the Tennessee House of Representatives in 2016,2020,Senate,TN,representatives t,0,1,1
,REP,unsuccessfully ran for TN-01,cessfully ran for TN-01 ),2020,Senate,TN,tn u,0,0,0
,REP,the Lost Trailers,usic industry executive and guitarist for the Lost Trailers,2020,Senate,TN,trailers t,0,0,0
,REP,Lamar Alexander,incumbent U.S. senator,2020,Senate,TN,alexander l,4,0,0
,REP,Mae Beavers,former state senator (endorsed Sethi),2020,Senate,TN,beavers m,2,0,0
,REP,Diane Black,former U.S. representative for Tennessee's 6th congressional district and candidate for governor in 2018,2020,Senate,TN,black d,4,1,1
,REP,Randy Boyd,"former Commissioner of the Tennessee Department of Economic and Community Development, candidate for governor in 2018 , and President of the University of Tennessee system",2020,Senate,TN,boyd r,3,0,1
,REP,Bob Corker,former U.S. senator,2020,Senate,TN,corker b,4,0,0
,REP,Stephen Fincher,former U.S. representative for Tennessee's 8th congressional district  and candidate for U.S. Senate in 2018,2020,Senate,TN,fincher s,4,1,1
,REP,Chuck Fleischmann,U.S. representative for Tennessee's 3rd congressional district,2020,Senate,TN,fleischmann c,4,1,0
,REP,Mark E. Green,U.S. representative for Tennessee's 7th congressional district and former state senator,2020,Senate,TN,green m,4,1,0
,REP,Tre Hargett,Tennessee Secretary of State,2020,Senate,TN,hargett t,3,0,0
,REP,Beth Harwell,former Speaker of the Tennessee House of Representatives and candidate for governor in 2018,2020,Senate,TN,harwell b,2,1,1
,REP,Bill Haslam,former governor of Tennessee,2020,Senate,TN,haslam b,3,0,0
,REP,David Kustoff,U.S. representative for Tennessee's 8th congressional district and former U.S. Attorney,2020,Senate,TN,kustoff d,4,1,0
,REP,Peyton Manning,retired NFL quarterback,2020,Senate,TN,manning p,0,0,0
,REP,[ 26 ],"ebb, businessman (endorsed Sethi)",2020,Senate,TN,,0,0,0
,DEM,Marquita Bradshaw,environmentalist,2020,Senate,TN,bradshaw m,0,0,0
,DEM,[ 65 ],"C. Onyejiaka, college professor and consultant",2020,Senate,TN,,0,0,0
,DEM,Andy Berke,incumbent mayor of Chattanooga and former state senator,2020,Senate,TN,berke a,2,0,0
,DEM,Phil Bredesen,former mayor of Nashville and Governor of Tennessee and nominee for U.S. Senate in 2018  (endorsed James Mackler),2020,Senate,TN,bredesen p,3,0,1
,DEM,John Ray Clemmons,state representative and candidate for Mayor of Nashville in 2019,2020,Senate,TN,clemmons j,2,1,1
,DEM,Karl Dean,former mayor of Nashville and nominee for Governor of Tennessee in 2018,2020,Senate,TN,dean k,1,0,1
,DEM,Sara Kyle,incumbent state senator,2020,Senate,TN,kyle s,2,0,0
,DEM,Tim McGraw,singer-songwriter,2020,Senate,TN,mcgraw t,0,0,0
,DEM,Jason Powell,"state representative, real estate agent, non-profit manager",2020,Senate,TN,powell j,2,1,0
,DEM,Madeline Rogero,former mayor of Knoxville,2020,Senate,TN,rogero m,1,0,0
,DEM,Jeff Yarbro,minority leader of the Tennessee State Senate,2020,Senate,TN,yarbro j,2,0,0
,IND,Tennessee's 4th congressional district,"searcher, and former Republican candidate for Tennessee's 4th congressional district in 2014 and 2016",2020,Senate,TN,district t,0,0,1
,IND,[ 11 ],"y Grunau, activist",2020,Senate,TN,,0,0,0
,REP,John Cornyn,incumbent U.S. senator,2020,Senate,TX,cornyn j,4,0,0
,REP,Pat Fallon,state senator,2020,Senate,TX,fallon p,2,0,0
,REP,Dan Patrick,Lieutenant Governor of Texas  (endorsed John Cornyn),2020,Senate,TX,patrick d,3,0,0
,REP,Allen West,former U.S. representative for Florida's 22nd congressional district  (running for state party chair),2020,Senate,TX,west a,4,1,0
,DEM,MJ Hegar,"retired United States Air Force Major , businesswoman, author, teacher, and Democratic Party nominee for Texas's 31st congressional district in 2018",2020,Senate,TX,hegar m,0,0,1
,DEM,Midland,"Love III, Midland City Councillor",2020,Senate,TX,midland,1,0,0
,DEM,Joaquín Castro,incumbent U.S. representative for Texas's 20th congressional district,2020,Senate,TX,castro j,4,1,0
,DEM,Beto O'Rourke,"former U.S. representative for Texas's 16th congressional district , nominee for the U.S. Senate in 2018 and former 2020 presidential candidate",2020,Senate,TX,rourke b,4,1,1
,DEM,Mark Warner,incumbent U.S. senator,2020,Senate,VA,warner m,4,0,0
,REP,Daniel Gade,college professor and U.S. Army veteran,2020,Senate,VA,gade d,0,0,0
,REP,[ 17 ],"dkins, financial executive",2020,Senate,VA,,0,0,0
,REP,Virginia's 1st congressional district,Virginia's 1st congressional district in 2020,2020,Senate,VA,district v,0,0,0
,REP,Scott Taylor,former U.S. representative for Virginia's 2nd congressional district  ( ran for his former House seat ),2020,Senate,VA,taylor s,4,1,0
,REP,Nick Freitas,state delegate and candidate for U.S. Senate in 2018 ( ran for U.S. House ),2020,Senate,VA,freitas n,2,0,1
,REP,Corey Stewart,nominee for U.S. Senate in 2018 and former chairman of the Prince William Board of County Supervisors,2020,Senate,VA,stewart c,0,0,1
,IND,[ 28 ],"Mina, Peace Corps veteran",2020,Senate,VA,,0,0,0
,REP,Cynthia Lummis,former U.S. representative for Wyoming's at-large congressional district and former Treasurer of Wyoming,2020,Senate,WY,lummis c,4,1,0
,REP,[ 5 ],"ck Dotson, retiree",2020,Senate,WY,,0,0,0
,REP,Liz Cheney,"incumbent U.S. representative for Wyoming's at-large congressional district , Chair of House Republican Conference , and daughter of the 46th Vice President Dick Cheney ( running for re-election )",2020,Senate,WY,cheney l,4,1,0
,REP,Mike Enzi,incumbent U.S. senator  (endorsed Cynthia Lummis),2020,Senate,WY,enzi m,4,0,0
,REP,Foster Friess,businessman and former governor candidate,2020,Senate,WY,friess f,3,0,0
,REP,Mark Gordon,governor of Wyoming,2020,Senate,WY,gordon m,3,0,0
,REP,Robert Grady,policy adviser to former president George H. W. Bush,2020,Senate,WY,grady r,0,0,0
,REP,Matt Mead,former governor of Wyoming,2020,Senate,WY,mead m,3,0,0
,REP,Donald Trump Jr.,businessman and son of President of the United States Donald Trump,2020,Senate,WY,trump d,0,0,0
,DEM,Merav Ben-David,Chair of the Department of Zoology and Physiology at the University of Wyoming and wildlife ecologist,2020,Senate,WY,david m,0,0,0
,DEM,[ 5 ],"Jagoda, teacher",2020,Senate,WY,,0,0,0
,DEM,Phil Murphy,incumbent governor (2018–present),2021,Governor,NJ,murphy p,3,1,0
,DEM,[ 8 ],"Bacon, perennial candidate",2021,Governor,NJ,,0,0,0
,DEM,Jamel Holley,state assemblyman from the 20th district ( ran for State Senate ),2021,Governor,NJ,holley j,2,0,0
,DEM,Stephen M. Sweeney,President of the New Jersey Senate (running for re-election),2021,Governor,NJ,sweeney s,0,0,0
,REP,Jack Ciattarelli,former member of the New Jersey General Assembly from the 16th district (2011–2018) and candidate for governor in 2017,2021,Governor,NJ,ciattarelli j,2,0,1
,REP,[ 20 ],"Rudy Rullo, businessman, actor and perennial candidate (endorsed Hirsh Singh)",2021,Governor,NJ,,0,0,0
,REP,Doug Steinhardt,"chair of the Warren County Republican Committee (2004–present), former mayor of Lopatcong (1999–2014) and former Chair of the New Jersey Republican State Committee (2017–2020)",2021,Governor,NJ,steinhardt d,1,1,0
,REP,Ocean County commissioner,ty commissioner,2021,Governor,NJ,commissioner o,0,0,0
,REP,Jon Bramnick,minority leader of the New Jersey General Assembly (running for State Senate),2021,Governor,NJ,bramnick j,2,0,0
,REP,Chris Christie,former governor of New Jersey (2010–2018),2021,Governor,NJ,christie c,3,0,0
,REP,Joe Kyrillos,"former state senator and assemblyman from the 13th district , Republican nominee for New Jersey's 6th congressional district in 1992 , and Republican nominee for U.S. Senate in 2012",2021,Governor,NJ,kyrillos j,2,0,1
,REP,Holly Schepisi,state assemblywoman (2012–2021) and senator (2021–present) from the 39th district (running for State Senate)  (endorsed Jack Ciattarelli),2021,Governor,NJ,schepisi h,2,1,0
,REP,Kristin Corrado,"state senator from the 40th district (2017–present), chair of the New Jersey Senate Republican Conference (2019–present)",2021,Governor,NJ,corrado k,2,1,0
,REP,New Jersey's 11th congressional district,"11th congressional district in 2018 , hedge fund manager, and U.S. Army JAG captain",2021,Governor,NJ,district n,0,0,0
,REP,Monmouth County,"n, Monmouth County Clerk (2015–present)",2021,Governor,NJ,county m,1,1,0
,REP,VFW,"bara Kim-Hagemann, New Jersey VFW State Commander",2021,Governor,NJ,vfw,0,0,0
,REP,Nancy Munoz,state assemblywoman from the 21st district (2009–present),2021,Governor,NJ,munoz n,2,1,0
,REP,Laura Overdeck,businesswoman and philanthropist (founder and president of Bedtime Math and co-founder of the Women for a Stronger New Jersey Super-PAC ),2021,Governor,NJ,overdeck l,0,0,0
,REP,Ryan Peters,state assemblyman from the 8th district (2018–present) ( will not be running for re-election to the State Assembly ),2021,Governor,NJ,peters r,2,1,0
,DEM,Terry McAuliffe,former governor of Virginia (2014–2018) and former chair of the Democratic National Committee (2001–2005),2021,Governor,VA,mcauliffe t,3,0,0
,DEM,Mark Herring,attorney general of Virginia (2014–2022) and former state senator for Virginia's 33rd Senate district (2006–2014) ( ran for re-election ),2021,Governor,VA,herring m,3,0,0
,REP,Glenn Youngkin,former co-CEO of The Carlyle Group,2021,Governor,VA,youngkin g,0,0,0
,REP,Amanda Chase,state senator for Virginia's 11th Senate district,2021,Governor,VA,chase a,2,0,0
,REP,Kirk Cox,state delegate for Virginia's 66th House of Delegates district and former Speaker of the Virginia House of Delegates (2018–2020),2021,Governor,VA,cox k,2,0,0
,REP,Sergio de la Peña,former U.S. Deputy Assistant Secretary of Defense for Western Hemisphere Affairs,2021,Governor,VA,pena s,0,0,0
,REP,[ 96 ],"Doran, former CEO of the Center for European Policy Analysis",2021,Governor,VA,,0,0,0
,REP,Roanoke City,"son, former sheriff of Roanoke City (2006–2013)",2021,Governor,VA,city r,1,0,0
,REP,Pete Snyder,"entrepreneur, marketing executive, and candidate for lieutenant governor in 2013",2021,Governor,VA,snyder p,0,0,1
,REP,U.S. Army,"ini, U.S. Army veteran",2021,Governor,VA,army u,0,0,0
,REP,Charles William Carrico Sr.,former state senator for Virginia's 40th Senate district and retired state trooper (endorsed Cox),2021,Governor,VA,carrico c,2,0,0
,REP,Neil Chatterjee,former chairman of the Federal Energy Regulatory Commission,2021,Governor,VA,chatterjee n,0,0,0
,REP,Barbara Comstock,former U.S. representative for Virginia's 10th congressional district,2021,Governor,VA,comstock b,4,1,0
,REP,Nick Freitas,"state delegate for Virginia's 30th House of Delegates district , candidate for the U.S. Senate in 2018 and nominee for Virginia's 7th congressional district in 2020",2021,Governor,VA,freitas n,2,0,1
,REP,Emmett Hanger,state senator for Virginia's 24th Senate district,2021,Governor,VA,hanger e,2,0,0
,REP,Bill Stanley,state senator for Virginia's 20th Senate district,2021,Governor,VA,stanley b,2,0,0
,REP,Corey Stewart,"attorney, former chairman of the Prince William Board of County Supervisors , nominee for the U.S. Senate in 2018 and candidate for governor of Virginia in 2017  (endorsed Youngkin)",2021,Governor,VA,stewart c,1,0,1
,IND,Marcus-David Peters,"Liberation Party), teacher, former school administrator, activist, and sister of Marcus-David Peters",2021,Governor,VA,peters m,0,0,0
,IND,[ 128 ],"oman (Independent), business owner",2021,Governor,VA,,0,0,0
,IND,Amanda Chase,state senator for Virginia's 11th Senate district,2021,Governor,VA,chase a,2,0,0
,IND,Denver Riggleman,former U.S. representative ( VA-05 ),2021,Governor,VA,riggleman d,4,1,0
,REP,Natasha von Imhof,state senator,2022,Governor,AK,imhof n,2,0,0
,IND,Alyse Galvin,public education advocate and candidate for Alaska's at-large congressional district in 2018 and 2020  ( running for state house ),2022,Governor,AK,galvin a,0,0,1
,IND,Al Gross,"orthopedic surgeon, commercial fisherman, son of former Alaska Attorney General Avrum Gross , and candidate for U.S. Senate in 2020   ( ran for U.S. House )",2022,Governor,AK,gross a,3,0,1
,REP,Kay Ivey,incumbent governor of Alabama,2022,Governor,AL,ivey k,3,0,0
,REP,Will Ainsworth,incumbent lieutenant governor (seeking re-election),2022,Governor,AL,ainsworth w,3,0,0
,REP,Mo Brooks,U.S. representative (running for U.S. Senate ),2022,Governor,AL,brooks m,4,1,0
,REP,Steve Marshall,incumbent attorney general of Alabama (seeking re-election ),2022,Governor,AL,marshall s,3,0,0
,REP,Rick Pate,incumbent commissioner of Alabama Department of Agriculture and Industries (seeking re-election),2022,Governor,AL,pate r,3,0,0
,REP,Jim Zeigler,incumbent Alabama state auditor (2015–present) (formed exploratory committee but did not run; running for Secretary of State ),2022,Governor,AL,zeigler j,3,1,0
,DEM,[ 109 ],"Rochelle Flowers, activist, retired rehabilitation specialist and educator",2022,Governor,AL,,0,0,0
,DEM,Walt Maddox,mayor of Tuscaloosa and nominee for governor in 2018,2022,Governor,AL,maddox w,1,0,1
,REP,Sarah Huckabee Sanders,former White House press secretary (2017–2019) and daughter of former governor Mike Huckabee,2022,Governor,AR,sanders s,4,0,0
,REP,Tim Griffin,lieutenant governor of Arkansas (2015–2023)  (successfully ran for attorney general ) (endorsed Sanders),2022,Governor,AR,griffin t,3,0,0
,REP,Leslie Rutledge,Arkansas attorney general (2015–2023)  (successfully ran for lieutenant governor ) (endorsed Sanders),2022,Governor,AR,rutledge l,3,0,0
,DEM,Chris Jones,nuclear engineer and nonprofit executive,2022,Governor,AR,jones c,0,0,0
,DEM,state representative,te for state representative in 2020  (unsuccessfully ran for lieutenant governor ),2022,Governor,AR,representative s,3,1,0
,DEM,Greg Leding,"state senator (2019–present), former state representative (2011–2019), and former minority leader of the Arkansas House of Representatives (2012–2014)  (successfully ran for re-election to the State Senate )",2022,Governor,AR,leding g,2,1,0
,DEM,Clarke Tucker,"state senator (2021–present), former state representative (2015–2019), and nominee for Arkansas's 2nd congressional district in 2018  (successfully ran for re-election to the State Senate)",2022,Governor,AR,tucker c,2,1,1
,DEM,prison chaplain,"n, Christian missionary, prison chaplain , and nominee for U.S. senator in 2020",2022,Governor,AR,chaplain p,0,0,1
,REP,Kari Lake,former KSAZ-TV news anchor,2022,Governor,AZ,lake k,0,0,0
,REP,Steve Gaynor,businessman and nominee for Arizona Secretary of State in 2018,2022,Governor,AZ,gaynor s,0,0,1
,REP,Matt Salmon,former U.S. representative for Arizona's 1st congressional district and nominee for governor in 2002 (endorsed Robson),2022,Governor,AZ,salmon m,4,1,1
,REP,Kimberly Yee,Arizona State Treasurer ( running for re-election ),2022,Governor,AZ,yee k,3,0,0
,REP,Kirk Adams,former Chief of Staff to Governor Doug Ducey and former Speaker of the Arizona House of Representatives,2022,Governor,AZ,adams k,3,1,0
,REP,Andy Biggs,U.S. representative for Arizona's 5th congressional district (endorsed Salmon),2022,Governor,AZ,biggs a,4,1,0
,REP,Mark Brnovich,Arizona Attorney General ( ran for the U.S. Senate ),2022,Governor,AZ,brnovich m,3,0,0
,REP,Maricopa County supervisor,nty supervisor,2022,Governor,AZ,supervisor m,0,0,0
,REP,David Schweikert,U.S. representative for Arizona's 6th congressional district (endorsed Salmon),2022,Governor,AZ,schweikert d,4,1,0
,REP,Kelli Ward,"chair of the Arizona Republican Party , former state senator and candidate for the U.S. Senate in 2016 and 2018",2022,Governor,AZ,ward k,2,0,1
,DEM,Katie Hobbs,Arizona Secretary of State,2022,Governor,AZ,hobbs k,3,0,0
,DEM,Aaron Lieberman,former state representative for the 28th district,2022,Governor,AZ,lieberman a,2,1,0
,DEM,Charlene Fernandez,Minority Leader of the Arizona House of Representatives,2022,Governor,AZ,fernandez c,0,1,0
,DEM,Kate Gallego,Mayor of Phoenix,2022,Governor,AZ,gallego k,1,0,0
,DEM,Ruben Gallego,U.S. representative for Arizona's 7th congressional district ( running for re-election ),2022,Governor,AZ,gallego r,4,1,0
,DEM,Tom O'Halleran,U.S. representative for Arizona's 1st congressional district ( running for re-election ),2022,Governor,AZ,halleran t,4,1,0
,DEM,Greg Stanton,U.S. representative for Arizona's 9th congressional district and former mayor of Phoenix ( running for re-election ),2022,Governor,AZ,stanton g,4,1,0
,REP,Larry Elder,"conservative talk show host, author, and candidate in the 2021 recall election",2022,Governor,CA,elder l,0,0,0
,REP,Kevin Faulconer,former mayor of San Diego (2014–2020) and candidate in the 2021 recall election,2022,Governor,CA,faulconer k,1,0,0
,REP,Kimberly Guilfoyle,"television personality, former advisor to Donald Trump and ex-wife of Gavin Newsom",2022,Governor,CA,guilfoyle k,0,0,0
,REP,Kevin Kiley,state assemblyman from the 6th district (2016–2022) and candidate in the 2021 recall election ( ran for CA-03 ),2022,Governor,CA,kiley k,2,0,0
,IND,Adriel Hampton,digital media businessman and candidate for California's 10th congressional district in 2009,2022,Governor,CA,hampton a,0,0,1
,REP,Ron DeSantis,incumbent governor (2019-present),2022,Governor,FL,desantis r,3,1,0
,REP,Republican National Committee,lican National Committee official and candidate for governor in 2018,2022,Governor,FL,committee r,0,0,1
,REP,marijuana,"Peterson, marijuana activist",2022,Governor,FL,marijuana,0,0,0
,REP,Roger Stone,political consultant,2022,Governor,FL,stone r,0,0,0
,DEM,Charlie Crist,"U.S. representative , former Republican governor of Florida and former attorney general of Florida",2022,Governor,FL,crist c,4,1,0
,DEM,state senate,"insky, engineer and candidate for state senate in 2016",2022,Governor,FL,senate s,0,0,1
,DEM,[ 45 ],"Nelson Freeman, businessman",2022,Governor,FL,,0,0,0
,DEM,Annette Taddeo,state senator and nominee for lieutenant governor in 2014  ( running for Florida's 27th congressional district )  (endorsed Crist),2022,Governor,FL,taddeo a,2,0,1
,DEM,Dave Aronberg,Palm Beach County state attorney and former state senator,2022,Governor,FL,aronberg d,2,0,0
,DEM,Lauren Book,state senator,2022,Governor,FL,book l,2,0,0
,DEM,Randolph Bracy,state senator   ( running for Florida's 10th congressional district ),2022,Governor,FL,bracy r,2,0,0
,DEM,Val Demings,U.S. representative   ( running for U.S. Senate ),2022,Governor,FL,demings v,4,1,0
,DEM,Anna Eskamani,state representative,2022,Governor,FL,eskamani a,2,1,0
,DEM,Dan Gelber,mayor of Miami Beach and former state house minority leader  (endorsed Crist),2022,Governor,FL,gelber d,2,0,0
,DEM,Andrew Gillum,former mayor of Tallahassee and nominee for governor in 2018,2022,Governor,FL,gillum a,1,0,1
,DEM,Rebekah Jones,former Florida Department of Health analyst  (endorsed Fried),2022,Governor,FL,jones r,0,0,0
,DEM,Al Lawson,U.S. representative   (endorsed Crist),2022,Governor,FL,lawson a,4,1,0
,DEM,Stephanie Murphy,U.S. representative,2022,Governor,FL,murphy s,4,1,0
,DEM,Jason Pizzo,state senator,2022,Governor,FL,pizzo j,2,0,0
,DEM,Sean Shaw,state representative and nominee for attorney general in 2018  (endorsed Crist),2022,Governor,FL,shaw s,2,1,1
,IND,Brian Moore,activist and perennial candidate  ( running for state senate ),2022,Governor,FL,moore b,2,0,0
,IND,[ 156 ],"exler, IT administrator",2022,Governor,FL,,0,0,0
,IND,Roger Stone,political activist and consultant,2022,Governor,FL,stone r,0,0,0
,IND,president,"raham, computer technician and candidate for president in 2016",2022,Governor,FL,president,0,0,1
,IND,David Jolly,former U.S. representative,2022,Governor,FL,jolly d,4,1,0
,IND,James Thompson,pastor,2022,Governor,FL,thompson j,0,0,0
,REP,Brian Kemp,incumbent governor (2019–present) and former secretary of state of Georgia (2010–2018),2022,Governor,GA,kemp b,3,1,0
,REP,Vernon Jones,"former state representative (1993–2001, 2017–2021, Democratic until 2020) and CEO of DeKalb County (2001–2009)  ( endorsed Perdue ) ( ran for U.S. House in GA-10 )",2022,Governor,GA,jones v,2,1,0
,REP,Doug Collins,former U.S. representative for Georgia's 9th congressional district (2013–2021) and candidate for U.S. Senate in 2020,2022,Governor,GA,collins d,4,1,1
,REP,Herschel Walker,former American football player ( ran for U.S. Senate ),2022,Governor,GA,walker h,0,0,0
,DEM,Stacey Abrams,"founder of Fair Fight Action , former minority leader of the Georgia House of Representatives (2011–2017) and nominee for governor in 2018",2022,Governor,GA,abrams s,0,1,1
,DEM,Kasim Reed,former mayor of Atlanta (2010–2018) ( ran for mayor ),2022,Governor,GA,reed k,1,0,0
,IND,U.S. Air Force,"dependent), businessman, U.S. Air Force veteran, and perennial candidate",2022,Governor,GA,force u,0,0,0
,IND,Georgia's 7th congressional district,"host, Republican candidate for Georgia's 7th congressional district in 2018 , and Libertarian nominee for U.S. Senate in 2020",2022,Governor,GA,district g,0,0,1
,DEM,Josh Green,lieutenant governor of Hawaii (2018–present) and former state senator (2008–2018),2022,Governor,HI,green j,3,1,0
,DEM,Kirk Caldwell,former mayor of Honolulu (2013–2021) and former state representative (2002–2008),2022,Governor,HI,caldwell k,2,1,0
,DEM,Donovan Dela Cruz,state senator (2011–present),2022,Governor,HI,cruz d,2,1,0
,DEM,Colleen Hanabusa,"former U.S. representative for Hawaii's 1st congressional district (2011–2015, 2016–2019), candidate for the U.S. Senate in 2014 , candidate for governor in 2018 , and candidate for mayor of Honolulu in 2020",2022,Governor,HI,hanabusa c,4,1,1
,DEM,Sharon Har,state representative (2007–present),2022,Governor,HI,har s,2,1,0
,DEM,Sylvia Luke,state representative (1999–2022) and House Finance Committee chair (2013–2022),2022,Governor,HI,luke s,2,1,0
,DEM,Jill Tokuda,former state senator (2006–2018) and candidate for lieutenant governor in 2018  ( successfully ran for U.S. House ),2022,Governor,HI,tokuda j,2,0,1
,DEM,Legal Aid Society of Hawaii,"and former director of external relations, Legal Aid Society of Hawaii ( ran for Hawaii's 1st congressional district )",2022,Governor,HI,hawaii l,0,0,0
,DEM,Joey Manahan,Honolulu City Councilmember (2013–2021) and former state representative (2007–2013),2022,Governor,HI,manahan j,2,1,0
,DEM,Kym Pine,"former state representative, former Honolulu City Councilmember , and candidate for Mayor of Honolulu in 2020",2022,Governor,HI,pine k,2,1,1
,DEM,Scott Saiki,Speaker of the Hawaii House of Representatives,2022,Governor,HI,saiki s,2,1,0
,REP,Duke Aiona,former lieutenant governor (2002–2010) and nominee for governor in 2010 and 2014,2022,Governor,HI,aiona d,3,0,1
,REP,[ 57 ],"Savio, businessperson and real estate developer",2022,Governor,HI,,0,0,0
,REP,Andria Tupola,"Honolulu City Councilmember (2021–present), former Minority Leader of the Hawaii House of Representatives (2017–2018), and nominee for governor in 2018",2022,Governor,HI,tupola a,1,1,1
,REP,Brad Little,incumbent governor ( Emmett ),2022,Governor,ID,little b,3,0,0
,REP,Ammon Bundy,"anti-government militant, activist, and leader of the Occupation of the Malheur National Wildlife Refuge (ran as an independent) (Emmett)",2022,Governor,ID,bundy a,0,0,0
,REP,Raúl Labrador,"former U.S. representative from ID-01 , former chair of the Idaho Republican Party , and candidate for governor in 2018 (successfully ran for Idaho attorney general )",2022,Governor,ID,labrador r,4,1,1
,DEM,Marsing,"Heidt, college instructor ( Marsing )",2022,Governor,ID,marsing,0,0,0
,DEM,[ 42 ],"J. Reilly, activist and media personality",2022,Governor,ID,,0,0,0
,DEM,Sandpoint,"gnstad, mayor of Sandpoint (failed to change party registration and ran as write-in candidate instead)",2022,Governor,ID,sandpoint,1,0,0
,DEM,perennial candidate,"n, perennial candidate",2022,Governor,ID,candidate p,0,0,0
,DEM,Boise School District,"oise School District trustee, nominee for governor in 2014 , and candidate in 2018  (endorsed Shelby Rognstad)",2022,Governor,ID,district b,0,0,1
,DEM,White Bird,"White Bird city councilman, retired software engineer",2022,Governor,ID,bird w,1,0,0
,DEM,Pro-Life,organic strawberry farmer and perennial candidate (ran for lieutenant governor),2022,Governor,ID,life p,3,0,0
,IND,Ammon Bundy,leader of the Occupation of the Malheur National Wildlife Refuge,2022,Governor,ID,bundy a,0,0,0
,DEM,JB Pritzker,"incumbent governor  Running mate: Juliana Stratton , incumbent lieutenant governor",2022,Governor,IL,pritzker j,3,0,0
,DEM,Juliana Stratton,"liana Stratton , incumbent lieutenant governor",2022,Governor,IL,stratton j,3,0,0
,REP,Darren Bailey,"state senator  Running mate: Stephanie Trussell, former radio talk show host  from Lisle, Illinois",2022,Governor,IL,bailey d,2,0,0
,REP,[ 12 ],"g mate: Stephanie Trussell, former radio talk show host  from Lisle, Illinois",2022,Governor,IL,,0,0,0
,REP,Rodney Davis,U.S. representative for Illinois's 13th congressional district ( ran for re-election ),2022,Governor,IL,davis r,4,1,0
,REP,Kirk Dillard,"chair of the Regional Transportation Authority , former state senator , and candidate for governor in 2010 and 2014",2022,Governor,IL,dillard k,2,0,1
,REP,Adam Kinzinger,U.S. representative for Illinois's 16th congressional district,2022,Governor,IL,kinzinger a,4,1,0
,REP,Todd Ricketts,"finance chair of the Republican National Committee , member of the TD Ameritrade Board of Directors, and co-owner of the Chicago Cubs",2022,Governor,IL,ricketts t,0,0,0
,IND,Mancow Muller,radio personality,2022,Governor,IL,muller m,0,0,0
,DEM,Laura Kelly,"incumbent governor (2019–present)  Running mate: David Toland , incumbent lieutenant governor (2021–present) and Secretary of Commerce (2019–present)",2022,Governor,KS,kelly l,3,1,0
,DEM,David Toland,": David Toland , incumbent lieutenant governor (2021–present) and Secretary of Commerce (2019–present)",2022,Governor,KS,toland d,3,1,0
,REP,Derek Schmidt,"Kansas Attorney General (2011–2023)  Running mate: Katie Sawyer, political staffer",2022,Governor,KS,schmidt d,3,0,0
,REP,[ 7 ],"ng mate: Katie Sawyer, political staffer",2022,Governor,KS,,0,0,0
,REP,Jeff Colyer,former governor (2018–2019) and former lieutenant governor (2011–2018) (endorsed Schmidt),2022,Governor,KS,colyer j,3,0,0
,REP,Wink Hartman,businessman and nominee for lieutenant governor in 2018,2022,Governor,KS,hartman w,0,0,1
,REP,Kris Kobach,"former Kansas Secretary of State (2011–2019), nominee for governor in 2018 , and candidate for the U.S. Senate in 2020 ( running for Kansas Attorney General )",2022,Governor,KS,kobach k,3,0,1
,REP,Jerry Moran,U.S. senator (2011–present) ( running for re-election ),2022,Governor,KS,moran j,4,1,0
,REP,Ron Ryckman Jr.,Speaker of the Kansas House of Representatives (2017–2023) from the 78th District (2013–2023) (endorsed Schmidt),2022,Governor,KS,ryckman r,2,1,0
,IND,Dennis Pyle,"state senator from the 1st district , former Republican (2005–2025)  Kathleen Garrison, Clearwater school board member",2022,Governor,KS,pyle d,2,0,0
,IND,Clearwater,"arrison, Clearwater school board member",2022,Governor,KS,clearwater,1,0,0
,REP,Geoff Diehl,former state representative (2011–2019) and nominee for U.S. Senate in 2018 (ran with Leah Cole Allen ),2022,Governor,MA,diehl g,2,1,1
,REP,[ 17 ],"ly Duffy, businesswoman",2022,Governor,MA,,0,0,0
,REP,Charlie Baker,governor of Massachusetts (2015–2023),2022,Governor,MA,baker c,3,0,0
,REP,Scott Brown,"former U.S. senator from Massachusetts (2010–2013), former U.S. ambassador to New Zealand and Samoa (2017–2020), and nominee for U.S. Senate from New Hampshire in 2014",2022,Governor,MA,brown s,4,0,1
,REP,Andrew Lelling,former U.S. attorney for the District of Massachusetts (2017–2021),2022,Governor,MA,lelling a,0,0,0
,REP,Scott Lively,"anti-gay activist, independent candidate for governor in 2014 and Republican candidate for governor in 2018",2022,Governor,MA,lively s,0,0,1
,REP,Shaunna O'Connell,mayor of Taunton (2020–present) and former state representative (2011–2020),2022,Governor,MA,connell s,2,1,0
,REP,Patrick O'Connor,state senator (2016–present),2022,Governor,MA,connor p,2,1,0
,REP,Karyn Polito,lieutenant governor of Massachusetts (2015–2023),2022,Governor,MA,polito k,3,0,0
,REP,Jane Swift,former acting governor (2001–2003) and former lieutenant governor (1999–2003),2022,Governor,MA,swift j,3,0,0
,REP,Leah Cole Allen,former state representative (2013–2015) (ran with Geoff Diehl),2022,Governor,MA,allen l,2,1,0
,REP,Barnstable County,Barnstable County commissioner (2017–2021)   (ran for Barnstable County Commission),2022,Governor,MA,county b,1,0,0
,REP,Massachusetts's 7th congressional district,sachusetts's 7th congressional district in 2020 (ran for secretary of the Commonwealth ),2022,Governor,MA,district m,0,0,0
,REP,Agawam,"a Calabrese, Agawam city councilor ( ran for state senate )",2022,Governor,MA,agawam,2,0,0
,DEM,Maura Healey,attorney general of Massachusetts (2015–2023),2022,Governor,MA,healey m,3,0,0
,DEM,Danielle Allen,political science professor at Harvard University   (endorsed Healey),2022,Governor,MA,allen d,0,0,0
,DEM,Sonia Chang-Díaz,state senator (2009–2023) (remained on ballot),2022,Governor,MA,diaz s,2,0,0
,DEM,[ 53 ],"Donohue, Melrose resident  (ran for lieutenant governor)",2022,Governor,MA,,3,0,0
,DEM,Benjamin Downing,former state senator (2007–2017),2022,Governor,MA,downing b,2,0,0
,DEM,Jake Auchincloss,U.S. representative for Massachusetts's 4th congressional district (2021–present) ( ran for re-election )   (endorsed Healey),2022,Governor,MA,auchincloss j,4,1,0
,DEM,Michael Bellotti,Norfolk County treasurer (2021–present) and former Norfolk County Sheriff (1999–2018),2022,Governor,MA,bellotti m,1,1,0
,DEM,Mo Cowan,former U.S. senator (2013),2022,Governor,MA,cowan m,4,0,0
,DEM,Joseph Curtatone,former mayor of Somerville (2004–2022),2022,Governor,MA,curtatone j,1,0,0
,DEM,Michael Dukakis,"former governor of Massachusetts (1975–79, 1983–91) and nominee for president in 1988",2022,Governor,MA,dukakis m,3,0,1
,DEM,Annissa Essaibi George,former at-large Boston city councilor (2016–2022) and candidate for mayor of Boston in 2021,2022,Governor,MA,george a,1,0,1
,DEM,Deb Goldberg,treasurer and receiver-general of Massachusetts (2015–present) (ran for re-election),2022,Governor,MA,goldberg d,0,1,0
,DEM,Jay Gonzalez,former secretary of administration and finance of Massachusetts (2009–2013) and Democratic nominee for governor in 2018,2022,Governor,MA,gonzalez j,0,0,1
,DEM,Paul Heroux,mayor of Attleboro (2018–present) and former state representative (2013–2018) (ran for Bristol County sheriff),2022,Governor,MA,heroux p,2,1,0
,DEM,Joe Kennedy III,former U.S. representative for Massachusetts's 4th congressional district (2013–21) and candidate for U.S. Senate in 2020,2022,Governor,MA,kennedy j,4,1,1
,DEM,Josh Kraft,CEO of the Kraft Foundation and son of businessman Robert Kraft,2022,Governor,MA,kraft j,0,0,0
,DEM,Bob Massie,"Episcopal minister, nominee for lieutenant governor in 1994 , candidate for U.S. Senate in 2012 , and candidate for governor in 2018",2022,Governor,MA,massie b,0,0,1
,DEM,Jon Mitchell,mayor of New Bedford (2011–present),2022,Governor,MA,mitchell j,1,1,0
,DEM,Alex Morse,"former mayor of Holyoke (2012–2021), current town manager of Provincetown (2021–present), and candidate for Massachusetts's 1st congressional district in 2020",2022,Governor,MA,morse a,1,1,1
,DEM,Tim Murray,former lieutenant governor of Massachusetts (2007–2013),2022,Governor,MA,murray t,3,0,0
,DEM,Richard Neal,"U.S. representative for Massachusetts's 1st congressional district (2013–present), former U.S. representative for Massachusetts's 2nd congressional district (1989–2013) ( ran for re-election )",2022,Governor,MA,neal r,4,1,0
,DEM,Ayanna Pressley,U.S. representative for Massachusetts's 7th congressional district (2019–present) ( ran for re-election ),2022,Governor,MA,pressley a,4,1,0
,DEM,Eastern Bank,chairman and CEO of Eastern Bank,2022,Governor,MA,bank e,0,0,0
,DEM,Marty Walsh,U.S. secretary of labor (2021–2023) and former mayor of Boston (2014–2021),2022,Governor,MA,walsh m,4,0,0
,DEM,Elizabeth Warren,U.S. senator (2013–present) and 2020 Democratic candidate for president,2022,Governor,MA,warren e,4,1,1
,DEM,Manny Cruz,member of the Salem school committee,2022,Governor,MA,cruz m,0,0,0
,DEM,Massachusetts Bay Transportation Authority,taff to Massachusetts Bay Transportation Authority,2022,Governor,MA,authority m,0,0,0
,DEM,Dan Koh,"chief of staff to U.S. Labor Secretary Marty Walsh , former Andover selectman , and candidate for Massachusetts' 3rd congressional district in 2018",2022,Governor,MA,koh d,1,0,1
,IND,[ 163 ],"Ploss, former radio host",2022,Governor,MA,,0,0,0
,REP,Dan Cox,"state delegate for the fourth district (2019–2023) and nominee for MD-08 in 2016  Running mate: Gordana Schifanelli, attorney",2022,Governor,MD,cox d,2,0,1
,REP,[ 17 ],"g mate: Gordana Schifanelli, attorney",2022,Governor,MD,,0,0,0
,REP,Barry Glassman,Harford County executive (2014–2023) ( ran for comptroller ),2022,Governor,MD,glassman b,1,0,0
,REP,Andy Harris,U.S. representative for Maryland's 1st congressional district (2011–present)  ( ran for re-election ),2022,Governor,MD,harris a,4,1,0
,REP,J. B. Jennings,"former minority leader of the Maryland Senate (2014–2020) and state senator for the seventh district  ( ran for re-election, endorsed Schulz )",2022,Governor,MD,jennings j,2,0,0
,REP,Allan Kittleman,"former Howard County executive (2014–2018)  ( ran for Howard County executive, endorsed Schulz )",2022,Governor,MD,kittleman a,1,0,0
,REP,Kim Klacik,radio talk show host and nominee for Maryland's 7th congressional district in 2020 ( endorsed Cox ),2022,Governor,MD,klacik k,0,0,1
,REP,Boyd Rutherford,lieutenant governor of Maryland (2015–2023)  ( endorsed Schulz ),2022,Governor,MD,rutherford b,3,0,0
,REP,Michael Steele,"former Republican National Committee chairman (2009–2011), nominee for the U.S. Senate in 2006 , and former lieutenant governor of Maryland (2003–2007)",2022,Governor,MD,steele m,3,0,1
,DEM,Wes Moore,"author and former CEO of the Robin Hood Foundation   Running mate: Aruna Miller , former state delegate for the 15th district (2010–2019) and candidate for MD-06 in 2018",2022,Governor,MD,moore w,2,0,1
,DEM,Aruna Miller,": Aruna Miller , former state delegate for the 15th district (2010–2019) and candidate for MD-06 in 2018",2022,Governor,MD,miller a,2,0,1
,DEM,Rushern Baker,"former Prince George's County executive (2010–2018) and candidate for governor in 2018   Running mate: Nancy Navarro , Montgomery County councilmember (2009–2022)",2022,Governor,MD,baker r,1,0,1
,DEM,Laura Neuman,former Republican Anne Arundel County executive (2013–2014)   ( endorsed Franchot ),2022,Governor,MD,neuman l,1,0,0
,DEM,[ 126 ],"senbaum, founder of Catalyte",2022,Governor,MD,,0,0,0
,DEM,Nancy Navarro,"Nancy Navarro , Montgomery County councilmember (2009–2022)",2022,Governor,MD,navarro n,1,0,0
,DEM,Angela Alsobrooks,"Prince George's County executive (2018–present) and former Prince George's County state attorney (2011–2018) ( ran for re-election, endorsed Moore )",2022,Governor,MD,alsobrooks a,1,1,0
,DEM,Calvin Ball III,Howard County executive (2018–present) ( ran for re-election ),2022,Governor,MD,ball c,1,1,0
,DEM,Anthony Brown,"U.S. representative for Maryland's 4th congressional district (2017–2023), former lieutenant governor and nominee for governor in 2014 ( ran for attorney general )",2022,Governor,MD,brown a,4,1,1
,DEM,Brooke Lierman,state delegate for the 46th district (2015–2023) (ran for comptroller ),2022,Governor,MD,lierman b,2,0,0
,DEM,Kweisi Mfume,"U.S. representative for Maryland's 7th congressional district (2020–present) and former president of the NAACP (1996–2004)  ( running for re-election, endorsed Moore )",2022,Governor,MD,mfume k,4,1,0
,DEM,Heather Mizeur,former state delegate for the 20th district (2007–2015) and candidate for governor in 2014 (ran for MD-01 ),2022,Governor,MD,mizeur h,2,0,1
,DEM,Johnny Olszewski,"Baltimore County executive (2018–present) and former state delegate for the 6th district (2006–2015) ( ran for re-election, endorsed Perez )",2022,Governor,MD,olszewski j,2,1,0
,DEM,Steuart Pittman,"Anne Arundel County executive (2018–present) ( running for re-election, endorsed Moore )",2022,Governor,MD,pittman s,1,1,0
,DEM,John Sarbanes,U.S. representative for Maryland's 3rd congressional district (2007–present)  ( ran for re-election ),2022,Governor,MD,sarbanes j,4,1,0
,DEM,David Trone,U.S. representative for Maryland's 6th congressional district (2019–present) ( ran for re-election ),2022,Governor,MD,trone d,4,1,0
,DEM,Mary L. Washington,state senator for the 43rd district (2019–present) ( ran for re-election ),2022,Governor,MD,washington m,2,1,0
,IND,Working Class,"( Working Class ), candidate for mayor of Baltimore in 2020  Running mate: Cathy White",2022,Governor,MD,class w,0,0,1
,IND,Libertarian,"r ( Libertarian ), candidate for Maryland's 3rd congressional district in 2018  Running mate: Christiana Logansmith, U.S. Navy veteran and small business owner",2022,Governor,MD,libertarian,0,0,1
,IND,Maryland's 8th congressional district,"Maryland's 8th congressional district in 2016  Running mate: Patrick Elder, candidate for Maryland's 5th congressional district in 2018",2022,Governor,MD,district m,0,0,1
,IND,U.S. Navy,"ate: Christiana Logansmith, U.S. Navy veteran and small business owner",2022,Governor,MD,navy u,0,0,0
,IND,MMA,"e Sefcik (independent), MMA fighter and small business owner   Running mate: Katie Lee, personal trainer",2022,Governor,MD,mma,0,0,0
,IND,[ 17 ],"g mate: Katie Lee, personal trainer",2022,Governor,MD,,0,0,0
,DEM,Janet Mills,governor of Maine (2019–present),2022,Governor,ME,mills j,3,1,0
,DEM,[ 7 ],"Glowa, wildlife activist",2022,Governor,ME,,0,0,0
,DEM,Troy Jackson,President of the Maine Senate (2018–2024) (endorsed Mills),2022,Governor,ME,jackson t,0,0,0
,REP,Paul LePage,former governor of Maine (2011–2019),2022,Governor,ME,lepage p,3,0,0
,REP,[ 13 ],"l Heath, activist",2022,Governor,ME,,0,0,0
,IND,physician,"er, physician",2022,Governor,ME,physician,0,0,0
,IND,Thomas Saviello,former state senator (2010–2018),2022,Governor,ME,saviello t,2,0,0
,DEM,Gretchen Whitmer,"incumbent governor (2019–present) and vice chair of the Democratic National Committee (2021–present)  Running mate: Garlin Gilchrist , incumbent lieutenant governor (2019–present)",2022,Governor,MI,whitmer g,3,1,0
,DEM,Garlin Gilchrist,"rlin Gilchrist , incumbent lieutenant governor (2019–present)",2022,Governor,MI,gilchrist g,3,1,0
,REP,Tudor Dixon,"conservative media personality    Running mate: Shane Hernandez , former state representative from the 83rd district (2017–2021) and candidate for Michigan's 10th congressional district in 2020",2022,Governor,MI,dixon t,2,1,1
,REP,Shane Hernandez,"hane Hernandez , former state representative from the 83rd district (2017–2021) and candidate for Michigan's 10th congressional district in 2020",2022,Governor,MI,hernandez s,2,1,1
,REP,Detroit,"Bomer, Detroit document specialist ( ran unsuccessfully for Michigan's 13th congressional district )",2022,Governor,MI,detroit,0,0,0
,REP,[ 52 ],"Chenge, businessman and U.S. Army veteran",2022,Governor,MI,,0,0,0
,REP,Tom Barrett,state senator from the 24th district (2019–2023)  ( running for Michigan's 7th congressional district ),2022,Governor,MI,barrett t,2,0,0
,REP,Jack Bergman,"U.S. representative for Michigan's 1st congressional district (2017–present) ( running for re-election )  ( endorsed James Craig,  later switched to Perry Johnson  )",2022,Governor,MI,bergman j,4,1,0
,REP,Betsy DeVos,"former U.S. Secretary of Education (2017–2021) and former chair of the Michigan Republican Party (1996–2000, 2003–2005)",2022,Governor,MI,devos b,4,0,0
,REP,Bill Huizenga,U.S. representative for Michigan's 2nd congressional district (2011–present) ( running for re-election )  ( endorsed Tudor Dixon ),2022,Governor,MI,huizenga b,4,1,0
,REP,John James,"businessman, former U.S. Army Captain and Republican nominee for the U.S. Senate in 2018 and 2020  ( running for Michigan's 10th congressional district )",2022,Governor,MI,james j,0,0,1
,REP,Tom Leonard,former speaker of the Michigan House of Representatives (2017–2019) and nominee for attorney general in 2018   ( ran unsuccessfully for attorney general ),2022,Governor,MI,leonard t,2,1,1
,REP,Lisa McClain,U.S. representative for Michigan's 10th congressional district (2021–present) ( running for re-election )  ( endorsed Tudor Dixon ),2022,Governor,MI,mcclain l,4,1,0
,REP,Candice Miller,"Macomb County Public Works Commissioner (2017–present), former U.S. representative for Michigan's 10th congressional district (2003–2016), and former Michigan Secretary of State (1995–2003)",2022,Governor,MI,miller c,4,1,0
,REP,Mike Shirkey,Majority Leader of the Michigan Senate (2019–present) and former state representative from the 65th district (2010–2014)  ( endorsed Tudor Dixon ),2022,Governor,MI,shirkey m,2,1,0
,REP,Michigan's 8th congressional district,for Michigan's 8th congressional district in 2018,2022,Governor,MI,district m,0,0,0
,REP,Rudy Giuliani,"Mellissa Carone, 2020 election hearing witness for Rudy Giuliani",2022,Governor,MI,giuliani r,0,0,0
,REP,Jim Pillen,"member and former chair of the University of Nebraska Board of Regents  Running mate: Joe Kelly , former U.S. Attorney for the District of Nebraska",2022,Governor,NE,pillen j,0,0,0
,REP,Joe Kelly,"ate: Joe Kelly , former U.S. Attorney for the District of Nebraska",2022,Governor,NE,kelly j,0,0,0
,REP,Don Bacon,U.S. representative for Nebraska's 2nd congressional district ( successfully ran for re-election ),2022,Governor,NE,bacon d,4,1,0
,REP,Deb Fischer,U.S. senator,2022,Governor,NE,fischer d,4,0,0
,REP,Mike Flood,"state senator , former Speaker of the Nebraska Legislature , and candidate for governor in 2014",2022,Governor,NE,flood m,2,0,1
,REP,Mike Foley,"Lieutenant Governor of Nebraska , former Nebraska State Auditor , and candidate for governor in 2014 (successfully ran for State Auditor; endorsed Herbster)",2022,Governor,NE,foley m,3,0,1
,REP,Jeff Fortenberry,former U.S. representative for Nebraska's 1st congressional district,2022,Governor,NE,fortenberry j,4,1,0
,REP,Dave Heineman,former governor,2022,Governor,NE,heineman d,3,0,0
,REP,Mike Hilgers,Speaker of the Nebraska Legislature ( successfully ran for Attorney General ),2022,Governor,NE,hilgers m,3,0,0
,REP,Greg Ibach,former U.S. Under Secretary of Agriculture for Marketing and Regulatory Programs and former Nebraska Director of Agriculture,2022,Governor,NE,ibach g,0,0,0
,REP,2006,"Nabity, financial adviser, talk show host, and candidate for governor in 2006",2022,Governor,NE,,0,0,1
,REP,Adrian Smith,U.S. representative for Nebraska's 3rd congressional district ( successfully ran for re-election ),2022,Governor,NE,smith a,4,1,0
,REP,John Stinner,state senator,2022,Governor,NE,stinner j,2,0,0
,REP,Jean Stothert,Mayor of Omaha (endorsed Lindstrom),2022,Governor,NE,stothert j,1,0,0
,DEM,Carol Blood,"state senator  Running mate: Al Davis , former state senator",2022,Governor,NE,blood c,2,0,0
,DEM,Al Davis,"mate: Al Davis , former state senator",2022,Governor,NE,davis a,2,0,0
,DEM,Bob Krist,former state senator and nominee for governor in 2018 (endorsed Lindstrom),2022,Governor,NE,krist b,2,0,1
,DEM,Sara Howard,member of the Omaha Public Power District board and former state senator,2022,Governor,NE,howard s,2,0,0
,DEM,Steve Lathrop,state senator,2022,Governor,NE,lathrop s,2,0,0
,DEM,U.S. Senate,"ton, behavioral health clinical supervisor and candidate for U.S. Senate in 2020 ( unsuccessfully ran for U.S. House )",2022,Governor,NE,senate u,0,0,1
,DEM,Tony Vargas,state senator ( unsuccessfully ran for U.S. House ),2022,Governor,NE,vargas t,2,0,0
,DEM,2014,"t Zimmerman, businessman, comedian, founder of Z-Trak Productions and nominee for lieutenant governor in 2014  Running mate: Jason Blumenthal",2022,Governor,NE,,0,0,1
,REP,Chris Sununu,incumbent governor,2022,Governor,NH,sununu c,3,0,0
,REP,Kelly Ayotte,former U.S. senator,2022,Governor,NH,ayotte k,4,0,0
,REP,Scott Brown,former U.S. senator from Massachusetts and nominee for U.S. Senate in 2014,2022,Governor,NH,brown s,4,0,1
,DEM,Tom Sherman,state senator from the 24th district,2022,Governor,NH,sherman t,2,0,0
,DEM,Dan Feltes,former majority leader of the New Hampshire Senate from the 15th district and nominee for governor in 2020  (moved out of state in 2021),2022,Governor,NH,feltes d,0,0,1
,DEM,John Lynch,former governor,2022,Governor,NH,lynch j,3,0,0
,DEM,Jodi Picoult,author,2022,Governor,NH,picoult j,0,0,0
,DEM,Andru Volinsky,former executive councilor and candidate for governor in 2020,2022,Governor,NH,volinsky a,0,0,1
,DEM,Cinde Warmington,executive councilor (running for re-election),2022,Governor,NH,warmington c,0,0,0
,DEM,[ 21 ],"Borysenko, far-right social media activist, author, and podcaster; during the 2025 ZLuC, Borysenko violated event policies and Substack community guidelines by recording, live-streaming, and then selling access to the footage of what is a free-to-all event. Borysenko targeted a zine librarian for expressing dissatisfaction with the Trump administration.",2022,Governor,NH,,0,0,0
,DEM,Michelle Lujan Grisham,incumbent governor (2019–present),2022,Governor,NM,grisham m,3,1,0
,DEM,Howie Morales,incumbent lieutenant governor (2019–present),2022,Governor,NM,morales h,3,1,0
,REP,KRQE,"Ronchetti, former KRQE meteorologist and nominee for the U.S. Senate in 2020",2022,Governor,NM,krqe,0,0,1
,REP,[ 4 ],"Bedonie, businesswoman (running as a Libertarian)",2022,Governor,NM,,0,0,0
,REP,ran for U.S. House,oting range owner ( ran for U.S. House ),2022,Governor,NM,house r,0,0,0
,REP,Gary Johnson,"ormer advisor to Governor Gary Johnson and former Lake City, Minnesota city councilman (ran as a Libertarian)",2022,Governor,NM,johnson g,3,0,0
,REP,Yvette Herrell,U.S. representative from New Mexico's 2nd congressional district (2021–2023) ( ran for re-election ),2022,Governor,NM,herrell y,4,1,0
,REP,Ant Thornton,aerospace engineer,2022,Governor,NM,thornton a,0,0,0
,REP,New Mexico's 3rd congressional district,ate for New Mexico's 3rd congressional district in 2020,2022,Governor,NM,district n,0,0,0
,REP,Nicholas Sarwark,former Chair of Libertarian National Committee (2014–2020),2022,Governor,NM,sarwark n,0,0,0
,DEM,Kathy Hochul,incumbent governor of New York (2021–present) (running with Antonio Delgado) [ a ],2022,Governor,NY,hochul k,3,1,0
,DEM,Andrew Cuomo,former governor of New York (2011–2021),2022,Governor,NY,cuomo a,3,0,0
,DEM,Letitia James,Attorney General of New York (2019–present) ( running for re-election ),2022,Governor,NY,james l,3,1,0
,DEM,Charles Barron,"New York City Councilmember from the 42nd district (2002–2013, 2021–present); state assembly member from the 60th District (2015–present)",2022,Governor,NY,barron c,2,1,0
,DEM,Bill de Blasio,mayor of New York City (2014–2021); candidate for president of the United States in 2020,2022,Governor,NY,blasio b,1,0,1
,DEM,Thomas DiNapoli,New York State Comptroller (2007–present) ( running for re-election ),2022,Governor,NY,dinapoli t,3,1,0
,DEM,Kirsten Gillibrand,U.S. senator from New York (2009–present); candidate for president of the United States in 2020 (endorsed Hochul),2022,Governor,NY,gillibrand k,4,1,1
,DEM,Svante Myrick,mayor of Ithaca (2012–2022),2022,Governor,NY,myrick s,1,0,0
,DEM,Cynthia Nixon,"actress, activist and candidate for governor of New York in 2018",2022,Governor,NY,nixon c,0,0,1
,DEM,Christine Quinn,Speaker of the New York City Council (2006–2013),2022,Governor,NY,quinn c,1,0,0
,DEM,Jessica Ramos,state senator from the 13th district (2019–present),2022,Governor,NY,ramos j,2,1,0
,DEM,Kathleen Rice,U.S. representative for NY-04 (2015–present) (endorsed Hochul),2022,Governor,NY,rice k,4,1,0
,DEM,Al Sharpton,civil rights activist,2022,Governor,NY,sharpton a,0,0,0
,DEM,Andrea Stewart-Cousins,Majority Leader of the New York State Senate (2019–present); state senator from the 35th district (2007–present) (endorsed Hochul) (running for reelection),2022,Governor,NY,cousins a,2,1,0
,DEM,Antonio Delgado,"lieutenant governor (2022–present), former U.S. representative from New York's 19th congressional district (2019–2022)",2022,Governor,NY,delgado a,4,1,0
,DEM,Brian Benjamin,"lieutenant governor of New York (2021–2022), state senator from the 30th district (2017–2021); candidate for New York City Comptroller in 2021",2022,Governor,NY,benjamin b,3,0,1
,REP,Lee Zeldin,U.S. representative for NY-01 (2015–2023)    (running with Alison Esposito),2022,Governor,NY,zeldin l,4,1,0
,REP,Lewis County,"lli, Lewis County sheriff (endorsed Giuliani)",2022,Governor,NY,county l,1,0,0
,REP,John Catsimatidis,"businessman, owner of WABC radio and Gristedes Foods , and 2013 candidate for mayor of New York City",2022,Governor,NY,catsimatidis j,0,0,1
,REP,Joel Giambra,Erie County executive (2000–2007) ( seeking New York State Senate seat ),2022,Governor,NY,giambra j,2,0,0
,REP,John Katko,U.S. representative for NY-24 (2015–2023)   (endorsed Zeldin),2022,Governor,NY,katko j,4,1,0
,REP,Marc Molinaro,"Dutchess County executive (2012–present), state assembly member from the 103rd District (2007–2011), and gubernatorial nominee in 2018 (endorsed Zeldin) ( running for U.S. House )",2022,Governor,NY,molinaro m,2,1,0
,REP,George Pataki,governor of New York (1995–2006),2022,Governor,NY,pataki g,3,0,0
,REP,Tom Reed,U.S. representative for NY-23 (2010–2022),2022,Governor,NY,reed t,4,1,0
,REP,Jumaane Williams,New York City Public Advocate (2019–present); candidate for lieutenant governor of New York in 2018,2022,Governor,NY,williams j,0,1,1
,REP,Antonio Delgado,"lieutenant governor (2022–present), former U.S. representative from New York's 19th congressional district (2019–2022)",2022,Governor,NY,delgado a,4,1,0
,REP,Ana Maria Archila,executive director of Center for Popular Democracy and co-founder of Make the Road New York,2022,Governor,NY,archila a,0,0,0
,REP,Larry Sharpe,"activist, businessman and Libertarian nominee for governor in 2018 ;     ran as a write-in candidate",2022,Governor,NY,sharpe l,0,0,1
,REP,Mike DeWine,"incumbent governor of Ohio (2019–present), 50th attorney general of Ohio (2011–2019), former U.S. senator from Ohio (1995–2007), 59th lieutenant governor of Ohio , and former U.S. representative for Ohio's 7th congressional district (1983–1991)    Running mate: Jon Husted , incumbent lieutenant governor of Ohio (2019–present)",2022,Governor,OH,dewine m,4,1,0
,REP,Jon Husted,"te: Jon Husted , incumbent lieutenant governor of Ohio (2019–present)",2022,Governor,OH,husted j,3,1,0
,REP,Warren Davidson,U.S. representative for Ohio's 8th congressional district (2016–present) ( ran for re-election ),2022,Governor,OH,davidson w,4,1,0
,REP,Jim Jordan,U.S. representative for Ohio's 4th congressional district (2007–present) ( ran for re-election ),2022,Governor,OH,jordan j,4,1,0
,REP,Josh Mandel,"former Ohio state treasurer (2011–2019), nominee for U.S. Senate in 2012 , and candidate for U.S. Senate in 2018 ( ran for U.S. Senate )",2022,Governor,OH,mandel j,3,0,1
,REP,Dave Yost,Attorney General of Ohio (2019–present) and former Ohio state auditor (2011–2019) (ran for re-election),2022,Governor,OH,yost d,3,1,0
,DEM,Nan Whaley,"former mayor of Dayton (2014–2022) and candidate in 2018  Running mate: Cheryl Stephens, Cuyahoga County Council vice president",2022,Governor,OH,whaley n,1,0,0
,DEM,Cuyahoga County Council,"ephens, Cuyahoga County Council vice president",2022,Governor,OH,council c,1,0,0
,DEM,Ted Williams,voice-over artist,2022,Governor,OH,williams t,0,0,0
,DEM,Tim Ryan,U.S. representative for Ohio's 13th congressional district (2003–2023) and candidate for U.S. President in 2020   ( ran for U.S. Senate ),2022,Governor,OH,ryan t,4,1,1
,DEM,Emilia Sykes,Minority Leader of the Ohio House of Representatives (2019–2021) and state representative (2015–2023)  ( successfully ran for Rep of the U.S. House in Ohio's 13th congressional district ),2022,Governor,OH,sykes e,2,1,0
,IND,[ 84 ],"y Grady, college student  Running mate: Dayna Bickley",2022,Governor,OH,,0,0,0
,REP,Kevin Stitt,incumbent governor (2019–present),2022,Governor,OK,stitt k,3,1,0
,REP,T. W. Shannon,former speaker of the Oklahoma House of Representatives (2013–2014) and former state representative (2007–2015)  ( running for the Class 2 U.S. Senate seat ),2022,Governor,OK,shannon t,2,1,0
,DEM,Joy Hofmeister,Oklahoma State Superintendent of Public Instruction (2015–2023),2022,Governor,OK,hofmeister j,3,0,0
,DEM,Monroe Nichols,state representative (2016–present),2022,Governor,OK,nichols m,2,1,0
,DEM,Anastasia Pittman,former state senator (2014–2018) and nominee for lieutenant governor of Oklahoma in 2018 (running for Oklahoma County Commission),2022,Governor,OK,pittman a,2,0,1
,DEM,Tina Kotek,former speaker of the Oregon House of Representatives (2013–2022),2022,Governor,OR,kotek t,2,1,0
,DEM,Yamhill County,amhill County commissioner ( running for labor commissioner ),2022,Governor,OR,county y,1,0,0
,DEM,[ 42 ],"Lavinsky, businessman",2022,Governor,OR,,0,0,0
,DEM,Oregon Health Authority,th Authority operations and policy analyst,2022,Governor,OR,authority o,0,0,0
,DEM,Meyer Memorial Trust,f investment officer of the Meyer Memorial Trust,2022,Governor,OR,trust m,0,0,0
,DEM,Portland Public School Board,f the Portland Public School Board,2022,Governor,OR,board p,1,0,0
,DEM,Shemia Fagan,Oregon secretary of state,2022,Governor,OR,fagan s,3,0,0
,DEM,Val Hoyle,Oregon labor commissioner ( running for the U.S. House ),2022,Governor,OR,hoyle v,0,0,0
,DEM,Deborah Kafoury,chair of the Multnomah County Commission and former state representative from the 18th and 43rd districts   ( endorsed Kotek ),2022,Governor,OR,kafoury d,2,1,0
,DEM,Lynn Peterson,president of the Portland Metro Council  ( endorsed Kotek ),2022,Governor,OR,peterson l,0,0,0
,DEM,Ellen Rosenblum,Oregon attorney general   (endorsed Kotek in general election),2022,Governor,OR,rosenblum e,3,0,0
,DEM,Service Employees International Union,Service Employees International Union Oregon chapter,2022,Governor,OR,union s,0,0,0
,DEM,Ted Wheeler,mayor of Portland and former Oregon state treasurer,2022,Governor,OR,wheeler t,3,0,0
,REP,Christine Drazan,former minority leader of the Oregon House of Representatives (2019–2021) and state representative from the 39th district (2019–2022),2022,Governor,OR,drazan c,2,1,0
,REP,[ 97 ],"que Bouvier, psychologist and business owner",2022,Governor,OR,,0,0,0
,REP,Army,"L. Fosdick III, customer service representative, Army veteran",2022,Governor,OR,army,0,1,0
,REP,running for U.S. Senate,man ( running for U.S. Senate ),2022,Governor,OR,senate r,0,0,0
,REP,Air Force,"ns, film producer, businessman and Air Force veteran ( endorsed McQuisten)",2022,Governor,OR,force a,0,0,0
,REP,polyurethane,"les, polyurethane manufacturing worker",2022,Governor,OR,polyurethane,0,0,0
,REP,Knute Buehler,"former state representative from the 54th district (2015–2019), nominee for Secretary of State in 2012 , and nominee for governor in 2018 ( endorsed Johnson )",2022,Governor,OR,buehler k,2,1,1
,REP,Dallas Heard,state senator from the 1st district and former chair of the Oregon Republican Party   (endorsed Drazan in general election),2022,Governor,OR,heard d,2,0,0
,REP,Tim Knopp,minority leader of the Oregon Senate from the 27th district,2022,Governor,OR,knopp t,0,0,0
,REP,Dennis Linthicum,state senator from the 28th district  (endorsed Drazan in general election),2022,Governor,OR,linthicum d,2,0,0
,REP,Julie Parrish,former state representative from the 37th district (2011–2019),2022,Governor,OR,parrish j,2,1,0
,REP,Bill Post,former state representative from the 25th district (2015–2021) ( ineligible due to out-of-state residency ),2022,Governor,OR,post b,2,1,0
,REP,Tootie Smith,Clackamas County chair and former state representative from the 18th and 28th districts (2001–2003)  (endorsed Drazan in general election),2022,Governor,OR,smith t,2,1,0
,DEM,Josh Shapiro,"Pennsylvania Attorney General (2017–2023), former member of the Montgomery County Board of Commissioners (2012–2017),  former state representative for PA-153 (2005–2012)",2022,Governor,PA,shapiro j,3,1,0
,DEM,[ 19 ],"wann, Christian minister",2022,Governor,PA,,0,0,0
,DEM,Brendan Boyle,U.S. representative for Pennsylvania's 2nd congressional district (2019 – present) and former U.S. representative for Pennsylvania's 13th congressional district (2015 – 2019) ( ran for re-election ),2022,Governor,PA,boyle b,4,1,0
,DEM,John Fetterman,"lieutenant governor of Pennsylvania (2019–2023), candidate for the U.S. Senate in 2016 ( ran for the U.S. Senate )",2022,Governor,PA,fetterman j,3,0,1
,DEM,Sara Innamorato,state representative for the 21st legislative district (2019 – 2023),2022,Governor,PA,innamorato s,2,1,0
,DEM,Jim Kenney,mayor of Philadelphia (2016 – 2024),2022,Governor,PA,kenney j,1,0,0
,DEM,Joe Torsella,former Pennsylvania state treasurer (2017–2021),2022,Governor,PA,torsella j,3,0,0
,DEM,Austin Davis,state representative from the 35th district (2018–2022),2022,Governor,PA,davis a,2,1,0
,DEM,Elizabeth Fiedler,state representative for the 184th legislative district (2019 – present),2022,Governor,PA,fiedler e,2,1,0
,DEM,Steve Irwin,banking commissioner of Pennsylvania (2006–2014) ( ran unsuccessfully for Congress ),2022,Governor,PA,irwin s,3,0,0
,DEM,Black Lives Matter,ctivist for Black Lives Matter and mother of Antwon Rose,2022,Governor,PA,matter b,0,0,0
,DEM,Malcolm Kenyatta,"state representative for the 181st legislative district (2019 – present) ( ran unsuccessfully for the U.S. Senate , endorsed Shapiro)",2022,Governor,PA,kenyatta m,2,1,0
,DEM,Patty Kim,"state representative for the 103rd legislative district (2013–present), Harrisburg City Council member (2006–2012) (running for re-election)",2022,Governor,PA,kim p,2,1,0
,DEM,Lehigh County,Lehigh County controller (2019–present) ( running for State Senate ),2022,Governor,PA,county l,2,1,0
,REP,Doug Mastriano,state senator from SD-33 (2019–present) and candidate for PA-13 in 2018,2022,Governor,PA,mastriano d,2,1,1
,REP,Shawn Berger,restaurant owner,2022,Governor,PA,berger s,0,0,0
,REP,Chester County,"CEO of the Chester County Chamber of Business & Industry (2014–present), Chief of staff to Lieutenant Governor Jim Cawley (2011–2014) ( ran unsuccessfully for U.S. House )",2022,Governor,PA,county c,3,1,0
,REP,Jake Corman,"state senator from District 34 (1999–2022), President pro tempore of the Pennsylvania Senate (2020–2022) (endorsed Barletta)",2022,Governor,PA,corman j,2,0,0
,REP,Melissa Hart,"U.S. representative from Pennsylvania's 4th congressional district (2001–2007), state senator from District 40 (1991–2001) (endorsed Barletta)",2022,Governor,PA,hart m,4,1,0
,REP,Scott Martin,state senator from District 13 (2017–present),2022,Governor,PA,martin s,2,1,0
,REP,Corry,"Monn, former mayor of Corry (2015–2016) ( ran for State Representative )",2022,Governor,PA,corry,2,1,0
,REP,[ 103 ],"ichey, attorney at K&L Gates (endorsed McSwain)",2022,Governor,PA,,0,0,0
,REP,Mike Turzai,"speaker of the Pennsylvania House of Representatives (2015–2020), state representative from HD-28 (2001–2020), candidate for Governor of Pennsylvania in 2018",2022,Governor,PA,turzai m,2,1,1
,REP,Ryan Aument,state senator for the 36th senatorial district (2015–present),2022,Governor,PA,aument r,2,1,0
,REP,Jeff Bartos,businessman and nominee for lieutenant governor of Pennsylvania in 2018 ( ran unsuccessfully for U.S. Senate ),2022,Governor,PA,bartos j,0,0,1
,REP,Jim Cawley,former lieutenant governor of Pennsylvania (2011–2015)  ( endorsed Barletta ),2022,Governor,PA,cawley j,3,0,0
,REP,Lackawanna County,former Lackawanna County commissioner and Republican nominee for Pennsylvania's 17th congressional district in 2012,2022,Governor,PA,county l,1,0,1
,REP,Brian Fitzpatrick,U.S. representative from Pennsylvania's 1st congressional district (2019–present) ( ran for re-election ),2022,Governor,PA,fitzpatrick b,4,1,0
,REP,Daniel J. Hilferty,former CEO of Independence Blue Cross,2022,Governor,PA,hilferty d,0,0,0
,REP,Mike Kelly,U.S. representative from Pennsylvania's 16th congressional district (2011–present) ( ran for re-election ),2022,Governor,PA,kelly m,4,1,0
,REP,Dan Laughlin,state senator for the 49th senatorial district (2017–present),2022,Governor,PA,laughlin d,2,1,0
,REP,governor of Pennsylvania,and candidate for governor of Pennsylvania in 2018,2022,Governor,PA,pennsylvania g,0,0,1
,REP,Dan Meuser,"U.S. representative from Pennsylvania's 9th congressional district (2019–present) ( running for re-election, endorsed Barletta )",2022,Governor,PA,meuser d,4,1,0
,REP,Jason Ortitay,state representative for the 46th legislative district (2015–present) ( ran for re-election ),2022,Governor,PA,ortitay j,2,1,0
,REP,Pat Toomey,U.S. senator,2022,Governor,PA,toomey p,4,0,0
,REP,Carrie DelRosso,"state representative for HD-33 (2021–2022), Member of Oakmont Borough Council (2018–2021)",2022,Governor,PA,delrosso c,2,1,0
,REP,state representative,accountant and nominee for state representative from the 81st district in 2018 and state treasurer in 2020 ( running as the Keystone nominee ),2022,Governor,PA,representative s,0,1,1
,REP,state senator,"IT analyst, farmer, and nominee for state senator from the 48th district in 2021",2022,Governor,PA,senator s,0,0,1
,REP,analytical chemist,environmental activist and former analytical chemist,2022,Governor,PA,chemist a,0,0,0
,REP,Cherry Valley,"s-Canning, mayor of Cherry Valley (2022–present), former member of the Cherry Valley Borough Council (1989–2022), and nominee for state representative from the 64th district in 2016 and 2020",2022,Governor,PA,valley c,1,1,1
,REP,Keystone,"ski ( Keystone nominee), public accountant and Libertarian nominee for state representative from the 81st district in 2018 and state treasurer in 2020 ( originally ran as a Libertarian )",2022,Governor,PA,keystone,0,1,1
,REP,ran for state representative,store manager ( ran for state representative ),2022,Governor,PA,representative r,2,1,0
,REP,"Windsor Township, York County","ee), auditor of Windsor Township, York County (2022–present) and treasurer of the Keystone Party of Pennsylvania (2022–present) ( originally ran as a Libertarian for lieutenant governor and later governor )",2022,Governor,PA,county w,3,1,0
,DEM,Dan McKee,incumbent governor [ a ],2022,Governor,RI,mckee d,3,0,0
,DEM,Seth Magaziner,Rhode Island general treasurer   ( ran for the U.S. House ),2022,Governor,RI,magaziner s,0,0,0
,DEM,Jorge Elorza,mayor of Providence,2022,Governor,RI,elorza j,1,0,0
,DEM,James Langevin,U.S. representative for Rhode Island's 2nd congressional district and former secretary of state of Rhode Island,2022,Governor,RI,langevin j,4,1,0
,DEM,Peter Neronha,attorney general of Rhode Island ( ran for re-election ),2022,Governor,RI,neronha p,3,0,0
,REP,Bruce Rauner,businesswoman and former gubernatorial aide to Bruce Rauner,2022,Governor,RI,rauner b,0,0,0
,REP,Ken Block,"businessman, Moderate Party nominee for governor in 2010 , and Republican candidate for governor in 2014 [ citation needed ]",2022,Governor,RI,block k,0,0,1
,REP,Jessica de la Cruz,minority whip of the Rhode Island Senate ( ran for U.S. House ),2022,Governor,RI,cruz j,0,0,0
,REP,Blake Filippi,minority leader of the Rhode Island House of Representatives ( ran for re-election ),2022,Governor,RI,filippi b,0,1,0
,REP,Allan Fung,former mayor of Cranston and nominee for governor of Rhode Island in 2014 and 2018   ( ran for U.S. House ),2022,Governor,RI,fung a,1,0,1
,IND,Moderate Party,"Moderate Party ), Moderate Party nominee for governor in 2018 and for lieutenant governor in 2014  ( ran for U.S. House )",2022,Governor,RI,party m,0,0,1
,REP,Henry McMaster,"incumbent governor  Running mate: Pamela Evette , incumbent lieutenant governor",2022,Governor,SC,mcmaster h,3,0,0
,REP,Pamela Evette,"Pamela Evette , incumbent lieutenant governor",2022,Governor,SC,evette p,3,0,0
,REP,Fort Lawn,"ance, former Fort Lawn town councilor",2022,Governor,SC,lawn f,0,0,0
,REP,[ 7 ],"L. Steele, political consultant",2022,Governor,SC,,0,0,0
,REP,A. Shane Massey,majority leader of the South Carolina Senate,2022,Governor,SC,massey a,0,0,0
,REP,Tim Scott,U.S. senator  ( ran for re-election ),2022,Governor,SC,scott t,4,0,0
,REP,Katrina Shealy,state senator,2022,Governor,SC,shealy k,2,0,0
,REP,Greenville,"n, Greenville businessman and candidate for governor in 2018",2022,Governor,SC,greenville,0,0,1
,DEM,Joe Cunningham,former U.S. representative for South Carolina's 1st congressional district,2022,Governor,SC,cunningham j,4,1,0
,DEM,GIS,"y Votour, healthcare advocate and retired GIS mapper  (running under Labor nomination)",2022,Governor,SC,gis,0,0,0
,DEM,Stephen K. Benjamin,former mayor of Columbia,2022,Governor,SC,benjamin s,1,0,0
,DEM,Mandy Powers Norrell,former state representative and nominee for lieutenant governor in 2018  (endorsed McLeod),2022,Governor,SC,norrell m,2,1,1
,DEM,Todd Rutherford,minority leader of the South Carolina House of Representatives,2022,Governor,SC,rutherford t,0,1,0
,DEM,Mia McLeod,state senator and runner-up in the gubernatorial primary,2022,Governor,SC,mcleod m,2,0,0
,DEM,Columbia,"ilson, Columbia city manager",2022,Governor,SC,columbia,0,0,0
,IND,Independence,"t Jr., veteran ( Independence )",2022,Governor,SC,independence,0,0,0
,IND,Libertarian,"e Reeves ( Libertarian ), United Citizens and Green nominee for governor in 2010 and United Citizens nominee in 2014",2022,Governor,SC,libertarian,0,0,1
,IND,Labor,"Votour ( Labor ), healthcare advocate and retired GIS mapper.   [ a ] Running mate: Harold Geddings III, candidate for South Carolina's 2nd congressional district in 2014",2022,Governor,SC,labor,0,0,1
,IND,South Carolina's 2nd congressional district,e for South Carolina's 2nd congressional district in 2014,2022,Governor,SC,district s,0,0,0
,REP,Kristi Noem,"incumbent governor  Running mate: Larry Rhoden , incumbent lieutenant governor",2022,Governor,SD,noem k,3,0,0
,REP,Larry Rhoden,": Larry Rhoden , incumbent lieutenant governor",2022,Governor,SD,rhoden l,3,0,0
,REP,Lora Hubbel,"former state representative, former chair of the Minnehaha County Republican Party and the South Dakota Constitution Party , and candidate for governor in 2014 and 2018  (running as an independent)",2022,Governor,SD,hubbel l,2,1,1
,REP,Mark Mickelson,former Speaker of the South Dakota House of Representatives,2022,Governor,SD,mickelson m,2,1,0
,DEM,Jamie Smith,"Minority Leader of the South Dakota House of Representatives  Running mate: Jennifer Healy Keintz , state representative",2022,Governor,SD,smith j,2,1,0
,DEM,Jennifer Healy Keintz,"r Healy Keintz , state representative",2022,Governor,SD,keintz j,2,1,0
,DEM,Dan Ahlers,former state representative and nominee for U.S. Senate in 2020,2022,Governor,SD,ahlers d,2,1,1
,DEM,Cheyenne River Sioux Tribe,ficial for the Cheyenne River Sioux Tribe and nominee for the South Dakota Public Utilities Commission in 2020,2022,Governor,SD,tribe c,0,0,1
,DEM,Kooper Caraway,president of the South Dakota Federation of Labor,2022,Governor,SD,caraway k,0,0,0
,DEM,Troy Heinert,Minority Leader of the South Dakota Senate,2022,Governor,SD,heinert t,0,0,0
,DEM,[ 14 ],"Hildebrand, political strategist",2022,Governor,SD,,0,0,0
,DEM,Mike Huether,former mayor of Sioux Falls,2022,Governor,SD,huether m,1,0,0
,DEM,Brendan Johnson,former U.S. Attorney for the District of South Dakota and son of former U.S. Senator Tim Johnson,2022,Governor,SD,johnson b,4,0,0
,DEM,Peri Pourier,state representative,2022,Governor,SD,pourier p,2,1,0
,DEM,Stephanie Herseth Sandlin,president of Augustana University and former U.S. representative for South Dakota's at-large congressional district,2022,Governor,SD,sandlin s,4,1,0
,DEM,Randy Seiler,"chair of the South Dakota Democratic Party , former U.S. Attorney for the District of South Dakota , and nominee for attorney general in 2018",2022,Governor,SD,seiler r,0,0,1
,DEM,Billie Sutton,former Minority Leader of the South Dakota Senate and nominee for governor in 2018,2022,Governor,SD,sutton b,0,0,1
,IND,Lora Hubbel,"former state representative , former chair of the Minnehaha County Republican Party and the South Dakota Constitution Party , and candidate for governor in 2014 and 2018  ( running for State Senate )",2022,Governor,SD,hubbel l,2,1,1
,REP,Bill Lee,incumbent governor,2022,Governor,TN,lee b,3,0,0
,REP,[ 10 ],"Carney, business owner",2022,Governor,TN,,0,0,0
,REP,Andy Ogles,mayor of Maury County ( successfully ran for U.S. House ),2022,Governor,TN,ogles a,1,0,0
,DEM,pulmonologist,pulmonologist and critical care specialist at Sumner Regional Medical Center and former Meharry Medical College professor,2022,Governor,TN,pulmonologist,0,0,0
,DEM,[ 19 ],"Nicholson, minister",2022,Governor,TN,,0,0,0
,DEM,Gloria Johnson,state representative  (endorsed Jason Martin),2022,Governor,TN,johnson g,2,1,0
,IND,[ 27 ],"nce Every, nonprofit founder",2022,Governor,TN,,0,0,0
,IND,Basil Marceaux,businessman and perennial candidate,2022,Governor,TN,marceaux b,0,0,0
,IND,president of the United States,resident of the United States in 2020,2022,Governor,TN,states p,0,0,0
,IND,Rick Tyler,perennial candidate (also ran for U.S. House ),2022,Governor,TN,tyler r,0,0,0
,REP,Greg Abbott,incumbent governor and former Texas Attorney General,2022,Governor,TX,abbott g,3,0,0
,REP,Rusk,"in Holsome, former Rusk city councillor",2022,Governor,TX,rusk,1,0,0
,REP,[ 18 ],"chwab, military veteran  [ failed verification ]",2022,Governor,TX,,0,0,0
,REP,George P. Bush,Texas Land Commissioner and member of the Bush family ( ran for Attorney General ),2022,Governor,TX,bush g,3,0,0
,REP,Christi Craddick,Texas Railroad Commissioner,2022,Governor,TX,craddick c,0,0,0
,REP,Glenn Hegar,Texas Comptroller of Public Accounts (running for re-election),2022,Governor,TX,hegar g,0,0,0
,REP,Sid Miller,Texas Agriculture Commissioner (running for re-election),2022,Governor,TX,miller s,0,0,0
,REP,Rick Perry,former governor and former U.S. Secretary of Energy,2022,Governor,TX,perry r,4,0,0
,REP,Joe Straus,former Speaker of the Texas House of Representatives,2022,Governor,TX,straus j,2,1,0
,DEM,Beto O'Rourke,"former U.S. representative for Texas's 16th congressional district , nominee for U.S. Senate in 2018 and candidate for president of the United States in 2020",2022,Governor,TX,rourke b,4,1,1
,DEM,Steve Adler,mayor of Austin,2022,Governor,TX,adler s,1,0,0
,DEM,Joaquin Castro,U.S. representative for Texas's 20th congressional district  (endorsed O'Rourke),2022,Governor,TX,castro j,4,1,0
,DEM,Wendy Davis,"former state senator, nominee for governor in 2014 , and nominee for Texas's 21st congressional district in 2020",2022,Governor,TX,davis w,2,0,1
,DEM,Veronica Escobar,"U.S. representative for Texas's 16th congressional district , former El Paso commissioner , and former El Paso county judge ( running for re-election )",2022,Governor,TX,escobar v,4,1,0
,DEM,Lina Hidalgo,Harris County judge,2022,Governor,TX,hidalgo l,1,0,0
,DEM,[ 95 ],"h Barrios, environmental activist",2022,Governor,TX,,0,0,0
,DEM,Lago Vista,"ippetts, attorney, former Lago Vista city councilman, and nominee for governor in 2018",2022,Governor,TX,vista l,1,0,1
,DEM,Texas House of Representatives,"internet personality, candidate for Texas House of Representatives in 2014 , and candidate for President of the United States in 2020",2022,Governor,TX,representatives t,0,1,1
,IND,American Solidarity Party,lic health policies consultant and American Solidarity Party candidate,2022,Governor,TX,party a,0,0,0
,IND,[ 99 ],"e Dickson-Gilbert, public educator (previously ran for Democratic nomination)",2022,Governor,TX,,0,0,0
,IND,U.S. Senate,"ullols-Bonilla, retired educator and write-in candidate for U.S. Senate in 2020  [ better source needed ]",2022,Governor,TX,senate u,0,0,1
,IND,U.S. Navy,"ynne, software engineer, data scientist and U.S. Navy veteran ( Reform Party )  [ better source needed ]",2022,Governor,TX,navy u,0,0,0
,IND,Matthew McConaughey,Academy Award -winning actor   (no declared party affiliation),2022,Governor,TX,mcconaughey m,0,0,0
,DEM,Sara Rodriguez,state assemblywoman from the 13th district (2021–2023),2022,Governor,WI,rodriguez s,2,0,0
,DEM,David Bowen,state assemblyman from the 10th district (2015–2023),2022,Governor,WI,bowen d,2,0,0
,DEM,Lena Taylor,state senator from the 4th district (2005–2024) and former state assemblywoman from the 18th district (2003–2005) ( ran for mayor of Milwaukee ),2022,Governor,WI,taylor l,2,0,0
,DEM,Mandela Barnes,incumbent lieutenant governor (2019–2023) ( ran for U.S. Senate ),2022,Governor,WI,barnes m,3,0,0
,REP,Wisconsin Board of Veterans Affairs,r member of the Wisconsin Board of Veterans Affairs and candidate for the U.S. Senate in 2018 (remained on ballot),2022,Governor,WI,affairs w,0,0,1
,REP,[ 29 ],"an Wichmann, businessman (ran for lieutenant governor)",2022,Governor,WI,,3,0,0
,REP,Sean Duffy,former U.S. representative for Wisconsin's 7th congressional district (2011–2019),2022,Governor,WI,duffy s,4,1,0
,REP,Paul Farrow,"chair of the Republican Party of Wisconsin (2021–2022), Waukesha County executive (2015–present) and former state senator from the 33rd district (2013–2015)",2022,Governor,WI,farrow p,2,1,0
,REP,Mike Gallagher,U.S. representative for Wisconsin's 8th congressional district (2017–2024) ( ran for re-election ),2022,Governor,WI,gallagher m,4,1,0
,REP,Ron Johnson,U.S. senator (2011–present) (ran for re-election),2022,Governor,WI,johnson r,4,1,0
,REP,Chris Kapenga,president of the Wisconsin Senate (2021–2025) and state senator from the 33rd district (2015–present) (ran for re-election),2022,Governor,WI,kapenga c,2,1,0
,REP,John Macco,state representative for the 88th district (2015–present) (ran for re-election; endorsed Kleefisch),2022,Governor,WI,macco j,2,1,0
,REP,Reince Priebus,"former White House Chief of Staff (2017), former chair of the Republican National Committee (2011–2017) and former chair of the Republican Party of Wisconsin (2007–2011)",2022,Governor,WI,priebus r,4,0,0
,REP,Tommy Thompson,"former governor (1987–2001), former U.S. Secretary of Health and Human Services (2001–2005) and nominee for the U.S. Senate in 2012 (endorsed Michels)",2022,Governor,WI,thompson t,4,0,1
,REP,Robin Vos,speaker of the Wisconsin State Assembly (2013–present) and state representative for the 63rd district (2005–present) (ran for re-election),2022,Governor,WI,vos r,2,1,0
,REP,Scott Walker,former governor (2011–2019) (endorsed Kleefisch),2022,Governor,WI,walker s,3,0,0
,REP,Roger Roth,state senator from the 19th district (2015–2023),2022,Governor,WI,roth r,2,0,0
,REP,U.S. senator,former aide to U.S. senator Ron Johnson,2022,Governor,WI,senator u,4,0,0
,IND,[ 91 ],"llis Beglinger, retired nurse and hospital administrator  (remained on ballot; endorsed Michels)  Running mate: N/A [ e ]",2022,Governor,WI,,0,0,0
,REP,Katie Britt,former president and CEO of the Business Council of Alabama; former chief of staff to outgoing senator Richard Shelby,2022,Senate,AL,britt k,0,0,0
,REP,Lynda Blanchard,United States Ambassador to Slovenia (2019–2021) ( ran for governor ),2022,Senate,AL,blanchard l,3,0,0
,REP,U.S. Marine Corps,arine Corps veteran ( ran for Alabama Senate ; endorsed Durant),2022,Senate,AL,corps u,0,0,0
,REP,Alabama's 2nd congressional district,"ndidate for Alabama's 2nd congressional district in 2020 (endorsed Durant, later Brooks)",2022,Senate,AL,district a,0,0,0
,REP,Robert Aderholt,U.S. Representative for Alabama's 4th congressional district (1997–present) ( ran for re-election ),2022,Senate,AL,aderholt r,4,1,0
,REP,Will Ainsworth,Lieutenant Governor of Alabama (2019–present) ( ran for re-election ),2022,Senate,AL,ainsworth w,3,1,0
,REP,John Merrill,Alabama Secretary of State (2015–2023) and candidate for U.S. Senate in 2020,2022,Senate,AL,merrill j,3,0,1
,REP,Barry Moore,U.S. Representative for Alabama's 2nd congressional district (2021–present) ( ran for re-election ; endorsed Brooks),2022,Senate,AL,moore b,4,1,0
,REP,Jeff Sessions,former U.S. Attorney General (2017–2018) and former U.S. Senator (1997–2017),2022,Senate,AL,sessions j,4,0,0
,REP,Richard Shelby,incumbent U.S. Senator (1987–2023) (endorsed Britt),2022,Senate,AL,shelby r,4,0,0
,DEM,Will Boyd,"former Greenville, Illinois city councilor and nominee for Lieutenant Governor of Alabama in 2018",2022,Senate,AL,boyd w,1,0,1
,DEM,Doug Jones,former U.S. Senator (2018–2021),2022,Senate,AL,jones d,4,0,0
,DEM,Terri Sewell,U.S. Representative for Alabama's 7th congressional district (2011–present) ( ran for re-election ),2022,Senate,AL,sewell t,4,1,0
,DEM,John Sophocleus,former Auburn University professor and nominee for governor in 2002,2022,Senate,AL,sophocleus j,0,0,1
,IND,Lurleen B. Wallace Community College,"urleen B. Wallace Community College and U.S. Marine Corps veteran (unaffiliated, write-in)",2022,Senate,AL,college l,0,0,0
,IND,[ 158 ],"Jabber Sanders, reverend (unaffiliated, write-in)",2022,Senate,AL,,0,0,0
,REP,John Boozman,incumbent U.S. senator,2022,Senate,AR,boozman j,4,0,0
,REP,[ 8 ],"el Deel, corporate analyst",2022,Senate,AR,,0,0,0
,DEM,[ 20 ],"e James, realtor",2022,Senate,AR,,0,0,0
,DEM,Mark Kelly,incumbent U.S. Senator,2022,Senate,AZ,kelly m,4,0,0
,REP,Blake Masters,former president of the Thiel Foundation and former chief operating officer of Thiel Capital,2022,Senate,AZ,masters b,0,0,0
,REP,Kirk Adams,former chief of staff to Governor Doug Ducey and former Speaker of the Arizona House of Representatives,2022,Senate,AZ,adams k,3,1,0
,REP,Andy Biggs,U.S. representative for Arizona's 5th congressional district,2022,Senate,AZ,biggs a,4,1,0
,REP,Doug Ducey,outgoing governor of Arizona,2022,Senate,AZ,ducey d,3,0,0
,REP,Kari Lake,former KSAZ-TV news anchor ( ran for governor ),2022,Senate,AZ,lake k,3,0,0
,REP,John McCain,veteran and son of former U.S. Senator John McCain,2022,Senate,AZ,mccain j,4,0,0
,REP,Martha McSally,former U.S. senator from Arizona (2019–2020),2022,Senate,AZ,mcsally m,4,0,0
,REP,Kelli Ward,"chair of the Arizona Republican Party , former state senator , and candidate for the U.S. Senate in 2016 and 2018",2022,Senate,AZ,ward k,2,0,1
,REP,Kimberly Yee,state treasurer of Arizona ( ran for re-election ),2022,Senate,AZ,yee k,3,0,0
,REP,2012,"Victor, attorney and nominee for U.S. Senate in 2012  ( withdrew from general election, endorsed Blake Masters )",2022,Senate,AZ,,0,0,1
,DEM,Ro Khanna,U.S. Representative for California's 17th congressional district (2017–present) (endorsed Padilla),2022,Senate,CA,khanna r,4,1,0
,REP,[ 12 ],"R. Girard, retired government employee (died)",2022,Senate,CA,,0,0,0
,REP,California's 16th congressional district,'s 16th congressional district in 2018 and former U.S. House staffer ( ran in the CA-22 special election ),2022,Senate,CA,district c,0,0,0
,DEM,Michael Bennet,incumbent U.S. Senator,2022,Senate,CO,bennet m,4,0,0
,DEM,[ 6 ],"Breslin, lawyer and university instructor",2022,Senate,CO,,0,0,0
,DEM,Joe Salazar,former state representative and candidate for Colorado Attorney General in 2018   ( ran for state senate ),2022,Senate,CO,salazar j,2,1,1
,REP,[ 27 ],"Dea, construction company owner",2022,Senate,CO,,0,0,0
,REP,Ken Buck,"U.S. representative for Colorado's 4th congressional district , chair of the Colorado Republican Party , and nominee for U.S. Senate in 2010",2022,Senate,CO,buck k,4,1,1
,REP,Heidi Ganahl,university regent ( ran for governor ),2022,Senate,CO,ganahl h,3,0,0
,REP,Cory Gardner,former U.S. Senator (2015–2021),2022,Senate,CO,gardner c,4,0,0
,REP,Colorado Springs,"rmer Colorado Springs city councilman (2005–2011), former El Paso County commissioner (2011–2019), and nominee for U.S. Senate in 2016  ( ran for Mayor of Colorado Springs )",2022,Senate,CO,springs c,1,0,1
,REP,Clarice Navarro,former state representative from the 47th district (2013–2017),2022,Senate,CO,navarro c,2,1,0
,REP,Bill Owens,former governor (1999–2007),2022,Senate,CO,owens b,3,0,0
,REP,Steven Reams,Weld County sheriff (ran for re-election),2022,Senate,CO,reams s,1,0,0
,REP,Leora Levy,"businesswoman, Republican National Committee member, and former nominee for U.S. Ambassador to Chile",2022,Senate,CT,levy l,0,0,1
,REP,Dan Carter,former state representative and nominee for U.S. Senate in 2016,2022,Senate,CT,carter d,2,1,1
,REP,Bob Stefanowski,businessman and nominee for governor in 2018  ( ran for governor ),2022,Senate,CT,stefanowski b,0,0,1
,REP,West Hartford,former West Hartford town councilor and nominee for Connecticut's 1st congressional district in 2008,2022,Senate,CT,hartford w,0,0,1
,REP,Marco Rubio,incumbent U.S. senator,2022,Senate,FL,rubio m,4,0,0
,REP,Marine Corps,former Marine Corps sergeant,2022,Senate,FL,corps m,0,0,0
,REP,[ 8 ],"d Knepper, businessman and perennial candidate  (ran as a write-in candidate)",2022,Senate,FL,,0,0,0
,REP,Florida National Guardsman,ional Guardsman,2022,Senate,FL,guardsman f,0,0,0
,REP,perennial candidate,perennial candidate,2022,Senate,FL,candidate p,0,0,0
,REP,Pam Bondi,former Florida attorney general,2022,Senate,FL,bondi p,3,0,0
,REP,Matt Gaetz,former U.S. representative   ( ran for re-election ),2022,Senate,FL,gaetz m,4,1,0
,REP,Brian Mast,U.S. representative  ( ran for re-election ),2022,Senate,FL,mast b,4,1,0
,REP,Roger Stone,political consultant,2022,Senate,FL,stone r,0,0,0
,REP,Donald Trump,former president of the United States  ( endorsed Rubio ),2022,Senate,FL,trump d,0,0,0
,REP,Ivanka Trump,former advisor to the president,2022,Senate,FL,trump i,0,0,0
,REP,Michael Waltz,former U.S. representative ( ran for re-election ),2022,Senate,FL,waltz m,4,1,0
,DEM,Val Demings,U.S. representative,2022,Senate,FL,demings v,4,1,0
,DEM,Florida's 17th congressional district,nominee for Florida's 17th congressional district in 2018 and 2020  (ran for U.S. House ),2022,Senate,FL,district f,0,0,1
,DEM,Alan Grayson,former U.S. representative and candidate in 2016  (ran for U.S. House ),2022,Senate,FL,grayson a,4,1,0
,DEM,Loyola University Chicago,ity Chicago professor,2022,Senate,FL,chicago l,0,0,0
,DEM,[ 49 ],"Pastrana, engineer  (ran for U.S. House )",2022,Senate,FL,,0,0,0
,DEM,Ken Russell,former Miami City Commissioner   (ran for U.S. House ),2022,Senate,FL,russell k,1,0,0
,DEM,Aramis Ayala,former state attorney for the Ninth Judicial Circuit Court of Florida (2017–2021)  ( ran for attorney general ),2022,Senate,FL,ayala a,3,0,0
,DEM,Charlie Crist,"former U.S. representative , former governor of Florida , candidate for U.S. Senate in 2010 , and nominee for governor in 2014 ( ran for governor )",2022,Senate,FL,crist c,4,1,1
,DEM,Ted Deutch,former U.S. representative,2022,Senate,FL,deutch t,4,1,0
,DEM,Anna Eskamani,state representative,2022,Senate,FL,eskamani a,2,1,0
,DEM,Nikki Fried,former Florida commissioner of agriculture  ( ran for governor ),2022,Senate,FL,fried n,3,0,0
,DEM,Gwen Graham,"former Assistant Secretary of Education for Legislation and Congressional Affairs , former U.S. representative , and candidate for governor in 2018",2022,Senate,FL,graham g,4,1,1
,DEM,Debbie Mucarsel-Powell,former U.S. representative,2022,Senate,FL,powell d,4,1,0
,DEM,Stephanie Murphy,former U.S. representative,2022,Senate,FL,murphy s,4,1,0
,IND,Enclave at Black Point,chairman of the Enclave at Black Point Community Development District board of supervisors (2016–2021),2022,Senate,FL,point e,0,0,0
,IND,mayor of Orlando,financial advisor and candidate for mayor of Orlando in 2019,2022,Senate,FL,orlando m,0,0,1
,IND,Steven B. Grant,former mayor of Boynton Beach (2016–2022),2022,Senate,FL,grant s,1,0,0
,IND,Florida Institute of Technology,tute of Technology professor,2022,Senate,FL,technology f,0,0,0
,IND,[ 95 ],"Barberena, digital marketing consultant",2022,Senate,FL,,0,0,0
,IND,David Jolly,chairman of Serve America Movement and former U.S. representative,2022,Senate,FL,jolly d,4,1,0
,IND,John Morgan,attorney and medical marijuana advocate,2022,Senate,FL,morgan j,0,0,0
,IND,Joe Scarborough,MSNBC host and former U.S. representative,2022,Senate,FL,scarborough j,4,1,0
,IND,Howard Knepper,businessman and perennial candidate,2022,Senate,FL,knepper h,0,0,0
,IND,Moses Quiles,security technician,2022,Senate,FL,quiles m,0,0,0
,DEM,Raphael Warnock,incumbent U.S. Senator,2022,Senate,GA,warnock r,4,0,0
,REP,Herschel Walker,"former running back for the Georgia Bulldogs , former professional football player, and former co-chair of the President's Council on Sports, Fitness, and Nutrition and CEO of Renaissance Man Food Services",2022,Senate,GA,walker h,0,0,0
,REP,Christopher M. Carr,Attorney General of Georgia ( ran for re-election ),2022,Senate,GA,carr c,3,0,0
,REP,Buddy Carter,U.S. Representative for Georgia's 1st congressional district ( ran for re-election ; endorsed Walker),2022,Senate,GA,carter b,4,1,0
,REP,Doug Collins,former U.S. Representative for Georgia's 9th congressional district and candidate for the U.S. Senate in 2020,2022,Senate,GA,collins d,4,1,1
,REP,Geoff Duncan,former Lieutenant Governor of Georgia and former state representative,2022,Senate,GA,duncan g,3,1,0
,REP,Randy Evans,former U.S. Ambassador to Luxembourg   (endorsed Walker),2022,Senate,GA,evans r,0,0,0
,REP,Drew Ferguson,U.S. Representative for Georgia's 3rd congressional district ( ran for re-election ),2022,Senate,GA,ferguson d,4,1,0
,REP,Vernon Jones,former Democratic state representative and CEO of DeKalb County ( ran for the U.S. House in GA-10 ),2022,Senate,GA,jones v,2,1,0
,REP,Brian Kemp,Governor of Georgia ( ran for re-election ),2022,Senate,GA,kemp b,3,0,0
,REP,Jack Kingston,former U.S. Representative for Georgia's 1st congressional district,2022,Senate,GA,kingston j,4,1,0
,REP,Kelly Loeffler,former U.S. Senator  (endorsed Walker),2022,Senate,GA,loeffler k,4,0,0
,REP,Harold Melton,former chief justice of Georgia Supreme Court,2022,Senate,GA,melton h,0,0,0
,REP,David Perdue,former U.S. Senator    (initially filed paperwork; ran for Governor ),2022,Senate,GA,perdue d,4,0,0
,REP,David Ralston,Speaker of the Georgia House of Representatives,2022,Senate,GA,ralston d,2,1,0
,REP,Chase Oliver,"chair of the Atlanta Libertarian Party, customer service specialist, and candidate for Georgia's 5th congressional district in the 2020 House of Representatives special election .   Oliver was the first openly gay Senate candidate in Georgia.",2022,Senate,GA,oliver c,0,1,1
,REP,Chuck Grassley,incumbent U.S. senator (1981–present) and president pro tempore emeritus,2022,Senate,IA,grassley c,4,1,0
,REP,Ashley Hinson,U.S. representative for Iowa's 1st congressional district (2021–2023) ( ran for re-election ; endorsed Grassley),2022,Senate,IA,hinson a,4,1,0
,REP,Matthew Whitaker,"former acting U.S. attorney general , former U.S. attorney for the Southern District of Iowa , and candidate for the U.S. Senate in 2014  (endorsed Grassley)",2022,Senate,IA,whitaker m,3,0,1
,DEM,Michael Franken,"retired U.S. Navy admiral , former aide to U.S. Senator Ted Kennedy , and candidate for U.S. Senate in 2020",2022,Senate,IA,franken m,4,0,1
,DEM,Bob Krause,former state representative   (endorsed Franken),2022,Senate,IA,krause b,2,1,0
,DEM,Crawford County,former Crawford County supervisor (2017–2021)   (endorsed Franken),2022,Senate,IA,county c,1,0,0
,DEM,Cindy Axne,U.S. representative for Iowa's 3rd congressional district (2019–2023) ( ran for re-election ; endorsed Finkenauer),2022,Senate,IA,axne c,4,1,0
,DEM,Rob Sand,Iowa State Auditor (2019–present)   (ran for reelection),2022,Senate,IA,sand r,3,1,0
,DEM,J. D. Scholten,"former paralegal, former professional baseball player and nominee for Iowa's 4th congressional district in 2018 and 2020  ( ran for state house )",2022,Senate,IA,scholten j,0,0,1
,DEM,Tammy Duckworth,incumbent U.S. senator,2022,Senate,IL,duckworth t,4,0,0
,REP,Kathy Salvi,"attorney, candidate for Illinois's 8th congressional district in 2006 , and wife of former state representative and 1996 nominee for Illinois's Class 2 Senate seat Al Salvi",2022,Senate,IL,salvi k,2,1,1
,REP,Tom Demmer,state representative ( ran for Illinois treasurer ),2022,Senate,IL,demmer t,2,1,0
,REP,Adam Kinzinger,U.S. representative for Illinois's 16th congressional district,2022,Senate,IL,kinzinger a,4,1,0
,REP,Jerry Moran,incumbent U.S. senator,2022,Senate,KS,moran j,4,0,0
,REP,Mike Pompeo,"former U.S. secretary of state , former director of the Central Intelligence Agency , and former U.S. representative for Kansas's 4th congressional district (endorsed Moran)",2022,Senate,KS,pompeo m,4,1,0
,DEM,Mark Holland,United Methodist pastor and former mayor of Kansas City,2022,Senate,KS,holland m,1,0,0
,DEM,[ 17 ],"Graham, attorney",2022,Senate,KS,,0,0,0
,DEM,Chris Van Hollen,incumbent U.S. senator,2022,Senate,MD,hollen c,4,0,0
,REP,[ a ],"Chaffee, homebuilding contractor and perennial candidate [ a ]",2022,Senate,MD,a,0,0,0
,REP,Andy Harris,U.S. Representative for Maryland's 1st congressional district (2011–present) ( ran for re-election ),2022,Senate,MD,harris a,4,1,0
,REP,Larry Hogan,Governor of Maryland (2015–2023),2022,Senate,MD,hogan l,3,0,0
,REP,Eric Schmitt,Missouri attorney general (2019–2023) and former Missouri state treasurer (2017–2019),2022,Senate,MO,schmitt e,3,0,0
,REP,Roy Blunt,incumbent U.S. senator (2011–2023) and chair of the Senate Republican Policy Committee (2019–2023),2022,Senate,MO,blunt r,4,0,0
,REP,mayor,"cQueen, former mayor of Corpus Christi, Texas (2016–2017)   ( ran for the U.S. House )",2022,Senate,MO,mayor,1,0,0
,REP,Jay Ashcroft,Missouri secretary of state (2017–present),2022,Senate,MO,ashcroft j,3,1,0
,REP,Scott Fitzpatrick,Missouri state treasurer (2019–2023) ( ran for state auditor ),2022,Senate,MO,fitzpatrick s,3,0,0
,REP,Timothy A. Garrison,former U.S. attorney for the Western District of Missouri (2018–2021),2022,Senate,MO,garrison t,0,0,0
,REP,Mike Kehoe,lieutenant governor of Missouri (2018–present)  ( ran for governor ),2022,Senate,MO,kehoe m,3,1,0
,REP,Peter Kinder,former lieutenant governor of Missouri (2005–2017),2022,Senate,MO,kinder p,3,0,0
,REP,Blaine Luetkemeyer,U.S. representative from Missouri's 3rd congressional district (2013–present) and Missouri's 9th congressional district (2009–2013) ( ran for re-election ),2022,Senate,MO,luetkemeyer b,4,1,0
,REP,Mike Parson,governor of Missouri (2018–present),2022,Senate,MO,parson m,3,1,0
,REP,Jason Smith,U.S. representative from Missouri's 8th congressional district (2013–present) ( ran for re-election ),2022,Senate,MO,smith j,4,1,0
,REP,state representative,tate representative (2012–2021),2022,Senate,MO,representative s,0,1,0
,REP,Ann Wagner,U.S. representative from Missouri's 2nd congressional district (2013–present) ( ran for re-election ),2022,Senate,MO,wagner a,4,1,0
,DEM,August Busch Jr.,"ntine, retired nurse, businesswoman, activist, and daughter of beer magnate August Busch Jr.",2022,Senate,MO,busch a,0,0,0
,DEM,[ 122 ],"pard, tech entrepreneur ( endorsed Valentine)",2022,Senate,MO,,0,0,0
,DEM,Scott Sifton,former state senator (2013–2021) (endorsed Valentine),2022,Senate,MO,sifton s,2,0,0
,DEM,Nicole Galloway,incumbent State Auditor of Missouri and nominee for governor of Missouri in 2020,2022,Senate,MO,galloway n,3,0,1
,DEM,Jason Kander,former Secretary of State of Missouri (2013–17) and nominee for U.S. Senate in 2016,2022,Senate,MO,kander j,3,0,1
,DEM,Quinton Lucas,mayor of Kansas City (2019–present) (ran for re-election in 2023),2022,Senate,MO,lucas q,1,1,0
,DEM,Claire McCaskill,former U.S. senator,2022,Senate,MO,mccaskill c,4,0,0
,DEM,Jay Nixon,former governor of Missouri (2009–2017) and nominee for U.S. Senate in 1988 and 1998,2022,Senate,MO,nixon j,3,0,1
,DEM,Brian Williams,state senator (2019–present) (ran for re-election),2022,Senate,MO,williams b,2,1,0
,DEM,Clint Zweifel,former Missouri state treasurer (2009–2017),2022,Senate,MO,zweifel c,3,0,0
,DEM,Secretary of State,rmation technology consultant and nominee for Secretary of State in 2020,2022,Senate,MO,state s,0,0,1
,IND,Florissant,"neider, former mayor of Florissant (2011–2019) (endorsed Schatz and Valentine)",2022,Senate,MO,florissant,1,0,0
,IND,[ 150 ],"abaugh, sales manager",2022,Senate,MO,,0,0,0
,REP,Ted Budd,U.S. representative for NC-13 (2017–2023),2022,Senate,NC,budd t,4,1,0
,REP,Brunswick County,nswick County commissioner (since 2008),2022,Senate,NC,county b,1,0,0
,REP,Richard Burr,incumbent U.S. senator  ( endorsed Pat McCrory ),2022,Senate,NC,burr r,4,0,0
,REP,Dan Forest,former lieutenant governor of North Carolina (2013–2021) and nominee for governor in 2020,2022,Senate,NC,forest d,3,0,1
,REP,Virginia Foxx,U.S. representative for NC-5 (2005–present),2022,Senate,NC,foxx v,4,1,0
,REP,Mark Meadows,"former White House chief of staff , former U.S. representative for NC-11 and former chairman of the Freedom Caucus (2013–2020)  ( endorsed Ted Budd )",2022,Senate,NC,meadows m,4,1,0
,REP,Tim Moore,speaker of the North Carolina House of Representatives  (2015–2025) ( running for reelection ),2022,Senate,NC,moore t,2,1,0
,REP,Mark Robinson,lieutenant governor of North Carolina (2021–2025),2022,Senate,NC,robinson m,3,0,0
,REP,Lara Trump,"television producer, senior advisor to Donald Trump's 2020 presidential campaign , and daughter-in-law of former president of the United States Donald Trump ( endorsed Ted Budd )",2022,Senate,NC,trump l,0,0,0
,REP,Michael Whatley,chair of the North Carolina Republican Party,2022,Senate,NC,whatley m,0,0,0
,DEM,Cheri Beasley,former justice of the North Carolina Supreme Court (2012–2020); chief justice 2019–2020),2022,Senate,NC,beasley c,0,0,0
,DEM,Jeff Jackson,state senator (2014–2023) and major in the North Carolina National Guard ( running for NC-14 ) (endorsed Beasley),2022,Senate,NC,jackson j,2,0,0
,DEM,Erica D. Smith,former state senator ( running for NC-01 ) ( endorsed Beasley ),2022,Senate,NC,smith e,2,0,0
,DEM,NC-04,"rd Watkins III, scientist and candidate for NC-04 in 2018 ( running for NC-04 )",2022,Senate,NC,nc,0,0,1
,DEM,Sydney Batch,state senator (2021–present),2022,Senate,NC,batch s,2,1,0
,DEM,Mandy Cohen,secretary of the North Carolina Department of Health and Human Services (2017–2021),2022,Senate,NC,cohen m,0,0,0
,DEM,Roy Cooper,governor of North Carolina (2017–2025),2022,Senate,NC,cooper r,3,0,0
,DEM,Anita Earls,associate justice of the North Carolina Supreme Court (2019–present),2022,Senate,NC,earls a,0,1,0
,DEM,Terence Everitt,state representative,2022,Senate,NC,everitt t,2,1,0
,DEM,Anthony Foxx,former United States Secretary of Transportation (2013–2017) and former mayor of Charlotte (2009–2013),2022,Senate,NC,foxx a,4,0,0
,DEM,Joan Higginbotham,electrical engineer and former NASA astronaut,2022,Senate,NC,higginbotham j,0,0,0
,DEM,Vi Lyles,mayor of Charlotte (2017–present) ( running for re-election ),2022,Senate,NC,lyles v,1,1,0
,DEM,Grier Martin,state representative (2005–2022),2022,Senate,NC,martin g,2,1,0
,DEM,Deborah K. Ross,U.S. Representative from NC-2,2022,Senate,NC,ross d,4,1,0
,DEM,Heath Shuler,former U.S. Representative for NC-11 (2007–2013),2022,Senate,NC,shuler h,4,1,0
,IND,U.S. Navy,". Bray, author, U.S. Navy veteran, candidate for NC-03 in 2019 and nominee for U.S. Senate in 2020",2022,Senate,NC,navy u,0,0,1
,IND,[ 161 ],"Hoh, activist and veteran",2022,Senate,NC,,0,0,0
,DEM,Maggie Hassan,incumbent U.S. Senator,2022,Senate,NH,hassan m,4,0,0
,REP,Don Bolduc,retired U.S. Army Special Forces brigadier general and candidate for U.S. Senate in 2020,2022,Senate,NH,bolduc d,0,0,1
,REP,Kelly Ayotte,former U.S. Senator,2022,Senate,NH,ayotte k,4,0,0
,REP,Scott Brown,"former U.S. Ambassador to New Zealand and Samoa , former U.S. Senator from Massachusetts , and nominee for U.S. Senate in New Hampshire in 2014",2022,Senate,NH,brown s,4,0,1
,REP,Chris Sununu,Governor of New Hampshire and brother of former U.S. Senator John Sununu    (ran for reelection ),2022,Senate,NH,sununu c,4,0,0
,REP,Jeremy Kauffman,"founder and CEO of LBRY , board member of the Free State Project",2022,Senate,NH,kauffman j,0,0,0
,IND,[ 71 ],"nha Sivalingam, (write-in)",2022,Senate,NH,,0,0,0
,DEM,Catherine Cortez Masto,incumbent U.S. senator (2017–present) and former attorney general of Nevada (2007–2015),2022,Senate,NV,masto c,4,1,0
,REP,Adam Laxalt,"former attorney general of Nevada (2015–2019), nominee for governor in 2018 , son of former U.S. Senator Pete Domenici and grandson of former U.S. Senator Paul Laxalt",2022,Senate,NV,laxalt a,4,0,1
,REP,Mark Amodei,U.S. representative for Nevada's 2nd congressional district (2011–present) ( ran for re-election ),2022,Senate,NV,amodei m,4,1,0
,REP,Heidi Gansert,state senator for the 15th district (2016–2024),2022,Senate,NV,gansert h,2,0,0
,REP,Dean Heller,former U.S. senator (2011–2019) and former U.S. representative for Nevada's 2nd congressional district (2007–2011) ( ran for governor ),2022,Senate,NV,heller d,4,1,0
,REP,Ben Kieckhefer,state senator for the 16th district (2010–2021),2022,Senate,NV,kieckhefer b,2,0,0
,REP,Brian Sandoval,"president of the University of Nevada, Reno (2020–present) and former governor of Nevada (2011–2019)",2022,Senate,NV,sandoval b,3,1,0
,REP,[ 6 ],"Scott, accountant",2022,Senate,NV,,0,0,0
,IND,Nevada's 4th congressional district,s 4th congressional district in 2020,2022,Senate,NV,district n,0,0,0
,IND,[ 73 ],"Lindemann, asset manager",2022,Senate,NV,,0,0,0
,DEM,Chuck Schumer,incumbent U.S. Senator and Senate Majority Leader,2022,Senate,NY,schumer c,4,0,0
,DEM,[ 5 ],"Mugulusi, regulator",2022,Senate,NY,,0,0,0
,DEM,Alessandra Biaggi,state senator from the 34th district ( ran for U.S. House ),2022,Senate,NY,biaggi a,2,0,0
,DEM,Jamaal Bowman,U.S. Representative for New York's 16th congressional district ( ran for re-election ),2022,Senate,NY,bowman j,4,1,0
,DEM,Andrew Cuomo,"former governor of New York , former attorney general of New York , and former U.S. Secretary of Housing and Urban Development",2022,Senate,NY,cuomo a,4,0,0
,DEM,Mondaire Jones,U.S. Representative for New York's 17th congressional district ( ran for re-election ),2022,Senate,NY,jones m,4,1,0
,DEM,Alexandria Ocasio-Cortez,U.S. Representative for New York's 14th congressional district ( ran for re-election ),2022,Senate,NY,cortez a,4,1,0
,DEM,Jumaane Williams,New York City Public Advocate and former New York City Councilor for the 45th district ( ran for governor ),2022,Senate,NY,williams j,3,0,0
,REP,Joe Pinion,"entrepreneur, TV host and candidate for New York State Assembly in 2018",2022,Senate,NY,pinion j,0,0,1
,REP,New York City Council,er and candidate for New York City Council in 2021,2022,Senate,NY,council n,0,0,1
,REP,Andrew Giuliani,"former Trump administration official, son of Rudy Giuliani and Newsmax TV contributor ( ran for governor )",2022,Senate,NY,giuliani a,3,0,0
,REP,John Katko,U.S. Representative for New York's 24th congressional district,2022,Senate,NY,katko j,4,1,0
,REP,Tom Reed,former U.S. Representative for New York's 23rd congressional district,2022,Senate,NY,reed t,4,1,0
,REP,Lee Zeldin,U.S. Representative for New York's 1st congressional district and former state senator from the 3rd district ( ran for governor ),2022,Senate,NY,zeldin l,4,1,0
,REP,New York State Assembly,candidate for New York State Assembly in 2018,2022,Senate,NY,assembly n,0,0,1
,REP,[ 34 ],"Schumer, incumbent U.S. senator",2022,Senate,NY,,4,0,0
,REP,JD Vance,"author of Hillbilly Elegy , U.S. Marine Corps veteran, and venture capitalist",2022,Senate,OH,vance j,0,0,0
,REP,Minnesota,"an, electronic hardware design, test engineer and candidate for U.S. Senate ( Minnesota and Kansas ) in 2020",2022,Senate,OH,minnesota,0,0,1
,REP,Bernie Moreno,businessman,2022,Senate,OH,moreno b,0,0,0
,REP,[ 23 ],"raham, attorney",2022,Senate,OH,,0,0,0
,REP,MedFlight,"eipold, MedFlight pilot and retired U.S. Army chief warrant officer",2022,Senate,OH,medflight,0,0,0
,REP,U.S. Air Force,"pson, U.S. Air Force veteran",2022,Senate,OH,force u,0,0,0
,REP,Troy Balderson,U.S. representative for Ohio's 12th congressional district (2018–present),2022,Senate,OH,balderson t,4,1,0
,REP,Warren Davidson,U.S. representative for Ohio's 8th congressional district (2016–present),2022,Senate,OH,davidson w,4,1,0
,REP,Anthony Gonzalez,U.S. representative for Ohio's 16th congressional district (2019–2023),2022,Senate,OH,gonzalez a,4,1,0
,REP,Jon Husted,lieutenant governor of Ohio (2019–present) ( ran for re-election ),2022,Senate,OH,husted j,3,1,0
,REP,Bill Johnson,U.S. representative for Ohio's 6th congressional district (2011–2024),2022,Senate,OH,johnson b,4,1,0
,REP,Jim Jordan,U.S. representative for Ohio's 4th congressional district (2007–present) ( running for re-election ),2022,Senate,OH,jordan j,4,1,0
,REP,David Joyce,U.S. representative for Ohio's 14th congressional district (2013–present) (ran for re-election),2022,Senate,OH,joyce d,4,1,0
,REP,John Kasich,former governor of Ohio (2011–2019) and candidate for President of the United States in 2000 and 2016,2022,Senate,OH,kasich j,3,0,1
,REP,Mark Kvamme,co-founder of Drive Capital,2022,Senate,OH,kvamme m,0,0,0
,REP,Frank LaRose,Ohio secretary of state (2019–present) ( endorsed Vance ) (ran for re-election),2022,Senate,OH,larose f,3,1,0
,REP,Rob Portman,incumbent U.S. Senator (2011–2023),2022,Senate,OH,portman r,4,0,0
,REP,Vivek Ramaswamy,"entrepreneur, author and businessman",2022,Senate,OH,ramaswamy v,0,0,0
,REP,Jim Renacci,former U.S. representative for Ohio's 16th congressional district (2011–2019) and nominee for U.S. Senate in 2018 ( ran for governor ),2022,Senate,OH,renacci j,4,1,1
,REP,Geraldo Rivera,"journalist, author, attorney, and former TV host",2022,Senate,OH,rivera g,0,0,0
,REP,Darrell C. Scott,pastor and CEO of the National Diversity Coalition for Trump  ( endorsed Moreno )  ( expressed interest in running for Ohio's 16th congressional district ),2022,Senate,OH,scott d,0,0,0
,REP,Steve Stivers,former U.S. representative for Ohio's 15th congressional district (2011–2021),2022,Senate,OH,stivers s,4,1,0
,REP,Pat Tiberi,former U.S. representative for Ohio's 12th congressional district (2001–2018),2022,Senate,OH,tiberi p,4,1,0
,REP,Jim Tressel,president of Youngstown State University and former Ohio State football coach,2022,Senate,OH,tressel j,0,0,0
,REP,Mike Turner,U.S. representative for Ohio's 10th congressional district (2003–present) (ran for re-election),2022,Senate,OH,turner m,4,1,0
,REP,Brad Wenstrup,U.S. representative for Ohio's 2nd congressional district (2013–present) (ran for re-election),2022,Senate,OH,wenstrup b,4,1,0
,REP,Dave Yost,attorney general of Ohio (2019–present) and former Ohio state auditor (2011–2019) (ran for re-election),2022,Senate,OH,yost d,3,1,0
,DEM,Tim Ryan,U.S. representative for Ohio's 13th congressional district (2013–2023) and candidate for President of the United States in 2020,2022,Senate,OH,ryan t,4,1,1
,DEM,Amy Acton,former director of the Ohio Department of Health,2022,Senate,OH,acton a,0,0,0
,DEM,Joyce Beatty,U.S. representative for Ohio's 3rd congressional district (2013–present) ( ran for re-election ),2022,Senate,OH,beatty j,4,1,0
,DEM,Kevin Boyce,president of the Franklin County board of commissioners and former Ohio State Treasurer,2022,Senate,OH,boyce k,3,0,0
,DEM,Kathleen Clyde,"former Portage County commissioner, former state representative , and nominee for Ohio Secretary of State in 2018",2022,Senate,OH,clyde k,2,1,1
,DEM,Michael Coleman,former mayor of Columbus,2022,Senate,OH,coleman m,1,0,0
,DEM,John Cranley,former mayor of Cincinnati ( ran for governor ),2022,Senate,OH,cranley j,3,0,0
,DEM,LeBron James,professional basketball player for the Los Angeles Lakers and former player for the Cleveland Cavaliers,2022,Senate,OH,james l,0,0,0
,DEM,Columbus,"in, Columbus city attorney",2022,Senate,OH,columbus,0,0,0
,DEM,Franklin county recorder,county recorder and nominee for Ohio's 12th congressional district in 2018,2022,Senate,OH,recorder f,0,0,1
,DEM,Aftab Pureval,attorney and Hamilton County clerk of courts ( elected Mayor of Cincinnati in 2021),2022,Senate,OH,pureval a,1,0,0
,DEM,Alicia Reece,Hamilton County commissioner,2022,Senate,OH,reece a,1,0,0
,DEM,Connie Schultz,former columnist for The Plain Dealer and wife of U.S. Senator Sherrod Brown,2022,Senate,OH,schultz c,4,0,0
,DEM,Emilia Sykes,minority leader of the Ohio House of Representatives ( ran for the U.S. House in Ohio's 13th congressional district ),2022,Senate,OH,sykes e,0,1,0
,DEM,Nina Turner,"president of Our Revolution , former state senator , and nominee for Ohio Secretary of State in 2014 ( ran for the U.S. House in Ohio's 11th congressional district )",2022,Senate,OH,turner n,2,0,1
,DEM,Nan Whaley,former mayor of Dayton ( ran for governor ),2022,Senate,OH,whaley n,3,0,0
,IND,2018,"hen Faris, candidate for the U.S. Senate in 2018 (write-in)",2022,Senate,OH,,0,0,1
,IND,United States Air Force,"s Air Force veteran, candidate for Ohio's 1st congressional district in 2018 , and candidate for chair of the Democratic National Committee in 2017 ( Independent )",2022,Senate,OH,force u,0,0,1
,REP,James Lankford,incumbent U.S. Senator,2022,Senate,OK,lankford j,4,0,0
,REP,Nathan Dahm,State Senator for the 33rd district (2013–2024) ( ran for the Class 2 U.S. Senate seat ),2022,Senate,OK,dahm n,2,0,0
,REP,dietician,"ean Garrison, author, dietician , and daughter of former state senator Earl Garrison ( ran for the Class 2 U.S. Senate seat )",2022,Senate,OK,dietician,2,0,0
,DEM,[ 58 ],"n Horn, cybersecurity professional",2022,Senate,OK,,0,0,0
,DEM,Kendra Horn,former U.S. representative  (running in the concurrent special election for the Class 2 seat),2022,Senate,OK,horn k,4,1,0
,DEM,Ron Wyden,incumbent U.S. Senator (1996–present),2022,Senate,OR,wyden r,4,1,0
,REP,Jo Rae Perkins,former chair of the Linn County Republican Party and nominee for the U.S. Senate in 2020,2022,Senate,OR,perkins j,0,0,1
,REP,Alek Skarlatos,former Oregon National Guard soldier and nominee for Oregon's 4th congressional district in 2020 ( running for U.S. House ),2022,Senate,OR,skarlatos a,0,0,1
,REP,[ 27 ],"Newton, brewer",2022,Senate,OR,,0,0,0
,IND,[ 28 ],"Verde, contract specialist",2022,Senate,OR,,0,0,0
,REP,Mehmet Oz,host of The Dr. Oz Show and former cardiologist,2022,Senate,PA,oz m,0,0,0
,REP,Sean Parnell,"U.S. Army veteran, author, and nominee for PA-17 in 2020 (endorsed McCormick)",2022,Senate,PA,parnell s,0,0,1
,REP,Arlen Specter,former chief of staff to U.S. Senator Arlen Specter,2022,Senate,PA,specter a,4,0,0
,REP,Everett Stern,"whistleblower, private intelligence agency owner, and candidate for PA-13 in 2014 and U.S. Senate in 2016 (ran as an independent)",2022,Senate,PA,stern e,0,0,1
,REP,Kenneth Braithwaite,"U.S. Secretary of the Navy (2020–2021), U.S. Ambassador to Norway (2018–2020), and former advisor to U.S. Senator Arlen Specter",2022,Senate,PA,braithwaite k,4,0,0
,REP,Mike Kelly,U.S. representative for PA-16 ; formerly PA-03 (2011–present)   (endorsed Parnell),2022,Senate,PA,kelly m,4,1,0
,REP,Keith Rothfus,U.S. representative for PA-12 (2013–2019),2022,Senate,PA,rothfus k,4,1,0
,REP,Kiron Skinner,Taube Professor of International Relations and Politics at Carnegie Mellon University and former Director of Policy Planning at the U.S. State Department (2018–2019),2022,Senate,PA,skinner k,0,0,0
,REP,Pat Toomey,incumbent U.S. senator,2022,Senate,PA,toomey p,4,0,0
,REP,Donald Trump Jr.,businessman and son of former president Donald Trump (endorsed Parnell),2022,Senate,PA,trump d,0,0,0
,DEM,John Fetterman,"Lieutenant Governor of Pennsylvania (2019–2023), former mayor of Braddock (2005–2019) and candidate for the U.S. Senate in 2016",2022,Senate,PA,fetterman j,3,0,1
,DEM,Val Arkoosh,member of the Montgomery County Board of Commissioners (2014–2023) and physician,2022,Senate,PA,arkoosh v,0,0,0
,DEM,Pennsylvania Hospital,of Emergency and Urgent Care Services at Pennsylvania Hospital,2022,Senate,PA,hospital p,0,0,0
,DEM,Norristown,"gan, former president of the Norristown Municipal Council (1994–1997)",2022,Senate,PA,norristown,0,0,0
,DEM,Wharton School,fessor at the Wharton School at the University of Pennsylvania (endorsed Kenyatta),2022,Senate,PA,school w,0,0,0
,DEM,Sharif Street,"state senator for the 3rd district (2017–present), vice chair of the Pennsylvania Democratic Party , son of former mayor of Philadelphia John Street (endorsed Lamb)",2022,Senate,PA,street s,2,1,0
,DEM,Brendan Boyle,U.S. representative for PA-02 ; formerly PA-13 (2015–present),2022,Senate,PA,boyle b,4,1,0
,DEM,Madeleine Dean,U.S. representative for PA-04 (2019–present) (ran for re-election),2022,Senate,PA,dean m,4,1,0
,DEM,Eugene DePasquale,Pennsylvania Auditor General (2013–2021) and nominee for PA-10 in 2020,2022,Senate,PA,depasquale e,0,0,1
,DEM,Chrissy Houlahan,U.S. Representative for PA-06 (2019–present) (ran for re-election),2022,Senate,PA,houlahan c,4,1,0
,DEM,Jim Kenney,Mayor of Philadelphia (2016–2024) (endorsed Lamb),2022,Senate,PA,kenney j,1,0,0
,DEM,Joe Sestak,"U.S. representative for PA-07 (2007–2011), former Vice Admiral of the U.S. Navy , nominee for U.S. Senate in 2010 , candidate for U.S. Senate in 2016 , and candidate for president in 2020",2022,Senate,PA,sestak j,4,1,1
,DEM,Josh Shapiro,Pennsylvania Attorney General (2017–2023) ( ran for Governor ),2022,Senate,PA,shapiro j,3,0,0
,DEM,Joe Torsella,Pennsylvania State Treasurer (2017–2021),2022,Senate,PA,torsella j,3,0,0
,DEM,Susan Wild,U.S. representative for PA-07 ; formerly PA-15 (2018–2025) (ran for re-election),2022,Senate,PA,wild s,4,1,0
,DEM,2020,"Gerhardt, carpenter, small business owner, and candidate for president in 2020",2022,Senate,PA,,0,0,1
,DEM,powder coater,"powder coater and former chair of the Pennsylvania Libertarian Party (2013–2015, 2019–2021)",2022,Senate,PA,coater p,0,0,0
,DEM,attorney general,"lawyer, nominee for attorney general in 2020 , and nominee for judge of the Allegheny County Court of Common Pleas in 2021",2022,Senate,PA,general a,0,0,1
,IND,Keystone,"mer ( Keystone nominee), lawyer and Libertarian nominee for attorney general in 2020",2022,Senate,PA,keystone,0,0,1
,IND,Constitution,"( Constitution nominee), former Fredonia borough councilor    ( originally ran as a Republican )",2022,Senate,PA,constitution,0,0,0
,IND,inspector of elections,r of elections for Philadelphia 's 44th ward,2022,Senate,PA,elections i,0,0,0
,IND,Everett Stern,"whistleblower, private intelligence agency owner, and Republican candidate for PA-13 in 2014 and U.S. Senate in 2016 (originally ran as a Republican, endorsed Fetterman)",2022,Senate,PA,stern e,0,0,1
,REP,John Thune,incumbent U.S. Senator (2005–present) and Senate Minority Whip (2021–2025),2022,Senate,SD,thune j,4,1,0
,REP,[ 8 ],"ck Schubert, software executive",2022,Senate,SD,,0,0,0
,REP,Marty Jackley,former South Dakota Attorney General (2009–2019) and candidate for governor of South Dakota in 2018 ( ran for Attorney General ),2022,Senate,SD,jackley m,3,0,1
,REP,Dusty Johnson,U.S. Representative from South Dakota's at-large congressional district (2019–present) ( ran for re-election ),2022,Senate,SD,johnson d,4,1,0
,REP,Kristi Noem,Governor of South Dakota (2019–2025) and former U.S. Representative for South Dakota's at-large congressional district (2011–2019) ( ran for re-election ),2022,Senate,SD,noem k,4,1,0
,DEM,U.S. Navy,"gs, U.S. Navy and Air Force veteran, and former Northern State University political science professor",2022,Senate,SD,navy u,0,0,0
,DEM,Troy Heinert,Minority Leader of the South Dakota Senate (2019–2023) from the 26th district (2015–2023),2022,Senate,SD,heinert t,0,0,0
,DEM,Brendan Johnson,former U.S. Attorney for South Dakota (2009–2015) and son of former U.S. Senator Tim Johnson,2022,Senate,SD,johnson b,4,0,0
,DEM,Stephanie Herseth Sandlin,president of Augustana University (2017–present) and former U.S. Representative for South Dakota's at-large congressional district (2004–2011),2022,Senate,SD,sandlin s,4,1,0
,DEM,Billie Sutton,former Minority Leader of the South Dakota Senate (2015–2019) from the 21st district (2011–2019) and nominee for governor in 2018,2022,Senate,SD,sutton b,0,0,1
,DEM,[ 21 ],"Lesnar, small business owner",2022,Senate,SD,,0,0,0
,REP,Mike Lee,incumbent U.S. Senator (2011–present),2022,Senate,UT,lee m,4,1,0
,REP,London School of Economics,ofessor of accounting at London School of Economics and grandson of Henry B. Eyring,2022,Senate,UT,economics l,0,0,0
,REP,[ 15 ],"ider, attorney",2022,Senate,UT,,0,0,0
,REP,Thomas Wright,"real estate broker, chair of the Utah Republican Party (2011–2013) and candidate for Governor of Utah in 2020 .",2022,Senate,UT,wright t,0,0,1
,DEM,Kael Weston,former U.S. State Department official and nominee for Utah's 2nd congressional district in 2020,2022,Senate,UT,weston k,0,0,1
,DEM,[ 35 ],"Searle, musician",2022,Senate,UT,,0,0,0
,DEM,Ben McAdams,U.S. Representative for Utah's 4th congressional district (2019–2021)   (endorsed McMullin),2022,Senate,UT,mcadams b,4,1,0
,DEM,Steve Schmidt,"political commentator for MSNBC , founder of The Lincoln Project , and former Republican political strategist",2022,Senate,UT,schmidt s,0,0,0
,IND,[ 47 ],"Williams, perennial candidate",2022,Senate,UT,,0,0,0
,IND,Evan McMullin,"political activist, former CIA operations officer , and candidate for President of the United States in 2016  (endorsed by the Democratic Party , United Utah Party , and Forward Party )",2022,Senate,UT,mcmullin e,0,0,1
,IND,assistant professor,ant professor at Weber State University  (running as a Republican).,2022,Senate,UT,professor a,0,0,0
,DEM,Peter Welch,U.S. Representative for Vermont's at-large congressional district,2022,Senate,VT,welch p,4,1,0
,DEM,Becca Balint,President pro tempore of the Vermont Senate     ( ran for and elected to U.S. House ),2022,Senate,VT,balint b,0,0,0
,DEM,Sarah Copeland-Hanzas,state representative,2022,Senate,VT,hanzas s,2,1,0
,DEM,T. J. Donovan,Vermont Attorney General,2022,Senate,VT,donovan t,3,0,0
,DEM,Molly Gray,Lieutenant Governor of Vermont   ( ran for U.S. House ),2022,Senate,VT,gray m,3,0,0
,DEM,Christine Hallquist,businesswoman and nominee for Governor of Vermont in 2018,2022,Senate,VT,hallquist c,0,0,1
,DEM,Jill Krowinski,Speaker of the Vermont House of Representatives,2022,Senate,VT,krowinski j,2,1,0
,DEM,Patrick Leahy,incumbent U.S. senator and president pro tempore,2022,Senate,VT,leahy p,4,0,0
,DEM,Kesha Ram Hinsdale,state senator and candidate for lieutenant governor in 2016  (endorsed Welch; ran for and won re-election ),2022,Senate,VT,hinsdale k,2,0,1
,DEM,Tanya Vyhovsky,state representative   [ a ] ( ran for and elected to state senate ),2022,Senate,VT,vyhovsky t,2,1,0
,DEM,David Zuckerman,former lieutenant governor of Vermont and Democratic and Progressive nominee for governor in 2020 ( ran for and elected lieutenant governor )  [ a ],2022,Senate,VT,zuckerman d,3,0,1
,REP,U.S. Army,"lloy, businessman and retired U.S. Army officer",2022,Senate,VT,army u,0,0,0
,REP,Jim Douglas,former governor of Vermont and nominee for U.S. Senate in 1992,2022,Senate,VT,douglas j,3,0,1
,REP,Phil Scott,Governor of Vermont (endorsed Nolan; running for re-election ),2022,Senate,VT,scott p,3,0,0
,REP,Vermont Progressive Party,"ir of the Vermont Progressive Party and candidate for governor in 2010 , 2012 , and 2014",2022,Senate,VT,party v,0,0,1
,REP,Tanya Vyhovsky,state representative  ( running for state senate ),2022,Senate,VT,vyhovsky t,2,1,0
,IND,[ 53 ],"oester, truck driver",2022,Senate,VT,,0,0,0
,IND,Cris Ericson,perennial candidate,2022,Senate,VT,ericson c,0,0,0
,IND,Brock Pierce,"cryptocurrency investor, former actor, and candidate for president of the United States in 2020",2022,Senate,VT,pierce b,0,0,1
,REP,Bob Hagglund,IT professional,2022,Senate,WA,hagglund b,0,0,0
,REP,Isaac Holyk,software developer,2022,Senate,WA,holyk i,0,0,0
,REP,Ron Johnson,incumbent U.S. senator,2022,Senate,WI,johnson r,4,0,0
,REP,Minnesota,"an, electronic hardware designer, test engineer, and candidate for U.S. Senate ( Minnesota and Kansas ) in 2020",2022,Senate,WI,minnesota,0,0,1
,REP,Kenosha County,nosha County sheriff,2022,Senate,WI,county k,1,0,0
,REP,Sean Duffy,former U.S. representative from Wisconsin's 7th congressional district,2022,Senate,WI,duffy s,4,1,0
,REP,Mike Gallagher,U.S. representative from Wisconsin's 8th congressional district ( ran for re-election ; endorsed Johnson),2022,Senate,WI,gallagher m,4,1,0
,REP,2012,"Hovde, candidate for U.S. Senate in 2012",2022,Senate,WI,,0,0,1
,REP,Rebecca Kleefisch,former lieutenant governor of Wisconsin ( ran for governor ; endorsed Johnson),2022,Senate,WI,kleefisch r,3,0,0
,REP,Wisconsin Board of Veterans Affairs,"r member of the Wisconsin Board of Veterans Affairs , and candidate for U.S. Senate in 2018 ( ran for governor )",2022,Senate,WI,affairs w,0,0,1
,REP,Bryan Steil,U.S. representative from Wisconsin's 1st congressional district ( ran for re-election ; endorsed Johnson),2022,Senate,WI,steil b,4,1,0
,REP,Scott Walker,former governor of Wisconsin,2022,Senate,WI,walker s,3,0,0
,DEM,Mandela Barnes,lieutenant governor of Wisconsin,2022,Senate,WI,barnes m,3,0,0
,DEM,[ 33 ],"n Battino, radiologist  ( ran for state treasurer )",2022,Senate,WI,,3,0,0
,DEM,Sarah Godlewski,state treasurer of Wisconsin (endorsed Barnes; remained on ballot),2022,Senate,WI,godlewski s,3,0,0
,DEM,Chris Larson,state senator from the 7th district (endorsed Barnes),2022,Senate,WI,larson c,2,0,0
,DEM,Alex Lasry,senior vice president of the Milwaukee Bucks and former intern in the Obama administration (endorsed Barnes; remained on ballot),2022,Senate,WI,lasry a,0,0,0
,DEM,Tom Nelson,"Outagamie County executive, former Majority Leader of the Wisconsin Assembly , and nominee for lieutenant governor of Wisconsin in 2010 and for Wisconsin's 8th congressional district in 2016 (endorsed Barnes; remained on ballot)",2022,Senate,WI,nelson t,1,0,1
,DEM,Tony Evers,governor of Wisconsin ( ran for re-election ),2022,Senate,WI,evers t,3,0,0
,DEM,Josh Kaul,attorney general of Wisconsin ( ran for re-election ),2022,Senate,WI,kaul j,3,0,0
,DEM,Ron Kind,U.S. representative from Wisconsin's 3rd congressional district,2022,Senate,WI,kind r,4,1,0
,DEM,Mark Pocan,U.S. representative from Wisconsin's 2nd congressional district ( ran for re-election ),2022,Senate,WI,pocan m,4,1,0
,DEM,Matt Meyer,New Castle County executive,2024,Governor,DE,meyer m,1,0,0
,DEM,Colleen Davis,Delaware State Treasurer  ( ran for U.S. House ),2024,Governor,DE,davis c,3,0,0
,DEM,Lisa Blunt Rochester,U.S. representative for Delaware's at-large congressional district ( ran for U.S. Senate ),2024,Governor,DE,rochester l,4,1,0
,REP,Mike Ramone,Minority Leader of the Delaware House of Representatives (2023–2024) from the 21st district (2008–2024),2024,Governor,DE,ramone m,0,1,0
,REP,Julianne Murray,"chair of the Delaware Republican Party , nominee for governor in 2020 , and nominee for attorney general in 2022",2024,Governor,DE,murray j,0,0,1
,REP,Mike Braun,U.S. senator (2019–2025),2024,Governor,IN,braun m,4,0,0
,REP,Mitch Daniels,"former governor (2005–2013), former president of Purdue University (2013–2022), and former director of the Office of Management and Budget (2001–2003)",2024,Governor,IN,daniels m,3,0,0
,REP,Todd Rokita,"Indiana attorney general (2021–present), former U.S. representative from Indiana's 4th congressional district (2011–2019), former Indiana Secretary of State (2002–2010), and candidate for U.S. Senate in 2018 ( ran for re-election )",2024,Governor,IN,rokita t,4,1,1
,DEM,Jennifer McCormick,former Indiana Superintendent of Public Instruction (2017–2021),2024,Governor,IN,mccormick j,3,0,0
,DEM,[ 55 ],"Dixon-Tatum, municipal official and perennial candidate  (ran for lieutenant governor)",2024,Governor,IN,,3,0,0
,DEM,Joe Donnelly,U.S. Ambassador to the Holy See (2022–2024) and former U.S. senator (2013–2019),2024,Governor,IN,donnelly j,4,0,0
,DEM,Thomas McDermott Jr.,"mayor of Hammond , nominee for U.S. Senate in 2022 , and candidate for Indiana's 1st congressional district in 2020",2024,Governor,IN,mcdermott t,1,0,1
,DEM,J. D. Ford,state senator from the 29th district (2018–present) (endorsed Goodin),2024,Governor,IN,ford j,2,1,0
,DEM,Indiana's 9th congressional district,ate broker and nominee for Indiana's 9th congressional district in 2020 and 2022,2024,Governor,IN,district i,0,0,1
,REP,Mike Kehoe,Lieutenant Governor of Missouri (2018–2025),2024,Governor,MO,kehoe m,3,0,0
,DEM,Crystal Quade,Minority Leader of the Missouri House of Representatives (2019–2025) from the 132nd district (2017–2025),2024,Governor,MO,quade c,0,1,0
,IND,Green,"Lehman ( Green ), farmer and nominee for secretary of state in 2020",2024,Governor,MO,green,0,0,1
,IND,Libertarian,"( Libertarian ), former chair of the Missouri Libertarian Party , perennial candidate, and nominee for governor in 2020",2024,Governor,MO,libertarian,0,0,1
,DEM,Josh Stein,North Carolina Attorney General (2017–2025),2024,Governor,NC,stein j,3,0,0
,DEM,Sydney Batch,state senator from the 17th district (2021–present)  (endorsed Stein),2024,Governor,NC,batch s,2,1,0
,DEM,Jeff Jackson,"U.S. Representative from North Carolina's 14th congressional district (2023–2024)  (endorsed Stein, ran for Attorney General )",2024,Governor,NC,jackson j,4,1,0
,DEM,Natalie Murdock,state senator from the 20th district (2020–present)  (endorsed Stein),2024,Governor,NC,murdock n,2,1,0
,DEM,Robert T. Reives II,Minority Leader of the North Carolina House of Representatives (2021–present) from the 54th district (2014–present)  (endorsed Stein),2024,Governor,NC,reives r,0,1,0
,REP,Mark Robinson,Lieutenant Governor of North Carolina (2021–2025),2024,Governor,NC,robinson m,3,0,0
,REP,ran for Secretary of State,thcare executive ( ran for Secretary of State ),2024,Governor,NC,state r,3,0,0
,REP,Mark Walker,former U.S. Representative from North Carolina's 6th congressional district (2015–2021) and candidate for U.S. Senate in 2022 ( ran for U.S. House ),2024,Governor,NC,walker m,4,1,1
,REP,Andy Wells,former state senator and candidate for lieutenant governor in 2020,2024,Governor,NC,wells a,2,0,1
,REP,Thom Tillis,U.S. Senator from North Carolina (2015–present)   (endorsed Graham),2024,Governor,NC,tillis t,4,1,0
,REP,North Carolina Libertarian Party,h Carolina Libertarian Party,2024,Governor,NC,party n,0,0,0
,REP,Kelly Armstrong,"U.S. Representative from North Dakota's at-large congressional district (2019–2024)  Running Mate: Michelle Strinden , state representative for the 41st district (2019–2024)",2024,Governor,ND,armstrong k,4,1,0
,REP,Michelle Strinden,"helle Strinden , state representative for the 41st district (2019–2024)",2024,Governor,ND,strinden m,2,1,0
,REP,Tom Campbell,former state senator from the 19th district (2012–2018) and candidate for North Dakota's at-large congressional district in 2018  ( ran for U.S. House ),2024,Governor,ND,campbell t,2,0,1
,REP,Kirsten Baesler,North Dakota Superintendent of Public Instruction (2013–2025) (ran for re-election),2024,Governor,ND,baesler k,3,0,0
,REP,Thomas Beadle,North Dakota State Treasurer (2021–present) ( ran for re-election ),2024,Governor,ND,beadle t,3,1,0
,REP,Doug Burgum,Governor of North Dakota (2016–2024)  (endorsed Miller),2024,Governor,ND,burgum d,3,0,0
,REP,Kevin Cramer,"U.S. Senator (2018–present) (endorsed Armstrong, ran for re-election )",2024,Governor,ND,cramer k,4,1,0
,REP,Julie Fedorchak,member of the North Dakota Public Service Commission (2012–2025)  ( ran for U.S. House ),2024,Governor,ND,fedorchak j,0,0,0
,REP,Michael Howe,North Dakota Secretary of State (2023–present) (endorsed Armstrong),2024,Governor,ND,howe m,3,1,0
,REP,Drew Wrigley,North Dakota Attorney General (2022–present),2024,Governor,ND,wrigley d,3,1,0
,DEM,Merrill Piepkorn,"state senator for the 44th district (2016–2024)  Running mate: Patrick Hart, treasurer of the North Dakota Democratic-Nonpartisan League Party and nominee for state auditor in 2020",2024,Governor,ND,piepkorn m,2,0,1
,DEM,North Dakota Democratic-Nonpartisan League Party,th Dakota Democratic-Nonpartisan League Party and nominee for state auditor in 2020,2024,Governor,ND,party n,0,0,1
,DEM,[ 42 ],"Hipsher, security guard",2024,Governor,ND,,0,0,0
,IND,Larimore,"Coachman, former Larimore city councilor and perennial candidate  Running mate: Lydia Gessele, stay-at-home mom",2024,Governor,ND,larimore,1,0,0
,IND,[ 45 ],"g mate: Lydia Gessele, stay-at-home mom",2024,Governor,ND,,0,0,0
,REP,Kelly Ayotte,former U.S. senator (2011–2017),2024,Governor,NH,ayotte k,4,0,0
,REP,Jeb Bradley,president of the New Hampshire Senate and former U.S. representative for New Hampshire's 1st congressional district,2024,Governor,NH,bradley j,4,1,0
,REP,Scott Brown,"former U.S. Ambassador to New Zealand and Samoa (2017–2020), former U.S. senator from Massachusetts (2010–2013), and nominee for U.S. Senate in New Hampshire in 2014",2024,Governor,NH,brown s,4,0,1
,REP,Frank Edelblut,"commissioner of the New Hampshire Department of Education , former state representative , and candidate for governor in 2016",2024,Governor,NH,edelblut f,3,1,1
,REP,Chris Sununu,incumbent governor  (endorsed Ayotte),2024,Governor,NH,sununu c,3,0,0
,DEM,Joyce Craig,former mayor of Manchester,2024,Governor,NH,craig j,1,0,0
,DEM,Annie Kuster,U.S. representative for New Hampshire's 2nd congressional district,2024,Governor,NH,kuster a,4,1,0
,DEM,Steve Marchand,former mayor of Portsmouth and candidate for governor in 2016 and 2018,2024,Governor,NH,marchand s,1,0,1
,DEM,Chris Pappas,U.S. representative for New Hampshire's 1st congressional district ( ran for re-election ),2024,Governor,NH,pappas c,4,1,0
,DEM,Tom Sherman,former state senator and nominee for governor in 2022,2024,Governor,NH,sherman t,2,0,1
,IND,Libertarian,"lee ( Libertarian ), software developer",2024,Governor,NH,libertarian,0,0,0
,REP,Spencer Cox,"incumbent governor  Running mate: Deidre Henderson , incumbent lieutenant governor",2024,Governor,UT,cox s,3,0,0
,REP,Deidre Henderson,"idre Henderson , incumbent lieutenant governor",2024,Governor,UT,henderson d,3,0,0
,REP,Jason Chaffetz,former U.S. representative from Utah's 3rd congressional district (2009–2017),2024,Governor,UT,chaffetz j,4,1,0
,REP,Robert O'Brien,former U.S. National Security Advisor (2019–2021),2024,Governor,UT,brien r,0,0,0
,DEM,Brian King,"state representative from the 23rd district (2009–present) and former Minority Leader of the Utah House of Representatives (2015–2023)  Running mate: Rebekah Cummings, director of digital matters at the University of Utah",2024,Governor,UT,king b,2,1,0
,DEM,University of Utah,"kah Cummings, director of digital matters at the University of Utah",2024,Governor,UT,utah u,0,0,0
,DEM,2012,"obert Latham, attorney, nominee for lieutenant governor in 2012 , and nominee for Utah's 2nd congressional district in 2020  Running mate: Barry Short, businessman, perennial candidate, and nominee for lieutenant governor in 2016 and 2020",2024,Governor,UT,,0,0,1
,IND,2022,"y Williams, perennial candidate and nominee for U.S. Senate in 2022  Running mate: Archie Williams, heavy equipment operator and perennial candidate",2024,Governor,UT,,0,0,1
,DEM,[ 14 ],"thur Ferguson, former state employee",2024,Governor,WA,,0,0,0
,DEM,Hilary Franz,Washington State Commissioner of Public Lands ( ran for U.S. House ),2024,Governor,WA,franz h,3,0,0
,DEM,Dow Constantine,King County Executive,2024,Governor,WA,constantine d,1,0,0
,DEM,Denny Heck,Lieutenant Governor of Washington and former U.S. representative from Washington's 10th congressional district  ( ran for re-election ),2024,Governor,WA,heck d,4,1,0
,DEM,Jay Inslee,incumbent governor and candidate for President of the United States in 2020  (endorsed Ferguson),2024,Governor,WA,inslee j,3,0,1
,REP,2020,"Garcia, physician and candidate for governor in 2020 (endorsed Reichert, ran for U.S. Senate )",2024,Governor,WA,,0,0,1
,REP,Bruce Dammeier,Pierce County Executive (2017–present) and former state senator (2013–2017)  (endorsed Reichert),2024,Governor,WA,dammeier b,2,1,0
,REP,Jaime Herrera Beutler,former U.S. representative for Washington's 3rd congressional district (2011–2023) ( ran for Public Lands Commissioner ),2024,Governor,WA,beutler j,4,1,0
,REP,Loren Culp,"former Republic police chief, runner-up for governor in 2020 , and candidate for Washington's 4th congressional district in 2022 (endorsed Bird)",2024,Governor,WA,culp l,3,0,1
,REP,Drew MacEwen,"state senator ( ran for U.S. House , endorsed Reichert)",2024,Governor,WA,macewen d,2,0,0
,REP,J.T. Wilcox,state representative and former Minority Leader of the Washington House of Representatives,2024,Governor,WA,wilcox j,2,1,0
,REP,Patrick Morrisey,West Virginia Attorney General (2013–2025) and nominee for U.S. Senate in 2018,2024,Governor,WV,morrisey p,3,0,1
,REP,J.B. McCuskey,West Virginia State Auditor (2017–2025) ( ran for attorney general ),2024,Governor,WV,mccuskey j,3,0,0
,REP,[ 11 ],"a Yost, businesswoman",2024,Governor,WV,,0,0,0
,REP,Kent Leonhardt,West Virginia Commissioner of Agriculture (2017–present) ( ran for re-election ),2024,Governor,WV,leonhardt k,3,1,0
,REP,Riley Moore,West Virginia State Treasurer (2021–2025) and grandson of former governor Arch Moore ( ran for U.S. House ),2024,Governor,WV,moore r,3,0,0
,DEM,Steve Williams,mayor of Huntington (2013–2025) and former state delegate (1986–1994),2024,Governor,WV,williams s,2,0,0
,DEM,Joe Manchin,U.S. senator (2010–2025) and former governor (2005–2010),2024,Governor,WV,manchin j,4,0,0
,DEM,Kanawha County,anawha County commissioner and nominee for governor in 2020,2024,Governor,WV,county k,1,0,1
,DEM,U.S. Army,"ko-Looper, U.S. Army veteran",2024,Governor,WV,army u,0,0,0
,DEM,2020,"a Kolenich, attorney and nominee for governor in 2020",2024,Governor,WV,,0,0,1
,DEM,S. Marshall Wilson,former Republican state delegate (2016–2020) and write-in candidate for governor in 2020,2024,Governor,WV,wilson s,2,0,1
,IND,Joe Manchin,U.S. senator (2010–2025) and former governor (2005–2010) (endorsed Williams),2024,Governor,WV,manchin j,4,0,0
,DEM,Ruben Gallego,U.S. representative for Arizona's 3rd congressional district (2015–2025),2024,Senate,AZ,gallego r,4,1,0
,DEM,Kate Gallego,"mayor of Phoenix (2019–present)  (endorsed Ruben Gallego, her ex-husband)",2024,Senate,AZ,gallego k,1,1,0
,DEM,Greg Stanton,U.S. representative for Arizona's 4th congressional district (2019–present) and former mayor of Phoenix (2012–2018)  ( ran for re-election ),2024,Senate,AZ,stanton g,4,1,0
,REP,Kari Lake,former KSAZ-TV news anchor and nominee for governor of Arizona in 2022,2024,Senate,AZ,lake k,0,0,1
,REP,Juan Ciscomani,U.S. representative for Arizona's 6th congressional district (2023–present),2024,Senate,AZ,ciscomani j,4,1,0
,REP,Doug Ducey,governor of Arizona (2015–2023),2024,Senate,AZ,ducey d,3,0,0
,REP,Abraham Hamadeh,"former prosecutor in the Maricopa County attorney's office and nominee for Arizona attorney general in 2022  ( ran for U.S. House , endorsed Lake)",2024,Senate,AZ,hamadeh a,1,0,1
,REP,Blake Masters,"venture capitalist and nominee for U.S. Senate in 2022  ( ran for U.S. House , endorsed Lake)",2024,Senate,AZ,masters b,0,0,1
,REP,Karrin Taylor Robson,former member of the Arizona Board of Regents (2017–2021) and candidate for governor of Arizona in 2022  (endorsed Lake),2024,Senate,AZ,robson k,0,0,1
,REP,Kelli Ward,"former state senator from the 5th district (2013–2015), former chair of the Arizona Republican Party (2019–2023), and candidate for U.S. Senate in 2016 and 2018",2024,Senate,AZ,ward k,2,0,1
,REP,Pima County,"edia Quintana (write-in) , chair of the Pima County Green Party",2024,Senate,AZ,county p,0,0,0
,IND,Kyrsten Sinema,incumbent U.S. senator (2019–2025),2024,Senate,AZ,sinema k,4,0,0
,DEM,[ 14 ],"Ingram, psychologist and social worker",2024,Senate,CA,,0,0,0
,DEM,Google,"eese, investor and former Google executive",2024,Senate,CA,google,0,0,0
,DEM,Rob Bonta,34th attorney general of California (2021–present)  (endorsed Lee and Porter),2024,Senate,CA,bonta r,3,1,0
,DEM,London Breed,"45th mayor of San Francisco (2018–2025)  (endorsed Lee, ran for re-election )",2024,Senate,CA,breed l,1,0,0
,DEM,Laphonza Butler,incumbent U.S. senator (2023–2024),2024,Senate,CA,butler l,4,0,0
,DEM,Ro Khanna,"U.S. representative for California's 17th congressional district (2017–present) ( endorsed Lee, ran for re-election )",2024,Senate,CA,khanna r,4,1,0
,DEM,Eleni Kounalakis,"50th lieutenant governor of California (2019–present) ( ran for governor , then state treasurer in 2026)",2024,Senate,CA,kounalakis e,3,1,0
,DEM,Fiona Ma,"California State Treasurer (2019–present)  ( endorsed Lee, running for lieutenant governor in 2026 )",2024,Senate,CA,ma f,3,1,0
,DEM,Holly Mitchell,"Los Angeles County supervisor (2020–2021, 2025-present)  ( ran for re-election )",2024,Senate,CA,mitchell h,1,1,0
,DEM,Gavin Newsom,40th governor of California (2019–present),2024,Senate,CA,newsom g,3,1,0
,DEM,Libby Schaaf,50th mayor of Oakland (2015–2023) (endorsed Lee),2024,Senate,CA,schaaf l,1,0,0
,DEM,Eric Swalwell,U.S. representative for California's 14th congressional district (2013–2026) and candidate for president in 2020  ( ran for re-election ),2024,Senate,CA,swalwell e,4,1,1
,DEM,Oprah Winfrey,talk show host and media proprietor,2024,Senate,CA,winfrey o,0,0,0
,REP,[ 37 ],"Fabricant, retired sliding door repairman and convicted felon",2024,Senate,CA,,0,0,0
,REP,Lanhee Chen,Stanford University professor and runner-up for California State Controller in 2022,2024,Senate,CA,chen l,0,0,0
,REP,Larry Elder,"radio host, former candidate for president in 2024 , and candidate for Governor of California in the 2021 recall election",2024,Senate,CA,elder l,0,0,1
,REP,Kevin Faulconer,38th mayor of San Diego (2014–2020) and candidate for Governor of California in the 2021 recall election   (ran for San Diego County Board of Supervisors ),2024,Senate,CA,faulconer k,1,0,1
,IND,[ 37 ],"l Dilger, social media marketing professional",2024,Senate,CA,,0,0,0
,IND,Dwayne Johnson,actor and businessman,2024,Senate,CA,johnson d,0,0,0
,IND,Arnold Schwarzenegger,[ e ] 38th governor of California (2003–2011),2024,Senate,CA,schwarzenegger a,3,0,0
,DEM,Lisa Blunt Rochester,U.S. representative from Delaware's at-large congressional district,2024,Senate,DE,rochester l,4,1,0
,DEM,John Carney,governor of Delaware (2017–2025) and former U.S. representative from Delaware's at-large congressional district (2011–2017) ( ran for Mayor of Wilmington ),2024,Senate,DE,carney j,4,1,0
,DEM,Tom Carper,incumbent U.S. senator (endorsed Blunt Rochester),2024,Senate,DE,carper t,4,0,0
,DEM,Colleen Davis,Delaware State Treasurer  ( ran for U.S. House ),2024,Senate,DE,davis c,3,0,0
,DEM,Kerri Evelyn Harris,state representative and candidate for U.S. Senate in 2018,2024,Senate,DE,harris k,2,1,1
,REP,[ 30 ],"ansen, businessman",2024,Senate,DE,,0,0,0
,IND,Michael Katz,former Democratic state senator (2009–2013),2024,Senate,DE,katz m,2,0,0
,REP,Rick Scott,incumbent U.S. senator (2019–present),2024,Senate,FL,scott r,4,1,0
,REP,Ron DeSantis,governor of Florida (2019–present) and former U.S. representative from Florida's 6th congressional district (2013–2018) ( ran for president ),2024,Senate,FL,desantis r,4,1,0
,REP,Byron Donalds,U.S. representative from Florida's 19th congressional district (2021–present)  ( ran for re-election ),2024,Senate,FL,donalds b,4,1,0
,REP,Matt Gaetz,U.S. representative from Florida's 1st congressional district (2017–2024) ( ran for re-election ),2024,Senate,FL,gaetz m,4,1,0
,DEM,Debbie Mucarsel-Powell,former U.S. representative from Florida's 26th congressional district (2019–2021),2024,Senate,FL,powell d,4,1,0
,DEM,Florida's 1st congressional district,"ee for Florida's 1st congressional district in 2020 and candidate in 2018 ( ran for U.S. House , endorsed Mucarsel-Powell)",2024,Senate,FL,district f,0,0,0
,DEM,Alan Grayson,"former U.S. representative from Florida's 9th congressional district (2009–2011, 2013–2017) and perennial candidate [ c ] ( ran for state senate )",2024,Senate,FL,grayson a,4,1,0
,DEM,Stephanie Murphy,former U.S. Representative from Florida's 7th congressional district (2017-2023),2024,Senate,FL,murphy s,4,1,0
,DEM,Sheila Cherfilus-McCormick,U.S. representative from Florida's 20th congressional district (2022–present)  ( ran for re-election ),2024,Senate,FL,mccormick s,4,1,0
,DEM,Fentrice Driskell,Minority Leader of the Florida House of Representatives (2022–present) from the 67th district (2018–present),2024,Senate,FL,driskell f,0,1,0
,DEM,Anna Eskamani,state representative (2018–present)  ( ran for re-election ),2024,Senate,FL,eskamani a,2,1,0
,DEM,Lois Frankel,"U.S. representative from Florida's 22nd congressional district (2013–present)  ( ran for re-election , endorsed Mucarsel-Powell)",2024,Senate,FL,frankel l,4,1,0
,DEM,Shevrin Jones,state senator from the 35th district (2021–present)  (endorsed Mucarsel-Powell),2024,Senate,FL,jones s,2,1,0
,DEM,Debbie Wasserman Schultz,U.S. representative from Florida's 25th congressional district (2004–present)  (endorsed Mucarsel-Powell),2024,Senate,FL,schultz d,4,1,0
,DEM,Frederica Wilson,U.S. representative from Florida's 24th congressional district (2011–present),2024,Senate,FL,wilson f,4,1,0
,IND,Libertarian,"n ( Libertarian ), artist and nominee for U.S. Senate in Hawaii in 2022",2024,Senate,FL,libertarian,0,0,1
,IND,Lawton Chiles,"(Independent), fundraising consultant and former legislative consultant to U.S. Senators Lawton Chiles and Ben Nelson",2024,Senate,FL,chiles l,4,0,0
,IND,[ 6 ],"d Knepper (write-in), real estate developer and perennial candidate",2024,Senate,FL,,0,0,0
,REP,Jim Banks,U.S. representative for Indiana's 3rd congressional district (2017–2025),2024,Senate,IN,banks j,4,1,0
,REP,Rose Acre Farms,er chairmain of the board for Rose Acre Farms,2024,Senate,IN,farms r,0,0,0
,REP,Mike Braun,incumbent U.S. senator (2019–2025) ( successfully ran for governor ),2024,Senate,IN,braun m,4,0,0
,REP,Mitch Daniels,"former governor of Indiana (2005–2013), former president of Purdue University (2013–2022), and former director of the Office of Management and Budget (2001–2003)",2024,Senate,IN,daniels m,3,0,0
,REP,Eric Holcomb,governor of Indiana (2017–2025) and candidate for U.S. Senate in 2016,2024,Senate,IN,holcomb e,3,0,1
,REP,Mike Pence,"former vice president of the United States (2017–2021), former governor of Indiana (2013–2017), and former U.S. representative for Indiana's 5th congressional district (2001–2013)  ( unsuccessfully ran for president )",2024,Senate,IN,pence m,4,1,0
,REP,Todd Rokita,"Indiana attorney general (2021–present), former U.S. representative for Indiana's 4th congressional district (2011–2019), former Indiana secretary of state (2002–2010) and candidate for U.S. Senate in 2018 ( successfully ran for re-election )",2024,Senate,IN,rokita t,4,1,1
,REP,Victoria Spartz,U.S. representative for Indiana's 5th congressional district (2021–present) ( successfully ran for re-election ),2024,Senate,IN,spartz v,4,1,0
,DEM,2022,"rie McCray, psychologist and candidate for U.S. Senate in 2022",2024,Senate,IN,,0,0,1
,DEM,Indianapolis city councilor,polis city councilor (2020–2023),2024,Senate,IN,councilor i,1,0,0
,DEM,Joe Donnelly,former U.S. ambassador to the Holy See (2022–2024) and former U.S. senator (2013–2019),2024,Senate,IN,donnelly j,4,0,0
,DEM,Ron Klain,former White House chief of staff (2021–2023),2024,Senate,IN,klain r,4,0,0
,DEM,Indiana's 3rd congressional district,d Democratic candidate for Indiana's 3rd congressional district in 2022,2024,Senate,IN,district i,0,0,1
,DEM,Elizabeth Warren,incumbent U.S. senator (2013–present),2024,Senate,MA,warren e,4,1,0
,DEM,Jake Auchincloss,U.S. representative for Massachusetts's 4th congressional district (2021–present)  ( ran for re-election ),2024,Senate,MA,auchincloss j,4,1,0
,DEM,Seth Moulton,U.S. representative for Massachusetts's 6th congressional district (2015–present)  ( ran for re-election ),2024,Senate,MA,moulton s,4,1,0
,DEM,Ayanna Pressley,"U.S. representative for Massachusetts's 7th congressional district (2019–present)  (endorsed Warren, ran for re-election )",2024,Senate,MA,pressley a,4,1,0
,DEM,Michelle Wu,mayor of Boston (2021–present)  (endorsed Warren),2024,Senate,MA,wu m,1,1,0
,REP,[ 29 ],"eaton, attorney",2024,Senate,MA,,0,0,0
,REP,Charlie Baker,former Governor of Massachusetts from 2015 to 2023 [ citation needed ],2024,Senate,MA,baker c,3,0,0
,REP,governor,"ughty, manufacturing executive and candidate for governor in 2022",2024,Senate,MA,governor,0,0,1
,REP,Chelmsford,"no, former Chelmsford town meeting representative",2024,Senate,MA,chelmsford,0,1,0
,DEM,Angela Alsobrooks,Prince George's County Executive (2018–2024),2024,Senate,MD,alsobrooks a,1,0,0
,DEM,Breezeline,"guez, former vice president of Breezeline and former Republican Bogota, New Jersey borough councilor (1995–1998) ( ran for U.S. House )",2024,Senate,MD,breezeline,0,0,0
,DEM,Will Jawando,at-large Montgomery County councilor (2018–present) and candidate for Maryland's 8th congressional district in 2016  (endorsed Alsobrooks),2024,Senate,MD,jawando w,1,1,1
,DEM,Ben Cardin,incumbent U.S. senator (2007–2025),2024,Senate,MD,cardin b,4,0,0
,DEM,Kweisi Mfume,"U.S. representative for Maryland's 7th congressional district (1987–1996; 2020–present), candidate for U.S. Senate in 2006 , and former president of the NAACP (1996–2004)  ( endorsed Alsobrooks, ran for re-election )",2024,Senate,MD,mfume k,4,1,1
,DEM,Wes Moore,governor of Maryland (2023–present)  (endorsed Alsobrooks),2024,Senate,MD,moore w,3,1,0
,DEM,Johnny Olszewski,"Baltimore County Executive (2018–2025) and former state delegate from the 6th district (2006–2015) ( endorsed Alsobrooks, ran for U.S. House )",2024,Senate,MD,olszewski j,2,0,0
,DEM,Tom Perez,"former chair of the Democratic National Committee (2017–2021), former U.S. Secretary of Labor (2013–2017), former Maryland Secretary of Labor (2007–2009), and candidate for governor of Maryland in 2022",2024,Senate,MD,perez t,4,0,1
,DEM,Jamie Raskin,"U.S. representative for Maryland's 8th congressional district (2017–present) ( ran for re-election , endorsed Alsobrooks )",2024,Senate,MD,raskin j,4,1,0
,DEM,John Sarbanes,U.S. representative for Maryland's 3rd congressional district (2007–2025) and son of former U.S. Senator Paul Sarbanes  ( endorsed Alsobrooks ),2024,Senate,MD,sarbanes j,4,1,0
,REP,Larry Hogan,former governor of Maryland (2015–2023),2024,Senate,MD,hogan l,3,0,0
,REP,[ 67 ],"y, business owner and perennial candidate  ( ran for U.S. House )",2024,Senate,MD,,0,0,0
,REP,U.S. Air Force,retired U.S. Air Force brigadier general ( endorsed Hogan ),2024,Senate,MD,force u,0,0,0
,REP,Andy Harris,U.S. representative for Maryland's 1st congressional district (2011–present) ( ran for re-election ),2024,Senate,MD,harris a,4,1,0
,IND,Libertarian,"( Libertarian ), retired U.S. Air Force veteran",2024,Senate,MD,libertarian,0,0,0
,IND,[ 209 ],"ridges (Independent), retired military veteran",2024,Senate,MD,,0,0,0
,IND,American Solidarity Party,"Solidarity Party ), retired city planner",2024,Senate,MD,party a,0,0,0
,IND,Green,"Landman ( Green ), attorney, mortgage broker, and nominee for SD-39 in 2022  ( ran for U.S. House )",2024,Senate,MD,green,0,0,1
,IND,Cal Ripken Jr.,former professional baseball player with the Baltimore Orioles,2024,Senate,MD,ripken c,0,0,0
,DEM,Elissa Slotkin,U.S. representative for Michigan's 7th congressional district (2019–2025),2024,Senate,MI,slotkin e,4,1,0
,DEM,[ 30 ],"urns, attorney",2024,Senate,MI,,0,0,0
,DEM,Leslie Love,former state representative for the 10th district (2014–2020),2024,Senate,MI,love l,2,1,0
,DEM,Pamela Pugh,president of the Michigan State Board of Education (2015–present) ( ran for U.S. House ),2024,Senate,MI,pugh p,0,1,0
,DEM,Jocelyn Benson,Michigan Secretary of State (2019–present),2024,Senate,MI,benson j,3,1,0
,DEM,Pete Buttigieg,"U.S. Secretary of Transportation (2021–2025), former mayor of South Bend, Indiana (2012–2020), and candidate for President of the United States in 2020",2024,Senate,MI,buttigieg p,4,0,1
,DEM,Debbie Dingell,U.S. representative for Michigan's 6th congressional district (2015–present)  ( ran for re-election ),2024,Senate,MI,dingell d,4,1,0
,DEM,Mike Duggan,mayor of Detroit (2014–2026),2024,Senate,MI,duggan m,1,0,0
,DEM,Abdul El-Sayed,Wayne County Health Director and candidate for governor of Michigan in 2018  (endorsed Harper),2024,Senate,MI,sayed a,1,0,1
,DEM,Garlin Gilchrist,lieutenant governor of Michigan (2019–present),2024,Senate,MI,gilchrist g,3,1,0
,DEM,Dan Kildee,U.S. representative for Michigan's 8th congressional district (2013–2025)  (endorsed Slotkin),2024,Senate,MI,kildee d,4,1,0
,DEM,Andy Levin,former U.S. representative for Michigan's 9th congressional district (2019–2023),2024,Senate,MI,levin a,4,1,0
,DEM,Karen McDonald,Oakland County Prosecutor (2021–present),2024,Senate,MI,mcdonald k,0,1,0
,DEM,Mallory McMorrow,state senator for the 8th district (2019–present),2024,Senate,MI,mcmorrow m,2,1,0
,DEM,Dana Nessel,Michigan Attorney General (2019–present),2024,Senate,MI,nessel d,3,1,0
,DEM,Hillary Scholten,"U.S. representative for Michigan's 3rd congressional district (2023–present)  ( ran for re-election , endorsed Slotkin)",2024,Senate,MI,scholten h,4,1,0
,DEM,Debbie Stabenow,incumbent U.S. senator (2001–2025),2024,Senate,MI,stabenow d,4,0,0
,DEM,Haley Stevens,"U.S. representative for Michigan's 11th congressional district (2019–present)  ( ran for re-election , endorsed Slotkin)",2024,Senate,MI,stevens h,4,1,0
,DEM,Shri Thanedar,U.S. representative for Michigan's 13th congressional district (2023–present)  ( ran for re-election ),2024,Senate,MI,thanedar s,4,1,0
,DEM,Gretchen Whitmer,governor of Michigan (2019–present),2024,Senate,MI,whitmer g,3,1,0
,REP,Mike Rogers,former U.S. representative for Michigan's 8th congressional district (2001–2015),2024,Senate,MI,rogers m,4,1,0
,REP,James Craig,former chief of the Detroit Police Department (2013–2021) and disqualified candidate for Governor of Michigan in 2022  (endorsed Rogers),2024,Senate,MI,craig j,0,0,1
,REP,[ 106 ],"Hoover, pest control company owner",2024,Senate,MI,,0,0,0
,REP,Peter Meijer,former U.S. representative for Michigan's 3rd congressional district (2021–2023),2024,Senate,MI,meijer p,4,1,0
,REP,Wayne County,"r, former Wayne County commissioner and candidate for U.S. Senate in 2018 (endorsed Rogers, remained on ballot)",2024,Senate,MI,county w,1,0,1
,REP,Michigan State Board of Education,gan State Board of Education (2017–present) ( ran for U.S. House ),2024,Senate,MI,education m,0,1,0
,REP,Allen Park,"Taylor, former Allen Park City Attorney (ran for Michigan Supreme Court)",2024,Senate,MI,park a,0,0,0
,REP,Tom Barrett,former state senator for the 24th district (2019–2023) and nominee for Michigan's 7th congressional district in 2022 ( ran for U.S. House ),2024,Senate,MI,barrett t,2,0,1
,REP,Brian Calley,former lieutenant governor of Michigan (2011–2019) and candidate for governor of Michigan in 2018,2024,Senate,MI,calley b,3,0,1
,REP,Tudor Dixon,conservative media personality and nominee for Governor of Michigan in 2022,2024,Senate,MI,dixon t,0,0,1
,REP,John James,U.S. representative for Michigan's 10th congressional district (2023–present) and nominee for U.S. Senate in 2018 and 2020 ( ran for re-election ),2024,Senate,MI,james j,4,1,1
,REP,Perry Johnson,"businessman, former candidate for president in 2024 and disqualified candidate for Governor of Michigan in 2022",2024,Senate,MI,johnson p,0,0,1
,REP,Lisa McClain,U.S. representative for Michigan's 9th congressional district (2021–present)  (endorsed Rogers),2024,Senate,MI,mcclain l,4,1,0
,REP,Candice Miller,"Macomb County Public Works Commissioner (2017–present), former U.S. representative for Michigan's 10th congressional district (2003–2016), and former Michigan Secretary of State (1995–2003)  (endorsed Rogers)",2024,Senate,MI,miller c,4,1,0
,REP,New York Stock Exchange,of the New York Stock Exchange,2024,Senate,MI,exchange n,0,0,0
,REP,Natural Law Party,"l Law), chair of the Natural Law Party and perennial candidate",2024,Senate,MI,party n,0,0,0
,REP,Josh Hawley,incumbent U.S. senator,2024,Senate,MO,hawley j,4,0,0
,DEM,Lucas Kunce,nonprofit executive and candidate for U.S. Senate in 2022,2024,Senate,MO,kunce l,0,0,1
,DEM,Wesley Bell,St. Louis County prosecuting attorney ( ran for U.S. House ),2024,Senate,MO,bell w,0,0,0
,DEM,[ 67 ],"Kline (Green), executive assistant",2024,Senate,MO,,0,0,0
,DEM,Jon Tester,incumbent U.S. senator (2007–2025),2024,Senate,MT,tester j,4,0,0
,REP,Tim Sheehy,founder and former CEO of Bridger Aerospace,2024,Senate,MT,sheehy t,0,0,0
,REP,[ 55 ],"Mygland, construction company owner (endorsed Rosendale, ran for state senate)",2024,Senate,MT,,2,0,0
,REP,Matt Rosendale,U.S. representative from Montana's 2nd congressional district (2023–2025) and at-large district (2021–2023); nominee for U.S. Senate in 2018 (endorsed Sheehy),2024,Senate,MT,rosendale m,4,1,1
,REP,Greg Gianforte,"governor of Montana (2021–present) ( endorsed Sheehy, ran for re-election )",2024,Senate,MT,gianforte g,3,1,0
,REP,Ryan Zinke,"U.S. representative from Montana's 1st congressional district (2023–present) and at-large district (2015–2017); former U.S. secretary of the interior (2017–2019) ( endorsed Sheehy, ran for re-election )",2024,Senate,MT,zinke r,4,1,0
,REP,Kalispell,Kalispell city councilor and chair of the Montana Libertarian Party,2024,Senate,MT,kalispell,1,0,0
,DEM,Andy Kim,U.S. representative from New Jersey's 3rd congressional district (2019–2024),2024,Senate,NJ,kim a,4,1,0
,DEM,state assemblywoman,tate investor and son of state assemblywoman Mila Jasey ( ran for U.S. House ),2024,Senate,NJ,assemblywoman s,2,0,0
,DEM,[ 92 ],"ina Khalil, social worker (switched to the Green Party)",2024,Senate,NJ,,0,0,0
,DEM,Tammy Murphy,"First Lady of New Jersey (2018–2026), co-owner and chair of NJ/NY Gotham FC , and former financial analyst",2024,Senate,NJ,murphy t,0,0,0
,DEM,Roselle Park,"lo, mayor of Roselle Park and nominee for SD-21 in 2021 ( ran for U.S. House )",2024,Senate,NJ,park r,1,0,1
,DEM,Josh Gottheimer,"U.S. representative from New Jersey's 5th congressional district (2017–present)  ( ran for re-election , ran for governor in 2025 , endorsed Murphy, then Kim)",2024,Senate,NJ,gottheimer j,4,1,0
,DEM,Tom Malinowski,former U.S. representative from New Jersey's 7th congressional district (2019–2023) (endorsed Kim),2024,Senate,NJ,malinowski t,4,1,0
,DEM,Bob Menendez,incumbent U.S. senator (ran as an independent before withdrawing),2024,Senate,NJ,menendez b,4,0,0
,DEM,Donald Norcross,"U.S. representative from New Jersey's 1st congressional district (2014–present)  ( ran for re-election , endorsed Murphy)",2024,Senate,NJ,norcross d,4,1,0
,DEM,Frank Pallone,"U.S. representative from New Jersey's 6th congressional district (1988–present) and candidate for U.S. Senate in 2013  ( ran for re-election , endorsed Murphy)",2024,Senate,NJ,pallone f,4,1,1
,DEM,Mikie Sherrill,"U.S. representative from New Jersey's 11th congressional district (2019–2025)  ( ran for re-election , ran successfully for governor in 2025 , endorsed Murphy, then Kim)",2024,Senate,NJ,sherrill m,4,1,0
,DEM,Robert Torricelli,former U.S. senator (1997–2003),2024,Senate,NJ,torricelli r,4,0,0
,REP,Casino Reinvestment Development Authority,former executive director of the Casino Reinvestment Development Authority,2024,Senate,NJ,authority c,0,0,0
,REP,Andover Township,mer member of the Andover Township Board of Education and candidate for SD-24 in 2021,2024,Senate,NJ,township a,0,0,1
,REP,ran for U.S. House,"k, immigration consulting firm owner ( ran for U.S. House )",2024,Senate,NJ,house r,0,0,0
,REP,New Jersey's 5th congressional district,and candidate for New Jersey's 5th congressional district in 2022,2024,Senate,NJ,district n,0,0,1
,REP,News 12,"an, former News 12 reporter  (endorsed Bashaw)",2024,Senate,NJ,news,0,0,0
,REP,Chris Christie,"former governor of New Jersey (2010–2018) and candidate for president of the United States in 2016 ( ran for president , endorsed Bashaw)",2024,Senate,NJ,christie c,3,0,1
,REP,state assemblyman,"li, business owner and wife of former state assemblyman Jack Ciattarelli  (endorsed Schneiderman)",2024,Senate,NJ,assemblyman s,2,0,0
,REP,Aura Dunn,state assemblywoman from the 25th district (2019–present),2024,Senate,NJ,dunn a,2,1,0
,REP,Edward Durr,former state senator from the 3rd district (2022–2024),2024,Senate,NJ,durr e,2,0,0
,REP,Jeff Van Drew,U.S. representative for New Jersey's 2nd congressional district (2019–present) ( ran for re-election ),2024,Senate,NJ,drew j,4,1,0
,IND,[ 292 ],"s Carducci (Independent), software engineer",2024,Senate,NJ,,0,0,0
,IND,Libertarian,"( Libertarian ), real estate broker and perennial candidate",2024,Senate,NJ,libertarian,0,0,0
,IND,Green,"tina Khalil ( Green ), social worker  (switched from Democratic)",2024,Senate,NJ,green,0,0,0
,IND,Socialist Workers,"( Socialist Workers ), deli worker and perennial candidate",2024,Senate,NJ,workers s,0,0,0
,IND,New Jersey's 5th congressional district,tion contractor and candidate for New Jersey's 5th congressional district in 2016 (previously ran as a Republican),2024,Senate,NJ,district n,0,0,1
,IND,AD-23,"el Estrada (Independent), independent candidate for AD-23 in 2017  ( switched from Republican )",2024,Senate,NJ,ad,0,0,1
,IND,Bob Menendez,"(Menendez for Senate), former U.S. senator",2024,Senate,NJ,menendez b,4,0,0
,IND,Cornell University,"dina, executive director of the Worker Institute at Cornell University and former candidate for this seat",2024,Senate,NJ,university c,0,0,1
,IND,Richard Codey,"former governor of New Jersey (2002, 2004–2006)",2024,Senate,NJ,codey r,3,0,0
,IND,Christian Fuscarino,executive director of Garden State Equality,2024,Senate,NJ,fuscarino c,0,0,0
,IND,New Jersey Cannabis Regulatory Commission,annabis Regulatory Commission (2021–present),2024,Senate,NJ,commission n,0,1,0
,IND,Andy Kim,U.S. representative from New Jersey's 3rd congressional district (2019–2024) and Democratic nominee for this seat,2024,Senate,NJ,kim a,4,1,1
,IND,Matthew Platkin,New Jersey attorney general (2022–2026),2024,Senate,NJ,platkin m,3,0,0
,IND,Esther Salas,judge of the U.S. District Court for New Jersey (2011–present),2024,Senate,NJ,salas e,1,1,0
,IND,Loretta Weinberg,former majority leader of the New Jersey Senate (2012–2022) from the 37th district (2005–2022),2024,Senate,NJ,weinberg l,0,0,0
,IND,Tammy Murphy,"First Lady of New Jersey (2018–present), co-owner and chair of NJ/NY Gotham FC , and former candidate for this seat",2024,Senate,NJ,murphy t,0,1,1
,DEM,Jacky Rosen,incumbent U.S. senator,2024,Senate,NV,rosen j,4,0,0
,REP,Sam Brown,"medical support company founder, candidate for U.S. Senate in 2022 , and candidate for Texas's 102nd House of Representatives district in 2014",2024,Senate,NV,brown s,0,1,1
,REP,Mark Amodei,U.S. representative for Nevada's 2nd congressional district (2011–present) ( ran for re-election ),2024,Senate,NV,amodei m,4,1,0
,REP,April Becker,attorney and nominee for Nevada's 3rd congressional district in 2022  (ran for Clark County Commission ),2024,Senate,NV,becker a,0,0,1
,REP,Heidi Gansert,Minority Leader of the Nevada Senate,2024,Senate,NV,gansert h,0,0,0
,REP,Adam Laxalt,"former Nevada Attorney General (2015–2019), grandson of former U.S. Senator Paul Laxalt , nominee for U.S. Senate in 2022 , and nominee for governor in 2018",2024,Senate,NV,laxalt a,4,0,1
,REP,Brian Sandoval,"president of University of Nevada, Reno (2020–present) and former governor of Nevada (2011–2019)",2024,Senate,NV,sandoval b,3,1,0
,IND,[ 9 ],"Cunningham (Libertarian), ecommerce consultant and esports commentator",2024,Senate,NV,,0,0,0
,IND,U.S. Senate,"in (Independent), truck driver and candidate for U.S. Senate in 2022",2024,Senate,NV,senate u,0,0,1
,IND,Constitution Party,"ependent American), former Constitution Party national treasurer and perennial candidate",2024,Senate,NV,party c,0,0,0
,IND,perennial candidate,"dent), real estate investor and perennial candidate",2024,Senate,NV,candidate p,0,0,0
,DEM,Kirsten Gillibrand,incumbent U.S. senator,2024,Senate,NY,gillibrand k,4,0,0
,DEM,[ 3 ],"d Salem, nonprofit executive",2024,Senate,NY,,0,0,0
,DEM,Jamaal Bowman,U.S. representative from New York's 16th congressional district (2021–2025)  ( unsuccessfully ran for re-election ),2024,Senate,NY,bowman j,4,1,0
,DEM,Al Franken,former U.S. senator from Minnesota (2009–2018),2024,Senate,NY,franken a,4,0,0
,DEM,Mondaire Jones,member of the U.S. Commission on Civil Rights (2023–present) and former U.S. representative from New York's 17th congressional district (2021–2023)  ( ran for U.S. House ),2024,Senate,NY,jones m,4,1,0
,DEM,Alexandria Ocasio-Cortez,U.S. representative from New York's 14th congressional district (2019–present) ( ran for re-election ),2024,Senate,NY,cortez a,4,1,0
,DEM,Ritchie Torres,U.S. representative from New York's 15th congressional district (2021–present) ( ran for re-election ),2024,Senate,NY,torres r,4,1,0
,REP,NYPD,"Sapraicone, businessman and retired NYPD detective",2024,Senate,NY,nypd,0,0,0
,REP,[ 3 ],"Bellon, attorney",2024,Senate,NY,,0,0,0
,REP,Cara Castronuova,Newsmax reporter and former professional boxer,2024,Senate,NY,castronuova c,0,0,0
,IND,[ 37 ],"Sare, political organizer and perennial candidate",2024,Senate,NY,,0,0,0
,DEM,Sherrod Brown,incumbent U.S. senator (2007–2025),2024,Senate,OH,brown s,4,0,0
,REP,Bernie Moreno,"former car dealership owner, father-in-law of U.S. representative Max Miller , and candidate for the U.S. Senate in 2022",2024,Senate,OH,moreno b,4,1,1
,REP,Warren Davidson,"U.S. representative for Ohio's 8th congressional district (2016–present) ( running for re-election , endorsed Moreno)",2024,Senate,OH,davidson w,4,1,0
,REP,Mark Kvamme,venture capitalist and sports car racing driver (endorsed Moreno),2024,Senate,OH,kvamme m,0,0,0
,REP,Josh Mandel,"former Ohio State Treasurer (2011–2019), nominee for the U.S. Senate in 2012 and candidate in 2018 and 2022  (endorsed Moreno)",2024,Senate,OH,mandel j,3,0,1
,REP,Vivek Ramaswamy,"pharmaceutical executive  ( ran unsuccessfully for president , endorsed Moreno)",2024,Senate,OH,ramaswamy v,0,0,0
,REP,[ 112 ],"Faris, electrical engineer",2024,Senate,OH,,0,0,0
,REP,Green Party,"zz ( Green Party ), U.S. Navy veteran and perennial candidate",2024,Senate,OH,party g,0,0,0
,DEM,Bob Casey Jr.,incumbent U.S. senator (2007–2025),2024,Senate,PA,casey b,4,0,0
,DEM,[ 18 ],"m Parker, app developer",2024,Senate,PA,,0,0,0
,REP,Dave McCormick,"former U.S. Under Secretary of the Treasury for International Affairs (2007–2009), former CEO of Bridgewater Associates (2020–2022), and candidate for U.S. Senate in 2022",2024,Senate,PA,mccormick d,0,0,1
,REP,Conestoga Township,former Conestoga Township treasurer and secretary (ran as a write-in candidate),2024,Senate,PA,township c,0,0,0
,REP,[ 58 ],"Vodvarka, spring manufacturer and perennial candidate",2024,Senate,PA,,0,0,0
,REP,Kathy Barnette,"political commentator, nominee for Pennsylvania's 4th congressional district in 2020 , and candidate for U.S. Senate in 2022",2024,Senate,PA,barnette k,0,0,1
,REP,Stacy Garrity,Pennsylvania State Treasurer (2021–present)  ( running for re-election ),2024,Senate,PA,garrity s,3,1,0
,REP,Doug Mastriano,state senator for SD-33 (2019–present) and nominee for Governor of Pennsylvania in 2022  (endorsed McCormick),2024,Senate,PA,mastriano d,2,1,1
,REP,Marsha Blackburn,incumbent U.S. Senator (2019–present),2024,Senate,TN,blackburn m,4,1,0
,DEM,Gloria Johnson,"state representative from the 90th district (2013–2015, 2019–present)",2024,Senate,TN,johnson g,2,1,0
,DEM,[ 22 ],"Sowell, attorney",2024,Senate,TN,,0,0,0
,IND,Tennessee's 7th congressional district,nominee for Tennessee's 7th congressional district in 2016,2024,Senate,TN,district t,0,0,1
,IND,[ 15 ],"Moses, community activist and convicted felon",2024,Senate,TN,,0,0,0
,REP,Ted Cruz,incumbent U.S. senator (2013–present),2024,Senate,TX,cruz t,4,1,0
,REP,Dan Crenshaw,U.S. representative from Texas's 2nd congressional district (2019–present) ( ran for re-election ),2024,Senate,TX,crenshaw d,4,1,0
,REP,Adam Kinzinger,former U.S. representative from Illinois's 16th congressional district (2011–2023),2024,Senate,TX,kinzinger a,4,1,0
,DEM,Colin Allred,U.S. representative from Texas's 32nd congressional district (2019–2025),2024,Senate,TX,allred c,4,1,0
,DEM,Midland,"ve III, former Midland city councilor and candidate for U.S. Senate in 2020 ( ran for U.S. House )",2024,Senate,TX,midland,1,0,1
,DEM,ran for U.S. House,businessman ( ran for U.S. House ),2024,Senate,TX,house r,0,0,0
,DEM,Julián Castro,"former U.S. Secretary of Housing and Urban Development (2014–2017), former mayor of San Antonio (2009–2014), and candidate for president of the United States in 2020",2024,Senate,TX,castro j,4,0,1
,DEM,Veronica Escobar,"U.S. representative for Texas's 16th congressional district (2019–present) ( ran for re-election , endorsed Allred)",2024,Senate,TX,escobar v,4,1,0
,DEM,Scott Kelly,retired NASA astronaut and brother of Arizona Senator Mark Kelly,2024,Senate,TX,kelly s,0,0,0
,DEM,Wiley University,rector of the Lee P. Brown Criminal Justice Institute at Wiley University,2024,Senate,TX,university w,0,0,0
,DEM,[ 89 ],"a Roche, math tutor",2024,Senate,TX,,0,0,0
,REP,John Curtis,U.S. representative from Utah's 3rd congressional district (2017–2025),2024,Senate,UT,curtis j,4,1,0
,REP,Roosevelt,mayor of Roosevelt ( ran for U.S. House ),2024,Senate,UT,roosevelt,1,0,0
,REP,ran for U.S. House,itical commentator and perennial candidate ( ran for U.S. House ),2024,Senate,UT,house r,0,0,0
,REP,Spencer Cox,"Governor of Utah (2021–present) ( ran for re-election , endorsed Wilson)",2024,Senate,UT,cox s,3,1,0
,REP,Greg Hughes,"former Speaker of the Utah House of Representatives (2015–2018) from HD-51 (2003–2018), candidate for Governor of Utah in 2020 , and candidate for Utah's 2nd congressional district in 2023",2024,Senate,UT,hughes g,2,1,1
,REP,Carson Jorgensen,former chair of the Utah Republican Party (2021–2023) and candidate for Utah's 2nd congressional district in 2020  ( ran for governor ),2024,Senate,UT,jorgensen c,0,0,1
,REP,Robert O'Brien,former U.S. National Security Advisor (2019–2021),2024,Senate,UT,brien r,0,0,0
,REP,Sean Reyes,Utah Attorney General (2013–2025),2024,Senate,UT,reyes s,3,0,0
,REP,Mitt Romney,real estate executive and son of incumbent Mitt Romney,2024,Senate,UT,romney m,0,0,0
,REP,Chris Stewart,"U.S. representative from Utah's 2nd congressional district (2013–2023)  ( resigned from Congress , endorsed Curtis)",2024,Senate,UT,stewart c,4,1,0
,DEM,Caroline Gleich,skier and mountaineer,2024,Senate,UT,gleich c,0,0,0
,DEM,2022,"d Hamblin, biologist and Republican candidate for U.S. Senate in 2022",2024,Senate,UT,,0,0,1
,IND,American Fork,former American Fork city councilor and nominee for U.S. Senate in 2000,2024,Senate,UT,fork a,1,0,1
,IND,[ 5 ],"t Newcomb, engineer",2024,Senate,UT,,0,0,0
,DEM,Tim Kaine,incumbent U.S. senator (2013–present),2024,Senate,VA,kaine t,4,1,0
,REP,Hung Cao,former U.S. Navy captain and nominee for Virginia's 10th congressional district in 2022,2024,Senate,VA,cao h,0,0,1
,DEM,Tammy Baldwin,incumbent U.S. senator,2024,Senate,WI,baldwin t,4,0,0
,REP,2012,"Hovde, bank executive and candidate for U.S. Senate in 2012",2024,Senate,WI,,0,0,1
,REP,Trempealeau County,pealeau County supervisor  ( ran for state senate ),2024,Senate,WI,county t,2,0,0
,REP,U.S. Army Reserve,"Wicke, retired U.S. Army Reserve sergeant major",2024,Senate,WI,reserve u,0,0,0
,REP,David Clarke,former Milwaukee County Sheriff (2002-2017),2024,Senate,WI,clarke d,1,0,0
,REP,Mike Gallagher,U.S. representative from Wisconsin's 8th congressional district (2017–2024),2024,Senate,WI,gallagher m,4,1,0
,REP,Scott Mayer,staffing executive and former Indy Racing League driver,2024,Senate,WI,mayer s,0,0,0
,REP,Bryan Steil,"U.S. representative from Wisconsin's 1st congressional district (2019–present)  ( ran for re-election , endorsed Hovde)",2024,Senate,WI,steil b,4,1,0
,REP,Tom Tiffany,"U.S. representative from Wisconsin's 7th congressional district (2020–present) ( ran for re-election , endorsed Hovde)",2024,Senate,WI,tiffany t,4,1,0
,REP,Scott Walker,former governor of Wisconsin (2011–2019)  (endorsed Hovde),2024,Senate,WI,walker s,3,0,0
,IND,Wisconsin Libertarian Party,"Corruption), realtor, former chair of the Wisconsin Libertarian Party , and perennial candidate",2024,Senate,WI,party w,0,0,0
,IND,[ 72 ],"Leager (America First), lobbyist",2024,Senate,WI,,0,0,0
,DEM,Wheeling,"liott, former mayor of Wheeling (2016–2024)",2024,Senate,WV,wheeling,1,0,0
,DEM,Joe Manchin,incumbent U.S. senator  ( endorsed Elliott ),2024,Senate,WV,manchin j,4,0,0
,REP,Jim Justice,governor of West Virginia (2017–2025),2024,Senate,WV,justice j,3,0,0
,REP,Chris Rose,coal miner  ( ran for state senate ),2024,Senate,WV,rose c,2,0,0
,REP,Carol Miller,U.S. representative for West Virginia's 1st congressional district (2019–present)  ( running for re-election ),2024,Senate,WV,miller c,4,1,0
,REP,Patrick Morrisey,West Virginia Attorney General (2013–2025) and nominee for U.S. Senate in 2018 ( running for governor ),2024,Senate,WV,morrisey p,3,0,1
,IND,Joe Manchin,incumbent U.S. senator  ( endorsed Elliott ),2024,Senate,WV,manchin j,4,0,0
,REP,Tommy Tuberville,U.S. senator (2021–present),2026,Governor,AL,tuberville t,4,1,0
,REP,Will Ainsworth,lieutenant governor of Alabama (2019–present)  (endorsed Tuberville),2026,Governor,AL,ainsworth w,3,1,0
,REP,Lynda Blanchard,former U.S. ambassador to Slovenia (2019–2021) and candidate for governor in 2022  (nominated for Ambassador to the Food and Agriculture Organization ),2026,Governor,AL,blanchard l,0,0,1
,REP,Mo Brooks,former U.S. representative from Alabama's 5th congressional district (2011–2023),2026,Governor,AL,brooks m,4,1,0
,REP,Steve Marshall,attorney general of Alabama (2017–present)  ( ran for U.S Senate ),2026,Governor,AL,marshall s,3,1,0
,REP,Rick Pate,commissioner of the Alabama department of agriculture and industries (2019–present) ( ran for lieutenant governor ),2026,Governor,AL,pate r,3,1,0
,DEM,Doug Jones,former U.S. senator (2018–2021),2026,Governor,AL,jones d,4,0,0
,IND,[ 58 ],"Burnette Jr., artist (independent, write-in)",2026,Governor,AL,,0,0,0
,DEM,Katie Hobbs,incumbent governor (2023–present),2026,Governor,AZ,hobbs k,3,1,0
,DEM,Adrian Fontes,secretary of state of Arizona (2023–present) ( running for re-election ),2026,Governor,AZ,fontes a,3,1,0
,DEM,Kris Mayes,attorney general of Arizona (2023–present) ( running for re-election ),2026,Governor,AZ,mayes k,3,1,0
,REP,Andy Biggs,U.S. representative from Arizona's 5th congressional district (2017–present),2026,Governor,AZ,biggs a,4,1,0
,REP,[ 25 ],"celi, business owner",2026,Governor,AZ,,0,0,0
,REP,David Schweikert,U.S. representative from Arizona's 1st congressional district (2011–present),2026,Governor,AZ,schweikert d,4,1,0
,REP,Karrin Taylor Robson,former member of the Arizona Board of Regents (2017–2021) and candidate for governor in 2022,2026,Governor,AZ,robson k,0,0,1
,REP,Juan Ciscomani,U.S. representative from Arizona's 6th congressional district (2023–present) ( running for re-election ),2026,Governor,AZ,ciscomani j,4,1,0
,REP,Jake Hoffman,state senator from the 15th district (2023–present) and 2020 fake elector for Donald Trump  (endorsed Biggs),2026,Governor,AZ,hoffman j,2,1,0
,REP,Kari Lake,"senior advisor to the U.S. Agency for Global Media (2025–present), nominee for governor in 2022 , and nominee for U.S. Senate in 2024",2026,Governor,AZ,lake k,0,1,1
,REP,Kimberly Yee,state treasurer of Arizona (2019–present) and candidate for governor in 2022 ( running for superintendent of public instruction ),2026,Governor,AZ,yee k,3,1,1
,REP,[ l ],"Hess, businessman and perennial candidate [ l ]",2026,Governor,AZ,l,0,0,0
,REP,Arizona's 6th congressional district,minee for U.S. House in Arizona's 6th congressional district,2026,Governor,AZ,district a,0,0,0
,DEM,Phil Weiser,attorney general of Colorado (2019–present),2026,Governor,CO,weiser p,3,1,0
,DEM,Jason Crow,U.S. representative for Colorado's 6th congressional district (2019–present) ( running for re-election ; endorsed Bennet),2026,Governor,CO,crow j,4,1,0
,DEM,Jena Griswold,secretary of state of Colorado (2019–present) ( running for attorney general ),2026,Governor,CO,griswold j,3,1,0
,DEM,Mike Johnston,mayor of Denver (2023–present) and candidate for governor in 2018  (endorsed Bennet),2026,Governor,CO,johnston m,1,1,1
,DEM,Joe Neguse,U.S. representative for Colorado's 2nd congressional district (2019–present) and nominee for secretary of state in 2014 ( running for re-election ; endorsed Bennet),2026,Governor,CO,neguse j,4,1,1
,REP,Victor Marx,ministry leader,2026,Governor,CO,marx v,0,0,0
,REP,Mark Baisley,state senator from the 4th district (2023–present) ( running for U.S. senate ),2026,Governor,CO,baisley m,2,1,0
,REP,Greg Lopez,former U.S. representative from Colorado's 4th congressional district (2024–2025) and candidate for governor in 2018 and 2022 (running as an Independent),2026,Governor,CO,lopez g,4,1,1
,REP,Joe Oltmann,podcaster,2026,Governor,CO,oltmann j,0,0,0
,REP,Jeff Peckman,UFO disclosure activist,2026,Governor,CO,peckman j,0,0,0
,REP,No Labels,"Osborne, actor ( No Labels )",2026,Governor,CO,labels n,0,0,0
,IND,Greg Lopez,former U.S. representative from Colorado's 4th congressional district (2024–2025) and candidate for governor in 2018 and 2022 (previously ran as a Republican),2026,Governor,CO,lopez g,4,1,1
,IND,DaVita,"hiry, former CEO of DaVita",2026,Governor,CO,davita,0,0,0
,DEM,Josh Elliott,state representative from HD-88 (2017–present),2026,Governor,CT,elliott j,2,1,0
,DEM,Ned Lamont,incumbent governor (2019–present),2026,Governor,CT,lamont n,3,1,0
,DEM,Luke Bronin,former mayor of Hartford (2016–2024) ( running for U.S. House ),2026,Governor,CT,bronin l,1,0,0
,DEM,Susan Bysiewicz,incumbent lieutenant governor (2019–present) ( running for re-election ),2026,Governor,CT,bysiewicz s,3,1,0
,DEM,William Tong,incumbent attorney general (2019–present) ( running for re-election ),2026,Governor,CT,tong w,3,1,0
,DEM,Sean Scanlon,incumbent comptroller (2023–present) ( running for re-election ),2026,Governor,CT,scanlon s,0,1,0
,REP,Ryan Fazio,state senator from the 36th district (2021–present),2026,Governor,CT,fazio r,2,1,0
,REP,Betsy McCaughey,former lieutenant governor of New York (1995–1998) and candidate for governor of New York in 1998 (endorsed Fazio),2026,Governor,CT,mccaughey b,3,0,1
,REP,Harry Arora,former state representative from the 151st district (2020–2023) and nominee for state treasurer in 2022,2026,Governor,CT,arora h,2,1,1
,REP,first selectwoman,former first selectwoman of Westport (2021–2025)  (running for state comptroller),2026,Governor,CT,selectwoman f,3,0,0
,REP,Erin Stewart,former mayor of New Britain (2013–2025) and candidate for lieutenant governor in 2018 (endorsed Fazio),2026,Governor,CT,stewart e,1,0,1
,REP,[ 44 ],"w Corey, bar owner and perennial candidate (running for lieutenant governor)",2026,Governor,CT,,3,0,0
,REP,Rob Sampson,state senator from the 16th district (2019–present) (endorsed Fazio),2026,Governor,CT,sampson r,2,1,0
,REP,Tim Ackert,state representative from the 8th district,2026,Governor,CT,ackert t,2,1,0
,REP,Jay Collins,21st lieutenant governor of Florida (2025–present),2026,Governor,FL,collins j,3,1,0
,REP,Byron Donalds,U.S. representative for Florida's 19th congressional district (2021–present),2026,Governor,FL,donalds b,4,1,0
,REP,Paul Renner,103rd speaker of the Florida House of Representatives (2022–2024) from the 19th district (2015–2024),2026,Governor,FL,renner p,2,1,0
,REP,James Fishback,"investment firm founder  Running mate: Sean A. Lozano, Police Officer at the Lauderhill Police Department",2026,Governor,FL,fishback j,0,0,0
,REP,[ 10 ],"Rodriguez, attorney",2026,Governor,FL,,0,0,0
,REP,Lauderhill,"te: Sean A. Lozano, Police Officer at the Lauderhill Police Department",2026,Governor,FL,lauderhill,0,0,0
,REP,Surfside,"Burkett, mayor of Surfside (2006–2010, 2020–2022, 2024–present)",2026,Governor,FL,surfside,1,1,0
,REP,naturopathic,"ia Curtman, naturopathic doctor",2026,Governor,FL,naturopathic,0,0,0
,REP,Matt Gaetz,former U.S. representative for Florida's 1st congressional district (2017–2024),2026,Governor,FL,gaetz m,4,1,0
,REP,Francis Suarez,43rd mayor of Miami (2017–2025) and candidate for president in 2024,2026,Governor,FL,suarez f,1,0,1
,DEM,[ 147 ],"arie Foster, mathematics teacher",2026,Governor,FL,,0,0,0
,DEM,David Jolly,"former Republican U.S. representative from Florida's 13th congressional district (2014–2017)  Running mate: Gwen Graham , former Assistant Secretary of Education (2021–2025), former U.S. representative from Florida's 2nd congressional district (2015–2017), and candidate for governor in 2018",2026,Governor,FL,jolly d,4,1,1
,DEM,Dotie Joseph,state representative from the 108th district (2018–present),2026,Governor,FL,joseph d,2,1,0
,DEM,Gwen Graham,"e: Gwen Graham , former Assistant Secretary of Education (2021–2025), former U.S. representative from Florida's 2nd congressional district (2015–2017), and candidate for governor in 2018",2026,Governor,FL,graham g,4,1,1
,DEM,Jerry Demings,mayor of Orange County (2018–present) and husband of former U.S. representative Val Demings,2026,Governor,FL,demings j,4,1,0
,DEM,Nikki Fried,"chair of the Florida Democratic Party (2023–present), former Florida Commissioner of Agriculture (2019–2023), and candidate for governor in 2022",2026,Governor,FL,fried n,3,1,1
,DEM,Fentrice Driskell,minority leader of the state House of Representatives (2022–present) ( running for state senate ),2026,Governor,FL,driskell f,2,1,0
,DEM,Shevrin Jones,state senator from the 34th district (2020–present),2026,Governor,FL,jones s,2,1,0
,DEM,Daniella Levine Cava,mayor of Miami-Dade County (2020–present),2026,Governor,FL,cava d,1,1,0
,DEM,Jared Moskowitz,U.S. representative from Florida's 23rd congressional district (2023–present)  ( running for re-election ),2026,Governor,FL,moskowitz j,4,1,0
,DEM,Angie Nixon,state representative from the 13th district (2020–present)  ( running for U.S. Senate ),2026,Governor,FL,nixon a,2,1,0
,IND,Moliere Dimanche,"( Independent ), author and withdrawn candidate for mayor of Orlando in 2023",2026,Governor,FL,dimanche m,0,0,1
,IND,John Morgan,attorney and billionaire,2026,Governor,FL,morgan j,0,0,0
,IND,Jason Pizzo,former Democratic minority leader of the Florida Senate (2024–2025) from the 37th district (2018–present),2026,Governor,FL,pizzo j,0,1,0
,IND,Libertarian,"t ( Libertarian ), entrepreneur",2026,Governor,FL,libertarian,0,0,0
,REP,Rick Jackson,healthcare executive,2026,Governor,GA,jackson r,0,0,0
,REP,Andrew Clyde,U.S. representative from GA-09 (2021–present)  ( running for re-election ),2026,Governor,GA,clyde a,4,1,0
,REP,Marjorie Taylor Greene,U.S. representative from GA-14 (2021–2026),2026,Governor,GA,greene m,4,1,0
,DEM,Keisha Lance Bottoms,former director of the Office of Public Engagement (2022–2023) and former mayor of Atlanta (2018–2022),2026,Governor,GA,bottoms k,1,0,0
,DEM,Ruwa Romman,state representative from the 97th district (2023–present) ( running for state senate ),2026,Governor,GA,romman r,2,1,0
,DEM,Stacey Abrams,former minority leader of the Georgia House of Representatives (2011–2017) and nominee for governor in 2018 and 2022,2026,Governor,GA,abrams s,0,1,1
,DEM,Jason Carter,"former state senator from the 42nd district (2010–2015), grandson of former governor and president Jimmy Carter , and nominee for governor in 2014  (endorsed Esteves)",2026,Governor,GA,carter j,3,0,1
,DEM,Lucy McBath,U.S. representative from Georgia's 6th congressional district (2019–present),2026,Governor,GA,mcbath l,4,1,0
,IND,Chase Oliver,"former chair of the Atlanta Libertarian Party, perennial candidate, and nominee for president in 2024",2026,Governor,GA,oliver c,0,0,1
,REP,[ 4 ],"Lahn, businessman and farmer  Running mate: Derek Wulf , state representative from the 76th district (2023–present)",2026,Governor,IA,,2,1,0
,REP,Derek Wulf,"te: Derek Wulf , state representative from the 76th district (2023–present)",2026,Governor,IA,wulf d,2,1,0
,REP,Brenna Bird,attorney general of Iowa (2023–present) ( running for re-election ),2026,Governor,IA,bird b,3,1,0
,REP,Mike Bousselot,state senator from the 21st district (2023–present) ( running for re-election ),2026,Governor,IA,bousselot m,2,1,0
,REP,Chris Cournoyer,lieutenant governor of Iowa (2024–present) ( running for state auditor ; endorsed Feenstra),2026,Governor,IA,cournoyer c,3,1,0
,REP,Pat Grassley,speaker of the Iowa House of Representatives (2020–present) from the 57th district (2007–present) and grandson of U.S. Senator Chuck Grassley ( running for re-election ),2026,Governor,IA,grassley p,4,1,0
,REP,Ashley Hinson,U.S. representative from Iowa's 2nd congressional district (2021–present)  ( running for U.S. Senate ),2026,Governor,IA,hinson a,4,1,0
,REP,Bobby Kaufmann,state representative from the 82nd district (2013–present) ( running for re-election ),2026,Governor,IA,kaufmann b,2,1,0
,REP,Kari Lake,senior advisor to the U.S. Agency for Global Media (2025–present) and nominee for governor of Arizona in 2022 and U.S. senator in 2024,2026,Governor,IA,lake k,0,1,1
,REP,Mariannette Miller-Meeks,U.S. representative from Iowa's 1st congressional district (2021–present)  ( running for re-election ; endorsed Feenstra),2026,Governor,IA,meeks m,4,1,0
,REP,Mike Naig,Iowa secretary of agriculture (2018–present) (running for re-election; endorsed Feenstra),2026,Governor,IA,naig m,0,1,0
,REP,Zach Nunn,U.S. representative from Iowa's 3rd congressional district (2023–present) ( running for re-election ),2026,Governor,IA,nunn z,4,1,0
,REP,Kim Reynolds,incumbent governor (2017–present),2026,Governor,IA,reynolds k,3,1,0
,REP,Bob Vander Plaats,"president and CEO of The Family Leader , nominee for lieutenant governor in 2006 , and candidate for governor in 2002 , 2006 , and 2010  (endorsed Steen)",2026,Governor,IA,plaats b,0,0,1
,DEM,Rob Sand,"Iowa auditor of state (2019–present)  Running mate: Dave Muhlbauer, Crawford County supervisor (2017–2021, 2023–present) and candidate for U.S. Senate in 2022",2026,Governor,IA,sand r,1,1,1
,DEM,Crawford County,"ave Muhlbauer, Crawford County supervisor (2017–2021, 2023–present) and candidate for U.S. Senate in 2022",2026,Governor,IA,county c,1,1,1
,DEM,Pete Buttigieg 2020 presidential campaign,sional and former Iowa political director for the Pete Buttigieg 2020 presidential campaign,2026,Governor,IA,campaign p,0,0,0
,DEM,[ 53 ],"ahl, bus driver and perennial candidate",2026,Governor,IA,,0,0,0
,DEM,Lone Tree,"Gluba, Lone Tree city councilor and nominee for Iowa's 1st congressional district in 2024",2026,Governor,IA,tree l,1,0,1
,DEM,JB Pritzker,"incumbent governor (2019–present)  Running mate: Christian Mitchell , former deputy governor (2019–2023) and former state representative (2013–2019)",2026,Governor,IL,pritzker j,3,1,0
,DEM,Christian Mitchell,"stian Mitchell , former deputy governor (2019–2023) and former state representative (2013–2019)",2026,Governor,IL,mitchell c,3,1,0
,DEM,Chicago City Council,rmer candidate for Chicago City Council  Running mate: Joseph Mosley,2026,Governor,IL,council c,0,0,1
,REP,Darren Bailey,"former state senator from the 55th district (2021–2023), nominee for governor in 2022 , and candidate for Illinois's 12th congressional district in 2024  Running mate: Aaron Del Mar, Palatine Township Highway Commissioner, chair of the Cook County Republican Party , and candidate for lieutenant governor in 2022",2026,Governor,IL,bailey d,2,0,1
,REP,Palatine Township,"on Del Mar, Palatine Township Highway Commissioner, chair of the Cook County Republican Party , and candidate for lieutenant governor in 2022",2026,Governor,IL,township p,0,0,1
,REP,Posen,"Perez, member of the Posen Park District Commission",2026,Governor,IL,posen,0,0,0
,REP,2022,"Solomon, attorney and candidate for governor in 2022  (running a write-in campaign for State Treasurer) Running mate: Geno Young, musician and candidate for Illinois's 1st congressional district in 2022",2026,Governor,IL,,0,0,1
,REP,Illinois's 1st congressional district,d candidate for Illinois's 1st congressional district in 2022,2026,Governor,IL,district i,0,0,1
,REP,Running mate: Rantch Isquith,bank examiner,2026,Governor,IL,isquith r,0,0,0
,REP,Antioch,"artner, mayor of Antioch (2021–present)",2026,Governor,IL,antioch,1,1,0
,REP,Jeanne Ives,"former state representative from the 42nd district (2013–2019), candidate for governor in 2018 , and nominee for Illinois's 6th congressional district in 2020  (endorsed Dabrowski)",2026,Governor,IL,ives j,2,1,1
,REP,Darin LaHood,U.S. representative from Illinois's 16th congressional district (2015–present) ( running for re-election ),2026,Governor,IL,lahood d,4,1,0
,REP,Dan Ugaste,state representative from the 65th district (2019–present) (running for re-election),2026,Governor,IL,ugaste d,2,1,0
,IND,[ 35 ],"Corbett, former Republican campaign strategist  Running mate: Carolyn Schofield, Republican candidate for lieutenant governor in 2022",2026,Governor,IL,,0,0,1
,IND,lieutenant governor,"yn Schofield, Republican candidate for lieutenant governor in 2022",2026,Governor,IL,governor l,0,0,1
,DEM,Ethan Corson,"state senator from the 7th district (2021–present)  Running mate: Renee Duxler, president and CEO of the Salina Area Chamber of Commerce (2023–present)",2026,Governor,KS,corson e,2,1,0
,DEM,Cindy Holscher,"state senator from the 8th district (2021–present)  Running mate: Kelechi Ohaebosim , state representative from the 89th district (2017–present)",2026,Governor,KS,holscher c,2,1,0
,DEM,Curt Skoog,"mayor of Overland Park (2021–present)  Running mate: Jennifer Bacani McKenny, physician",2026,Governor,KS,skoog c,1,1,0
,DEM,Salina,"g mate: Renee Duxler, president and CEO of the Salina Area Chamber of Commerce (2023–present)",2026,Governor,KS,salina,0,1,0
,DEM,Kelechi Ohaebosim,"echi Ohaebosim , state representative from the 89th district (2017–present)",2026,Governor,KS,ohaebosim k,2,1,0
,DEM,[ 15 ],"g mate: Jennifer Bacani McKenny, physician",2026,Governor,KS,,0,0,0
,DEM,Blue Cross Blue Shield Association,e Cross Blue Shield Association of Kansas (2018–present),2026,Governor,KS,association b,0,1,0
,DEM,Dinah Sykes,minority leader of the Kansas Senate (2021–present)  (running for insurance commissioner ),2026,Governor,KS,sykes d,0,1,0
,DEM,David Toland,lieutenant governor of Kansas (2021–present)  (endorsed Corson),2026,Governor,KS,toland d,3,1,0
,REP,Ty Masterson,"president of the Kansas Senate (2021–present) from the 16th district (2009–present)  Running mate: Jeff Klemp , state senator from the 5th district (2025–present)",2026,Governor,KS,masterson t,2,1,0
,REP,Charlotte O'Hara,"former Johnson County commissioner (2021–2025) and former state representative from the 17th district (2011–2013)  Running mate: Michelle Dombrosky, member of the Kansas State Board of Education",2026,Governor,KS,hara c,2,1,0
,REP,[ 36 ],"Rogers, consignment sale business owner  Running mate: Michael Smith, former mayor of Lansing",2026,Governor,KS,,1,0,0
,REP,Vicki Schmidt,"Kansas Insurance Commissioner (2019–present)  Running mate: Joe Newland , president of the Kansas Farm Bureau (2022–present) and former state representative from the 13th district (2019–2022)",2026,Governor,KS,schmidt v,2,1,0
,REP,Scott Schwab,"Kansas Secretary of State (2019–present)  Running mate: Ken Rahjes , state representative from the 110th district (2016–present)",2026,Governor,KS,schwab s,3,1,0
,REP,Jeff Klemp,"te: Jeff Klemp , state senator from the 5th district (2025–present)",2026,Governor,KS,klemp j,2,1,0
,REP,Kansas State Board of Education,"y, member of the Kansas State Board of Education",2026,Governor,KS,education k,0,0,0
,REP,Lansing,"mate: Michael Smith, former mayor of Lansing",2026,Governor,KS,lansing,1,0,0
,REP,Wichita Schools,"oy Eakins, former Wichita Schools board member (2013–2018)",2026,Governor,KS,schools w,0,0,0
,REP,Joe Newland,"e: Joe Newland , president of the Kansas Farm Bureau (2022–present) and former state representative from the 13th district (2019–2022)",2026,Governor,KS,newland j,2,1,0
,REP,Ken Rahjes,"te: Ken Rahjes , state representative from the 110th district (2016–present)",2026,Governor,KS,rahjes k,2,1,0
,REP,Jeff Colyer,former governor (2018–2019),2026,Governor,KS,colyer j,3,0,0
,REP,Ron Estes,U.S. Representative for Kansas's 4th congressional district (2017–present) and former Kansas State Treasurer (2011–2017),2026,Governor,KS,estes r,4,1,0
,REP,Jake LaTurner,U.S. Representative for Kansas's 2nd congressional district (2021–2025) and former Kansas State Treasurer (2017–2021),2026,Governor,KS,laturner j,4,1,0
,REP,Dayton Moore,former Kansas City Royals executive (2006–2022),2026,Governor,KS,moore d,0,0,0
,REP,Kansas Board of Regents,e Kansas Board of Regents (2019–present),2026,Governor,KS,regents k,0,1,0
,DEM,Maura Healey,incumbent governor (2023–present),2026,Governor,MA,healey m,3,1,0
,DEM,Diana DiZoglio,Massachusetts state auditor (2023–present)  ( running for re-election ),2026,Governor,MA,dizoglio d,3,1,0
,DEM,Kim Driscoll,incumbent lieutenant governor (2023–present),2026,Governor,MA,driscoll k,3,1,0
,REP,Abiomed,"Minogue, former CEO of Abiomed",2026,Governor,MA,abiomed,0,0,0
,REP,Massachusetts Bay Transportation Authority,tor and acting general manager of the Massachusetts Bay Transportation Authority  (running with Shawn Oliver),2026,Governor,MA,authority m,0,0,0
,REP,[ 20 ],"ennealy, former Massachusetts secretary of housing and economic development (ran with Anne Manning Martin, endorsed Minogue after convention)",2026,Governor,MA,,0,0,0
,REP,Peter Durant,state senator from the Worcester and Hampshire district (2023–present) ( running for re-election ),2026,Governor,MA,durant p,2,1,0
,REP,New Bedford,"r, New Bedford city councilor and former corrections officer (running with Brian Shortsleeve)",2026,Governor,MA,bedford n,1,0,0
,REP,Wayland,"ensley, Wayland Selectmen member (2023–present)",2026,Governor,MA,wayland,0,1,0
,REP,Peabody,"nning Martin, Peabody city councilor and nominee for the 5th Governor's Council district in 2024 (previously ran with Mike Kennealy)",2026,Governor,MA,peabody,1,0,1
,IND,Andrea James,criminal justice nonprofit executive (Independent),2026,Governor,MA,james a,0,0,0
,DEM,Wes Moore,"incumbent governor (2023–present)  Running mate: Aruna Miller , incumbent lieutenant governor (2023–present)",2026,Governor,MD,moore w,3,1,0
,DEM,Aruna Miller,": Aruna Miller , incumbent lieutenant governor (2023–present)",2026,Governor,MD,miller a,3,1,0
,DEM,Ed Hale,retired banker and owner of the Baltimore Blast (ran as a Republican),2026,Governor,MD,hale e,0,0,0
,DEM,[ 11 ],"Jaffe, perennial candidate (died February 6, 2026)  Running mate: Donald Palmore, pastor",2026,Governor,MD,,0,0,0
,REP,Dan Cox,"former state delegate from the 4th district (2019–2023), nominee for Maryland's 8th congressional district in 2016 , nominee for governor in 2022 , and candidate for Maryland's 6th congressional district in 2024  Running mate: Robert Krop, gun store owner",2026,Governor,MD,cox d,2,0,1
,REP,[ 51 ],"g mate: Robert Krop, gun store owner",2026,Governor,MD,,0,0,0
,REP,Christopher Eric Bouchat,state delegate from the 5th district (2023–present),2026,Governor,MD,bouchat c,2,1,0
,REP,Andy Harris,U.S. representative from Maryland's 1st congressional district (2011–present)  ( running for re-election ),2026,Governor,MD,harris a,4,1,0
,REP,Steve Hershey,minority leader of the Maryland Senate (2023–present) from the 36th district (2013–present) ( running for re-election ),2026,Governor,MD,hershey s,0,1,0
,REP,Larry Hogan,former governor (2015–2023) and nominee for U.S. Senate in 2024,2026,Governor,MD,hogan l,3,0,1
,IND,Green,"Ellis ( Green ), former co-chair of the Maryland Green Party and candidate for Maryland House of Delegates in 2018  Running mate: Owen Silverman Andrews, teacher",2026,Governor,MD,green,0,0,1
,IND,Working Class Party,"ng Class Party ), nominee for lieutenant governor in 2022  Running mate: Cathy Permut",2026,Governor,MD,party w,0,0,1
,IND,[ 74 ],"g mate: Owen Silverman Andrews, teacher",2026,Governor,MD,,0,0,0
,DEM,Hannah Pingree,"former director of the Maine Governor's Office of Policy Innovation, former Speaker of the Maine House of Representatives (2008–2010) from the 36th district (2002–2010), and daughter of U.S. Representative Chellie Pingree",2026,Governor,ME,pingree h,4,1,0
,DEM,2024,"n Cherry, attorney and independent candidate for U.S. Senate in 2024 ( ran for State House )",2026,Governor,ME,,0,0,1
,DEM,Joe Baldacci,"state senator (2020–present) and brother of former governor John Baldacci ( ran for U.S. House , endorsed Jackson)",2026,Governor,ME,baldacci j,3,1,0
,DEM,Jared Golden,U.S. representative from Maine's 2nd congressional district (2019–present),2026,Governor,ME,golden j,4,1,0
,REP,Bobby Charles,lawyer and former U.S. Assistant Secretary of State (2003–2005),2026,Governor,ME,charles b,3,0,0
,REP,James Libby,state senator and candidate for governor in 2002   (endorsed Bush; remained on ballot),2026,Governor,ME,libby j,2,0,1
,REP,[ 13 ],"Sheppard, rapper",2026,Governor,ME,,0,0,0
,REP,Rick Bennett,"state senator, former President of the Maine Senate, and candidate for U.S. Senate in 2012 (running as an Independent)",2026,Governor,ME,bennett r,2,0,1
,REP,Laurel Libby,state representative from the 90th district (2022–present) and the 64th district (2020–2022),2026,Governor,ME,libby l,2,1,0
,IND,Rick Bennett,"state senator (1996–2004, 2020–present), Republican nominee for ME-2 in 1994 and candidate for U.S. Senate in 2012",2026,Governor,ME,bennett r,2,1,1
,IND,Ed Crockett,state representative (2018–present),2026,Governor,ME,crockett e,2,1,0
,IND,[ 103 ],"owa, retired environmental specialist",2026,Governor,ME,,0,0,0
,DEM,Jocelyn Benson,Michigan secretary of state (2019–present),2026,Governor,MI,benson j,3,1,0
,DEM,Genesee County,Genesee County sheriff (2020–present),2026,Governor,MI,county g,1,1,0
,DEM,[ 10 ],"omas, auditor",2026,Governor,MI,,0,0,0
,DEM,Green,"Hogan, biochemist and Green nominee for governor in 2022",2026,Governor,MI,green,0,0,1
,DEM,Marni Sawicki,"former mayor of Cape Coral, Florida (2013–2017)",2026,Governor,MI,sawicki m,1,0,0
,DEM,Garlin Gilchrist,lieutenant governor of Michigan (2019–present) ( running for Michigan Secretary of State ),2026,Governor,MI,gilchrist g,3,1,0
,DEM,Pete Buttigieg,"former U.S. secretary of transportation (2021–2025), former mayor of South Bend, Indiana (2012–2020), and candidate for president in 2020",2026,Governor,MI,buttigieg p,4,0,1
,DEM,Dan Kildee,former U.S. representative from Michigan's 8th congressional district (2013–2025),2026,Governor,MI,kildee d,4,1,0
,DEM,Mallory McMorrow,state senator from the 8th district (2019–present)  ( ran for U.S. Senate ),2026,Governor,MI,mcmorrow m,2,1,0
,DEM,Gary Peters,U.S. senator (2015–present),2026,Governor,MI,peters g,4,1,0
,REP,Mike Cox,former Michigan Attorney General (2003–2011) and candidate for governor in 2010,2026,Governor,MI,cox m,3,0,1
,REP,John James,U.S. representative from Michigan's 10th congressional district (2023–present) and nominee for U.S. Senate in 2018 and 2020,2026,Governor,MI,james j,4,1,1
,REP,Perry Johnson,"businessman, candidate for governor in 2022 , and candidate for president in 2024",2026,Governor,MI,johnson p,0,0,1
,REP,2022,"h Rebandt, pastor and candidate for governor in 2022",2026,Governor,MI,,0,0,1
,REP,National Guard,trepreneur and former member of the National Guard,2026,Governor,MI,guard n,0,0,0
,REP,Michigan's 8th congressional district,idate for Michigan's 8th congressional district in 2024 ( switched to Libertarian convention ),2026,Governor,MI,district m,0,0,0
,REP,Tom Leonard,"former speaker of the Michigan House of Representatives (2017–2019) from the 93rd district (2013–2019), nominee for attorney general in 2018 and candidate in 2022 (endorsed James)",2026,Governor,MI,leonard t,2,1,1
,REP,Aric Nesbitt,minority leader of the Michigan Senate (2023–present) from 20th district (2019–present) (remains on ballot; endorsed James),2026,Governor,MI,nesbitt a,0,1,0
,REP,Tudor Dixon,conservative media personality and nominee for governor in 2022,2026,Governor,MI,dixon t,0,0,1
,IND,[ 96 ],"Wagner, political organizer (previously ran as a Republican)",2026,Governor,MI,,0,0,0
,IND,Mike Duggan,former mayor of Detroit (2014–2026),2026,Governor,MI,duggan m,1,0,0
,DEM,[ 4 ],"venstad, public safety specialist   Running mate: Jason Haarsager",2026,Governor,MN,,0,0,0
,DEM,Amy Klobuchar,"U.S. senator (2007–present)  Running mate: Ben Schierer, former mayor of Fergus Falls (2017–2025)  (initially ran for state auditor )",2026,Governor,MN,klobuchar a,4,1,0
,DEM,Fergus Falls,": Ben Schierer, former mayor of Fergus Falls (2017–2025)  (initially ran for state auditor )",2026,Governor,MN,falls f,3,0,0
,DEM,Tim Walz,"incumbent governor (2019–present), Democratic nominee for vice president of the United States in 2024 , and former U.S. representative from MN-01 (2007–2019)",2026,Governor,MN,walz t,4,1,1
,DEM,MN-01,"DeVoe, bookstore owner and candidate for MN-01 in 2022",2026,Governor,MN,mn,0,0,1
,DEM,Angie Craig,"U.S. representative from MN-02 (2019–present) ( running for U.S. Senate , endorsed Klobuchar)",2026,Governor,MN,craig a,4,1,0
,DEM,Keith Ellison,attorney general of Minnesota (2019–present) ( running for re-election ),2026,Governor,MN,ellison k,3,1,0
,DEM,Peggy Flanagan,"Lieutenant Governor of Minnesota (2019–present) ( running for U.S. Senate , endorsed Klobuchar)",2026,Governor,MN,flanagan p,3,1,0
,DEM,Dean Phillips,former U.S. representative from MN-03 (2019–2025) and candidate for president in 2024,2026,Governor,MN,phillips d,4,1,1
,DEM,Steve Simon,secretary of state of Minnesota (2015–present) ( running for re-election ),2026,Governor,MN,simon s,3,1,0
,DEM,Tina Smith,U.S. senator (2018–present),2026,Governor,MN,smith t,4,1,0
,REP,[ 6 ],"Blue, perennial candidate   Running mate: Andrew Maass",2026,Governor,MN,,0,0,0
,REP,Lisa Demuth,"speaker of the Minnesota House of Representatives (2025–present) from district 13A (2019–present)  Running mate: Ryan Wilson, attorney and nominee for State Auditor in 2022",2026,Governor,MN,demuth l,2,1,1
,REP,Mike Lindell,"founder and CEO of My Pillow and candidate for RNC chair in 2023  Running mate: Phillip Parrish, retired Naval intelligence officer, teacher, and school administrator",2026,Governor,MN,lindell m,0,0,1
,REP,Minnesota's 3rd congressional district,"executive, nominee for Minnesota's 3rd congressional district in 2020 , and candidate for governor in 2022  Running mate: Brian Nicholson, construction firm chief executive",2026,Governor,MN,district m,0,0,1
,REP,State Auditor,"Ryan Wilson, attorney and nominee for State Auditor in 2022",2026,Governor,MN,auditor s,0,0,1
,REP,Peggy Bennett,state representative from district 23A (2015–present) ( withdrew after her running mate dropped out ),2026,Governor,MN,bennett p,2,1,0
,REP,Scott Jensen,former state senator from the 47th district (2017–2021) and nominee for governor in 2022 ( running for state auditor ),2026,Governor,MN,jensen s,2,0,1
,REP,St. Cloud,"son, former St. Cloud city councilor (2010–2018) [ a ]",2026,Governor,MN,cloud s,1,0,0
,REP,Kristin Robbins,state representative from district 37A (2019–present),2026,Governor,MN,robbins k,2,1,0
,REP,Zach Duckworth,state senator from the 57th district (2021–present) ( running for re-election ),2026,Governor,MN,duckworth z,2,1,0
,REP,Tom Emmer,U.S. representative from Minnesota's 6th congressional district (2015–present) and nominee for governor in 2010,2026,Governor,MN,emmer t,4,1,1
,REP,Pete Stauber,U.S. representative from Minnesota's 8th congressional district (2019–present),2026,Governor,MN,stauber p,4,1,0
,REP,Tim Pawlenty,former governor of Minnesota (2003–2011),2026,Governor,MN,pawlenty t,3,0,0
,IND,Green,"Young, member of the Minneapolis Food Council, attorney, and veteran ( Green )    Running mate: Jane Kirby, retired midwife and animal rights activist",2026,Governor,MN,green,0,0,0
,IND,Running mate: Jane Kirby,retired midwife and animal rights activist,2026,Governor,MN,kirby r,0,0,0
,IND,Brad Kohler,retired mixed martial arts fighter ( previously registered as a Republican ),2026,Governor,MN,kohler b,0,0,0
,IND,Grassroots-LC,"on, Grassroots-LC nominee for governor in 2022",2026,Governor,MN,lc g,0,0,1
,IND,[ 90 ],"ewcome, entrepreneur and business consultant",2026,Governor,MN,,0,0,0
,REP,Kelly Ayotte,incumbent governor (2025–present),2026,Governor,NH,ayotte k,3,1,0
,REP,2024,"n Fife, farmer and candidate for governor in 2024",2026,Governor,NH,,0,0,1
,REP,Dan Innis,"state senator (2016–2018, 2022–present), candidate for New Hampshire's 1st congressional district in 2014 , and previous candidate for U.S. Senate in 2026 ( running for re-election )",2026,Governor,NH,innis d,2,1,1
,DEM,Cinde Warmington,former New Hampshire Executive Councilor (2021–2025) and candidate for governor in 2024,2026,Governor,NH,warmington c,0,0,1
,DEM,Newmarket,former Newmarket town councilor and 2024 gubernatorial candidate (running as an independent),2026,Governor,NH,newmarket,0,0,0
,DEM,Hampton,"h Beriont, Hampton selectwoman ( Running for Congress )",2026,Governor,NH,hampton,0,0,0
,DEM,Donovan Fenton,state senator from the 10th district (2022–present),2026,Governor,NH,fenton d,2,1,0
,DEM,mayor,"an McEachern, mayor of Portsmouth (2022–present)",2026,Governor,NH,mayor,1,1,0
,DEM,Andru Volinsky,former New Hampshire Executive Councilor (2017–2021) and candidate for governor in 2020,2026,Governor,NH,volinsky a,0,0,1
,DEM,John Lynch,"iams, healthcare executive and daughter of former governor John Lynch",2026,Governor,NH,lynch j,3,0,0
,IND,Newmarket,"(Independent), former Newmarket town councilor and Democratic candidate for governor in 2024  [ b ]",2026,Governor,NH,newmarket,0,0,1
,IND,Libertarian,"lee ( Libertarian ), software developer and nominee for governor in 2024",2026,Governor,NH,libertarian,0,0,1
,DEM,Deb Haaland,"former U.S. secretary of the interior (2021–2025), former U.S. representative from New Mexico's 1st congressional district (2019–2021), and nominee for lieutenant governor in 2014",2026,Governor,NM,haaland d,4,1,1
,DEM,Ken Miyagishima,former mayor of Las Cruces (2007–2023) (running as an independent),2026,Governor,NM,miyagishima k,1,0,0
,DEM,Teresa Leger Fernandez,U.S. representative from New Mexico's 3rd congressional district (2021–present)  (endorsed Haaland),2026,Governor,NM,fernandez t,4,1,0
,DEM,Martin Heinrich,U.S. senator from New Mexico (2013–present),2026,Governor,NM,heinrich m,4,1,0
,DEM,Howie Morales,lieutenant governor of New Mexico (2019–present),2026,Governor,NM,morales h,3,1,0
,DEM,Raúl Torrez,attorney general of New Mexico (2023–present) ( running for re-election ),2026,Governor,NM,torrez r,3,1,0
,DEM,Stephanie Garcia Richard,New Mexico Commissioner of Public Lands (2019–present),2026,Governor,NM,richard s,3,1,0
,DEM,Leo Jaramillo,state senator from the 5th district (2021–present),2026,Governor,NM,jaramillo l,2,1,0
,DEM,Harold Pope Jr.,state senator from the 23rd district (2021–present) and runner-up in original primary election,2026,Governor,NM,pope h,2,1,0
,DEM,Antonia Roybal-Mack,attorney,2026,Governor,NM,mack a,0,0,0
,DEM,[ 50 ],"Smith, former New Mexico Secretary of Veterans Services",2026,Governor,NM,,0,0,0
,DEM,Maggie Toulouse Oliver,New Mexico Secretary of State (2016–present)  (withdrew on June 18),2026,Governor,NM,oliver m,3,1,0
,DEM,Loving,"Lee Onsurez, Loving village councilor",2026,Governor,NM,loving,0,0,0
,REP,Gregg Hull,mayor of Rio Rancho (2014–present),2026,Governor,NM,hull g,1,1,0
,REP,New Mexico Public Regulation Commissioner,ulation Commissioner (2023–2024) ( running for state treasurer ),2026,Governor,NM,commissioner n,3,0,0
,REP,[ 62 ],"a Robertson, fitness instructor",2026,Governor,NM,,0,0,0
,REP,Steve Lanier,state senator from the 2nd district (2025–present),2026,Governor,NM,lanier s,2,1,0
,REP,John Block,state representative from the 51st district (2023–present),2026,Governor,NM,block j,2,1,0
,REP,Crystal Brantley,state senator from the 35th district (2021–present),2026,Governor,NM,brantley c,2,1,0
,REP,Bridgewater Associates,"CFO of Bridgewater Associates , daughter of former U.S. Senator Pete Domenici , and nominee for U.S. Senate in 2024",2026,Governor,NM,associates b,4,0,1
,REP,Mark Murphy,state representative from the 59th district (2025–present),2026,Governor,NM,murphy m,2,1,0
,REP,Judith Nakamura,former Chief Justice of the New Mexico Supreme Court (2017–2020),2026,Governor,NM,nakamura j,0,0,0
,REP,David Gallegos,state senator from the 41st district (2021–present),2026,Governor,NM,gallegos d,2,1,0
,IND,Ken Miyagishima,former mayor of Las Cruces (2007–2023) (previously ran as a Democrat),2026,Governor,NM,miyagishima k,1,0,0
,REP,Joe Lombardo,incumbent governor (2023–present),2026,Governor,NV,lombardo j,3,1,0
,DEM,Aaron Ford,Nevada attorney general (2019–present),2026,Governor,NV,ford a,3,1,0
,DEM,Sandra Jauregui,majority leader of the Nevada Assembly (2023–present) from the 41st district (2016–present)  ( running for lieutenant governor ; endorsed Ford),2026,Governor,NV,jauregui s,3,1,0
,DEM,Steve Yeager,speaker of the Nevada Assembly (2022–present) from the 9th district (2016–present),2026,Governor,NV,yeager s,0,1,0
,IND,Lyon county,yon county deputy sheriff,2026,Governor,NV,county l,1,0,0
,IND,Nevada State Board of Education,vada State Board of Education,2026,Governor,NV,education n,0,0,0
,IND,[ 34 ],"Rheinhart, perennial candidate",2026,Governor,NV,,0,0,0
,DEM,Kathy Hochul,"governor of New York (2021–present)  Running mate: Adrienne Adams , former speaker of the New York City Council (2022–2025) from the 28th district (2017–2025) and candidate for mayor of New York City in 2025",2026,Governor,NY,hochul k,3,1,1
,DEM,Adrienne Adams,"Adrienne Adams , former speaker of the New York City Council (2022–2025) from the 28th district (2017–2025) and candidate for mayor of New York City in 2025",2026,Governor,NY,adams a,1,0,1
,DEM,Antonio Delgado,"lieutenant governor of New York (2022–present)  Running mate: India Walton , community organizer and nominee for mayor of Buffalo in 2021",2026,Governor,NY,delgado a,3,1,1
,DEM,India Walton,": India Walton , community organizer and nominee for mayor of Buffalo in 2021",2026,Governor,NY,walton i,0,0,1
,DEM,Letitia James,attorney general of New York (2019–present) ( running for re-election ; endorsed Hochul),2026,Governor,NY,james l,3,1,0
,DEM,Tom Suozzi,"U.S. representative from New York's 3rd congressional district (2017–2023, 2024–present) and candidate for governor in 2006 and 2022  ( running for re-election , endorsed Hochul)",2026,Governor,NY,suozzi t,4,1,1
,DEM,Ritchie Torres,U.S. representative from New York's 15th congressional district (2021–present)  ( running for re-election ; endorsed Hochul),2026,Governor,NY,torres r,4,1,0
,REP,Bruce Blakeman,"Nassau County executive (2021–present)  Running mate: Todd Hood, Madison County sheriff (2018–present)",2026,Governor,NY,blakeman b,1,1,0
,REP,Madison County,"Todd Hood, Madison County sheriff (2018–present)",2026,Governor,NY,county m,1,1,0
,REP,Larry Sharpe,"business training company founder and perennial candidate   Running mate: Mike Carpinelli, Lewis County sheriff (2006–present)",2026,Governor,NY,sharpe l,1,1,0
,REP,[ 100 ],"n, union leader",2026,Governor,NY,,0,0,0
,REP,Lewis County,": Mike Carpinelli, Lewis County sheriff (2006–present)",2026,Governor,NY,county l,1,1,0
,REP,Bethany,"de Jr., town supervisor of Bethany",2026,Governor,NY,bethany,0,0,0
,REP,Elise Stefanik,U.S. representative from New York's 21st congressional district (2015–present),2026,Governor,NY,stefanik e,4,1,0
,REP,Mike Lawler,"U.S. representative from New York's 17th congressional district (2023–present) ( running for re-election , endorsed Stefanik)",2026,Governor,NY,lawler m,4,1,0
,IND,Prohibition,"keley ( Prohibition ), chair of the Prohibition Party of New York (write-in)",2026,Governor,NY,prohibition,0,0,0
,IND,Larry Sharpe,"( Libertarian ), business training company founder and perennial candidate",2026,Governor,NY,sharpe l,0,0,0
,IND,[ 139 ],"ttstein (Independent), conservative activist",2026,Governor,NY,,0,0,0
,REP,Vivek Ramaswamy,"founder of Roivant Sciences and candidate for president in 2024  Running mate: Rob McColley , president of the Ohio Senate (2025–present) from the 1st district (2017–present)",2026,Governor,OH,ramaswamy v,0,1,1
,REP,Rob McColley,": Rob McColley , president of the Ohio Senate (2025–present) from the 1st district (2017–present)",2026,Governor,OH,mccolley r,0,1,0
,REP,Buckeye Institute,r director of the Buckeye Institute,2026,Governor,OH,institute b,0,0,0
,REP,Robert Sprague,"Ohio state treasurer (2019–present) (endorsed Ramaswamy, running for secretary of state )",2026,Governor,OH,sprague r,3,1,0
,REP,Dave Yost,Ohio attorney general (2019–2026) and former Ohio state auditor (2011–2019),2026,Governor,OH,yost d,3,0,0
,REP,Warren Davidson,"U.S. representative from Ohio's 8th congressional district (2016–present) (endorsed Ramaswamy,  , running for re-election )",2026,Governor,OH,davidson w,4,1,0
,REP,Jon Husted,"U.S. senator (2025–present), former lieutenant governor (2019–2025), and candidate for governor in 2018  ( endorsed Ramaswamy,  running for U.S. Senate )",2026,Governor,OH,husted j,4,1,1
,REP,Frank LaRose,"Ohio secretary of state (2019–present) and candidate for U.S. Senate in 2024 (endorsed Ramaswamy,  running for state auditor )",2026,Governor,OH,larose f,3,1,1
,REP,Jim Tressel,lieutenant governor of Ohio (2025–present),2026,Governor,OH,tressel j,3,1,0
,DEM,Amy Acton,"former director of the Ohio Department of Health (2019–2020)   Running mate: David Pepper , former chair of Ohio Democratic Party (2015–2020), former Hamilton County commissioner (2007–2011), nominee for state auditor in 2010 , and nominee for attorney general in 2014",2026,Governor,OH,acton a,1,0,1
,DEM,David Pepper,": David Pepper , former chair of Ohio Democratic Party (2015–2020), former Hamilton County commissioner (2007–2011), nominee for state auditor in 2010 , and nominee for attorney general in 2014",2026,Governor,OH,pepper d,1,0,1
,DEM,Sherrod Brown,"former U.S. senator (2007–2025) ( running for U.S. Senate , endorsed Acton)",2026,Governor,OH,brown s,4,0,0
,DEM,Greg Landsman,U.S. representative from Ohio's 1st congressional district (2023–present) ( running for re-election ),2026,Governor,OH,landsman g,4,1,0
,DEM,Allison Russo,former minority leader of the Ohio House of Representatives (2022–2025) and nominee for Ohio's 15th congressional district in the 2021 special election  ( running for Secretary of State ),2026,Governor,OH,russo a,0,1,1
,DEM,Tim Ryan,"former U.S. representative (2003–2023), nominee for U.S. Senate in 2022 , and candidate for president in 2020",2026,Governor,OH,ryan t,4,1,1
,DEM,Emilia Sykes,U.S. representative from Ohio's 13th congressional district (2023–present) ( running for re-election ),2026,Governor,OH,sykes e,4,1,0
,DEM,Ohio's 5th congressional district,"perator, nominee for Ohio's 5th congressional district in 2018 , and nominee for U.S. Senate in 2024  Running mate: James Mills",2026,Governor,OH,district o,0,0,1
,REP,G. T. Bynum,former Mayor of Tulsa (2016–2024),2026,Governor,OK,bynum g,1,0,0
,REP,Kevin Hern,U.S. representative from Oklahoma's 1st congressional district (2018–present) ( running for U.S. Senate ),2026,Governor,OK,hern k,4,1,0
,REP,James Lankford,U.S. Senator (2015–present),2026,Governor,OK,lankford j,4,1,0
,REP,Matt Pinnell,Lieutenant Governor of Oklahoma (2019–present),2026,Governor,OK,pinnell m,3,1,0
,DEM,Cyndi Munson,minority leader of the Oklahoma House of Representatives (2022–present) from the 85th district (2015–present),2026,Governor,OK,munson c,0,1,0
,IND,[ 14 ],"Brooks Sr., farmer",2026,Governor,OK,,0,0,0
,IND,Tulsa school board,mer Tulsa school board member,2026,Governor,OK,board t,1,0,0
,DEM,Tina Kotek,incumbent governor (2023–present),2026,Governor,OR,kotek t,3,1,0
,REP,Christine Drazan,"state senator (2025–present), former minority leader of the Oregon House of Representatives (2019–2021, 2025) and nominee for governor in 2022",2026,Governor,OR,drazan c,2,1,1
,DEM,Josh Shapiro,incumbent governor (2023–present),2026,Governor,PA,shapiro j,3,1,0
,DEM,Bob Casey Jr.,former U.S. senator (2007–2025),2026,Governor,PA,casey b,4,0,0
,DEM,Austin Davis,incumbent lieutenant governor (2023–present),2026,Governor,PA,davis a,3,1,0
,REP,Stacy Garrity,Pennsylvania state treasurer (2021–present),2026,Governor,PA,garrity s,3,1,0
,REP,Mutual UFO Network,r Pennsylvania director for the Mutual UFO Network and perennial candidate (running for lieutenant governor),2026,Governor,PA,network m,3,0,0
,REP,Scott Martin,state senator from SD-13 (2017–present) and candidate for governor in 2022  (endorsed Garrity),2026,Governor,PA,martin s,2,1,1
,REP,Doug Mastriano,state senator from SD-33 (2019–present) and nominee for governor in 2022,2026,Governor,PA,mastriano d,2,1,1
,REP,Dan Meuser,"U.S. representative from PA-09 (2019–present) ( running for re-election , endorsed Garrity)",2026,Governor,PA,meuser d,4,1,0
,REP,Dave Sunday,Pennsylvania attorney general (2025–present)  (endorsed Garrity),2026,Governor,PA,sunday d,3,1,0
,REP,Glenn Thompson,"U.S. representative from PA-15 (2009–present)  ( running for re-election , endorsed Garrity)",2026,Governor,PA,thompson g,4,1,0
,REP,Mike Turzai,former speaker of the Pennsylvania House of Representatives (2015–2020) from HD-28 (2001–2020),2026,Governor,PA,turzai m,2,1,0
,REP,Allegheny County,air of the Allegheny County Republican Party and candidate for governor in 2022,2026,Governor,PA,county a,0,0,1
,REP,Cris Dush,state senator from SD-25 (2021–present) (endorsed Richey),2026,Governor,PA,dush c,2,1,0
,REP,[ 49 ],"Thomas, businessman",2026,Governor,PA,,0,0,0
,REP,Montgomery County,gomery County Commissioner,2026,Governor,PA,county m,1,0,0
,REP,Lancaster,"ra, former Lancaster home rule commissioner and Green Party candidate for mayor in 2017 and 2025",2026,Governor,PA,lancaster,0,0,1
,REP,Constitution Party,chair of the Constitution Party and Erie County attorney,2026,Governor,PA,party c,1,0,0
,REP,Lawrence County,hair of the Lawrence County Constitution Party,2026,Governor,PA,county l,0,0,0
,DEM,Helena Foulkes,"former CVS executive, niece of former U.S. senator Chris Dodd , and candidate for governor in 2022",2026,Governor,RI,foulkes h,4,0,1
,DEM,[ 3 ],"regersen, librarian",2026,Governor,RI,,0,0,0
,DEM,Dan McKee,incumbent governor (2021–present),2026,Governor,RI,mckee d,3,1,0
,DEM,Gregg Amore,Rhode Island Secretary of State (2023–present) ( running for re-election ),2026,Governor,RI,amore g,3,1,0
,DEM,Alana DiMario,state senator from the 36th district (2021–present),2026,Governor,RI,dimario a,2,1,0
,DEM,Sabina Matos,"lieutenant governor of Rhode Island (2021–present) ( running for re-election , endorsed McKee)",2026,Governor,RI,matos s,3,1,0
,DEM,Peter Neronha,Rhode Island Attorney General (2019–present) (endorsed Foulkes),2026,Governor,RI,neronha p,3,1,0
,DEM,Joe Shekarchi,Speaker of the Rhode Island House of Representatives (2021–present) from the 23rd district (2013–present),2026,Governor,RI,shekarchi j,2,1,0
,REP,Warwick,"uckian, former chair of the Warwick Sewer Authority and nominee for lieutenant governor in 2022",2026,Governor,RI,warwick,0,0,1
,REP,[ 35 ],"Pelino, former actress and model",2026,Governor,RI,,0,0,0
,REP,Gina Raimondo,"do, businessman and cousin of former Democratic Governor Gina Raimondo",2026,Governor,RI,raimondo g,3,0,0
,REP,Jessica de la Cruz,minority leader of the Rhode Island Senate (2022–present) from the 23rd district (2019–present) ( running for re-election ),2026,Governor,RI,cruz j,0,1,0
,REP,Kenneth Hopkins,mayor of Cranston (2021–present),2026,Governor,RI,hopkins k,1,1,0
,IND,Ken Block,"founder of the Moderate Party of Rhode Island , Moderate Party nominee for governor in 2010 and Republican candidate in 2014",2026,Governor,RI,block k,0,0,1
,IND,2022,"Rianna Jr, independent candidate for governor in 2022",2026,Governor,RI,,0,0,1
,IND,Rhode Island’s 1st congressional district,y ran for Rhode Island’s 1st congressional district ),2026,Governor,RI,district r,0,0,0
,IND,Helena Foulkes,"former CVS executive, candidate for governor in 2022 , granddaughter of former U.S. senator Thomas Dodd and niece of former U.S. senator Chris Dodd  (running as a Democrat)",2026,Governor,RI,foulkes h,4,0,1
,REP,Alan Wilson,"attorney general of South Carolina (2011–present)  Running mate: Mike Reichenbach , state senator from the 31st district (2022–present)",2026,Governor,SC,wilson a,3,1,0
,REP,Mike Reichenbach,"ke Reichenbach , state senator from the 31st district (2022–present)",2026,Governor,SC,reichenbach m,2,1,0
,REP,Josh Kimbrell,"state senator from the 11th district (2020–present)  (endorsed Wilson, remained on ballot)",2026,Governor,SC,kimbrell j,2,1,0
,REP,Thomas Ravenel,"former state treasurer of South Carolina (2007), candidate for U.S. Senate in 2004 and independent candidate in 2014",2026,Governor,SC,ravenel t,3,0,1
,REP,[ 14 ],"line Hicks DuBose, bus driver ( remained on ballot)",2026,Governor,SC,,0,0,0
,REP,Mark Sanford,"former governor (2003–2011), U.S. representative for South Carolina's 1st congressional district (1995–2001, 2013–2019), and candidate for president in 2020 ( ran for congress )",2026,Governor,SC,sanford m,4,1,1
,DEM,Jermaine Johnson,state representative from the 80th district [ l ] (2020–present),2026,Governor,SC,johnson j,2,1,0
,DEM,Russell Ott,state senator from the 26th district (2024–present),2026,Governor,SC,ott r,2,1,0
,IND,South Carolina Green Party,"na Green Party ), veteran",2026,Governor,SC,party s,0,0,0
,IND,United Citizens Party,"ted Citizens Party ), Democratic candidate for SC-6 in 2022   Running mate: Candace Brewer, activist",2026,Governor,SC,party u,0,0,1
,IND,[ 100 ],"mate: Candace Brewer, activist",2026,Governor,SC,,0,0,0
,REP,Marty Jackley,"Attorney General of South Dakota (2009–2019, 2023–present)  ( running for U.S. House )",2026,Governor,SD,jackley m,3,1,0
,REP,Mike Rounds,U.S. Senator (2015–present) and former governor (2003–2011)  ( running for re-election ),2026,Governor,SD,rounds m,4,1,0
,REP,Paul TenHaken,mayor of Sioux Falls (2018–present),2026,Governor,SD,tenhaken p,1,1,0
,DEM,Dan Ahlers,"executive director of the South Dakota Democratic Party , former state senator (2008–2010), and nominee for U.S. Senate in 2020",2026,Governor,SD,ahlers d,2,0,1
,DEM,[ 49 ],"Arnold, college student",2026,Governor,SD,,0,0,0
,IND,[ 51 ],"y Sitter, HVAC installer",2026,Governor,SD,,0,0,0
,IND,South Dakota's 1st legislative district,nd Democratic candidate for South Dakota's 1st legislative district in 2018,2026,Governor,SD,district s,0,0,1
,IND,mayor of Sioux Falls,ayor of Sioux Falls (1974–1984) and candidate for state senate in 2020,2026,Governor,SD,falls m,0,0,1
,REP,Marsha Blackburn,U.S. senator (2019–present),2026,Governor,TN,blackburn m,4,1,0
,REP,Monty Fritts,state representative from the 32nd district (2023–present),2026,Governor,TN,fritts m,2,1,0
,REP,John Rose,U.S. representative from Tennessee's 6th congressional district (2019–present),2026,Governor,TN,rose j,4,1,0
,REP,Mark Green,former U.S. representative from Tennessee's 7th congressional district (2019–2025),2026,Governor,TN,green m,4,1,0
,REP,Bill Hagerty,U.S. senator (2021–present) ( running for re-election ),2026,Governor,TN,hagerty b,4,1,0
,REP,Tre Hargett,secretary of state of Tennessee (2009–present),2026,Governor,TN,hargett t,3,1,0
,REP,Diana Harshbarger,U.S. representative from Tennessee's 1st congressional district (2021–present)  ( running for re-election ),2026,Governor,TN,harshbarger d,4,1,0
,REP,Pete Hegseth,United States Secretary of Defense (2025–present),2026,Governor,TN,hegseth p,4,1,0
,REP,Glenn Jacobs,mayor of Knox County (2018–present) (endorsed Blackburn),2026,Governor,TN,jacobs g,1,1,0
,REP,[ 11 ],"McWhorter, Tennessee Commissioner of Economic & Community Development (2022–present)",2026,Governor,TN,,3,1,0
,REP,Barry Wilmore,retired NASA astronaut and United States Navy test pilot,2026,Governor,TN,wilmore b,0,0,0
,DEM,governor,"Atwater, museum president, candidate for governor in 2022 , and candidate for mayor of Memphis in 2023",2026,Governor,TN,governor,0,0,1
,DEM,[ 45 ],"r, home repair business owner",2026,Governor,TN,,0,0,0
,DEM,Memphis city councilor,ity councilor from the 2nd district (2024–present),2026,Governor,TN,councilor m,0,1,0
,DEM,Steve Cohen,U.S. representative from Tennessee's 9th congressional district (2007–present),2026,Governor,TN,cohen s,4,1,0
,IND,[ 57 ],"Hatley, businessman",2026,Governor,TN,,0,0,0
,IND,Lipscomb University,rmer Lipscomb University professor,2026,Governor,TN,university l,0,0,0
,REP,Greg Abbott,incumbent governor (2015–present),2026,Governor,TX,abbott g,3,1,0
,DEM,Gina Hinojosa,state representative from the 49th district (2017–present),2026,Governor,TX,hinojosa g,2,1,0
,DEM,Bay City,"es, Bay City councilor ( running for Land Commissioner , endorsed Hinojosa)",2026,Governor,TX,city b,1,0,0
,DEM,Denton County,marine veteran ( running for Denton County Judge),2026,Governor,TX,county d,1,0,0
,DEM,Mark White,"te, son of former governor Mark White , and candidate for governor in 2018 (endorsed Hinojosa)",2026,Governor,TX,white m,3,0,1
,DEM,Jasmine Crockett,"U.S. representative from Texas's 30th congressional district (2023–present) ( ran for U.S. Senate , endorsed Hinojosa)",2026,Governor,TX,crockett j,4,1,0
,DEM,Veronica Escobar,"U.S. representative from Texas's 16th congressional district (2019–present) ( running for re-election , endorsed Hinojosa)",2026,Governor,TX,escobar v,4,1,0
,DEM,Clay Jenkins,Dallas County Judge [ d ] (2011–present),2026,Governor,TX,jenkins c,1,1,0
,DEM,Beto O'Rourke,"former U.S. representative from Texas's 16th congressional district (2013–2019), nominee for governor in 2022 , nominee for U.S. Senate in 2018 , and candidate for president in 2020",2026,Governor,TX,rourke b,4,1,1
,DEM,Ron Nirenberg,former mayor of San Antonio (2017–2025) ( running for Bexar County Judge),2026,Governor,TX,nirenberg r,1,0,0
,IND,Libertarian,"Libertarian ), former chair of the Libertarian Party of Texas",2026,Governor,TX,libertarian,0,0,0
,IND,Matthew McConaughey,actor,2026,Governor,TX,mcconaughey m,0,0,0
,REP,Phil Scott,incumbent governor,2026,Governor,VT,scott p,3,0,0
,REP,John S. Rodgers,lieutenant governor of Vermont (2025-present) ( running for re-election ),2026,Governor,VT,rodgers j,3,1,0
,DEM,[ 9 ],"a Janoo, economist",2026,Governor,VT,,0,0,0
,DEM,Coventry,"Wilson, Coventry Emergency Management Director",2026,Governor,VT,coventry,0,0,0
,DEM,Charity Clark,Vermont attorney general (2023–present)   ( running for re-election ),2026,Governor,VT,clark c,3,1,0
,DEM,Mike Pieciak,Vermont state treasurer (2023–present)  ( running for re-election ),2026,Governor,VT,pieciak m,3,1,0
,DEM,Mandela Barnes,former lieutenant governor (2019–2023) and nominee for U.S. Senate in 2022,2026,Governor,WI,barnes m,3,0,1
,DEM,Joel Brennan,former secretary of the Wisconsin Department of Administration (2019–2022),2026,Governor,WI,brennan j,0,0,0
,DEM,Francesca Hong,state representative from the 76th district (2021–present),2026,Governor,WI,hong f,2,1,0
,DEM,Kelda Roys,"state senator from the 26th district (2021–present), candidate for Wisconsin's 2nd congressional district in 2012 , and candidate for governor in 2018",2026,Governor,WI,roys k,2,1,1
,DEM,David Crowley,Milwaukee County Executive (2020–present) (remains on ballot; endorsed Rodriguez),2026,Governor,WI,crowley d,1,1,0
,DEM,Missy Hughes,former CEO of the Wisconsin Economic Development Corporation (2019–2025) (remains on ballot; endorsed Rodriguez),2026,Governor,WI,hughes m,0,0,0
,DEM,Oshkosh Defense,shkosh Defense assembler  (ran for Winnebago County Board of Supervisors),2026,Governor,WI,defense o,0,0,0
,DEM,Sara Rodriguez,lieutenant governor (2023–present) (remains on ballot),2026,Governor,WI,rodriguez s,3,1,0
,DEM,[ 17 ],"trnad, stadium vendor (endorsed Crowley)",2026,Governor,WI,,0,0,0
,DEM,Brett Hulsey,former state representative from the 78th district (2011–2015) and candidate for governor in 2014,2026,Governor,WI,hulsey b,2,1,1
,DEM,Wisconsin's 84th Assembly district,nominee for Wisconsin's 84th Assembly district in 2024,2026,Governor,WI,district w,0,0,1
,DEM,Kirk Bangstad,business owner,2026,Governor,WI,bangstad k,0,0,0
,DEM,Tony Evers,incumbent governor (2019–present),2026,Governor,WI,evers t,3,1,0
,DEM,Sarah Godlewski,Wisconsin Secretary of State (2023–present) and candidate for U.S. Senate in 2022 (running for lieutenant governor),2026,Governor,WI,godlewski s,3,1,1
,DEM,Cavalier Johnson,Mayor of Milwaukee (2021–present) (endorsed Crowley),2026,Governor,WI,johnson c,1,1,0
,DEM,Josh Kaul,Attorney General of Wisconsin (2019–present) ( running for re-election ),2026,Governor,WI,kaul j,3,1,0
,DEM,Tip McGuire,state representative from the 64th district (2019–present)  ( running for re-election ),2026,Governor,WI,mcguire t,2,1,0
,DEM,Ben Wikler,former chair of the Wisconsin Democratic Party (2019–2025) and candidate for Democratic National Committee chair in 2025,2026,Governor,WI,wikler b,0,0,1
,REP,Tom Tiffany,U.S. representative for Wisconsin's 7th congressional district (2020–present),2026,Governor,WI,tiffany t,4,1,0
,REP,[ 75 ],"anske, medical service technician",2026,Governor,WI,,0,0,0
,REP,Washington County,ashington County Executive (2020–present),2026,Governor,WI,county w,1,1,0
,REP,Rohn W. Bishop,"mayor of Waupun, Wisconsin (2022 – present)",2026,Governor,WI,bishop r,1,1,0
,REP,Ron Johnson,U.S. senator (2011–present),2026,Governor,WI,johnson r,4,1,0
,REP,Mary Felzkowski,president of the Wisconsin Senate (2025–present) from the 12th district (2021–present),2026,Governor,WI,felzkowski m,0,1,0
,REP,WTMJ-TV,"Coshen, WTMJ-TV host and owner of the Janesville Jets",2026,Governor,WI,tv w,0,0,0
,REP,Michels Corporation,"er of the Michels Corporation , nominee for governor in 2022 and U.S. Senate in 2004",2026,Governor,WI,corporation m,0,0,1
,REP,Bryan Steil,U.S. representative for Wisconsin's 1st congressional district (2019–present)  ( running for re-election ; endorsed Tiffany),2026,Governor,WI,steil b,4,1,0
,REP,Tommy Thompson,"former governor (1987–2001), former U.S. Secretary of Health and Human Services (2001–2005), and nominee for U.S. Senate in 2012  (endorsed Tiffany)",2026,Governor,WI,thompson t,4,0,1
,REP,Scott Walker,former governor (2011–2019),2026,Governor,WI,walker s,3,0,0
,REP,Lancaster,"nam, former mayor of Lancaster (2016–2022) and candidate for lieutenant governor in 2022",2026,Governor,WI,lancaster,1,0,1
,REP,Wisconsin Department of Workforce Development,kforce initiatives for the Wisconsin Department of Workforce Development and candidate for lieutenant governor in 2022,2026,Governor,WI,development w,0,0,1
,REP,Wisconsin's 1st congressional district,te for Wisconsin's 1st congressional district in 2018 ( running for state senate ),2026,Governor,WI,district w,2,0,0
,REP,Cyril Sablich,college student,2026,Governor,WI,sablich c,0,0,0
,REP,Oakfield,"z, Oakfield school board member",2026,Governor,WI,oakfield,1,0,0
,IND,[ 119 ],"ing, pastor and perennial candidate",2026,Governor,WI,,0,0,0
1,REP,Barry Moore,incumbent U.S. representative ( running for U.S. senate ),2026,House,AL,moore b,4,1,0
1,REP,Mobile,"rine, former Mobile chief of police and candidate for mayor of Mobile in 2025  (ran for Mobile County sheriff)",2026,House,AL,mobile,0,0,1
1,REP,Rick Rehm,state representative from the 85th district (2022–present) ( running for reelection ),2026,House,AL,rehm r,2,1,0
1,REP,[ 44 ],"Burger, real estate agent",2026,House,AL,,0,0,0
1,REP,Jerry Carl,former U.S. representative (2021–2025) and nominee in the May primary election,2026,House,AL,carl j,4,1,0
1,DEM,[ 44 ],"Jones, community organizer and nominee in the May primary election",2026,House,AL,,0,0,0
1,DEM,Shomari Figures,incumbent U.S. representative from the 2nd district ( running for reelection in the 2nd district ),2026,House,AL,figures s,4,1,0
2,DEM,Shomari Figures,incumbent U.S. representative,2026,House,AL,figures s,4,1,0
2,REP,[ 63 ],"n Harris, small business owner and nominee in the May primary election",2026,House,AL,,0,0,0
2,REP,United States Department of Agriculture,partment of Agriculture official,2026,House,AL,agriculture u,0,0,0
2,REP,Rhett Marques,state representative from the 91st district (2018–present) and candidate for the 1st district in the May primary,2026,House,AL,marques r,2,1,1
2,REP,DARPA,"a McKee, retired DARPA contractor and candidate for the 1st district in the May primary election",2026,House,AL,darpa,0,0,1
5,REP,Mo Brooks,former U.S. representative (2011–2023) and candidate for U.S. Senate in 2017 and 2022 ( ran for state house ),2026,House,AL,brooks m,4,1,1
5,DEM,[ 93 ],"oward, podcaster",2026,House,AL,,0,0,0
6,DEM,2024,"abeth Anderson, businesswoman and nominee for this district in 2024",2026,House,AL,,0,0,1
6,REP,[ 103 ],"xon, physical therapist assistant and candidate in the May primary election",2026,House,AL,,0,0,0
6,REP,Gary Palmer,incumbent U.S. representative,2026,House,AL,palmer g,4,1,0
6,DEM,Pelham,"e Mercer, former Pelham City Council President",2026,House,AL,pelham,1,0,0
7,DEM,Terri Sewell,incumbent U.S. representative,2026,House,AL,sewell t,4,1,0
7,REP,[ 44 ],"Akin, educator",2026,House,AL,,0,0,0
7,REP,state board of education,the state board of education 's 5th district in 2024,2026,House,AL,education s,0,0,0
1,REP,Joseph Chaplik,former state representative from the 3rd district (2021–2026),2026,House,AZ,chaplik j,2,1,0
1,REP,Jay Feely,CBS Sports analyst and former Arizona Cardinals football player  (previously ran in the 5th district),2026,House,AZ,feely j,0,0,0
1,REP,[ 7 ],"Trobough, businessman",2026,House,AZ,,0,0,0
1,REP,David Schweikert,incumbent U.S. representative ( running for governor ),2026,House,AZ,schweikert d,4,1,0
1,REP,Gina Swoboda,former chair of the Arizona Republican Party (2024–2026) ( running for Secretary of State ),2026,House,AZ,swoboda g,3,0,0
1,REP,Shawnna Bolick,state senator from the 2nd district (2023–present) and candidate for Secretary of State of Arizona in 2022 ( running for reelection ),2026,House,AZ,bolick s,2,1,1
1,REP,Maricopa County Board of Supervisors,County Board of Supervisors from the 2nd district,2026,House,AZ,supervisors m,0,0,0
1,REP,Alexander Kolodin,"state representative from the 3rd district (2023–present) ( running for secretary of state , endorsed Chaplik)",2026,House,AZ,kolodin a,3,1,0
1,REP,Arizona Republican Party,easurer of the Arizona Republican Party and candidate for this district in 2022 ( running for state treasurer ),2026,House,AZ,party a,0,0,1
1,REP,Danica Patrick,former professional racing driver (endorsed Feely),2026,House,AZ,patrick d,0,0,0
1,REP,Michelle Ugenti-Rita,"former state senator from the 23rd district (2019–2023), candidate for Secretary of State of Arizona in 2022 , and candidate for Maricopa County Board of Supervisors in 2024 (endorsed Chaplik)",2026,House,AZ,rita m,2,0,1
1,REP,Jim Waring,Phoenix city councilor from the 2nd district (2011–present),2026,House,AZ,waring j,1,1,0
1,REP,Carine Werner,state senator from the 4th district (2025–present),2026,House,AZ,werner c,2,1,0
1,DEM,KSAZ-TV,"Galán-Woods, former KSAZ-TV news anchor, widow of former Republican Arizona Attorney General Grant Woods , and candidate for this district in 2024",2026,House,AZ,tv k,3,0,1
1,DEM,[ 27 ],"cCartney, media firm owner",2026,House,AZ,,0,0,0
1,DEM,Amish Shah,former state representative from the 5th district (2019–2024) and nominee for this district in 2024,2026,House,AZ,shah a,2,1,1
1,DEM,158th Infantry Regiment,nce officer in the 158th Infantry Regiment and son of former Republican U.S. senator John McCain,2026,House,AZ,regiment t,4,0,0
1,IND,Libertarian Party,etired business writer ( Libertarian Party ),2026,House,AZ,party l,0,0,0
1,IND,Green Party,"y, educator ( Green Party )",2026,House,AZ,party g,0,0,0
2,DEM,2024,"d Alexander, retired national guardsman and write-in candidate for this district in 2024",2026,House,AZ,,0,0,1
2,DEM,Eric Descheenie,former state representative from the 7th district (2017–2019),2026,House,AZ,descheenie e,2,1,0
4,DEM,Kai Newkirk,progressive organizer,2026,House,AZ,newkirk k,0,0,0
4,DEM,Greg Stanton,incumbent U.S. representative,2026,House,AZ,stanton g,4,1,0
4,REP,[ 96 ],"y Honer, USAF veteran and graduate student",2026,House,AZ,,0,0,0
4,IND,No Labels,"oit, healthcare professional ( No Labels )",2026,House,AZ,labels n,0,0,0
4,IND,John Fillmore,"former Republican state representative (2011–2013, 2019–2023) ( No Labels )",2026,House,AZ,fillmore j,2,1,0
5,REP,Mark Lamb,"former Pinal County Sheriff (2017–2024), and candidate for U.S. Senate in 2024",2026,House,AZ,lamb m,1,0,1
5,REP,[ 100 ],"Keenan, construction contractor",2026,House,AZ,,0,0,0
5,REP,Jay Feely,CBS Sports analyst and former Arizona Cardinals football player (running in the 1st district),2026,House,AZ,feely j,0,0,0
5,REP,Travis Grantham,former state representative from the 14th district (2017–2025) and candidate for the 4th district in 2012,2026,House,AZ,grantham t,2,1,1
5,REP,Andy Biggs,incumbent U.S. representative ( running for governor ),2026,House,AZ,biggs a,4,1,0
5,REP,Jake Hoffman,state senator from the 15th district (2023–present) and 2020 fake elector for Donald Trump (endorsed Lamb),2026,House,AZ,hoffman j,2,1,0
5,DEM,[ 116 ],"ualde, nurse practitioner and veteran",2026,House,AZ,,0,0,0
6,DEM,FBI,"nathan Buma, former FBI agent",2026,House,AZ,fbi,0,0,0
6,DEM,[ 126 ],"onat, mechanical engineer",2026,House,AZ,,0,0,0
6,DEM,University of Arizona Global Campus,t the University of Arizona Global Campus,2026,House,AZ,campus u,0,0,0
6,DEM,running for state house,performer ( running for state house ),2026,House,AZ,house r,2,0,0
6,DEM,Kirsten Engel,former state senator from the 10th district (2021) and nominee for this district in 2022 and 2024,2026,House,AZ,engel k,2,0,1
8,DEM,[ 166 ],"tte Greene-Placentia, truck driver",2026,House,AZ,,0,0,0
1,DEM,[ 7 ],"r Hanson, substitute teacher",2026,House,CO,,0,0,0
1,IND,[ 47 ],"Blau, medical doctor",2026,House,CO,,0,0,0
3,REP,Colorado House HD-54,resident of the Colorado Mesa University chapter of Turning Point USA (running for Colorado House HD-54 ),2026,House,CO,hd c,0,0,0
3,REP,Colorado Republican Party,vice chair of the Colorado Republican Party,2026,House,CO,party c,0,0,0
3,DEM,[ 78 ],"oster, barista",2026,House,CO,,0,0,0
3,DEM,Adam Frisch,former Aspen city councilor and nominee for this district in 2022 and 2024  (endorsed Romero),2026,House,CO,frisch a,1,0,1
4,DEM,special,"Calvarese, communications professional and nominee for this district in the 2024 special and regular elections",2026,House,CO,special,0,0,1
4,DEM,[ 94 ],"addox, retail worker",2026,House,CO,,0,0,0
4,IND,[ 103 ],"dhuizen, businessman",2026,House,CO,,0,0,0
5,DEM,[ 110 ],"vanaugh, author and nonprofit executive (previously ran as an independent)",2026,House,CO,,0,0,0
5,IND,[ 117 ],"worth, businessman (Libertarian)",2026,House,CO,,0,0,0
6,DEM,[ 123 ],"helby, retail sales specialist and activist",2026,House,CO,,0,0,0
7,REP,[ 136 ],"Capobianco, chief executive officer",2026,House,CO,,0,0,0
7,IND,[ 138 ],"eczkowski, technology executive",2026,House,CO,,0,0,0
8,DEM,Colorado Education Association,ident of the Colorado Education Association  (endorsed Rutinel),2026,House,CO,association c,0,0,0
8,DEM,Yadira Caraveo,former U.S. representative from this district (2023–2025),2026,House,CO,caraveo y,4,1,0
8,DEM,[ 149 ],"Hassler, small business owner",2026,House,CO,,0,0,0
8,DEM,Dave Young,Colorado State Treasurer (2019–present),2026,House,CO,young d,3,1,0
8,DEM,Adams County,"Mullica, Adams County commissioner (endorsed Bird)",2026,House,CO,county a,1,0,0
8,DEM,Kyle Mullica,state senator from the 24th district (2023–present) (endorsed Bird),2026,House,CO,mullica k,2,1,0
8,DEM,Joe Salazar,former state representative from the 31st district (2013–2019) and candidate for attorney general in 2018  (endorsed Baca-Oehlert),2026,House,CO,salazar j,2,1,1
1,DEM,Luke Bronin,former mayor of Hartford (2016–2024),2026,House,CT,bronin l,1,0,0
1,DEM,Hartford Board of Education,Hartford Board of Education,2026,House,CT,education h,0,0,0
1,DEM,Jillian Gilchrest,state representative from the 18th district (2019–present),2026,House,CT,gilchrest j,2,1,0
1,DEM,John Larson,incumbent U.S. representative,2026,House,CT,larson j,4,1,0
1,DEM,Southington,Southington town councilor,2026,House,CT,southington,0,0,0
1,REP,[ 35 ],"ai, doctor",2026,House,CT,,0,0,0
2,DEM,Joe Courtney,incumbent U.S. representative,2026,House,CT,courtney j,4,1,0
2,DEM,[ 45 ],"auck, supply chain manager",2026,House,CT,,0,0,0
2,REP,[ 53 ],"Austin, business owner",2026,House,CT,,0,0,0
2,REP,Mike France,former state representative from the 42nd district (2015–2023) and nominee for this district in 2022 and 2024 (Running for State Senate),2026,House,CT,france m,2,1,1
3,DEM,Rosa DeLauro,incumbent U.S. representative,2026,House,CT,delauro r,4,1,0
3,DEM,DSA,"rew Rice, molecular biologist and DSA member (running as an independent)",2026,House,CT,dsa,0,0,0
3,DEM,[ 57 ],"DeNoble, attorney",2026,House,CT,,0,0,0
3,REP,[ 63 ],"opher Lancia, law enforcement professional",2026,House,CT,,0,0,0
3,IND,[ 55 ],"Rice, biologist and democratic socialist activist (previously ran in the Democratic primary)",2026,House,CT,,0,0,0
4,DEM,Jim Himes,incumbent U.S. representative,2026,House,CT,himes j,4,1,0
4,DEM,[ 65 ],"Perez-Caputo, law student and community organizer (filed to run as an independent)",2026,House,CT,,0,0,0
4,REP,2024,"ael Goldstein, nominee for this district in 2024 , and candidate in 2020 and 2022",2026,House,CT,,0,0,1
4,IND,[ 69 ],"Lawrence Cerreta, cleaning service owner",2026,House,CT,,0,0,0
5,DEM,Jahana Hayes,incumbent U.S. representative,2026,House,CT,hayes j,4,1,0
5,DEM,[ 71 ],"n Taddeo-Waite, filmmaker (running as an independent)",2026,House,CT,,0,0,0
5,REP,Michele Botelho,"paralegal (Did not qualify for the primary ballot, secured 1 vote at the Republican convention)",2026,House,CT,botelho m,0,0,0
5,REP,Jonathan De Barros,"nonprofit founder (Qualifed for primary ballot by securing 48 votes at the Republican convention, passing the 15% threshold)",2026,House,CT,barros j,0,0,0
5,REP,Chris Shea,"firefighter/retired Navy Seal (CT Republican Party endorsed Chris Shea at the Republican Convention with 166 votes, qualifying for the primary ballot)",2026,House,CT,shea c,0,0,0
5,IND,[ 88 ],"n Taddeo-Waite, filmmaker (previously ran in the Democratic primary)",2026,House,CT,,0,0,0
1,REP,Navy,"las C. Chico, Navy veteran",2026,House,FL,navy,0,0,0
1,REP,Army,"Frankman, Army veteran",2026,House,FL,army,0,0,0
1,REP,Jimmy Patronis,incumbent U.S. representative,2026,House,FL,patronis j,4,1,0
1,REP,[ 6 ],"c L. Alexander, retired law enforcement executive",2026,House,FL,,0,0,0
2,REP,U.S. Senate,"veteran, former Assistant State Attorney, and candidate for U.S. Senate in 2024",2026,House,FL,senate u,0,0,1
2,REP,[ 6 ],"ones, pilot",2026,House,FL,,0,0,0
2,REP,U.S. Army,"hy, retired U.S. Army sergeant and Purple Heart recipient",2026,House,FL,army u,0,0,0
2,REP,Gulf County,Gulf County school superintendent and former field representative for congressman Allen Boyd,2026,House,FL,county g,4,1,0
2,REP,Evan Power,"Former candidate for Leon County Soil and Water Conservation District  , chair of the Republican Party of Florida (2024–present)  ,",2026,House,FL,power e,0,1,1
2,REP,Rick Scott,"ers, former general counsel to U.S. Senator Rick Scott",2026,House,FL,scott r,4,0,0
2,REP,Walton County,retired Walton County chief sheriff's deputy,2026,House,FL,county w,1,0,0
2,REP,Florida Department of Management Services,rida Department of Management Services,2026,House,FL,services f,0,0,0
2,REP,Neal Dunn,incumbent U.S. representative,2026,House,FL,dunn n,4,1,0
2,REP,Jimmy Patronis,incumbent U.S. representative from the 1st district (running for re-election),2026,House,FL,patronis j,4,1,0
2,REP,Bay County,"ue, Bay County tax collector",2026,House,FL,county b,0,0,0
2,REP,Jason Shoaf,state representative from the 7th district ( running for re-election ),2026,House,FL,shoaf j,2,1,0
2,REP,Franklin County,nklin County sheriff and Democratic candidate for Florida's 7th House of Representatives district in 2012,2026,House,FL,county f,1,1,1
2,DEM,2024,"Bailey, lawyer and nominee for this district in 2024",2026,House,FL,,0,0,1
2,DEM,Loranne Ausley,former state senator from the 3rd district (2020–2022) ( running for mayor of Tallahassee ),2026,House,FL,ausley l,2,0,0
2,DEM,Gwen Graham,former U.S. representative (2015–2017) and candidate for governor in 2018  ( running for lieutenant governor ),2026,House,FL,graham g,4,1,1
2,DEM,Al Lawson,former U.S. representative from Florida's 5th congressional district (2017–2023),2026,House,FL,lawson a,4,1,0
3,DEM,[ 6 ],"Albers, retired veteran",2026,House,FL,,0,0,0
3,IND,[ 72 ],"lein, veteran and nonprofit executive",2026,House,FL,,0,0,0
4,DEM,District of Columbia,"oway, former director in the District of Columbia Office of Documents and Administrative Issuances and nominee for this district in 2022 and 2024",2026,House,FL,columbia d,0,0,1
4,DEM,[ 78 ],"l Kirwan, attorney",2026,House,FL,,0,0,0
4,IND,[ 6 ],"Schaefer, navy veteran",2026,House,FL,,0,0,0
5,REP,[ 87 ],"aye, conservative podcaster and former radio host",2026,House,FL,,0,0,0
5,REP,John Rutherford,incumbent U.S. representative,2026,House,FL,rutherford j,4,1,0
5,DEM,HD-16,"l Grage, biomedical engineer and nominee for HD-16 in 2024",2026,House,FL,hd,0,0,1
5,DEM,[ 6 ],"Hazen, software developer",2026,House,FL,,0,0,0
6,REP,Florida's 3rd congressional district,for Florida's 3rd congressional district in 2022,2026,House,FL,district f,0,0,0
6,REP,2025,"n Baker, candidate for this district in 2025",2026,House,FL,,0,0,1
6,REP,Dan Bilzerian,influencer,2026,House,FL,bilzerian d,0,0,0
6,REP,Randy Fine,incumbent U.S. representative,2026,House,FL,fine r,4,1,0
6,REP,Palm Coast,"mbaro, Palm Coast city councilor (2024–present) and U.S. Army general officer",2026,House,FL,coast p,1,1,0
6,REP,Mike Waltz,"no, former chief of staff for U.S. representative Mike Waltz",2026,House,FL,waltz m,4,1,0
6,REP,Flagler County,agler County school board chair (running for re-election),2026,House,FL,county f,1,0,0
6,DEM,[ 6 ],"t Cooper, Marine veteran",2026,House,FL,,0,0,0
6,DEM,Brevard County,"ns, former Brevard County school board member ( previously ran for U.S. Senate ) (running in the 8th district)",2026,House,FL,county b,1,0,0
6,DEM,MGTOW,"etwally, MGTOW activist, actor, and perennial candidate",2026,House,FL,mgtow,0,0,0
7,REP,WOFL,"Elijah, former WOFL reporter",2026,House,FL,wofl,0,0,0
7,REP,[ 6 ],"Johnson, retired DOD program manager and perennial candidate",2026,House,FL,,0,0,0
7,REP,Cory Mills,incumbent U.S. representative,2026,House,FL,mills c,4,1,0
7,REP,Jay Collins,lieutenant governor of Florida (2025–present) and candidate for the 14th district in 2022  ( running for governor ),2026,House,FL,collins j,3,1,1
7,DEM,NASA,"Dalton, former NASA chief of staff",2026,House,FL,nasa,0,0,0
7,DEM,Alan Grayson,"former U.S. representative from Florida's 9th congressional district (2009–2011, 2013–2017)",2026,House,FL,grayson a,4,1,0
7,DEM,[ 143 ],"na Kinter, former nuclear reactor supervisor",2026,House,FL,,0,0,0
7,DEM,Darren Soto,incumbent U.S. representative from the 9th district (running for re-election),2026,House,FL,soto d,4,1,0
8,DEM,[ 163 ],"hock, caregiver;  and former President of the Young Democrats of Indian River,  as well as the former Representative to the General Youth Council  of The Christian Church (Disciples of Christ) in the U.S. and Canada for the Florida Region (2018-20).",2026,House,FL,,0,1,0
9,DEM,Jerry Demings,Mayor of Orange County (2018–present) and husband of former U.S. representative Val Demings  ( ran for governor ),2026,House,FL,demings j,4,1,0
9,REP,South Florida Water Management District,Water Management District governing board,2026,House,FL,district s,0,0,0
9,REP,2024,"us Carter, businessman and independent candidate for this district in 2024",2026,House,FL,,0,0,1
9,REP,Osceola,"Chalifoux, former Osceola School Board Member and nominee for this district in 2024",2026,House,FL,osceola,1,0,1
9,REP,Air Force,"ce, Air Force veteran",2026,House,FL,force a,0,0,0
9,REP,Marine Corps,commercial pilot and retired Marine Corps officer,2026,House,FL,corps m,0,0,0
9,REP,Robbie Brackett,state representative from the 34th district (2022–present) ( running for re-election ),2026,House,FL,brackett r,2,1,0
10,DEM,Jerry Demings,Mayor of Orange County (2018–present) and husband of former U.S. representative Val Demings  ( running for governor ),2026,House,FL,demings j,4,1,0
10,DEM,Darren Soto,incumbent U.S. representative from the 9th district (running for re-election),2026,House,FL,soto d,4,1,0
10,REP,[ 203 ],"Farber, physician",2026,House,FL,,0,0,0
11,REP,Carey Baker,former Lake County property appraiser,2026,House,FL,baker c,0,0,0
11,REP,[ 208 ],"azack, law professor, neurosurgeon",2026,House,FL,,0,0,0
11,REP,Anthony Sabatini,"Lake County commissioner, candidate for the 7th district in 2022 , and candidate for this district in 2024 (endorsed Baker)",2026,House,FL,sabatini a,1,0,1
11,REP,Daniel Webster,incumbent U.S. representative,2026,House,FL,webster d,4,1,0
11,DEM,[ 219 ],"ebster, coach",2026,House,FL,,0,0,0
12,DEM,Florida Air National Guard,te air surgeon for the Florida Air National Guard (previously ran in the 15th district),2026,House,FL,guard f,0,0,0
12,DEM,Hillsborough County,ormer Hillsborough County commissioner (previously ran in the 15th district),2026,House,FL,county h,1,0,0
12,DEM,CIA officer,"rry, retired CIA officer and U.S. Army veteran (running in the 15th district)",2026,House,FL,officer c,0,0,0
13,REP,[ 6 ],"Lionheart, actor",2026,House,FL,,0,0,0
13,REP,New College of Florida,w College of Florida trustee and candidate for the 16th district in 2024 (running in the 16th district),2026,House,FL,florida n,0,0,1
13,DEM,brigadier general,ed U.S. Army brigadier general,2026,House,FL,general b,0,0,0
13,DEM,[ 235 ],"Brandt Robinson, history teacher",2026,House,FL,,0,0,0
13,DEM,U.S. Army,"d, attorney and U.S. Army veteran ( running for Chief Financial Officer )",2026,House,FL,army u,0,0,0
13,DEM,running for state senate,ty consultant ( running for state senate ),2026,House,FL,senate r,2,0,0
13,DEM,Environmental Defense Fund,tor at the Environmental Defense Fund,2026,House,FL,fund e,0,0,0
14,REP,Mike Beltran,former state representative from the 70th district (2018–2024),2026,House,FL,beltran m,2,1,0
14,REP,[ 6 ],"el Marcel, former wall street analyst",2026,House,FL,,0,0,0
14,REP,U.S. Navy,"ocky"" Rochford, retired U.S. Navy captain and nominee for this district in 2024",2026,House,FL,navy u,0,0,1
14,REP,Florida's 11th congressional district,candidate for Florida's 11th congressional district in 2022,2026,House,FL,district f,0,0,1
14,REP,Kevin Steele,state representative from the 55th district (2022–present) ( previously ran for chief financial officer ),2026,House,FL,steele k,2,1,0
14,REP,Ashley Moody,former domestic policy advisor to U.S. senator Ashley Moody,2026,House,FL,moody a,4,0,0
14,REP,United States Coast Guard,ited States Coast Guard officer,2026,House,FL,guard u,0,0,0
14,REP,Florida,"don, attorney and former chair of the Florida College Republicans ( running for state representative )",2026,House,FL,florida,2,1,0
14,REP,Jay Collins,lieutenant governor of Florida (2025–present) and candidate for this district in 2022  ( running for governor ),2026,House,FL,collins j,3,1,1
14,REP,Laurel Lee,incumbent U.S. representative from the 15th district (running for re-election),2026,House,FL,lee l,4,1,0
14,REP,Anna Paulina Luna,incumbent U.S. representative from the 13th district  (running in the 13th district),2026,House,FL,luna a,4,1,0
14,REP,New College of Florida,w College of Florida trustee and candidate for the 16th district in 2024 (running in the 16th district),2026,House,FL,florida n,0,0,1
15,REP,Hernando County,Hernando County commissioner,2026,House,FL,county h,1,0,0
15,DEM,CIA officer,"rry, retired CIA officer and U.S. Army veteran (previously ran in the 12th district)",2026,House,FL,officer c,0,0,0
15,DEM,[ 286 ],"People, retired U.S. Army veteran and writer",2026,House,FL,,0,0,0
15,DEM,Florida Air National Guard,te air surgeon for the Florida Air National Guard (running in the 12th district),2026,House,FL,guard f,0,0,0
15,DEM,Hillsborough County,ormer Hillsborough County commissioner (running in the 12th district),2026,House,FL,county h,1,0,0
16,REP,New College of Florida,executive director of the New College of Florida Foundation and wife of state senator and chair of the Republican National Committee Joe Gruters,2026,House,FL,florida n,2,0,0
16,REP,Navy,"rd Pope, businessman and Navy veteran",2026,House,FL,navy,0,0,0
16,REP,2024,"Peters, business owner and candidate for the 14th district in 2024 (running in the 16th district)",2026,House,FL,,0,0,1
16,REP,Jim Boyd,majority leader of the Florida Senate (2024–present) from the 20th district (2020–present),2026,House,FL,boyd j,0,1,0
16,REP,James Buchanan,state representative from the 73rd district (2020–present) and son of incumbent Vern Buchanan ( running for state senate ),2026,House,FL,buchanan j,2,1,0
16,REP,Vern Buchanan,incumbent U.S. representative,2026,House,FL,buchanan v,4,1,0
16,REP,Jay Collins,lieutenant governor of Florida (2025–present) and candidate for the 14th district in 2022 ( running for governor ),2026,House,FL,collins j,3,1,1
16,REP,Richard Corcoran,president of the New College of Florida (2023–present) (endorsed Gruters),2026,House,FL,corcoran r,0,1,0
16,REP,Mark Flanagan,former state representative (1994–2002) and chair of the Manatee County Republican Party,2026,House,FL,flanagan m,2,1,0
16,REP,Joe Gruters,state senator from the 22nd district (2018–present) and chair of the Republican National Committee (2025–present) ( previously ran for chief financial officer ),2026,House,FL,gruters j,2,1,0
16,REP,Anna Paulina Luna,incumbent U.S. representative from the 13th district  (running in the 13th district),2026,House,FL,luna a,4,1,0
16,REP,running for state representative,"ng for state representative , would not run if Gruters does)",2026,House,FL,representative r,2,1,0
16,DEM,U.S. Army,"s, U.S. Army veteran",2026,House,FL,army u,0,0,0
16,DEM,Sarasota,"rschner, former mayor of Sarasota , former vice president and dean of Eckerd College , and regional nonprofit leader",2026,House,FL,sarasota,1,0,0
16,DEM,[ 6 ],"a Lyles, nonprofit founder",2026,House,FL,,0,0,0
16,DEM,Manatee County,small business owner and candidate for Manatee County commission in 2024,2026,House,FL,county m,0,0,1
16,IND,U.S. Air Force,S. Air Force veteran,2026,House,FL,force u,0,0,0
16,IND,USPS,"ony DeRibas, former USPS worker   [ better source needed ]",2026,House,FL,usps,0,0,0
17,REP,New College of Florida,w College of Florida trustee and candidate for the 16th district in 2024 (running in the 16th district),2026,House,FL,florida n,0,0,1
17,DEM,2024,"hew Montavon, candidate for this district in 2024",2026,House,FL,,0,0,1
18,IND,[ 6 ],"Simmons, developmental therapist",2026,House,FL,,0,0,0
19,REP,Sarasota County,"wski, Sarasota County Charter Review Board member, business owner",2026,House,FL,county s,0,0,0
19,REP,Madison Cawthorn,former U.S. representative from North Carolina's 11th congressional district (2021–2023),2026,House,FL,cawthorn m,4,1,0
19,REP,Chris Collins,former U.S. representative from New York's 27th congressional district (2013–2019),2026,House,FL,collins c,4,1,0
19,REP,Victoria Spartz,"hilanthropist, former senior policy advisor to U.S. representative Victoria Spartz and candidate for New York's 19th congressional district in 2020",2026,House,FL,spartz v,4,1,1
19,REP,U.S. Department of Commerce,"Department of Commerce advisor, candidate for Illinois's 14th congressional district in 2020 , and nominee for Illinois's 11th congressional district in 2022",2026,House,FL,commerce u,0,0,1
19,REP,Jim Oberweis,"former Illinois state senator from the 25th district (2013–2021), chairman of Oberweis Dairy, and perennial candidate [ az ]",2026,House,FL,oberweis j,2,0,0
19,REP,[ 335 ],"dersen, Marine Corps veteran and volunteer wrestling coach",2026,House,FL,,0,0,0
19,REP,National Institutes of Health,er at the National Institutes of Health,2026,House,FL,health n,0,0,0
19,REP,WFSX-FM,"wartzel, president of Sun Broadcasting, owner of WFSX-FM",2026,House,FL,fm w,0,0,0
19,REP,America's Frontline Doctors,"spokesman for America's Frontline Doctors , pardoned participant in January 6 United States Capitol Attack",2026,House,FL,doctors a,0,0,0
19,REP,Yvette Benarroch,state representative from the 81st district (2024–present),2026,House,FL,benarroch y,2,1,0
19,REP,Adam Botana,state representative from the 80th district (2020–present),2026,House,FL,botana a,2,1,0
19,REP,Matt Caldwell,Lee County property appraiser (2020–present) and nominee for Florida commissioner of agriculture in 2018,2026,House,FL,caldwell m,0,1,1
19,REP,Byron Donalds,incumbent U.S. representative ( running for governor ),2026,House,FL,donalds b,4,1,0
19,REP,Dane Eagle,"former secretary of the Florida Department of Economic Opportunity (2020–2022), former state representative from the 77th district (2012–2020), and candidate for this district in 2020",2026,House,FL,eagle d,2,1,1
19,REP,Lee County,"rceno, Lee County sheriff",2026,House,FL,county l,1,0,0
19,REP,Kathleen Passidomo,state senator from the 28th district (2016–present) and former president of the Florida Senate (2022–2024),2026,House,FL,passidomo k,2,1,0
19,REP,Bob Rommel,former state representative from the 81st district (2016–2024),2026,House,FL,rommel b,2,1,0
19,DEM,[ 6 ],"r Arias, attorney",2026,House,FL,,0,0,0
19,DEM,Florida's 16th congressional district,6th congressional district in 2016,2026,House,FL,district f,0,0,0
19,IND,[ 6 ],"Haskins, business manager",2026,House,FL,,0,0,0
20,DEM,Luther Campbell,rapper and candidate for mayor of Miami-Dade County in 2011,2026,House,FL,campbell l,0,0,1
20,DEM,Sheila Cherfilus-McCormick,former U.S. representative (2022–2026),2026,House,FL,mccormick s,4,1,0
20,DEM,Broward County,former mayor of Broward County and candidate for this district in the 2022 special and regular elections,2026,House,FL,county b,1,0,1
20,DEM,[ 370 ],"Manley, substitute teacher and activist",2026,House,FL,,0,0,0
20,DEM,Debbie Wasserman Schultz,incumbent U.S. representative from the 25th district (previously ran in the 25th district),2026,House,FL,schultz d,4,1,0
20,DEM,Rudy Moise,doctor and candidate for the 24th district in 2010 [ bp ] and 2012 (endorsed Campbell and Holness; running in the 24th district),2026,House,FL,moise r,0,0,1
20,DEM,U.S. Representative,ughter of former U.S. Representative Alcee Hastings (1993–2021)  (endorsed Manley),2026,House,FL,representative u,4,1,0
20,DEM,Jared Moskowitz,incumbent U.S. representative from the 23rd district (running in the 25th district),2026,House,FL,moskowitz j,4,1,0
20,REP,[ 6 ],"Andersen, businessman",2026,House,FL,,0,0,0
20,REP,Florida's 23rd congressional district,23rd congressional district in 2022,2026,House,FL,district f,0,0,0
21,DEM,U.S. Coast Guard Reserve,commander in the U.S. Coast Guard Reserve,2026,House,FL,reserve u,0,0,0
21,DEM,[ 401 ],"Taylor, firefighter",2026,House,FL,,0,0,0
21,DEM,Apple,"andiya, manager of the Apple Strategic Innovations Group (running in the 22nd district)",2026,House,FL,apple,0,0,0
21,IND,Juno Beach,"Cooke, Former Mayor and Councilmember of Juno Beach & Financial Executive",2026,House,FL,beach j,1,0,0
21,IND,[ 409 ],"Ott, teacher and psychologist",2026,House,FL,,0,0,0
22,DEM,Apple,"andiya, manager of the Apple Strategic Innovations Group (previously ran in the 21st district)",2026,House,FL,apple,0,0,0
22,DEM,[ 6 ],"a Earley, attorney",2026,House,FL,,0,0,0
22,DEM,Lois Frankel,incumbent U.S. representative (running in the 23rd district),2026,House,FL,frankel l,4,1,0
22,DEM,Lauren Book,former minority leader of the Florida Senate (2021–2024) from the 35th district (2016–2024) ( running for state senate ),2026,House,FL,book l,2,0,0
22,DEM,Jared Moskowitz,incumbent U.S. representative from the 23rd district (running in the 25th district),2026,House,FL,moskowitz j,4,1,0
22,DEM,Debbie Wasserman Schultz,incumbent U.S. representative from the 25th district (running in the 20th district),2026,House,FL,schultz d,4,1,0
22,REP,2020,"y Askar, businessman and candidate for the 19th district in 2020",2026,House,FL,,0,0,1
22,REP,Alabama's 2nd congressional district,ndidate for Alabama's 2nd congressional district in 2020,2026,House,FL,district a,0,0,0
22,REP,Keiser University,ice chancellor of Keiser University and candidate for Florida's 25th Senate district in 2018,2026,House,FL,university k,0,0,1
22,REP,Lee County,"ompson, former Lee County Republican executive committee chair",2026,House,FL,county l,0,0,0
22,REP,Palm Beach County,Beach County commissioner,2026,House,FL,county p,1,0,0
22,REP,Herbie Wertheim,billionaire businessman and philanthropist,2026,House,FL,wertheim h,0,0,0
23,DEM,[ 411 ],"a Doyle, attorney (previously ran in the 22nd district)",2026,House,FL,,0,0,0
23,DEM,Lois Frankel,incumbent U.S. representative from the 22nd district (previously ran in the 22nd district),2026,House,FL,frankel l,4,1,0
23,DEM,Jared Moskowitz,incumbent U.S. representative (running in the 25th district),2026,House,FL,moskowitz j,4,1,0
23,REP,2022,"rah Adeimy, financial advisor and candidate for the 22nd district in 2022 and 2024 (previously running in the 22nd district)",2026,House,FL,,0,0,1
23,REP,George Moraitis,former state representative from the 93rd district (2010–2018) (running in the 25th district),2026,House,FL,moraitis g,2,1,0
23,REP,Boca Raton,"er, mayor of Boca Raton (2018–2026) (running in the 25th district)",2026,House,FL,raton b,1,0,0
24,DEM,[ 6 ],"all Davis Sr., director and founder of the Marshall L. Davis, Sr. African Heritage Cultural Arts Center",2026,House,FL,,0,0,0
24,DEM,Oliver Gilbert,Miami-Dade County commissioner (2020–present),2026,House,FL,gilbert o,1,1,0
24,DEM,Shevrin Jones,state senator from the 34th district (2020–present),2026,House,FL,jones s,2,1,0
24,DEM,U.S. representative,attorney and son of former U.S. representative Kendrick Meek,2026,House,FL,representative u,4,1,0
24,DEM,Rudy Moise,doctor and candidate for this district in 2010 [ bp ] and 2012 (previously ran in the 20th district),2026,House,FL,moise r,0,0,1
24,DEM,Miami-Dade County,ormer Miami-Dade County commissioner,2026,House,FL,county m,1,0,0
24,DEM,Frederica Wilson,incumbent U.S. representative  (endorsed Gilbert),2026,House,FL,wilson f,4,1,0
24,DEM,Kendrick Meek,former U.S. representative (2003–2011) and nominee for U.S. senate in 2010,2026,House,FL,meek k,4,1,1
24,IND,[ 6 ],"cia Gonzalez, businesswoman",2026,House,FL,,0,0,0
25,DEM,[ 452 ],"Larkin, digital strategist (previously ran in the 23rd district)",2026,House,FL,,0,0,0
25,DEM,Jared Moskowitz,incumbent U.S. representative from the 23rd district (previously ran in the 23rd district),2026,House,FL,moskowitz j,4,1,0
25,DEM,Debbie Wasserman Schultz,incumbent U.S. representative (running in the 20th district),2026,House,FL,schultz d,4,1,0
25,REP,2022,"Franzese, businessman and nominee for the 22nd district in 2022 and 2024 (previously ran in the 22nd district)",2026,House,FL,,0,0,1
25,REP,Texas's 26th congressional district,andidate for Texas's 26th congressional district in 2022,2026,House,FL,district t,0,0,0
25,REP,George Moraitis,former state representative from the 93rd district (2010–2018) (previously ran in the 23rd district),2026,House,FL,moraitis g,2,1,0
25,REP,Boca Raton,"er, mayor of Boca Raton (2018–2026) (previously ran in the 23rd district)",2026,House,FL,raton b,1,0,0
25,REP,Hollywood,"illatoro, businesswoman and candidate for Hollywood city council in 2024",2026,House,FL,hollywood,0,0,1
25,REP,Pennsylvania's 3rd congressional district,"sylvania's 3rd congressional district in 2018 , and candidate for this district in 2024",2026,House,FL,district p,0,0,1
27,REP,[ 6 ],"nt Michael Arias, attorney",2026,House,FL,,0,0,0
27,REP,Maria Elvira Salazar,incumbent U.S. representative,2026,House,FL,salazar m,4,1,0
27,DEM,January 6 Committee,rney and former investigative counsel for the January 6 Committee,2026,House,FL,committee j,0,0,0
27,DEM,Eliott Rodriguez,television journalist,2026,House,FL,rodriguez e,0,0,0
27,DEM,[ 517 ],"rnino, certified public accountant",2026,House,FL,,0,0,0
27,DEM,Key Biscayne,former mayor of Key Biscayne and candidate for this district in 2024 (endorsed Peguero),2026,House,FL,biscayne k,1,0,1
27,DEM,running for state senate,nmental services company CEO ( running for state senate ),2026,House,FL,senate r,2,0,0
27,DEM,Lev Parnas,businessman (ran in the 22nd district as an independent),2026,House,FL,parnas l,0,0,0
28,DEM,[ 545 ],"Mujica, tech executive  ( previously ran for U.S. Senate )",2026,House,FL,,0,0,0
28,DEM,January 6 Committee,rney and former investigative counsel for the January 6 Committee (running in the 27th district),2026,House,FL,committee j,0,0,0
28,IND,[ 6 ],"Rojas, businessman",2026,House,FL,,0,0,0
1,REP,James Burchett,state representative from the 176th district (2019–present),2026,House,GA,burchett j,2,1,0
1,REP,Buddy Carter,incumbent U.S representative ( ran for U.S. Senate ),2026,House,GA,carter b,4,1,0
1,REP,Vernon Jones,former Democratic CEO of DeKalb County (2001–2009) and candidate for this district in 2022 ( running for Secretary of State ),2026,House,GA,jones v,0,0,1
1,REP,Jesse Petrea,state representative from the 166th district (2015–present),2026,House,GA,petrea j,2,1,0
1,REP,Ron Stephens,state representative from the 164th district (1997–present),2026,House,GA,stephens r,2,1,0
1,REP,Ben Watson,state senator from the 1st district (2015–present)  (endorsed Kingston),2026,House,GA,watson b,2,1,0
1,DEM,Anne Allen Westbrook,state representative from the 163rd district (2023–present),2026,House,GA,westbrook a,2,1,0
1,DEM,Chatham County,Chatham County commissioner and chair of the Chatham County Democratic Party,2026,House,GA,county c,1,0,0
7,REP,[ 46 ],"arfield, financial services executive",2026,House,GA,,0,0,0
10,REP,Mike Collins,incumbent U.S. representative (running for U.S. Senate ),2026,House,GA,collins m,4,1,0
10,REP,Brian Strickland,state senator from the 42nd district (2018–present) ( running for attorney general ),2026,House,GA,strickland b,3,1,0
11,REP,[ 9 ],"Hobbs, attorney ( remained on ballot)",2026,House,GA,,0,0,0
11,REP,Brandon Beach,Treasurer of the United States (2025–present) and former state senator from the 21st district (2013–2025),2026,House,GA,beach b,2,1,0
11,REP,Michael Caldwell,mayor of Woodstock (2022–present) and former state representative from the 20th district (2013–2021) (endorsed Adkerson),2026,House,GA,caldwell m,2,1,0
11,REP,Barry Loudermilk,incumbent U.S. representative  (endorsed Adkerson),2026,House,GA,loudermilk b,4,1,0
11,IND,[ 9 ],"ie Richoz, disabled nurse",2026,House,GA,,0,0,0
13,DEM,[ 88 ],"an Bonner, project manager  (running for State House )",2026,House,GA,,2,0,0
13,DEM,David Scott,"incumbent U.S. Representative  (died April 22, 2026, remained on ballot)",2026,House,GA,scott d,4,1,0
13,IND,David Scott,"t, computer consultant, daughter of former representative David Scott , and Democratic candidate for this seat in the upcoming special election (Democratic)",2026,House,GA,scott d,0,1,1
14,REP,2022,"Cunningham, sales executive and candidate for this district in 2022",2026,House,GA,,0,0,1
14,REP,Marjorie Taylor Greene,former U.S. representative,2026,House,GA,greene m,4,1,0
14,DEM,GIS,"rence Blalock, GIS contractor and candidate for this district in 2024 ( running for Labor Commissioner , endorsed Harris)",2026,House,GA,gis,0,0,1
14,IND,[ 1 ],"uszkowski, small business owner",2026,House,GA,,0,0,0
1,DEM,Ed Case,incumbent U.S. representative,2026,House,HI,case e,4,1,0
1,DEM,Jarrett Keohokalole,state senator from the 24th district (2018–present),2026,House,HI,keohokalole j,2,1,0
1,DEM,[ 3 ],"las Kiswanto, civil servant",2026,House,HI,,0,0,0
1,DEM,Della Au Belatti,state representative from the 26th district (2006–present) ( running for Lieutenant Governor ),2026,House,HI,belatti d,3,1,0
1,REP,[ 24 ],"l Frazier, electronic technician",2026,House,HI,,0,0,0
2,DEM,[ 3 ],"Guithues, veteran and technology consultant",2026,House,HI,,0,0,0
2,DEM,Jill Tokuda,incumbent U.S. representative,2026,House,HI,tokuda j,4,1,0
2,REP,Brenton Awa,minority leader of the Hawaii Senate (2024–present) from the 23rd district (2022–present),2026,House,HI,awa b,0,1,0
2,IND,Maui,"rd Codelia, realtor and candidate for Maui county council in 2024",2026,House,HI,maui,0,0,1
1,REP,[ 5 ],"Hill, nonprofit founder and convicted felon",2026,House,IA,,0,0,0
1,DEM,Bob Krause,"former state representative from the 7th district (1973–1978) and perennial candidate ( ran for U.S. Senate , endorsed Bohannan)",2026,House,IA,krause b,2,1,0
1,DEM,running for state auditor,( running for state auditor ),2026,House,IA,auditor r,3,0,0
1,IND,[ 36 ],"l Bridgford, independent financial advisor",2026,House,IA,,0,0,0
2,REP,Rod Blum,former U.S. Representative (2015–2019),2026,House,IA,blum r,4,1,0
2,REP,Ashley Hinson,incumbent U.S. representative  ( running for U.S. Senate ),2026,House,IA,hinson a,4,1,0
2,REP,Shannon Lundgren,state representative from the 65th district (2017–present) ( running for re-election ),2026,House,IA,lundgren s,2,1,0
2,DEM,Kevin Techau,former U.S. Attorney for the Northern District of Iowa (2014–2017)  (endorsed James),2026,House,IA,techau k,0,0,0
2,DEM,Libertarian,"t, Libertarian nominee for governor of Iowa in 2022 , U.S. Senate in 2020 , Secretary of Agriculture of Iowa in 2018 , and independent candidate for U.S. Senate in 2014 .",2026,House,IA,libertarian,0,0,1
2,IND,[ 70 ],"ushaw, community organizer",2026,House,IA,,0,0,0
3,DEM,Jennifer Konfrst,minority leader of the Iowa House of Representatives (2021–2025) from the 32nd district (2019–present) (endorsed Trone Garriott),2026,House,IA,konfrst j,0,1,0
3,DEM,Austin Baeth,state representative from the 31st district (2023–present),2026,House,IA,baeth a,2,1,0
4,REP,[ 106 ],"Jensen, concrete company executive",2026,House,IA,,0,0,0
4,REP,Ben Carson 2016 presidential campaign,for the Ben Carson 2016 presidential campaign and former CEO of Parler (endorsed McGowan),2026,House,IA,campaign b,0,0,0
4,REP,Matt Windschitl,former majority leader of the Iowa House of Representatives (2020–2025) from the 15th district (2007–present) (endorsed McGowan),2026,House,IA,windschitl m,0,1,0
4,REP,Lynn Evans,state senator from the 3rd district (2023–present) ( running for re-election ),2026,House,IA,evans l,2,1,0
4,REP,Randy Feenstra,incumbent U.S. representative ( ran for governor ),2026,House,IA,feenstra r,4,1,0
4,REP,Steven Holt,state representative from the 12th district (2015–present),2026,House,IA,holt s,2,1,0
4,REP,Zach Nunn,U.S. representative from the 3rd district  (running for re-election),2026,House,IA,nunn z,4,1,0
4,DEM,Nationwide,"n, Nationwide insurance supervisor and nominee for this district in 2022 and 2024",2026,House,IA,nationwide,0,0,1
4,IND,[ 126 ],"e Decker, army veteran",2026,House,IA,,0,0,0
2,DEM,Robin Kelly,incumbent U.S. representative ( ran for U.S. senate ),2026,House,IL,kelly r,4,1,0
2,IND,[ 108 ],"Banks (Independent), photographer",2026,House,IL,,0,0,0
4,DEM,Chuy García,incumbent U.S. representative,2026,House,IL,garcia c,4,1,0
4,IND,[ 134 ],"Church (Independent), nonprofit executive",2026,House,IL,,0,0,0
4,IND,[ e ],"Getty (Independent [ e ] ), mayor of Lyons",2026,House,IL,e,1,0,0
4,IND,Working Class Party,"g Class Party ), high school teacher and nominee for this district in 2022 and 2024 .",2026,House,IL,party w,0,0,1
4,IND,[ f ],"Macías (Independent [ f ] ), former executive director of the Latino Victory Project",2026,House,IL,f,0,0,0
4,IND,Byron Sigcho-Lopez,"(Independent [ g ] ), Chicago alder from the 25th ward (2019–present)",2026,House,IL,lopez b,0,1,0
5,DEM,2024,"y Bishop, high school teacher and candidate for this district in 2024",2026,House,IL,,0,0,1
7,DEM,[ 186 ],"Leigh, healthcare worker",2026,House,IL,,0,0,0
7,DEM,Kam Buckner,"speaker pro tempore of the Illinois House of Representatives (2025–present) from the 26th district (2019–present) and candidate for mayor of Chicago in 2023 ( running for re-election , endorsed Ford)",2026,House,IL,buckner k,0,1,1
7,DEM,Walter Burnett Jr.,former vice mayor of Chicago (2023–2025) and alder from the 27th ward (1995–2025) (endorsed Ford),2026,House,IL,burnett w,1,0,0
7,DEM,Danny Davis,incumbent U.S. Representative (endorsed Ford),2026,House,IL,davis d,4,1,0
7,IND,[ 232 ],"ao, physician",2026,House,IL,,0,0,0
8,DEM,[ 242 ],"Kallas, branding expert (endorsed Ahmed)",2026,House,IL,,0,0,0
8,DEM,Raja Krishnamoorthi,incumbent U.S. representative ( ran for U.S. Senate ),2026,House,IL,krishnamoorthi r,4,1,0
8,DEM,Anna Moeller,"state representative from the 43rd district (2014–present) ( running for re-election , endorsed Bankole)",2026,House,IL,moeller a,2,1,0
8,DEM,Cristina Castro,"state senator from the 22nd district (2017–present) ( running for re-election , endorsed Ahmed)",2026,House,IL,castro c,2,1,0
9,DEM,[ 301 ],"brevaya, mathematics teacher",2026,House,IL,,0,0,0
9,DEM,Chicago,"eon, Chicago 50th Ward committeeperson and candidate for the Chicago Board of Education in 2024 (endorsed Andrew)",2026,House,IL,chicago,0,0,1
9,DEM,Kelly Cassidy,state representative from the 14th district (2011–present)  (endorsed Biss),2026,House,IL,cassidy k,2,1,0
9,DEM,Daniel Didech,state representative from the 59th district (2019–present),2026,House,IL,didech d,2,1,0
9,DEM,Jennifer Gong-Gershowitz,state representative from the 17th district (2019–present),2026,House,IL,gershowitz j,2,1,0
9,DEM,Jan Schakowsky,incumbent U.S. representative  (endorsed Biss),2026,House,IL,schakowsky j,4,1,0
9,IND,[ 385 ],"Barrera, behavioral technician and activist",2026,House,IL,,0,0,0
10,DEM,Lake County,former Lake County coroner,2026,House,IL,county l,0,0,0
14,REP,Jed Davis,state representative from the 75th district (2023–present) ( running for re-election ),2026,House,IL,davis j,2,1,0
3,DEM,[ 4 ],"Randall, community activist",2026,House,KY,,0,0,0
4,REP,[ 49 ],"ee Ethington, registered nurse",2026,House,KY,,0,0,0
4,REP,Dennis Jackson,farmer,2026,House,KY,jackson d,0,0,0
4,REP,Daniel Cameron,"former Kentucky Attorney General (2019–2024), and nominee for governor in 2023 ( unsuccessfully ran for U.S. Senate )",2026,House,KY,cameron d,3,0,1
4,DEM,[ 88 ],"Dean, project manager",2026,House,KY,,0,0,0
5,REP,Somerset,"k, mayor of Somerset and candidate for governor in 2023",2026,House,KY,somerset,1,0,1
5,IND,[ 95 ],"Wein, archaeologist",2026,House,KY,,0,0,0
6,REP,[ 100 ],"rez Arquette (endorsed Alvarado, remained on ballot)",2026,House,KY,,0,0,0
6,REP,Deanna Frazier Gordon,state representative from the 81st district  ( running for re-election ),2026,House,KY,gordon d,2,1,0
6,REP,Andy Barr,incumbent U.S. representative ( running for U.S. Senate ),2026,House,KY,barr a,4,1,0
6,REP,Amanda Mays Bledsoe,state senator from the 12th district,2026,House,KY,bledsoe a,2,0,0
6,REP,Damon Thayer,former Majority Leader of the Kentucky Senate (2013–2025)  (endorsed Alvarado),2026,House,KY,thayer d,0,0,0
6,DEM,Chad Aull,state representative from the 79th district (2023–present),2026,House,KY,aull c,2,1,0
6,DEM,Ben Chandler,former U.S. representative (2004–2013)  (endorsed Dembo),2026,House,KY,chandler b,4,1,0
6,DEM,Jacqueline Coleman,Lieutenant Governor of Kentucky (2019–present)  (endorsed Stevenson),2026,House,KY,coleman j,3,1,0
6,IND,[ 126 ],"man, businessman and presidential candidate in 2024",2026,House,KY,,0,0,0
1,DEM,Richard Neal,incumbent U.S. representative,2026,House,MA,neal r,4,1,0
1,DEM,[ 4 ],"ie Whalen, teacher",2026,House,MA,,0,0,0
1,IND,Nadia Milleron,consumer advocate and candidate for this district in 2024,2026,House,MA,milleron n,0,0,1
3,IND,[ 32 ],"Ades, computer programmer",2026,House,MA,,0,0,0
4,DEM,Jake Auchincloss,incumbent U.S. representative,2026,House,MA,auchincloss j,4,1,0
4,DEM,[ 35 ],"Poulos, AI researcher",2026,House,MA,,0,0,0
4,DEM,Brookline,"mell, former Brookline Board of Selectmen member and candidate for this district in 2020",2026,House,MA,brookline,0,0,1
4,IND,[ 48 ],"Chasse, recovery therapist",2026,House,MA,,0,0,0
5,DEM,Katherine Clark,incumbent U.S. representative,2026,House,MA,clark k,4,1,0
5,DEM,Waltham,"n Paz, former Waltham city councilor",2026,House,MA,waltham,1,0,0
5,DEM,Harvard Law,"n, researcher at Harvard Law",2026,House,MA,law h,0,0,0
5,IND,[ 60 ],"Fleming, small business owner",2026,House,MA,,0,0,0
6,DEM,Middleton,"es-Beck, member of the Middleton Master Plan Committee",2026,House,MA,middleton,0,0,0
6,DEM,[ 65 ],"eccia, cryptocurrency executive",2026,House,MA,,0,0,0
6,DEM,Jamie Belsito,"Topsfield Town Moderator (2023–present), former state representative from the 4th Essex district (2021–2023), and candidate for this district in 2020",2026,House,MA,belsito j,2,1,1
6,DEM,Daniel Koh,"former deputy director of the White House Office of Intergovernmental Affairs (2022–2025), former Andover selectman (2019–2021), and candidate for the 3rd district in 2018",2026,House,MA,koh d,4,0,1
6,DEM,Tram Nguyen,state representative from the 18th Essex district (2019–present),2026,House,MA,nguyen t,2,1,0
6,DEM,Seth Moulton,former chief of staff to incumbent Seth Moulton,2026,House,MA,moulton s,0,0,0
6,DEM,Jenny Armini,state representative from the 8th Essex district (2023–present),2026,House,MA,armini j,2,1,0
6,DEM,Brendan Crighton,state senator from the 3rd Essex district (2018–present),2026,House,MA,crighton b,2,1,0
6,DEM,Kim Driscoll,Lieutenant Governor of Massachusetts (2023–present) ( running for re-election ),2026,House,MA,driscoll k,3,1,0
6,DEM,Sally Kerans,"state representative from the 13th Essex district (1991–1997, 2021–present)",2026,House,MA,kerans s,2,1,0
6,DEM,Thomas McGee,chair of the Massachusetts Bay Transportation Authority Board of Directors (2024–present) and former mayor of Lynn (2018–2022),2026,House,MA,mcgee t,1,1,0
6,DEM,Jared Nicholson,mayor of Lynn (2022–present),2026,House,MA,nicholson j,1,1,0
6,DEM,mayor,"ick Pangallo, mayor of Salem (2023–present)",2026,House,MA,mayor,1,1,0
8,DEM,Stephen Lynch,incumbent U.S. representative,2026,House,MA,lynch s,4,1,0
8,DEM,[ 129 ],"Roath, attorney",2026,House,MA,,0,0,0
8,IND,[ 141 ],"Hammond, business owner",2026,House,MA,,0,0,0
9,DEM,Bill Keating,incumbent U.S. representative,2026,House,MA,keating b,4,1,0
9,DEM,Indivisible,"ow, co-leader of Indivisible South Coast New England",2026,House,MA,indivisible,0,0,0
9,DEM,Andrea Campbell,Massachusetts Attorney General (2023–present)  ( running for re-election ),2026,House,MA,campbell a,3,1,0
1,REP,Andy Harris,incumbent U.S. representative,2026,House,MD,harris a,4,1,0
1,REP,Larry Hogan,former governor of Maryland (2015–2023) and nominee for U.S. Senate in 2024,2026,House,MD,hogan l,3,0,1
1,DEM,[ 16 ],"hwartz, consumer advocate",2026,House,MD,,0,0,0
2,DEM,Johnny Olszewski,incumbent U.S. representative,2026,House,MD,olszewski j,4,1,0
2,REP,[ 9 ],"Wallace, business owner and perennial candidate",2026,House,MD,,0,0,0
3,DEM,Sarah Elfreth,incumbent U.S. representative,2026,House,MD,elfreth s,4,1,0
3,DEM,[ 9 ],"Rea, perennial candidate",2026,House,MD,,0,0,0
3,DEM,U.S. Navy,"er, U.S. Navy veteran (running as a Republican)",2026,House,MD,navy u,0,0,0
3,REP,NORAD,"y Flowers, former inter-agency technical advisor for NORAD and USNORTHCOM , candidate for the 2nd district in 2022 , and this district in 2024",2026,House,MD,norad,0,0,1
4,DEM,Glenn Ivey,incumbent U.S. representative,2026,House,MD,ivey g,4,1,0
4,DEM,[ 55 ],"an White, social worker (remained on ballot, endorsed Johnson)",2026,House,MD,,0,0,0
4,REP,[ 9 ],"e McDermott, perennial candidate",2026,House,MD,,0,0,0
5,DEM,Adrian Boafo,state delegate from the 23rd district (2023–present),2026,House,MD,boafo a,2,1,0
5,DEM,U.S. Air Force,.S. Air Force veteran and Republican nominee for this district in 2016 and candidate in 2014 (remained on ballot),2026,House,MD,force u,0,0,1
5,DEM,[ 72 ],"Jackson, former federal physical security specialist (remained on ballot)",2026,House,MD,,0,0,0
5,DEM,Nicole Williams,state delegate from the 22nd district (2019–present) (remained on ballot),2026,House,MD,williams n,2,1,0
5,DEM,Prince George's County,"ge's County councilmember from the 4th district (2026–present), former mayor of Bowie (2019-2026) and candidate for comptroller in 2022 (running for re-election)",2026,House,MD,county p,1,1,1
5,DEM,Steny Hoyer,incumbent U.S. representative  (endorsed Boafo),2026,House,MD,hoyer s,4,1,0
5,DEM,Steuart Pittman,Anne Arundel County executive (2018–present) and chair of the Maryland Democratic Party (2025–present),2026,House,MD,pittman s,1,1,0
5,DEM,C. T. Wilson,state delegate from the 28th district (2011–present) ( running for state senate ),2026,House,MD,wilson c,2,1,0
5,REP,2022,"s Chaffee, perennial candidate and nominee for U.S. Senate in 2022",2026,House,MD,,0,0,1
5,IND,[ 112 ],"ordan (Unaffiliated), research and development executive",2026,House,MD,,0,0,0
6,DEM,April McClain Delaney,incumbent U.S. representative,2026,House,MD,delaney a,4,1,0
6,DEM,[ 116 ],"Krakower, attorney (remained on ballot)",2026,House,MD,,0,0,0
6,REP,Robin Ficker,"former state delegate from district 15B (1979–1983), sports heckler, and perennial candidate",2026,House,MD,ficker r,2,0,0
6,REP,Jason Buckel,minority leader of the Maryland House of Delegates (2021–present) from district 1B (2015–present)  ( running for re-election ),2026,House,MD,buckel j,2,1,0
6,REP,Chuck Jenkins,Frederick County Sheriff (2006–present) (running for re-election),2026,House,MD,jenkins c,1,1,0
6,REP,Neil Parrott,"former state delegate from district 2A (2011–2023) and nominee for this district in 2020 , 2022 , and 2024",2026,House,MD,parrott n,2,0,1
6,IND,SD-39,"Landman (Green), attorney, mortgage broker, and nominee for SD-39 in 2022",2026,House,MD,sd,0,0,1
6,IND,2024,"s Hyser (Unaffiliated), retired state trooper and Republican candidate for this district in 2024",2026,House,MD,,0,0,1
7,DEM,Kweisi Mfume,incumbent U.S. representative,2026,House,MD,mfume k,4,1,0
7,REP,2022,"t Collier, perennial candidate and nominee for this district in 2022 and 2024",2026,House,MD,,0,0,1
8,DEM,Jamie Raskin,incumbent U.S. representative,2026,House,MD,raskin j,4,1,0
8,DEM,[ 9 ],"Lande, nursing assistant",2026,House,MD,,0,0,0
8,REP,2024,"yl Riley, public relations consultant and nominee for this district in 2024",2026,House,MD,,0,0,1
8,IND,2016,"y Wallace (Green), nominee for this district in 2016 and governor in 2022",2026,House,MD,,0,0,1
1,DEM,Chellie Pingree,incumbent U.S. representative (2009–present),2026,House,ME,pingree c,4,1,0
1,DEM,Tiffany Roberts,state representative from the 149th district (2018–present),2026,House,ME,roberts t,2,1,0
1,REP,2024,"ld Russell, defense contractor and nominee for this district in 2024",2026,House,ME,,0,0,1
1,REP,Sanford,"all, Sanford police chief ( running for state house ; endorsed Russell)",2026,House,ME,sanford,2,0,0
2,DEM,Matthew Dunlap,"Maine State Auditor (2021, 2022–present), former Maine Secretary of State (2005–2011, 2013–2021), and candidate for U.S. Senate in 2012",2026,House,ME,dunlap m,3,1,1
2,DEM,Jared Golden,incumbent U.S. representative (2019–present),2026,House,ME,golden j,4,1,0
2,DEM,Kennebec County,rmer secretary of the Kennebec County Democratic Committee,2026,House,ME,county k,0,0,0
2,DEM,Troy Jackson,former President of the Maine Senate (2018–2024) and candidate for this district in 2014 ( unsuccessfully ran for governor ),2026,House,ME,jackson t,0,0,1
2,DEM,Graham Platner,"Sullivan harbor master ( ran for U.S. Senate, later withdrew )",2026,House,ME,platner g,0,0,0
2,REP,Paul LePage,former governor of Maine (2011–2019) and nominee for governor in 2022,2026,House,ME,lepage p,3,0,1
2,REP,[ 72 ],"Clark, businessman",2026,House,ME,,0,0,0
2,REP,Austin Theriault,former state representative from the 1st district (2022–2024) and nominee for this district in 2024 (endorsed LePage),2026,House,ME,theriault a,2,1,1
1,REP,Jack Bergman,incumbent U.S. representative (2017–present),2026,House,MI,bergman j,4,1,0
1,REP,11th district,"ter, realtor and candidate for the 11th district in 2022",2026,House,MI,district t,0,0,1
1,REP,[ 5 ],"n Michal, military researcher",2026,House,MI,,0,0,0
1,DEM,2024,"ie Barr, lawyer and nominee for this district in 2024",2026,House,MI,,0,0,1
1,DEM,Iron Mountain,"t, Iron Mountain city councilor",2026,House,MI,mountain i,1,0,0
1,IND,[ 20 ],"n Featherly, factory worker",2026,House,MI,,0,0,0
2,DEM,[ 32 ],"in Ambrose, marketing executive",2026,House,MI,,0,0,0
2,DEM,Lake County,"rd, Lake County Commissioner",2026,House,MI,county l,1,0,0
3,REP,[ 45 ],"ushman, businessman",2026,House,MI,,0,0,0
4,REP,Bill Huizenga,incumbent U.S. representative (2011–present),2026,House,MI,huizenga b,4,1,0
4,REP,Holland,"nis, former mayor of Holland",2026,House,MI,holland,1,0,0
4,DEM,Sherrod Brown,former legislative correspondent for U.S. Senator Sherrod Brown,2026,House,MI,brown s,4,0,0
4,DEM,Sean McCann,state senator from the 19th district (2019–present),2026,House,MI,mccann s,2,1,0
4,DEM,2024,"ica Swartz, attorney and nominee for this district in 2024 ( running for state house )",2026,House,MI,,0,0,1
5,DEM,[ 69 ],"Vravis, support specialist",2026,House,MI,,0,0,0
7,DEM,Bridget Brink,former U.S. Ambassador to Ukraine (2022–2025) and Slovakia (2019–2022),2026,House,MI,brink b,0,0,0
7,DEM,William Lawrence,co-founder of Sunrise Movement,2026,House,MI,lawrence w,0,0,0
7,DEM,U.S. Special Operations Command,tive for the U.S. Special Operations Command at the National Counterterrorism Center,2026,House,MI,command u,0,0,0
7,DEM,Michigan State University,Michigan State University (endorsed Brink),2026,House,MI,university m,0,0,0
7,DEM,[ 85 ],"ad Salman Rais, physician",2026,House,MI,,0,0,0
7,IND,[ 130 ],"ra Prieditis, advertising art director",2026,House,MI,,0,0,0
8,REP,[ 144 ],"ssan, former federal law enforcement officer",2026,House,MI,,0,0,0
9,REP,running for state senate,ing contractor ( running for state senate ),2026,House,MI,senate r,2,0,0
9,IND,[ 152 ],"artwright, IT technician",2026,House,MI,,0,0,0
10,REP,Army National Guard,National Guard Captain and son of Oakland County Sheriff Mike Bouchard,2026,House,MI,guard a,1,0,0
10,REP,[ 45 ],"n Demetropoulous, project manager",2026,House,MI,,0,0,0
10,REP,Macomb County,"raj, Macomb County assistant prosecuting attorney (2025–present) (remained on ballot)",2026,House,MI,county m,0,1,0
10,REP,Joseph Aragona,state representative from the 60th district (2023–present)  (endorsed Lulgjuraj),2026,House,MI,aragona j,2,1,0
10,REP,John James,incumbent U.S. representative (2023–present) ( running for governor ),2026,House,MI,james j,4,1,0
10,DEM,[ 168 ],"ung, attorney",2026,House,MI,,0,0,0
10,DEM,Tim Greimel,former mayor of Pontiac (2022–2026) and candidate for the 11th district in 2018,2026,House,MI,greimel t,1,0,1
10,DEM,U.S. Army Reserve,Army Reserve officer (endorsed Hines),2026,House,MI,reserve u,0,0,0
10,DEM,Michigan Army National Guard,"officer in the Michigan Army National Guard ( running for state house ,  endorsed Chung)",2026,House,MI,guard m,2,0,0
10,DEM,Kevin Hertel,state senator from the 12th district (2023–present),2026,House,MI,hertel k,2,1,0
10,DEM,Veronica Klinefelt,state senator from the 11th district (2023–present) (endorsed Hines),2026,House,MI,klinefelt v,2,1,0
10,DEM,Macomb County,"former Macomb County prosecuting attorney and nominee for this district in 2002 , 2022 , and 2024 (endorsed Hines)",2026,House,MI,county m,0,0,1
11,DEM,Jeremy Moss,president pro tempore of the Michigan Senate (2023–present) from the 7th district (2019–present),2026,House,MI,moss j,0,1,0
11,DEM,Waterford,"es, Waterford school board trustee and juvenile justice program manager",2026,House,MI,waterford,1,0,0
11,DEM,[ 198 ],"ord, job training professional",2026,House,MI,,0,0,0
11,DEM,Wayne State University,the Wayne State University Board of Governors and perennial candidate (switched to independent),2026,House,MI,university w,0,0,0
11,DEM,Rosemary Bayer,state senator from the 13th district (2023–present) (endorsed Moss),2026,House,MI,bayer r,2,1,0
11,DEM,Haley Stevens,incumbent U.S. representative (2019–present) ( running for U.S. Senate ),2026,House,MI,stevens h,4,1,0
11,REP,running for state house,operative ( running for state house ),2026,House,MI,house r,2,0,0
11,REP,[ 217 ],"Prieto, businessman",2026,House,MI,,0,0,0
11,IND,Wayne State University,the Wayne State University Board of Governors and perennial candidate (previously ran as Democrat),2026,House,MI,university w,0,0,0
12,DEM,Shanelle Jackson,"former state representative from the 9th district (2007–2012), candidate for the 13th district in 2012 and 2018 , and candidate for this district in 2022",2026,House,MI,jackson s,2,1,1
12,DEM,Inkster,"olen, mayor of Inkster (2015–2019, 2023–present)",2026,House,MI,inkster,1,1,0
12,DEM,Rashida Tlaib,incumbent U.S. representative (2019–present),2026,House,MI,tlaib r,4,1,0
12,DEM,Fred Durhal III,former Detroit city councilor from the 7th district (2021–present) and candidate for mayor of Detroit in 2025,2026,House,MI,durhal f,1,1,1
12,DEM,Joe Tate,former speaker of the Michigan House of Representatives (2023–2025) from the 9th district (2019–present) ( ran for U.S. Senate ),2026,House,MI,tate j,2,1,0
12,REP,2022,"en Elliott, laser treatment business owner, nominee for this district in 2022 , and disqualified candidate for this district in 2024 (switched to the 10th district)",2026,House,MI,,0,0,1
13,DEM,Donavan McKinney,state representative from the 11th district (2023–present),2026,House,MI,mckinney d,2,1,0
13,DEM,Shri Thanedar,incumbent U.S. representative (2023–present),2026,House,MI,thanedar s,4,1,0
13,DEM,Mary Waters,"at-large Detroit city councilor (2022–present), former state representative from the 4th district (2001–2006), candidate for this district in 2008 and 2024 , and candidate for the 14th district in 2012",2026,House,MI,waters m,2,1,1
13,DEM,Wayne-Westland,mer Wayne-Westland school board member and candidate for this district in 2012,2026,House,MI,westland w,1,0,1
13,DEM,Michigan Democratic Party,of the Michigan Democratic Party ( running for WSU Board of Governors ),2026,House,MI,party m,0,0,0
13,DEM,Adam Hollier,former state senator from the 2nd district (2018–2022) and candidate for this district in 2022 and 2024 ( running for state senate ),2026,House,MI,hollier a,2,0,1
13,DEM,Joe Tate,former speaker of the Michigan House of Representatives (2023–2025) from the 9th district (2019–present) ( ran for U.S. Senate ),2026,House,MI,tate j,2,1,0
13,REP,Wayne County,"k, candidate for Wayne County sheriff in 2024, perennial candidate",2026,House,MI,county w,0,0,1
13,REP,2022,"ell D. Bivings, policy analyst and nominee for this district in 2022 and 2024",2026,House,MI,,0,0,1
13,IND,Democratic,"rton, lawyer, businessman, and Democratic candidate for Michigan's 14th congressional district in 2014",2026,House,MI,democratic,0,0,1
1,REP,Brad Finstad,incumbent U.S. representative,2026,House,MN,finstad b,4,1,0
1,REP,2024,"Goetzman, candidate for this district in 2024",2026,House,MN,,0,0,1
1,DEM,[ 9 ],"Eaton, small business owner",2026,House,MN,,0,0,0
1,DEM,Andy Smith,state representative from district 25B (2023–present),2026,House,MN,smith a,2,1,0
2,DEM,[ 37 ],"llam Abdulle, educator",2026,House,MN,,0,0,0
2,DEM,Kaela Berg,state representative from district 55B (2021–present),2026,House,MN,berg k,2,1,0
2,DEM,Matt Klein,state senator from the 53rd district (2017–present),2026,House,MN,klein m,2,1,0
2,DEM,Matt Little,former state senator from the 58th district (2017–2021),2026,House,MN,little m,2,0,0
2,DEM,Angie Craig,incumbent U.S. representative ( running for U.S. Senate ),2026,House,MN,craig a,4,1,0
2,DEM,Minneapolis,former vice chair of the Minneapolis DFL and candidate for Minneapolis City Council in 2021,2026,House,MN,minneapolis,0,0,1
2,DEM,Erin Maye Quade,state senator from the 56th district (2023–present) and candidate for lieutenant governor in 2018 (endorsed Little),2026,House,MN,quade e,2,1,1
2,REP,U.S. Marine Corps Reserve,e Corps Reserve officer and nominee for this district in 2020 and 2022,2026,House,MN,reserve u,0,0,1
2,REP,[ 68 ],"Westby, small-business owner (previously ran in the 3rd district; endorsed Pratt)",2026,House,MN,,0,0,0
2,REP,Zach Duckworth,state senator from the 57th district (2021–present) ( running for re-election ),2026,House,MN,duckworth z,2,1,0
3,REP,[ 80 ],"Bass, small business owner",2026,House,MN,,0,0,0
4,DEM,Betty McCollum,incumbent U.S. representative,2026,House,MN,mccollum b,4,1,0
4,DEM,Minneapolis,"n, humanitarian and candidate for mayor of Minneapolis in 2017",2026,House,MN,minneapolis,0,0,1
4,REP,[ 38 ],"echtzigel, farmer",2026,House,MN,,0,0,0
5,DEM,ICE,"ie Le, former ICE attorney",2026,House,MN,ice,0,0,0
5,DEM,[ 38 ],"A. McKenzie, nurse",2026,House,MN,,0,0,0
5,DEM,Ilhan Omar,incumbent U.S. representative,2026,House,MN,omar i,4,1,0
5,DEM,AFSCME,"a Reeves, AFSCME Council 5 vice president and Democratic National Committee member",2026,House,MN,afscme,0,0,0
5,DEM,Don Samuels,former Minneapolis city council member and candidate for this district in 2022 and 2024,2026,House,MN,samuels d,1,0,1
5,DEM,Ryan Winkler,"former majority leader of the Minnesota House of Representatives (2019–2023) from district 46A (2007–2015, 2019–2023), candidate for Minnesota attorney general in 2018 , and candidate for Hennepin County Attorney in 2022",2026,House,MN,winkler r,0,1,1
5,REP,2024,"a Al-Aqidi, retired journalist, nominee for this district in 2024 , and candidate in 2020",2026,House,MN,,0,0,1
6,REP,2024,"s Corey, candidate for this district in 2024",2026,House,MN,,0,0,1
6,REP,Tom Emmer,incumbent U.S. representative,2026,House,MN,emmer t,4,1,0
6,DEM,Forward-Independence Party,"endence Party ), small business owner",2026,House,MN,party f,0,0,0
6,IND,2024,"in Winkelman, Democratic candidate for this district in 2024",2026,House,MN,,0,0,1
7,DEM,[ 38 ],"Carlson, air force veteran and government worker",2026,House,MN,,0,0,0
7,DEM,Heather Keeler,state representative from district 4A (2021–present),2026,House,MN,keeler h,2,1,0
8,REP,[ 124 ],"Hamilton, farmer",2026,House,MN,,0,0,0
8,REP,Pete Stauber,incumbent U.S. representative,2026,House,MN,stauber p,4,1,0
8,DEM,[ 127 ],"lbranson, reality TV star",2026,House,MN,,0,0,0
8,DEM,U.S. Citizenship and Immigration Services,d Immigration Services Director of International Operations,2026,House,MN,services u,0,0,0
8,DEM,Minnesota Nurses Association,s field manager for the Minnesota Nurses Association,2026,House,MN,association m,0,0,0
8,DEM,Grant Hauschild,state senator from the 3rd district (2023–present),2026,House,MN,hauschild g,2,1,0
1,DEM,Wesley Bell,incumbent U.S. representative,2026,House,MO,bell w,4,1,0
1,DEM,Cori Bush,former U.S. representative (2021–2025),2026,House,MO,bush c,4,1,0
1,DEM,[ 9 ],"Harris, business owner",2026,House,MO,,0,0,0
1,REP,[ 10 ],"erry, bail bondsman and perennial candidate",2026,House,MO,,0,0,0
2,REP,[ 51 ],"Pfeifer, entrepreneur",2026,House,MO,,0,0,0
2,REP,Ann Wagner,incumbent U.S. representative,2026,House,MO,wagner a,4,1,0
2,REP,Bill Eigel,former state senator from the 23rd district (2017–2025) and candidate for governor in 2024  (running for St. Charles County Executive),2026,House,MO,eigel b,2,0,1
2,DEM,[ 59 ],"lash, physician",2026,House,MO,,0,0,0
2,DEM,Columbia University,ologist at Columbia University,2026,House,MO,university c,0,0,0
2,DEM,Doug Beck,minority leader of the Missouri Senate,2026,House,MO,beck d,0,0,0
2,DEM,Adam Wainwright,commentator for MLB on Fox and former St. Louis Cardinals baseball player,2026,House,MO,wainwright a,0,0,0
3,REP,Bob Onder,incumbent U.S. representative,2026,House,MO,onder b,4,1,0
3,DEM,[ 74 ],"onner, corrections officer",2026,House,MO,,0,0,0
4,REP,Mark Alford,incumbent U.S. representative,2026,House,MO,alford m,4,1,0
4,DEM,[ 81 ],"te Cass, farmer and community advocate",2026,House,MO,,0,0,0
4,DEM,Kansas City Tenants Union,and Kansas City Tenants Union organizer,2026,House,MO,union k,0,0,0
4,DEM,Jolie Justus,former minority leader of the Missouri Senate (2013–2015) from the 10th district (2007–2015) and candidate for mayor of Kansas City in 2019,2026,House,MO,justus j,0,0,1
4,DEM,Quinton Lucas,mayor of Kansas City (2019–present),2026,House,MO,lucas q,1,1,0
5,DEM,Kansas City Tenants Union,and Kansas City Tenants Union organizer  (filed for candidacy in Missouri's 4th congressional district after redistricting),2026,House,MO,union k,0,0,0
5,REP,[ 81 ],"Beebe, investment specialist",2026,House,MO,,0,0,0
5,REP,Rick Brattin,state senator from the 31st district (2021–present) and candidate for the 4th district in 2022,2026,House,MO,brattin r,2,1,1
5,REP,Boone County,"former Boone County clerk, candidate for the 4th district in 2022 , and candidate for the 3rd district in 2024",2026,House,MO,county b,1,0,1
5,REP,U.S. Army,"y, U.S. Army veteran",2026,House,MO,army u,0,0,0
5,REP,Jackson County,ckson County legislator and nominee for this district in 2024 ( running for state house ),2026,House,MO,county j,0,0,1
6,REP,[ 107 ],"ngram, business owner",2026,House,MO,,0,0,0
6,REP,Chris Stigall,radio show host,2026,House,MO,stigall c,0,0,0
6,REP,Kansas City,"ett, Kansas City councilmember",2026,House,MO,city k,1,0,0
6,REP,Sam Graves,incumbent U.S. representative,2026,House,MO,graves s,4,1,0
6,REP,Mazzie Christensen,state representative from the 2nd district (2023–present),2026,House,MO,christensen m,2,1,0
6,DEM,transportation security officer,urity officer,2026,House,MO,officer t,0,0,0
6,DEM,[ 117 ],"ead, architect",2026,House,MO,,0,0,0
7,REP,Eric Burlison,incumbent U.S. representative,2026,House,MO,burlison e,4,1,0
7,REP,[ 120 ],"sey, construction worker",2026,House,MO,,0,0,0
8,REP,Texas's 32nd congressional district,candidate for Texas's 32nd congressional district in 2026,2026,House,MO,district t,0,0,1
8,REP,Jason Smith,incumbent U.S. representative,2026,House,MO,smith j,4,1,0
8,DEM,Frank Barnitz,former state senator from the 16th district (2005–2011),2026,House,MO,barnitz f,2,0,0
8,DEM,[ 131 ],"Harbison, tree service contractor",2026,House,MO,,0,0,0
1,REP,Aaron Flint,radio host,2026,House,MT,flint a,0,0,0
1,REP,Ryan Zinke,incumbent U.S. representative (endorsed Flint),2026,House,MT,zinke r,4,1,0
1,REP,Matt Regier,president of the Montana Senate (2025–present) from the 5th district (2025–present),2026,House,MT,regier m,0,1,0
1,REP,Denny Rehberg,former U.S. representative (2001–2013),2026,House,MT,rehberg d,4,1,0
1,DEM,Sam Forstag,smokejumper and union leader,2026,House,MT,forstag s,0,0,0
1,DEM,Brian Schweitzer,former Governor of Montana (2005–2013)  (endorsed Busse),2026,House,MT,schweitzer b,3,0,0
1,DEM,Hank Green,vlogger and entrepreneur  [ non-primary source needed ],2026,House,MT,green h,0,0,0
2,REP,Troy Downing,incumbent U.S. representative,2026,House,MT,downing t,4,1,0
2,DEM,[ 48 ],"Miller, attorney",2026,House,MT,,0,0,0
2,IND,[ 53 ],"l Eisenhauer, cardiologist",2026,House,MT,,0,0,0
1,REP,Rocky Mount,"son, mayor of Rocky Mount (2019–present) and candidate for this district in 2022",2026,House,NC,mount r,1,1,1
1,REP,Greg Murphy,incumbent U.S. representative from the 3rd district (running in the 3rd district),2026,House,NC,murphy g,4,1,0
1,REP,2020,"y Smith, farmer, nominee for this district in 2020 and 2022 , and candidate in 2024",2026,House,NC,,0,0,1
1,IND,Elizabeth City,andidate for Mayor of Elizabeth City in 2025,2026,House,NC,city e,1,0,0
2,DEM,[ 58 ],"nnett, energy policy analyst",2026,House,NC,,0,0,0
2,REP,Brian McGinnis,"anti-war activist, Marine veteran, and firefighter",2026,House,NC,mcginnis b,0,0,0
3,DEM,Don Davis,incumbent U.S. representative from the 1st district (running in the 1st district),2026,House,NC,davis d,4,1,0
5,REP,Rockingham County,ir of the Rockingham County board of commissioners and son of state senator Phil Berger,2026,House,NC,county r,2,0,0
5,IND,[ 117 ],"layton, digital marketing consultant",2026,House,NC,,0,0,0
7,IND,[ 133 ],"nry, business owner",2026,House,NC,,0,0,0
8,DEM,2024,"in Dues, tech consultant and nominee for this district in 2024 (ran for US Senate )",2026,House,NC,,0,0,1
11,DEM,Moe Davis,retired U.S. Air Force colonel and nominee for this district in 2020,2026,House,NC,davis m,0,0,1
11,DEM,[ 175 ],"arjes, real estate investor",2026,House,NC,,0,0,0
11,DEM,World Food Programme,er World Food Programme project manager,2026,House,NC,programme w,0,0,0
11,IND,[ 188 ],"gers, attorney",2026,House,NC,,0,0,0
1,REP,Mike Flood,incumbent U.S. representative,2026,House,NE,flood m,4,1,0
1,DEM,assistant secretary of state,uty assistant secretary of state,2026,House,NE,state a,3,0,0
1,DEM,[ 10 ],"ndman, retired farmer",2026,House,NE,,0,0,0
1,IND,Austin Ahlman,investigative reporter for The Intercept,2026,House,NE,ahlman a,0,0,0
2,REP,Omaha city councilor,ha city councilor from the 6th district (2017–present),2026,House,NE,councilor o,1,1,0
2,REP,Brett Lindstrom,"former state senator from the 18th district (2015–2023), candidate for this district in 2012 , and candidate for governor in 2022",2026,House,NE,lindstrom b,2,0,1
2,REP,Don Bacon,incumbent U.S. representative  ( endorsed Harding ),2026,House,NE,bacon d,4,1,0
2,REP,Federation of Young Republicans,of the Nebraska Federation of Young Republicans,2026,House,NE,republicans f,0,0,0
2,REP,Douglas County,Douglas County Sheriff,2026,House,NE,county d,1,0,0
2,DEM,[ 32 ],"Powell, candidate training group co-founder",2026,House,NE,,0,0,0
2,DEM,House Majority Leader,r policy director for House Majority Leader Steny Hoyer (remained on ballot),2026,House,NE,leader h,0,0,0
2,DEM,Tony Vargas,"former state senator and nominee for this district in 2022 and 2024 (endorsed Powell,  running for Douglas County Treasurer)",2026,House,NE,vargas t,2,0,1
2,IND,Megan Hunt,state senator from the 8th district (2019–present),2026,House,NE,hunt m,2,1,0
2,IND,Dan Osborn,"former president of Bakery, Confectionery, Tobacco Workers and Grain Millers International Union Local 50G and candidate for U.S. Senate in 2024 (running for U.S. Senate )",2026,House,NE,osborn d,0,0,1
3,REP,Adrian Smith,incumbent U.S. representative,2026,House,NE,smith a,4,1,0
3,DEM,[ 74 ],"Stille, agriculture processing quality manager",2026,House,NE,,0,0,0
3,IND,[ 76 ],"Budke, behavioral health practice manager (Independent)",2026,House,NE,,0,0,0
3,IND,U.S. Air Force,rmer U.S. Air Force attorney (Independent),2026,House,NE,force u,0,0,0
1,DEM,Hampton,"h Beriont, Hampton selectwoman",2026,House,NH,hampton,0,0,0
1,DEM,[ 6 ],"Chadzynski, nonprofit director",2026,House,NH,,0,0,0
1,DEM,Bill Conlin,former state representative from the Strafford 15th district (2022–2024),2026,House,NH,conlin b,2,1,0
1,DEM,Heath Howard,state representative from the Strafford 4th district (2022–present),2026,House,NH,howard h,2,1,0
1,DEM,Portsmouth,"aheen, former Portsmouth city councilor and daughter of U.S. Senator Jeanne Shaheen",2026,House,NH,portsmouth,4,0,0
1,DEM,libertarian,"Spinosa, libertarian activist and journalist",2026,House,NH,libertarian,0,0,0
1,DEM,Maura Sullivan,"vice chair of the New Hampshire Democratic Party , former Assistant to the Secretary of Defense for Public Affairs (2015), and candidate for this district in 2018",2026,House,NH,sullivan m,0,0,1
1,DEM,Army National Guard,lawyer and Army National Guard captain,2026,House,NH,guard a,0,0,0
1,DEM,Debra Altschiller,state senator from the 24th district (2022–present) (running for re-election),2026,House,NH,altschiller d,2,1,0
1,DEM,mayor,"an McEachern, mayor of Portsmouth and candidate for this district in 2018  (endorsed Shaheen)",2026,House,NH,mayor,1,0,1
1,DEM,Chris Pappas,incumbent U.S. representative ( running for U.S. Senate ),2026,House,NH,pappas c,4,1,0
1,DEM,Tom Sherman,former state senator from the 24th district (2018–2022) and nominee for governor in 2022 (endorsed Shaheen),2026,House,NH,sherman t,2,0,1
1,REP,MIT Sloan CIO Symposium,man emeritus of the MIT Sloan CIO Symposium,2026,House,NH,symposium m,0,0,0
1,REP,Brian Cole,state representative from the Hillsborough 26th district (2022–present),2026,House,NH,cole b,2,1,0
1,REP,[ 45 ],"y DiLorenzo, auto dealer",2026,House,NH,,0,0,0
1,REP,New Hampshire Republican Party,chair of the New Hampshire Republican Party and candidate for this district in 2024,2026,House,NH,party n,0,0,1
1,REP,Bedford,"Bailey, vice chair of the Bedford Republican Committee (Endorsed DiLorenzo)",2026,House,NH,bedford,0,0,0
1,REP,Donald Trump 2024 presidential campaign,co-chair for the Donald Trump 2024 presidential campaign,2026,House,NH,campaign d,0,0,0
1,REP,Karoline Leavitt,White House Press Secretary (2025–present) and nominee for this district in 2022,2026,House,NH,leavitt k,4,1,1
1,REP,Manchester,"asseur, at-large Manchester alder and candidate for this district in 2024",2026,House,NH,manchester,0,0,1
1,REP,Jay Ruais,mayor of Manchester (2023–present),2026,House,NH,ruais j,1,1,0
2,DEM,Paige Beauchemin,state representative from the Hillsborough 3rd district (2023–present),2026,House,NH,beauchemin p,2,1,0
2,DEM,Maggie Goodlander,incumbent U.S. representative,2026,House,NH,goodlander m,4,1,0
2,REP,2024,"ael A. Callis, stone mason and candidate for this district in 2024",2026,House,NH,,0,0,1
2,REP,Lily Tang Williams,"former chair of the Colorado Libertarian Party , nominee for this district in 2024 and candidate in 2022 , and Libertarian nominee for U.S. Senate in Colorado in 2016",2026,House,NH,williams l,0,0,1
1,DEM,[ 4 ],"e Affrime, cannabis dispensary owner",2026,House,NJ,,0,0,0
1,IND,independent,"son (For the People), janitor and independent candidate for this seat in 2024",2026,House,NJ,independent,0,0,1
2,DEM,[ 38 ],"inn, teacher",2026,House,NJ,,0,0,0
3,DEM,U.S. Marine Corps,Marine Corps veteran,2026,House,NJ,corps u,0,0,0
3,REP,Linda McMahon,registered nurse (no relation to Education Secretary Linda McMahon ),2026,House,NJ,mcmahon l,0,0,0
3,IND,[ 21 ],"ichael Kelly (Affordability, Accountability, People), public servant",2026,House,NJ,,0,0,0
3,IND,Green Party,"er ( Green Party ), journalist and nominee for LD-14 in 2025",2026,House,NJ,party g,0,0,1
4,REP,Governor of New Jersey,ate agent and candidate for Governor of New Jersey in 2025,2026,House,NJ,jersey g,0,0,1
4,DEM,[ 70 ],"Doll, nurse",2026,House,NJ,,0,0,0
4,DEM,Rutgers University,rs University professor (endorsed Peace),2026,House,NJ,university r,0,0,0
4,DEM,Rutgers Law School,Rutgers Law School student,2026,House,NJ,school r,0,0,0
4,IND,U.S. Senate,"es, Democratic candidate for U.S. Senate in 2024",2026,House,NJ,senate u,0,0,1
5,REP,[ 78 ],"slanian, businessman (endorsed Kirrane)",2026,House,NJ,,0,0,0
5,REP,"Tuxedo Park, New York","former mayor of Tuxedo Park, New York and nominee for this district in 2024",2026,House,NJ,york t,1,0,1
5,IND,DJ,"am Rueda (Humane Sustainable Future), DJ",2026,House,NJ,dj,0,0,0
6,IND,[ 21 ],"Jit Soni (NJ Families First), international banker",2026,House,NJ,,0,0,0
7,DEM,Richie Adubato,professor and daughter of former basketball coach Richie Adubato,2026,House,NJ,adubato r,0,0,0
7,DEM,[ 109 ],"ndoza, attorney",2026,House,NJ,,0,0,0
7,DEM,U.S. Department of Agriculture,change advisor at the U.S. Department of Agriculture (endorsed Bennett),2026,House,NJ,agriculture u,0,0,0
7,DEM,Somerset County,rset County commissioner (endorsed Bennett),2026,House,NJ,county s,1,0,0
7,DEM,Summit,"artan, former Summit common councilmember (2019–2024) [ b ] and candidate for this district in 2024 (endorsed Bennett)",2026,House,NJ,summit,0,0,1
7,DEM,Tom Malinowski,former chair of the Hunterdon County Democratic Party (2024–2025) and former U.S. representative (2019–2023)  ( ran in the 11th district ),2026,House,NJ,malinowski t,4,1,0
7,IND,Libertarian Party,"ertarian Party ), political organizer",2026,House,NJ,party l,0,0,0
7,IND,Randall Terry,"author, perennial candidate, and Constitution Party nominee for president in 2024",2026,House,NJ,terry r,0,0,1
8,IND,[ 206 ],"le Eliopoulos (Independent), teacher",2026,House,NJ,,0,0,0
8,IND,Socialist Workers Party,"Workers Party ), nominee for Lieutenant Governor of New Jersey in 2025",2026,House,NJ,party s,0,0,1
9,DEM,Andre Sayegh,mayor of Paterson (2018–present) and candidate for this district in 2024 (running for re-election),2026,House,NJ,sayegh a,1,1,1
9,REP,2020,"y Prempeh, sales consultant and nominee for this district in 2020 , 2022 , and 2024 (endorsed Burress)",2026,House,NJ,,0,0,1
9,IND,Terrisa Bukovinac,"(Save Our Babies), former president of Democrats for Life of America and candidate for the 2024 United States presidential election",2026,House,NJ,bukovinac t,0,0,1
9,IND,[ 21 ],"es Minaya (God First), perennial candidate",2026,House,NJ,,0,0,0
10,IND,Green Party,college student and Green Party nominee for this district in 2024,2026,House,NJ,party g,0,0,1
11,DEM,Rosy Bagolie,state assemblymember from the 27th district (2024–present),2026,House,NJ,bagolie r,2,1,0
11,DEM,U.S. Army,"her, U.S. Army veteran, venture capitalist, and candidate for this district in the April special election",2026,House,NJ,army u,0,0,1
11,DEM,J-L Cauvin,"attorney, comedian, and candidate for this district in the April special election  (endorsed Mejia)",2026,House,NJ,cauvin j,0,0,1
11,DEM,April special election,"t executive, former White House deputy new media director, and candidate for this district in the April special election  (endorsed Mejia)",2026,House,NJ,election a,4,0,1
11,DEM,Essex County,"at-large Essex County commissioner , husband of state assemblymember Alixon Collazos-Gill , candidate for New Jersey's 27th assembly district in 2023 , and candidate for this district in the April special election (endorsed Mejia)",2026,House,NJ,county e,2,0,1
11,DEM,Tom Malinowski,"former chair of the Hunterdon County Democratic Party (2024–2025), former U.S. representative from the 7th district (2019–2023), and candidate for this district in the April special election (endorsed Mejia)",2026,House,NJ,malinowski t,4,1,1
11,DEM,Tahesha Way,former lieutenant governor (2023–2026) and secretary of state of New Jersey (2018–2026) and candidate for this district in the April special election,2026,House,NJ,way t,3,0,1
11,IND,April special election,"morrow), former money manager and candidate in the April special election",2026,House,NJ,election a,0,0,0
11,IND,NJ-10,"ll Jenkins (One for All), candidate for NJ-10 in the 2024 special election",2026,House,NJ,nj,0,0,1
11,IND,[ 21 ],"t Matrisciano (Common Sense Independent), retired federal employee",2026,House,NJ,,0,0,0
12,DEM,[ 38 ],"nderson, entrepreneur",2026,House,NJ,,0,0,0
12,DEM,Millstone,mayor of Millstone (endorsed Robinson),2026,House,NJ,millstone,1,0,0
12,DEM,Bonnie Watson Coleman,incumbent U.S. representative,2026,House,NJ,coleman b,4,1,0
12,DEM,Mercer County,"Covello, Mercer County clerk (endorsed Reynolds-Jackson)",2026,House,NJ,county m,1,0,0
12,DEM,Reed Gusciora,mayor of Trenton (2018–present) and nominee for the 4th district in 2000 (endorsed Reynolds-Jackson),2026,House,NJ,gusciora r,1,1,1
12,DEM,Tennille McCoy,state assemblymember from the 14th district (2024–present),2026,House,NJ,mccoy t,2,1,0
12,DEM,Andrew Zwicker,state senator from the 16th district (2022–present) and candidate for this district in 2014,2026,House,NJ,zwicker a,2,1,1
12,REP,Spotswood,"borney, Spotswood councilmember (running for Middlesex County commission)",2026,House,NJ,spotswood,0,0,0
12,IND,Green Party,"te ( Green Party ), organizer",2026,House,NJ,party g,0,0,0
12,IND,[ 21 ],"n Jordan (Get Money Out), IT executive",2026,House,NJ,,0,0,0
12,IND,U.S. Army,"s, U.S. Army reserve officer, former Middlesex councilmember, and candidate for this seat",2026,House,NJ,army u,0,0,1
1,DEM,Dina Titus,incumbent U.S. representative,2026,House,NV,titus d,4,1,0
1,DEM,[ 7 ],"Pereszlenyi, data analyst",2026,House,NV,,0,0,0
1,REP,Carrie Buck,state senator from the 5th district (2020–present),2026,House,NV,buck c,2,1,0
1,REP,[ 31 ],"Hanoff, retired police officer",2026,House,NV,,0,0,0
1,IND,[ 35 ],"Khan, former car dealer and convicted felon",2026,House,NV,,0,0,0
2,REP,Nevada’s 4th congressional district,candidate for Nevada’s 4th congressional district in 2024 (previously ran in the 4th district),2026,House,NV,district n,0,0,1
2,REP,Mark Amodei,incumbent U.S. representative (2011–present)  (endorsed Settelmeyer),2026,House,NV,amodei m,4,1,0
2,REP,"Modesto, California","Modesto, California city councilor (1997–2003) and candidate for U.S. Senate in 2022 and 2024",2026,House,NV,california m,1,0,1
2,REP,Eureka County,"former Eureka County sheriff (endorsed Settelmeyer, remained on ballot)",2026,House,NV,county e,1,0,0
2,REP,Sam Brown,"Under Secretary of Veterans Affairs for Memorial Affairs (2025–present), nominee for U.S. Senate in 2024 , and candidate in 2022",2026,House,NV,brown s,0,1,1
2,REP,[ 53 ],"nos, trade association executive  (endorsed Settelmeyer)",2026,House,NV,,0,0,0
2,REP,Joey Gilbert,"attorney, former boxer, and candidate for governor in 2022  (endorsed Flippo)",2026,House,NV,gilbert j,0,0,1
2,REP,Reno Air Races,"Reno Air Races director of flight operations, candidate for lieutenant governor in 2022 , and candidate for U.S. Senate in 2024",2026,House,NV,races r,0,0,1
2,REP,Ken Gray,advisor to the National Cemetery Administration (2025–present) and former state assemblymember from the 39th district (2022–2025) ( running for state assembly ),2026,House,NV,gray k,2,1,0
2,REP,Ira Hansen,state senator from the 14th district (2018–present),2026,House,NV,hansen i,2,1,0
2,REP,Adam Laxalt,"former Nevada Attorney General (2015–2019), nominee for governor in 2018 , and nominee for U.S. Senate in 2022",2026,House,NV,laxalt a,3,0,1
2,REP,Andy Matthews,Nevada State Controller (2023–present) ( running for re-election ),2026,House,NV,matthews a,0,1,0
2,REP,Danny Tarkanian,Douglas County commissioner (2021–present) and candidate for this district in 2022 ( running for attorney general ),2026,House,NV,tarkanian d,1,1,1
2,REP,Robin Titus,minority leader of the Nevada Senate (2024–present) from the 17th district (2022–present) ( running for re-election ),2026,House,NV,titus r,0,1,0
2,DEM,Teresa Benitez-Thompson,chief of staff to Nevada Attorney General Aaron Ford and former majority leader of the Nevada Assembly (2016–2022) from the 27th district (2010–2022),2026,House,NV,thompson t,3,0,0
2,DEM,[ 68 ],"ebert, physicist   ( endorsed Wadsworth, remained on ballot )",2026,House,NV,,0,0,0
2,DEM,Alexis Hill,Washoe County commissioner (2021–present) ( running for governor ),2026,House,NV,hill a,3,1,0
2,DEM,Selena La Rue Hatch,"state assemblymember from the 25th district (2022–present) ( running for re-election , endorsed Benitez-Thompson)",2026,House,NV,hatch s,2,1,0
2,DEM,Kate Marshall,former lieutenant governor of Nevada (2019–2021) and nominee for this seat in 2011 ( running for mayor of Reno ),2026,House,NV,marshall k,3,0,1
2,DEM,Sparks,"driguez, Sparks city councilor",2026,House,NV,sparks,1,0,0
2,DEM,Washoe County Board of Education,County Board of Education,2026,House,NV,education w,0,0,0
2,DEM,Angie Taylor,state senator from the 15th district (2024–present),2026,House,NV,taylor a,2,1,0
2,IND,Hillary Schieve,"(Independent), mayor of Reno (2014–present)",2026,House,NV,schieve h,1,1,0
3,DEM,Susie Lee,incumbent U.S. representative,2026,House,NV,lee s,4,1,0
3,REP,Martin O'Donnell,composer and candidate for this district in 2024,2026,House,NV,donnell m,0,0,1
3,REP,[ 87 ],"Brandlin, lawyer",2026,House,NV,,0,0,0
3,REP,Clark County,"uez, Clark County school board trustee",2026,House,NV,county c,1,0,0
4,DEM,Steven Horsford,incumbent U.S. representative,2026,House,NV,horsford s,4,1,0
4,REP,[ 97 ],"hipple, telecommunications business owner",2026,House,NV,,0,0,0
1,DEM,John Avlon,"former CNN reporter, co-founder of No Labels , and nominee for this district in 2024",2026,House,NY,avlon j,0,0,1
2,DEM,Islip,"tt Petersen, deputy chair of the Islip Democrats and nominee for New York's 7th State Assembly district in 2024",2026,House,NY,islip,0,0,1
2,DEM,[ 38 ],"Taveras, store manager",2026,House,NY,,0,0,0
4,DEM,Taylor Darling,former state assemblymember from the 18th district (2019–2024) and candidate for New York's 6th State Senate district in 2024,2026,House,NY,darling t,2,0,1
4,DEM,2024,"Jones, businessman and candidate for this district in 2024",2026,House,NY,,0,0,1
4,REP,Valley Stream,former mayor of Valley Stream,2026,House,NY,stream v,1,0,0
4,REP,Anthony D'Esposito,Inspector General of the U.S. Department of Labor (2026–present) and former U.S. representative (2023–2025),2026,House,NY,esposito a,4,1,0
7,DEM,AFGE,"n Osorio, president of AFGE Local 3369",2026,House,NY,afge,0,0,0
7,DEM,Alexa Avilés,New York City councilmember from the 38th district (2022–present),2026,House,NY,aviles a,1,1,0
7,DEM,Tiffany Cabán,New York City councilmember from the 22nd district (2021–present) and candidate for Queens District Attorney in 2019,2026,House,NY,caban t,1,1,1
7,DEM,Emily Gallagher,state assemblymember from the 50th district (2021–present),2026,House,NY,gallagher e,2,1,0
7,DEM,Jennifer Gutiérrez,New York City councilmember from the 34th district (2022–present) (endorsed Reynoso),2026,House,NY,gutierrez j,1,1,0
7,DEM,Sandy Nurse,New York City councilmember from the 37th district (2022–present) (endorsed Reynoso),2026,House,NY,nurse s,1,1,0
7,DEM,Lincoln Restler,New York City councilmember from the 33rd district (2022–present) (endorsed Reynoso),2026,House,NY,restler l,1,1,0
7,DEM,Julia Salazar,state senator from the 18th district (2019–present) ( running for re-election ),2026,House,NY,salazar j,2,1,0
7,DEM,Nydia Velázquez,incumbent U.S. representative  (endorsed Reynoso),2026,House,NY,velazquez n,4,1,0
7,IND,[ 177 ],"la Ghaznavi, designer and artist",2026,House,NY,,0,0,0
8,DEM,Chi Ossé,New York City councilmember from the 36th district (2022–present),2026,House,NY,osse c,1,1,0
8,DEM,Jabari Brisport,New York state senator from the 25th district (2021–present),2026,House,NY,brisport j,2,1,0
10,DEM,Alexa Avilés,New York City councilmember from the 38th district (2022–present),2026,House,NY,aviles a,1,1,0
10,DEM,Cameron Kasky,co-founder of Never Again MSD,2026,House,NY,kasky c,0,0,0
10,DEM,Yuh-Line Niou,former state assemblymember from the 65th district (2017–2022) and candidate for this district in 2022  ( ran for state senate ),2026,House,NY,niou y,2,0,1
10,DEM,Scott Stringer,former New York City Comptroller (2014–2021) and candidate for mayor of New York City in 2021 and 2025,2026,House,NY,stringer s,0,0,1
11,DEM,[ 274 ],"Ziogas, electrician and labor organizer (remained on ballot)",2026,House,NY,,0,0,0
11,DEM,Brooklyn,"an, former assistant to Brooklyn Borough President Antonio Reynoso",2026,House,NY,brooklyn,0,0,0
12,DEM,Erik Bottcher,"former New York City Councilmember from the 3rd district (2022–2026) ( ran for state senate , endorsed Lasher)",2026,House,NY,bottcher e,2,0,0
12,DEM,[ 295 ],"kind, non-profit CEO (endorsed Lasher)",2026,House,NY,,0,0,0
12,DEM,Jami Floyd,journalist and member of Manhattan Community Board 7 (endorsed Schlossberg),2026,House,NY,floyd j,0,0,0
12,DEM,Cameron Kasky,co-founder of Never Again MSD and March for Our Lives organizer,2026,House,NY,kasky c,0,0,0
12,DEM,Chelsea Clinton,writer and daughter of former U.S. Senator Hillary Clinton and former president Bill Clinton,2026,House,NY,clinton c,4,0,0
12,DEM,Andrew Cuomo,former Governor and candidate for mayor in 2025,2026,House,NY,cuomo a,3,0,1
12,DEM,Dan Goldman,incumbent U.S. representative from the 10th district (running for re-election),2026,House,NY,goldman d,4,1,0
12,DEM,Molly Jong-Fast,journalist and author,2026,House,NY,fast m,0,0,0
12,DEM,Lina Khan,former chair of the Federal Trade Commission (2021–2025),2026,House,NY,khan l,0,0,0
12,DEM,Liz Krueger,state senator from the 28th district (2002–present) ( running for re-election ),2026,House,NY,krueger l,2,1,0
12,DEM,Carolyn Maloney,former U.S. representative (1993–2023) (endorsed Bores),2026,House,NY,maloney c,4,1,0
12,DEM,Julie Menin,New York City councilmember from the 5th district (2022–present)  and Speaker of the New York City Council (2026–present),2026,House,NY,menin j,1,1,0
12,DEM,Jerry Nadler,incumbent U.S. representative  (endorsed Lasher),2026,House,NY,nadler j,4,1,0
12,DEM,Scott Stringer,former New York City Comptroller (2014–2021) and candidate for mayor in 2021 and 2025  (endorsed Lasher),2026,House,NY,stringer s,0,0,1
12,IND,Karen Ortiz,former Equal Employment Opportunity Commission administrative judge (2018–2025) ( Independent ),2026,House,NY,ortiz k,1,0,0
12,IND,Independence Party of New York,entist ( Independence Party of New York ),2026,House,NY,york i,0,0,0
13,DEM,Darializa Avila Chevalier,graduate student and community organizer,2026,House,NY,chevalier d,0,0,0
13,DEM,[ 420 ],"Amador, healthcare sales executive",2026,House,NY,,0,0,0
13,REP,2025,"al ""Jomo"" Williams, businessman and candidate for New York City Council in 2025",2026,House,NY,,0,0,1
15,DEM,Bronx Community Board 1,r of Bronx Community Board 1,2026,House,NY,board b,0,0,0
15,DEM,Amanda Septimo,state assemblymember from the 84th district (2021–present) ( running for re-election ),2026,House,NY,septimo a,2,1,0
15,DEM,Jamaal Bowman,former U.S. representative for the 16th district (2021–2025),2026,House,NY,bowman j,4,1,0
15,IND,Gonzalo Duran,"( Conservative ), conservative activist and nominee for this seat in 2024",2026,House,NY,duran g,0,0,1
15,IND,[ 497 ],"aston (Independent), teacher",2026,House,NY,,0,0,0
16,DEM,Jamaal Bowman,former U.S. representative for this district (2021–2025),2026,House,NY,bowman j,4,1,0
17,REP,Bill Weber,state senator from the 38th district (2023–present) ( running for re-election ),2026,House,NY,weber b,2,1,0
17,DEM,Briarcliff Manor,ormer mayor of Briarcliff Manor,2026,House,NY,manor b,1,0,0
17,DEM,[ 517 ],"Reinmann, nonprofit CEO (endorsed Conley)",2026,House,NY,,0,0,0
17,DEM,FBI,"n Sullivan, former FBI intelligence analyst",2026,House,NY,fbi,0,0,0
17,DEM,Sean Patrick Maloney,former U.S. Ambassador to the OECD (2024–2025) and former U.S. representative from the 18th district (2013–2023),2026,House,NY,maloney s,4,1,0
17,DEM,Brandon del Pozo,professor and former NYPD officer,2026,House,NY,pozo b,0,0,0
17,DEM,Metropolitan Transportation Authority,tation Authority board member,2026,House,NY,authority m,0,0,0
18,REP,Nassau County,"nd, former Nassau County human rights commissioner",2026,House,NY,county n,0,0,0
19,REP,House Foreign Affairs Committee,ctor for the House Foreign Affairs Committee (endorsed Oberacker),2026,House,NY,committee h,0,0,0
19,REP,Marc Molinaro,former administrator of the Federal Transit Administration (2025–2026) and former U.S. Representative from New York's 19th congressional district (2023–2025) ( running for state assembly ),2026,House,NY,molinaro m,4,1,0
21,REP,2020,"Joy, realtor, nominee for the 20th district in 2020 and 2022 , and candidate for this district in the canceled 2025 special election",2026,House,NY,,0,0,1
21,REP,Marc Molinaro,former administrator of the Federal Transit Administration (2025–2026) and former U.S. Representative from New York's 19th congressional district (2023–2025) ( running for state assembly ),2026,House,NY,molinaro m,4,1,0
21,REP,canceled 2025 special election,andidate for this district in the canceled 2025 special election,2026,House,NY,election c,0,0,0
21,REP,Dan Stec,state senator from the 45th district (2021–present) and candidate for this district in the canceled 2025 special election ( running for re-election ),2026,House,NY,stec d,2,1,1
21,REP,Elise Stefanik,"incumbent U.S. representative ( ran for governor, later withdrew )",2026,House,NY,stefanik e,4,1,0
21,REP,Christopher Tague,"state assemblymember from the 102nd district (2018–present), chair of the Schoharie County Republican Party, and candidate for this district in the canceled 2025 special election ( running for state senate )",2026,House,NY,tague c,2,1,1
21,REP,Mark Walczyk,state senator from the 49th district (2023–present),2026,House,NY,walczyk m,2,1,0
21,DEM,[ 590 ],"Haller, hip hop and folk artist",2026,House,NY,,0,0,0
21,IND,Richard Grayson,writer and perennial candidate (Communist Party),2026,House,NY,grayson r,0,0,0
21,IND,[ 597 ],"pher Schmidt, educator",2026,House,NY,,0,0,0
22,REP,[ 602 ],"ollenbeck, entrepreneur",2026,House,NY,,0,0,0
22,REP,John Lemondes Jr.,state assemblyman from the 126th district (2021–present) and candidate for this district [ r ] in 2014,2026,House,NY,lemondes j,2,1,1
22,REP,John Salka,former state assemblyman from the 121st district (2019–2023),2026,House,NY,salka j,2,0,0
22,REP,Onondaga County,nondaga County legislator (2019–2025) and nominee for SD-48 in 2022,2026,House,NY,county o,0,0,1
22,IND,[ 608 ],"Staton, educational consultant",2026,House,NY,,0,0,0
24,DEM,2022,"en Holden, financial management consultant and nominee for this district in 2022",2026,House,NY,,0,0,1
24,IND,[ 621 ],"es, farmer",2026,House,NY,,0,0,0
1,REP,[ 15 ],"Erbeck, dentist (remained on ballot)",2026,House,OH,,0,0,0
4,IND,Springfield,"ett, assistant mayor of Springfield",2026,House,OH,springfield,1,0,0
4,IND,2022,"e Wilson, businesswoman and Democratic nominee for this district in 2022 and 2024",2026,House,OH,,0,0,1
6,DEM,2024,"ael Kripchak, businessman and nominee for this district in 2024 ( running for state senate )",2026,House,OH,,0,0,1
7,REP,[ 68 ],"Schulz, author",2026,House,OH,,0,0,0
7,DEM,[ 67 ],"Duvall-Gambino, motivational speaker and life coach (write-in)",2026,House,OH,,0,0,0
9,REP,Rob McColley,president of the Ohio Senate (2025–present) from the 1st district (2017–present) ( running for lieutenant governor with Vivek Ramaswamy ),2026,House,OH,mccolley r,3,1,0
9,REP,Craig Riedel,former state representative and candidate for this district in 2022 and 2024 ( running for state senate ),2026,House,OH,riedel c,2,1,1
9,REP,[ 115 ],"insel, brewery owner",2026,House,OH,,0,0,0
13,REP,Springfield Township,ngfield Township trustee,2026,House,OH,township s,0,0,0
13,REP,Kevin Coughlin,former state senator and nominee for this district in 2024,2026,House,OH,coughlin k,2,0,1
13,IND,[ 163 ],"Dixit, software architect",2026,House,OH,,0,0,0
14,REP,2014,"Zetzer, field technician and nominee for the 11th district in 2014",2026,House,OH,,0,0,1
1,REP,2024,"Houck, nonprofit ministry founder and candidate for this district in 2024",2026,House,PA,,0,0,1
3,DEM,Morgan Cephas,state representative from the 192nd district (2017–present) (endorsed Street),2026,House,PA,cephas m,2,1,0
3,DEM,Dwight Evans,incumbent U.S. representative  (endorsed Stanford),2026,House,PA,evans d,4,1,0
3,DEM,[ 55 ],"h Griffin, former federal security officer   (endorsed Street)",2026,House,PA,,0,0,0
3,DEM,U.S. Treasury Department,mer policy adviser for the U.S. Treasury Department,2026,House,PA,department u,0,0,0
3,DEM,Rick Krajewski,state representative from the 188th district (2021–present)  (endorsed Rabb),2026,House,PA,krajewski r,2,1,0
7,DEM,Lehigh County,"Lehigh County Controller (2020–present), nominee for Pennsylvania's 16th senate district in 2018 and 2022 , and candidate for Pennsylvania Auditor General in 2024 ( running for state senate )",2026,House,PA,county l,0,1,1
7,DEM,Susan Wild,former U.S. Representative (2018–2025)  (endorsed Obando-Derstine),2026,House,PA,wild s,4,1,0
8,DEM,2000,"cis McHale, retired state administrative officer and candidate for the 10th district in 2000",2026,House,PA,,0,0,1
8,DEM,Marty Flynn,state senator from the 22nd district (2021–present),2026,House,PA,flynn m,2,1,0
8,DEM,Matt Cartwright,former U.S. Representative (2013–2025)  (endorsed Cognetti),2026,House,PA,cartwright m,4,1,0
8,DEM,Lackawanna County,kawanna County commissioner,2026,House,PA,county l,1,0,0
8,DEM,Pittston,"Lombardo, mayor of Pittston (2018–present)",2026,House,PA,pittston,1,1,0
9,DEM,[ 230 ],"others, former corrections officer  (running as an independent)",2026,House,PA,,0,0,0
9,IND,[ 230 ],"others, former corrections officer  (previously ran as a Democrat)",2026,House,PA,,0,0,0
10,DEM,2024,"rt Forbes, substitute teacher and candidate for this district in 2024",2026,House,PA,,0,0,1
10,IND,Independent,"rman ( Independent ), publishing consultant",2026,House,PA,independent,0,0,0
12,DEM,Turtle Creek,mayor of Turtle Creek,2026,House,PA,creek t,1,0,0
12,DEM,Eugene DePasquale,"former Pennsylvania Auditor General (2013–2021), nominee for the 10th district in 2020 , and nominee for attorney general in 2024",2026,House,PA,depasquale e,0,0,1
14,IND,American Independent Party,Independent Party ),2026,House,PA,party a,0,0,0
1,REP,Mark Sanford,"former governor of South Carolina (2003–2011), U.S. representative for this seat (1995–2001, 2013–2019), and candidate for president in 2020 ( remained on ballot)",2026,House,SC,sanford m,4,1,1
1,REP,Nancy Mace,incumbent U.S. representative ( ran for governor ),2026,House,SC,mace n,4,1,0
1,DEM,state house,business owner ( running for state house ),2026,House,SC,house s,2,0,0
5,REP,[ 72 ],"ledsoe, veterinarian and perennial candidate",2026,House,SC,,0,0,0
5,REP,Ralph Norman,"incumbent U.S. representative ( ran for governor ,  endorsed Climer  )",2026,House,SC,norman r,4,1,0
1,DEM,[ 9 ],"i Burke, artist and YouTuber",2026,House,TN,,0,0,0
3,DEM,[ 23 ],"olladay, small business owner",2026,House,TN,,0,0,0
4,REP,2024,"Davis, army veteran and candidate for this district in 2024",2026,House,TN,,0,0,1
4,REP,Scott DesJarlais,incumbent U.S. representative,2026,House,TN,desjarlais s,4,1,0
4,REP,Rutherford County,herford County commissioner and candidate for this seat in 2024,2026,House,TN,county r,1,0,1
4,DEM,2024,"oria Broderick, telemarketer and nominee for this district in 2024",2026,House,TN,,0,0,1
4,DEM,Nashville Metro councilmember,councilmember,2026,House,TN,councilmember n,0,0,0
4,IND,[ 12 ],"Anders, author and historian",2026,House,TN,,0,0,0
5,REP,Tennessee Commissioner of Agriculture,missioner of Agriculture (2019–2025),2026,House,TN,agriculture t,0,0,0
5,REP,Andy Ogles,incumbent U.S. representative,2026,House,TN,ogles a,4,1,0
5,DEM,Memphis City Councilmember,phis City Councilmember,2026,House,TN,councilmember m,1,0,0
5,DEM,[ 12 ],"Hurley, writer",2026,House,TN,,0,0,0
5,DEM,Columbia,"der, mayor of Columbia (2018–present)",2026,House,TN,columbia,1,1,0
5,DEM,Nashville Metro councilmember,councilmember (running in the fourth district),2026,House,TN,councilmember n,0,0,0
5,IND,[ 43 ],"Andre Reynolds, music producer and audio engineer (running in the seventh district)",2026,House,TN,,0,0,0
6,REP,mayor of Nashville,ucator and candidate for mayor of Nashville in 2023,2026,House,TN,nashville m,0,0,1
6,REP,Johnny Garrett,state representative from the 45th district (2019–present),2026,House,TN,garrett j,2,1,0
6,REP,Van Hilleary,"chief of staff to incumbent John Rose , former U.S. representative from the 4th district (1995–2003), nominee for governor in 2002 , and candidate for U.S. Senate in 2006",2026,House,TN,hilleary v,4,1,1
6,REP,John Rose,incumbent U.S. representative ( running for governor ),2026,House,TN,rose j,4,1,0
6,DEM,2024,"Bergman, community organizer and nominee for this district in 2024",2026,House,TN,,0,0,1
6,DEM,Middle Tennessee State University,sor at Middle Tennessee State University,2026,House,TN,university m,0,0,0
6,DEM,Megan Barry,former mayor of Nashville (2015–2018) and nominee for Tennessee’s 7th congressional district in 2024,2026,House,TN,barry m,1,0,1
6,IND,2018,"s Monday, graphic designer, Republican candidate for this seat in 2018 and independent candidate for this seat in 2020",2026,House,TN,,0,0,1
7,REP,Matt Van Epps,incumbent U.S. representative,2026,House,TN,epps m,4,1,0
7,DEM,2025,"en Copeland, consultant and candidate for this district in 2025",2026,House,TN,,0,0,1
7,DEM,Vincent Dixie,state representative from the 54th district (2019–present) and candidate for this district in 2025 (previously withdrew),2026,House,TN,dixie v,2,1,1
7,DEM,Aftyn Behn,state representative from the 51st district (2023–present) and nominee for this district in 2025 ( running for re-election ),2026,House,TN,behn a,2,1,1
7,IND,2025 special election,captain and candidate in the 2025 special election,2026,House,TN,election s,0,0,0
8,DEM,[ 12 ],"Kuhn, Shelby County Criminal Court clerk",2026,House,TN,,0,0,0
8,DEM,USAF,"ard Perkins, retired USAF air traffic controller",2026,House,TN,usaf,0,0,0
9,DEM,[ 12 ],"roy Alexandria-Williams, community activist",2026,House,TN,,0,0,0
9,DEM,London Lamar,state senator from the 33rd district (2022–present),2026,House,TN,lamar l,2,1,0
9,DEM,Justin Pearson,"state representative from the 86th district (2023, 2023–present)",2026,House,TN,pearson j,2,1,0
9,DEM,Bolivar,"Woods, former Bolivar city council member",2026,House,TN,bolivar,1,0,0
9,DEM,Steve Cohen,incumbent U.S. representative  (endorsed Lamar),2026,House,TN,cohen s,4,1,0
9,REP,Tennessee Republican Party,member of the Tennessee Republican Party State Executive Committee and perennial candidate,2026,House,TN,party t,0,0,0
9,REP,Brent Taylor,state senator from the 31st district (2023–present) and candidate for the 7th district in 2002,2026,House,TN,taylor b,2,1,1
9,REP,Todd Warner,state representative from the 92nd district (2022–present),2026,House,TN,warner t,2,1,0
9,REP,[ 12 ],"Thompson, restaurant owner",2026,House,TN,,0,0,0
1,REP,January 6 Capitol attack,t in the January 6 Capitol attack,2026,House,TX,attack j,0,0,0
2,REP,[ 46 ],"nck, mortgage broker (running in the 38th district)",2026,House,TX,,0,0,0
2,REP,Valentina Gomez,financial strategist and candidate for Missouri secretary of state in 2024 (running in the 31st district),2026,House,TX,gomez v,0,0,1
3,DEM,[ 65 ],"Wheatley, behavior health technician",2026,House,TX,,0,0,0
5,REP,[ 68 ],"Ussery, telecom technician (running in the 32nd district)",2026,House,TX,,0,0,0
8,REP,[ 94 ],"Jensen, businessman (remained on ballot)",2026,House,TX,,0,0,0
8,REP,Morgan Luttrell,incumbent U.S. representative (endorsed Steinmann),2026,House,TX,luttrell m,4,1,0
9,REP,[ 93 ],"dria Butler, businesswoman  ( running for state house )",2026,House,TX,,2,0,0
9,REP,Vanessa Guillén,nonprofit founder and sister of Vanessa Guillén,2026,House,TX,guillen v,0,0,0
9,REP,U.S. Senate,"all, business owner and candidate for U.S. Senate in 2020 (endorsed Mims, remained on ballot)",2026,House,TX,senate u,0,0,1
10,REP,[ 132 ],"Suarez, realtor",2026,House,TX,,0,0,0
10,REP,Michael McCaul,incumbent U.S. representative,2026,House,TX,mccaul m,4,1,0
10,DEM,Sarah Eckhardt,state senator from the 14th district (2020–present) ( running for comptroller of public accounts ),2026,House,TX,eckhardt s,2,1,0
17,REP,[ 24 ],"own, pastor (running in the 10th district)",2026,House,TX,,0,0,0
18,DEM,Amanda Edwards,"former at-large Houston city councilor (2016–2020), candidate for U.S. Senate in 2020 , candidate for this district in 2024 , and runner-up in the 2025–26 special election (remained on ballot)",2026,House,TX,edwards a,1,0,1
19,REP,Jodey Arrington,incumbent U.S. representative,2026,House,TX,arrington j,4,1,0
19,REP,[ 196 ],"Cash, entrepreneur",2026,House,TX,,0,0,0
19,REP,Carl Tepper,state representative from the 84th district (2023–present) ( running for re-election ),2026,House,TX,tepper c,2,1,0
20,IND,2022,"ony Tristan, Democratic candidate for the 27th district in 2022 and 2024",2026,House,TX,,0,0,1
21,REP,Bexar County,"r, former vice chair of the Bexar County Republican Party, candidate for the 28th district in 2024 and nominee for the 20th district in 2022 (remained on ballot, endorsed Teixeira)",2026,House,TX,county b,0,0,1
21,REP,[ 130 ],"Karlsruher, lobbyist (running in the 10th district)",2026,House,TX,,0,0,0
21,REP,Aaron Reitz,former U.S. assistant attorney general for the Office of Legal Policy (2025) ( running for attorney general ),2026,House,TX,reitz a,3,0,0
21,REP,Chip Roy,incumbent U.S. representative ( running for attorney general ),2026,House,TX,roy c,4,1,0
21,REP,San Antonio city councilor,ty councilor from the 10th district (2023–present) and candidate for Texas's 121st House of Representatives district in 2018,2026,House,TX,councilor s,0,1,1
22,REP,Jacey Jetton,former state representative from the 26th district (2021–2025),2026,House,TX,jetton j,2,1,0
22,REP,Troy Nehls,incumbent U.S. representative (endorsed Trever Nehls),2026,House,TX,nehls t,4,1,0
22,DEM,[ 244 ],"James (American Independent Party), HR recruiter",2026,House,TX,,0,0,0
23,REP,U.S. Marine Corps,S. Marine Corps veteran  (running in the 21st district),2026,House,TX,corps u,0,0,0
23,REP,[ 252 ],"torey Rubio, rancher",2026,House,TX,,0,0,0
23,REP,Bexar County,Bexar County commissioner from the 3rd precinct,2026,House,TX,county b,1,0,0
23,IND,[ 277 ],"a Williams, licensed professional counselor",2026,House,TX,,0,0,0
24,DEM,Julie Johnson,incumbent U.S. representative (running in the 33rd district),2026,House,TX,johnson j,4,1,0
25,DEM,Marc Veasey,incumbent U.S. representative ( ran for Tarrant County judge ),2026,House,TX,veasey m,4,1,0
26,DEM,[ 293 ],"ay, perennial candidate",2026,House,TX,,0,0,0
27,IND,Independent,"( Independent ), former mayor of Corpus Christi (2016–2017)",2026,House,TX,independent,1,0,0
28,REP,Monica De La Cruz,er advisor to U.S. representative Monica De La Cruz (running in the 35th district),2026,House,TX,cruz m,4,1,0
28,REP,Mayra Flores,former U.S. representative from the 34th district (2022–2023)  (running in the 34th district),2026,House,TX,flores m,4,1,0
28,REP,2024,"Furman, physician and nominee for this district in 2024  (running in the 35th district)",2026,House,TX,,0,0,1
30,DEM,Jasmine Crockett,"incumbent U.S. representative from the 30th district  ( ran for U.S. Senate , endorsed Haynes III)",2026,House,TX,crockett j,4,1,0
30,DEM,Marc Veasey,incumbent U.S. representative from the 25th district ( ran for Tarrant County judge ),2026,House,TX,veasey m,4,1,0
31,DEM,[ 140 ],"Rourk, marketing employee  (running in the 10th district)",2026,House,TX,,0,0,0
31,DEM,Army Ranger,"podcaster, anti-war activist and former Army Ranger",2026,House,TX,ranger a,0,0,0
32,DEM,Julie Johnson,incumbent U.S. representative from the 24th district (running in 33rd district),2026,House,TX,johnson j,4,1,0
32,DEM,Marc Veasey,incumbent U.S. representative from the 25th district ( ran for Tarrant County judge ),2026,House,TX,veasey m,4,1,0
32,REP,2020,"vieve Collins, business executive and nominee for this district in 2020",2026,House,TX,,0,0,1
32,REP,Darrell Issa,incumbent U.S. representative from California's 48th congressional district,2026,House,TX,issa d,4,1,0
32,REP,Eric Johnson,mayor of Dallas (2019–present),2026,House,TX,johnson e,1,1,0
32,REP,Katrina Pierson,state representative from the 33rd district (2025–present) and candidate for this district in 2014 ( running for re-election ),2026,House,TX,pierson k,2,1,1
33,DEM,Jasmine Crockett,incumbent U.S. representative ( ran for U.S. Senate ),2026,House,TX,crockett j,4,1,0
33,DEM,Domingo García,former president of the League of United Latin American Citizens (2018–2024) and candidate for this district in 2012,2026,House,TX,garcia d,0,0,1
33,DEM,Marc Veasey,incumbent U.S. representative from the 25th district ( ran for Tarrant County judge ),2026,House,TX,veasey m,4,1,0
34,REP,state senator,"activist and brother of state senator Adam Hinojosa (endorsed Eric Flores, remained on ballot)",2026,House,TX,senator s,2,0,0
34,REP,2024,"t Mandel, businessman and candidate for the 27th district in 2024 (endorsed Eric Flores, remained on ballot)",2026,House,TX,,0,0,1
35,DEM,Beto Altamirano,tech entrepreneur and candidate for mayor of San Antonio in 2025,2026,House,TX,altamirano b,0,0,1
35,DEM,Greg Casar,incumbent U.S. representative from the 35th district,2026,House,TX,casar g,4,1,0
35,DEM,Philip Cortez,"state representative from the 117th district (2013–2015, 2017–present) ( running for re-election )",2026,House,TX,cortez p,2,1,0
35,DEM,Roland Gutierrez,state senator from the 19th district (2021–present) and candidate for U.S. senate in 2024 ( running for re-election ),2026,House,TX,gutierrez r,2,1,1
35,REP,mayor,"topher Schuchardt, businessman, runner-up for mayor of San Antonio in 2023 , and candidate for Bexar County commissioner in 2024",2026,House,TX,mayor,1,0,1
35,REP,Bexar County,Bexar County commissioner from the 3rd precinct,2026,House,TX,county b,1,0,0
35,REP,San Antonio city councilor,ty councilor from the 10th district (2023–present) and candidate for Texas's 121st House of Representatives district in 2018 (endorsed Lujan),2026,House,TX,councilor s,0,1,1
37,DEM,Lloyd Doggett,incumbent U.S. representative,2026,House,TX,doggett l,4,1,0
37,DEM,Sarah Eckhardt,"state senator from the 14th district (2020–present) (ran in the 10th district, then switched to comptroller of public accounts , endorsed Casar)",2026,House,TX,eckhardt s,2,1,0
38,REP,Mano DeAyala,state representative from the 133rd district (2023–present) ( running for re-election ),2026,House,TX,deayala m,2,1,0
38,REP,Wesley Hunt,incumbent U.S. representative ( ran for U.S. Senate ),2026,House,TX,hunt w,4,1,0
38,IND,[ 453 ],"Taggart (Independent), engineer and author",2026,House,TX,,0,0,0
1,REP,[ 9 ],"Owen, former White House policy analyst",2026,House,UT,,4,0,0
1,REP,Salt Lake County,ormer Salt Lake County Republican Party communications director,2026,House,UT,county s,0,0,0
1,REP,Utah's 4th congressional district,ate for Utah's 4th congressional district in 2024,2026,House,UT,district u,0,0,0
1,REP,Blake Moore,incumbent U.S. representative (running in the 2nd district),2026,House,UT,moore b,4,1,0
1,DEM,Ben McAdams,former U.S. representative from the 4th district (2019–2021),2026,House,UT,mcadams b,4,1,0
1,DEM,Derek Kitchen,former state senator from the 2nd district (2019–2022) (endorsed Mohamed),2026,House,UT,kitchen d,2,0,0
1,DEM,Kathleen Riebe,state senator from the 15th district (2019–present) and nominee for the 2nd district in 2023 (endorsed McAdams),2026,House,UT,riebe k,2,1,1
1,DEM,[ 26 ],"y Tomkins, utilities technician",2026,House,UT,,0,0,0
1,DEM,Erin Mendenhall,mayor of Salt Lake City (2020–present) (endorsed McAdams),2026,House,UT,mendenhall e,1,1,0
1,DEM,Angela Romero,minority leader of the Utah House of Representatives (2023–present) from the 25th district (2013–present) (endorsed Mohamed),2026,House,UT,romero a,0,1,0
1,DEM,Keagan Storm,Lead of The Ants,2026,House,UT,storm k,0,0,0
2,REP,Blake Moore,incumbent U.S. representative from the 1st district,2026,House,UT,moore b,4,1,0
2,DEM,[ 22 ],"Crosby, project manager",2026,House,UT,,0,0,0
3,REP,Celeste Maloy,incumbent U.S. representative from the 2nd district,2026,House,UT,maloy c,4,1,0
3,REP,Mike Kennedy,incumbent U.S. representative (running in the 4th district),2026,House,UT,kennedy m,4,1,0
3,DEM,Stewart Udall,ngineer and cousin of former U.S. Interior Secretary Stewart Udall,2026,House,UT,udall s,0,0,0
3,DEM,state representative,ee for state representative in 2024,2026,House,UT,representative s,2,1,0
4,REP,Mike Kennedy,incumbent U.S. representative for the 3rd district,2026,House,UT,kennedy m,4,1,0
4,REP,2023,"t Hatfield, businessman and candidate for the 2nd district in 2023",2026,House,UT,,0,0,1
4,REP,Burgess Owens,incumbent U.S. representative,2026,House,UT,owens b,4,1,0
4,DEM,[ 22 ],"Larsen, U.S. Marine Corps veteran",2026,House,UT,,0,0,0
4,IND,[ 80 ],"Burt, attorney",2026,House,UT,,0,0,0
1,DEM,Salaam Bhatti,attorney,2026,House,VA,bhatti s,0,0,0
1,DEM,[ 11 ],"eth Dempsey Beggs, U.S. Army veteran",2026,House,VA,,0,0,0
1,DEM,U.S. Navy,"pp, former U.S. Navy fighter pilot and national security official",2026,House,VA,navy u,0,0,0
1,DEM,Shannon Taylor,Henrico County Commonwealth's Attorney (2012–present) and candidate for Attorney General in 2025,2026,House,VA,taylor s,0,1,1
1,DEM,Chesterfield County,rfield County Clerk of Court and nominee for SD-11 in 2019,2026,House,VA,county c,1,0,1
1,DEM,Eugene Vindman,U.S. representative for VA-7 (2025–present) (running in the 7th district after the 2026 Virginia redistricting amendment was struck down),2026,House,VA,vindman e,4,1,0
2,DEM,[ 49 ],"evanath, hospital physician and former attorney",2026,House,VA,,0,0,0
2,DEM,Virginia Beach,Conservation Director for Virginia Dare Soil and Water Conservation District representing Virginia Beach,2026,House,VA,beach v,0,1,0
2,DEM,Elaine Luria,former U.S. representative (2019–2023),2026,House,VA,luria e,4,1,0
2,DEM,USAID,"ck Mosolf, former USAID official",2026,House,VA,usaid,0,0,0
2,DEM,Lockheed Martin,ional security executive at Lockheed Martin,2026,House,VA,martin l,0,0,0
2,DEM,Matt Strickler,former Virginia Secretary of Natural Resources (2018–2021),2026,House,VA,strickler m,0,0,0
2,DEM,running for state senate,l security strategist ( running for state senate ; endorsed Luria),2026,House,VA,senate r,2,0,0
2,DEM,Aaron Rouse,state senator from the 22nd district (2023–present) and candidate for lieutenant governor in 2025,2026,House,VA,rouse a,2,1,1
2,IND,[ 71 ],"Gaines, attorney",2026,House,VA,,0,0,0
3,DEM,[ 74 ],"Maffett, lawyer",2026,House,VA,,0,0,0
4,IND,[ 86 ],"Kersey, minister",2026,House,VA,,0,0,0
4,IND,Dinwiddie County,Dinwiddie County school board member (2024–current),2026,House,VA,county d,1,0,0
5,REP,[ 89 ],"e Lucero, real estate agent",2026,House,VA,,0,0,0
5,REP,John McGuire,incumbent U.S. representative,2026,House,VA,mcguire j,4,1,0
5,DEM,[ 91 ],"e Krzyzanowski, physician",2026,House,VA,,0,0,0
5,DEM,Tom Perriello,"former U.S. Special Envoy for Sudan (2024–2025), former U.S. representative (2009–2011), and candidate for Governor in 2017",2026,House,VA,perriello t,4,1,1
5,DEM,Albemarle County,emarle County supervisor (endorsed Perriello),2026,House,VA,county a,1,0,0
5,DEM,Shannon Taylor,Henrico County Commonwealth's Attorney (2012–present) and candidate for Attorney General in 2025 (running in 1st district after redistricting struck down),2026,House,VA,taylor s,0,1,1
5,IND,[ 108 ],"egister, journalist",2026,House,VA,,0,0,0
6,DEM,FEMA,"Barlow, former emergency manager for FEMA",2026,House,VA,fema,0,0,0
6,DEM,Wendy Gooditis,former state delegate from the 10th district (2018–2024),2026,House,VA,gooditis w,2,0,0
6,DEM,2024,"Mitchell, farmer and nominee for this district in 2024",2026,House,VA,,0,0,1
6,DEM,Sam Rasoul,"state delegate from the 38th district (2014–present), nominee for this district in 2008 , and candidate for Lieutenant Governor in 2021",2026,House,VA,rasoul s,2,1,1
7,DEM,[ 121 ],"oney, former federal prosecutor",2026,House,VA,,0,0,0
7,DEM,Elizabeth Guzmán,"state delegate from the 22nd district (2026–present) and 31st district (2018–2022), candidate for this district in 2024 , and candidate for state senate in 2023",2026,House,VA,guzman e,2,1,1
7,DEM,Dan Helmer,state delegate for the 10th district (2020–present) and candidate for the 10th congressional district in 2018 and 2024,2026,House,VA,helmer d,2,1,1
7,DEM,Dorothy McAuliffe,former first lady of Virginia (2014–2018),2026,House,VA,mcauliffe d,0,0,0
7,DEM,Adele McClure,state delegate from the 2nd district (2024–present),2026,House,VA,mcclure a,2,1,0
7,DEM,Saddam Salim,State Senator from the 37th district (2024–present),2026,House,VA,salim s,2,1,0
7,DEM,Olivia Troye,former Homeland Security and Counterterrorism advisor to Vice President Mike Pence,2026,House,VA,troye o,0,0,0
7,REP,[ 143 ],"Harding, Pastor, entrepreneur",2026,House,VA,,0,0,0
7,REP,U.S. National Security Council,for Iraq at the U.S. National Security Council,2026,House,VA,council u,0,0,0
7,REP,Tara Durant,state senator from the 27th district (2024–present),2026,House,VA,durant t,2,1,0
7,REP,New Jersey's 12th congressional district,nee for New Jersey's 12th congressional district in 2022 and 2024,2026,House,VA,district n,0,0,0
7,REP,HD-25,"Gray, accountant and nominee for HD-25 in 2023",2026,House,VA,hd,0,0,1
7,IND,Randall Terry,"anti-abortion activist, Constitution Party nominee for president in 2024 , and perennial candidate",2026,House,VA,terry r,0,0,1
8,DEM,Don Beyer,incumbent U.S. representative,2026,House,VA,beyer d,4,1,0
8,DEM,[ 14 ],"Thorne Bruner, entrepreneur",2026,House,VA,,0,0,0
8,DEM,State Department,former State Department official,2026,House,VA,department s,0,0,0
8,DEM,CIA,"m Dunigan, former case officer for the CIA",2026,House,VA,cia,0,0,0
8,DEM,Alexandria,"ein, former at-large Alexandria city councilor (2019–2021)",2026,House,VA,alexandria,1,0,0
8,DEM,FEMA,"k Ferreira, former FEMA whistleblower",2026,House,VA,fema,0,0,0
8,DEM,U.S. Navy,"pp, former U.S. Navy fighter pilot and national security official (running in the 1st district)",2026,House,VA,navy u,0,0,0
8,REP,[ 165 ],"Christian Kim, educator and perennial candidate",2026,House,VA,,0,0,0
9,REP,[ 167 ],"Cook, security guard",2026,House,VA,,0,0,0
9,DEM,United Methodist,etired United Methodist pastor and attorney,2026,House,VA,methodist u,0,0,0
9,DEM,[ 170 ],"rphy, software developer",2026,House,VA,,0,0,0
10,REP,2022,"Beckwith, U.S. Air Force veteran and candidate for this seat in 2022",2026,House,VA,,0,0,1
10,REP,SD-36,"Perry, teacher and nominee for SD-36 in 2023",2026,House,VA,sd,0,0,1
11,DEM,Bree Fram,retired U.S. Space Force colonel,2026,House,VA,fram b,0,0,0
11,DEM,[ 180 ],"a, lawyer",2026,House,VA,,0,0,0
11,REP,[ 186 ],"olomon, businessman",2026,House,VA,,0,0,0
1,REP,Bryan Steil,incumbent U.S. representative,2026,House,WI,steil b,4,1,0
1,DEM,Whitewater,"nda, vice president of the Whitewater Unified School District",2026,House,WI,whitewater,0,0,0
1,DEM,[ 12 ],"ll Berman, nurse",2026,House,WI,,0,0,0
1,DEM,Milwaukee alderman,lwaukee alderman (remains on ballot; endorsed Berman),2026,House,WI,alderman m,1,0,0
1,DEM,United Auto Workers,air of United Auto Workers Local 95's Unit 12,2026,House,WI,workers u,0,0,0
2,DEM,Mark Pocan,incumbent U.S. representative,2026,House,WI,pocan m,4,1,0
2,REP,2022,"Olsen, attorney and nominee for this district in 2022 and 2024",2026,House,WI,,0,0,1
3,REP,Derrick Van Orden,incumbent U.S. representative,2026,House,WI,orden d,4,1,0
3,REP,[ 43 ],"Solomon, businessman from New York",2026,House,WI,,0,0,0
3,DEM,Eau Claire,"e, former president of the Eau Claire city council",2026,House,WI,claire e,1,0,0
3,DEM,Rebecca Cooke,"former Wisconsin Economic Development Corporation board member, nominee for this district in 2024 and candidate in 2022",2026,House,WI,cooke r,0,0,1
3,DEM,Ho-Chunk Nation,rmer Ho-Chunk Nation legislator (endorsed Berge),2026,House,WI,nation h,0,0,0
3,DEM,Brad Pfaff,state senator from the 32nd district (2021–present) and nominee for this district in 2022 (endorsed Cooke),2026,House,WI,pfaff b,2,1,1
3,DEM,Katrina Shankland,former state representative from the 71st district (2013–2025) and candidate for this district in 2024,2026,House,WI,shankland k,2,1,1
3,IND,2024,"in Provance, certified nursing assistant and candidate for this district in 2024",2026,House,WI,,0,0,1
4,DEM,genetic counselor,tic counselor,2026,House,WI,counselor g,0,0,0
4,DEM,Gwen Moore,incumbent U.S. representative,2026,House,WI,moore g,4,1,0
4,DEM,[ 95 ],"Smale, business development manager",2026,House,WI,,0,0,0
4,REP,[ 98 ],"a Nath, engineer and perennial candidate",2026,House,WI,,0,0,0
5,REP,Scott Fitzgerald,incumbent U.S. representative,2026,House,WI,fitzgerald s,4,1,0
5,DEM,[ 102 ],"Beck, product developer",2026,House,WI,,0,0,0
6,REP,Glenn Grothman,incumbent U.S. representative,2026,House,WI,grothman g,4,1,0
6,DEM,[ 107 ],"Bell, former U.S. Geological Survey Center operations officer",2026,House,WI,,0,0,0
6,DEM,U.S. Army,"o, minister and former U.S. Army officer",2026,House,WI,army u,0,0,0
6,DEM,Oshkosh,"ojciechowski, former Oshkosh city councilor",2026,House,WI,oshkosh,1,0,0
6,IND,[ 117 ],"Thurow, firefighter",2026,House,WI,,0,0,0
7,REP,Secretary of Transportation,ucer and son-in-law of Secretary of Transportation Sean Duffy,2026,House,WI,transportation s,0,0,0
7,REP,[ 125 ],"aum, business owner",2026,House,WI,,0,0,0
7,REP,Marathon County,former chair of the Marathon County Republican Party and hostage during the Iran hostage crisis,2026,House,WI,county m,0,0,0
7,REP,Don Raihala,construction contractor,2026,House,WI,raihala d,0,0,0
7,REP,Calvin Callahan,state representative from the 35th district (2021–present) ( running for re-election ),2026,House,WI,callahan c,2,1,0
7,REP,Mary Felzkowski,president of the Wisconsin Senate (2025–present) from the 12th district (2021–present),2026,House,WI,felzkowski m,0,1,0
7,REP,Rob Swearingen,state representative from the 34th district (2023–present) ( running for re-election ),2026,House,WI,swearingen r,2,1,0
7,REP,Tom Tiffany,incumbent U.S. representative ( running for governor ),2026,House,WI,tiffany t,4,1,0
7,DEM,[ 102 ],"rmstrong, business owner",2026,House,WI,,0,0,0
7,DEM,Fred Clark,former state representative from the 81st district [ c ] (2009–2015),2026,House,WI,clark f,2,1,0
8,REP,Tony Wied,incumbent U.S. representative,2026,House,WI,wied t,4,1,0
8,DEM,Green Bay,"son, former Green Bay school board member (2024–2025)",2026,House,WI,bay g,1,0,0
8,DEM,[ 147 ],"DeVille, musician",2026,House,WI,,0,0,0
,REP,Barry Moore,U.S. representative from AL-1 (2021–present),2026,Senate,AL,moore b,4,1,0
,REP,Morgan Murphy,"former national security advisor to incumbent Tommy Tuberville (endorsed Moore, remained on ballot)",2026,Senate,AL,murphy m,0,0,0
,REP,Tommy Tuberville,incumbent U.S. senator ( running for governor ),2026,Senate,AL,tuberville t,4,0,0
,REP,Will Ainsworth,lieutenant governor of Alabama (2019–present),2026,Senate,AL,ainsworth w,3,1,0
,REP,Mo Brooks,former U.S. representative from AL-5 (2011–2023) and candidate for U.S. Senate in 2017 and 2022 ( ran for state representative ),2026,Senate,AL,brooks m,4,1,1
,REP,Paul Finebaum,sports radio personality,2026,Senate,AL,finebaum p,0,0,0
,REP,A. J. McCarron,professional football player ( ran for lieutenant governor ),2026,Senate,AL,mccarron a,3,0,0
,REP,Gary Palmer,U.S. representative from Alabama's 6th congressional district (2015–present) ( running for re-election ),2026,Senate,AL,palmer g,4,1,0
,REP,Bruce Pearl,former coach of Auburn Tigers men's basketball,2026,Senate,AL,pearl b,0,0,0
,REP,Dale Strong,U.S. representative from AL-5 (2023–present) ( running for re-election ),2026,Senate,AL,strong d,4,1,0
,DEM,[ 74 ],"t Wess, attorney and perennial candidate",2026,Senate,AL,,0,0,0
,DEM,ran for U.S. House,ster ( ran for U.S. House ),2026,Senate,AL,house r,0,0,0
,DEM,Doug Jones,former U.S. senator (2018–2021) ( running for governor ),2026,Senate,AL,jones d,4,0,0
,DEM,John Hickenlooper,incumbent U.S. senator,2026,Senate,CO,hickenlooper j,4,0,0
,DEM,[ 9 ],"ad Hasley, software engineer",2026,Senate,CO,,0,0,0
,REP,Mark Baisley,state senator from the 4th district (2023–present) (previously ran for governor ),2026,Senate,CO,baisley m,3,1,0
,REP,[ 51 ],"Calderon, business owner",2026,Senate,CO,,0,0,0
,REP,Janak Joshi,former state representative from the 16th district (2011–2017) and candidate for Colorado's 8th congressional district in 2024,2026,Senate,CO,joshi j,2,1,1
,REP,Montrose County,rose County commissioner,2026,Senate,CO,county m,1,0,0
,REP,Brandi Bradley,state representative from the 39th district (2023–present),2026,Senate,CO,bradley b,2,1,0
,DEM,Jon Ossoff,incumbent U.S. senator (2021–present),2026,Senate,GA,ossoff j,4,1,0
,REP,Mike Collins,U.S. representative from Georgia's 10th congressional district (2023–present),2026,Senate,GA,collins m,4,1,0
,REP,ran for U.S. House,trainer ( ran for U.S. House ),2026,Senate,GA,house r,0,0,0
,REP,John King,Georgia insurance commissioner (2019–present) ( running for re-election ),2026,Senate,GA,king j,0,1,0
,REP,Andrew Clyde,U.S. representative from Georgia's 9th congressional district (2021–present)  ( running for re-election ),2026,Senate,GA,clyde a,4,1,0
,REP,Marjorie Taylor Greene,former U.S. representative from Georgia's 14th congressional district (2021–2026),2026,Senate,GA,greene m,4,1,0
,REP,Brian Kemp,governor of Georgia (2019–present)  (endorsed Dooley),2026,Senate,GA,kemp b,3,1,0
,REP,Rich McCormick,U.S. representative from Georgia's 7th congressional district (2023–present),2026,Senate,GA,mccormick r,4,1,0
,REP,Colton Moore,state senator from the 53rd district (2023–present) ( ran for U.S. House ),2026,Senate,GA,moore c,2,1,0
,REP,Brad Raffensperger,Georgia secretary of state (2019–present) ( ran for governor ),2026,Senate,GA,raffensperger b,3,1,0
,REP,Ashley Hinson,U.S. representative from Iowa's 2nd congressional district (2021–present),2026,Senate,IA,hinson a,4,1,0
,REP,Libertarian National Committee,r of the Libertarian National Committee (2022–2023) and Libertarian candidate for president in 2024,2026,Senate,IA,committee l,0,0,1
,REP,Brenna Bird,Iowa attorney general (2023–present) ( running for re-election ; endorsed Hinson),2026,Senate,IA,bird b,3,1,0
,REP,Joni Ernst,incumbent U.S. senator (2015–present)  (endorsed Hinson),2026,Senate,IA,ernst j,4,1,0
,REP,Kari Lake,"senior advisor to the U.S. Agency for Global Media (2025–present), nominee for Governor of Arizona in 2022 , and nominee for U.S. Senate in Arizona in 2024",2026,Senate,IA,lake k,0,1,1
,REP,Zach Nunn,"U.S. representative from Iowa's 3rd congressional district (2023–present) ( running for re-election ; endorsed Hinson) ,",2026,Senate,IA,nunn z,4,1,0
,DEM,Josh Turek,state representative from the 20th district (2023–present),2026,Senate,IA,turek j,2,1,0
,DEM,Jackie Norris,chair of the Des Moines school board and former Chief of Staff to the First Lady of the United States (2009–2011),2026,Senate,IA,norris j,1,0,0
,DEM,KNIA,"an Sage, market director for KNIA  (endorsed Turek)",2026,Senate,IA,knia,0,0,0
,DEM,J. D. Scholten,state representative from the 1st district (2023–present) and nominee for Iowa's 4th congressional district in 2018 and 2020 (endorsed Turek),2026,Senate,IA,scholten j,2,1,1
,DEM,Rob Sand,Iowa Auditor of State (2019–present) ( running for governor ),2026,Senate,IA,sand r,3,1,0
,DEM,Greene County,Greene County Attorney,2026,Senate,IA,county g,1,0,0
,DEM,Juliana Stratton,Lieutenant Governor of Illinois (2019–present),2026,Senate,IL,stratton j,3,1,0
,DEM,Dick Durbin,incumbent U.S. Senator (1997–present),2026,Senate,IL,durbin d,4,1,0
,DEM,Mike Frerichs,Illinois State Treasurer (2015–present) ( running for re-election ),2026,Senate,IL,frerichs m,3,1,0
,DEM,Alexi Giannoulias,"Illinois Secretary of State (2023–present), former Illinois State Treasurer (2007–2011), and nominee for U.S. Senate in 2010 (running for re-election)",2026,Senate,IL,giannoulias a,3,1,1
,DEM,JB Pritzker,"Governor of Illinois (2019–present) ( running for re-election , endorsed Stratton)",2026,Senate,IL,pritzker j,3,1,0
,DEM,Kwame Raoul,Illinois Attorney General (2019–present)  ( running for re-election ),2026,Senate,IL,raoul k,3,1,0
,DEM,Lauren Underwood,U.S. Representative from Illinois's 14th congressional district (2019–present) ( running for re-election ),2026,Senate,IL,underwood l,4,1,0
,DEM,Gilbert Villegas,Chicago alder from the 36th ward (2015–present) and candidate for Illinois's 3rd congressional district in 2022,2026,Senate,IL,villegas g,0,1,1
,REP,Don Tracy,"former chair of the Illinois Republican Party (2021–2024), former member of the Illinois Gaming Board (2015–2019), candidate for lieutenant governor in 2010 , and brother-in-law of state senator Jil Tracy",2026,Senate,IL,tracy d,2,0,1
,REP,[ 171 ],"odman, former police officer",2026,Senate,IL,,0,0,0
,REP,Mike Bost,"U.S. Representative from Illinois's 12th congressional district (2015–present) ( running for re-election , endorsed Tracy)",2026,Senate,IL,bost m,4,1,0
,REP,Rodney Davis,former U.S. representative from Illinois's 13th congressional district (2013–2023),2026,Senate,IL,davis r,4,1,0
,REP,Darin LaHood,"U.S. Representative from Illinois's 16th congressional district (2015–present) ( running for re-election , endorsed Tracy)",2026,Senate,IL,lahood d,4,1,0
,REP,Republican National Committee,of the Republican National Committee and the Illinois State Police Merit Board,2026,Senate,IL,committee r,0,0,0
,REP,Roger Marshall,incumbent U.S. senator (2021–present),2026,Senate,KS,marshall r,4,1,0
,DEM,[ 11 ],"Anderson, business owner",2026,Senate,KS,,0,0,0
,DEM,USDA Rural Development,Kansas director for USDA Rural Development and candidate for Kansas's 1st congressional district in 2020,2026,Senate,KS,development u,0,0,1
,DEM,Adam Hamilton,pastor  (initially formed exploratory committee as an independent),2026,Senate,KS,hamilton a,0,0,0
,DEM,pediatric orthopedic surgeon,edic surgeon,2026,Senate,KS,surgeon p,0,0,0
,DEM,Patrick Schmidt,state senator from the 19th district (2025–present) and nominee for Kansas's 2nd congressional district in 2022,2026,Senate,KS,schmidt p,2,1,1
,DEM,Cindy Holscher,state senator from the 8th district (2021–present)  ( running for governor ),2026,Senate,KS,holscher c,3,1,0
,DEM,Laura Kelly,governor of Kansas (2019–present),2026,Senate,KS,kelly l,3,1,0
,DEM,Sharice Davids,U.S. representative from Kansas's 3rd congressional district (2019–present) ( running for re-election ),2026,Senate,KS,davids s,4,1,0
,REP,Andy Barr,U.S. representative from Kentucky's 6th congressional district (2013–present),2026,Senate,KY,barr a,4,1,0
,REP,Nate Morris,business conglomerate owner (endorsed Barr),2026,Senate,KY,morris n,0,0,0
,REP,James Comer,U.S. representative for Kentucky's 1st congressional district (2016–present) ( running for re-election ),2026,Senate,KY,comer j,4,1,0
,REP,Mitch McConnell,incumbent U.S. senator (1985–present),2026,Senate,KY,mcconnell m,4,1,0
,REP,David Osborne,speaker of the Kentucky House of Representatives (2018–present) from the 59th district (2005–present),2026,Senate,KY,osborne d,2,1,0
,REP,Damon Thayer,former state senator from the 17th district (2003–2025),2026,Senate,KY,thayer d,2,0,0
,REP,Thomas Massie,U.S. representative for Kentucky's 4th congressional district (2012–present) ( ran for re-election ),2026,Senate,KY,massie t,4,1,0
,DEM,Charles Booker,"former state representative (2019–2021), nominee for U.S. Senate in 2022 and candidate in 2020",2026,Senate,KY,booker c,2,1,1
,DEM,[ 80 ],"illett, defense contractor",2026,Senate,KY,,0,0,0
,DEM,Andy Beshear,governor of Kentucky (2019–present),2026,Senate,KY,beshear a,3,1,0
,DEM,Jacqueline Coleman,lieutenant governor of Kentucky (2019–present) ( running for governor in 2027 ),2026,Senate,KY,coleman j,3,1,0
,DEM,Ed Markey,incumbent U.S. senator (2013–present),2026,Senate,MA,markey e,4,1,0
,DEM,Seth Moulton,U.S. representative for Massachusetts's 6th congressional district (2015–present) and 2020 presidential candidate,2026,Senate,MA,moulton s,4,1,0
,DEM,[ 7 ],"am F. Gates Jr., professor and architect",2026,Senate,MA,,0,0,0
,DEM,Jake Auchincloss,U.S. representative for Massachusetts's 4th congressional district (2021–present) ( running for re-election ),2026,Senate,MA,auchincloss j,4,1,0
,DEM,Ayanna Pressley,U.S. representative for Massachusetts's 7th congressional district (2019–present) ( running for re-election ; endorsed Markey),2026,Senate,MA,pressley a,4,1,0
,REP,2024,"Deaton, attorney and nominee for U.S. Senate in 2024",2026,Senate,MA,,0,0,1
,REP,Westport,"her Thrasher, Westport School Committee Chair and nominee for Massachusetts House of Representatives' 8th Bristol district in 2024",2026,Senate,MA,westport,0,1,1
,REP,West Springfield,mer West Springfield City Councilman and nominee for Massachusetts's 1st congressional district in 2008 (running as an independent),2026,Senate,MA,springfield w,1,0,1
,REP,Charlie Baker,president of the National Collegiate Athletic Association (2023–present) and former Governor of Massachusetts (2015–2023),2026,Senate,MA,baker c,3,1,0
,REP,Michael Soter,state representative from the 8th Worcester district (2019–present),2026,Senate,MA,soter m,2,1,0
,IND,[ 93 ],"che, organizer",2026,Senate,MA,,0,0,0
,IND,West Springfield,mer West Springfield City Councilman and Republican nominee for Massachusetts's 1st congressional district in 2008,2026,Senate,MA,springfield w,1,0,1
,REP,Susan Collins,incumbent U.S. senator (1997–present),2026,Senate,ME,collins s,4,1,0
,REP,[ 15 ],"Calabrese, restaurant owner",2026,Senate,ME,,0,0,0
,REP,Constitution Party,preneur and Constitution Party nominee for U.S. Senate in 1996 and for governor in 1998,2026,Senate,ME,party c,0,0,1
,DEM,Graham Platner,Sullivan harbor master,2026,Senate,ME,platner g,0,0,0
,DEM,[ 15 ],"a Alcala, fashion designer",2026,Senate,ME,,0,0,0
,DEM,Department of Defense,epartment of Defense policy writer,2026,Senate,ME,defense d,0,0,0
,DEM,U.S. Air Force,"driguez, former civilian contracting officer for the U.S. Air Force (endorsed Mills)",2026,Senate,ME,force u,0,0,0
,DEM,Katie Porter,former chief of staff to former U.S. Representative Katie Porter ( ran for U.S. House ; endorsed Platner),2026,Senate,ME,porter k,4,1,0
,DEM,Aaron Frey,Maine attorney general (2019–present) (endorsed Mills),2026,Senate,ME,frey a,3,1,0
,DEM,Jared Golden,U.S. representative from Maine's 2nd congressional district (2019–present),2026,Senate,ME,golden j,4,1,0
,DEM,Chellie Pingree,U.S. representative from Maine's 1st congressional district (2009–present) and nominee for U.S. Senate in 2002 ( running for re-election ),2026,Senate,ME,pingree c,4,1,1
,DEM,Shenna Bellows,"Maine secretary of state (2021–present), nominee for U.S. Senate in 2014 , and candidate for governor in 2026",2026,Senate,ME,bellows s,3,1,1
,DEM,Maryland Department of the Environment,"y of the Maryland Department of the Environment , nominee for U.S. Senate in 2024 , and primary candidate for this seat",2026,Senate,ME,environment m,0,0,1
,DEM,state representative,former state representative from the 93rd district (2012–2015) and former Rockland city councilor (2008–2012),2026,Senate,ME,representative s,2,1,0
,DEM,Troy Jackson,"former president of the Maine Senate (2018–2024), candidate for ME-02 in 2014 , and candidate for governor in 2026",2026,Senate,ME,jackson t,0,0,1
,DEM,Marine Corps,"lle, Marine Corps veteran",2026,Senate,ME,corps m,0,0,0
,DEM,Nirav Shah,"former principal deputy director of the Centers for Disease Control and Prevention (2023–2025), former director of the Maine CDC (2019–2023), and candidate for governor in 2026",2026,Senate,ME,shah n,0,0,1
,DEM,transgender activist,"musician, and transgender activist",2026,Senate,ME,activist t,0,0,0
,DEM,University of Maine,junct professor at the University of Maine and primary candidate for this seat,2026,Senate,ME,maine u,0,0,1
,DEM,ME-02,"Loud, social worker and candidate for ME-02 in 2026",2026,Senate,ME,me,0,0,1
,DEM,Joe Baldacci,state senator from the 9th district (2020–present) and candidate for ME-02 in 2026,2026,Senate,ME,baldacci j,2,1,1
,DEM,Mattie Daughtry,president of the Maine Senate (2024–present),2026,Senate,ME,daughtry m,0,1,0
,DEM,Patrick Dempsey,actor,2026,Senate,ME,dempsey p,0,0,0
,DEM,Valli Geiger,state representative from the 93rd district (2020–2022) and 42nd district (2022–present) (endorsed Bellows),2026,Senate,ME,geiger v,2,1,0
,DEM,Heather Cox Richardson,historian,2026,Senate,ME,richardson h,0,0,0
,IND,[ 266 ],"h, former restaurant owner",2026,Senate,ME,,0,0,0
,IND,Maine Space Corporation,ember of the Maine Space Corporation Board of Directors (2023–2025),2026,Senate,ME,corporation m,0,0,0
,DEM,Abdul El-Sayed,former Wayne County health director (2023–2025) and candidate for governor in 2018,2026,Senate,MI,sayed a,1,0,1
,DEM,Haley Stevens,U.S. representative from Michigan's 11th congressional district (2019–present),2026,Senate,MI,stevens h,4,1,0
,DEM,[ 36 ],"Howard, research health specialist",2026,Senate,MI,,0,0,0
,DEM,Mallory McMorrow,state senator from the 8th district (2019–present) (remained on ballot),2026,Senate,MI,mcmorrow m,2,1,0
,DEM,Joe Tate,former speaker of the Michigan House of Representatives (2023–2025) from the 9th district (2019–present)  (endorsed Stevens),2026,Senate,MI,tate j,2,1,0
,DEM,Pete Buttigieg,"former U.S. secretary of transportation (2021–2025), former mayor of South Bend, Indiana (2012–2020), and candidate for president in 2020",2026,Senate,MI,buttigieg p,4,0,1
,DEM,Debbie Dingell,U.S. representative from Michigan's 6th congressional district (2015–present) ( running for re-election ),2026,Senate,MI,dingell d,4,1,0
,DEM,Garlin Gilchrist,lieutenant governor of Michigan (2019–present) ( running for secretary of state ),2026,Senate,MI,gilchrist g,3,1,0
,DEM,Gary Peters,incumbent U.S. senator (2015–present),2026,Senate,MI,peters g,4,1,0
,DEM,Kristen McDonald Rivet,U.S. representative from Michigan's 8th congressional district (2025–present) ( running for re-election ),2026,Senate,MI,rivet k,4,1,0
,DEM,Hillary Scholten,U.S. representative from Michigan's 3rd congressional district (2023–present) ( running for re-election ),2026,Senate,MI,scholten h,4,1,0
,DEM,Shri Thanedar,U.S. representative from Michigan's 13th congressional district (2023–present) ( running for re-election ),2026,Senate,MI,thanedar s,4,1,0
,DEM,Gretchen Whitmer,governor of Michigan (2019–present),2026,Senate,MI,whitmer g,3,1,0
,REP,Mike Rogers,former U.S. representative from Michigan's 8th congressional district (2001–2015) and nominee for U.S. Senate in 2024,2026,Senate,MI,rogers m,4,1,1
,REP,Michigan Republican Party,co-chair of the Michigan Republican Party (2025),2026,Senate,MI,party m,0,0,0
,REP,[ 199 ],"nham, dentist",2026,Senate,MI,,0,0,0
,REP,Mike Cox,former Michigan attorney general (2003–2011) ( running for governor ),2026,Senate,MI,cox m,3,0,0
,REP,Tudor Dixon,conservative media personality and nominee for governor in 2022,2026,Senate,MI,dixon t,0,0,1
,REP,Tony Dungy,former head coach of the Tampa Bay Buccaneers and the Indianapolis Colts,2026,Senate,MI,dungy t,0,0,0
,REP,Bill Huizenga,U.S. representative from Michigan's 4th congressional district (2011–present) ( running for re-election ),2026,Senate,MI,huizenga b,4,1,0
,REP,Perry Johnson,"businessman, disqualified candidate for governor in 2022 , and candidate for president in 2024 ( running for governor )",2026,Senate,MI,johnson p,0,0,1
,REP,Lisa McClain,U.S. representative from Michigan's 9th congressional district (2021–present) ( running for re-election ),2026,Senate,MI,mcclain l,4,1,0
,DEM,Angie Craig,U.S. representative from Minnesota's 2nd congressional district (2019–present),2026,Senate,MN,craig a,4,1,0
,DEM,Peggy Flanagan,lieutenant governor of Minnesota (2019–present) and former state representative from district 46A (2015–2019),2026,Senate,MN,flanagan p,3,1,0
,DEM,2024,"ge Kalberer, candidate for U.S. Senate in 2024",2026,Senate,MN,,0,0,1
,DEM,Melisa López Franzen,former minority leader of the Minnesota Senate (2021–2023) from the 49th district (2013–2023),2026,Senate,MN,franzen m,0,0,0
,DEM,Melvin Carter,mayor of Saint Paul (2018–2026) (endorsed Flanagan),2026,Senate,MN,carter m,1,0,0
,DEM,Keith Ellison,"attorney general of Minnesota (2019–present) and former U.S. representative from Minnesota's 5th congressional district (2007–2019) ( running for reelection , endorsed Flanagan)",2026,Senate,MN,ellison k,4,1,0
,DEM,Al Franken,former U.S. senator (2009–2018)  (endorsed Flanagan),2026,Senate,MN,franken a,4,0,0
,DEM,Jacob Frey,mayor of Minneapolis (2018–present)  (endorsed Craig),2026,Senate,MN,frey j,1,1,0
,DEM,Andrew Luger,"former U.S. attorney for the district of Minnesota (2014–2017, 2022–2025)",2026,Senate,MN,luger a,0,0,0
,DEM,Ilhan Omar,"U.S. representative from Minnesota's 5th congressional district (2019–present) ( running for reelection , endorsed Flanagan)",2026,Senate,MN,omar i,4,1,0
,DEM,Kelly Morrison,U.S. representative from Minnesota's 3rd congressional district (2025–present) ( running for reelection ),2026,Senate,MN,morrison k,4,1,0
,DEM,Dean Phillips,former U.S. representative from Minnesota's 3rd congressional district (2019–2025) and candidate for president in 2024  (endorsed Craig),2026,Senate,MN,phillips d,4,1,1
,DEM,Steve Simon,Minnesota secretary of state (2015–present) ( running for reelection ),2026,Senate,MN,simon s,3,1,0
,DEM,Tina Smith,incumbent U.S. senator (2018–present)  (endorsed Flanagan),2026,Senate,MN,smith t,4,1,0
,DEM,Tim Walz,"governor of Minnesota (2019–present) and Democratic nominee for U.S. vice president in 2024 ( ran for reelection, later withdrew )",2026,Senate,MN,walz t,3,1,1
,REP,[ 34 ],"rney Jr, perennial candidate",2026,Senate,MN,,0,0,0
,REP,Navy SEAL,"arze, former Navy SEAL",2026,Senate,MN,seal n,0,0,0
,REP,Michele Tafoya,reporter and retired sports broadcaster,2026,Senate,MN,tafoya m,0,0,0
,REP,U.S. Navy,"r, retired U.S. Navy officer and nominee for Minnesota's 3rd congressional district in 2022",2026,Senate,MN,navy u,0,0,1
,REP,Royce White,"former NBA player, nominee for U.S. Senate in 2024 , and candidate for Minnesota's 5th congressional district in 2022",2026,Senate,MN,white r,0,0,1
,REP,White House Fellow,"computer scientist, and former White House Fellow",2026,Senate,MN,fellow w,4,0,0
,REP,David Hann,former Republican Party of Minnesota chair (2021–2025) and minority leader of the Minnesota Senate (2013–2017),2026,Senate,MN,hann d,0,0,0
,REP,Willie Burton,former NBA player,2026,Senate,MN,burton w,0,0,0
,REP,Julia Coleman,state senator from the 48th district (2021–present) and daughter-in-law of former U.S. Senator Norm Coleman,2026,Senate,MN,coleman j,4,1,0
,REP,Lisa Demuth,speaker of the Minnesota House of Representatives (2025–present) from district 13A (2019–present)  ( running for governor ),2026,Senate,MN,demuth l,3,1,0
,REP,Zach Duckworth,state senator from the 57th district (2021–present),2026,Senate,MN,duckworth z,2,1,0
,REP,Tom Emmer,U.S. representative from Minnesota's 6th congressional district (2015–present) and nominee for governor in 2010,2026,Senate,MN,emmer t,4,1,1
,REP,Mike Lindell,"CEO of My Pillow , advisor to president Donald Trump , and candidate for RNC chair in 2023 ( running for governor , endorsed White)",2026,Senate,MN,lindell m,0,0,1
,REP,Ryan Londregan,ttorney who represented Ryan Londregan,2026,Senate,MN,londregan r,0,1,0
,REP,Tim Pawlenty,former governor of Minnesota (2003–2011) and candidate for president in 2012,2026,Senate,MN,pawlenty t,3,0,1
,REP,Pete Stauber,U.S. representative from Minnesota's 8th congressional district (2019–present),2026,Senate,MN,stauber p,4,1,0
,IND,[ 34 ],"Simonetti, business owner",2026,Senate,MN,,0,0,0
,REP,Kurt Alme,"former U.S. Attorney for the District of Montana (2017–2020, 2025–2026)",2026,Senate,MT,alme k,0,0,0
,REP,Steve Daines,incumbent U.S. senator (2015–present) (endorsed Alme),2026,Senate,MT,daines s,4,1,0
,DEM,[ 30 ],"Bankhead, Air Force lieutenant colonel and leadership coach",2026,Senate,MT,,0,0,0
,DEM,Montana House of Representatives,running for Montana House of Representatives ),2026,Senate,MT,representatives m,0,1,0
,DEM,Jon Tester,former U.S. senator (2007–2025),2026,Senate,MT,tester j,4,0,0
,DEM,Montana's 2nd congressional district,an candidate for Montana's 2nd congressional district in 2022 and 2024,2026,Senate,MT,district m,0,0,1
,IND,Seth Bodnar,former president of the University of Montana (2018–2026),2026,Senate,MT,bodnar s,0,0,0
,REP,Michael Whatley,former chair of the Republican National Committee (2024–2025),2026,Senate,NC,whatley m,0,0,0
,REP,[ 16 ],"Agnew, author",2026,Senate,NC,,0,0,0
,REP,Thom Tillis,incumbent U.S. senator (2015–present),2026,Senate,NC,tillis t,4,1,0
,REP,Pat Harrigan,U.S. representative from North Carolina's 10th congressional district (2025–present)  ( running for re-election ),2026,Senate,NC,harrigan p,4,1,0
,REP,Richard Hudson,U.S. representative from North Carolina's 9th congressional district (2013–present)  ( running for re-election ),2026,Senate,NC,hudson r,4,1,0
,REP,Greg Murphy,U.S. representative from North Carolina's 3rd congressional district (2019–present)  ( running for re-election ),2026,Senate,NC,murphy g,4,1,0
,REP,Mark Robinson,former lieutenant governor of North Carolina (2021–2025) and nominee for governor in 2024  (endorsed Brown),2026,Senate,NC,robinson m,3,0,1
,REP,Lara Trump,former co-chair of the Republican National Committee (2024–2025) and daughter-in-law of President Donald Trump  (endorsed Whatley),2026,Senate,NC,trump l,0,0,0
,REP,Mark Walker,"principal advisor on global religious freedom to the State Department , former U.S. representative from North Carolina's 6th congressional district (2015–2021), and candidate for U.S. Senate in 2022",2026,Senate,NC,walker m,4,1,1
,DEM,Roy Cooper,former governor of North Carolina (2017–2025),2026,Senate,NC,cooper r,3,0,0
,DEM,Wiley Nickel,"former U.S. representative from North Carolina's 13th congressional district (2023–2025) (endorsed Cooper,  running for Wake County district attorney )",2026,Senate,NC,nickel w,4,1,0
,DEM,2022,"sia Hammond, hospitality worker and candidate for U.S. Senate in 2022",2026,Senate,NC,,0,0,1
,DEM,Don Davis,U.S. representative from North Carolina's 1st congressional district (2023–present) ( running for re-election ),2026,Senate,NC,davis d,4,1,0
,DEM,Jeff Jackson,attorney general of North Carolina (2025–present) (endorsed Cooper),2026,Senate,NC,jackson j,3,1,0
,DEM,Deborah Ross,"U.S. representative from North Carolina's 2nd congressional district (2021–present) and nominee for U.S. Senate in 2016 (endorsed Cooper, running for re-election )",2026,Senate,NC,ross d,4,1,1
,DEM,North Carolina's 2nd congressional district,th Carolina's 2nd congressional district in 2024,2026,Senate,NC,district n,0,0,0
,DEM,Brian McGinnis,"anti-war activist, Marine veteran, and firefighter",2026,Senate,NC,mcginnis b,0,0,0
,IND,[ 77 ],"si DeBerry, social media personality",2026,Senate,NC,,0,0,0
,DEM,New Hampshire Democratic Party,New Hampshire Democratic Party Rules Committee,2026,Senate,NH,party n,0,0,0
,DEM,Chris Pappas,U.S. representative for New Hampshire's 1st congressional district (2019–present),2026,Senate,NH,pappas c,4,1,0
,DEM,[ 9 ],"ll L. Saal, medical researcher",2026,Senate,NH,,0,0,0
,DEM,Jared Sullivan,state representative from the Grafton 2nd district (2022–present),2026,Senate,NH,sullivan j,2,1,0
,DEM,Maggie Goodlander,"U.S. representative for New Hampshire's 2nd congressional district (2025–present) ( running for re-election , endorsed Pappas)",2026,Senate,NH,goodlander m,4,1,0
,DEM,Annie Kuster,former U.S. representative for New Hampshire's 2nd congressional district (2013–2025) (endorsed Pappas),2026,Senate,NH,kuster a,4,1,0
,DEM,Jeanne Shaheen,incumbent U.S. Senator (2009–present)  (endorsed Pappas),2026,Senate,NH,shaheen j,4,1,0
,DEM,Andru Volinsky,former Executive Councilor (2017–2021) and candidate for governor in 2020,2026,Senate,NH,volinsky a,0,0,1
,REP,Tom Alciere,former state representative (2000–2001) and perennial candidate,2026,Senate,NH,alciere t,2,1,0
,REP,Scott Brown,"former U.S. Ambassador to New Zealand and Samoa (2017–2020), former U.S. Senator from Massachusetts (2010–2013), and nominee for this seat in 2014",2026,Senate,NH,brown s,4,0,1
,REP,"Fitz John Porter Project, Inc.","itz John Porter Project, Inc.",2026,Senate,NH,inc f,0,0,0
,REP,Andy Martin,perennial candidate,2026,Senate,NH,martin a,0,0,0
,REP,[ 9 ],"Maxwell, perennial candidate",2026,Senate,NH,,0,0,0
,REP,Pittsfield,"n Smith, member of the Pittsfield budget committee",2026,Senate,NH,pittsfield,0,0,0
,REP,John E. Sununu,former U.S. Senator from this seat (2003–2009),2026,Senate,NH,sununu j,4,0,0
,REP,Dan Innis,"state senator (2016–2018, 2022–present) and candidate for New Hampshire's 1st congressional district in 2014 ( running for re-election , endorsed Sununu)",2026,Senate,NH,innis d,2,1,1
,REP,Kelly Ayotte,Governor of New Hampshire (2025–present) and former U.S. senator (2011–2017),2026,Senate,NH,ayotte k,4,1,0
,REP,Chris Sununu,former governor of New Hampshire (2017–2025) and brother of former U.S. Senator John E. Sununu,2026,Senate,NH,sununu c,4,0,0
,REP,Lily Tang Williams,"former chair of the Colorado Libertarian Party , nominee for New Hampshire's 2nd congressional district in 2024 and candidate in 2022 , and Libertarian nominee for U.S. Senate in Colorado in 2016  ( running for U.S. House )",2026,Senate,NH,williams l,0,0,1
,IND,[ 81 ],"iovonizzi, healthcare director",2026,Senate,NH,,0,0,0
,DEM,Ben Ray Luján,incumbent U.S. senator (2021–present),2026,Senate,NM,lujan b,4,1,0
,REP,[ 35 ],"Marker, former oil and gas operator ( write-in )",2026,Senate,NM,,0,0,0
,REP,Bridgewater Associates,"CFO of Bridgewater Associates , daughter of former U.S. Senator Pete Domenici , and nominee for U.S. Senate in 2024",2026,Senate,NM,associates b,4,0,1
,REP,Forward,"ls ( Forward ), former state representative from the 44th district (1993–1996)",2026,Senate,NM,forward,2,1,0
,REP,Jon Husted,incumbent U.S. senator (2025–present),2026,Senate,OH,husted j,4,1,0
,DEM,Sherrod Brown,former U.S. senator (2007–2025),2026,Senate,OH,brown s,4,0,0
,DEM,[ 44 ],"Lau, research integrity executive",2026,Senate,OH,,0,0,0
,DEM,Greg Landsman,U.S. representative from Ohio's 1st congressional district (2023–present) ( running for re-election ),2026,Senate,OH,landsman g,4,1,0
,DEM,Tim Ryan,"former U.S. representative from Ohio's 13th congressional district (2003–2023), nominee for U.S. Senate in 2022 , and candidate for president in 2020",2026,Senate,OH,ryan t,4,1,1
,DEM,Emilia Sykes,U.S. representative from Ohio's 13th congressional district (2023–present) ( running for re-election ),2026,Senate,OH,sykes e,4,1,0
,DEM,Casey Weinstein,state senator from the 28th district (2025–present),2026,Senate,OH,weinstein c,2,1,0
,DEM,Libertarian National Committee,an National Committee chair and nominee for 2022 United States Senate election in Illinois,2026,Senate,OH,committee l,0,0,1
,REP,Kevin Hern,U.S. representative for Oklahoma's 1st congressional district (2018–present),2026,Senate,OK,hern k,4,1,0
,REP,[ 15 ],"inhardt, executive director of Entering Wedge Media (running as an independent)",2026,Senate,OK,,0,0,0
,REP,Markwayne Mullin,incumbent U.S. senator (appointed U.S. secretary of homeland security ),2026,Senate,OK,mullin m,4,0,0
,REP,Stephanie Bice,U.S. representative for Oklahoma's 5th congressional district (2021–present) ( running for re-election ),2026,Senate,OK,bice s,4,1,0
,REP,Josh Brecheen,U.S. representative for Oklahoma's 2nd congressional district (2023–present) ( running for re-election ; endorsed Hern),2026,Senate,OK,brecheen j,4,1,0
,REP,G.T. Bynum,former mayor of Tulsa (2016–2024),2026,Senate,OK,bynum g,1,0,0
,REP,Tom Cole,U.S. representative for Oklahoma's 4th congressional district (2003–present) ( running for re-election ),2026,Senate,OK,cole t,4,1,0
,REP,Gentner Drummond,attorney general of Oklahoma (2023–present) ( running for governor ),2026,Senate,OK,drummond g,3,1,0
,REP,Frank Lucas,U.S. representative for Oklahoma's 3rd congressional district (2003–present) ( running for re-election ),2026,Senate,OK,lucas f,4,1,0
,REP,Kyle Hilbert,speaker of the Oklahoma House of Representatives (2025–present) from the 29th district (2016–present),2026,Senate,OK,hilbert k,2,1,0
,REP,David Holt,mayor of Oklahoma City (2018–present) (running for re-election),2026,Senate,OK,holt d,1,1,0
,REP,Chip Keating,former Oklahoma secretary of public safety (2019–2020) and son of former governor Frank Keating ( running for governor ),2026,Senate,OK,keating c,3,0,0
,REP,Mike Mazzei,former state senator from the 25th district (2004–2016) ( running for governor ),2026,Senate,OK,mazzei m,3,0,0
,REP,Charles McCall,former speaker of the Oklahoma House of Representatives (2017–2025) from the 22nd district (2013–2024) ( running for governor ),2026,Senate,OK,mccall c,3,1,0
,REP,Lonnie Paxton,president pro tempore of the Oklahoma Senate (2025–present) from the 23rd district (2016–present),2026,Senate,OK,paxton l,0,1,0
,REP,Matt Pinnell,lieutenant governor of Oklahoma (2019–present),2026,Senate,OK,pinnell m,3,1,0
,REP,T. W. Shannon,former speaker of the Oklahoma House of Representatives (2013–2014) from the 62nd district (2007–2015) and candidate for U.S. Senate in 2014 and 2022 (currently running for lieutenant governor ),2026,Senate,OK,shannon t,2,1,1
,REP,Kevin Stitt,governor of Oklahoma (2019–present),2026,Senate,OK,stitt k,3,1,0
,REP,Alan Armstrong,incumbent U.S. senator (2026–present) [ c ],2026,Senate,OK,armstrong a,4,1,0
,DEM,Oklahoma's 4th congressional district,4th congressional district in 2016,2026,Senate,OK,district o,0,0,0
,IND,[ 15 ],"inhardt, executive director of Entering Wedge Media (previously ran as a Republican)",2026,Senate,OK,,0,0,0
,DEM,[ 1 ],"r Burbridge, elder care worker",2026,Senate,RI,,0,0,0
,DEM,Jack Reed,incumbent U.S. senator (1997–present),2026,Senate,RI,reed j,4,1,0
,DEM,Gina Raimondo,former U.S. secretary of commerce (2021–2025) and governor of Rhode Island (2015–2021),2026,Senate,RI,raimondo g,4,0,0
,REP,Rhode Island Republican Party,"of the Rhode Island Republican Party State Central Committee, former president of the Rhode Island Republican Assembly , and candidate for U.S. Senate in 2024",2026,Senate,RI,party r,0,0,1
,IND,[ 17 ],"l Bahry, theologian",2026,Senate,RI,,0,0,0
,REP,Lindsey Graham,"incumbent U.S. Senator (died July 11, 2026)",2026,Senate,SC,graham l,4,0,0
,REP,André Bauer,"former lieutenant governor of South Carolina (2003–2011), candidate for governor in 2010 , and candidate for South Carolina's 7th congressional district in 2012",2026,Senate,SC,bauer a,3,0,1
,REP,Paul Dans,former Office of Personnel Management chief of staff (2020) and Project 2025 architect (endorsed Lynch),2026,Senate,SC,dans p,0,0,0
,REP,[ 24 ],"Holliman, graduate student",2026,Senate,SC,,0,0,0
,REP,Ralph Norman,U.S. representative from South Carolina's 5th congressional district (2017–present) ( ran for governor ),2026,Senate,SC,norman r,4,1,0
,REP,Mark Sanford,"former governor of South Carolina (2003–2011), U.S. representative from South Carolina's 1st congressional district (1995–2001, 2013–2019), and candidate for president in 2020  ( ran for U.S. House )",2026,Senate,SC,sanford m,4,1,1
,REP,2026 primary,appliance repair executive and 2026 primary candidate for this seat,2026,Senate,SC,primary,0,0,1
,REP,Russell Fry,U.S. representative from South Carolina’s 7th congressional district (2023–present) ( currently running for re-election ),2026,Senate,SC,fry r,4,1,0
,REP,Darline Graham,incumbent senator (2026-present),2026,Senate,SC,graham d,0,1,0
,REP,Nancy Mace,"U.S. representative from South Carolina’s 1st congressional district (2021–present), candidate for U.S. Senate in 2014 , and candidate for governor in 2026",2026,Senate,SC,mace n,4,1,1
,REP,Sheri Biggs,U.S. representative from South Carolina’s 3rd congressional district (2025–present) ( currently running for re-election ),2026,Senate,SC,biggs s,4,1,0
,REP,Pamela Evette,lieutenant governor of South Carolina (2019–present) and defeated Republican primary runoff candidate for governor in 2026,2026,Senate,SC,evette p,3,1,1
,REP,Trey Gowdy,former U.S. representative from South Carolina's 4th congressional district (2011–2019),2026,Senate,SC,gowdy t,4,1,0
,REP,Henry McMaster,governor of South Carolina (2017–present),2026,Senate,SC,mcmaster h,3,1,0
,REP,Scott Bessent,United States Secretary of the Treasury (2025–present),2026,Senate,SC,bessent s,4,1,0
,REP,Nikki Haley,"former United States ambassador to the United Nations (2017–2018), former Governor of South Carolina (2011–2017), and candidate for president in 2024",2026,Senate,SC,haley n,3,0,1
,REP,William Timmons,"U.S. representative from South Carolina's 4th congressional district (2019–present) ( running for re-election , endorsed Graham)",2026,Senate,SC,timmons w,4,1,0
,REP,Joe Wilson,U.S. representative from South Carolina's 2nd congressional district (2001–present) ( running for re-election ),2026,Senate,SC,wilson j,4,1,0
,DEM,Annie Andrews,pediatrician and nominee for South Carolina's 1st congressional district in 2022,2026,Senate,SC,andrews a,0,0,1
,DEM,[ 81 ],"hnson, engineer",2026,Senate,SC,,0,0,0
,IND,[ 88 ],"ackett, house painter",2026,Senate,SC,,0,0,0
,IND,South Carolina Libertarian Party,the South Carolina Libertarian Party State Committee,2026,Senate,SC,party s,0,0,0
,REP,Mike Rounds,incumbent U.S. senator (2015–present),2026,Senate,SD,rounds m,4,1,0
,DEM,South Dakota state trooper,"uth Dakota state trooper , activist, and businessman",2026,Senate,SD,trooper s,0,0,0
,IND,U.S. Navy,"gs, U.S. Navy and Air Force veteran, former Northern State University political science professor, and Democratic nominee for U.S. Senate in 2022",2026,Senate,SD,navy u,0,0,1
,REP,Ken Paxton,attorney general of Texas (2015–present),2026,Senate,TX,paxton k,3,1,0
,REP,[ 22 ],"der Duncan, police officer",2026,Senate,TX,,0,0,0
,REP,Richland Springs,sident of the Richland Springs school board,2026,Senate,TX,springs r,1,0,0
,REP,ran for U.S. House,iropractic business owner ( ran for U.S. House ),2026,Senate,TX,house r,0,0,0
,DEM,James Talarico,state representative from the 50th district (2018–present),2026,Senate,TX,talarico j,2,1,0
,DEM,Colin Allred,"former U.S. representative from Texas's 32nd congressional district (2019–2025) and nominee for U.S. Senate in 2024 ( running for U.S. House , endorsed Crockett in the primary and Talarico in the general)",2026,Senate,TX,allred c,4,1,1
,DEM,[ 241 ],"orgul, administrative assistant",2026,Senate,TX,,0,0,0
,DEM,Terry Virts,retired United States Air Force pilot and NASA astronaut ( ran for U.S. House ),2026,Senate,TX,virts t,0,0,0
,DEM,Joaquin Castro,U.S. representative from Texas's 20th congressional district (2013–present) ( running for re-election ),2026,Senate,TX,castro j,4,1,0
,DEM,Veronica Escobar,U.S. representative from Texas's 16th congressional district (2019–present) ( running for re-election ),2026,Senate,TX,escobar v,4,1,0
,DEM,Clay Jenkins,Dallas County judge [ p ] (2011–present),2026,Senate,TX,jenkins c,1,1,0
,DEM,Marc Veasey,U.S. representative from Texas's 33rd congressional district (2013–present)  (endorsed Allred),2026,Senate,TX,veasey m,4,1,0
,IND,[ 306 ],"Smith, assistant professor",2026,Senate,TX,,0,0,0
,IND,Jade Simmons,"concert pianist, motivational speaker, and 2020 presidential candidate",2026,Senate,TX,simmons j,0,0,0
,DEM,Mark Warner,incumbent U.S. senator (2009–present),2026,Senate,VA,warner m,4,1,0
,DEM,Spotsylvania County,tsylvania County school board member,2026,Senate,VA,county s,1,0,0
,DEM,Army,"ory Eichelberger, Army Adjutant General Corps Reserve 2nd Lieutenant",2026,Senate,VA,army,0,0,0
,DEM,reality TV,former investment banker and reality TV star (running as an independent),2026,Senate,VA,tv r,0,0,0
,DEM,[ 9 ],"Reynolds, IT professional",2026,Senate,VA,,0,0,0
,REP,[ 19 ],"rington, financial accountant",2026,Senate,VA,,0,0,0
,REP,Bert Mizusawa,"retired United States Army major general , candidate for U.S. Senate in 2018 , and candidate for VA-02 in 2010",2026,Senate,VA,mizusawa b,0,0,1
,REP,U.S. Marine Corps Reserves,e Corps Reserves colonel,2026,Senate,VA,reserves u,0,0,0
,REP,Bryce Reeves,"state senator from the 28th district (2012–present), candidate for lieutenant governor of Virginia in 2017 , and candidate for Virginia's 7th congressional district in 2022",2026,Senate,VA,reeves b,2,1,1
,REP,Virginia's 3rd congressional district,"rginia's 3rd congressional district in 2010 , and perennial candidate",2026,Senate,VA,district v,0,0,0
,REP,Jason Miyares,former attorney general of Virginia (2022–2026),2026,Senate,VA,miyares j,3,0,0
,REP,Glenn Youngkin,former governor of Virginia (2022–2026),2026,Senate,VA,youngkin g,3,0,0
,IND,[ 7 ],"Moran, former investment banker and reality TV star (previously ran as a Democrat)   (running for Fairfax County Commonwealth’s Attorney)",2026,Senate,VA,,0,0,0
