district,party,name,descriptor,year,office,state,cand_key,office_level,bio_in_office,bio_prior_candidacy
,DEM,Jay Nixon,incumbent governor,2012,Governor,MO,nixon j,3,0,0
,REP,Dave Spence,businessman,2012,Governor,MO,spence d,0,0,0
,DEM,Steve Bullock,Montana Attorney General,2012,Governor,MT,bullock s,3,0,0
,DEM,John Walsh,Brigadier general and former adjutant general in the Montana National Guard,2012,Governor,MT,walsh j,0,0,0
,DEM,Heather Margolis,Montana representative for community service organization ServeNext,2012,Governor,MT,margolis h,2,1,0
,DEM,Larry Jent,state senator,2012,Governor,MT,jent l,2,0,0
,DEM,John Bohlinger,Lieutenant Governor of Montana,2012,Governor,MT,bohlinger j,3,0,0
,DEM,Carl Borgquist,president of Grasslands Renewable Energy of Bozeman,2012,Governor,MT,borgquist c,0,0,0
,DEM,Dave Wanzenried,state senator,2012,Governor,MT,wanzenried d,2,0,0
,DEM,Pat Williams,former U.S. representative,2012,Governor,MT,williams p,4,1,0
,REP,Bob Fanning,retired businessman,2012,Governor,MT,fanning b,0,0,0
,REP,Running mate: Joel Boniek,former state representative,2012,Governor,MT,boniek r,2,1,0
,REP,Chuck Baldwin,pastor and Constitution Party nominee for president in 2008 (dropped out February 2012),2012,Governor,MT,baldwin c,0,0,1
,REP,Rick Hill,former U.S. representative,2012,Governor,MT,hill r,4,1,0
,REP,Jon Sonju,state senator,2012,Governor,MT,sonju j,2,0,0
,REP,Neil Livingstone,terrorism and national security analyst,2012,Governor,MT,livingstone n,0,0,0
,REP,Ryan Zinke,state senator,2012,Governor,MT,zinke r,2,0,0
,REP,Jim Lynch,former Montana Department of Transportation director,2012,Governor,MT,lynch j,0,0,0
,REP,Carroll College,Trustee,2012,Governor,MT,college c,0,0,0
,REP,Ken Miller,former state senator and former chairman of the Montana Republican Party,2012,Governor,MT,miller k,2,0,0
,REP,Chouteau County,Commissioner,2012,Governor,MT,county c,0,0,0
,REP,Corey Stapleton,former state senator,2012,Governor,MT,stapleton c,2,0,0
,REP,Jeff Essmann,Majority Leader of the Montana Senate,2012,Governor,MT,essmann j,2,0,0
,REP,Drew Turiano,real estate investor,2012,Governor,MT,turiano d,0,0,0
,REP,Denny Rehberg,U.S. representative ( ran for the U.S. Senate ),2012,Governor,MT,rehberg d,4,1,0
,DEM,Bruce Blackmon,physician,2012,Governor,NC,blackmon b,0,0,0
,DEM,Walter H. Dalton,Lieutenant Governor,2012,Governor,NC,dalton w,3,0,0
,DEM,Gary M. Dunn,salesman and UNC-Charlotte student,2012,Governor,NC,dunn g,0,0,0
,DEM,Bob Etheridge,former U.S. Representative,2012,Governor,NC,etheridge b,4,1,0
,DEM,Bill Faison,state representative,2012,Governor,NC,faison b,2,1,0
,DEM,U.S. Agency for International Development,auditor,2012,Governor,NC,development u,0,0,0
,DEM,Dan Blue,state senator,2012,Governor,NC,blue d,2,0,0
,DEM,Erskine Bowles,"chairman of the National Commission on Fiscal Responsibility and Reform , former UNC System president, former White House Chief of Staff",2012,Governor,NC,bowles e,4,0,0
,DEM,Roy Cooper,Attorney General of North Carolina,2012,Governor,NC,cooper r,3,0,0
,DEM,Janet Cowell,state treasurer,2012,Governor,NC,cowell j,3,0,0
,DEM,Cal Cunningham,former state senator,2012,Governor,NC,cunningham c,2,0,0
,DEM,Anthony Foxx,mayor of Charlotte,2012,Governor,NC,foxx a,1,0,0
,DEM,Kay Hagan,U.S. Senator,2012,Governor,NC,hagan k,4,0,0
,DEM,Jim Hunt,former governor,2012,Governor,NC,hunt j,3,0,0
,DEM,Allen Joines,Mayor of Winston-Salem,2012,Governor,NC,joines a,1,0,0
,DEM,Mike McIntyre,U.S. Representative,2012,Governor,NC,mcintyre m,4,1,0
,DEM,Brad Miller,U.S. Representative,2012,Governor,NC,miller b,4,1,0
,DEM,Richard H. Moore,former North Carolina State Treasurer and candidate for governor in 2008,2012,Governor,NC,moore r,3,0,1
,DEM,Bev Perdue,incumbent governor,2012,Governor,NC,perdue b,3,0,0
,DEM,Heath Shuler,U.S. Representative,2012,Governor,NC,shuler h,4,1,0
,REP,Jim Harney,businessman,2012,Governor,NC,harney j,0,0,0
,REP,Scott Jones,businessman,2012,Governor,NC,jones s,0,0,0
,REP,Jim Mahan,small businessman and former teacher,2012,Governor,NC,mahan j,0,0,0
,REP,Pat McCrory,former mayor of Charlotte and nominee for governor in 2008,2012,Governor,NC,mccrory p,1,0,1
,REP,Charles Kenneth Moss,businessman and preacher,2012,Governor,NC,moss c,0,0,0
,REP,Superior Court,judge,2012,Governor,NC,court s,1,0,0
,REP,Phil Berger,State Senate President Pro Tem,2012,Governor,NC,berger p,2,0,0
,REP,Cherie Berry,state labor commissioner (running for re-election),2012,Governor,NC,berry c,0,0,0
,REP,Peter Brunstetter,state senator,2012,Governor,NC,brunstetter p,2,0,0
,REP,Paul Coble,former mayor of Raleigh and current chairman of the Wake County Board of Commissioners (running for Congress),2012,Governor,NC,coble p,1,0,0
,REP,Steve Troxler,state Agriculture Commissioner (running for re-election),2012,Governor,NC,troxler s,0,0,0
,DEM,Jackie Cilley,former state Senator,2012,Governor,NH,cilley j,2,0,0
,DEM,Maggie Hassan,former majority leader of the New Hampshire Senate,2012,Governor,NH,hassan m,2,0,0
,DEM,Air Force,officer,2012,Governor,NH,force a,0,0,0
,DEM,Mark Connolly,former director of the New Hampshire's Bureau of Securities Regulation,2012,Governor,NH,connolly m,0,0,0
,DEM,Gary Hirshberg,chairman and former CEO of Stonyfield Farm,2012,Governor,NH,hirshberg g,0,0,0
,DEM,John Lynch,incumbent governor,2012,Governor,NH,lynch j,3,0,0
,DEM,Steve Marchand,former mayor of Portsmouth,2012,Governor,NH,marchand s,1,0,0
,REP,Ovide M. Lamontagne,"attorney, 1992 congressional candidate, nominee for governor in 1996 and candidate for the U.S. Senate in 2010",2012,Governor,NH,lamontagne o,0,0,1
,REP,Kevin H. Smith,conservative activist and former state Representative,2012,Governor,NH,smith k,2,1,0
,REP,Bill Binnie,businessman and candidate for the U.S. Senate in 2010,2012,Governor,NH,binnie b,0,0,1
,REP,Jeb Bradley,New Hampshire Senate Majority Leader and former U.S. Representative,2012,Governor,NH,bradley j,4,1,0
,REP,Peter Bragdon,state Senate President,2012,Governor,NH,bragdon p,2,0,0
,REP,Ted Gatsas,Mayor of Manchester,2012,Governor,NH,gatsas t,1,0,0
,REP,Steve Kenda,businessman,2012,Governor,NH,kenda s,0,0,0
,REP,John Lyons,chairman of the New Hampshire Board of Education,2012,Governor,NH,lyons j,0,0,0
,REP,John Stephen,former Health and Human Services Commissioner and Republican nominee for governor in 2010,2012,Governor,NH,stephen j,0,0,1
,DEM,Jay Inslee,U.S. Representative for WA-01 (1999–2012) and WA-04 (1993–1995),2012,Governor,WA,inslee j,4,1,0
,DEM,Lisa Brown,State Senate Majority Leader,2012,Governor,WA,brown l,2,0,0
,DEM,Dow Constantine,King County Executive,2012,Governor,WA,constantine d,1,0,0
,DEM,Christine Gregoire,incumbent Governor,2012,Governor,WA,gregoire c,3,0,0
,DEM,Jim McIntire,State Treasurer ( ran for reelection ),2012,Governor,WA,mcintire j,3,0,0
,DEM,Aaron Reardon,Snohomish County Executive,2012,Governor,WA,reardon a,1,0,0
,DEM,Ron Sims,former King County Executive and Deputy Secretary of Housing and Urban Development,2012,Governor,WA,sims r,1,0,0
,DEM,Brian Sonntag,State Auditor,2012,Governor,WA,sonntag b,3,0,0
,REP,Shahram Hadian,pastor and small business owner,2012,Governor,WA,hadian s,0,0,0
,REP,Rob McKenna,Attorney General of Washington,2012,Governor,WA,mckenna r,3,0,0
,REP,Dave Reichert,U.S. Representative ( ran for reelection ),2012,Governor,WA,reichert d,4,1,0
,IND,L. Dale Sorgen,computer programmer and former pastor,2012,Governor,WA,sorgen l,0,0,0
,DEM,Earl Ray Tomblin,incumbent governor,2012,Governor,WV,tomblin e,3,0,0
,DEM,Jeff Kessler,"state senator , president of the state senate, and candidate for governor in 2011",2012,Governor,WV,kessler j,2,0,1
,DEM,Brooks McCabe,state senator,2012,Governor,WV,mccabe b,2,0,0
,REP,West Virginia University,and candidate for governor in 2011,2012,Governor,WV,university w,0,0,1
,REP,Bill Maloney,businessman and Republican nominee for governor in 2011,2012,Governor,WV,maloney b,0,0,1
,REP,Clark Barnes,state senator and candidate for governor in 2011  (did not file),2012,Governor,WV,barnes c,2,0,1
,REP,Putnam County,prosecutor and candidate for governor in 2011  (did not file),2012,Governor,WV,county p,0,0,1
,REP,West Virginia Republican Party,chairman,2012,Governor,WV,party w,0,0,0
,REP,2006,and 2010 and candidate for the U.S. Senate in 2008,2014,Governor,AK,,0,0,1
,REP,Sean Parnell,incumbent governor,2014,Governor,AK,parnell s,3,0,0
,REP,Bill Walker,former mayor of Valdez and candidate for governor in 2010 (ran as an independent ),2014,Governor,AK,walker b,1,0,1
,REP,Dan Sullivan,Mayor of Anchorage,2014,Governor,AK,sullivan d,1,0,0
,REP,Kelly Wolf,Kenai Peninsula Borough Assemblyman and former state representative,2014,Governor,AK,wolf k,2,1,0
,REP,Lesil McGuire,state senator,2014,Governor,AK,mcguire l,2,0,0
,DEM,Byron Mallott,"businessman, former mayor of Juneau , former president of the Alaska Federation of Natives and former executive director of the Alaska Permanent Fund",2014,Governor,AK,mallott b,1,0,0
,DEM,in 1984,and candidate for governor in 1986,2014,Governor,AK,in,0,0,1
,DEM,Hollis French,state senator and candidate for governor in 2010 (running for lieutenant governor ),2014,Governor,AK,french h,2,0,1
,DEM,Ethan Berkowitz,"former Minority Leader of the Alaska House of Representatives , nominee for lieutenant governor in 2006 , for Congress in 2008 and governor in 2010",2014,Governor,AK,berkowitz e,3,1,1
,DEM,Les Gara,state representative,2014,Governor,AK,gara l,2,1,0
,DEM,Scott McAdams,former mayor of Sitka and nominee for the U.S. Senate in 2010,2014,Governor,AK,mcadams s,1,0,1
,DEM,Bill Wielechowski,state senator,2014,Governor,AK,wielechowski b,2,0,0
,DEM,Carolyn Clift,treasurer of the Alaska Libertarian Party,2014,Governor,AK,clift c,0,0,0
,DEM,Bob Williams,teacher,2014,Governor,AK,williams b,0,0,0
,DEM,Andrew C. Lee,gold miner,2014,Governor,AK,lee a,0,0,0
,REP,Robert J. Bentley,incumbent Governor,2014,Governor,AL,bentley r,3,0,0
,REP,Morgan County,Commissioner,2014,Governor,AL,county m,0,0,0
,REP,Scottsboro,in 2012,2014,Governor,AL,scottsboro,0,0,0
,REP,Tommy Battle,Mayor of Huntsville,2014,Governor,AL,battle t,1,0,0
,REP,Bradley Byrne,U.S. Representative and candidate for Governor in 2010 ( ran for re-election ),2014,Governor,AL,byrne b,4,1,1
,REP,Jefferson County,Commission (ran for re-election),2014,Governor,AL,county j,0,0,0
,REP,Beth Chapman,former Secretary of State of Alabama,2014,Governor,AL,chapman b,3,0,0
,REP,Mike Hubbard,Speaker of the Alabama House of Representatives (ran for re-election),2014,Governor,AL,hubbard m,2,1,0
,REP,Alabama State Board of Education,(ran for re-election),2014,Governor,AL,education a,0,0,0
,REP,Kay Ivey,Lieutenant Governor of Alabama ( ran for re-election ),2014,Governor,AL,ivey k,3,0,0
,REP,Tim James,"businessman, son of former Governor Fob James and candidate for Governor in 2002 and 2010",2014,Governor,AL,james t,3,0,1
,REP,Del Marsh,President Pro Tempore of the Alabama Senate (ran for re-election),2014,Governor,AL,marsh d,2,0,0
,REP,Roy Moore,Chief Justice of the Alabama Supreme Court and candidate for Governor in 2006 and 2010,2014,Governor,AL,moore r,0,0,1
,REP,Tony Petelos,Jefferson County Manager and former Mayor of Hoover,2014,Governor,AL,petelos t,1,0,0
,REP,Bob Riley,former governor of Alabama,2014,Governor,AL,riley b,3,0,0
,REP,Luther Strange,Attorney General of Alabama ( ran for re-election ),2014,Governor,AL,strange l,3,0,0
,DEM,Fayette,in 2012,2014,Governor,AL,fayette,0,0,0
,DEM,Parker Griffith,"former U.S. Representative, a former republican while serving in congress",2014,Governor,AL,griffith p,4,1,0
,DEM,Billy Beasley,state senator,2014,Governor,AL,beasley b,2,0,0
,DEM,Regina Benjamin,former Surgeon General of the United States,2014,Governor,AL,benjamin r,0,0,0
,DEM,Sue Bell Cobb,former chief justice of the Alabama Supreme Court,2014,Governor,AL,cobb s,0,0,0
,DEM,Vivian Davis Figures,Minority Leader of the Alabama Senate and nominee for the U.S. Senate in 2008,2014,Governor,AL,figures v,2,0,1
,DEM,Craig Ford,Minority Leader of the Alabama House of Representatives,2014,Governor,AL,ford c,2,1,0
,DEM,Jefferson County,Judge,2014,Governor,AL,county j,1,0,0
,DEM,John Rogers,state representative,2014,Governor,AL,rogers j,2,1,0
,DEM,Robert Vance,Jefferson County Circuit Judge and nominee for Chief Justice of the Alabama Supreme Court in 2012,2014,Governor,AL,vance r,1,0,1
,IND,Charles Barkley,former NBA player,2014,Governor,AL,barkley c,0,0,0
,DEM,Mike Ross,former U.S. representative,2014,Governor,AR,ross m,4,1,0
,DEM,Bill Halter,former lieutenant governor of Arkansas and candidate for the U.S. Senate in 2010 ( endorsed Ross ),2014,Governor,AR,halter b,3,0,1
,DEM,Dustin McDaniel,Arkansas Attorney General,2014,Governor,AR,mcdaniel d,3,0,0
,DEM,Shane Broadway,interim director of the Department of Higher Education and former state senator,2014,Governor,AR,broadway s,2,0,0
,DEM,John Burkhalter,former State Highway Commissioner ( running for Lieutenant Governor ),2014,Governor,AR,burkhalter j,0,0,0
,DEM,Conner Eldridge,U.S. Attorney for the Western District of Arkansas,2014,Governor,AR,eldridge c,0,0,0
,DEM,G. David Gearhart,chancellor of the University of Arkansas,2014,Governor,AR,gearhart g,0,0,0
,DEM,Pat Hays,former mayor of North Little Rock ( running for U.S. House ),2014,Governor,AR,hays p,1,0,0
,DEM,Keith Ingram,state senator ( endorsed Ross ),2014,Governor,AR,ingram k,2,0,0
,DEM,Bruce Maloch,state senator,2014,Governor,AR,maloch b,2,0,0
,DEM,Michael Malone,president and CEO of the Northwest Arkansas Council,2014,Governor,AR,malone m,0,0,0
,DEM,Vic Snyder,former U.S. representative,2014,Governor,AR,snyder v,4,1,0
,DEM,Arkansas Public Service Commission,and candidate for Attorney General of Arkansas in 2006,2014,Governor,AR,commission a,0,0,1
,DEM,Chris Thomason,chancellor of the University of Arkansas Community College at Hope and former state representative,2014,Governor,AR,thomason c,2,1,0
,DEM,Robert F. Thompson,state senator ( endorsed Ross ),2014,Governor,AR,thompson r,2,0,0
,DEM,Darrin Williams,"state representative, former speaker of the Arkansas House of Representatives",2014,Governor,AR,williams d,2,1,0
,REP,Asa Hutchinson,"former administrator of the DEA , former U.S. representative, nominee for U.S. Senate in 1986 and nominee for governor in 2006",2014,Governor,AR,hutchinson a,4,1,1
,REP,running for Lieutenant Governor,),2014,Governor,AR,governor r,0,0,0
,REP,Davy Carter,Speaker of the Arkansas House of Representatives,2014,Governor,AR,carter d,2,1,0
,REP,Tom Cotton,U.S. representative for Arkansas's 4th congressional district (2013–2015) ( running for the U.S. Senate ),2014,Governor,AR,cotton t,4,1,0
,REP,Rick Crawford,U.S. representative for Arkansas's 1st congressional district (2011–present),2014,Governor,AR,crawford r,4,1,0
,REP,Mark Darr,former lieutenant governor of Arkansas,2014,Governor,AR,darr m,3,0,0
,REP,G. David Gearhart,chancellor of the University of Arkansas,2014,Governor,AR,gearhart g,0,0,0
,REP,Tim Griffin,U.S. representative for Arkansas's 2nd congressional district (2011–2015) ( running for Lieutenant Governor ),2014,Governor,AR,griffin t,4,1,0
,REP,Missy Irvin,state senator,2014,Governor,AR,irvin m,2,0,0
,REP,Jim Keet,former state senator and nominee for governor in 2010,2014,Governor,AR,keet j,2,0,1
,REP,Johnny Key,state senator,2014,Governor,AR,key j,2,0,0
,REP,Mark Martin,Secretary of State of Arkansas ( running for re-election ),2014,Governor,AR,martin m,3,0,0
,REP,Sheffield Nelson,businessman and nominee for governor in 1990 and 1994,2014,Governor,AR,nelson s,0,0,1
,REP,Steve Womack,U.S. representative Arkansas's 3rd congressional district (2011–present),2014,Governor,AR,womack s,4,1,0
,REP,Green,"), attorney and nominee for Arkansas's 4th congressional district in 2008 , 2010 and 2012",2014,Governor,AR,green,0,0,1
,REP,Libertarian,"), DeKalb Township Constable, former mayor of Tull and nominee for the state senate in 2012",2014,Governor,AR,libertarian,1,0,1
,REP,Ken Bennett,Secretary of State of Arizona,2014,Governor,AZ,bennett k,3,0,0
,REP,Doug Ducey,State Treasurer of Arizona,2014,Governor,AZ,ducey d,3,0,0
,REP,Christine Jones,"former executive vice president, General Counsel and corporate secretary for Go Daddy",2014,Governor,AZ,jones c,0,0,0
,REP,Frank Riggs,former U.S. representative from California and candidate for the U.S. Senate from California in 1998,2014,Governor,AZ,riggs f,4,1,1
,REP,Scott Smith,Mayor of Mesa,2014,Governor,AZ,smith s,1,0,0
,REP,Andrew Thomas,"former county attorney of Maricopa County , disbarred lawyer, and candidate for Arizona Attorney General in 2010",2014,Governor,AZ,thomas a,1,0,1
,REP,Hugh Hallman,former mayor of Tempe ( ran for state treasurer and lost ),2014,Governor,AZ,hallman h,1,0,0
,REP,Al Melvin,state senator,2014,Governor,AZ,melvin a,2,0,0
,REP,John Molina,OB/GYN and former CEO of Phoenix Indian Medical Center,2014,Governor,AZ,molina j,0,0,0
,REP,Joe Arpaio,Sheriff of Maricopa County,2014,Governor,AZ,arpaio j,1,0,0
,REP,Jan Brewer,incumbent governor,2014,Governor,AZ,brewer j,3,0,0
,REP,Brenda Burns,Corporation Commissioner,2014,Governor,AZ,burns b,0,0,0
,REP,in 2012,( ran for Secretary of State and lost ),2014,Governor,AZ,in,0,0,0
,REP,Tom Horne,Attorney General of Arizona ( ran for re-election and lost ),2014,Governor,AZ,horne t,3,0,0
,REP,Martha McSally,retired United States Air Force colonel and nominee for Arizona's 2nd congressional district in 2012 ( ran for AZ-02 and won ),2014,Governor,AZ,mcsally m,0,0,1
,REP,Steve Pierce,state senator,2014,Governor,AZ,pierce s,2,0,0
,REP,Steven Seagal,actor and reserve deputy sheriff,2014,Governor,AZ,seagal s,1,0,0
,DEM,Fred DuVal,former chairman of the Arizona Board of Regents,2014,Governor,AZ,duval f,0,0,0
,DEM,Chad Campbell,Minority Leader of the Arizona House of Representatives,2014,Governor,AZ,campbell c,2,1,0
,DEM,Richard Carmona,former Surgeon General and nominee for the U.S. Senate in 2012,2014,Governor,AZ,carmona r,0,0,1
,DEM,Neil Giuliano,former mayor of Tempe,2014,Governor,AZ,giuliano n,1,0,0
,DEM,Terry Goddard,"former Arizona Attorney General , candidate for governor in 1994 and nominee for governor in 1990 and 2010 ( ran for Secretary of State and lost )",2014,Governor,AZ,goddard t,3,0,1
,DEM,Marco A. López Jr.,former chief of staff for the U.S. Customs and Border Protection and former mayor of Nogales,2014,Governor,AZ,lopez m,1,0,0
,DEM,Janet Napolitano,"president of the University of California , former secretary of the Department of Homeland Security and former governor of Arizona",2014,Governor,AZ,napolitano j,3,0,0
,DEM,Arizona Attorney General,in 2010 ( ran for Attorney General and lost ),2014,Governor,AZ,general a,0,0,0
,DEM,Greg Stanton,Mayor of Phoenix,2014,Governor,AZ,stanton g,1,0,0
,DEM,independent,"write-in candidate), Arizona Army National Guardsman",2014,Governor,AZ,independent,0,0,0
,DEM,Libertarian Party,"), perennial candidate",2014,Governor,AZ,party l,0,0,0
,DEM,unaffiliated,"write-in candidate), food account manager and brother of Eddie Johnson",2014,Governor,AZ,unaffiliated,0,0,0
,DEM,Americans Elect,"), candidate for the Americans Elect nomination for president in 2012",2014,Governor,AZ,elect a,0,0,1
,DEM,Mayor,"of Orange County, Florida in 2010",2014,Governor,CA,mayor,0,0,0
,DEM,Jerry Brown,incumbent governor of California,2014,Governor,CA,brown j,3,0,0
,DEM,Geby Espinosa,gym owner,2014,Governor,CA,espinosa g,0,0,0
,DEM,Hanala Sagal,author and fitness personality,2014,Governor,CA,sagal h,0,0,0
,DEM,Michael Strimling,attorney,2014,Governor,CA,strimling m,0,0,0
,DEM,Kamala Harris,Attorney General of California (ran for re-election ),2014,Governor,CA,harris k,3,0,0
,DEM,Gavin Newsom,Lieutenant Governor of California (ran for re-election ),2014,Governor,CA,newsom g,3,0,0
,DEM,Hilda Solis,former United States Secretary of Labor and former U.S. representative (ran for Los Angeles County Board of Supervisors ),2014,Governor,CA,solis h,4,1,0
,DEM,Antonio Villaraigosa,former Mayor of Los Angeles,2014,Governor,CA,villaraigosa a,1,0,0
,REP,Glenn Champ,businessman and engineer,2014,Governor,CA,champ g,0,0,0
,REP,Tim Donnelly,state assemblyman and Minuteman founder,2014,Governor,CA,donnelly t,2,0,0
,REP,Neel Kashkari,former acting assistant secretary of the Treasury for financial stability,2014,Governor,CA,kashkari n,0,0,0
,REP,Dennis Jackson,manufacturer,2014,Governor,CA,jackson d,0,0,0
,REP,Abel Maldonado,"former lieutenant governor of California , candidate for controller in 2006 , and candidate for CA-24 in 2012",2014,Governor,CA,maldonado a,3,0,1
,REP,Kevin McCarthy,U.S. representative and House Majority Whip,2014,Governor,CA,mccarthy k,4,1,0
,REP,John Moorlach,Orange County Supervisor,2014,Governor,CA,moorlach j,1,0,0
,REP,Steve Poizner,former Insurance Commissioner of California and candidate for governor in 2010,2014,Governor,CA,poizner s,3,0,1
,REP,George Radanovich,former U.S. representative,2014,Governor,CA,radanovich g,4,1,0
,REP,Meg Whitman,"CEO of Hewlett-Packard , former CEO of eBay and nominee for governor in 2010",2014,Governor,CA,whitman m,0,0,1
,REP,James P. Gray,former Orange County Superior Court Judge and Libertarian Party nominee for Vice President of the United States in 2012,2014,Governor,CA,gray j,1,0,1
,REP,Luis J. Rodriguez,"author, progressive activist and Justice Party nominee for Vice President of the United States in 2012",2014,Governor,CA,rodriguez l,0,0,1
,IND,American Independent Party,nominee for Vice President of the United States in 2012,2014,Governor,CA,party a,0,0,1
,IND,Cindy Sheehan,anti-war activist and Peace and Freedom Party nominee for Vice President of the United States in 2012,2014,Governor,CA,sheehan c,0,0,1
,IND,Bogdan Ambrozewicz,"small business owner, Independent candidate for the State Senate in 2012 and Republican candidate for the State Assembly in 2011",2014,Governor,CA,ambrozewicz b,0,0,1
,IND,Janel Buycks,minister/business owner,2014,Governor,CA,buycks j,0,0,0
,IND,Joe Leicht,golf course operator,2014,Governor,CA,leicht j,0,0,0
,IND,2003,"2006 , and 2010",2014,Governor,CA,,0,0,0
,DEM,John Hickenlooper,incumbent governor,2014,Governor,CO,hickenlooper j,3,0,0
,REP,Bob Beauprez,former U.S. representative and nominee for governor in 2006,2014,Governor,CO,beauprez b,4,1,1
,REP,Scott Gessler,Secretary of State of Colorado,2014,Governor,CO,gessler s,3,0,0
,REP,Mike Kopp,former Minority Leader of the Colorado Senate,2014,Governor,CO,kopp m,2,0,0
,REP,Pueblo,City Councillor,2014,Governor,CO,pueblo,1,0,0
,REP,Tom Tancredo,former U.S. representative and Constitution Party nominee for governor in 2010,2014,Governor,CO,tancredo t,4,1,1
,REP,Greg Brophy,state senator,2014,Governor,CO,brophy g,2,0,0
,REP,Adams County,Republican Party,2014,Governor,CO,county a,0,0,0
,REP,Roni Bell Sylvester,rancher,2014,Governor,CO,sylvester r,0,0,0
,REP,Steve Laffey,"former mayor of Cranston, Rhode Island and candidate for the U.S. Senate from Rhode Island in 2006 ( running for CO-04 )",2014,Governor,CO,laffey s,1,0,1
,REP,Dan Caplis,radio host,2014,Governor,CO,caplis d,0,0,0
,REP,Cory Gardner,U.S. representative ( running for the U.S. Senate ),2014,Governor,CO,gardner c,4,1,0
,REP,Jennifer George,attorney,2014,Governor,CO,george j,0,0,0
,REP,Cheri Gerou,state representative,2014,Governor,CO,gerou c,2,1,0
,REP,Victor Mitchell,former state representative,2014,Governor,CO,mitchell v,2,1,0
,REP,Ellen Roberts,state senator,2014,Governor,CO,roberts e,2,0,0
,REP,Bob Schaffer,"former U.S. representative, candidate for the U.S. Senate in 2004 and nominee for the U.S. Senate in 2008",2014,Governor,CO,schaffer b,4,1,1
,REP,Navy fighter pilot,(running for the State Senate),2014,Governor,CO,pilot n,0,0,0
,REP,Walker Stapleton,Colorado State Treasurer (running for re-election),2014,Governor,CO,stapleton w,3,0,0
,REP,John Suthers,Colorado Attorney General,2014,Governor,CO,suthers j,3,0,0
,REP,Matthew Hess,IT systems administrator,2014,Governor,CO,hess m,0,0,0
,REP,Harry Hempy,software engineer and progressive activist,2014,Governor,CO,hempy h,0,0,0
,IND,Paul N. Fiorino,performing arts teacher and perennial candidate,2014,Governor,CO,fiorino p,0,0,0
,IND,Jim Rundberg,businessman,2014,Governor,CO,rundberg j,0,0,0
,DEM,Dannel Malloy,incumbent Governor,2014,Governor,CT,malloy d,3,0,0
,DEM,Connecticut's 4th congressional district,in 2008 and candidate for the U.S. Senate in 2010 and 2012,2014,Governor,CT,district c,0,0,1
,DEM,Nancy Wyman,incumbent Lieutenant Governor,2014,Governor,CT,wyman n,3,0,0
,REP,Thomas C. Foley,former U.S. Ambassador to Ireland and nominee for governor in 2010,2014,Governor,CT,foley t,0,0,1
,REP,John P. McKinney,Minority Leader of the Connecticut Senate,2014,Governor,CT,mckinney j,2,0,0
,REP,Toni Boucher,state senator,2014,Governor,CT,boucher t,2,0,0
,REP,Mark Boughton,Mayor of Danbury and nominee for lieutenant governor in 2010,2014,Governor,CT,boughton m,1,0,1
,REP,Connecticut Attorney General,in 2002 and 2010,2014,Governor,CT,general c,0,0,0
,REP,Shelton,(ran for Lieutenant Governor),2014,Governor,CT,shelton,0,0,0
,REP,West Hartford,Town Councilor and nominee for Connecticut's 1st congressional district in 2008 (running as unaffiliated),2014,Governor,CT,hartford w,0,0,1
,REP,Lawrence F. Cafero,Minority Leader of the Connecticut House of Representatives,2014,Governor,CT,cafero l,2,1,0
,REP,Michael Fedele,former lieutenant governor and candidate for governor in 2010 (running for Mayor of Stamford ),2014,Governor,CT,fedele m,3,0,1
,REP,Pauline R. Kezer,former Secretary of the State of Connecticut,2014,Governor,CT,kezer p,0,0,0
,REP,Linda McMahon,businesswoman and nominee for the U.S. Senate in 2010 and 2012,2014,Governor,CT,mcmahon l,0,0,1
,REP,Chris Shays,former U.S. Representative and candidate for the U.S. Senate in 2012,2014,Governor,CT,shays c,4,1,1
,REP,Penny Bacchiochi,state representative,2014,Governor,CT,bacchiochi p,2,1,0
,REP,Heather Bond Somers,Groton Town Councilor and former Mayor of Groton,2014,Governor,CT,somers h,1,0,0
,REP,David M. Walker,former Comptroller General of the United States,2014,Governor,CT,walker d,0,0,0
,IND,West Hartford,"Town Councilor and Republican nominee for Connecticut's 1st congressional district in 2008   Running mate: Chester Harris, former Republican Haddam School Board Member",2014,Governor,CT,hartford w,1,0,1
,IND,Jonathan Pelto,"Democratic former state representative     Running mate: Ebony Murphy-Root, teacher",2014,Governor,CT,pelto j,2,1,0
,REP,Yinka Adeshina,pharmacist,2014,Governor,FL,adeshina y,0,0,0
,REP,governor,in 1998,2014,Governor,FL,governor,0,0,0
,REP,Rick Scott,incumbent governor,2014,Governor,FL,scott r,3,0,0
,REP,Jeff Atwater,Chief Financial Officer of Florida (running for re-election),2014,Governor,FL,atwater j,0,0,0
,REP,Pam Bondi,Florida Attorney General (running for re-election),2014,Governor,FL,bondi p,3,0,0
,REP,Bill McCollum,former Florida attorney general and candidate for governor in 2010,2014,Governor,FL,mccollum b,3,0,1
,REP,Adam Putnam,Florida Commissioner of Agriculture (running for re-election),2014,Governor,FL,putnam a,3,0,0
,REP,John E. Thrasher,state senator,2014,Governor,FL,thrasher j,2,0,0
,REP,Will Weatherford,Speaker of the Florida House of Representatives,2014,Governor,FL,weatherford w,2,1,0
,REP,Allen West,former U.S. Representative,2014,Governor,FL,west a,4,1,0
,DEM,Charlie Crist,former Republican turned Independent Governor and independent candidate for the U.S. Senate in 2010,2014,Governor,FL,crist c,3,0,1
,DEM,Nan Rich,former Minority Leader of the Florida Senate,2014,Governor,FL,rich n,2,0,0
,DEM,Farid Khavari,"economist, author and Independent candidate for governor in 2010  (running as an Independent)",2014,Governor,FL,khavari f,0,0,1
,DEM,Bob Buckhorn,Mayor of Tampa and former Tampa city councilman,2014,Governor,FL,buckhorn b,1,0,0
,DEM,Manny Diaz,former mayor of Miami,2014,Governor,FL,diaz m,1,0,0
,DEM,Buddy Dyer,"Mayor of Orlando , former Minority Leader of the Florida Senate and nominee for Florida Attorney General in 2002",2014,Governor,FL,dyer b,2,0,1
,DEM,Dan Gelber,"former Minority Leader of the Florida House of Representatives , former state senator and nominee for Florida attorney general in 2010",2014,Governor,FL,gelber d,2,1,1
,DEM,Pam Iorio,"former Mayor of Tampa , former Hillsborough County Supervisor of Elections and former Hillsborough County Commissioner",2014,Governor,FL,iorio p,1,0,0
,DEM,Bill Nelson,U.S. Senator,2014,Governor,FL,nelson b,4,0,0
,DEM,Jeremy Ring,state senator,2014,Governor,FL,ring j,2,0,0
,DEM,Alex Sink,"former Chief Financial Officer of Florida , nominee for governor in 2010 and nominee for Florida's 13th congressional district in 2014",2014,Governor,FL,sink a,0,0,1
,DEM,Rod Smith,"former chairman of the Florida Democratic Party , former state senator and nominee for lieutenant governor in 2010",2014,Governor,FL,smith r,2,0,1
,DEM,Debbie Wasserman Schultz,U.S. Representative and chair of the Democratic National Committee,2014,Governor,FL,schultz d,4,1,0
,DEM,Adrian Wyllie,"activist, radio host and former chairman of the Libertarian Party of Florida",2014,Governor,FL,wyllie a,0,0,0
,DEM,John Wayne Smith,activist and perennial candidate,2014,Governor,FL,smith j,0,0,0
,DEM,Libertarian Party of Florida,"and Republican candidate for the U.S. Senate in 2012 (ran as an Independent, then withdrew)",2014,Governor,FL,florida l,0,0,1
,DEM,Steve LaBianca,activist and businessman,2014,Governor,FL,labianca s,0,0,0
,DEM,Roger Stone,"political consultant, lobbyist and strategist",2014,Governor,FL,stone r,0,0,0
,IND,Glenn Burkett,businessman and perennial candidate,2014,Governor,FL,burkett g,0,0,0
,IND,Farid Khavari,"economist, author and independent candidate for governor in 2010",2014,Governor,FL,khavari f,0,0,1
,IND,Libertarian Party of Florida,and Republican candidate for the U.S. Senate in 2012,2014,Governor,FL,florida l,0,0,1
,IND,Joe Allen,writer,2014,Governor,FL,allen j,0,0,0
,REP,John Barge,State School Superintendent,2014,Governor,GA,barge j,0,0,0
,REP,Nathan Deal,incumbent governor,2014,Governor,GA,deal n,3,0,0
,DEM,Jason Carter,state senator and grandson of former U.S. president and former governor Jimmy Carter,2014,Governor,GA,carter j,3,0,0
,DEM,Connie Stokes,"former DeKalb County Commissioner , former state senator and candidate for GA-04 in 2004 and 2010 ( running for Lieutenant Governor )",2014,Governor,GA,stokes c,2,0,1
,DEM,Stacey Abrams,Minority Leader of the Georgia House of Representatives,2014,Governor,GA,abrams s,2,1,0
,DEM,Roy Barnes,former governor and nominee for governor in 2010,2014,Governor,GA,barnes r,3,0,1
,DEM,Shirley Franklin,former mayor of Atlanta,2014,Governor,GA,franklin s,1,0,0
,DEM,Scott Holcomb,state representative,2014,Governor,GA,holcomb s,2,1,0
,DEM,Kasim Reed,Mayor of Atlanta,2014,Governor,GA,reed k,1,0,0
,DEM,Andrew Hunt,businessman and engineer,2014,Governor,GA,hunt a,0,0,0
,DEM,Neil Abercrombie,incumbent governor,2014,Governor,HI,abercrombie n,3,0,0
,DEM,David Ige,state senator,2014,Governor,HI,ige d,2,0,0
,DEM,Ed Case,former U.S. Representative and candidate for the U.S. Senate in 2006 and 2012,2014,Governor,HI,case e,4,1,1
,DEM,Clayton Hee,"state senator, candidate for lieutenant governor in 2002 and candidate for Hawaii's 2nd congressional district in 2006",2014,Governor,HI,hee c,2,0,1
,DEM,Shan Tsutsui,incumbent lieutenant governor,2014,Governor,HI,tsutsui s,3,0,0
,REP,Duke Aiona,former lieutenant governor and nominee for governor in 2010,2014,Governor,HI,aiona d,3,0,1
,REP,Charles Djou,former U.S. Representative ( running for HI-01 ),2014,Governor,HI,djou c,4,1,0
,REP,Mufi Hannemann,"Democratic former mayor of Honolulu , candidate for governor in 2010 and candidate for HI-02 in 2012 (running as an Independent)",2014,Governor,HI,hannemann m,1,0,1
,REP,Elwin Ahu,pastor and former circuit court judge,2014,Governor,HI,ahu e,1,0,0
,REP,"Warner ""Kimo"" Sutton",businessman,2014,Governor,HI,sutton w,0,0,0
,REP,Jeff Davis,solar contractor and radio show host,2014,Governor,HI,davis j,0,0,0
,IND,Mufi Hannemann,"Democratic former mayor of Honolulu , candidate for governor in 2010 and candidate for Hawaii's 2nd congressional district in 2012",2014,Governor,HI,hannemann m,1,0,1
,IND,Running mate: Les Chang,former Honolulu parks and recreation director,2014,Governor,HI,chang r,0,0,0
,REP,Terry Branstad,incumbent Governor,2014,Governor,IA,branstad t,3,0,0
,REP,Tom Hoefling,political activist and America's Party and American Independent Party nominee for president in 2012,2014,Governor,IA,hoefling t,0,0,1
,DEM,Jack Hatch,state senator,2014,Governor,IA,hatch j,2,0,0
,DEM,Des Moines,School Board and Iowa Party nominee for governor in 2010,2014,Governor,IA,moines d,1,0,1
,DEM,Iowa's 5th congressional district,in 1994,2014,Governor,IA,district i,0,0,0
,DEM,Tyler Olson,state representative and former chairman of the Iowa Democratic Party,2014,Governor,IA,olson t,2,1,0
,DEM,Frank Cownie,Mayor of Des Moines,2014,Governor,IA,cownie f,1,0,0
,DEM,Chet Culver,former governor,2014,Governor,IA,culver c,3,0,0
,DEM,Jeff Danielson,state senator,2014,Governor,IA,danielson j,2,0,0
,DEM,Michael Fitzgerald,state treasurer,2014,Governor,IA,fitzgerald m,3,0,0
,DEM,Michael Gronstal,majority leader of the Iowa Senate and chairman of the Democratic Legislative Campaign Committee,2014,Governor,IA,gronstal m,2,0,0
,DEM,Fred Hubbell,insurance executive,2014,Governor,IA,hubbell f,0,0,0
,DEM,Pam Jochum,president of the Iowa Senate,2014,Governor,IA,jochum p,2,0,0
,DEM,Bob Krause,"former state representative, nominee for state treasurer in 1978, candidate for Mayor of Waterloo in 1982 and candidate for the U.S. Senate in 2010",2014,Governor,IA,krause b,2,1,1
,DEM,Janet Petersen,state senator,2014,Governor,IA,petersen j,2,0,0
,DEM,Tom Vilsack,United States Secretary of Agriculture and former governor,2014,Governor,IA,vilsack t,4,0,0
,REP,Walt Bayes,perennial candidate,2014,Governor,ID,bayes w,0,0,0
,REP,Idaho's 1st congressional district,in 2000 and 2010 and candidate for Mayor of Boise in 2001,2014,Governor,ID,district i,0,0,1
,REP,Russ Fulcher,state senator and future U.S. Representative from Idaho's 1st congressional district,2014,Governor,ID,fulcher r,2,1,0
,REP,Butch Otter,incumbent governor,2014,Governor,ID,otter b,3,0,0
,REP,Raúl Labrador,U.S. representative,2014,Governor,ID,labrador r,4,1,0
,REP,Brad Little,Lieutenant Governor of Idaho,2014,Governor,ID,little b,3,0,0
,REP,Tom Luna,Idaho Superintendent of Public Instruction,2014,Governor,ID,luna t,3,0,0
,REP,Rex Rammell,"activist, veterinarian and candidate for governor in 2010",2014,Governor,ID,rammell r,0,0,1
,REP,Lawrence Wasden,Attorney General of Idaho,2014,Governor,ID,wasden l,3,0,0
,DEM,Boise School District,Board of Trustees,2014,Governor,ID,district b,0,0,0
,DEM,Terry Kerr,former Republican candidate for local office,2014,Governor,ID,kerr t,0,0,1
,DEM,Keith G. Allred,"activist, mediator and nominee for governor in 2010",2014,Governor,ID,allred k,0,0,1
,DEM,Cecil D. Andrus,former governor and former United States Secretary of the Interior,2014,Governor,ID,andrus c,4,0,0
,DEM,David H. Bieter,Mayor of Boise,2014,Governor,ID,bieter d,1,0,0
,IND,Boise City Council,in 2013,2014,Governor,ID,council b,0,0,0
,IND,Pro-Life,"(formerly known as Marvin Richardson), organic strawberry farmer, anti-abortion activist and perennial candidate",2014,Governor,ID,prolife,0,0,0
,DEM,CeaseFire,"Running mate: Brunell Donald, attorney, author and motivational speaker.",2014,Governor,IL,ceasefire,0,0,0
,DEM,Pat Quinn,"incumbent governor of Illinois  Running mate: Paul Vallas , former CEO of Chicago Public Schools and candidate for governor in 2002",2014,Governor,IL,quinn p,3,0,1
,DEM,Running mate: Brunell Donald,"attorney, author and motivational speaker.",2014,Governor,IL,donald r,0,0,0
,DEM,Paul Vallas,former CEO of Chicago Public Schools and candidate for governor in 2002,2014,Governor,IL,vallas p,0,0,1
,DEM,William M. Daley,former White House Chief of Staff and former United States Secretary of Commerce,2014,Governor,IL,daley w,4,0,0
,DEM,John Atkinson,businessman,2014,Governor,IL,atkinson j,0,0,0
,DEM,Tom Dart,Cook County Sheriff,2014,Governor,IL,dart t,1,0,0
,DEM,Alexi Giannoulias,former Illinois Treasurer and nominee for the U.S. Senate in 2010,2014,Governor,IL,giannoulias a,0,0,1
,DEM,David H. Hoffman,"member of the Illinois Reform Commission, former Chicago Inspector General and candidate for the U.S. Senate in 2010",2014,Governor,IL,hoffman d,0,0,1
,DEM,Daniel Hynes,"former Illinois Comptroller , candidate for the U.S. Senate in 2004 and candidate for governor in 2010",2014,Governor,IL,hynes d,0,0,1
,DEM,Lisa Madigan,Illinois Attorney General ( running for re-election ),2014,Governor,IL,madigan l,3,0,0
,DEM,Toni Preckwinkle,President of the Cook County Board of Commissioners,2014,Governor,IL,preckwinkle t,0,0,0
,DEM,Kwame Raoul,state senator,2014,Governor,IL,raoul k,2,0,0
,REP,Bill Brady,"state senator, candidate for governor in 2006 and nominee for governor in 2010  Running mate: Maria Rodriguez, former Village President of Long Grove",2014,Governor,IL,brady b,2,0,1
,REP,Kirk Dillard,"state senator and candidate for governor in 2010  Running mate: Jil Tracy , state representative",2014,Governor,IL,dillard k,2,1,1
,REP,Bruce Rauner,"businessman and former chairman of GTCR  Running mate: Evelyn Sanguinetti , Wheaton City Councilwoman",2014,Governor,IL,rauner b,1,0,0
,REP,Dan Rutherford,"Illinois Treasurer  Running mate: Steve Kim, Attorney and nominee for Illinois Attorney General in 2010",2014,Governor,IL,rutherford d,0,0,1
,REP,Jil Tracy,state representative,2014,Governor,IL,tracy j,2,1,0
,REP,Evelyn Sanguinetti,Wheaton City Councilwoman,2014,Governor,IL,sanguinetti e,1,0,0
,REP,Illinois Attorney General,in 2010,2014,Governor,IL,general i,0,0,0
,REP,Dan Duffy,state senator,2014,Governor,IL,duffy d,2,0,0
,REP,Adam Kinzinger,U.S. representative,2014,Governor,IL,kinzinger a,4,1,0
,REP,Ray LaHood,former United States Secretary of Transportation and former U.S. representative,2014,Governor,IL,lahood r,4,1,0
,REP,Matt Murphy,state senator,2014,Governor,IL,murphy m,2,0,0
,REP,Dan Proft,talk radio personality and candidate for governor in 2010,2014,Governor,IL,proft d,0,0,1
,REP,Christine Radogno,Minority Leader of the Illinois Senate,2014,Governor,IL,radogno c,2,0,0
,REP,Aaron Schock,U.S. representative,2014,Governor,IL,schock a,4,1,0
,REP,Joe Walsh,conservative radio talk show host and former U.S. representative,2014,Governor,IL,walsh j,4,1,0
,IND,Libertarian,"), political activist, candidate for the State House in 2012 and candidate for the Peoria City Council in 2013  Running mate: Alex Cummings",2014,Governor,IL,libertarian,0,0,1
,IND,Sam McCann,"( Independent ), Republican state senator",2014,Governor,IL,mccann s,2,0,0
,REP,Sam Brownback,incumbent governor,2014,Governor,KS,brownback s,3,0,0
,REP,Jeff Colyer,incumbent lieutenant governor,2014,Governor,KS,colyer j,3,0,0
,REP,Jennifer Winn,businesswoman,2014,Governor,KS,winn j,0,0,0
,REP,Running mate: Robin Lais,advertising agency owner and natural healing shop owner,2014,Governor,KS,lais r,0,0,0
,REP,Former running mate: Ethan McCord,Iraq War veteran,2014,Governor,KS,mccord f,0,0,0
,REP,Kris Kobach,secretary of state of Kansas ( ran for re-election ),2014,Governor,KS,kobach k,3,0,0
,REP,Steve Morris,former president of the Kansas Senate,2014,Governor,KS,morris s,2,0,0
,REP,Sandy Praeger,Kansas Insurance Commissioner (endorsed Paul Davis),2014,Governor,KS,praeger s,0,0,0
,DEM,Paul Davis,minority leader of the Kansas House of Representatives,2014,Governor,KS,davis p,2,1,0
,DEM,Kansas Board of Regents,and nominee for the U.S. Senate in 1996 (running for lieutenant governor ),2014,Governor,KS,regents k,0,0,1
,DEM,Carl Brewer,mayor of Wichita,2014,Governor,KS,brewer c,1,0,0
,DEM,Tom Holland,state senator and nominee for governor in 2010,2014,Governor,KS,holland t,2,0,1
,DEM,Deb Miller,former secretary of the Kansas Department of Transportation,2014,Governor,KS,miller d,0,0,0
,DEM,Stephen Morris,former Republican president of the Kansas Senate,2014,Governor,KS,morris s,2,0,0
,DEM,Mark Parkinson,"former governor , president and CEO of the American Health Care Association and the National Center for Assisted Living",2014,Governor,KS,parkinson m,3,0,0
,DEM,Sandy Praeger,Republican Kansas Insurance Commissioner,2014,Governor,KS,praeger s,0,0,0
,DEM,Joe Reardon,former mayor of Kansas City,2014,Governor,KS,reardon j,1,0,0
,DEM,Joshua Svaty,vice president of The Land Institute and former Secretary of Agriculture of Kansas,2014,Governor,KS,svaty j,0,0,0
,DEM,Keen Umbehr,attorney,2014,Governor,KS,umbehr k,0,0,0
,DEM,Running mate: Josh Umbehr,physician and son of Keen Umbehr,2014,Governor,KS,umbehr r,0,0,0
,DEM,Donald Berwick,former administrator of the Centers for Medicare and Medicaid Services and CEO of the Institute for Healthcare Improvement,2014,Governor,MA,berwick d,0,0,0
,DEM,Martha Coakley,attorney general of Massachusetts and nominee for U.S. Senate in 2010,2014,Governor,MA,coakley m,3,0,1
,DEM,Steven Grossman,"treasurer and receiver-general of Massachusetts , former chairman of the Democratic National Committee and Massachusetts Democratic Party",2014,Governor,MA,grossman s,0,0,0
,DEM,Joseph Avellone,"executive at PAREXEL , former COO of Blue Cross Blue Shield of Massachusetts and former chairman of the Wellesley board of selectmen",2014,Governor,MA,avellone j,0,0,0
,DEM,Juliette Kayyem,former assistant U.S. secretary of Homeland Security,2014,Governor,MA,kayyem j,4,0,0
,DEM,Dan Wolf,state senator from Harwich and CEO of Cape Air,2014,Governor,MA,wolf d,2,0,0
,DEM,Suzanne M. Bump,Massachusetts state auditor (ran for re-election),2014,Governor,MA,bump s,3,0,0
,DEM,Mike Capuano,U.S. representative from Somerville and candidate for U.S. Senate in 2010 (ran for re-election),2014,Governor,MA,capuano m,4,1,1
,DEM,Mo Cowan,former U.S. senator,2014,Governor,MA,cowan m,4,0,0
,DEM,Joseph Curtatone,mayor of Somerville,2014,Governor,MA,curtatone j,1,0,0
,DEM,Robert DeLeo,speaker of the Massachusetts House of Representatives,2014,Governor,MA,deleo r,2,1,0
,DEM,Barney Frank,former U.S. representative,2014,Governor,MA,frank b,4,1,0
,DEM,Therese Murray,president of the Massachusetts Senate,2014,Governor,MA,murray t,2,0,0
,DEM,Carmen Ortiz,U.S. attorney for the District of Massachusetts,2014,Governor,MA,ortiz c,0,0,0
,DEM,Deval Patrick,incumbent governor of Massachusetts,2014,Governor,MA,patrick d,3,0,0
,DEM,Rick Sullivan,chief of staff to Governor Deval Patrick and former secretary of Energy and Environmental Affairs and mayor of Westfield,2014,Governor,MA,sullivan r,3,0,0
,DEM,Leland Cheung,Cambridge city councilor and board member of the Massachusetts Technology Collaborative,2014,Governor,MA,cheung l,1,0,0
,DEM,Steve Kerrigan,former CEO of the Democratic National Convention,2014,Governor,MA,kerrigan s,0,0,0
,DEM,Michael Lake,candidate for state auditor in 2010,2014,Governor,MA,lake m,0,0,1
,DEM,United States Department of Agriculture,administrator,2014,Governor,MA,agriculture u,0,0,0
,DEM,Whately,selectman,2014,Governor,MA,whately,1,0,0
,REP,Charlie Baker,former state cabinet secretary and nominee for governor in 2010,2014,Governor,MA,baker c,0,0,1
,REP,Tea Party,activist,2014,Governor,MA,party t,0,0,0
,REP,Scott Brown,former U.S. senator ( ran for U.S. Senate in New Hampshire ),2014,Governor,MA,brown s,4,0,0
,REP,Gabriel E. Gomez,nominee for U.S. Senate in 2013,2014,Governor,MA,gomez g,0,0,1
,REP,Karyn Polito,former state representative and nominee for state treasurer in 2010  (running for lieutenant governor),2014,Governor,MA,polito k,2,1,1
,REP,Richard Tisei,"former state senate minority leader, nominee for lieutenant governor in 2010 and nominee for U.S. representative in 2012 (ran for U.S. representative)",2014,Governor,MA,tisei r,2,1,1
,REP,William Weld,former governor,2014,Governor,MA,weld w,3,0,0
,REP,Daniel Winslow,former state representative and candidate for U.S. Senate in 2013,2014,Governor,MA,winslow d,2,1,1
,IND,Evan Falchuk,"healthcare executive, attorney and founder of the United Independent Party",2014,Governor,MA,falchuk e,0,0,0
,IND,Running mate: Angus Jennings,professional planner/consultant,2014,Governor,MA,jennings r,0,0,0
,IND,Scott Lively,evangelical pastor,2014,Governor,MA,lively s,0,0,0
,IND,Jeff McCormick,co-founder and managing partner of venture capital firm Saturn Partners,2014,Governor,MA,mccormick j,0,0,0
,IND,Yarmouth,Board of Selectmen,2014,Governor,MA,yarmouth,0,0,0
,DEM,Anthony Brown,Lieutenant Governor of Maryland,2014,Governor,MD,brown a,3,0,0
,DEM,Kenneth Ulman,Howard County Executive,2014,Governor,MD,ulman k,1,0,0
,DEM,Doug Gansler,Attorney General of Maryland,2014,Governor,MD,gansler d,3,0,0
,DEM,Jolene Ivey,State Delegate,2014,Governor,MD,ivey j,2,0,0
,DEM,Ralph Jaffe,teacher and perennial candidate,2014,Governor,MD,jaffe r,0,0,0
,DEM,Heather Mizeur,State Delegate,2014,Governor,MD,mizeur h,2,0,0
,DEM,Delman Coates,Senior Pastor of the Mt. Ennon Baptist Church,2014,Governor,MD,coates d,0,0,0
,DEM,Charles U. Smith,perennial candidate,2014,Governor,MD,smith c,0,0,0
,DEM,Cindy Walsh,blogger,2014,Governor,MD,walsh c,0,0,0
,DEM,John Delaney,U.S. Representative (ran for re-election),2014,Governor,MD,delaney j,4,1,0
,DEM,Peter Franchot,Comptroller of Maryland (ran for re-election),2014,Governor,MD,franchot p,0,0,0
,DEM,Dutch Ruppersberger,U.S. Representative (ran for re-election),2014,Governor,MD,ruppersberger d,4,1,0
,REP,David R. Craig,Harford County Executive,2014,Governor,MD,craig d,1,0,0
,REP,Jeannie Haddaway-Riccio,State Delegate,2014,Governor,MD,haddawayriccio j,2,0,0
,REP,Ron George,State Delegate,2014,Governor,MD,george r,2,0,0
,REP,Frederick,Alderman,2014,Governor,MD,frederick,1,0,0
,REP,Larry Hogan,former State Secretary of Appointments,2014,Governor,MD,hogan l,0,0,0
,REP,Boyd Rutherford,former State Secretary of General Services and former Assistant U.S. Secretary of Agriculture for Administration,2014,Governor,MD,rutherford b,4,0,0
,REP,Charles Lollar,former chairman of the Charles County Republican Central Committee and nominee for Maryland's 5th congressional district in 2010,2014,Governor,MD,lollar c,0,0,1
,REP,Kenneth R. Timmerman,"investigative reporter, conservative activist and nominee for Maryland's 8th congressional district in 2012",2014,Governor,MD,timmerman k,0,0,1
,REP,"Running mate: Duane ""Shorty"" Davis",activist,2014,Governor,MD,davis r,0,0,0
,REP,Frederick County,Board of Commissioners,2014,Governor,MD,county f,0,0,0
,REP,Dan Bongino,former United States Secret Service agent and nominee for the U.S. Senate in 2012 (ran for Congress),2014,Governor,MD,bongino d,0,0,1
,REP,Nancy Jacobs,state senator,2014,Governor,MD,jacobs n,2,0,0
,REP,John R. Leopold,former Anne Arundel County Executive,2014,Governor,MD,leopold j,1,0,0
,REP,Marty Madden,former state senator,2014,Governor,MD,madden m,2,0,0
,REP,Meyer Marks,political activist,2014,Governor,MD,marks m,0,0,0
,REP,E. J. Pipkin,Minority Leader of the Maryland Senate and nominee for the U.S. Senate in 2004,2014,Governor,MD,pipkin e,2,0,1
,REP,Michael Steele,"former lieutenant governor , nominee for the U.S. Senate in 2006 and former chairman of the Republican National Committee",2014,Governor,MD,steele m,3,0,1
,REP,Paul LePage,incumbent governor,2014,Governor,ME,lepage p,3,0,0
,DEM,Mike Michaud,U.S. representative,2014,Governor,ME,michaud m,4,1,0
,DEM,David Slagger,"former Maliseet representative to the Maine House of Representatives (switched parties to the Maine Green Independent Party , then unenrolled)",2014,Governor,ME,slagger d,2,1,0
,DEM,Yarmouth,Town Council and independent candidate for the U.S. Senate in 2012 (endorsed Michaud),2014,Governor,ME,yarmouth,0,0,1
,DEM,Justin Alfond,president of the Maine Senate,2014,Governor,ME,alfond j,2,0,0
,DEM,John Baldacci,former governor,2014,Governor,ME,baldacci j,3,0,0
,DEM,Emily Cain,state senator ( running for ME-02 ),2014,Governor,ME,cain e,2,0,0
,DEM,Matthew Dunlap,secretary of state of Maine,2014,Governor,ME,dunlap m,3,0,0
,DEM,Mark Eves,speaker of the Maine House of Representatives,2014,Governor,ME,eves m,2,1,0
,DEM,Jeremy Fischer,former state representative,2014,Governor,ME,fischer j,2,1,0
,DEM,Janet T. Mills,Maine attorney general,2014,Governor,ME,mills j,3,0,0
,DEM,Karen Mills,administrator of the Small Business Administration,2014,Governor,ME,mills k,0,0,0
,DEM,Chellie Pingree,U.S. representative,2014,Governor,ME,pingree c,4,1,0
,DEM,Hannah Pingree,former speaker of the Maine House of Representatives,2014,Governor,ME,pingree h,2,1,0
,IND,David Slagger,"former Maliseet representative to the Maine House of Representatives (originally declared as a Democrat, switched parties, then unenrolled)",2014,Governor,ME,slagger d,2,1,0
,IND,Americans Elect,and candidate for governor in 2010,2014,Governor,ME,elect a,0,0,1
,IND,Lee Schultheis,co-founder of Hatteras Alternative Mutual Funds,2014,Governor,ME,schultheis l,0,0,0
,IND,Shawn Moody,businessman and candidate for governor in 2010,2014,Governor,ME,moody s,0,0,1
,REP,Rick Snyder,incumbent governor of Michigan,2014,Governor,MI,snyder r,3,0,0
,REP,Independent,"write-in candidate for governor in 2002 (had declared as a Democrat , then switched parties)",2014,Governor,MI,independent,0,0,1
,REP,Mike Bishop,former Majority Leader of the Michigan Senate (running for Congress ),2014,Governor,MI,bishop m,2,0,0
,REP,Michigan Board of Education,in 2012 and for chairman of the Michigan Republican Party in 2013,2014,Governor,MI,education m,0,0,0
,DEM,Mark Schauer,former U.S. representative,2014,Governor,MI,schauer m,4,1,0
,DEM,Lisa Brown,Oakland County Clerk & Register of Deeds and former state representative,2014,Governor,MI,brown l,2,1,0
,DEM,Independent,write-in candidate for governor in 2002 (ran as a Republican ),2014,Governor,MI,independent,0,0,1
,DEM,Vicki Barnett,Minority Whip of the Michigan House of Representatives,2014,Governor,MI,barnett v,2,1,0
,DEM,Jocelyn Benson,dean of Wayne State University Law School and nominee for Michigan Secretary of State in 2010,2014,Governor,MI,benson j,0,0,1
,DEM,Virgil Bernero,Mayor of Lansing and nominee for governor in 2010,2014,Governor,MI,bernero v,1,0,1
,DEM,Mark Bernstein,attorney and Regent of the University of Michigan,2014,Governor,MI,bernstein m,0,0,0
,DEM,Mike Duggan,Mayor-elect of Detroit and former Wayne County Prosecutor,2014,Governor,MI,duggan m,1,0,0
,DEM,Mark Hackel,Macomb County Executive,2014,Governor,MI,hackel m,1,0,0
,DEM,Dan Kildee,U.S. representative,2014,Governor,MI,kildee d,4,1,0
,DEM,Gary Peters,U.S. representative ( running for the U.S. Senate ),2014,Governor,MI,peters g,4,1,0
,DEM,Bart Stupak,former U.S. representative,2014,Governor,MI,stupak b,4,1,0
,DEM,Gretchen Whitmer,Minority Leader of the Michigan Senate,2014,Governor,MI,whitmer g,2,0,0
,DEM,Michigan's 2nd congressional district,"in 2012   Running mate: Scott Boman , activist, former chairman of the Libertarian Party of Michigan and perennial candidate",2014,Governor,MI,district m,0,0,0
,DEM,State Board of Education,in 2012,2014,Governor,MI,education s,0,0,0
,DEM,in 2002,Running mate: Richard Mendoza,2014,Governor,MI,in,0,0,0
,IND,United States Navy,and the Michigan Department of Corrections,2014,Governor,MI,navy u,0,0,0
,DEM,Leslie Davis,activist  Running mate: Gregor Soderberg,2014,Governor,MN,davis l,0,0,0
,DEM,Mark Dayton,"incumbent governor  Running mate: Tina Smith, Dayton's former chief of staff",2014,Governor,MN,dayton m,3,0,0
,DEM,Running mate: Tina Smith,Dayton's former chief of staff,2014,Governor,MN,smith r,0,0,0
,REP,mayor of Minneapolis,"in 2013   Running mate: Mark D. Anderson, former realtor and housing counselor.",2014,Governor,MN,minneapolis m,0,0,0
,REP,Karin Housley,state senator,2014,Governor,MN,housley k,2,0,0
,REP,Jeff Johnson,"Hennepin County commissioner and former state representative   Running mate: Bill Kuisle , former state representative and farmer",2014,Governor,MN,johnson j,2,1,0
,REP,Marty Seifert,"former Minority Leader of the Minnesota House of Representatives and candidate for governor in 2010  Running mate: Pam Myhra , state representative",2014,Governor,MN,seifert m,2,1,1
,REP,Kurt Zellers,"state representative and former speaker of the Minnesota House of Representatives  Running mate: Dean Simpson, former state representative",2014,Governor,MN,zellers k,2,1,0
,REP,Running mate: Mark D. Anderson,former realtor and housing counselor.,2014,Governor,MN,anderson r,0,0,0
,REP,Bill Kuisle,former state representative and farmer,2014,Governor,MN,kuisle b,2,1,0
,REP,Pam Myhra,state representative,2014,Governor,MN,myhra p,2,1,0
,REP,Running mate: Dean Simpson,former state representative,2014,Governor,MN,simpson r,2,1,0
,REP,Minnesota's 8th congressional district,in 2010,2014,Governor,MN,district m,0,0,0
,REP,Ole Savior,perennial candidate (ran for the U.S. Senate),2014,Governor,MN,savior o,0,0,0
,REP,Dave A. Thompson,"state senator and former radio host   Running mate: Michelle Benson , state senator",2014,Governor,MN,thompson d,2,0,0
,REP,Michelle Benson,state senator,2014,Governor,MN,benson m,2,0,0
,REP,Kurt Bills,former state representative and nominee for the U.S. Senate in 2012,2014,Governor,MN,bills k,2,1,1
,REP,Norm Coleman,former U.S. senator and nominee for governor in 1998,2014,Governor,MN,coleman n,4,0,1
,REP,Matt Dean,state representative and former Majority Leader of the Minnesota House of Representatives,2014,Governor,MN,dean m,2,1,0
,REP,Keith Downey,chairman of the Republican Party of Minnesota and former state representative,2014,Governor,MN,downey k,2,1,0
,REP,Tom Emmer,former state representative and nominee for governor in 2010 (running for Congress),2014,Governor,MN,emmer t,2,1,1
,REP,Bill Guidera,finance chair of the Republican Party of Minnesota,2014,Governor,MN,guidera b,0,0,0
,REP,David Hann,minority leader of the Minnesota Senate and candidate for governor in 2010,2014,Governor,MN,hann d,2,0,1
,REP,Bill Ingebrigtsen,state senator,2014,Governor,MN,ingebrigtsen b,2,0,0
,REP,John Kline,U.S. representative,2014,Governor,MN,kline j,4,1,0
,REP,John Kriesel,former state representative,2014,Governor,MN,kriesel j,2,1,0
,REP,Susan Marvin,businesswoman,2014,Governor,MN,marvin s,0,0,0
,REP,Erik Paulsen,U.S. representative,2014,Governor,MN,paulsen e,4,1,0
,REP,Tim Pawlenty,former governor,2014,Governor,MN,pawlenty t,3,0,0
,REP,Julie Rosen,state senator,2014,Governor,MN,rosen j,2,0,0
,REP,Ron Schutz,attorney,2014,Governor,MN,schutz r,0,0,0
,REP,Rich Stanek,Hennepin County sheriff,2014,Governor,MN,stanek r,1,0,0
,REP,Hannah Nicollet,"software developer  Running mate: Tim Gieseke, businessman and candidate for the state house in 2013",2014,Governor,MN,nicollet h,0,0,1
,REP,Running mate: Tim Gieseke,businessman and candidate for the state house in 2013,2014,Governor,MN,gieseke r,0,0,1
,REP,in 2010,(endorsed Jeff Johnson),2014,Governor,MN,in,0,0,0
,REP,1998,"and 2010  Running mate: David Daniels, playwright and performance artist",2014,Governor,MN,,0,0,0
,REP,Running mate: David Daniels,playwright and performance artist,2014,Governor,MN,daniels r,0,0,0
,REP,Jon Bruning,Nebraska Attorney General and candidate for the U.S. Senate in 2008 and 2012,2014,Governor,NE,bruning j,3,0,1
,REP,Tom Carlson,state senator,2014,Governor,NE,carlson t,2,0,0
,REP,Mike Foley,Nebraska Auditor of Public Accounts,2014,Governor,NE,foley m,0,0,0
,REP,Beau McCoy,state senator,2014,Governor,NE,mccoy b,2,0,0
,REP,Pete Ricketts,former COO of TD Ameritrade and nominee for the U.S. Senate in 2006,2014,Governor,NE,ricketts p,0,0,1
,REP,Mike Flood,former Speaker of the Nebraska Legislature,2014,Governor,NE,flood m,0,0,0
,REP,Charles Herbster,businessman,2014,Governor,NE,herbster c,0,0,0
,REP,Charlie Janssen,state senator (running for State Auditor),2014,Governor,NE,janssen c,2,0,0
,REP,Rick Sheehy,former Lieutenant Governor,2014,Governor,NE,sheehy r,3,0,0
,REP,HDR,executive,2014,Governor,NE,hdr,0,0,0
,REP,Jeff Fortenberry,U.S. Representative,2014,Governor,NE,fortenberry j,4,1,0
,REP,Lavon Heidemann,Lieutenant Governor,2014,Governor,NE,heidemann l,3,0,0
,REP,Republican National Committee,member and attorney,2014,Governor,NE,committee r,0,0,0
,REP,Bob Krist,state senator,2014,Governor,NE,krist b,2,0,0
,REP,Ben Sasse,President of Midland University (running for the U.S. Senate),2014,Governor,NE,sasse b,0,0,0
,REP,Don Stenberg,"Treasurer of Nebraska, candidate for the U.S. Senate in 1996 , 2006 and 2012 and nominee for the U.S. Senate in 2000 (running for re-election)",2014,Governor,NE,stenberg d,0,0,1
,DEM,Center for Rural Affairs,former Regent of the University of Nebraska and candidate for the U.S. Senate in 2012,2014,Governor,NE,affairs c,0,0,1
,DEM,Annette Dubas,state senator,2014,Governor,NE,dubas a,2,0,0
,DEM,Chris Beutler,Mayor of Lincoln,2014,Governor,NE,beutler c,1,0,0
,DEM,Steve Lathrop,state senator,2014,Governor,NE,lathrop s,2,0,0
,DEM,Attorney General of Nebraska,in 2002 and nominee for governor in 2010,2014,Governor,NE,nebraska a,0,0,1
,DEM,Ian Freeman,radio show host,2014,Governor,NH,freeman i,0,0,0
,DEM,Maggie Hassan,incumbent governor,2014,Governor,NH,hassan m,3,0,0
,DEM,Clecia Terrio,candidate for the State House in 2012,2014,Governor,NH,terrio c,0,0,1
,REP,Walt Havenstein,businessman,2014,Governor,NH,havenstein w,0,0,0
,REP,Tea Party,activist and candidate for Chairman of the New Hampshire Republican State Committee in 2013,2014,Governor,NH,party t,0,0,1
,REP,William Harrison Binnie,"industrialist, investment banker and candidate for the U.S. Senate in 2010",2014,Governor,NH,binnie w,0,0,1
,REP,Jeb Bradley,Majority Leader of the New Hampshire Senate and former U.S. representative,2014,Governor,NH,bradley j,4,1,0
,REP,Brad Cook,attorney,2014,Governor,NH,cook b,0,0,0
,REP,Jeanie Forrester,state senator,2014,Governor,NH,forrester j,2,0,0
,REP,Ted Gatsas,Mayor of Manchester,2014,Governor,NH,gatsas t,1,0,0
,REP,Frank Guinta,former U.S. representative ( ran for NH-01 ),2014,Governor,NH,guinta f,4,1,0
,REP,Gary Lambert,former state senator ( ran for NH-02 ),2014,Governor,NH,lambert g,2,0,0
,REP,Ovide Lamontagne,"businessman, candidate for the U.S. Senate in 2010 and nominee for governor in 1996 and 2012",2014,Governor,NH,lamontagne o,0,0,1
,REP,Chuck Morse,state senator,2014,Governor,NH,morse c,2,0,0
,REP,Bob Odell,state senator,2014,Governor,NH,odell b,2,0,0
,REP,John Reagan,state senator,2014,Governor,NH,reagan j,2,0,0
,REP,Executive Council of New Hampshire,in 2012,2014,Governor,NH,hampshire e,0,0,0
,REP,Andy Sanborn,state senator,2014,Governor,NH,sanborn a,2,0,0
,REP,Kevin H. Smith,"conservative activist, former state representative and candidate for governor in 2012",2014,Governor,NH,smith k,2,1,1
,REP,John Stephen,former Commissioner of the New Hampshire Department of Health & Human Services and nominee for governor in 2010,2014,Governor,NH,stephen j,3,0,1
,REP,Christopher Sununu,"Executive Councillor , son of former governor John H. Sununu and brother of former U.S. senator John E. Sununu (ran for re-election)",2014,Governor,NH,sununu c,4,0,0
,REP,John E. Sununu,former U.S. senator,2014,Governor,NH,sununu j,4,0,0
,REP,Susana Martínez,incumbent governor,2014,Governor,NM,martinez s,3,0,0
,REP,Gary Johnson,"former governor of New Mexico , businessman and Libertarian Party nominee for president in 2012 and 2016",2014,Governor,NM,johnson g,3,0,1
,DEM,Gary King,"Attorney General of New Mexico , candidate for governor in 1998 and 2002 , nominee for NM-02 in 2004 , and son of former governor Bruce King",2014,Governor,NM,king g,3,0,1
,DEM,Linda M. Lopez,state senator,2014,Governor,NM,lopez l,2,0,0
,DEM,Howie Morales,state senator,2014,Governor,NM,morales h,2,0,0
,DEM,Farm Service Agency,former CAO of Albuquerque and candidate for lieutenant governor in 2010,2014,Governor,NM,agency f,0,0,1
,DEM,Alan Webber,businessman,2014,Governor,NM,webber a,0,0,0
,DEM,Hector Balderas,state auditor of New Mexico and candidate for the U.S. Senate in 2012 ( running for Attorney General ),2014,Governor,NM,balderas h,3,0,1
,DEM,Jeff Bingaman,former U.S. senator,2014,Governor,NM,bingaman j,4,0,0
,DEM,Joseph Cervantes,state senator,2014,Governor,NM,cervantes j,2,0,0
,DEM,Tim Keller,state senator ( running for state auditor ),2014,Governor,NM,keller t,2,0,0
,DEM,Antonio Maestas,state representative,2014,Governor,NM,maestas a,2,1,0
,DEM,Michael S. Sanchez,Majority Leader of the New Mexico Senate,2014,Governor,NM,sanchez m,2,0,0
,REP,Brian Sandoval,incumbent governor,2014,Governor,NV,sandoval b,3,0,0
,REP,Jim Gibbons,former governor,2014,Governor,NV,gibbons j,3,0,0
,REP,Joe Heck,U.S. Representative (ran for re-election and won),2014,Governor,NV,heck j,4,1,0
,REP,Mike Montandon,former mayor of North Las Vegas and candidate for governor in 2010,2014,Governor,NV,montandon m,1,0,1
,DEM,NV-03,in 2012,2014,Governor,NV,nv,0,0,0
,DEM,Chris Hyepock,casino manager,2014,Governor,NV,hyepock c,0,0,0
,DEM,Allen Rheinhart,"painter, sculptor and writer",2014,Governor,NV,rheinhart a,0,0,0
,DEM,John Rutledge,philanthropist and attorney,2014,Governor,NV,rutledge j,0,0,0
,DEM,Mayor,of Las Vegas in 2011,2014,Governor,NV,mayor,0,0,0
,DEM,Richard Bryan,former U.S. Senator and former governor,2014,Governor,NV,bryan r,4,0,0
,DEM,Barbara Buckley,former Speaker of the Nevada Assembly,2014,Governor,NV,buckley b,2,0,0
,DEM,Catherine Cortez Masto,Nevada Attorney General,2014,Governor,NV,masto c,3,0,0
,DEM,Steven Horsford,U.S. Representative (ran for re-election and lost),2014,Governor,NV,horsford s,4,1,0
,DEM,Jan Laverty Jones,"former mayor of Las Vegas , candidate for governor in 1994 and nominee for governor 1998",2014,Governor,NV,jones j,1,0,1
,DEM,Ruben Kihuen,state senator (ran for re-election and won),2014,Governor,NV,kihuen r,2,0,0
,DEM,Susie Lee,education activist,2014,Governor,NV,lee s,0,0,0
,DEM,Kate Marshall,Nevada State Treasurer (ran for Secretary of State and lost),2014,Governor,NV,marshall k,3,0,0
,DEM,Ross Miller,Secretary of State of Nevada (ran for Nevada Attorney General and lost),2014,Governor,NV,miller r,3,0,0
,DEM,Joe Neal,former state senator and nominee for governor in 2002,2014,Governor,NV,neal j,2,0,1
,DEM,Rory Reid,former Clark County Commissioner and nominee for governor in 2010,2014,Governor,NV,reid r,1,0,1
,DEM,Tick Segerblom,state senator,2014,Governor,NV,segerblom t,2,0,0
,DEM,Steve Sisolak,Clark County Commissioner,2014,Governor,NV,sisolak s,1,0,0
,DEM,Debbie Smith,state senator (ran for re-election and won),2014,Governor,NV,smith d,2,0,0
,DEM,Dina Titus,U.S. Representative and nominee for governor in 2006 (ran for re-election and won),2014,Governor,NV,titus d,4,1,1
,IND,David Lory VanDerBeek,family therapist and nominee for the Nevada Assembly in 2010 and the U.S. Senate in 2012,2014,Governor,NV,vanderbeek d,0,0,1
,IND,Democratic,candidate for governor in 2010,2014,Governor,NV,democratic,0,0,1
,DEM,Andrew Cuomo,"incumbent governor  Running mate: Kathy Hochul , former U.S. representative",2014,Governor,NY,cuomo a,4,1,0
,DEM,Randy Credico,"comedian, activist, Libertarian nominee for the U.S. Senate in 2010 and Tax Wall Street nominee for Mayor of New York City in 2013  No running mate",2014,Governor,NY,credico r,0,0,1
,DEM,Zephyr Teachout,"associate professor of law at Fordham University  Running mate: Tim Wu , professor of law at Columbia University",2014,Governor,NY,teachout z,0,0,0
,DEM,Kathy Hochul,former U.S. representative,2014,Governor,NY,hochul k,4,1,0
,DEM,Tim Wu,professor of law at Columbia University,2014,Governor,NY,wu t,0,0,0
,DEM,Sam Sloan,"chess player, publisher, Libertarian candidate for governor in 2010 and War Veterans nominee for Mayor of New York City in 2013 (removed from ballot)",2014,Governor,NY,sloan s,0,0,1
,REP,Rob Astorino,"Westchester County Executive  Running mate: Chris Moss, Sheriff of Chemung County",2014,Governor,NY,astorino r,1,0,0
,REP,John Catsimatidis,businessman and candidate for Mayor of New York City in 2013,2014,Governor,NY,catsimatidis j,0,0,1
,REP,Chris Collins,U.S. representative and former Erie County Executive,2014,Governor,NY,collins c,4,1,0
,REP,Edward F. Cox,"lawyer, chairman of the New York Republican State Committee and candidate for the U.S. Senate in 2006",2014,Governor,NY,cox e,0,0,1
,REP,Chautauqua County,Executive and nominee for Lieutenant Governor of New York in 2010,2014,Governor,NY,county c,0,0,1
,REP,Chris Gibson,U.S. representative,2014,Governor,NY,gibson c,4,1,0
,REP,Christopher Jacobs,Erie County Clerk and former Secretary of State of New York,2014,Governor,NY,jacobs c,3,0,0
,REP,Steven McLaughlin,New York State Assemblyman,2014,Governor,NY,mclaughlin s,2,0,0
,REP,Carl Paladino,Buffalo Public Schools Board of Education member and nominee for governor in 2010,2014,Governor,NY,paladino c,0,0,1
,REP,Donald Trump,business magnate and television personality,2014,Governor,NY,trump d,0,0,0
,REP,Howie Hawkins,"labor activist and Green Party nominee for governor in 2010  Running mate: Brian Jones , teacher, activist and actor from New York City",2014,Governor,NY,hawkins h,0,0,1
,REP,Brian Jones,"teacher, activist and actor from New York City",2014,Governor,NY,jones b,0,0,0
,REP,Andrew Cuomo,incumbent governor,2014,Governor,NY,cuomo a,3,0,0
,REP,Zephyr Teachout,law professor at Fordham University,2014,Governor,NY,teachout z,0,0,0
,REP,Diane Ravitch,former Assistant Secretary of Education,2014,Governor,NY,ravitch d,0,0,0
,REP,Bill Samuels,"activist.  Samuels instead announced his intent to pursue the lieutenant governor line in the Democratic primary, a position he also considered pursuing in 2010.  Samuels dropped out of the race after Teachout lost the WFP nomination to Cuomo, thus implying that Samuels was planning to be Teachout's running mate.",2014,Governor,NY,samuels b,3,0,0
,REP,New York's 3rd congressional district,"in 2012  Running mate: Chris Edes, nominee for the U.S. Senate in 2012",2014,Governor,NY,district n,0,0,1
,REP,Randy Credico,"comedian, activist, Libertarian nominee for the U.S. Senate in 2010 and Tax Wall Street nominee for Mayor of New York City in 2013",2014,Governor,NY,credico r,0,0,1
,REP,Nathan Lebron,information technology specialist and perennial candidate,2014,Governor,NY,lebron n,0,0,0
,REP,Kristin M. Davis,former madam and Anti-Prohibition Party nominee for governor in 2010,2014,Governor,NY,davis k,0,0,1
,REP,Steven Cohn,"Long Island attorney who attempted to run on a ""Tea Party"" line in the 2010 election but had his petitions rejected Running mate: Bobby Kalotee",2014,Governor,NY,cohn s,0,0,0
,REP,Socialist Workers Party,": For the second straight election, the Socialist Workers Party waged a write-in candidacy for the governor's seat, with John Studer as the nominee.",2014,Governor,NY,party s,3,0,0
,REP,Constitution Party,": Donna Mulvihill, a homeschooling activist from Honeoye Lake, sought petitions to run for governor on the Constitution Party line before abruptly withdrawing from the race the day before petitions were due, citing her father's death. This is the second consecutive election in which the party has failed to collect enough signatures for governor.",2014,Governor,NY,party c,3,0,0
,REP,John Kasich,"incumbent governor  Running mate: Mary Taylor , incumbent lieutenant governor",2014,Governor,OH,kasich j,3,0,0
,REP,Mary Taylor,incumbent lieutenant governor,2014,Governor,OH,taylor m,3,0,0
,REP,U.S. House of Representatives,"in 2010   Running mate: Kelly Kohls, education activist and chair of the Warren County Tea Party",2014,Governor,OH,representatives u,0,0,0
,REP,Ted Stevenot,president of the Ohio Liberty Coalition,2014,Governor,OH,stevenot t,0,0,0
,REP,Running mate: Kelly Kohls,education activist and chair of the Warren County Tea Party,2014,Governor,OH,kohls r,0,0,0
,DEM,vexatious litigant,"Running mate: Ken Gray, nurse",2014,Governor,OH,litigant v,0,0,0
,DEM,Ed FitzGerald,"County Executive of Cuyahoga County and former mayor of Lakewood  Running mate: Sharen Neuhardt, attorney, nominee for Ohio's 7th congressional district in 2008 and for Ohio's 10th congressional district in 2012",2014,Governor,OH,fitzgerald e,1,0,1
,DEM,Running mate: Ken Gray,nurse,2014,Governor,OH,gray r,0,0,0
,DEM,Ohio's 7th congressional district,in 2008 and for Ohio's 10th congressional district in 2012,2014,Governor,OH,district o,0,0,0
,DEM,Todd Portune,Hamilton County Commissioner,2014,Governor,OH,portune t,1,0,0
,DEM,Michael B. Coleman,mayor of Columbus,2014,Governor,OH,coleman m,1,0,0
,DEM,Richard Cordray,director of the Consumer Financial Protection Bureau and former Ohio Attorney General,2014,Governor,OH,cordray r,3,0,0
,DEM,Tim Ryan,U.S. representative,2014,Governor,OH,ryan t,4,1,0
,DEM,Ted Strickland,former governor,2014,Governor,OH,strickland t,3,0,0
,DEM,Betty Sutton,former U.S. representative,2014,Governor,OH,sutton b,4,1,0
,DEM,lieutenant governor of Ohio,"in 2006 and 2010 and candidate for the U.S. Senate in 2012  Running mate: Bob Fitrakis , author and perennial candidate",2014,Governor,OH,ohio l,0,0,1
,DEM,Bob Fitrakis,author and perennial candidate,2014,Governor,OH,fitrakis b,0,0,0
,DEM,Dennis Spisak,"perennial candidate (failed to gather enough valid signatures)    Running mate: Suzanne Patzer, information technology supervisor",2014,Governor,OH,spisak d,0,0,0
,DEM,Running mate: Suzanne Patzer,information technology supervisor,2014,Governor,OH,patzer r,0,0,0
,DEM,Charlie Earl,"former Republican state representative  Running mate: Sherry Clark, newspaper publisher",2014,Governor,OH,earl c,2,1,0
,DEM,Running mate: Sherry Clark,newspaper publisher,2014,Governor,OH,clark r,0,0,0
,REP,Mary Fallin,incumbent governor,2014,Governor,OK,fallin m,3,0,0
,REP,Chad Moody,attorney,2014,Governor,OK,moody c,0,0,0
,REP,Randy Brogdon,former state senator and candidate for governor in 2010 ( ran for the U.S. Senate and lost ),2014,Governor,OK,brogdon r,2,0,1
,REP,T. W. Shannon,former speaker of the Oklahoma House of Representatives ( ran for the U.S. Senate and lost ),2014,Governor,OK,shannon t,2,1,0
,DEM,Joe Dorman,state representative,2014,Governor,OK,dorman j,2,1,0
,DEM,Libertarian,candidate for president in 2012 and candidate for Oklahoma's 4th congressional district in 2010 and 2012 (endorsed Dorman),2014,Governor,OK,libertarian,0,0,1
,DEM,Dan Boren,former U.S. representative (endorsed Dorman),2014,Governor,OK,boren d,4,1,0
,DEM,Brad Henry,former governor (endorsed Dorman),2014,Governor,OK,henry b,3,0,0
,DEM,M. Susan Savage,former mayor of Tulsa and former secretary of state of Oklahoma (endorsed Dorman),2014,Governor,OK,savage m,3,0,0
,IND,Libertarian Party of Oklahoma,and candidate for lieutenant governor of Oklahoma in 2010,2014,Governor,OK,oklahoma l,0,0,1
,DEM,John Kitzhaber,incumbent governor,2014,Governor,OR,kitzhaber j,3,0,0
,REP,Tim Carr,businessman,2014,Governor,OR,carr t,0,0,0
,REP,Gordon Challstrom,businessman,2014,Governor,OR,challstrom g,0,0,0
,REP,Bruce Cuff,real estate broker,2014,Governor,OR,cuff b,0,0,0
,REP,Mae Rafferty,timber merchant,2014,Governor,OR,rafferty m,0,0,0
,REP,Dennis Richardson,state representative,2014,Governor,OR,richardson d,2,1,0
,REP,Jon Justesen,businessman and rancher,2014,Governor,OR,justesen j,0,0,0
,REP,Allen Alley,"businessman, former chairman of the Oregon Republican Party , nominee for Oregon State Treasurer in 2008 and candidate for Governor in 2010",2014,Governor,OR,alley a,0,0,1
,REP,Chris Dudley,former NBA basketball player and nominee for Governor in 2010,2014,Governor,OR,dudley c,0,0,1
,REP,Bruce Hanna,state representative,2014,Governor,OR,hanna b,2,1,0
,REP,Gordon H. Smith,former U.S. Senator,2014,Governor,OR,smith g,4,0,0
,REP,Greg Walden,U.S. Representative and Chairman of the National Republican Congressional Committee,2014,Governor,OR,walden g,4,1,0
,REP,Tom Corbett,incumbent governor of Pennsylvania,2014,Governor,PA,corbett t,3,0,0
,REP,Bob Guzzardi,"attorney, businessman and conservative activist",2014,Governor,PA,guzzardi b,0,0,0
,REP,Bruce Castor,Montgomery County Commissioner,2014,Governor,PA,castor b,1,0,0
,REP,Jim Gerlach,U.S. Representative and candidate for governor in 2010,2014,Governor,PA,gerlach j,4,1,1
,REP,Tom Smith,businessman and nominee for the U.S. Senate in 2012,2014,Governor,PA,smith t,0,0,1
,REP,Pat Toomey,U.S. Senator,2014,Governor,PA,toomey p,4,0,0
,DEM,Rob McCord,Pennsylvania Treasurer,2014,Governor,PA,mccord r,0,0,0
,DEM,Katie McGinty,former secretary of the Pennsylvania Department of Environmental Protection,2014,Governor,PA,mcginty k,0,0,0
,DEM,Allyson Schwartz,U.S. Representative,2014,Governor,PA,schwartz a,4,1,0
,DEM,Tom Wolf,businessman and former secretary of the Pennsylvania Department of Revenue,2014,Governor,PA,wolf t,0,0,0
,DEM,John Hanger,former Secretary of the Pennsylvania Department of Environmental Protection,2014,Governor,PA,hanger j,0,0,0
,DEM,Jo Ellen Litz,Lebanon County Commissioner (failed to qualify),2014,Governor,PA,litz j,1,0,0
,DEM,Max Myers,businessman and former pastor,2014,Governor,PA,myers m,0,0,0
,DEM,Ed Pawlowski,Mayor of Allentown,2014,Governor,PA,pawlowski e,1,0,0
,DEM,Jack Wagner,"former Pennsylvania Auditor General , candidate for governor in 2010 and candidate for Mayor of Pittsburgh in 2013",2014,Governor,PA,wagner j,0,0,1
,DEM,Bob Casey Jr.,U.S. Senator,2014,Governor,PA,casey b,4,0,0
,DEM,Scott Conklin,state representative and nominee for lieutenant governor in 2010,2014,Governor,PA,conklin s,2,1,1
,DEM,Kathy Dahlkemper,former U.S. Representative,2014,Governor,PA,dahlkemper k,4,1,0
,DEM,Eugene DePasquale,Pennsylvania Auditor General,2014,Governor,PA,depasquale e,0,0,0
,DEM,Kathleen Kane,Pennsylvania Attorney General,2014,Governor,PA,kane k,3,0,0
,DEM,Tom Knox,"businessman, candidate for Mayor of Philadelphia in 2007 and candidate for governor in 2010",2014,Governor,PA,knox t,0,0,1
,DEM,Daylin Leach,state senator (running for Congress),2014,Governor,PA,leach d,2,0,0
,DEM,Patrick Murphy,former U.S. Representative,2014,Governor,PA,murphy p,4,1,0
,DEM,Michael Nutter,Mayor of Philadelphia,2014,Governor,PA,nutter m,1,0,0
,DEM,Ed Rendell,former governor,2014,Governor,PA,rendell e,3,0,0
,DEM,Joe Sestak,former U.S. Representative and nominee for the U.S. Senate in 2010,2014,Governor,PA,sestak j,4,1,1
,DEM,Josh Shapiro,chairman of the Montgomery County Board of Commissioners,2014,Governor,PA,shapiro j,0,0,0
,DEM,Tim Solobay,state senator,2014,Governor,PA,solobay t,2,0,0
,DEM,Michael J. Stack III,state senator ( running for lieutenant governor ),2014,Governor,PA,stack m,2,0,0
,DEM,Clay Pell,former Deputy Assistant Secretary for International and Foreign Language Education in the United States Department of Education  and grandson of Rhode Island's longest serving senator Claiborne Pell,2014,Governor,RI,pell c,0,0,0
,DEM,Gina Raimondo,Treasurer of Rhode Island,2014,Governor,RI,raimondo g,0,0,0
,DEM,Angel Taveras,Mayor of Providence,2014,Governor,RI,taveras a,1,0,0
,DEM,Lincoln Chafee,incumbent governor,2014,Governor,RI,chafee l,3,0,0
,DEM,Patrick C. Lynch,former attorney general of Rhode Island,2014,Governor,RI,lynch p,3,0,0
,DEM,Elizabeth H. Roberts,Lieutenant Governor of Rhode Island,2014,Governor,RI,roberts e,3,0,0
,DEM,Robert Weygand,former U.S. representative,2014,Governor,RI,weygand r,4,1,0
,REP,Ken Block,Moderate Party nominee for governor in 2010,2014,Governor,RI,block k,0,0,1
,REP,Allan Fung,Mayor of Cranston,2014,Governor,RI,fung a,1,0,0
,REP,Scott Avedisian,Mayor of Warwick,2014,Governor,RI,avedisian s,1,0,0
,REP,Brendan Doherty,former Superintendent of the Rhode Island State Police and nominee for Rhode Island's 1st congressional district in 2012,2014,Governor,RI,doherty b,0,0,1
,REP,Donald Carcieri,and nominee for governor in 2010,2014,Governor,RI,carcieri d,0,0,1
,REP,Robert J. Healey,"( Moderate ), perennial candidate",2014,Governor,RI,healey r,0,0,0
,REP,in 2010,(switched to Republican primary),2014,Governor,RI,in,0,0,0
,REP,Gina Raimondo,"(Independent), Democratic Treasurer of Rhode Island (won the Democratic primary)",2014,Governor,RI,raimondo g,0,0,0
,REP,Nikki Haley,incumbent governor,2014,Governor,SC,haley n,3,0,0
,REP,Tom Ervin,"attorney, former state representative and former circuit court judge (ran as an Independent and later dropped out of the race to endorse Vincent Sheheen )",2014,Governor,SC,ervin t,2,1,0
,REP,Tom Davis,state senator,2014,Governor,SC,davis t,2,0,0
,REP,Bobby Harrell,Speaker of the South Carolina House of Representatives,2014,Governor,SC,harrell b,2,1,0
,REP,"Curtis M. Loftis, Jr.",state treasurer,2014,Governor,SC,loftis c,3,0,0
,REP,Glenn F. McConnell,Lieutenant Governor,2014,Governor,SC,mcconnell g,3,0,0
,REP,Mick Mulvaney,U.S. representative,2014,Governor,SC,mulvaney m,4,1,0
,REP,William Walter Wilkins,former Chief Judge of the United States Court of Appeals for the Fourth Circuit,2014,Governor,SC,wilkins w,1,0,0
,REP,Alan Wilson,Attorney General of South Carolina,2014,Governor,SC,wilson a,3,0,0
,DEM,Vincent Sheheen,state senator and nominee for governor in 2010,2014,Governor,SC,sheheen v,2,0,1
,DEM,Stephen K. Benjamin,Mayor of Columbia,2014,Governor,SC,benjamin s,1,0,0
,DEM,"Harry L. Ott, Jr.",Minority Leader of the South Carolina House of Representatives,2014,Governor,SC,ott h,2,1,0
,IND,Libertarian,"), businessman",2014,Governor,SC,libertarian,0,0,0
,IND,United Citizens Party,"), former NFL player and nominee for governor in 2010",2014,Governor,SC,party u,0,0,1
,IND,Angry Grandpa,"(Charles Green) YouTuber, comedian, veteran, former nut salesman, and weed rights activist",2014,Governor,SC,grandpa a,0,0,0
,IND,Tom Ervin,"( Independent ), attorney, former Republican state representative and former circuit court judge (endorsed Sheheen)",2014,Governor,SC,ervin t,2,1,0
,IND,André Bauer,"( Independent ), former Republican Lieutenant Governor of South Carolina , candidate for governor in 2010 and candidate for SC-07 in 2012",2014,Governor,SC,bauer a,3,0,1
,REP,Dennis Daugaard,incumbent governor,2014,Governor,SD,daugaard d,3,0,0
,REP,Lora Hubbel,former state representative and former chair of the Minnehaha County Republican Party,2014,Governor,SD,hubbel l,2,1,0
,REP,Stan Adelstein,state senator,2014,Governor,SD,adelstein s,2,0,0
,REP,Stace Nelson,state representative ( running for the U.S. Senate ),2014,Governor,SD,nelson s,2,1,0
,DEM,Susan Wismer,state representative,2014,Governor,SD,wismer s,2,1,0
,DEM,Jason Frerichs,minority leader of the South Dakota Senate,2014,Governor,SD,frerichs j,2,0,0
,DEM,Bryce Healy,former commissioner of schools and public lands,2014,Governor,SD,healy b,3,0,0
,DEM,Scott Heidepriem,former state senator and nominee for governor in 2010,2014,Governor,SD,heidepriem s,2,0,1
,DEM,Stephanie Herseth Sandlin,former U.S. representative,2014,Governor,SD,sandlin s,4,1,0
,DEM,Sioux Falls,(running for re-election),2014,Governor,SD,falls s,0,0,0
,DEM,Steve Jarding,"educator, lecturer and political consultant",2014,Governor,SD,jarding s,0,0,0
,DEM,Pat O'Brien,"author, television anchor and radio host",2014,Governor,SD,obrien p,0,0,0
,IND,Independent,"), former University of South Dakota School of Law professor and former CEO of Mayo Clinic",2014,Governor,SD,independent,0,0,0
,IND,Constitution,"), Tea Party activist",2014,Governor,SD,constitution,0,0,0
,REP,Basil Marceaux,perennial candidate,2014,Governor,TN,marceaux b,0,0,0
,REP,Bill Haslam,incumbent governor,2014,Governor,TN,haslam b,3,0,0
,REP,John Jay Hooker,political gadfly and Democratic nominee for governor in 1970 and 1998 (ran as an independent),2014,Governor,TN,hooker j,0,0,1
,DEM,Sullivan County,Commissioner,2014,Governor,TN,county s,0,0,0
,DEM,Lowe Finney,state senator,2014,Governor,TN,finney l,2,0,0
,DEM,Craig Fitzhugh,minority leader of the Tennessee House of Representatives,2014,Governor,TN,fitzhugh c,2,1,0
,DEM,Roy Herron,"chairman of the Tennessee Democratic Party , former state senator and nominee for Tennessee's 8th congressional district in 2010",2014,Governor,TN,herron r,2,0,1
,DEM,John Jay Hooker,political gadfly and nominee for governor in 1970 and 1998 (ran as an Independent),2014,Governor,TN,hooker j,0,0,1
,DEM,Jim Kyle,state senator and candidate for governor in 2010,2014,Governor,TN,kyle j,2,0,1
,DEM,Sara Kyle,former director of the Tennessee Regulatory Authority,2014,Governor,TN,kyle s,0,0,0
,DEM,Mike McWherter,"businessman, attorney and nominee for governor in 2010",2014,Governor,TN,mcwherter m,0,0,1
,IND,John Jay Hooker,"(Independent), political gadfly and Democratic nominee for governor in 1970 and 1998",2014,Governor,TN,hooker j,0,0,1
,IND,Libertarian,"), educator and nominee for the U.S. Senate in 2008",2014,Governor,TN,libertarian,0,0,1
,REP,Greg Abbott,attorney general of Texas,2014,Governor,TX,abbott g,3,0,0
,REP,Lisa Fritsch,author and radio show host,2014,Governor,TX,fritsch l,0,0,0
,REP,Larry Kilgore,perennial candidate,2014,Governor,TX,kilgore l,0,0,0
,REP,Univision,personality,2014,Governor,TX,univision,0,0,0
,REP,Tom Pauken,former Texas Workforce Commissioner and former chairman of the Republican Party of Texas,2014,Governor,TX,pauken t,0,0,0
,REP,David Dewhurst,lieutenant governor of Texas (ran for re-election and lost the party primary runoff),2014,Governor,TX,dewhurst d,3,0,0
,REP,in 2010,(running for Texas Comptroller of Public Accounts ),2014,Governor,TX,in,0,0,0
,REP,Rick Perry,incumbent governor of Texas,2014,Governor,TX,perry r,3,0,0
,DEM,Wendy Davis,state senator,2014,Governor,TX,davis w,2,0,0
,DEM,Julian Castro,United States Secretary of Housing and Urban Development and former mayor of San Antonio,2014,Governor,TX,castro j,4,0,0
,DEM,Kinky Friedman,"singer, songwriter, novelist, humorist and independent candidate for governor in 2006 (candidate in May 27 runoff for Texas Commissioner of Agriculture )",2014,Governor,TX,friedman k,3,0,1
,DEM,Annise Parker,mayor of Houston,2014,Governor,TX,parker a,1,0,0
,DEM,Mike Villarreal,state representative,2014,Governor,TX,villarreal m,2,1,0
,DEM,Kirk Watson,state senator and former mayor of Austin,2014,Governor,TX,watson k,2,0,0
,DEM,Bill White,former mayor of Houston and nominee for governor in 2010,2014,Governor,TX,white b,1,0,1
,DEM,Robert Bell,pharmaceutical executive and chemist,2014,Governor,TX,bell r,0,0,0
,DEM,Robert Garrett,"veteran, helicopter mechanic and prison officer",2014,Governor,TX,garrett r,0,0,0
,DEM,Kathie Glass,attorney,2014,Governor,TX,glass k,0,0,0
,DEM,"Robert ""Star"" Locke","rancher, building contractor, veteran and perennial candidate",2014,Governor,TX,locke r,0,0,0
,DEM,president of the United States,in 2008,2014,Governor,TX,states p,0,0,0
,DEM,R. Lee Wrights,vice chair of the Libertarian National Committee and candidate for president of the United States in 2012,2014,Governor,TX,wrights r,0,0,1
,DEM,Texas's 6th congressional district,in 2012,2014,Governor,TX,district t,0,0,0
,IND,Army,veteran and cousin of former SOCOM commander William H. McRaven ; ran as a write-in candidate,2014,Governor,TX,army,0,0,0
,IND,Debra Medina,activist and Republican candidate for governor in 2010 (ran unsuccessfully for Texas Comptroller of Public Accounts ),2014,Governor,TX,medina d,0,0,1
,DEM,Peter Shumlin,incumbent governor,2014,Governor,VT,shumlin p,3,0,0
,REP,Scott Milne,"businessman, candidate for the state house in 2006 and son of former state legislators Don and Marion Milne",2014,Governor,VT,milne s,0,0,1
,REP,Randy Brock,"former state senator, former Vermont Auditor of Accounts and nominee for governor in 2012",2014,Governor,VT,brock r,2,0,1
,REP,Jim Douglas,former governor,2014,Governor,VT,douglas j,3,0,0
,REP,Bruce Lisman,banker,2014,Governor,VT,lisman b,0,0,0
,REP,Heidi Scheuermann,state representative,2014,Governor,VT,scheuermann h,2,1,0
,REP,Phil Scott,lieutenant governor of Vermont ( ran for re-election ),2014,Governor,VT,scott p,3,0,0
,REP,Martha Abbott,former party chair,2014,Governor,VT,abbott m,0,0,0
,REP,Anthony Pollina,"nominee for governor in 2000 and 2008 , state senator and former party chair",2014,Governor,VT,pollina a,2,0,1
,REP,Peter Diamondstone,party co-founder and perennial candidate,2014,Governor,VT,diamondstone p,0,0,0
,REP,2010,(also ran as a write-in in the Republican primary),2014,Governor,VT,,0,0,0
,IND,Cris Ericson,perennial candidate ( also ran for Vermont's at-large congressional district ),2014,Governor,VT,ericson c,0,0,0
,IND,2010,and 2012 (also ran in the Republican primary),2014,Governor,VT,,0,0,0
,IND,Bruce Lisman,banker,2014,Governor,VT,lisman b,0,0,0
,REP,Scott Walker,incumbent governor,2014,Governor,WI,walker s,3,0,0
,REP,Rebecca Kleefisch,incumbent lieutenant governor,2014,Governor,WI,kleefisch r,3,0,0
,DEM,Mary Burke,"businesswoman, member of the Madison school district board and former Wisconsin Secretary of Commerce",2014,Governor,WI,burke m,0,0,0
,DEM,Brett Hulsey,state representative,2014,Governor,WI,hulsey b,2,1,0
,DEM,Chris Abele,Milwaukee County Executive,2014,Governor,WI,abele c,1,0,0
,DEM,Peter W. Barca,Minority Leader of the Wisconsin State Assembly and former U.S. representative,2014,Governor,WI,barca p,4,1,0
,DEM,Tom Barrett,Mayor of Milwaukee and nominee for governor in 2010 and 2012,2014,Governor,WI,barrett t,1,0,1
,DEM,Dave Cieslewicz,former mayor of Madison,2014,Governor,WI,cieslewicz d,1,0,0
,DEM,Wisconsin Senate,in 2012,2014,Governor,WI,senate w,0,0,0
,DEM,Kevin Conroy,biotechnology executive,2014,Governor,WI,conroy k,0,0,0
,DEM,John Dickert,Mayor of Racine,2014,Governor,WI,dickert j,1,0,0
,DEM,Jon Erpenbach,state senator,2014,Governor,WI,erpenbach j,2,0,0
,DEM,Kathleen Falk,former Dane County Executive and candidate for governor in 2012,2014,Governor,WI,falk k,1,0,1
,DEM,Russ Feingold,former U.S. senator,2014,Governor,WI,feingold r,4,0,0
,DEM,Dave Hansen,state senator,2014,Governor,WI,hansen d,2,0,0
,DEM,Winnebago County,Executive,2014,Governor,WI,county w,0,0,0
,DEM,Dianne Hesselbein,state representative,2014,Governor,WI,hesselbein d,2,1,0
,DEM,Sara Johann,political activist,2014,Governor,WI,johann s,0,0,0
,DEM,Steve Kagen,former U.S. representative,2014,Governor,WI,kagen s,4,1,0
,DEM,Ron Kind,U.S. representative,2014,Governor,WI,kind r,4,1,0
,DEM,Jessica King,former state senator,2014,Governor,WI,king j,2,0,0
,DEM,Herb Kohl,former U.S. senator,2014,Governor,WI,kohl h,4,0,0
,DEM,Chris Larson,Minority Leader of the Wisconsin Senate,2014,Governor,WI,larson c,2,0,0
,DEM,Julie Lassa,state senator,2014,Governor,WI,lassa j,2,0,0
,DEM,Cory Mason,state representative,2014,Governor,WI,mason c,2,1,0
,DEM,Mahlon Mitchell,president of the Professional Fire Fighters of Wisconsin and nominee for lieutenant governor in 2012,2014,Governor,WI,mitchell m,0,0,1
,DEM,Gwen Moore,U.S. representative,2014,Governor,WI,moore g,4,1,0
,DEM,Tom Nelson,Outagamie County Executive and nominee for lieutenant governor in 2010,2014,Governor,WI,nelson t,1,0,1
,DEM,Dave Obey,former U.S. representative,2014,Governor,WI,obey d,4,1,0
,DEM,Joe Parisi,Dane County executive,2014,Governor,WI,parisi j,1,0,0
,DEM,Jennifer Shilling,state senator,2014,Governor,WI,shilling j,2,0,0
,DEM,Chris Taylor,state representative,2014,Governor,WI,taylor c,2,1,0
,DEM,Kathleen Vinehout,state senator and candidate for governor in 2012,2014,Governor,WI,vinehout k,2,0,1
,DEM,John Lehman,member of Wisconsin Senate,2014,Governor,WI,lehman j,2,0,0
,DEM,Libertarian Party,"), founder of the Libertarian Party of Pierce - St. Croix",2014,Governor,WI,party l,0,0,0
,DEM,Dennis Fehr (The People's Party),businessman and founder of The People's Party,2014,Governor,WI,party d,0,0,0
,REP,Cindy Hill,State Superintendent of Public Instruction,2014,Governor,WY,hill c,3,0,0
,REP,Matt Mead,incumbent governor,2014,Governor,WY,mead m,3,0,0
,DEM,Pete Gosar,"former chairman of the Wyoming Democratic Party , candidate for governor in 2010 and brother of Arizona Republican U.S. representative Dr. Paul Gosar",2014,Governor,WY,gosar p,0,1,1
,DEM,John Carney,"U.S. representative, former lieutenant governor of Delaware and candidate for governor in 2008",2016,Governor,DE,carney j,4,1,1
,DEM,Beau Biden,"former Delaware Attorney General and son of Delaware senator , vice president , and future president Joe Biden  (died May 30, 2015)",2016,Governor,DE,biden b,3,0,0
,DEM,Matthew Denn,Delaware Attorney General and former lieutenant governor of Delaware,2016,Governor,DE,denn m,3,0,0
,DEM,Thomas P. Gordon,county executive of New Castle County,2016,Governor,DE,gordon t,1,0,0
,DEM,John Kowalko,state representative,2016,Governor,DE,kowalko j,2,1,0
,DEM,Peter Schwartzkopf,Speaker of the Delaware House of Representatives,2016,Governor,DE,schwartzkopf p,2,1,0
,DEM,Bryan Townsend,state senator (running for Delaware's at-large seat in Congress),2016,Governor,DE,townsend b,2,0,0
,REP,Colin Bonini,state senator and nominee for State Treasurer in 2010,2016,Governor,DE,bonini c,2,0,1
,REP,Greg Lavelle,state senator and Minority Whip of the Delaware Senate,2016,Governor,DE,lavelle g,2,0,0
,REP,Michael Ramone,state representative,2016,Governor,DE,ramone m,2,1,0
,REP,Daniel Short,Minority Leader of the Delaware House of Representatives,2016,Governor,DE,short d,2,1,0
,REP,Ken Simpler,State Treasurer of Delaware,2016,Governor,DE,simpler k,3,0,0
,REP,Mike Pence,incumbent governor (withdrew after primary to run for Vice President of the United States as the running mate of Donald Trump ),2016,Governor,IN,pence m,3,0,0
,REP,Greg Ballard,former mayor of Indianapolis,2016,Governor,IN,ballard g,1,0,0
,REP,Susan Brooks,U.S. Representative from Indiana's 5th congressional district and former United States Attorney for the Southern District of Indiana ( ran for re-election ),2016,Governor,IN,brooks s,4,1,0
,REP,Luke Messer,U.S. Representative from Indiana's 6th congressional district ( ran for re-election ),2016,Governor,IN,messer l,4,1,0
,REP,Todd Young,U.S. Representative from Indiana's 9th congressional district ( ran for U.S. Senate ),2016,Governor,IN,young t,4,1,0
,REP,Eric Holcomb,"Lieutenant Governor of Indiana  Running mate: Suzanne Crouch , Indiana State Auditor",2016,Governor,IN,holcomb e,3,0,0
,REP,Todd Rokita,U.S. Representative and former Indiana Secretary of State,2016,Governor,IN,rokita t,4,1,0
,REP,Jim Tomes,state senator,2016,Governor,IN,tomes j,2,0,0
,REP,Suzanne Crouch,Indiana State Auditor,2016,Governor,IN,crouch s,3,0,0
,REP,Brian Bosma,Speaker of the Indiana House of Representatives,2016,Governor,IN,bosma b,2,1,0
,REP,Mitch Daniels,former governor of Indiana,2016,Governor,IN,daniels m,3,0,0
,REP,Lloyd Winnecke,Mayor of Evansville,2016,Governor,IN,winnecke l,1,0,0
,DEM,John R. Gregg,"former Speaker of the Indiana House of Representatives and nominee for Governor in 2012  Running mate: Christina Hale , state representative",2016,Governor,IN,gregg j,2,1,1
,DEM,Christina Hale,state representative,2016,Governor,IN,hale c,2,1,0
,DEM,Glenda Ritz,Indiana Superintendent of Public Instruction (ran for re-election),2016,Governor,IN,ritz g,3,0,0
,DEM,Karen Tallian,state senator,2016,Governor,IN,tallian k,2,0,0
,DEM,Evan Bayh,former U.S. Senator and former governor of Indiana ( ran for U.S. Senate ),2016,Governor,IN,bayh e,4,0,0
,DEM,Pete Buttigieg,Mayor of South Bend,2016,Governor,IN,buttigieg p,1,0,0
,DEM,Baron Hill,former U.S. Representative from Indiana's 9th congressional district and nominee for the U.S. Senate in 1990,2016,Governor,IN,hill b,4,1,1
,DEM,Scott Pelath,Minority Leader of the Indiana House of Representatives,2016,Governor,IN,pelath s,2,1,0
,DEM,Complete College America,and former aide to Evan Bayh,2016,Governor,IN,america c,0,0,0
,DEM,Rex Bell,businessman,2016,Governor,IN,bell r,0,0,0
,DEM,Chris Koster,Attorney General of Missouri,2016,Governor,MO,koster c,3,0,0
,DEM,Joe Maxwell,former lieutenant governor of Missouri,2016,Governor,MO,maxwell j,3,0,0
,DEM,Claire McCaskill,"U.S. senator, former state auditor of Missouri and nominee for governor in 2004",2016,Governor,MO,mccaskill c,4,0,1
,DEM,Clint Zweifel,State Treasurer of Missouri,2016,Governor,MO,zweifel c,3,0,0
,REP,Eric Greitens,"businessman, author and former U.S. Navy SEAL",2016,Governor,MO,greitens e,0,0,0
,REP,Randy Asbury,former state representative,2016,Governor,MO,asbury r,2,1,0
,REP,Bob Dixon,state senator,2016,Governor,MO,dixon b,2,0,0
,REP,Mike Parson,state senator ( running for lieutenant governor ),2016,Governor,MO,parson m,2,0,0
,REP,Tim Jones,Speaker of the Missouri House of Representatives,2016,Governor,MO,jones t,2,1,0
,REP,Bart Korman,state representative,2016,Governor,MO,korman b,2,1,0
,REP,Blaine Luetkemeyer,U.S. representative,2016,Governor,MO,luetkemeyer b,4,1,0
,REP,Ron Richard,state senator and former speaker of the Missouri House of Representatives,2016,Governor,MO,richard r,2,1,0
,REP,Dave Spence,businessman and nominee for governor in 2012,2016,Governor,MO,spence d,0,0,1
,REP,Jim Talent,former U.S. senator,2016,Governor,MO,talent j,4,0,0
,IND,Les Turilli Jr.,businessman,2016,Governor,MO,turilli l,0,0,0
,IND,U.S. Senate,in 2010 and nominee for Missouri Secretary of State in 2012,2016,Governor,MO,senate u,0,0,1
,DEM,Steve Bullock,incumbent governor,2016,Governor,MT,bullock s,3,0,0
,DEM,Mike Cooney,incumbent lieutenant governor,2016,Governor,MT,cooney m,3,0,0
,REP,Greg Gianforte,founder of RightNow Technologies and conservative activist,2016,Governor,MT,gianforte g,0,0,0
,REP,Phillips County,Commissioner,2016,Governor,MT,county p,0,0,0
,REP,Brad Johnson,chairman of the Montana Public Service Commission and former secretary of state of Montana,2016,Governor,MT,johnson b,3,0,0
,REP,Mark Perea,businessman and nominee for the state senate in 2012  ( did not file ),2016,Governor,MT,perea m,0,0,1
,REP,Taylor Brown,state senator,2016,Governor,MT,brown t,2,0,0
,REP,Jeff Essman,state representative and former president of the State Senate,2016,Governor,MT,essman j,2,1,0
,REP,Tim Fox,Attorney General of Montana ( running for re-election ),2016,Governor,MT,fox t,3,0,0
,REP,Ryan Zinke,U.S. representative ( running for re-election ),2016,Governor,MT,zinke r,4,1,0
,IND,Running mate: Ron Vandevender,perennial candidate,2016,Governor,MT,vandevender r,0,0,0
,REP,Robert Brawley,former state representative,2016,Governor,NC,brawley r,2,1,0
,REP,Pat McCrory,incumbent governor,2016,Governor,NC,mccrory p,3,0,0
,REP,Randolph County,"Soil & Water Conservation Board member, Democratic state senate candidate in 2004 , and candidate for governor in 2012",2016,Governor,NC,county r,2,0,1
,REP,Greg Brannon,"physician, Tea Party activist and candidate for the U.S. Senate in 2014 ( running for U.S. Senate )",2016,Governor,NC,brannon g,0,0,1
,REP,Dan Forest,Lieutenant Governor of North Carolina (running for re-election),2016,Governor,NC,forest d,3,0,0
,DEM,Roy Cooper,North Carolina Attorney General,2016,Governor,NC,cooper r,3,0,0
,DEM,Kenneth Spaulding,former state representative and candidate for North Carolina's 2nd congressional district in 1984,2016,Governor,NC,spaulding k,2,1,1
,DEM,Chapel Hill,town council member,2016,Governor,NC,hill c,0,0,0
,DEM,Janet Cowell,North Carolina State Treasurer (not seeking re-election or running for any other office),2016,Governor,NC,cowell j,3,0,0
,DEM,Anthony Foxx,United States Secretary of Transportation and former Mayor of Charlotte,2016,Governor,NC,foxx a,4,0,0
,DEM,Kay Hagan,"former U.S. Senator, and former State Senator",2016,Governor,NC,hagan k,4,0,0
,DEM,Charles Meeker,former mayor of Raleigh (running for Labor Commissioner),2016,Governor,NC,meeker c,1,0,0
,DEM,Heath Shuler,former U.S. Representative,2016,Governor,NC,shuler h,4,1,0
,DEM,Josh Stein,state senator and former deputy attorney general of North Carolina ( running for Attorney General ),2016,Governor,NC,stein j,3,0,0
,DEM,NC-12,in 2010,2016,Governor,NC,nc,0,0,0
,DEM,Ken Fortenberry,"newspaper publisher, author, journalist and Republican candidate for North Carolina's 10th congressional district in 2012",2016,Governor,NC,fortenberry k,0,0,1
,DEM,Sean Haugh,pizza delivery man and nominee for the U.S. Senate in 2002 and 2014 ( running for U.S. Senate ),2016,Governor,NC,haugh s,0,0,1
,DEM,Daniel Orr,navy veteran,2016,Governor,NC,orr d,0,0,0
,REP,Doug Burgum,"former senior vice president of Microsoft and former chairman & CEO of Great Plains Software  Running mate: Brent Sanford , Watford City mayor",2016,Governor,ND,burgum d,1,0,0
,REP,Paul Sorum,"architect Running mate: Michael Coachman, human resources executive",2016,Governor,ND,sorum p,0,0,0
,REP,Brent Sanford,Watford City mayor,2016,Governor,ND,sanford b,1,0,0
,REP,Running mate: Michael Coachman,human resources executive,2016,Governor,ND,coachman r,0,0,0
,REP,Rick Becker,state representative,2016,Governor,ND,becker r,2,1,0
,REP,Tom Campbell,state senator,2016,Governor,ND,campbell t,2,0,0
,REP,Kevin Cramer,U.S. representative,2016,Governor,ND,cramer k,4,1,0
,REP,Jack Dalrymple,incumbent governor,2016,Governor,ND,dalrymple j,3,0,0
,REP,Ed Schafer,[ citation needed ] former governor and former United States Secretary of Agriculture,2016,Governor,ND,schafer e,4,0,0
,REP,Kelly Schmidt,North Dakota State Treasurer (running for re-election),2016,Governor,ND,schmidt k,3,0,0
,REP,Drew Wrigley,lieutenant governor,2016,Governor,ND,wrigley d,3,0,0
,DEM,citation needed,] nominee for lieutenant governor in 2012,2016,Governor,ND,needed c,0,0,1
,DEM,Heidi Heitkamp,U.S. senator and nominee for governor in 2000,2016,Governor,ND,heitkamp h,4,0,1
,DEM,Tim Mathern,state senator and nominee for governor in 2008,2016,Governor,ND,mathern t,2,0,1
,DEM,Tracy Potter,"former state senator, nominee for U.S. Senate in 2010 and nominee for superintendent of Public Instruction in 2012",2016,Governor,ND,potter t,2,0,1
,DEM,George B. Sinner,state senator and nominee for North Dakota's at-large congressional district in 2014,2016,Governor,ND,sinner g,2,0,1
,DEM,Ryan Taylor,"USDA Rural Development state director, former state senator, nominee for governor in 2012 and nominee for agriculture commissioner in 2014",2016,Governor,ND,taylor r,2,0,1
,DEM,Sarah Vogel,former North Dakota Agriculture Commissioner and candidate for the North Dakota Supreme Court in 1996,2016,Governor,ND,vogel s,0,0,1
,DEM,Mark Connolly,former New Hampshire Deputy Secretary of State,2016,Governor,NH,connolly m,3,0,0
,DEM,Ian Freeman,radio host,2016,Governor,NH,freeman i,0,0,0
,DEM,Steve Marchand,former mayor of Portsmouth,2016,Governor,NH,marchand s,1,0,0
,DEM,Colin Van Ostern,Executive Councilor,2016,Governor,NH,ostern c,0,0,0
,DEM,Jackie Cilley,"state representative, former state senator and candidate for governor in 2012",2016,Governor,NH,cilley j,2,1,1
,DEM,Dan Feltes,state senator,2016,Governor,NH,feltes d,2,0,0
,DEM,Maggie Hassan,incumbent governor (running for U.S. Senate),2016,Governor,NH,hassan m,3,0,0
,DEM,Andrew Hosmer,state senator,2016,Governor,NH,hosmer a,2,0,0
,DEM,Ann McLane Kuster,U.S. representative (running for re-election),2016,Governor,NH,kuster a,4,1,0
,DEM,running for NH-01,),2016,Governor,NH,nh r,0,0,0
,DEM,Chris Pappas,Executive Councilor,2016,Governor,NH,pappas c,0,0,0
,DEM,Portsmouth,City Councilor and daughter of U.S. senator Jeanne Shaheen,2016,Governor,NH,portsmouth,4,0,0
,DEM,Carol Shea-Porter,former U.S. representative ( running for NH-01 ),2016,Governor,NH,sheaporter c,4,1,0
,DEM,Donna Soucy,state senator,2016,Governor,NH,soucy d,2,0,0
,DEM,Mike Vlacich,campaign manager for Senator Shaheen,2016,Governor,NH,vlacich m,0,0,0
,REP,Frank Edelblut,state representative,2016,Governor,NH,edelblut f,2,1,0
,REP,Jeanie Forrester,state senator,2016,Governor,NH,forrester j,2,0,0
,REP,Ted Gatsas,Mayor of Manchester,2016,Governor,NH,gatsas t,1,0,0
,REP,Chris Sununu,"Executive Councilor , son of former governor John H. Sununu and brother of former U.S. senator John E. Sununu",2016,Governor,NH,sununu c,4,0,0
,REP,Jeb Bradley,Majority Leader of the State Senate and former U.S. representative,2016,Governor,NH,bradley j,4,1,0
,REP,Walt Havenstein,businessman and nominee for governor in 2014,2016,Governor,NH,havenstein w,0,0,1
,REP,Donnalee Lozeau,Mayor of Nashua,2016,Governor,NH,lozeau d,1,0,0
,REP,Chuck Morse,president of the State Senate,2016,Governor,NH,morse c,2,0,0
,REP,Andy Sanborn,state senator,2016,Governor,NH,sanborn a,2,0,0
,REP,Max Abramson,state representative,2016,Governor,NH,abramson m,2,1,0
,IND,Mike Gill,businessman,2016,Governor,NH,gill m,0,0,0
,IND,Jilletta Jarvis,training project manager,2016,Governor,NH,jarvis j,0,0,0
,DEM,Julian Bell,critical care and pulmonary medicine specialist,2016,Governor,OR,bell j,0,0,0
,DEM,Kate Brown,incumbent governor,2016,Governor,OR,brown k,3,0,0
,DEM,Chet Chance,professional driver,2016,Governor,OR,chance c,0,0,0
,DEM,Walmart,employee,2016,Governor,OR,walmart,0,0,0
,DEM,Steve Johnson,health worker,2016,Governor,OR,johnson s,0,0,0
,DEM,Dave Stauffer,environmental engineer,2016,Governor,OR,stauffer d,0,0,0
,DEM,Brad Avakian,State Labor Commissioner (running for secretary of state),2016,Governor,OR,avakian b,0,0,0
,DEM,Tina Kotek,Speaker of the Oregon House of Representatives,2016,Governor,OR,kotek t,2,1,0
,DEM,Ted Wheeler,state treasurer (running for Mayor of Portland ),2016,Governor,OR,wheeler t,3,0,0
,REP,Allen Alley,"former chairman of the Oregon Republican Party , nominee for Oregon State Treasurer in 2008 and candidate for governor in 2010",2016,Governor,OR,alley a,0,0,1
,REP,OR-01,in 2014,2016,Governor,OR,or,0,0,0
,REP,Bud Pierce,physician,2016,Governor,OR,pierce b,0,0,0
,REP,Shane Bemis,Mayor of Gresham,2016,Governor,OR,bemis s,1,0,0
,REP,Knute Buehler,state representative and nominee for secretary of state in 2012,2016,Governor,OR,buehler k,2,1,1
,REP,Lane County,"Commissioner, former mayor of Springfield and candidate for Oregon's 4th congressional district in 2010 (running for secretary of state)",2016,Governor,OR,county l,1,0,1
,REP,Julie Parrish,state representative,2016,Governor,OR,parrish j,2,1,0
,REP,Dennis Richardson,former state representative and nominee for governor in 2014 (running for secretary of state),2016,Governor,OR,richardson d,2,1,1
,REP,Sherrie Sprenger,state representative,2016,Governor,OR,sprenger s,2,1,0
,REP,Monica Wehby,pediatric neurosurgeon and nominee for the U.S. Senate in 2014,2016,Governor,OR,wehby m,0,0,1
,IND,Cliff Thomason,realtor,2016,Governor,OR,thomason c,0,0,0
,IND,Betsy Johnson,Democratic state senator,2016,Governor,OR,johnson b,2,0,0
,DEM,Matt Dunne,"former state senator, Google executive, and candidate for governor in 2010",2016,Governor,VT,dunne m,2,0,1
,DEM,Cris Ericson,perennial candidate (also running for the U.S. Senate),2016,Governor,VT,ericson c,0,0,0
,DEM,Peter W. Galbraith,former state senator and former United States Ambassador to Croatia,2016,Governor,VT,galbraith p,2,0,0
,DEM,Sue Minter,former secretary of the Vermont Agency of Transportation and former state representative,2016,Governor,VT,minter s,2,1,0
,DEM,H. Brooke Paige,"former CEO of Remington News Service, candidate for governor and attorney general in 2014 and Republican candidate for the U.S. Senate in 2012 (also ran for attorney general)",2016,Governor,VT,paige h,0,0,1
,DEM,Shap Smith,Speaker of the Vermont House of Representatives   (running for lieutenant governor),2016,Governor,VT,smith s,2,1,0
,DEM,T.J. Donovan,Chittenden County state's attorney and candidate for Vermont Attorney General in 2012 (running for Vermont attorney general),2016,Governor,VT,donovan t,1,0,1
,DEM,Deborah Markowitz,"secretary of the Vermont Agency of Natural Resources, former secretary of state of Vermont and candidate for governor in 2010",2016,Governor,VT,markowitz d,3,0,1
,DEM,Doug Racine,"former secretary of the Vermont Agency of Human Services, former lieutenant governor , nominee for governor in 2002 and candidate for governor in 2010",2016,Governor,VT,racine d,3,0,1
,DEM,Peter Shumlin,incumbent governor,2016,Governor,VT,shumlin p,3,0,0
,DEM,Peter Welch,U.S. representative and nominee for governor in 1990,2016,Governor,VT,welch p,4,1,1
,REP,Bruce Lisman,retired Wall Street executive,2016,Governor,VT,lisman b,0,0,0
,REP,Phil Scott,lieutenant governor,2016,Governor,VT,scott p,3,0,0
,REP,Randy Brock,"former state senator, former Vermont Auditor of Accounts and nominee for governor in 2012 (running for lieutenant governor)",2016,Governor,VT,brock r,2,0,1
,REP,"Bill ""Spaceman"" Lee",former Major League Baseball pitcher and Rhinoceros Party presidential candidate in 1988,2016,Governor,VT,lee b,0,0,0
,DEM,Jay Inslee,incumbent governor,2016,Governor,WA,inslee j,3,0,0
,REP,Bill Bryant,former Seattle Port Commissioner,2016,Governor,WA,bryant b,0,0,0
,REP,Goodspaceguy,perennial candidate,2016,Governor,WA,goodspaceguy,0,0,0
,REP,Andy Hill,state senator,2016,Governor,WA,hill a,2,0,0
,REP,Steve Litzow,state senator (running for reelection),2016,Governor,WA,litzow s,2,0,0
,REP,Rob McKenna,former Attorney General of Washington and candidate for governor in 2012,2016,Governor,WA,mckenna r,3,0,1
,REP,Dave Reichert,U.S. Representative for Washington's 8th congressional district ( ran for reelection ),2016,Governor,WA,reichert d,4,1,0
,IND,Randy Dorn,State Superintendent of Public Instruction,2016,Governor,WA,dorn r,3,0,0
,DEM,Booth Goodwin,former United States attorney for the Southern District of West Virginia,2016,Governor,WV,goodwin b,0,0,0
,DEM,Jim Justice,coal baron,2016,Governor,WV,justice j,0,0,0
,DEM,Jeff Kessler,"minority leader of the West Virginia Senate , former president of the West Virginia Senate and candidate for governor in 2011",2016,Governor,WV,kessler j,2,0,1
,DEM,Glen Gainer III,West Virginia state auditor and nominee for West Virginia's 1st congressional district in 2014,2016,Governor,WV,gainer g,3,0,1
,DEM,Carte Goodwin,former U.S. senator,2016,Governor,WV,goodwin c,4,0,0
,DEM,Mike Green,former state senator,2016,Governor,WV,green m,2,0,0
,DEM,Walt Helmick,West Virginia Commissioner of Agriculture,2016,Governor,WV,helmick w,3,0,0
,DEM,Joe Manchin,U.S. senator and former governor,2016,Governor,WV,manchin j,4,0,0
,DEM,John Perdue,West Virginia State Treasurer and candidate for governor in 2011,2016,Governor,WV,perdue j,3,0,1
,DEM,Doug Reynolds,state delegate,2016,Governor,WV,reynolds d,2,0,0
,DEM,Doug Skaff,former state delegate,2016,Governor,WV,skaff d,2,0,0
,DEM,Natalie Tennant,"West Virginia Secretary of State , candidate for governor in 2011 and nominee for the U.S. Senate in 2014 (running for re-election)",2016,Governor,WV,tennant n,3,0,1
,DEM,Rick Thompson,"West Virginia Secretary of Veterans Assistance, former speaker of the West Virginia House of Delegates and candidate for governor in 2011",2016,Governor,WV,thompson r,2,0,1
,REP,Bill Cole,president of the West Virginia Senate,2016,Governor,WV,cole b,2,0,0
,REP,Pineville,in 2014,2016,Governor,WV,pineville,0,0,0
,REP,Bramwell,police chief and Democratic candidate for House of Delegates in 2012,2016,Governor,WV,bramwell,0,0,1
,REP,Evan Jenkins,U.S. representative,2016,Governor,WV,jenkins e,4,1,0
,REP,David McKinley,U.S. representative and candidate for governor in 1996 (running for re-election),2016,Governor,WV,mckinley d,4,1,1
,REP,Patrick Morrisey,attorney general of West Virginia (running for re-election),2016,Governor,WV,morrisey p,3,0,0
,REP,Mary Lou Retton,Olympic gymnast,2016,Governor,WV,retton m,0,0,0
,REP,Erikka Storch,state delegate,2016,Governor,WV,storch e,2,0,0
,REP,Charlotte Pritt,"former Democratic state delegate, former Democratic state senator, write-in candidate for governor in 1992 and Democratic nominee for governor in 1996",2016,Governor,WV,pritt c,2,0,1
,REP,David Moran,retired engineer and farmer,2016,Governor,WV,moran d,0,0,0
,DEM,Mark Begich,"(Democratic), former U.S. senator",2018,Governor,AK,begich m,4,0,0
,DEM,Debra Call (Democratic),Cook Inlet Tribal Council Board of Directors representative,2018,Governor,AK,democratic d,0,1,0
,DEM,Edgar Blatchford,"(Democratic), former mayor of Seward",2018,Governor,AK,blatchford e,1,0,0
,REP,Mike Chenault,state representative and former Speaker of the Alaska House of Representatives,2018,Governor,AK,chenault m,2,1,0
,REP,Scott Hawkins,businessman,2018,Governor,AK,hawkins s,0,0,0
,REP,Robert Gillam,businessman,2018,Governor,AK,gillam r,0,0,0
,REP,Loren Leman,former lieutenant governor,2018,Governor,AK,leman l,3,0,0
,REP,Anna MacKinnon,state senator  (endorsed Mike Dunleavy),2018,Governor,AK,mackinnon a,2,0,0
,REP,Peter Micciche,state senator (running for re-election to state senate),2018,Governor,AK,micciche p,2,0,0
,REP,Joe Miller,former magistrate judge and perennial candidate,2018,Governor,AK,miller j,1,0,0
,REP,Frank Murkowski,former governor of Alaska and U.S. Senator,2018,Governor,AK,murkowski f,4,0,0
,REP,Sean Parnell,former governor of Alaska  (endorsed Mike Dunleavy),2018,Governor,AK,parnell s,3,0,0
,REP,Ben Stevens,"former president of the Alaska State Senate, son of former president pro tempore of the U.S. Senate, Solicitor of the Interior Department & U.S. Attorney Ted Stevens",2018,Governor,AK,stevens b,4,0,0
,REP,Dan Sullivan,former mayor of Anchorage and nominee for lieutenant governor in 2014   (endorsed Mike Dunleavy),2018,Governor,AK,sullivan d,1,0,1
,REP,Bill Walker,incumbent Independent governor (running for re-election as an Independent),2018,Governor,AK,walker b,3,0,0
,REP,Lynn Gattis,former state representative and candidate for the state senate in 2016,2018,Governor,AK,gattis l,2,1,1
,REP,Sharon Jackson,activist and former congressional staffer,2018,Governor,AK,jackson s,0,0,0
,REP,Kevin Meyer,state senator and former president of the Alaska Senate,2018,Governor,AK,meyer k,2,0,0
,REP,Gary Stevens,state senator,2018,Governor,AK,stevens g,2,0,0
,REP,Stephen Wright,Air Force veteran,2018,Governor,AK,wright s,0,0,0
,REP,Ketchikan Gateway Borough,Assemblyman,2018,Governor,AK,borough k,0,0,0
,REP,David Wilson,state senator,2018,Governor,AK,wilson d,2,0,0
,REP,Tommy Battle,mayor of Huntsville,2018,Governor,AL,battle t,1,0,0
,REP,Scott Dawson,evangelist,2018,Governor,AL,dawson s,0,0,0
,REP,Bill Hightower,state senator,2018,Governor,AL,hightower b,2,0,0
,REP,Kay Ivey,incumbent governor,2018,Governor,AL,ivey k,3,0,0
,REP,prison officer,(died April 2018),2018,Governor,AL,officer p,0,0,0
,REP,Slade Blackwell,state senator,2018,Governor,AL,blackwell s,2,0,0
,REP,Jefferson County,Commissioner,2018,Governor,AL,county j,0,0,0
,REP,Twinkle Cavanaugh,president of the Public Service Commission ( running for lieutenant governor ),2018,Governor,AL,cavanaugh t,0,0,0
,REP,Morgan County,Commissioner and candidate for governor in 2014,2018,Governor,AL,county m,0,0,1
,REP,Josh Jones,businessman,2018,Governor,AL,jones j,0,0,0
,REP,John McMillan,Alabama Commissioner of Agriculture and Industries   (running for state treasurer),2018,Governor,AL,mcmillan j,3,0,0
,REP,Rick Burgess,radio host,2018,Governor,AL,burgess r,0,0,0
,REP,"Bill ""Bubba"" Bussey",radio host,2018,Governor,AL,bussey b,0,0,0
,REP,Bradley Byrne,U.S. Representative and candidate for governor in 2010   (running for reelection),2018,Governor,AL,byrne b,4,1,1
,REP,Alabama State Board of Education,(running for the state senate after initially running for lieutenant governor ),2018,Governor,AL,education a,0,0,0
,REP,Del Marsh,president pro tempore of the Alabama Senate  (running for reelection),2018,Governor,AL,marsh d,2,0,0
,REP,Arthur Orr,state senator   (running for reelection),2018,Governor,AL,orr a,2,0,0
,REP,Trip Pittman,state senator and candidate for the U.S. Senate in 2017,2018,Governor,AL,pittman t,2,0,1
,REP,Greg Reed,Majority Leader of the Alabama Senate   (running for reelection),2018,Governor,AL,reed g,2,0,0
,REP,Luther Strange,former U.S. senator and former attorney general of Alabama,2018,Governor,AL,strange l,4,0,0
,REP,Tommy Tuberville,former Auburn University football coach,2018,Governor,AL,tuberville t,0,0,0
,REP,Cam Ward,state senator   (running for reelection),2018,Governor,AL,ward c,2,0,0
,REP,Jim Zeigler,State Auditor of Alabama   (running for reelection),2018,Governor,AL,zeigler j,3,0,0
,DEM,Sue Bell Cobb,former Chief Justice of the Alabama Supreme Court,2018,Governor,AL,cobb s,0,0,0
,DEM,Christopher A. Countryman,"equality activist, former juvenile corrections officer and former pastor",2018,Governor,AL,countryman c,0,0,0
,DEM,James C. Fields,former state representative and nominee for lieutenant governor in 2014,2018,Governor,AL,fields j,2,1,1
,DEM,Walt Maddox,mayor of Tuscaloosa,2018,Governor,AL,maddox w,1,0,0
,DEM,Anthony White,ordained minister,2018,Governor,AL,white a,0,0,0
,DEM,truck driver,and former pastor,2018,Governor,AL,driver t,0,0,0
,DEM,Doug Jones,U.S. senator,2018,Governor,AL,jones d,4,0,0
,DEM,Terri Sewell,U.S. representative for Alabama's 7th Congressional District,2018,Governor,AL,sewell t,4,1,0
,IND,Tony Hewitt Jr.,police officer,2018,Governor,AL,hewitt t,0,0,0
,IND,Jefferson County,Commission in 2010,2018,Governor,AL,county j,0,0,0
,IND,Mark Johnston,"pastor, businessman and summer camp executive director",2018,Governor,AL,johnston m,0,0,0
,REP,Asa Hutchinson,incumbent governor,2018,Governor,AR,hutchinson a,3,0,0
,REP,gun range,owner,2018,Governor,AR,range g,0,0,0
,REP,Tim Griffin,lieutenant governor and former U.S. representative ( running for re-election ),2018,Governor,AR,griffin t,4,1,0
,REP,Leslie Rutledge,attorney general ( running for re-election ),2018,Governor,AR,rutledge l,3,0,0
,REP,John Thurston,land commissioner ( running for Secretary of State ),2018,Governor,AR,thurston j,0,0,0
,DEM,Leticia Sanders,hairdresser,2018,Governor,AR,sanders l,0,0,0
,DEM,Keith Ingram,Minority Leader of the Arkansas Senate,2018,Governor,AR,ingram k,2,0,0
,DEM,"Helena-West Helena, Arkansas","former Majority Whip of the Arkansas Senate , former Democratic candidate in 1996 United States Senate election in Arkansas",2018,Governor,AR,arkansas h,4,0,0
,IND,Bobby Bones,radio host,2018,Governor,AR,bones b,0,0,0
,IND,Libertarian,"), pastor and nominee for AR-01 in 2016",2018,Governor,AR,libertarian,0,0,1
,REP,Doug Ducey,incumbent governor,2018,Governor,AZ,ducey d,3,0,0
,DEM,David Garcia,Arizona State University professor and nominee for Superintendent of Public Instruction in 2014,2018,Governor,AZ,garcia d,0,0,1
,DEM,Terry Goddard,former Arizona Attorney General and nominee for governor in 2010 and 1990,2018,Governor,AZ,goddard t,3,0,1
,DEM,Kyrsten Sinema,U.S. Representative from Arizona's 9th congressional district ( ran for U.S. Senate ),2018,Governor,AZ,sinema k,4,1,0
,DEM,Greg Stanton,Mayor of Phoenix ( ran for U.S. House ),2018,Governor,AZ,stanton g,1,0,0
,DEM,Jeff Funicello,activist,2018,Governor,AZ,funicello j,0,0,0
,IND,Noah Dyer,"author, businessman and educator",2018,Governor,AZ,dyer n,0,0,0
,IND,Christian R. Komor,"author, psychologist, climate scientist",2018,Governor,AZ,komor c,0,0,0
,DEM,Jared Polis,U.S. Representative,2018,Governor,CO,polis j,4,1,0
,DEM,Noel Ginsburg,businessman,2018,Governor,CO,ginsburg n,0,0,0
,DEM,Ed Perlmutter,U.S. Representative (ran for reelection),2018,Governor,CO,perlmutter e,4,1,0
,DEM,Joseph Garcia,former lieutenant governor,2018,Governor,CO,garcia j,3,0,0
,DEM,Steve Lebsock,"State Representative (was running for State Treasurer before switching to the Republican Party, thus disqualifying him from the Democratic Primary)",2018,Governor,CO,lebsock s,2,1,0
,DEM,Michael Merrifield,State Senator,2018,Governor,CO,merrifield m,2,0,0
,DEM,Joe Neguse,former executive director of the Colorado Department of Regulatory Agencies and nominee for secretary of state in 2014 ( ran for CO-02 ),2018,Governor,CO,neguse j,0,0,1
,DEM,Joe Salazar,State Representative ( ran for Attorney General ),2018,Governor,CO,salazar j,2,1,0
,DEM,Ken Salazar,former U.S. senator and former United States Secretary of the Interior,2018,Governor,CO,salazar k,4,0,0
,REP,Walker Stapleton,Colorado State Treasurer,2018,Governor,CO,stapleton w,3,0,0
,REP,George Brauchler,District Attorney for Colorado's 18th Judicial District (ran for attorney general),2018,Governor,CO,brauchler g,1,0,0
,REP,Jim Rundberg,businessman,2018,Governor,CO,rundberg j,0,0,0
,REP,JoAnne Silva,retired banker,2018,Governor,CO,silva j,0,0,0
,REP,Tom Tancredo,"former U.S. Representative, candidate for governor in 2014 , Constitution Party nominee for governor in 2010 , and candidate for President of the United States in 2008",2018,Governor,CO,tancredo t,4,1,1
,REP,John Elway,general manager of the Denver Broncos and retired NFL player,2018,Governor,CO,elway j,0,0,0
,REP,Owen Hill,state senator and candidate for the U.S. Senate in 2014 ( ran for CO-05 ),2018,Governor,CO,hill o,2,0,1
,REP,Colorado Republican Party,and candidate for governor in 2014,2018,Governor,CO,party c,0,0,1
,REP,Brian Watson,businessman and candidate for the State House in 2012 ( ran for State Treasurer ),2018,Governor,CO,watson b,0,0,1
,IND,Independent,"), perennial candidate",2018,Governor,CO,independent,0,0,0
,DEM,Ned Lamont,"former Greenwich selectman, nominee for the U.S. Senate in 2006 and candidate for governor of Connecticut in 2010   (endorsed by the state party )",2018,Governor,CT,lamont n,1,0,1
,DEM,Susan Bysiewicz,Secretary of the State of Connecticut from 1999 to 2011 and candidate for the U.S. Senate in 2012 (running for lieutenant governor of Connecticut; endorsed Lamont),2018,Governor,CT,bysiewicz s,0,0,1
,DEM,Sean Connolly,former state commissioner for Veterans' Affairs (endorsed Lamont),2018,Governor,CT,connolly s,0,0,0
,DEM,Dan Drew,mayor of Middletown,2018,Governor,CT,drew d,1,0,0
,DEM,Jonathan Harris,former mayor of West Hartford and former Connecticut state senator (endorsed Lamont),2018,Governor,CT,harris j,2,0,0
,DEM,Guy L. Smith,businessman,2018,Governor,CT,smith g,0,0,0
,DEM,Democratic Party of Connecticut,(ran for Treasurer of Connecticut),2018,Governor,CT,connecticut d,0,0,0
,DEM,Luke Bronin,mayor of Hartford since 2015,2018,Governor,CT,bronin l,1,0,0
,DEM,Joe Courtney,U.S. representative since 2007 (ran for reelection),2018,Governor,CT,courtney j,4,1,0
,DEM,Elizabeth Esty,U.S. representative since 2013 (retiring),2018,Governor,CT,esty e,4,1,0
,DEM,Toni Harp,Mayor of New Haven since 2013 (endorsed Lamont),2018,Governor,CT,harp t,1,0,0
,DEM,Jim Himes,U.S. representative since 2009 (ran for reelection),2018,Governor,CT,himes j,4,1,0
,DEM,George Jepsen,Attorney General of Connecticut since 2011 (retired),2018,Governor,CT,jepsen g,3,0,0
,DEM,Edward M. Kennedy Jr.,state senator and member of the Kennedy family (retired),2018,Governor,CT,kennedy e,2,0,0
,DEM,John Larson,U.S. representative since 1999 (ran for reelection; endorsed Lamont),2018,Governor,CT,larson j,4,1,0
,DEM,Kevin Lembo,State Comptroller of Connecticut since 2011 (ran for reelection),2018,Governor,CT,lembo k,3,0,0
,DEM,Martin Looney,"state senator, president pro tempore of the Connecticut Senate",2018,Governor,CT,looney m,2,0,0
,DEM,Dan Malloy,governor of Connecticut since 2011 (retired),2018,Governor,CT,malloy d,3,0,0
,DEM,Ridgefield,first selectman,2018,Governor,CT,ridgefield,1,0,0
,DEM,Chris Mattei,attorney and former federal prosecutor (ran for attorney general),2018,Governor,CT,mattei c,0,0,0
,DEM,Nancy Wyman,lieutenant governor of Connecticut since 2011 (retired),2018,Governor,CT,wyman n,3,0,0
,DEM,Liz Linehan,state representative,2018,Governor,CT,linehan l,2,1,0
,DEM,Greenwich,selectman,2018,Governor,CT,greenwich,1,0,0
,DEM,Charlie Stallworth,state representative,2018,Governor,CT,stallworth c,2,1,0
,REP,Bob Stefanowski,financial executive,2018,Governor,CT,stefanowski b,0,0,0
,REP,Erin Stewart,mayor of New Britain (ran for lieutenant governor ),2018,Governor,CT,stewart e,1,0,0
,REP,Peter Thalheim,attorney and builder,2018,Governor,CT,thalheim p,0,0,0
,REP,West Hartford,councilman and independent candidate for governor in 2014 (ran for U.S. Senate ),2018,Governor,CT,hartford w,0,0,1
,REP,Toni Boucher,state senator,2018,Governor,CT,boucher t,2,0,0
,REP,Len Fasano,"state senator, president pro tempore of the Connecticut Senate",2018,Governor,CT,fasano l,2,0,0
,REP,Tom Foley,former U.S. Ambassador to Ireland and nominee for governor in 2010 and 2014,2018,Governor,CT,foley t,0,0,1
,REP,Tony Hwang,state senator,2018,Governor,CT,hwang t,2,0,0
,REP,Rob Kane,Auditor of Public Accounts and former state senator,2018,Governor,CT,kane r,2,0,0
,REP,Themis Klarides,Minority Leader of the Connecticut House of Representatives,2018,Governor,CT,klarides t,2,1,0
,REP,Joe Markley,state senator (running for lieutenant governor ),2018,Governor,CT,markley j,2,0,0
,REP,John P. McKinney,former state senator and candidate for governor in 2014,2018,Governor,CT,mckinney j,2,0,1
,REP,Ann Brookes,attorney,2018,Governor,CT,brookes a,0,0,0
,REP,Peter Tesei,Greenwich first selectman,2018,Governor,CT,tesei p,1,0,0
,IND,Oz Griebel,"businessman and Republican candidate for governor in 2010  Running mate: Monte Frank, former president of the Connecticut Bar Association .",2018,Governor,CT,griebel o,0,0,1
,IND,Connecticut Bar Association,.,2018,Governor,CT,association c,0,0,0
,IND,Joe Scarborough,television personality and former Republican U.S. representative from Florida,2018,Governor,CT,scarborough j,4,1,0
,IND,Coventry,town councilman and Army veteran,2018,Governor,CT,coventry,0,0,0
,REP,Ron DeSantis,U.S. representative from the 6th district and Iraq War veteran,2018,Governor,FL,desantis r,4,1,0
,REP,Frederick Buntin,incarcerated felon,2018,Governor,FL,buntin f,0,0,0
,REP,Usha Jain,medical director,2018,Governor,FL,jain u,0,0,0
,REP,Jack Latvala,former Florida state senator,2018,Governor,FL,latvala j,2,0,0
,REP,Armando Adames Rivas,banker,2018,Governor,FL,rivas a,0,0,0
,REP,Angel Rivera,"businessman, political strategist",2018,Governor,FL,rivera a,0,0,0
,REP,Jeff Atwater,former chief financial officer of Florida,2018,Governor,FL,atwater j,0,0,0
,REP,Pam Bondi,Florida Attorney General   ( endorsed Putnam ),2018,Governor,FL,bondi p,3,0,0
,REP,Richard Corcoran,Speaker of the Florida House of Representatives  ( endorsed Putnam ),2018,Governor,FL,corcoran r,2,1,0
,REP,John Delaney,former mayor of Jacksonville,2018,Governor,FL,delaney j,1,0,0
,REP,Mike Huckabee,former governor of Arkansas and candidate for president in 2008 and in 2016,2018,Governor,FL,huckabee m,3,0,1
,REP,Francis Rooney,U.S. representative,2018,Governor,FL,rooney f,4,1,0
,REP,Marco Rubio,U.S. senator from Florida and candidate for president in 2016,2018,Governor,FL,rubio m,4,0,1
,REP,Will Weatherford,former speaker of the Florida House of Representatives,2018,Governor,FL,weatherford w,2,1,0
,DEM,Andrew Gillum,mayor of Tallahassee,2018,Governor,FL,gillum a,1,0,0
,DEM,Henry E. Davis,judge,2018,Governor,FL,davis h,1,0,0
,DEM,U.S. representative,in 2016 and candidate for governor in 2006,2018,Governor,FL,representative u,0,0,1
,DEM,Lucretia Fordyce,activist,2018,Governor,FL,fordyce l,0,0,0
,DEM,Brooke Russell Locke Marx,notary,2018,Governor,FL,marx b,0,0,0
,DEM,Louis McClanahan,plant operator,2018,Governor,FL,mcclanahan l,0,0,0
,DEM,Bob Buckhorn,mayor of Tampa,2018,Governor,FL,buckhorn b,1,0,0
,DEM,Kathy Castor,U.S. representative ( ran for reelection ),2018,Governor,FL,castor k,4,1,0
,DEM,Charlie Crist,"U.S. representative , former governor of Florida , and nominee for governor in 2014 ( ran for reelection )",2018,Governor,FL,crist c,4,1,1
,DEM,Buddy Dyer,mayor of Orlando,2018,Governor,FL,dyer b,1,0,0
,DEM,Rick Kriseman,mayor of St. Petersburg,2018,Governor,FL,kriseman r,1,0,0
,DEM,John Morgan,lawyer and medical marijuana advocate,2018,Governor,FL,morgan j,0,0,0
,DEM,Patrick Murphy,former U.S. representative and nominee for the U.S. Senate in 2016,2018,Governor,FL,murphy p,4,1,1
,DEM,Bill Nelson,U.S. senator ( ran for reelection ),2018,Governor,FL,nelson b,4,0,0
,DEM,Jeremy Ring,former Florida state senator ( ran for CFO ),2018,Governor,FL,ring j,2,0,0
,DEM,Jack Seiler,mayor of Fort Lauderdale,2018,Governor,FL,seiler j,1,0,0
,IND,president,in 2012,2018,Governor,FL,president,0,0,0
,IND,Afro-Cuban,activist (running for state representative ),2018,Governor,FL,afrocuban,0,1,0
,IND,Lake County,"School Board, candidate for state representative in 2004, and candidate for mayor of Mount Dora in 2013",2018,Governor,FL,county l,1,1,1
,IND,Ryan Christopher Foley,former emergency medical technician,2018,Governor,FL,foley r,0,0,0
,IND,"Kyle ""KC"" Gibson",pastor,2018,Governor,FL,gibson k,0,0,0
,IND,Bruce Stanley,environmental activist,2018,Governor,FL,stanley b,0,0,0
,IND,Grant Hill,former professional basketball player,2018,Governor,FL,hill g,0,0,0
,IND,John Morgan,lawyer and medical marijuana advocate,2018,Governor,FL,morgan j,0,0,0
,IND,Ellen Marie Wilds,"JPO supervisor (became Kyle ""KC"" Gibson's running mate)",2018,Governor,FL,wilds e,0,0,0
,REP,Brian Kemp,Secretary of State of Georgia and candidate for Agriculture Commissioner in 2006,2018,Governor,GA,kemp b,3,0,1
,REP,president of the United States,in 2016,2018,Governor,GA,states p,0,0,0
,REP,Nick Ayers,political strategist and chief of staff to U.S. Vice President Mike Pence,2018,Governor,GA,ayers n,0,0,0
,REP,Burt Jones,state senator,2018,Governor,GA,jones b,2,0,0
,REP,running for Secretary of State,),2018,Governor,GA,state r,0,0,0
,REP,David Perdue,U.S. Senator,2018,Governor,GA,perdue d,4,0,0
,REP,Sonny Perdue,United States Secretary of Agriculture and former governor,2018,Governor,GA,perdue s,4,0,0
,REP,Tom Price,former United States Secretary of Health and Human Services and former U.S. Representative,2018,Governor,GA,price t,4,1,0
,REP,David Ralston,Speaker of the Georgia House of Representatives,2018,Governor,GA,ralston d,2,1,0
,REP,Lynn Westmoreland,former U.S. Representative,2018,Governor,GA,westmoreland l,4,1,0
,DEM,Stacey Abrams,former state representative and former Minority Leader of the Georgia House of Representatives,2018,Governor,GA,abrams s,2,1,0
,DEM,John Barrow,former U.S. Representative ( running for Secretary of State ),2018,Governor,GA,barrow j,4,1,0
,DEM,Jason Carter,"former state senator, nominee for governor in 2014 and grandson of former President Jimmy Carter",2018,Governor,GA,carter j,2,0,1
,DEM,Kasim Reed,former mayor of Atlanta,2018,Governor,GA,reed k,1,0,0
,DEM,Teresa Tomlinson,Mayor of Columbus,2018,Governor,GA,tomlinson t,1,0,0
,DEM,Sally Yates,former U.S. Deputy Attorney General,2018,Governor,GA,yates s,3,0,0
,DEM,Ernest Caravalho,"Democratic Party of Hawaii chair, House District 29",2018,Governor,HI,caravalho e,0,0,0
,DEM,Colleen Hanabusa,U.S. representative and candidate for the U.S. Senate in 2014,2018,Governor,HI,hanabusa c,4,1,1
,DEM,David Ige,incumbent governor,2018,Governor,HI,ige d,3,0,0
,DEM,Clayton Hee,former state senator and candidate for lieutenant governor in 2014,2018,Governor,HI,hee c,2,0,1
,DEM,Bernard Carvalho,mayor of Kauaʻi County,2018,Governor,HI,carvalho b,1,0,0
,DEM,Will Espero,State Senate vice president and candidate for HI-01 in 2014,2018,Governor,HI,espero w,2,0,1
,DEM,Josh Green,state senator,2018,Governor,HI,green j,2,0,0
,DEM,Kim Coco Iwamoto,former state board of education member,2018,Governor,HI,iwamoto k,0,0,0
,DEM,Jill Tokuda,state senator,2018,Governor,HI,tokuda j,2,0,0
,DEM,Alan Arakawa,mayor of Maui County  (running for Maui County Council),2018,Governor,HI,arakawa a,1,0,0
,REP,John Carroll,"former state representative, and former state senator",2018,Governor,HI,carroll j,2,1,0
,REP,Ray L'Heureux,"president and chairman of the Education Institute of Hawaii, former assistant superintendent, and retired U.S. Marine colonel",2018,Governor,HI,lheureux r,0,0,0
,REP,Andria Tupola,Minority Leader of the Hawaii House of Representatives,2018,Governor,HI,tupola a,2,1,0
,REP,Bob McDermott,state representative and nominee for HI-02 in 2002,2018,Governor,HI,mcdermott b,2,1,1
,REP,Kim Reynolds,incumbent governor of Iowa,2018,Governor,IA,reynolds k,3,0,0
,REP,Ron Corbett,mayor of Cedar Rapids,2018,Governor,IA,corbett r,1,0,0
,REP,Terry Branstad,United States Ambassador to China and former governor,2018,Governor,IA,branstad t,3,0,0
,REP,Steve King,U.S. representative,2018,Governor,IA,king s,4,1,0
,REP,Bill Northey,U.S. Under Secretary of Agriculture for Farm and Foreign Agricultural Services and former Secretary of Agriculture of Iowa,2018,Governor,IA,northey b,0,0,0
,REP,Bob Vander Plaats,"president and CEO of The Family Leader , candidate for governor of Iowa in 2002 , 2006 and 2010 and nominee for lieutenant governor of Iowa in 2006",2018,Governor,IA,plaats b,0,0,1
,DEM,Fred Hubbell,businessman,2018,Governor,IA,hubbell f,0,0,0
,DEM,Nate Boulton,state senator,2018,Governor,IA,boulton n,2,0,0
,DEM,Polk County,Conservation Board and former director of the Iowa Department of Natural Resources,2018,Governor,IA,county p,0,0,0
,DEM,Davenport,alderman,2018,Governor,IA,davenport,1,0,0
,DEM,Des Moines,School Board and nominee for State Auditor in 2014,2018,Governor,IA,moines d,1,0,1
,DEM,Todd Prichard,state representative,2018,Governor,IA,prichard t,2,1,0
,DEM,Chaz Allen,state senator,2018,Governor,IA,allen c,2,0,0
,DEM,Joe Bolkcom,state senator,2018,Governor,IA,bolkcom j,2,0,0
,DEM,Johnson County,Supervisor,2018,Governor,IA,county j,0,0,0
,DEM,Jeff Danielson,state senator,2018,Governor,IA,danielson j,2,0,0
,DEM,Michael Gronstal,former Majority Leader of the Iowa Senate,2018,Governor,IA,gronstal m,2,0,0
,DEM,Chris Hall,state representative,2018,Governor,IA,hall c,2,1,0
,DEM,Rita Hart,state senator (nominee for lieutenant governor),2018,Governor,IA,hart r,2,0,1
,DEM,Jack Hatch,former state senator and nominee for governor of Iowa in 2014,2018,Governor,IA,hatch j,2,0,1
,DEM,Rob Hogg,Minority Leader of the Iowa Senate and candidate for the U.S. Senate in 2016,2018,Governor,IA,hogg r,2,0,1
,DEM,Pam Jochum,state senator,2018,Governor,IA,jochum p,2,0,0
,DEM,Dave Loebsack,U.S. representative,2018,Governor,IA,loebsack d,4,1,0
,DEM,Liz Mathis,state senator,2018,Governor,IA,mathis l,2,0,0
,DEM,Jim Mowrer,nominee for IA-04 in 2014 and IA-03 in 2016 (ran for the nomination for Secretary of State),2018,Governor,IA,mowrer j,0,0,1
,DEM,Tyler Olson,"former state representative, former chairman of the Iowa Democratic Party and candidate for governor of Iowa in 2014",2018,Governor,IA,olson t,2,1,1
,DEM,Janet Petersen,state senator,2018,Governor,IA,petersen j,2,0,0
,DEM,Steve Sodders,former state senator,2018,Governor,IA,sodders s,2,0,0
,DEM,Tom Vilsack,former United States Secretary of Agriculture and former governor of Iowa,2018,Governor,IA,vilsack t,4,0,0
,DEM,Jake Porter,business consultant,2018,Governor,IA,porter j,0,0,0
,DEM,Marco Battaglia,musician,2018,Governor,IA,battaglia m,0,0,0
,IND,Gary Siegwarth,fisheries biologist,2018,Governor,IA,siegwarth g,0,0,0
,IND,Brent Roske,director and candidate for CA-33 in 2014,2018,Governor,IA,roske b,0,0,1
,REP,Tommy Ahlquist,businessman and former emergency physician,2018,Governor,ID,ahlquist t,0,0,0
,REP,Raúl Labrador,incumbent U.S. representative from Idaho's 1st congressional district,2018,Governor,ID,labrador r,4,1,0
,REP,Brad Little,lieutenant governor of Idaho,2018,Governor,ID,little b,3,0,0
,REP,Constitution,nominee for governor in 2014 and future convicted murderer,2018,Governor,ID,constitution,0,0,1
,REP,Russ Fulcher,former state senator and candidate for governor in 2014  ( ran for U.S. House ),2018,Governor,ID,fulcher r,2,0,1
,REP,Troy Minton,activist (running as a Democrat),2018,Governor,ID,minton t,0,0,0
,REP,Butch Otter,incumbent governor,2018,Governor,ID,otter b,3,0,0
,REP,Lori Otter,First Lady of Idaho,2018,Governor,ID,otter l,0,0,0
,REP,Lawrence Wasden,Idaho Attorney General ( ran for re-election ),2018,Governor,ID,wasden l,3,0,0
,DEM,Boise School District,board of trustees and nominee for governor in 2014,2018,Governor,ID,district b,0,0,1
,DEM,Peter Dill,organic farmer and business attorney,2018,Governor,ID,dill p,0,0,0
,DEM,Paulette Jordan,former state representative,2018,Governor,ID,jordan p,2,1,0
,DEM,Michelle Stennett,minority leader of the Idaho Senate,2018,Governor,ID,stennett m,2,0,0
,REP,Bruce Rauner,"incumbent governor  Running mate: Evelyn Sanguinetti , incumbent lieutenant governor",2018,Governor,IL,rauner b,3,0,0
,REP,Evelyn Sanguinetti,incumbent lieutenant governor,2018,Governor,IL,sanguinetti e,3,0,0
,REP,perennial candidate,"(running as an independent)   Running mate: Brian Leggero , candidate for mayor of Rockford in 2017  Former running mate: Ray Tranchant , immigration activist",2018,Governor,IL,candidate p,0,0,1
,REP,Brian Leggero,candidate for mayor of Rockford in 2017,2018,Governor,IL,leggero b,0,0,1
,REP,Ray Tranchant,immigration activist,2018,Governor,IL,tranchant r,0,0,0
,DEM,JB Pritzker,venture capitalist and candidate for Illinois's 9th congressional district in 1998,2018,Governor,IL,pritzker j,0,0,1
,DEM,Juliana Stratton,state representative,2018,Governor,IL,stratton j,2,1,0
,DEM,Scott Drury,state representative (running for attorney general  ),2018,Governor,IL,drury s,2,1,0
,DEM,Running mate: Alex Hirsch,political operative,2018,Governor,IL,hirsch r,0,0,0
,DEM,Alex Paterakis,civil engineer and business owner,2018,Governor,IL,paterakis a,0,0,0
,DEM,Ameya Pawar,Chicago Alderman,2018,Governor,IL,pawar a,1,0,0
,DEM,Cheri Bustos,U.S. representative,2018,Governor,IL,bustos c,4,1,0
,DEM,Arne Duncan,former United States Secretary of Education,2018,Governor,IL,duncan a,4,0,0
,DEM,Dick Durbin,U.S. senator,2018,Governor,IL,durbin d,4,0,0
,DEM,Mike Frerichs,Illinois Treasurer,2018,Governor,IL,frerichs m,0,0,0
,DEM,Valerie Jarrett,former Senior Advisor to the President,2018,Governor,IL,jarrett v,0,0,0
,DEM,Robin Kelly,U.S. representative,2018,Governor,IL,kelly r,4,1,0
,DEM,Lisa Madigan,Illinois Attorney General,2018,Governor,IL,madigan l,3,0,0
,DEM,Andy Manar,state senator,2018,Governor,IL,manar a,2,0,0
,DEM,Barack Obama,former president of the United States and U.S. senator,2018,Governor,IL,obama b,4,0,0
,DEM,Michelle Obama,former First Lady of the United States,2018,Governor,IL,obama m,0,0,0
,DEM,Penny Pritzker,former United States Secretary of Commerce,2018,Governor,IL,pritzker p,4,0,0
,DEM,Pat Quinn,former governor of Illinois ( ran for Attorney General ),2018,Governor,IL,quinn p,3,0,0
,DEM,Heather Steans,state senator,2018,Governor,IL,steans h,2,0,0
,DEM,Kurt Summers,Chicago city treasurer,2018,Governor,IL,summers k,0,0,0
,IND,Sam McCann,"state senator  Running mate: Aaron Merreighn, activist and United States Marine Corps veteran",2018,Governor,IL,mccann s,2,0,0
,IND,United States Marine Corps,veteran,2018,Governor,IL,corps u,0,0,0
,IND,Kash Jackson,Navy veteran and activist    Running mate: Sanj Mohip,2018,Governor,IL,jackson k,0,0,0
,IND,perennial candidate,"(subsequently ran on Constitution Party ticket, then withdrew)   Running mate: Brian Leggero, candidate for mayor of Rockford in 2017",2018,Governor,IL,candidate p,0,0,1
,IND,Rockford,in 2017,2018,Governor,IL,rockford,0,0,0
,REP,Kris Kobach,"Secretary of State of Kansas and nominee for KS-03 in 2004  Running mate: Wink Hartman , businessman and candidate for KS-04 in 2010",2018,Governor,KS,kobach k,3,0,1
,REP,Wink Hartman,businessman and candidate for KS-04 in 2010,2018,Governor,KS,hartman w,0,0,1
,DEM,Laura Kelly,"state senator  Running mate: Lynn Rogers , state senator",2018,Governor,KS,kelly l,2,0,0
,DEM,Lynn Rogers,state senator,2018,Governor,KS,rogers l,2,0,0
,DEM,Jim Ward,minority leader of the Kansas House of Representatives,2018,Governor,KS,ward j,2,1,0
,DEM,Paul Davis,former minority leader of the Kansas House of Representatives and nominee for governor in 2014 (running for KS-02 ),2018,Governor,KS,davis p,2,1,1
,IND,Rick Kloos,"Running mate: Nathaniel Kloos, son of Rick Kloos",2018,Governor,KS,kloos r,0,0,0
,IND,Greg Orman,"businessman and candidate for the U.S. Senate in 2014   Running mate: John Doll , state senator",2018,Governor,KS,orman g,2,0,1
,IND,John Doll,state senator,2018,Governor,KS,doll j,2,0,0
,IND,Aaron Coleman,college student,2018,Governor,KS,coleman a,0,0,0
,IND,Ilan Cohen,high school student from Maryland,2018,Governor,KS,cohen i,0,0,0
,IND,Max Correa,college student from North Carolina,2018,Governor,KS,correa m,0,0,0
,IND,Joe Larry Hunter,former inmate,2018,Governor,KS,hunter j,0,0,0
,IND,Andy Maskin,"New York City Advertiser    Running mate: Scott Goodwin, Connecticut Advertiser",2018,Governor,KS,maskin a,0,0,0
,IND,Victor Redko,McGill University student,2018,Governor,KS,redko v,0,0,0
,IND,Jared Rogers,University of Pennsylvania student,2018,Governor,KS,rogers j,0,0,0
,IND,Nicholas Schrieber,"college student from Delaware  Running mate: Matthew Ueckermann, college student from Maryland",2018,Governor,KS,schrieber n,0,0,0
,IND,Conner Shelton,college student from Pennsylvania,2018,Governor,KS,shelton c,0,0,0
,IND,Running mate: Scott Goodwin,Connecticut Advertiser,2018,Governor,KS,goodwin r,0,0,0
,IND,Running mate: Matthew Ueckermann,college student from Maryland,2018,Governor,KS,ueckermann r,0,0,0
,IND,Jeff Caldwell,executive committee member for the Libertarian Party of Kansas  Running mate: Mary Gerlt,2018,Governor,KS,caldwell j,0,0,0
,REP,Charlie Baker,incumbent governor,2018,Governor,MA,baker c,3,0,0
,REP,Scott Lively,pastor and independent candidate for governor in 2014,2018,Governor,MA,lively s,0,0,1
,REP,Barnstable County,"commissioner (running for state representative, endorsed Lively)",2018,Governor,MA,county b,0,1,0
,REP,Karyn Polito,incumbent lieutenant governor,2018,Governor,MA,polito k,3,0,0
,DEM,Jay Gonzalez,"private health insurance executive, corporate lawyer, former state secretary of administration and finance",2018,Governor,MA,gonzalez j,0,0,0
,DEM,Bob Massie,"co-founder of the Global Reporting Initiative , former executive director of Ceres , former president of the New Economy Coalition , ordained Episcopal minister, nominee for lieutenant governor in 1994 , candidate for the U.S. Senate in 2012",2018,Governor,MA,massie b,0,0,1
,DEM,Setti Warren,former mayor of Newton and candidate for the U.S. Senate in 2012,2018,Governor,MA,warren s,1,0,1
,DEM,Joe Avellone,"businessman, former chairman of the Wellesley Board of selectmen and candidate for governor in 2014",2018,Governor,MA,avellone j,0,0,1
,DEM,Jeff Bussgang,venture capitalist and lecturer at Harvard Business School,2018,Governor,MA,bussgang j,0,0,0
,DEM,Katherine Clark,U.S. representative ( running for reelection ),2018,Governor,MA,clark k,4,1,0
,DEM,United Independent Party,and United Independent nominee for governor in 2014,2018,Governor,MA,party u,0,0,1
,DEM,Maura Healey,Massachusetts attorney general (ran for reelection),2018,Governor,MA,healey m,3,0,0
,DEM,Joe Kennedy III,U.S. representative (ran for reelection),2018,Governor,MA,kennedy j,4,1,0
,DEM,John Kerry,"former United States secretary of state , former U.S. senator, former lieutenant governor of Massachusetts and nominee for president in 2004",2018,Governor,MA,kerry j,4,0,1
,DEM,Paul Mark,state representative  (endorsed Jay Gonzalez ),2018,Governor,MA,mark p,2,1,0
,DEM,Marty Meehan,president of the University of Massachusetts System and former U.S. representative,2018,Governor,MA,meehan m,4,1,0
,DEM,Seth Moulton,U.S. representative ( ran for reelection ),2018,Governor,MA,moulton s,4,1,0
,DEM,Marty Walsh,mayor of Boston and former state representative,2018,Governor,MA,walsh m,2,1,0
,DEM,Dan Wolf,businessman and former state senator,2018,Governor,MA,wolf d,2,0,0
,DEM,Quentin Palfrey,former senior advisor to the president for jobs & competitiveness,2018,Governor,MA,palfrey q,0,0,0
,DEM,Jimmy Tingle,humorist and activist,2018,Governor,MA,tingle j,0,0,0
,DEM,Norfolk County,Register of Probate,2018,Governor,MA,county n,0,0,0
,DEM,Matt O'Malley,Boston City Councilor,2018,Governor,MA,omalley m,1,0,0
,DEM,Ayanna Pressley,Boston City Councilor (running for MA-7 ),2018,Governor,MA,pressley a,1,0,0
,REP,Larry Hogan,incumbent governor,2018,Governor,MD,hogan l,3,0,0
,REP,Barry Glassman,Harford County Executive,2018,Governor,MD,glassman b,1,0,0
,REP,Anne Arundel County,Councilman,2018,Governor,MD,county a,0,0,0
,DEM,Ben Jealous,"former president and CEO of the NAACP  Running mate: Susie Turnbull , former chair of the Maryland Democratic Party and former vice chair of the Democratic National Committee",2018,Governor,MD,jealous b,0,0,0
,DEM,Susie Turnbull,former chair of the Maryland Democratic Party and former vice chair of the Democratic National Committee,2018,Governor,MD,turnbull s,0,0,0
,DEM,Maya Rockeymoore Cummings,policy consultant and wife of U.S. Representative Elijah Cummings,2018,Governor,MD,cummings m,4,1,0
,DEM,Baltimore County Board of Education,and small businesswoman,2018,Governor,MD,education b,0,0,0
,DEM,John Delaney,"U.S. Representative (ran for President in 2020 ,)",2018,Governor,MD,delaney j,4,1,0
,DEM,Peter Franchot,State Comptroller,2018,Governor,MD,franchot p,3,0,0
,DEM,Brian Frosh,attorney general,2018,Governor,MD,frosh b,3,0,0
,DEM,Doug Gansler,former attorney general and candidate for governor in 2014,2018,Governor,MD,gansler d,3,0,1
,DEM,Ike Leggett,Montgomery County executive,2018,Governor,MD,leggett i,1,0,0
,DEM,Maggie McIntosh,state delegate,2018,Governor,MD,mcintosh m,2,0,0
,DEM,Heather Mizeur,former state delegate and candidate for governor in 2014,2018,Governor,MD,mizeur h,2,0,1
,DEM,Joseline Peña-Melnyk,state delegate and candidate for MD-04 in 2016,2018,Governor,MD,penamelnyk j,2,0,1
,DEM,Thomas Perez,"chair of the Democratic National Committee , former United States Secretary of Labor , and former Maryland Secretary of Labor",2018,Governor,MD,perez t,4,0,0
,DEM,Stephanie Rawlings-Blake,former mayor of Baltimore,2018,Governor,MD,rawlingsblake s,1,0,0
,DEM,David Trone,businessman and candidate for MD-08 in 2016 (running for MD-06),2018,Governor,MD,trone d,0,0,1
,DEM,Kenneth Ulman,former Howard County executive and nominee for lieutenant governor in 2014,2018,Governor,MD,ulman k,1,0,1
,DEM,Maryland Green Party,"Running mate: Annie Chambers, reverend and Baltimore City Resident Advisory Board member",2018,Governor,MD,party m,0,0,0
,DEM,Baltimore City,Resident Advisory Board member,2018,Governor,MD,city b,0,0,0
,DEM,2014,and nominee for the House of Delegates in 2010  Running mate: Christina Smith,2018,Governor,MD,,0,0,1
,REP,Mike Thibodeau,Maine Senate president,2018,Governor,ME,thibodeau m,2,0,0
,REP,Rick Bennett,"former chairman of the Maine Republican Party , former President of the Maine Senate , candidate for the U.S. Senate in 2012 and nominee for ME-02 in 1994",2018,Governor,ME,bennett r,2,0,1
,REP,Susan Collins,U.S. senator and nominee for governor in 1994,2018,Governor,ME,collins s,4,0,1
,REP,Bruce Poliquin,U.S. representative (ran for reelection),2018,Governor,ME,poliquin b,4,1,0
,REP,Peter Vigue,businessman,2018,Governor,ME,vigue p,0,0,0
,DEM,Janet Mills,Maine Attorney General,2018,Governor,ME,mills j,3,0,0
,DEM,James Boyle,former state senator,2018,Governor,ME,boyle j,2,0,0
,DEM,United States Coast Guard,Commander,2018,Governor,ME,guard u,0,0,0
,DEM,Sean Faircloth,former mayor of Bangor and former state senator,2018,Governor,ME,faircloth s,2,0,0
,DEM,Justin Alfond,former state senator and former President of the Maine Senate,2018,Governor,ME,alfond j,2,0,0
,DEM,Yellow Light Breen,CEO of the Maine Development Foundation,2018,Governor,ME,breen y,0,0,0
,DEM,Adam Goode,former state representative,2018,Governor,ME,goode a,2,1,0
,DEM,Troy Jackson,State Senate Minority Leader,2018,Governor,ME,jackson t,2,0,0
,DEM,Stephen King,author,2018,Governor,ME,king s,0,0,0
,DEM,Chellie Pingree,U.S. Representative,2018,Governor,ME,pingree c,4,1,0
,DEM,Hannah Pingree,former Speaker of the Maine House of Representatives,2018,Governor,ME,pingree h,2,1,0
,DEM,ME-02,),2018,Governor,ME,me,0,0,0
,IND,ME-02,in 2016,2018,Governor,ME,me,0,0,0
,IND,Betsy Marsano,activist,2018,Governor,ME,marsano b,0,0,0
,IND,^,(write-in candidate),2018,Governor,ME,,0,0,0
,IND,Terry Hayes,Maine State Treasurer,2018,Governor,ME,hayes t,3,0,0
,IND,John Jenkins,"former mayor of Lewiston, former mayor of Auburn and former Democratic state senator   ^ (write-in candidate)",2018,Governor,ME,jenkins j,2,0,0
,IND,Ethan Alcorn,businessman (did not qualify),2018,Governor,ME,alcorn e,0,0,0
,IND,Alan Caron,president and CEO of Envision Maine (endorsed Mills),2018,Governor,ME,caron a,0,0,0
,IND,Aaron D. Chadbourne,"writer and activist  (write-in candidate, endorsed Moody)",2018,Governor,ME,chadbourne a,0,0,0
,IND,Karmo Sanders,actress,2018,Governor,ME,sanders k,0,0,0
,IND,Eliot Cutler,attorney and candidate for governor in 2010 and 2014,2018,Governor,ME,cutler e,0,0,1
,IND,running for re-election,),2018,Governor,ME,reelection r,0,0,0
,IND,Peter Vigue,businessman,2018,Governor,ME,vigue p,0,0,0
,IND,Richard G. Woodbury,former state senator,2018,Governor,ME,woodbury r,2,0,0
,REP,Bill Schuette,Attorney General of Michigan,2018,Governor,MI,schuette b,3,0,0
,REP,David Agema,former Republican National Committeeman and former state representative (endorsed Patrick Colbeck),2018,Governor,MI,agema d,2,1,0
,REP,Jase Bolger,former Speaker of the Michigan House of Representatives,2018,Governor,MI,bolger j,2,1,0
,REP,Larry C. Inman,state representative,2018,Governor,MI,inman l,2,1,0
,REP,Ruth Johnson,Michigan Secretary of State and nominee for lieutenant governor in 2006 (running for state senate),2018,Governor,MI,johnson r,3,0,1
,REP,Arlan Meekhof,Majority Leader of the Michigan Senate,2018,Governor,MI,meekhof a,2,0,0
,REP,Candice Miller,Macomb County Public Works Commissioner and former U.S. representative (endorsed Bill Schuette),2018,Governor,MI,miller c,4,1,0
,DEM,Gretchen Whitmer,former Ingham County Prosecuting Attorney and former Minority Leader of the Michigan Senate,2018,Governor,MI,whitmer g,2,0,0
,DEM,John Austin,former president of the Michigan Board of Education,2018,Governor,MI,austin j,0,0,0
,DEM,Mark Bernstein,member of University of Michigan Board of Regents,2018,Governor,MI,bernstein m,0,0,0
,DEM,Mike Duggan,Mayor of Detroit,2018,Governor,MI,duggan m,1,0,0
,DEM,Geoffrey Fieger,attorney and nominee for governor in 1998,2018,Governor,MI,fieger g,0,0,1
,DEM,Mark Hackel,Macomb County Executive,2018,Governor,MI,hackel m,1,0,0
,DEM,Dan Kildee,U.S. representative,2018,Governor,MI,kildee d,4,1,0
,DEM,Andy Levin,energy consultant and son of Congressman Sander Levin  (running for Congress in MI-9),2018,Governor,MI,levin a,4,0,0
,DEM,Barbara McQuade,former United States Attorney for the Eastern District of Michigan,2018,Governor,MI,mcquade b,0,0,0
,DEM,Gary Peters,U.S. senator,2018,Governor,MI,peters g,4,0,0
,DEM,Bart Stupak,former U.S. representative,2018,Governor,MI,stupak b,4,1,0
,DEM,Jennifer Kurland,president of the Redford Union School Board,2018,Governor,MI,kurland j,1,0,0
,DEM,Tim Walz,"U.S. representative from Minnesota's 1st congressional district  Running mate: Peggy Flanagan , state representative",2018,Governor,MN,walz t,4,1,0
,DEM,Peggy Flanagan,state representative,2018,Governor,MN,flanagan p,2,1,0
,DEM,Chris Coleman,former mayor of Saint Paul,2018,Governor,MN,coleman c,1,0,0
,DEM,Tina Liebling,State Representative,2018,Governor,MN,liebling t,2,1,0
,DEM,Rebecca Otto,"Minnesota State Auditor  Running mate: Zarina Baber, IT professional",2018,Governor,MN,otto r,3,0,0
,DEM,Paul Thissen,"state representative , former House Minority Leader , and former Speaker of the House",2018,Governor,MN,thissen p,2,1,0
,DEM,Running mate: Zarina Baber,IT professional,2018,Governor,MN,baber r,0,0,0
,DEM,Tom Bakk,Minority Leader of the Minnesota Senate and candidate for governor in 2010,2018,Governor,MN,bakk t,2,0,1
,DEM,Mark Dayton,incumbent governor and former U.S. Senator,2018,Governor,MN,dayton m,4,0,0
,DEM,Debra Hilstrom,state representative and candidate for Secretary of State in 2014 ( ran for attorney general ),2018,Governor,MN,hilstrom d,2,1,1
,DEM,Amy Klobuchar,U.S. senator ( ran for re-election ),2018,Governor,MN,klobuchar a,4,0,0
,DEM,Rick Nolan,U.S. representative from Minnesota's 8th congressional district (ran for lieutenant governor),2018,Governor,MN,nolan r,4,1,0
,DEM,R. T. Rybak,"former vice chair of the Democratic National Committee , former mayor of Minneapolis and candidate for governor in 2010",2018,Governor,MN,rybak r,1,0,1
,DEM,Tina Smith,U.S. senator ( ran for U.S. Senate ),2018,Governor,MN,smith t,4,0,0
,REP,Jeff Johnson,"Hennepin County Commissioner , former state representative, and nominee for governor in 2014  Running mate: Donna Bergstrom, retired Marine Corps intelligence officer",2018,Governor,MN,johnson j,2,1,1
,REP,Running mate: Donna Bergstrom,retired Marine Corps intelligence officer,2018,Governor,MN,bergstrom r,0,0,0
,REP,Matt Dean,state representative,2018,Governor,MN,dean m,2,1,0
,REP,Keith Downey,former chairman of the Republican Party of Minnesota and former state representative,2018,Governor,MN,downey k,2,1,0
,REP,Ramsey County,Commissioner,2018,Governor,MN,county r,0,0,0
,REP,David Osmek,state senator,2018,Governor,MN,osmek d,2,0,0
,REP,Mary Giuliani Stephens,"mayor of Woodbury   Running mate: Jeff Backer , state representative",2018,Governor,MN,stephens m,2,1,0
,REP,Jeff Backer,state representative,2018,Governor,MN,backer j,2,1,0
,REP,Sarah Anderson,state representative,2018,Governor,MN,anderson s,2,1,0
,REP,Michele Bachmann,former U.S. representative and candidate for president in 2012,2018,Governor,MN,bachmann m,4,1,1
,REP,Michelle Benson,state senator and candidate for lieutenant governor in 2014,2018,Governor,MN,benson m,2,0,1
,REP,Kurt Daudt,Speaker of the Minnesota House of Representatives ( endorsed Pawlenty ),2018,Governor,MN,daudt k,2,1,0
,REP,Tom Emmer,U.S. representative and nominee for governor in 2010  ( running for re-election ),2018,Governor,MN,emmer t,4,1,1
,REP,Karin Housley,state senator ( ran for U.S. Senate ),2018,Governor,MN,housley k,2,0,0
,REP,Amy Koch,former Majority Leader of the Minnesota Senate,2018,Governor,MN,koch a,2,0,0
,REP,Mike Lindell,CEO of My Pillow,2018,Governor,MN,lindell m,0,0,0
,REP,Mike McFadden,businessman and nominee for the U.S. Senate in 2014,2018,Governor,MN,mcfadden m,0,0,1
,REP,Carla Nelson,state senator,2018,Governor,MN,nelson c,2,0,0
,REP,Erik Paulsen,U.S. representative from Minnesota's 3rd congressional district ( ran for re-election ),2018,Governor,MN,paulsen e,4,1,0
,REP,Julie Rosen,state senator (endorsed Pawlenty),2018,Governor,MN,rosen j,2,0,0
,REP,Rich Stanek,Hennepin County sheriff and former state representative (ran for re-election),2018,Governor,MN,stanek r,2,1,0
,IND,Chris Wright,"( Grassroots–Legalize Cannabis Party ), Grassroots Party nominee for governor in 1998 , 2010 and 2014",2018,Governor,MN,wright c,0,0,1
,REP,Krystal Gabel,"writer, candidate for Metropolitan Utilities District in 2016 and candidate for Omaha City Council in 2017",2018,Governor,NE,gabel k,0,0,1
,REP,Pete Ricketts,incumbent governor,2018,Governor,NE,ricketts p,3,0,0
,REP,Mike Foley,incumbent lieutenant governor,2018,Governor,NE,foley m,3,0,0
,REP,Mike Flood,former speaker of the Nebraska Legislature,2018,Governor,NE,flood m,0,0,0
,REP,Bob Krist,state senator (running as a Democrat),2018,Governor,NE,krist b,2,0,0
,DEM,"University of Nebraska, Omaha",instructor,2018,Governor,NE,omaha u,0,0,0
,DEM,Bob Krist,state senator,2018,Governor,NE,krist b,2,0,0
,DEM,Lynne Walz,state senator,2018,Governor,NE,walz l,2,0,0
,DEM,Vanessa Gayle Ward,activist,2018,Governor,NE,ward v,0,0,0
,DEM,Steve Lathrop,former state senator (running for the legislature ),2018,Governor,NE,lathrop s,2,0,0
,IND,Bob Krist,state senator (running as a Democrat),2018,Governor,NE,krist b,2,0,0
,REP,Chris Sununu,incumbent governor,2018,Governor,NH,sununu c,3,0,0
,DEM,Molly Kelly,former state senator,2018,Governor,NH,kelly m,2,0,0
,DEM,Steve Marchand,former mayor of Portsmouth and candidate for governor in 2016,2018,Governor,NH,marchand s,1,0,1
,DEM,Dan Feltes,state senator,2018,Governor,NH,feltes d,2,0,0
,DEM,Chris Pappas,Executive Councilor (running for NH-01 ),2018,Governor,NH,pappas c,0,0,0
,DEM,Colin Van Ostern,former executive councilor and nominee for governor in 2016 (running for Secretary of State ),2018,Governor,NH,ostern c,0,0,1
,DEM,Andru Volinsky,Executive Councilor,2018,Governor,NH,volinsky a,0,0,0
,DEM,Free State Project,and independent candidate for the U.S. Senate in 2016,2018,Governor,NH,project f,0,0,1
,DEM,Libertarian Party of New Hampshire,and independent candidate for governor in 2016,2018,Governor,NH,hampshire l,0,0,1
,REP,Steve Pearce,"U.S. Representative, candidate for the U.S. Senate in 2000 and nominee for the U.S. Senate in 2008",2018,Governor,NM,pearce s,4,1,1
,REP,Aubrey Dunn Jr.,New Mexico Commissioner of Public Lands and candidate for NM-02 in 2008,2018,Governor,NM,dunn a,3,0,1
,REP,John Sanchez,lieutenant governor and nominee for governor of New Mexico in 2002,2018,Governor,NM,sanchez j,3,0,1
,REP,Attorney General,"Gary King , former police detective and candidate for mayor of Albuquerque in 2017",2018,Governor,NM,general a,0,0,1
,REP,Kelly Zunie,former secretary of the New Mexico Indian Affairs Department,2018,Governor,NM,zunie k,0,0,0
,REP,Ted Barela,former state senator,2018,Governor,NM,barela t,2,0,0
,REP,Mark Moores,state senator,2018,Governor,NM,moores m,2,0,0
,REP,Cliff Pirtle,state senator,2018,Governor,NM,pirtle c,2,0,0
,DEM,Michelle Lujan Grisham,U.S. Representative,2018,Governor,NM,grisham m,4,1,0
,DEM,Hector Balderas,Attorney General ( running for re-election ),2018,Governor,NM,balderas h,3,0,0
,DEM,Javier Gonzales,former mayor of Santa Fe (running for lieutenant governor),2018,Governor,NM,gonzales j,1,0,0
,DEM,Martin Heinrich,U.S. Senator ( running for reelection ),2018,Governor,NM,heinrich m,4,0,0
,DEM,Tim Keller,mayor of Albuquerque and former State Auditor,2018,Governor,NM,keller t,3,0,0
,DEM,Ben Ray Luján,U.S. Representative,2018,Governor,NM,lujan b,4,1,0
,DEM,Tom Udall,U.S. Senator,2018,Governor,NM,udall t,4,0,0
,DEM,Alan Webber,mayor of Santa Fe and candidate for governor in 2014,2018,Governor,NM,webber a,1,0,1
,DEM,Doña Ana County,Commissioner,2018,Governor,NM,county d,0,0,0
,DEM,Rick Miera,former Majority Leader of the New Mexico House of Representatives,2018,Governor,NM,miera r,2,1,0
,DEM,Howie Morales,state senator and candidate for governor in 2014,2018,Governor,NM,morales h,2,0,1
,DEM,Jeff Carr,retired teacher and former New Mexico Public Education Commissioner,2018,Governor,NM,carr j,0,0,0
,DEM,David McTeigue,juvenile probation officer,2018,Governor,NM,mcteigue d,0,0,0
,DEM,Michael Padilla,state senator,2018,Governor,NM,padilla m,2,0,0
,DEM,Brian Colón,"former chairman of the Democratic Party of New Mexico , nominee for lieutenant governor in 2010 and candidate for mayor of Albuquerque in 2017 ( running for State Auditor )",2018,Governor,NM,colon b,0,0,1
,DEM,Bill O'Neill,state senator,2018,Governor,NM,oneill b,2,0,0
,DEM,Bob Walsh,retired mathematician,2018,Governor,NM,walsh b,0,0,0
,DEM,"Aubrey Dunn, Jr.","Commissioner of Public Lands   ( ran for the U.S. Senate, but dropped out )",2018,Governor,NM,dunn a,3,0,0
,DEM,Gary Johnson,former Republican governor and nominee for president in 2012 and 2016   ( running for the U.S. Senate ),2018,Governor,NM,johnson g,3,0,1
,REP,Adam Laxalt,Nevada Attorney General,2018,Governor,NV,laxalt a,3,0,0
,REP,Mark Amodei,U.S. representative (ran for re-election and won),2018,Governor,NV,amodei m,4,1,0
,REP,Joe Heck,former U.S. representative and nominee for U.S. Senate in 2016,2018,Governor,NV,heck j,4,1,1
,REP,Dean Heller,U.S. senator (endorsed Laxalt and ran for re-election and lost),2018,Governor,NV,heller d,4,0,0
,REP,Steve Hill,former executive director of the Nevada Governor's Office of Economic Development,2018,Governor,NV,hill s,3,0,0
,REP,Mark Hutchison,lieutenant governor (endorsed Laxalt),2018,Governor,NV,hutchison m,3,0,0
,REP,Ron Knecht,Nevada State Controller (ran for re-election and lost),2018,Governor,NV,knecht r,0,0,0
,REP,Brian Krolicki,former lieutenant governor,2018,Governor,NV,krolicki b,3,0,0
,DEM,Steve Sisolak,chair of the Clark County Commission,2018,Governor,NV,sisolak s,0,0,0
,DEM,Aaron Ford,Majority Leader of the Nevada Senate (ran for attorney general and won),2018,Governor,NV,ford a,2,0,0
,DEM,Vince Juaristi,consultant and former gubernatorial aide,2018,Governor,NV,juaristi v,0,0,0
,DEM,Tick Segerblom,state senator (ran for Clark County Commission and won),2018,Governor,NV,segerblom t,2,0,0
,DEM,Dina Titus,U.S. representative for Nevada's 1st congressional district and nominee for governor in 2006 (endorsed Sisolak and ran for re-election and won),2018,Governor,NV,titus d,4,1,1
,IND,Ryan Bundy,rancher,2018,Governor,NV,bundy r,0,0,0
,DEM,Andrew Cuomo,governor of New York,2018,Governor,NY,cuomo a,3,0,0
,DEM,Randy Credico,perennial candidate (endorsed Nixon),2018,Governor,NY,credico r,0,0,0
,DEM,Terry Gipson,former state senator,2018,Governor,NY,gipson t,2,0,0
,DEM,Preet Bharara,former United States Attorney for the Southern District of New York,2018,Governor,NY,bharara p,0,0,0
,DEM,Byron Brown,mayor of Buffalo and chairman of the New York State Democratic Party,2018,Governor,NY,brown b,1,0,0
,DEM,Hillary Clinton,67th US Secretary of State ; former U.S. senator from NY; former First Lady of the United States ; 2008 Democratic presidential candidate ; Democratic nominee for president in 2016 (endorsed Cuomo),2018,Governor,NY,clinton h,4,0,1
,DEM,Thomas DiNapoli,Comptroller of New York (ran for reelection),2018,Governor,NY,dinapoli t,0,0,0
,DEM,Kirsten Gillibrand,incumbent U.S. senator from New York ( ran for reelection ; endorsed Cuomo),2018,Governor,NY,gillibrand k,4,0,0
,DEM,Stephanie Miner,"former mayor of Syracuse   (declined to seek Democratic Party nomination, ran for governor on the Serve America Movement ticket)",2018,Governor,NY,miner s,1,0,0
,DEM,Eric Schneiderman,"Attorney General of New York (resigned from public office May 7, 2018, following accusations of domestic violence )",2018,Governor,NY,schneiderman e,3,0,0
,DEM,Zephyr Teachout,"law professor at Fordham University , candidate for governor in 2014 and nominee for NY-19 in 2016 (endorsed Nixon; ran for attorney general)",2018,Governor,NY,teachout z,0,0,1
,DEM,Jumaane Williams,member of the NYC Council  (endorsed Nixon; ran for lieutenant governor),2018,Governor,NY,williams j,0,0,0
,DEM,Kathy Hochul,incumbent lieutenant governor of New York,2018,Governor,NY,hochul k,3,0,0
,REP,Marc Molinaro,"Dutchess County Executive and former member of the New York State Assembly  Running mate: Julie Killian, former Rye city councilwoman and state senate nominee",2018,Governor,NY,molinaro m,2,0,0
,REP,Rye,city councilwoman and state senate nominee,2018,Governor,NY,rye,2,0,0
,REP,John A. DeFrancisco,Deputy Majority Leader of the New York State Senate,2018,Governor,NY,defrancisco j,2,0,0
,REP,Joel Giambra,former Erie County Executive,2018,Governor,NY,giambra j,1,0,0
,REP,Joe Holland,former commissioner of the New York Department of Housing and Community Renewal ( ran for Attorney General instead ),2018,Governor,NY,holland j,3,0,0
,REP,Brian Kolb,Minority Leader of the New York State Assembly,2018,Governor,NY,kolb b,2,0,0
,REP,Rob Astorino,former Westchester County Executive and Republican nominee for governor in 2014,2018,Governor,NY,astorino r,1,0,1
,REP,George Pataki,; Republican nominee for attorney general in 2014,2018,Governor,NY,pataki g,0,0,1
,REP,John J. Flanagan,Majority Leader of the New York State Senate,2018,Governor,NY,flanagan j,2,0,0
,REP,Chris Gibson,former U.S. representative,2018,Governor,NY,gibson c,4,1,0
,REP,Carl Paladino,former member of the Buffalo Public Schools Board of Education and nominee for governor in 2010,2018,Governor,NY,paladino c,0,0,1
,REP,Donald Trump Jr.,businessman and son of U.S. president Donald Trump,2018,Governor,NY,trump d,0,0,0
,REP,Harry Wilson,businessman and nominee for State Comptroller in 2010,2018,Governor,NY,wilson h,0,0,1
,IND,Independence Party of New York,": On December 23, 2017, the party endorsed incumbent governor Andrew Cuomo for the third consecutive election cycle.  Nominee: Andrew Cuomo",2018,Governor,NY,york i,3,0,0
,IND,Women's Equality Party,": The party endorsed Cuomo for re-election, as the party remained allied with the Cuomo campaign.  Nominee: Andrew Cuomo",2018,Governor,NY,party w,0,0,0
,IND,Howie Hawkins,"party co-founder and perennial candidate  Running mate: Jia Lee, United Federation of Teachers chapter leader and public school teacher",2018,Governor,NY,hawkins h,0,0,0
,IND,United Federation of Teachers,chapter leader and public school teacher,2018,Governor,NY,teachers u,0,0,0
,IND,Larry Sharpe,"business consultant and runner-up in the 2016 Libertarian Party vice presidential primary   Running mate: Andrew Hollister, candidate for Rochester City Council in 2017",2018,Governor,NY,sharpe l,0,0,1
,IND,Rochester,City Council in 2017,2018,Governor,NY,rochester,1,0,0
,IND,Stephanie Miner,"former state Democratic Party chairwoman and former mayor of Syracuse Running mate: Michael Volpe, mayor of Pelham",2018,Governor,NY,miner s,1,0,0
,REP,Mike DeWine,"Ohio attorney general , former U.S. senator , former lieutenant governor of Ohio , and  former U.S. representative   Running mate: Jon Husted , Ohio Secretary of State and former speaker of the Ohio House of Representatives",2018,Governor,OH,dewine m,4,1,0
,REP,Jon Husted,Ohio Secretary of State and former speaker of the Ohio House of Representatives,2018,Governor,OH,husted j,3,1,0
,REP,Jim Renacci,"U.S. representative from Ohio's 16th congressional district ( ran for U.S. Senate )  Running mate: Amy Murray, Cincinnati councilwoman",2018,Governor,OH,renacci j,4,1,0
,REP,Running mate: Amy Murray,Cincinnati councilwoman,2018,Governor,OH,murray r,0,0,0
,DEM,Richard Cordray,"former director of the Consumer Financial Protection Bureau , former Ohio attorney general , former Ohio state treasurer , nominee for OH-15 in 1992 , nominee for attorney general in 1998 and 2010 , and candidate for U.S. Senate in 2000   Running mate: Betty Sutton , former U.S. representative",2018,Governor,OH,cordray r,4,1,1
,DEM,Betty Sutton,former U.S. representative,2018,Governor,OH,sutton b,4,1,0
,DEM,Connie Pillich,"former state representative and nominee for Ohio state treasurer in 2014 (endorsed Cordray)    Running mate: Scott Schertzer, mayor of Marion, Ohio",2018,Governor,OH,pillich c,2,1,1
,DEM,Nan Whaley,mayor of Dayton (endorsed Cordray),2018,Governor,OH,whaley n,1,0,0
,DEM,Travis Irvine,filmmaker and writer  Running mate: Todd Grayson,2018,Governor,OH,irvine t,0,0,0
,DEM,Bruce Jaynes,entrepreneur,2018,Governor,OH,jaynes b,0,0,0
,DEM,Stephen Quinn,student,2018,Governor,OH,quinn s,0,0,0
,DEM,State House,in 2016  Running mate: Brett R. Joseph,2018,Governor,OH,house s,0,0,0
,REP,Kevin Stitt,businessman,2018,Governor,OK,stitt k,0,0,0
,DEM,Drew Edmondson,former attorney general of Oklahoma and candidate for governor of Oklahoma in 2010,2018,Governor,OK,edmondson d,3,0,1
,DEM,Scott Inman,state representative,2018,Governor,OK,inman s,2,1,0
,DEM,Norman Jay Brown,auto mechanic,2018,Governor,OK,brown n,0,0,0
,DEM,Dan Boren,former U.S. representative,2018,Governor,OK,boren d,4,1,0
,DEM,Joe Dorman,former state representative and nominee for governor in 2014,2018,Governor,OK,dorman j,2,1,1
,DEM,Oklahoma Libertarian Party,and candidate for Oklahoma County Clerk in 2016,2018,Governor,OK,party o,0,0,1
,DEM,Kate Brown,incumbent governor,2018,Governor,OR,brown k,3,0,0
,REP,Knute Buehler,"orthopedic surgeon, state representative and nominee for secretary of state in 2012",2018,Governor,OR,buehler k,2,1,1
,REP,2014,and 2016,2018,Governor,OR,,0,0,0
,REP,Jeff Smith,small business owner,2018,Governor,OR,smith j,0,0,0
,REP,Blue Angels,commanding officer,2018,Governor,OR,angels b,0,0,0
,REP,Lori Chavez-DeRemer,Mayor of Happy Valley and nominee for the state house in 2016,2018,Governor,OR,chavezderemer l,1,0,1
,REP,Cedric Ross Hayden,state representative,2018,Governor,OR,hayden c,2,1,0
,REP,Mike McLane,House Minority Leader,2018,Governor,OR,mclane m,0,0,0
,REP,Bud Pierce,physician and nominee for governor in 2016,2018,Governor,OR,pierce b,0,0,1
,REP,Bill Post,state representative,2018,Governor,OR,post b,2,1,0
,REP,Dennis Richardson,"Oregon Secretary of State , former state representative and nominee for governor in 2014",2018,Governor,OR,richardson d,3,1,1
,DEM,Tom Wolf,incumbent governor,2018,Governor,PA,wolf t,3,0,0
,DEM,John Fetterman,mayor of Braddock and candidate for the U.S. Senate in 2016,2018,Governor,PA,fetterman j,1,0,1
,DEM,PA-16,in 2012 (endorsed Kathi Cozzone),2018,Governor,PA,pa,0,0,0
,DEM,Madeleine Dean,state representative (running for PA-04 ),2018,Governor,PA,dean m,2,1,0
,DEM,Lancaster County,commissioner (endorsed Kathi Cozzone),2018,Governor,PA,county l,0,0,0
,REP,Scott Wagner,state senator,2018,Governor,PA,wagner s,2,0,0
,REP,Mike Turzai,speaker of the Pennsylvania House of Representatives and nominee for PA-04 in 1998,2018,Governor,PA,turzai m,2,1,1
,REP,ran for U.S. Senate,),2018,Governor,PA,senate r,0,0,0
,REP,Lou Barletta,U.S. representative ( ran for U.S. Senate ),2018,Governor,PA,barletta l,4,1,0
,REP,Jake Corman,majority leader of the Pennsylvania State Senate,2018,Governor,PA,corman j,2,0,0
,REP,Mike Kelly,U.S. representative,2018,Governor,PA,kelly m,4,1,0
,REP,Dave Reed,majority leader of the Pennsylvania House of Representatives,2018,Governor,PA,reed d,2,1,0
,REP,Jeff Bartos,businessman (running with Scott Wagner),2018,Governor,PA,bartos j,0,0,0
,REP,Gordon Denlinger,former state representative,2018,Governor,PA,denlinger g,2,1,0
,REP,Otto Voit,candidate for state treasurer in 2016,2018,Governor,PA,voit o,0,0,1
,REP,Dave Argall,state senator and nominee for PA-17 in 2010,2018,Governor,PA,argall d,2,0,1
,REP,The Apprentice,contestant,2018,Governor,PA,apprentice t,0,0,0
,REP,Dan Meuser,former Pennsylvania secretary of revenue and candidate for PA-10 in 2008 ( running for PA-09 ),2018,Governor,PA,meuser d,0,0,1
,REP,Justin Simmons,state representative ( running for PA-15 ),2018,Governor,PA,simmons j,2,1,0
,REP,Paul Glover,community organizer,2018,Governor,PA,glover p,0,0,0
,REP,1998,"2002 , and 2014",2018,Governor,PA,,0,0,0
,REP,Kathleen Smith,entrepreneur (running with Ken Krawchuk),2018,Governor,PA,smith k,0,0,0
,DEM,Gina Raimondo,incumbent governor,2018,Governor,RI,raimondo g,3,0,0
,DEM,Paul Roselli,president of the Burrillville Land Trust (running for State Senate Dist. 23) (endorsed Matt Brown),2018,Governor,RI,roselli p,0,0,0
,DEM,Lincoln Chafee,former governor and candidate for president of the United States in 2016,2018,Governor,RI,chafee l,3,0,1
,DEM,James Langevin,U.S. representative,2018,Governor,RI,langevin j,4,1,0
,DEM,Daniel McKee,lieutenant governor (running for reelection),2018,Governor,RI,mckee d,3,0,0
,DEM,Angel Taveras,former mayor of Providence and candidate for governor in 2014,2018,Governor,RI,taveras a,1,0,1
,REP,Allan Fung,mayor of Cranston and nominee for governor in 2014,2018,Governor,RI,fung a,1,0,1
,REP,Robert Flanders,former associate justice of the Rhode Island Supreme Court ( running for U.S. Senate ),2018,Governor,RI,flanders r,0,0,0
,REP,Robert Nardolillo,state representative ( running for U.S. Senate ),2018,Governor,RI,nardolillo r,2,1,0
,REP,Joe Trillo,former state representative (running as an independent),2018,Governor,RI,trillo j,2,1,0
,REP,John Hazen White,businessman,2018,Governor,RI,white j,0,0,0
,REP,Bill Gilbert,chairman of the Moderate Party of Rhode Island and nominee for lieutenant governor in 2014,2018,Governor,RI,gilbert b,0,0,1
,IND,Luis Daniel Muñoz,physician and community organizer,2018,Governor,RI,munoz l,0,0,0
,IND,Joe Trillo,former Republican state representative,2018,Governor,RI,trillo j,2,1,0
,IND,Matt Brown,former Secretary of State of Rhode Island (running as a Democrat),2018,Governor,RI,brown m,3,0,0
,IND,Anne Armstrong (Compassion Party),cannabis activist,2018,Governor,RI,party a,0,0,0
,REP,Henry McMaster,"incumbent governor   Running mate: Pamela Evette , businesswoman",2018,Governor,SC,mcmaster h,3,0,0
,REP,Pamela Evette,businesswoman,2018,Governor,SC,evette p,0,0,0
,REP,Tom Davis,state senator,2018,Governor,SC,davis t,2,0,0
,REP,Jeff Duncan,U.S. representative,2018,Governor,SC,duncan j,4,1,0
,REP,Mikee Johnson,businessman and former chairman of the South Carolina Chamber of Commerce (endorsed Catherine Templeton),2018,Governor,SC,johnson m,0,0,0
,REP,Tim Scott,U.S. senator,2018,Governor,SC,scott t,4,0,0
,REP,Joe Taylor,former South Carolina secretary of commerce,2018,Governor,SC,taylor j,0,0,0
,REP,Billy Wilkins,former chief judge of the United States Court of Appeals for the Fourth Circuit,2018,Governor,SC,wilkins b,1,0,0
,REP,Alan Wilson,attorney general ( ran for re-election ),2018,Governor,SC,wilson a,3,0,0
,DEM,James Smith,"state representative  Running mate: Mandy Powers Norrell , state representative",2018,Governor,SC,smith j,2,1,0
,DEM,Mandy Powers Norrell,state representative,2018,Governor,SC,norrell m,2,1,0
,DEM,Steve Benjamin,Mayor of Columbia,2018,Governor,SC,benjamin s,1,0,0
,DEM,Marlon Kimpson,state senator,2018,Governor,SC,kimpson m,2,0,0
,DEM,Inez Tenenbaum,"former State Superintendent of Education , former chair of the Consumer Product Safety Commission and nominee for the U.S. Senate in 2004",2018,Governor,SC,tenenbaum i,0,0,1
,IND,Anderson,"City Councilman, candidate for SC-03 in 2006 and write-in candidate for SC-05 in 2017",2018,Governor,SC,anderson,1,0,1
,IND,American Party,"), medication researcher,  nomination declined by the American Party  Running mate: James Cartee, theater director",2018,Governor,SC,party a,0,0,0
,IND,Running mate: James Cartee,theater director,2018,Governor,SC,cartee r,0,0,0
,REP,Marty Jackley,Attorney General of South Dakota,2018,Governor,SD,jackley m,3,0,0
,REP,Kristi Noem,"U.S. representative, former state representative",2018,Governor,SD,noem k,4,1,0
,REP,Matt Michels,lieutenant governor of South Dakota,2018,Governor,SD,michels m,3,0,0
,REP,Mark Mickelson,Speaker of the South Dakota House of Representatives,2018,Governor,SD,mickelson m,2,1,0
,DEM,Billie Sutton,Minority Leader of the South Dakota Senate,2018,Governor,SD,sutton b,2,0,0
,DEM,Stephanie Herseth Sandlin,former U.S. representative,2018,Governor,SD,sandlin s,4,1,0
,DEM,Mike Huether,mayor of Sioux Falls,2018,Governor,SD,huether m,1,0,0
,DEM,U.S. Senator,in 2002,2018,Governor,SD,senator u,0,0,0
,DEM,Lora Hubbel,"former state representative , Republican candidate for governor in 2014",2018,Governor,SD,hubbel l,2,1,1
,IND,Lora Hubbel,"former state representative , Republican candidate for governor in 2014",2018,Governor,SD,hubbel l,2,1,1
,IND,Mike Huether,mayor of Sioux Falls,2018,Governor,SD,huether m,1,0,0
,REP,Bill Lee,businessman,2018,Governor,TN,lee b,0,0,0
,REP,Mae Beavers,former state senator   (unsuccessfully ran for Wilson County mayor),2018,Governor,TN,beavers m,2,0,0
,REP,Mark Green,state senator (successfully ran in Tennessee's 7th congressional district ),2018,Governor,TN,green m,2,0,0
,REP,Marsha Blackburn,U.S. representative ( successfully ran for the U.S. Senate),2018,Governor,TN,blackburn m,4,1,0
,REP,Tim Burchett,mayor of Knox County ( successfully ran in Tennessee's 2nd congressional district ),2018,Governor,TN,burchett t,1,0,0
,REP,Joe Carr,"former state representative , perennial candidate",2018,Governor,TN,carr j,2,1,0
,REP,Bob Corker,U.S. senator,2018,Governor,TN,corker b,4,0,0
,REP,Stephen Fincher,former U.S. representative,2018,Governor,TN,fincher s,4,1,0
,REP,Alberto Gonzales,dean of the Belmont University School of Law and former U.S. attorney general,2018,Governor,TN,gonzales a,3,0,0
,REP,Bill Hagerty,United States Ambassador to Japan and former Tennessee cabinet official,2018,Governor,TN,hagerty b,0,0,0
,REP,Tre Hargett,Tennessee Secretary of State,2018,Governor,TN,hargett t,3,0,0
,REP,Rob Mitchell,Rutherford County property assessor,2018,Governor,TN,mitchell r,0,0,0
,REP,Mark Norris,"majority leader of the Tennessee Senate , appointed as judge to the United States District Court for the Western District of Tennessee",2018,Governor,TN,norris m,2,0,0
,REP,Andy Ogles,director of Tennessee chapter of Americans for Prosperity  (successfully ran for mayor of Maury County ),2018,Governor,TN,ogles a,0,0,0
,REP,Ron Ramsey,former lieutenant governor of Tennessee and candidate for governor of Tennessee in 2010,2018,Governor,TN,ramsey r,3,0,1
,DEM,Karl Dean,"former mayor of Nashville , 2007–2015",2018,Governor,TN,dean k,1,0,0
,DEM,Andy Berke,mayor of Chattanooga and former state senator,2018,Governor,TN,berke a,2,0,0
,DEM,Nashville,in 2015,2018,Governor,TN,nashville,0,0,0
,IND,Chad Riden,comedian (Independent),2018,Governor,TN,riden c,0,0,0
,IND,TN-03,in 2016,2018,Governor,TN,tn,0,0,0
,REP,Greg Abbott,incumbent governor and former Texas attorney general,2018,Governor,TX,abbott g,3,0,0
,REP,Dan Patrick,lieutenant governor of Texas (running for re-election),2018,Governor,TX,patrick d,3,0,0
,REP,Joe Straus,speaker of the Texas House of Representatives,2018,Governor,TX,straus j,2,1,0
,DEM,Lupe Valdez,former Dallas County sheriff,2018,Governor,TX,valdez l,1,0,0
,DEM,Travis County,Commission in 2014,2018,Governor,TX,county t,0,0,0
,DEM,Rafael Anchia,state representative,2018,Governor,TX,anchia r,2,1,0
,DEM,Dwight Boykins,Houston city councilman,2018,Governor,TX,boykins d,1,0,0
,DEM,Joaquín Castro,U.S. representative,2018,Governor,TX,castro j,4,1,0
,DEM,2014,( running for lieutenant governor ),2018,Governor,TX,,0,0,0
,DEM,Wendy Davis,former state senator and nominee in 2014,2018,Governor,TX,davis w,2,0,0
,DEM,Pete Gallego,former U.S. representative,2018,Governor,TX,gallego p,4,1,0
,DEM,Eva Longoria,actress and political activist,2018,Governor,TX,longoria e,0,0,0
,DEM,Jack Martin,CEO of Hill+Knowlton Strategies,2018,Governor,TX,martin j,0,0,0
,DEM,Trey Martinez Fischer,former state representative,2018,Governor,TX,fischer t,2,1,0
,DEM,William McRaven,"chancellor of the University of Texas System , retired Navy admiral and former commander of the United States Special Operations Command",2018,Governor,TX,mcraven w,0,0,0
,DEM,Michael Sorrell,president of Paul Quinn College,2018,Governor,TX,sorrell m,0,0,0
,DEM,Allen Vaught,former state representative,2018,Governor,TX,vaught a,2,1,0
,REP,Phil Scott,incumbent governor,2018,Governor,VT,scott p,3,0,0
,DEM,Christine Hallquist,CEO of Vermont Electric Cooperative,2018,Governor,VT,hallquist c,0,0,0
,IND,Trevor Barlow,"business and startup executive and founder, coach, as well as community and nonprofit board volunteer",2018,Governor,VT,barlow t,0,0,0
,IND,Cris Ericson,activist and perennial candidate also ran for congress.,2018,Governor,VT,ericson c,0,0,0
,IND,United States Navy,"veteran, and Vermont Air National Guard",2018,Governor,VT,navy u,0,0,0
,IND,Stephen Marx,environmentalist,2018,Governor,VT,marx s,0,0,0
,IND,Vermont Army National Guard,and school teacher,2018,Governor,VT,guard v,0,0,0
,REP,Sun Prairie,in 2007,2018,Governor,WI,prairie s,0,0,0
,REP,Scott Walker,incumbent governor,2018,Governor,WI,walker s,3,0,0
,REP,Rebecca Kleefisch,incumbent lieutenant governor,2018,Governor,WI,kleefisch r,3,0,0
,DEM,Tony Evers,Superintendent of Public Instruction of Wisconsin (2009–2019),2018,Governor,WI,evers t,3,0,0
,DEM,Mike Crute,liberal talk radio broadcaster  ( endorsed McCabe ),2018,Governor,WI,crute m,0,0,0
,DEM,Michele Doolan,businesswoman  ( endorsed Flynn ),2018,Governor,WI,doolan m,0,0,0
,DEM,Andy Gronik,businessman   ( remained on ballot; endorsed Roys ),2018,Governor,WI,gronik a,0,0,0
,DEM,CA-18,in 2016  ( endorsed Flynn ),2018,Governor,WI,ca,0,0,0
,DEM,Kurt Kober,businessman    ( ran for lieutenant governor ),2018,Governor,WI,kober k,0,0,0
,DEM,Jeff Rumbaugh,disability rights activist  ( endorsed McCabe ),2018,Governor,WI,rumbaugh j,0,0,0
,DEM,Dana Wachs,state representative  ( remained on ballot; endorsed Evers ),2018,Governor,WI,wachs d,2,1,0
,DEM,Chris Abele,Milwaukee County Executive,2018,Governor,WI,abele c,1,0,0
,DEM,Mark Bakken,businessman,2018,Governor,WI,bakken m,0,0,0
,DEM,Peter Barca,state representative and former U.S. representative,2018,Governor,WI,barca p,4,1,0
,DEM,Tom Barrett,"mayor of Milwaukee , former U.S. representative, nominee for governor in 2010 and 2012 , and candidate in 2002",2018,Governor,WI,barrett t,4,1,1
,DEM,John T. Chisholm,Milwaukee County District Attorney ( endorsed Flynn ),2018,Governor,WI,chisholm j,1,0,0
,DEM,Timothy Cullen,former state senator,2018,Governor,WI,cullen t,2,0,0
,DEM,Katherine Gehl,former president and CEO of Gehl Foods,2018,Governor,WI,gehl k,0,0,0
,DEM,Gordon Hintz,minority leader of the State Assembly,2018,Governor,WI,hintz g,2,0,0
,DEM,Brett Hulsey,former state representative and candidate for governor in 2014,2018,Governor,WI,hulsey b,2,1,1
,DEM,Ron Kind,U.S. representative,2018,Governor,WI,kind r,4,1,0
,DEM,James Kreuser,Kenosha County executive,2018,Governor,WI,kreuser j,1,0,0
,DEM,Joe Parisi,Dane County executive,2018,Governor,WI,parisi j,1,0,0
,DEM,Mark Pocan,U.S. representative,2018,Governor,WI,pocan m,4,1,0
,DEM,Jennifer Shilling,Democratic leader of the State Senate,2018,Governor,WI,shilling j,2,0,0
,DEM,Mandela Barnes,"former state representative, and candidate for state senate in 2016",2018,Governor,WI,barnes m,2,1,1
,DEM,Wisconsin Libertarian Party,and Libertarian nominee for the U.S. Senate in 2016,2018,Governor,WI,party w,0,0,1
,DEM,Patrick Baird,U.S. Navy veteran,2018,Governor,WI,baird p,0,0,0
,DEM,Nick De Leon,pastor (endorsed Democrat Matt Flynn),2018,Governor,WI,leon n,0,0,0
,IND,Maggie Turnbull,astrobiologist,2018,Governor,WI,turnbull m,0,0,0
,IND,Wil Losch,Turnbull's running mate,2018,Governor,WI,losch w,0,0,0
,REP,Mark Gordon,Wyoming state treasurer,2018,Governor,WY,gordon m,3,0,0
,REP,Bill Dahlin,businessman,2018,Governor,WY,dahlin b,0,0,0
,REP,Foster Friess,businessman and activist,2018,Governor,WY,friess f,0,0,0
,REP,Sam Galeotos,businessman,2018,Governor,WY,galeotos s,0,0,0
,REP,Harriet Hageman,attorney and former Liz Cheney campaign advisor,2018,Governor,WY,hageman h,0,0,0
,REP,write-in,candidate for governor in 2010 and candidate for governor in 2014,2018,Governor,WY,writein,0,0,1
,REP,Rex Rammell,veterinarian and perennial candidate (ran for Constitution Party nomination),2018,Governor,WY,rammell r,0,0,0
,DEM,Mary Throne,former minority leader of the Wyoming House of Representatives,2018,Governor,WY,throne m,2,1,0
,DEM,James W. Byrd,state representative (ran for secretary of state),2018,Governor,WY,byrd j,2,1,0
,DEM,2016,(ran for mayor of Rock Springs ),2018,Governor,WY,,0,0,0
,DEM,Chris Rothfuss,minority leader of the Wyoming Senate and nominee for U.S. Senate in 2008,2018,Governor,WY,rothfuss c,2,0,1
,DEM,Milward Simpson,director of the Wyoming Nature Conservancy,2018,Governor,WY,simpson m,0,0,0
,DEM,Gary Trauner,businessman and nominee for U.S. House of Representatives in 2006 and 2008 ( ran for U.S. Senate ),2018,Governor,WY,trauner g,0,1,1
,IND,Rex Rammell,veterinarian and perennial candidate ( Constitution ),2018,Governor,WY,rammell r,0,0,0
,DEM,John Carney,incumbent governor of Delaware,2020,Governor,DE,carney j,3,0,0
,REP,Julianne Murray,attorney,2020,Governor,DE,murray j,0,0,0
,REP,Kevin Baron,veteran,2020,Governor,DE,baron k,0,0,0
,REP,Neil Shea,"brewer, U.S. Marine Corps veteran",2020,Governor,DE,shea n,0,0,0
,REP,Eric Holcomb,incumbent governor of Indiana,2020,Governor,IN,holcomb e,3,0,0
,REP,Suzanne Crouch,incumbent lieutenant governor,2020,Governor,IN,crouch s,3,0,0
,REP,Brian Roth,businessman,2020,Governor,IN,roth b,0,0,0
,REP,Curtis Hill,Attorney General of Indiana (running for re-election ),2020,Governor,IN,hill c,3,0,0
,DEM,Woody Myers,business executive and former Indiana Health Commissioner and New York City Health Commissioner,2020,Governor,IN,myers w,0,0,0
,DEM,Linda Lawson,former Minority Leader of the Indiana House of Representatives,2020,Governor,IN,lawson l,2,1,0
,DEM,Eddie Melton,state senator from the 3rd district,2020,Governor,IN,melton e,2,0,0
,DEM,Luke Messer,congressional staffer (endorsed Myers),2020,Governor,IN,messer l,0,0,0
,DEM,Pete Buttigieg,former mayor of South Bend and former 2020 presidential candidate,2020,Governor,IN,buttigieg p,1,0,0
,DEM,Joe Donnelly,former U.S. senator,2020,Governor,IN,donnelly j,4,0,0
,DEM,John R. Gregg,"former speaker of the Indiana House of Representatives , former state representative from the 45th district, and Democratic nominee for governor in 2012 and 2016",2020,Governor,IN,gregg j,2,1,1
,DEM,Christina Hale,state representative from the 87th district and nominee for lieutenant governor in 2016  ( running for Indiana's 5th Congressional district ),2020,Governor,IN,hale c,2,1,1
,DEM,Baron Hill,former U.S. representative from Indiana's 9th congressional district  (endorsed Myers),2020,Governor,IN,hill b,4,1,0
,DEM,Joe Hogsett,mayor of Indianapolis,2020,Governor,IN,hogsett j,1,0,0
,DEM,Karlee Macer,state representative from the 92nd district,2020,Governor,IN,macer k,2,1,0
,DEM,Thomas McDermott Jr.,mayor of Hammond  ( running for Indiana's 1st congressional district ),2020,Governor,IN,mcdermott t,1,0,0
,DEM,Jonathan Weinzapfel,former mayor of Evansville ( running for Attorney General ),2020,Governor,IN,weinzapfel j,1,0,0
,DEM,Indiana State Senate,in 2016 and for Indiana House of Representatives in 2018,2020,Governor,IN,senate i,2,1,0
,DEM,Grand Poobah,of the First Church of Cannabis of Indianapolis,2020,Governor,IN,poobah g,0,0,0
,REP,Mike Parson,incumbent governor of Missouri   and former state senator,2020,Governor,MO,parson m,3,0,0
,REP,Jay Ashcroft,Missouri Secretary of State,2020,Governor,MO,ashcroft j,3,0,0
,REP,Eric Greitens,former governor of Missouri,2020,Governor,MO,greitens e,3,0,0
,REP,University of Central Missouri,and Republican candidate for the U.S. Senate in 2018,2020,Governor,MO,missouri u,0,0,1
,DEM,Nicole Galloway,Missouri state auditor,2020,Governor,MO,galloway n,3,0,0
,DEM,Sly James,"former mayor of Kansas City, Missouri",2020,Governor,MO,james s,1,0,0
,DEM,Jason Kander,"former Missouri Secretary of State , Democratic nominee for U.S. Senate in 2016 , former candidate for Mayor of Kansas City in 2019",2020,Governor,MO,kander j,3,0,1
,DEM,Claire McCaskill,former U.S. senator,2020,Governor,MO,mccaskill c,4,0,0
,DEM,Scott Sifton,state senator from the 1st district and former state representative from the 96th district (endorsed Galloway),2020,Governor,MO,sifton s,2,1,0
,DEM,Rik Combs,U.S. Air Force veteran,2020,Governor,MO,combs r,0,0,0
,DEM,Mike Cooney,"lieutenant governor of Montana and former Secretary of State of Montana and candidate in 2000  Running mate: Casey Schreiner , minority leader of the Montana House of Representatives",2020,Governor,MT,cooney m,3,1,0
,DEM,Casey Schreiner,minority leader of the Montana House of Representatives,2020,Governor,MT,schreiner c,2,1,0
,DEM,Reilly Neill,former state representative,2020,Governor,MT,neill r,2,1,0
,DEM,Ryan Busse,businessman,2020,Governor,MT,busse r,0,0,0
,DEM,Wilmot Collins,mayor of Helena and former 2020 candidate for the U.S. Senate,2020,Governor,MT,collins w,1,0,1
,DEM,Montana's at-large congressional district,in 2018,2020,Governor,MT,district m,0,0,0
,DEM,Michael Punke,writer and former U.S. ambassador to the World Trade Organization,2020,Governor,MT,punke m,0,0,0
,DEM,Brian Schweitzer,former governor of Montana (endorsed Williams),2020,Governor,MT,schweitzer b,3,0,0
,DEM,Kathleen Williams,former state representative and nominee for Montana's at-large congressional district in 2018 ( running for the U.S. House ),2020,Governor,MT,williams k,2,1,1
,REP,Greg Gianforte,incumbent U.S. representative for Montana's at-large congressional district and nominee for governor of Montana in 2016,2020,Governor,MT,gianforte g,4,1,1
,REP,Kristen Juras,businesswoman and attorney,2020,Governor,MT,juras k,0,0,0
,REP,Gary Perry,former state senator,2020,Governor,MT,perry g,2,0,0
,REP,Corey Stapleton,"Secretary of State of Montana , candidate for governor of Montana in 2012 and candidate for the U.S. House in 2014 ( running for the U.S. House )",2020,Governor,MT,stapleton c,3,0,1
,REP,Matt Rosendale,Montana State Auditor and nominee for the U.S. Senate in 2018 ( running for the U.S. House ),2020,Governor,MT,rosendale m,3,0,1
,REP,Ryan Zinke,former United States Secretary of Interior and former U.S. representative for Montana's at-large congressional district,2020,Governor,MT,zinke r,4,1,0
,REP,Lyman Bishop,founder and CEO of Hoplite Armor  Running mate: John Nesper,2020,Governor,MT,bishop l,0,0,0
,REP,2016,and nominee for governor in 2012,2020,Governor,MT,,0,0,1
,DEM,Roy Cooper,incumbent governor,2020,Governor,NC,cooper r,3,0,0
,REP,Dan Forest,lieutenant governor of North Carolina,2020,Governor,NC,forest d,3,0,0
,REP,Pat McCrory,former governor of North Carolina,2020,Governor,NC,mccrory p,3,0,0
,REP,Mark Meadows,"former U.S. Representative for North Carolina's 11th congressional district , White House Chief of Staff",2020,Governor,NC,meadows m,4,1,0
,REP,Charlotte City Council,"in 2017, factory lighting representative",2020,Governor,NC,council c,0,1,0
,REP,Doug Burgum,"incumbent governor  Running mate: Brent Sanford , incumbent lieutenant governor",2020,Governor,ND,burgum d,3,0,0
,REP,Brent Sanford,incumbent lieutenant governor,2020,Governor,ND,sanford b,3,0,0
,REP,Wayne Stenehjem,North Dakota Attorney General,2020,Governor,ND,stenehjem w,3,0,0
,REP,Drew Wrigley,U.S. Attorney for the District of North Dakota,2020,Governor,ND,wrigley d,0,0,0
,DEM,Killdeer,"school board member  Running mate: Ben Vig , former state representative",2020,Governor,ND,killdeer,2,1,0
,DEM,Ben Vig,former state representative,2020,Governor,ND,vig b,2,1,0
,DEM,Joshua Boschee,minority leader of the North Dakota House of Representatives,2020,Governor,ND,boschee j,2,1,0
,DEM,Heidi Heitkamp,former U.S. senator,2020,Governor,ND,heitkamp h,4,0,0
,DEM,Erin Oban,state senator,2020,Governor,ND,oban e,2,0,0
,DEM,Mac Schneider,former minority leader of the North Dakota Senate,2020,Governor,ND,schneider m,2,0,0
,REP,Chris Sununu,incumbent governor of New Hampshire,2020,Governor,NH,sununu c,3,0,0
,REP,Kelly Ayotte,former U.S. senator (2011-2017),2020,Governor,NH,ayotte k,4,0,0
,REP,Frank Edelblut,commissioner of the New Hampshire Department of Education and candidate for governor in 2016,2020,Governor,NH,edelblut f,3,0,1
,REP,Chuck Morse,minority leader of the New Hampshire Senate,2020,Governor,NH,morse c,2,0,0
,DEM,Dan Feltes,majority leader of the New Hampshire Senate,2020,Governor,NH,feltes d,2,0,0
,DEM,Joyce Craig,mayor of Manchester,2020,Governor,NH,craig j,1,0,0
,DEM,Molly Kelly,former state senator and nominee for Governor of New Hampshire in 2018,2020,Governor,NH,kelly m,2,0,1
,DEM,Steve Marchand,former mayor of Portsmouth and candidate for Governor of New Hampshire in 2016 and 2018,2020,Governor,NH,marchand s,1,0,1
,DEM,Mindi Messmer,former state representative and candidate for New Hampshire's 1st congressional district in 2018 (running for Executive Council ),2020,Governor,NH,messmer m,2,1,1
,REP,Spencer Cox,"Lieutenant Governor of Utah    Running mate: Deidre Henderson , state senator and candidate for UT-03 in 2017",2020,Governor,UT,cox s,3,0,1
,REP,Deidre Henderson,state senator and candidate for UT-03 in 2017,2020,Governor,UT,henderson d,2,0,1
,REP,Rob Bishop,"U.S. representative (endorsed Wright, who in turn chose Bishop to run with him as his lieutenant governor)",2020,Governor,UT,bishop r,4,1,0
,REP,Jason Chaffetz,former U.S. representative,2020,Governor,UT,chaffetz j,4,1,0
,REP,John Dougall,Utah state auditor,2020,Governor,UT,dougall j,3,0,0
,REP,Gary Herbert,incumbent governor (endorsed Cox),2020,Governor,UT,herbert g,3,0,0
,REP,Mike Lee,U.S. senator (endorsed Huntsman),2020,Governor,UT,lee m,4,0,0
,REP,Greg Miller,former CEO of the Utah Jazz,2020,Governor,UT,miller g,0,0,0
,REP,Sean Reyes,Attorney General of Utah,2020,Governor,UT,reyes s,3,0,0
,DEM,Christopher Peterson,"University of Utah law professor and former CFPB official  Running mate: Karina Brown, community organizer",2020,Governor,UT,peterson c,0,0,0
,DEM,Running mate: Karina Brown,community organizer,2020,Governor,UT,brown r,0,0,0
,DEM,Neil Hansen,"former state representative  Running mate: Brandy Farmer, candidate for Utah House of Representatives",2020,Governor,UT,hansen n,2,1,1
,DEM,Zachary Moses,"CEO of HeTravel.com  Running mate: Nate Kizerian, community activist",2020,Governor,UT,moses z,0,0,0
,DEM,Nikki Pino Jr.,"youth counselor  Running mate: Nikki Pino Sr., retired Army lieutenant colonel and father to Nikki Pino Jr.",2020,Governor,UT,pino n,0,0,0
,DEM,Archie A Williams,2014 Democratic candidate for District 60 of the Utah House of Representatives III,2020,Governor,UT,williams a,0,1,1
,DEM,Running mate: Brandy Farmer,candidate for Utah House of Representatives,2020,Governor,UT,farmer r,0,1,1
,DEM,Running mate: Nate Kizerian,community activist,2020,Governor,UT,kizerian r,0,0,0
,DEM,Running mate: Nikki Pino Sr.,retired Army lieutenant colonel and father to Nikki Pino Jr.,2020,Governor,UT,pino r,0,0,0
,DEM,Peter Corroon,"former Utah Democratic Party chair, former mayor of Salt Lake County , and nominee for governor in 2010",2020,Governor,UT,corroon p,1,0,1
,DEM,Scott Howell,former state senator and nominee for U.S. Senate in 2000 and 2012,2020,Governor,UT,howell s,2,0,1
,DEM,Patricia W. Jones,former state senator,2020,Governor,UT,jones p,2,0,0
,DEM,Brian King,minority leader of the Utah House of Representatives  (endorsed Peterson),2020,Governor,UT,king b,2,1,0
,DEM,Jim Matheson,former U.S. representative,2020,Governor,UT,matheson j,4,1,0
,DEM,Ben McAdams,U.S. representative  ( running for re-election ),2020,Governor,UT,mcadams b,4,1,0
,DEM,Jim Winder,former Salt Lake County Sheriff,2020,Governor,UT,winder j,1,0,0
,IND,Bariatric Surgeon,"Running mate: Barry Short, businessman and Vice Chair of the Libertarian Party of Utah",2020,Governor,UT,surgeon b,0,0,0
,REP,Jon Huntsman Jr.,"former United States Ambassador to Russia , China and Singapore , former governor of Utah , and candidate for president in 2012",2020,Governor,UT,huntsman j,3,0,1
,REP,Phil Scott,incumbent governor of Vermont,2020,Governor,VT,scott p,3,0,0
,DEM,David Zuckerman,"Lieutenant Governor of Vermont , former member of the Vermont Senate , former member of the Vermont House of Representatives , farmer, businessman, environmentalist [ a ]  (Zuckerman elected to use the Progressive Party ballot line in the general election, listing the Democratic Party as a secondary nomination under Vermont's electoral fusion system.)",2020,Governor,VT,zuckerman d,3,1,0
,DEM,T. J. Donovan,Attorney General of Vermont  (running for re-election),2020,Governor,VT,donovan t,3,0,0
,DEM,Christine Hallquist,former CEO of the Vermont Electric Cooperative and nominee for governor in 2018,2020,Governor,VT,hallquist c,0,0,1
,REP,Bill Bryant,former Seattle Port Commissioner and candidate for governor in 2016,2020,Governor,WA,bryant b,0,0,1
,REP,Bruce Dammeier,Pierce County Executive ( ran for reelection ),2020,Governor,WA,dammeier b,1,0,0
,REP,Doug Ericksen,state senator,2020,Governor,WA,ericksen d,2,0,0
,REP,Drew MacEwen,state representative (running for reelection),2020,Governor,WA,macewen d,2,1,0
,REP,Dori Monson,radio personality,2020,Governor,WA,monson d,0,0,0
,REP,Dave Reichert,former U.S. Representative for Washington's 8th congressional district,2020,Governor,WA,reichert d,4,1,0
,REP,Drew Stokesbary,state representative (running for reelection),2020,Governor,WA,stokesbary d,2,1,0
,REP,J. T. Wilcox,minority leader of the Washington House of Representatives (running for reelection),2020,Governor,WA,wilcox j,2,1,0
,IND,Asa Palagi,U.S. Army officer and businessman,2020,Governor,WA,palagi a,0,0,0
,REP,Jim Justice,incumbent governor,2020,Governor,WV,justice j,3,0,0
,REP,David McKinley,incumbent U.S. Representative for West Virginia's 1st congressional district (running for re-election ),2020,Governor,WV,mckinley d,4,1,0
,REP,Mac Warner,Secretary of State of West Virginia ( running for re-election ),2020,Governor,WV,warner m,3,0,0
,DEM,Kanawha County,commissioner,2020,Governor,WV,county k,0,0,0
,DEM,Booth Goodwin,former United States Attorney and candidate for Governor of West Virginia in 2016,2020,Governor,WV,goodwin b,0,0,1
,DEM,Joe Manchin,incumbent U.S. Senator and former Governor of West Virginia,2020,Governor,WV,manchin j,4,0,0
,DEM,Daniel Lutz,"Eastern Panhandle Conservation District Supervisor representing Jefferson County, and commissioned U.S. Air Force veteran",2020,Governor,WV,lutz d,0,1,0
,DEM,Erika Kolenich,trial attorney,2020,Governor,WV,kolenich e,0,0,0
,DEM,Michael Folk,former State Delegate (sought the nomination of the Republican Party),2020,Governor,WV,folk m,2,0,0
,DEM,Marshall Wilson,State Delegate (Independent),2020,Governor,WV,wilson m,2,0,0
,REP,Mike Dunleavy,"incumbent governor  Running mate: Nancy Dahlstrom , former commissioner of the Alaska Department of Corrections and former state representative  Previous running mate: Kevin Meyer , incumbent lieutenant governor  (withdrew December 28, 2021)",2022,Governor,AK,dunleavy m,3,1,0
,REP,Kenai Peninsula Borough,"Running mate: Edie Grunwald, chair of the Alaska Parole Board and candidate for lieutenant governor in 2018  [ a ]",2022,Governor,AK,borough k,0,0,1
,REP,Nancy Dahlstrom,former commissioner of the Alaska Department of Corrections and former state representative,2022,Governor,AK,dahlstrom n,3,1,0
,REP,Kevin Meyer,"incumbent lieutenant governor  (withdrew December 28, 2021)",2022,Governor,AK,meyer k,3,0,0
,REP,2018,[ a ],2022,Governor,AK,,0,0,0
,REP,Natasha von Imhof,state senator,2022,Governor,AK,imhof n,2,0,0
,DEM,Les Gara,"former state representative  Running mate: Jessica Cook, teacher",2022,Governor,AK,gara l,2,1,0
,DEM,Running mate: Jessica Cook,teacher,2022,Governor,AK,cook r,0,0,0
,DEM,Mike Navarre,former mayor of the Kenai Peninsula Borough and former state representative (endorsed Walker),2022,Governor,AK,navarre m,2,1,0
,IND,Bill Walker,"former governor  Running mate: Heidi Drygas, former commissioner of the Alaska Department of Labor and Workforce Development",2022,Governor,AK,walker b,3,0,0
,IND,Alyse Galvin,public education advocate and candidate for Alaska's at-large congressional district in 2018 and 2020  ( running for state house ),2022,Governor,AK,galvin a,0,0,1
,IND,Al Gross,"orthopedic surgeon, commercial fisherman, son of former Alaska Attorney General Avrum Gross , and candidate for U.S. Senate in 2020   ( ran for U.S. House )",2022,Governor,AK,gross a,3,0,1
,REP,Kay Ivey,incumbent governor of Alabama,2022,Governor,AL,ivey k,3,0,0
,REP,Will Ainsworth,incumbent lieutenant governor (seeking re-election),2022,Governor,AL,ainsworth w,3,0,0
,REP,Mo Brooks,U.S. representative (running for U.S. Senate ),2022,Governor,AL,brooks m,4,1,0
,REP,Steve Marshall,incumbent attorney general of Alabama (seeking re-election ),2022,Governor,AL,marshall s,3,0,0
,REP,Rick Pate,incumbent commissioner of Alabama Department of Agriculture and Industries (seeking re-election),2022,Governor,AL,pate r,3,0,0
,REP,Jim Zeigler,incumbent Alabama state auditor (2015–present) (formed exploratory committee but did not run; running for Secretary of State ),2022,Governor,AL,zeigler j,3,1,0
,DEM,Yolanda Rochelle Flowers,"activist, retired rehabilitation specialist and educator",2022,Governor,AL,flowers y,0,0,0
,DEM,Walt Maddox,mayor of Tuscaloosa and nominee for governor in 2018,2022,Governor,AL,maddox w,1,0,1
,REP,Sarah Huckabee Sanders,former White House press secretary (2017–2019) and daughter of former governor Mike Huckabee,2022,Governor,AR,sanders s,4,0,0
,REP,Tim Griffin,lieutenant governor of Arkansas (2015–2023)  (successfully ran for attorney general ) (endorsed Sanders),2022,Governor,AR,griffin t,3,0,0
,REP,Leslie Rutledge,Arkansas attorney general (2015–2023)  (successfully ran for lieutenant governor ) (endorsed Sanders),2022,Governor,AR,rutledge l,3,0,0
,DEM,Chris Jones,nuclear engineer and nonprofit executive,2022,Governor,AR,jones c,0,0,0
,DEM,state representative,in 2020  (unsuccessfully ran for lieutenant governor ),2022,Governor,AR,representative s,0,0,0
,DEM,Greg Leding,"state senator (2019–present), former state representative (2011–2019), and former minority leader of the Arkansas House of Representatives (2012–2014)  (successfully ran for re-election to the State Senate )",2022,Governor,AR,leding g,2,1,0
,DEM,Clarke Tucker,"state senator (2021–present), former state representative (2015–2019), and nominee for Arkansas's 2nd congressional district in 2018  (successfully ran for re-election to the State Senate)",2022,Governor,AR,tucker c,2,1,1
,DEM,prison chaplain,and nominee for U.S. senator in 2020,2022,Governor,AR,chaplain p,0,0,1
,REP,Kari Lake,former KSAZ-TV news anchor,2022,Governor,AZ,lake k,0,0,0
,REP,Steve Gaynor,businessman and nominee for Arizona Secretary of State in 2018,2022,Governor,AZ,gaynor s,0,0,1
,REP,Matt Salmon,former U.S. representative for Arizona's 1st congressional district and nominee for governor in 2002 (endorsed Robson),2022,Governor,AZ,salmon m,4,1,1
,REP,Kimberly Yee,Arizona State Treasurer ( running for re-election ),2022,Governor,AZ,yee k,3,0,0
,REP,Kirk Adams,former Chief of Staff to Governor Doug Ducey and former Speaker of the Arizona House of Representatives,2022,Governor,AZ,adams k,3,1,0
,REP,Andy Biggs,U.S. representative for Arizona's 5th congressional district (endorsed Salmon),2022,Governor,AZ,biggs a,4,1,0
,REP,Mark Brnovich,Arizona Attorney General ( ran for the U.S. Senate ),2022,Governor,AZ,brnovich m,3,0,0
,REP,David Schweikert,U.S. representative for Arizona's 6th congressional district (endorsed Salmon),2022,Governor,AZ,schweikert d,4,1,0
,REP,Kelli Ward,"chair of the Arizona Republican Party , former state senator and candidate for the U.S. Senate in 2016 and 2018",2022,Governor,AZ,ward k,2,0,1
,DEM,Katie Hobbs,Arizona Secretary of State,2022,Governor,AZ,hobbs k,3,0,0
,DEM,Aaron Lieberman,former state representative for the 28th district,2022,Governor,AZ,lieberman a,2,1,0
,DEM,Charlene Fernandez,Minority Leader of the Arizona House of Representatives,2022,Governor,AZ,fernandez c,2,1,0
,DEM,Kate Gallego,Mayor of Phoenix,2022,Governor,AZ,gallego k,1,0,0
,DEM,Ruben Gallego,U.S. representative for Arizona's 7th congressional district ( running for re-election ),2022,Governor,AZ,gallego r,4,1,0
,DEM,Tom O'Halleran,U.S. representative for Arizona's 1st congressional district ( running for re-election ),2022,Governor,AZ,ohalleran t,4,1,0
,DEM,Greg Stanton,U.S. representative for Arizona's 9th congressional district and former mayor of Phoenix ( running for re-election ),2022,Governor,AZ,stanton g,4,1,0
,REP,Brian Dahle,state senator from the 1st district and former Minority Leader of the California State Assembly,2022,Governor,CA,dahle b,2,0,0
,REP,Larry Elder,"conservative talk show host, author, and candidate in the 2021 recall election",2022,Governor,CA,elder l,0,0,0
,REP,Kevin Faulconer,former mayor of San Diego (2014–2020) and candidate in the 2021 recall election,2022,Governor,CA,faulconer k,1,0,0
,REP,Kimberly Guilfoyle,"television personality, former advisor to Donald Trump and ex-wife of Gavin Newsom",2022,Governor,CA,guilfoyle k,0,0,0
,REP,Kevin Kiley,state assemblyman from the 6th district (2016–2022) and candidate in the 2021 recall election ( ran for CA-03 ),2022,Governor,CA,kiley k,2,0,0
,IND,Adriel Hampton,digital media businessman and candidate for California's 10th congressional district in 2009,2022,Governor,CA,hampton a,0,0,1
,REP,Heidi Ganahl,"member of the Regents of the University of Colorado   Running mate: Danny Moore, businessman",2022,Governor,CO,ganahl h,0,0,0
,REP,Running mate: Danny Moore,businessman,2022,Governor,CO,moore r,0,0,0
,REP,Guy Benson,"political pundit, Fox News contributor, and political editor for Townhall",2022,Governor,CO,benson g,0,0,0
,REP,Ken Buck,"U.S. representative from Colorado's 4th congressional district , former chair of the Colorado Republican Party , and nominee for U.S. Senate in 2010",2022,Governor,CO,buck k,4,1,1
,REP,Bill Owens,former governor of Colorado (endorsed Ganahl),2022,Governor,CO,owens b,3,0,0
,REP,U.S. Air Force,veteran (previously ran for Republican nomination),2022,Governor,CO,force u,0,0,0
,REP,Ron DeSantis,incumbent governor (2019-present),2022,Governor,FL,desantis r,3,1,0
,REP,Republican National Committee,official and candidate for governor in 2018,2022,Governor,FL,committee r,0,0,1
,REP,marijuana,activist,2022,Governor,FL,marijuana,0,0,0
,REP,Roger Stone,political consultant,2022,Governor,FL,stone r,0,0,0
,DEM,Charlie Crist,"U.S. representative , former Republican governor of Florida and former attorney general of Florida",2022,Governor,FL,crist c,4,1,0
,DEM,state senate,in 2016,2022,Governor,FL,senate s,0,0,0
,DEM,David Nelson Freeman,businessman,2022,Governor,FL,freeman d,0,0,0
,DEM,Timothy Mosley,charity founder,2022,Governor,FL,mosley t,0,0,0
,DEM,Annette Taddeo,state senator and nominee for lieutenant governor in 2014  ( running for Florida's 27th congressional district )  (endorsed Crist),2022,Governor,FL,taddeo a,2,0,1
,DEM,Dave Aronberg,Palm Beach County state attorney and former state senator,2022,Governor,FL,aronberg d,2,0,0
,DEM,Lauren Book,state senator,2022,Governor,FL,book l,2,0,0
,DEM,Randolph Bracy,state senator   ( running for Florida's 10th congressional district ),2022,Governor,FL,bracy r,2,0,0
,DEM,Val Demings,U.S. representative   ( running for U.S. Senate ),2022,Governor,FL,demings v,4,1,0
,DEM,Anna Eskamani,state representative,2022,Governor,FL,eskamani a,2,1,0
,DEM,Dan Gelber,mayor of Miami Beach and former state house minority leader  (endorsed Crist),2022,Governor,FL,gelber d,2,0,0
,DEM,Andrew Gillum,former mayor of Tallahassee and nominee for governor in 2018,2022,Governor,FL,gillum a,1,0,1
,DEM,Rebekah Jones,former Florida Department of Health analyst  (endorsed Fried),2022,Governor,FL,jones r,0,0,0
,DEM,Al Lawson,U.S. representative   (endorsed Crist),2022,Governor,FL,lawson a,4,1,0
,DEM,Stephanie Murphy,U.S. representative,2022,Governor,FL,murphy s,4,1,0
,DEM,Jason Pizzo,state senator,2022,Governor,FL,pizzo j,2,0,0
,DEM,Sean Shaw,state representative and nominee for attorney general in 2018  (endorsed Crist),2022,Governor,FL,shaw s,2,1,1
,IND,Brian Moore,activist and perennial candidate  ( running for state senate ),2022,Governor,FL,moore b,0,0,0
,IND,Gizmo Wexler,IT administrator,2022,Governor,FL,wexler g,0,0,0
,IND,Roger Stone,political activist and consultant,2022,Governor,FL,stone r,0,0,0
,IND,Eugene H. Steele,attorney,2022,Governor,FL,steele e,0,0,0
,IND,president,in 2016,2022,Governor,FL,president,0,0,0
,IND,Frank Hughes Jr.,education consultant,2022,Governor,FL,hughes f,0,0,0
,IND,David Jolly,former U.S. representative,2022,Governor,FL,jolly d,4,1,0
,IND,Piotr Blass,perennial candidate,2022,Governor,FL,blass p,0,0,0
,IND,James Thompson,pastor,2022,Governor,FL,thompson j,0,0,0
,REP,Brian Kemp,incumbent governor (2019–present) and former secretary of state of Georgia (2010–2018),2022,Governor,GA,kemp b,3,1,0
,REP,Vernon Jones,"former state representative (1993–2001, 2017–2021, Democratic until 2020) and CEO of DeKalb County (2001–2009)  ( endorsed Perdue ) ( ran for U.S. House in GA-10 )",2022,Governor,GA,jones v,2,1,0
,REP,Doug Collins,former U.S. representative for Georgia's 9th congressional district (2013–2021) and candidate for U.S. Senate in 2020,2022,Governor,GA,collins d,4,1,1
,REP,Herschel Walker,former American football player ( ran for U.S. Senate ),2022,Governor,GA,walker h,0,0,0
,DEM,Stacey Abrams,"founder of Fair Fight Action , former minority leader of the Georgia House of Representatives (2011–2017) and nominee for governor in 2018",2022,Governor,GA,abrams s,2,1,1
,DEM,Kasim Reed,former mayor of Atlanta (2010–2018) ( ran for mayor ),2022,Governor,GA,reed k,1,0,0
,IND,U.S. Air Force,"veteran, and perennial candidate",2022,Governor,GA,force u,0,0,0
,IND,Georgia's 7th congressional district,"in 2018 , and Libertarian nominee for U.S. Senate in 2020",2022,Governor,GA,district g,0,0,1
,DEM,Josh Green,lieutenant governor of Hawaii (2018–present) and former state senator (2008–2018),2022,Governor,HI,green j,3,1,0
,DEM,Kirk Caldwell,former mayor of Honolulu (2013–2021) and former state representative (2002–2008),2022,Governor,HI,caldwell k,2,1,0
,DEM,Donovan Dela Cruz,state senator (2011–present),2022,Governor,HI,cruz d,2,1,0
,DEM,Colleen Hanabusa,"former U.S. representative for Hawaii's 1st congressional district (2011–2015, 2016–2019), candidate for the U.S. Senate in 2014 , candidate for governor in 2018 , and candidate for mayor of Honolulu in 2020",2022,Governor,HI,hanabusa c,4,1,1
,DEM,Sharon Har,state representative (2007–present),2022,Governor,HI,har s,2,1,0
,DEM,Sylvia Luke,state representative (1999–2022) and House Finance Committee chair (2013–2022),2022,Governor,HI,luke s,2,1,0
,DEM,Jill Tokuda,former state senator (2006–2018) and candidate for lieutenant governor in 2018  ( successfully ran for U.S. House ),2022,Governor,HI,tokuda j,2,0,1
,DEM,Legal Aid Society of Hawaii,( ran for Hawaii's 1st congressional district ),2022,Governor,HI,hawaii l,0,0,0
,DEM,Joey Manahan,Honolulu City Councilmember (2013–2021) and former state representative (2007–2013),2022,Governor,HI,manahan j,2,1,0
,DEM,Kym Pine,"former state representative, former Honolulu City Councilmember , and candidate for Mayor of Honolulu in 2020",2022,Governor,HI,pine k,2,1,1
,DEM,Scott Saiki,Speaker of the Hawaii House of Representatives,2022,Governor,HI,saiki s,2,1,0
,REP,Duke Aiona,former lieutenant governor (2002–2010) and nominee for governor in 2010 and 2014,2022,Governor,HI,aiona d,3,0,1
,REP,Peter Savio,businessperson and real estate developer,2022,Governor,HI,savio p,0,0,0
,REP,Andria Tupola,"Honolulu City Councilmember (2021–present), former Minority Leader of the Hawaii House of Representatives (2017–2018), and nominee for governor in 2018",2022,Governor,HI,tupola a,2,1,1
,REP,Seaula Tupa'i Jr.,pastor,2022,Governor,HI,tupai s,0,0,0
,REP,Kim Reynolds,incumbent governor (2017–present),2022,Governor,IA,reynolds k,3,1,0
,REP,Ashley Hinson,U.S. representative from IA-01 (2021–present) ( ran for re-election ),2022,Governor,IA,hinson a,4,1,0
,DEM,secretary of state of Iowa,in 2018,2022,Governor,IA,iowa s,0,0,0
,DEM,Ras Smith,state representative from HD-62 (2017–2023),2022,Governor,IA,smith r,2,1,0
,DEM,Cindy Axne,U.S. representative from IA-03 (2019–2023) ( ran for re-election ),2022,Governor,IA,axne c,4,1,0
,DEM,Abby Finkenauer,former U.S. representative from IA-01 (2019–2021) ( ran for U.S. Senate ),2022,Governor,IA,finkenauer a,4,1,0
,DEM,Rob Sand,Iowa state auditor (2019–present) (ran for re-election),2022,Governor,IA,sand r,3,1,0
,IND,Libertarian,"nominee for U.S. Senate in 2020 , Secretary of Agriculture of Iowa in 2018 , and independent candidate for U.S. Senate in 2014 .   Marco Battaglia of Des Moines was Stewart's running mate.",2022,Governor,IA,libertarian,0,0,1
,REP,Brad Little,incumbent governor ( Emmett ),2022,Governor,ID,little b,3,0,0
,REP,Ammon Bundy,"anti-government militant, activist, and leader of the Occupation of the Malheur National Wildlife Refuge (ran as an independent) (Emmett)",2022,Governor,ID,bundy a,0,0,0
,REP,Raúl Labrador,"former U.S. representative from ID-01 , former chair of the Idaho Republican Party , and candidate for governor in 2018 (successfully ran for Idaho attorney general )",2022,Governor,ID,labrador r,4,1,1
,DEM,Marsing,),2022,Governor,ID,marsing,0,0,0
,DEM,David J. Reilly,activist and media personality,2022,Governor,ID,reilly d,0,0,0
,DEM,Sandpoint,(failed to change party registration and ran as write-in candidate instead),2022,Governor,ID,sandpoint,0,0,0
,DEM,Boise School District,"trustee, nominee for governor in 2014 , and candidate in 2018  (endorsed Shelby Rognstad)",2022,Governor,ID,district b,0,0,1
,DEM,White Bird,"city councilman, retired software engineer",2022,Governor,ID,bird w,1,0,0
,DEM,Ryan Cole,member of the Central Idaho Health District board and pathologist (failed to change party registration and running as write-in candidate instead),2022,Governor,ID,cole r,0,0,0
,DEM,Pro-Life,organic strawberry farmer and perennial candidate (ran for lieutenant governor),2022,Governor,ID,prolife,0,0,0
,IND,Ammon Bundy,leader of the Occupation of the Malheur National Wildlife Refuge,2022,Governor,ID,bundy a,0,0,0
,DEM,JB Pritzker,"incumbent governor  Running mate: Juliana Stratton , incumbent lieutenant governor",2022,Governor,IL,pritzker j,3,0,0
,DEM,Juliana Stratton,incumbent lieutenant governor,2022,Governor,IL,stratton j,3,0,0
,REP,Darren Bailey,"state senator  Running mate: Stephanie Trussell, former radio talk show host  from Lisle, Illinois",2022,Governor,IL,bailey d,2,0,0
,REP,Running mate: Stephanie Trussell,"former radio talk show host  from Lisle, Illinois",2022,Governor,IL,trussell r,0,0,0
,REP,Rodney Davis,U.S. representative for Illinois's 13th congressional district ( ran for re-election ),2022,Governor,IL,davis r,4,1,0
,REP,Kirk Dillard,"chair of the Regional Transportation Authority , former state senator , and candidate for governor in 2010 and 2014",2022,Governor,IL,dillard k,2,0,1
,REP,Adam Kinzinger,U.S. representative for Illinois's 16th congressional district,2022,Governor,IL,kinzinger a,4,1,0
,REP,Todd Ricketts,"finance chair of the Republican National Committee , member of the TD Ameritrade Board of Directors, and co-owner of the Chicago Cubs",2022,Governor,IL,ricketts t,0,0,0
,REP,Scott Schluter,"veteran, diesel technician, and chair of the Southern Illinois Libertarian Party  Running mate: John Phillips",2022,Governor,IL,schluter s,0,0,0
,IND,Mancow Muller,radio personality,2022,Governor,IL,muller m,0,0,0
,DEM,Laura Kelly,"incumbent governor (2019–present)  Running mate: David Toland , incumbent lieutenant governor (2021–present) and Secretary of Commerce (2019–present)",2022,Governor,KS,kelly l,3,1,0
,DEM,David Toland,incumbent lieutenant governor (2021–present) and Secretary of Commerce (2019–present),2022,Governor,KS,toland d,3,1,0
,REP,Derek Schmidt,"Kansas Attorney General (2011–2023)  Running mate: Katie Sawyer, political staffer",2022,Governor,KS,schmidt d,3,0,0
,REP,Running mate: Katie Sawyer,political staffer,2022,Governor,KS,sawyer r,0,0,0
,REP,Jeff Colyer,former governor (2018–2019) and former lieutenant governor (2011–2018) (endorsed Schmidt),2022,Governor,KS,colyer j,3,0,0
,REP,Chase LaPorte,businessman,2022,Governor,KS,laporte c,0,0,0
,REP,Wink Hartman,businessman and nominee for lieutenant governor in 2018,2022,Governor,KS,hartman w,0,0,1
,REP,Kris Kobach,"former Kansas Secretary of State (2011–2019), nominee for governor in 2018 , and candidate for the U.S. Senate in 2020 ( running for Kansas Attorney General )",2022,Governor,KS,kobach k,3,0,1
,REP,Jerry Moran,U.S. senator (2011–present) ( running for re-election ),2022,Governor,KS,moran j,4,1,0
,REP,Ron Ryckman Jr.,Speaker of the Kansas House of Representatives (2017–2023) from the 78th District (2013–2023) (endorsed Schmidt),2022,Governor,KS,ryckman r,2,1,0
,IND,Dennis Pyle,"state senator from the 1st district , former Republican (2005–2025)  Kathleen Garrison, Clearwater school board member",2022,Governor,KS,pyle d,2,0,0
,IND,Clearwater,school board member,2022,Governor,KS,clearwater,1,0,0
,REP,Geoff Diehl,former state representative (2011–2019) and nominee for U.S. Senate in 2018 (ran with Leah Cole Allen ),2022,Governor,MA,diehl g,2,1,1
,REP,Kimberly Duffy,businesswoman,2022,Governor,MA,duffy k,0,0,0
,REP,Charlie Baker,governor of Massachusetts (2015–2023),2022,Governor,MA,baker c,3,0,0
,REP,Scott Brown,"former U.S. senator from Massachusetts (2010–2013), former U.S. ambassador to New Zealand and Samoa (2017–2020), and nominee for U.S. Senate from New Hampshire in 2014",2022,Governor,MA,brown s,4,0,1
,REP,Mike Kennealy,secretary of housing and economic development for the Commonwealth of Massachusetts,2022,Governor,MA,kennealy m,0,0,0
,REP,Andrew Lelling,former U.S. attorney for the District of Massachusetts (2017–2021),2022,Governor,MA,lelling a,0,0,0
,REP,Scott Lively,"anti-gay activist, independent candidate for governor in 2014 and Republican candidate for governor in 2018",2022,Governor,MA,lively s,0,0,1
,REP,Shaunna O'Connell,mayor of Taunton (2020–present) and former state representative (2011–2020),2022,Governor,MA,oconnell s,2,1,0
,REP,Patrick O'Connor,state senator (2016–present),2022,Governor,MA,oconnor p,2,1,0
,REP,Karyn Polito,lieutenant governor of Massachusetts (2015–2023),2022,Governor,MA,polito k,3,0,0
,REP,Jane Swift,former acting governor (2001–2003) and former lieutenant governor (1999–2003),2022,Governor,MA,swift j,3,0,0
,REP,Leah Cole Allen,former state representative (2013–2015) (ran with Geoff Diehl),2022,Governor,MA,allen l,2,1,0
,REP,Barnstable County,commissioner (2017–2021)   (ran for Barnstable County Commission),2022,Governor,MA,county b,0,0,0
,REP,Massachusetts's 7th congressional district,in 2020 (ran for secretary of the Commonwealth ),2022,Governor,MA,district m,0,0,0
,REP,Agawam,city councilor ( ran for state senate ),2022,Governor,MA,agawam,1,0,0
,DEM,Maura Healey,attorney general of Massachusetts (2015–2023),2022,Governor,MA,healey m,3,0,0
,DEM,Danielle Allen,political science professor at Harvard University   (endorsed Healey),2022,Governor,MA,allen d,0,0,0
,DEM,Sonia Chang-Díaz,state senator (2009–2023) (remained on ballot),2022,Governor,MA,changdiaz s,2,0,0
,DEM,Scott Donohue,Melrose resident  (ran for lieutenant governor),2022,Governor,MA,donohue s,0,0,0
,DEM,Benjamin Downing,former state senator (2007–2017),2022,Governor,MA,downing b,2,0,0
,DEM,Jake Auchincloss,U.S. representative for Massachusetts's 4th congressional district (2021–present) ( ran for re-election )   (endorsed Healey),2022,Governor,MA,auchincloss j,4,1,0
,DEM,Michael Bellotti,Norfolk County treasurer (2021–present) and former Norfolk County Sheriff (1999–2018),2022,Governor,MA,bellotti m,1,1,0
,DEM,Mo Cowan,former U.S. senator (2013),2022,Governor,MA,cowan m,4,0,0
,DEM,Joseph Curtatone,former mayor of Somerville (2004–2022),2022,Governor,MA,curtatone j,1,0,0
,DEM,Michael Dukakis,"former governor of Massachusetts (1975–79, 1983–91) and nominee for president in 1988",2022,Governor,MA,dukakis m,3,0,1
,DEM,Annissa Essaibi George,former at-large Boston city councilor (2016–2022) and candidate for mayor of Boston in 2021,2022,Governor,MA,george a,1,0,1
,DEM,Deb Goldberg,treasurer and receiver-general of Massachusetts (2015–present) (ran for re-election),2022,Governor,MA,goldberg d,0,1,0
,DEM,Jay Gonzalez,former secretary of administration and finance of Massachusetts (2009–2013) and Democratic nominee for governor in 2018,2022,Governor,MA,gonzalez j,0,0,1
,DEM,Paul Heroux,mayor of Attleboro (2018–present) and former state representative (2013–2018) (ran for Bristol County sheriff),2022,Governor,MA,heroux p,2,1,0
,DEM,Joe Kennedy III,former U.S. representative for Massachusetts's 4th congressional district (2013–21) and candidate for U.S. Senate in 2020,2022,Governor,MA,kennedy j,4,1,1
,DEM,Josh Kraft,CEO of the Kraft Foundation and son of businessman Robert Kraft,2022,Governor,MA,kraft j,0,0,0
,DEM,Bob Massie,"Episcopal minister, nominee for lieutenant governor in 1994 , candidate for U.S. Senate in 2012 , and candidate for governor in 2018",2022,Governor,MA,massie b,0,0,1
,DEM,Jon Mitchell,mayor of New Bedford (2011–present),2022,Governor,MA,mitchell j,1,1,0
,DEM,Alex Morse,"former mayor of Holyoke (2012–2021), current town manager of Provincetown (2021–present), and candidate for Massachusetts's 1st congressional district in 2020",2022,Governor,MA,morse a,1,1,1
,DEM,Tim Murray,former lieutenant governor of Massachusetts (2007–2013),2022,Governor,MA,murray t,3,0,0
,DEM,Richard Neal,"U.S. representative for Massachusetts's 1st congressional district (2013–present), former U.S. representative for Massachusetts's 2nd congressional district (1989–2013) ( ran for re-election )",2022,Governor,MA,neal r,4,1,0
,DEM,Ayanna Pressley,U.S. representative for Massachusetts's 7th congressional district (2019–present) ( ran for re-election ),2022,Governor,MA,pressley a,4,1,0
,DEM,Marty Walsh,U.S. secretary of labor (2021–2023) and former mayor of Boston (2014–2021),2022,Governor,MA,walsh m,4,0,0
,DEM,Elizabeth Warren,U.S. senator (2013–present) and 2020 Democratic candidate for president,2022,Governor,MA,warren e,4,1,1
,DEM,Kim Driscoll,mayor of Salem,2022,Governor,MA,driscoll k,1,0,0
,DEM,Manny Cruz,member of the Salem school committee,2022,Governor,MA,cruz m,0,0,0
,DEM,Dan Koh,"chief of staff to U.S. Labor Secretary Marty Walsh , former Andover selectman , and candidate for Massachusetts' 3rd congressional district in 2018",2022,Governor,MA,koh d,1,0,1
,IND,Dianna Ploss,former radio host,2022,Governor,MA,ploss d,0,0,0
,REP,Dan Cox,"state delegate for the fourth district (2019–2023) and nominee for MD-08 in 2016  Running mate: Gordana Schifanelli, attorney",2022,Governor,MD,cox d,2,0,1
,REP,Running mate: Gordana Schifanelli,attorney,2022,Governor,MD,schifanelli r,0,0,0
,REP,Barry Glassman,Harford County executive (2014–2023) ( ran for comptroller ),2022,Governor,MD,glassman b,1,0,0
,REP,Andy Harris,U.S. representative for Maryland's 1st congressional district (2011–present)  ( ran for re-election ),2022,Governor,MD,harris a,4,1,0
,REP,J. B. Jennings,"former minority leader of the Maryland Senate (2014–2020) and state senator for the seventh district  ( ran for re-election, endorsed Schulz )",2022,Governor,MD,jennings j,2,0,0
,REP,Allan Kittleman,"former Howard County executive (2014–2018)  ( ran for Howard County executive, endorsed Schulz )",2022,Governor,MD,kittleman a,1,0,0
,REP,Kim Klacik,radio talk show host and nominee for Maryland's 7th congressional district in 2020 ( endorsed Cox ),2022,Governor,MD,klacik k,0,0,1
,REP,Boyd Rutherford,lieutenant governor of Maryland (2015–2023)  ( endorsed Schulz ),2022,Governor,MD,rutherford b,3,0,0
,REP,Michael Steele,"former Republican National Committee chairman (2009–2011), nominee for the U.S. Senate in 2006 , and former lieutenant governor of Maryland (2003–2007)",2022,Governor,MD,steele m,3,0,1
,DEM,Wes Moore,"author and former CEO of the Robin Hood Foundation   Running mate: Aruna Miller , former state delegate for the 15th district (2010–2019) and candidate for MD-06 in 2018",2022,Governor,MD,moore w,2,0,1
,DEM,Aruna Miller,former state delegate for the 15th district (2010–2019) and candidate for MD-06 in 2018,2022,Governor,MD,miller a,2,0,1
,DEM,Rushern Baker,"former Prince George's County executive (2010–2018) and candidate for governor in 2018   Running mate: Nancy Navarro , Montgomery County councilmember (2009–2022)",2022,Governor,MD,baker r,1,0,1
,DEM,Laura Neuman,former Republican Anne Arundel County executive (2013–2014)   ( endorsed Franchot ),2022,Governor,MD,neuman l,1,0,0
,DEM,Mike Rosenbaum,founder of Catalyte,2022,Governor,MD,rosenbaum m,0,0,0
,DEM,Nancy Navarro,Montgomery County councilmember (2009–2022),2022,Governor,MD,navarro n,1,0,0
,DEM,Angela Alsobrooks,"Prince George's County executive (2018–present) and former Prince George's County state attorney (2011–2018) ( ran for re-election, endorsed Moore )",2022,Governor,MD,alsobrooks a,1,1,0
,DEM,Calvin Ball III,Howard County executive (2018–present) ( ran for re-election ),2022,Governor,MD,ball c,1,1,0
,DEM,Anthony Brown,"U.S. representative for Maryland's 4th congressional district (2017–2023), former lieutenant governor and nominee for governor in 2014 ( ran for attorney general )",2022,Governor,MD,brown a,4,1,1
,DEM,Brooke Lierman,state delegate for the 46th district (2015–2023) (ran for comptroller ),2022,Governor,MD,lierman b,2,0,0
,DEM,Kweisi Mfume,"U.S. representative for Maryland's 7th congressional district (2020–present) and former president of the NAACP (1996–2004)  ( running for re-election, endorsed Moore )",2022,Governor,MD,mfume k,4,1,0
,DEM,Heather Mizeur,former state delegate for the 20th district (2007–2015) and candidate for governor in 2014 (ran for MD-01 ),2022,Governor,MD,mizeur h,2,0,1
,DEM,Johnny Olszewski,"Baltimore County executive (2018–present) and former state delegate for the 6th district (2006–2015) ( ran for re-election, endorsed Perez )",2022,Governor,MD,olszewski j,2,1,0
,DEM,Steuart Pittman,"Anne Arundel County executive (2018–present) ( running for re-election, endorsed Moore )",2022,Governor,MD,pittman s,1,1,0
,DEM,John Sarbanes,U.S. representative for Maryland's 3rd congressional district (2007–present)  ( ran for re-election ),2022,Governor,MD,sarbanes j,4,1,0
,DEM,David Trone,U.S. representative for Maryland's 6th congressional district (2019–present) ( ran for re-election ),2022,Governor,MD,trone d,4,1,0
,DEM,Mary L. Washington,state senator for the 43rd district (2019–present) ( ran for re-election ),2022,Governor,MD,washington m,2,1,0
,IND,Working Class,"), candidate for mayor of Baltimore in 2020  Running mate: Cathy White",2022,Governor,MD,class w,0,0,1
,IND,Libertarian,"), candidate for Maryland's 3rd congressional district in 2018  Running mate: Christiana Logansmith, U.S. Navy veteran and small business owner",2022,Governor,MD,libertarian,0,0,1
,IND,Maryland's 8th congressional district,"in 2016  Running mate: Patrick Elder, candidate for Maryland's 5th congressional district in 2018",2022,Governor,MD,district m,0,0,1
,IND,U.S. Navy,veteran and small business owner,2022,Governor,MD,navy u,0,0,0
,IND,MMA,"fighter and small business owner   Running mate: Katie Lee, personal trainer",2022,Governor,MD,mma,0,0,0
,IND,Running mate: Katie Lee,personal trainer,2022,Governor,MD,lee r,0,0,0
,DEM,Janet Mills,governor of Maine (2019–present),2022,Governor,ME,mills j,3,1,0
,DEM,John Glowa,wildlife activist,2022,Governor,ME,glowa j,0,0,0
,DEM,Troy Jackson,President of the Maine Senate (2018–2024) (endorsed Mills),2022,Governor,ME,jackson t,2,0,0
,REP,Paul LePage,former governor of Maine (2011–2019),2022,Governor,ME,lepage p,3,0,0
,REP,Michael Heath,activist,2022,Governor,ME,heath m,0,0,0
,IND,Thomas Saviello,former state senator (2010–2018),2022,Governor,ME,saviello t,2,0,0
,DEM,Gretchen Whitmer,"incumbent governor (2019–present) and vice chair of the Democratic National Committee (2021–present)  Running mate: Garlin Gilchrist , incumbent lieutenant governor (2019–present)",2022,Governor,MI,whitmer g,3,1,0
,DEM,Garlin Gilchrist,incumbent lieutenant governor (2019–present),2022,Governor,MI,gilchrist g,3,1,0
,REP,Tudor Dixon,"conservative media personality    Running mate: Shane Hernandez , former state representative from the 83rd district (2017–2021) and candidate for Michigan's 10th congressional district in 2020",2022,Governor,MI,dixon t,2,1,1
,REP,Shane Hernandez,former state representative from the 83rd district (2017–2021) and candidate for Michigan's 10th congressional district in 2020,2022,Governor,MI,hernandez s,2,1,1
,REP,Detroit,document specialist ( ran unsuccessfully for Michigan's 13th congressional district ),2022,Governor,MI,detroit,0,0,0
,REP,Austin Chenge,businessman and U.S. Army veteran,2022,Governor,MI,chenge a,0,0,0
,REP,Tom Barrett,state senator from the 24th district (2019–2023)  ( running for Michigan's 7th congressional district ),2022,Governor,MI,barrett t,2,0,0
,REP,Jack Bergman,"U.S. representative for Michigan's 1st congressional district (2017–present) ( running for re-election )  ( endorsed James Craig,  later switched to Perry Johnson  )",2022,Governor,MI,bergman j,4,1,0
,REP,Betsy DeVos,"former U.S. Secretary of Education (2017–2021) and former chair of the Michigan Republican Party (1996–2000, 2003–2005)",2022,Governor,MI,devos b,4,0,0
,REP,Bill Huizenga,U.S. representative for Michigan's 2nd congressional district (2011–present) ( running for re-election )  ( endorsed Tudor Dixon ),2022,Governor,MI,huizenga b,4,1,0
,REP,John James,"businessman, former U.S. Army Captain and Republican nominee for the U.S. Senate in 2018 and 2020  ( running for Michigan's 10th congressional district )",2022,Governor,MI,james j,0,0,1
,REP,Tom Leonard,former speaker of the Michigan House of Representatives (2017–2019) and nominee for attorney general in 2018   ( ran unsuccessfully for attorney general ),2022,Governor,MI,leonard t,3,1,1
,REP,Lisa McClain,U.S. representative for Michigan's 10th congressional district (2021–present) ( running for re-election )  ( endorsed Tudor Dixon ),2022,Governor,MI,mcclain l,4,1,0
,REP,Candice Miller,"Macomb County Public Works Commissioner (2017–present), former U.S. representative for Michigan's 10th congressional district (2003–2016), and former Michigan Secretary of State (1995–2003)",2022,Governor,MI,miller c,4,1,0
,REP,Mike Shirkey,Majority Leader of the Michigan Senate (2019–present) and former state representative from the 65th district (2010–2014)  ( endorsed Tudor Dixon ),2022,Governor,MI,shirkey m,2,1,0
,REP,2014,"Running mate: Brian Ellison, nominee for Michigan's 8th congressional district in 2018",2022,Governor,MI,,0,0,1
,REP,Michigan's 8th congressional district,in 2018,2022,Governor,MI,district m,0,0,0
,DEM,Tim Walz,"incumbent governor and former U.S. representative for Minnesota's 1st congressional district (2007–2019)    Peggy Flanagan , incumbent lieutenant governor",2022,Governor,MN,walz t,4,1,0
,DEM,Peggy Flanagan,incumbent lieutenant governor,2022,Governor,MN,flanagan p,3,0,0
,REP,Scott Jensen,"family medicine physician and former state senator  Matt Birk , former professional football player with the Minnesota Vikings , businessman, and author",2022,Governor,MN,jensen s,2,0,0
,REP,Matt Birk,"former professional football player with the Minnesota Vikings , businessman, and author",2022,Governor,MN,birk m,0,0,0
,REP,Michelle Benson,state senator,2022,Governor,MN,benson m,2,0,0
,REP,Thomas Evensted,activist,2022,Governor,MN,evensted t,0,0,0
,REP,Paul Gazelka,state senator and former majority leader of the Minnesota Senate,2022,Governor,MN,gazelka p,2,0,0
,REP,Mike Marti,businessman,2022,Governor,MN,marti m,0,0,0
,REP,Minnesota's 3rd congressional district,in 2020,2022,Governor,MN,district m,0,0,0
,REP,Neil Shah,physician and business owner,2022,Governor,MN,shah n,0,0,0
,REP,Rich Stanek,former Hennepin County sheriff,2022,Governor,MN,stanek r,1,0,0
,REP,Jennifer Carnahan,former chair of the Minnesota Republican Party (2017–2021) and widow of U.S. Representative Jim Hagedorn  (unsuccessfully ran for Congress in a 2022 special election ),2022,Governor,MN,carnahan j,4,1,0
,REP,Karin Housley,state senator and nominee for the U.S. Senate in 2018  (ran for reelection),2022,Governor,MN,housley k,2,0,1
,REP,Mike Lindell,"inventor of My Pillow , businessman",2022,Governor,MN,lindell m,0,0,0
,REP,Carla Nelson,state senator  (ran for reelection),2022,Governor,MN,nelson c,2,0,0
,REP,Pete Stauber,U.S. representative for Minnesota's 8th congressional district (ran for reelection),2022,Governor,MN,stauber p,4,1,0
,IND,anti-lockdown,activist  Matt Huff,2022,Governor,MN,antilockdown,0,0,0
,IND,BLM,"activist  David Sandbeck, activist and candidate for Minnesota's 4th congressional district in 2020",2022,Governor,MN,blm,0,0,1
,IND,Minnesota's 4th congressional district,in 2020,2022,Governor,MN,district m,0,0,0
,IND,Forward Party,") Tamara Uselman, school administrator",2022,Governor,MN,party f,0,0,0
,IND,Tamara Uselman,school administrator,2022,Governor,MN,uselman t,0,0,0
,IND,Tom Bakk,state senator and DFL candidate for governor in 2010,2022,Governor,MN,bakk t,2,0,1
,IND,Christopher Chamberlin,"candidate for governor, senate, and house in 2018",2022,Governor,MN,chamberlin c,0,0,1
,IND,Richard Painter,"University of Minnesota Law School professor, former chief White House ethics lawyer, and DFL candidate for U.S. Senate in 2018 (ran for Congress )",2022,Governor,MN,painter r,4,0,1
,REP,Jim Pillen,"member and former chair of the University of Nebraska Board of Regents  Running mate: Joe Kelly , former U.S. Attorney for the District of Nebraska",2022,Governor,NE,pillen j,0,0,0
,REP,Joe Kelly,former U.S. Attorney for the District of Nebraska,2022,Governor,NE,kelly j,0,0,0
,REP,Don Bacon,U.S. representative for Nebraska's 2nd congressional district ( successfully ran for re-election ),2022,Governor,NE,bacon d,4,1,0
,REP,Deb Fischer,U.S. senator,2022,Governor,NE,fischer d,4,0,0
,REP,Mike Flood,"state senator , former Speaker of the Nebraska Legislature , and candidate for governor in 2014",2022,Governor,NE,flood m,2,0,1
,REP,Mike Foley,"Lieutenant Governor of Nebraska , former Nebraska State Auditor , and candidate for governor in 2014 (successfully ran for State Auditor; endorsed Herbster)",2022,Governor,NE,foley m,3,0,1
,REP,Jeff Fortenberry,former U.S. representative for Nebraska's 1st congressional district,2022,Governor,NE,fortenberry j,4,1,0
,REP,Dave Heineman,former governor,2022,Governor,NE,heineman d,3,0,0
,REP,Mike Hilgers,Speaker of the Nebraska Legislature ( successfully ran for Attorney General ),2022,Governor,NE,hilgers m,0,0,0
,REP,Greg Ibach,former U.S. Under Secretary of Agriculture for Marketing and Regulatory Programs and former Nebraska Director of Agriculture,2022,Governor,NE,ibach g,0,0,0
,REP,Adrian Smith,U.S. representative for Nebraska's 3rd congressional district ( successfully ran for re-election ),2022,Governor,NE,smith a,4,1,0
,REP,John Stinner,state senator,2022,Governor,NE,stinner j,2,0,0
,REP,Jean Stothert,Mayor of Omaha (endorsed Lindstrom),2022,Governor,NE,stothert j,1,0,0
,DEM,Carol Blood,"state senator  Running mate: Al Davis , former state senator",2022,Governor,NE,blood c,2,0,0
,DEM,Al Davis,former state senator,2022,Governor,NE,davis a,2,0,0
,DEM,Bob Krist,former state senator and nominee for governor in 2018 (endorsed Lindstrom),2022,Governor,NE,krist b,2,0,1
,DEM,Sara Howard,member of the Omaha Public Power District board and former state senator,2022,Governor,NE,howard s,2,0,0
,DEM,Steve Lathrop,state senator,2022,Governor,NE,lathrop s,2,0,0
,DEM,U.S. Senate,in 2020 ( unsuccessfully ran for U.S. House ),2022,Governor,NE,senate u,0,0,0
,DEM,Tony Vargas,state senator ( unsuccessfully ran for U.S. House ),2022,Governor,NE,vargas t,2,0,0
,DEM,2014,Running mate: Jason Blumenthal,2022,Governor,NE,,0,0,0
,REP,Chris Sununu,incumbent governor,2022,Governor,NH,sununu c,3,0,0
,REP,Kelly Ayotte,former U.S. senator,2022,Governor,NH,ayotte k,4,0,0
,REP,Scott Brown,former U.S. senator from Massachusetts and nominee for U.S. Senate in 2014,2022,Governor,NH,brown s,4,0,1
,DEM,Tom Sherman,state senator from the 24th district,2022,Governor,NH,sherman t,2,0,0
,DEM,Dan Feltes,former majority leader of the New Hampshire Senate from the 15th district and nominee for governor in 2020  (moved out of state in 2021),2022,Governor,NH,feltes d,2,0,1
,DEM,John Lynch,former governor,2022,Governor,NH,lynch j,3,0,0
,DEM,Jodi Picoult,author,2022,Governor,NH,picoult j,0,0,0
,DEM,Andru Volinsky,former executive councilor and candidate for governor in 2020,2022,Governor,NH,volinsky a,0,0,1
,DEM,Cinde Warmington,executive councilor (running for re-election),2022,Governor,NH,warmington c,0,0,0
,DEM,Karlyn Borysenko,"far-right social media activist, author, and podcaster; during the 2025 ZLuC, Borysenko violated event policies and Substack community guidelines by recording, live-streaming, and then selling access to the footage of what is a free-to-all event. Borysenko targeted a zine librarian for expressing dissatisfaction with the Trump administration.",2022,Governor,NH,borysenko k,0,0,0
,DEM,Michelle Lujan Grisham,incumbent governor (2019–present),2022,Governor,NM,grisham m,3,1,0
,DEM,Howie Morales,incumbent lieutenant governor (2019–present),2022,Governor,NM,morales h,3,1,0
,REP,KRQE,meteorologist and nominee for the U.S. Senate in 2020,2022,Governor,NM,krqe,0,0,1
,REP,Karen Bedonie,businesswoman (running as a Libertarian),2022,Governor,NM,bedonie k,0,0,0
,REP,ran for U.S. House,),2022,Governor,NM,house r,0,0,0
,REP,Gary Johnson,"and former Lake City, Minnesota city councilman (ran as a Libertarian)",2022,Governor,NM,johnson g,1,0,0
,REP,Yvette Herrell,U.S. representative from New Mexico's 2nd congressional district (2021–2023) ( ran for re-election ),2022,Governor,NM,herrell y,4,1,0
,REP,Ant Thornton,aerospace engineer,2022,Governor,NM,thornton a,0,0,0
,REP,New Mexico's 3rd congressional district,in 2020,2022,Governor,NM,district n,0,0,0
,REP,Nicholas Sarwark,former Chair of Libertarian National Committee (2014–2020),2022,Governor,NM,sarwark n,0,0,0
,REP,Travis Sanchez,activist,2022,Governor,NM,sanchez t,0,0,0
,DEM,Steve Sisolak,incumbent governor (2019–2023) and former Clark County Commissioner (2009–2019),2022,Governor,NV,sisolak s,3,0,0
,DEM,Marilyn Kirkpatrick,Clark County Commissioner (2015–present),2022,Governor,NV,kirkpatrick m,1,1,0
,REP,Joe Lombardo,sheriff of Clark County (2015–2023),2022,Governor,NV,lombardo j,1,0,0
,REP,Michele Fiore,Las Vegas City Councilwoman (2017–2022)  and former state assemblywoman for the 4th District (2012–2016)  ( ran for state treasurer and lost ),2022,Governor,NV,fiore m,2,0,0
,REP,Mark Amodei,U.S. representative for Nevada's 2nd congressional district (2011–present) (ran for re-election and won ),2022,Governor,NV,amodei m,4,1,0
,REP,Heidi Gansert,state senator from the 15th district (2016–2024),2022,Governor,NV,gansert h,2,0,0
,REP,Rick Harrison,businessman and reality television personality,2022,Governor,NV,harrison r,0,0,0
,REP,Mark Hutchison,former lieutenant governor of Nevada (2015–2019) (endorsed Lombardo),2022,Governor,NV,hutchison m,3,0,0
,REP,Ben Kieckhefer,"state senator from the 16th district (2010–2021), member of the Nevada Gaming Commission (2021–2023)",2022,Governor,NV,kieckhefer b,2,0,0
,REP,Adam Laxalt,former Nevada Attorney General (2015–2019) and nominee for governor in 2018 ( ran for the U.S. Senate and lost ),2022,Governor,NV,laxalt a,3,0,1
,REP,Derek Stevens,casino owner,2022,Governor,NV,stevens d,0,0,0
,REP,Brandon Davis,advertising agency owner,2022,Governor,NV,davis b,0,0,0
,IND,Nevada's 3rd congressional district,in 2020,2022,Governor,NV,district n,0,0,0
,IND,Bradley Beck,geologist,2022,Governor,NV,beck b,0,0,0
,IND,Austin Billings,logistics professional,2022,Governor,NV,billings a,0,0,0
,IND,Monique Richardson,pastor,2022,Governor,NV,richardson m,0,0,0
,DEM,Kathy Hochul,incumbent governor of New York (2021–present) (running with Antonio Delgado) [ a ],2022,Governor,NY,hochul k,3,1,0
,DEM,Andrew Cuomo,former governor of New York (2011–2021),2022,Governor,NY,cuomo a,3,0,0
,DEM,Letitia James,Attorney General of New York (2019–present) ( running for re-election ),2022,Governor,NY,james l,3,1,0
,DEM,Charles Barron,"New York City Councilmember from the 42nd district (2002–2013, 2021–present); state assembly member from the 60th District (2015–present)",2022,Governor,NY,barron c,2,1,0
,DEM,Bill de Blasio,mayor of New York City (2014–2021); candidate for president of the United States in 2020,2022,Governor,NY,blasio b,1,0,1
,DEM,Thomas DiNapoli,New York State Comptroller (2007–present) ( running for re-election ),2022,Governor,NY,dinapoli t,3,1,0
,DEM,Kirsten Gillibrand,U.S. senator from New York (2009–present); candidate for president of the United States in 2020 (endorsed Hochul),2022,Governor,NY,gillibrand k,4,1,1
,DEM,Svante Myrick,mayor of Ithaca (2012–2022),2022,Governor,NY,myrick s,1,0,0
,DEM,Cynthia Nixon,"actress, activist and candidate for governor of New York in 2018",2022,Governor,NY,nixon c,0,0,1
,DEM,Christine Quinn,Speaker of the New York City Council (2006–2013),2022,Governor,NY,quinn c,1,0,0
,DEM,Jessica Ramos,state senator from the 13th district (2019–present),2022,Governor,NY,ramos j,2,1,0
,DEM,Kathleen Rice,U.S. representative for NY-04 (2015–present) (endorsed Hochul),2022,Governor,NY,rice k,4,1,0
,DEM,Al Sharpton,civil rights activist,2022,Governor,NY,sharpton a,0,0,0
,DEM,Andrea Stewart-Cousins,Majority Leader of the New York State Senate (2019–present); state senator from the 35th district (2007–present) (endorsed Hochul) (running for reelection),2022,Governor,NY,stewartcousins a,2,1,0
,DEM,Antonio Delgado,"lieutenant governor (2022–present), former U.S. representative from New York's 19th congressional district (2019–2022)",2022,Governor,NY,delgado a,4,1,0
,DEM,Brian Benjamin,"lieutenant governor of New York (2021–2022), state senator from the 30th district (2017–2021); candidate for New York City Comptroller in 2021",2022,Governor,NY,benjamin b,3,0,1
,REP,Lee Zeldin,U.S. representative for NY-01 (2015–2023)    (running with Alison Esposito),2022,Governor,NY,zeldin l,4,1,0
,REP,Lewis County,sheriff (endorsed Giuliani),2022,Governor,NY,county l,1,0,0
,REP,John Catsimatidis,"businessman, owner of WABC radio and Gristedes Foods , and 2013 candidate for mayor of New York City",2022,Governor,NY,catsimatidis j,0,0,1
,REP,Joel Giambra,Erie County executive (2000–2007) ( seeking New York State Senate seat ),2022,Governor,NY,giambra j,2,0,0
,REP,John Katko,U.S. representative for NY-24 (2015–2023)   (endorsed Zeldin),2022,Governor,NY,katko j,4,1,0
,REP,Marc Molinaro,"Dutchess County executive (2012–present), state assembly member from the 103rd District (2007–2011), and gubernatorial nominee in 2018 (endorsed Zeldin) ( running for U.S. House )",2022,Governor,NY,molinaro m,2,1,0
,REP,George Pataki,governor of New York (1995–2006),2022,Governor,NY,pataki g,3,0,0
,REP,Tom Reed,U.S. representative for NY-23 (2010–2022),2022,Governor,NY,reed t,4,1,0
,REP,Alison Esposito,former NYPD Deputy Inspector and commanding officer of Brooklyn's 70th Precinct,2022,Governor,NY,esposito a,0,0,0
,REP,Jumaane Williams,New York City Public Advocate (2019–present); candidate for lieutenant governor of New York in 2018,2022,Governor,NY,williams j,0,1,1
,REP,Antonio Delgado,"lieutenant governor (2022–present), former U.S. representative from New York's 19th congressional district (2019–2022)",2022,Governor,NY,delgado a,4,1,0
,REP,Ana Maria Archila,executive director of Center for Popular Democracy and co-founder of Make the Road New York,2022,Governor,NY,archila a,0,0,0
,REP,Larry Sharpe,"activist, businessman and Libertarian nominee for governor in 2018 ;     ran as a write-in candidate",2022,Governor,NY,sharpe l,0,0,1
,REP,Mike DeWine,"incumbent governor of Ohio (2019–present), 50th attorney general of Ohio (2011–2019), former U.S. senator from Ohio (1995–2007), 59th lieutenant governor of Ohio , and former U.S. representative for Ohio's 7th congressional district (1983–1991)    Running mate: Jon Husted , incumbent lieutenant governor of Ohio (2019–present)",2022,Governor,OH,dewine m,4,1,0
,REP,Jon Husted,incumbent lieutenant governor of Ohio (2019–present),2022,Governor,OH,husted j,3,1,0
,REP,Warren Davidson,U.S. representative for Ohio's 8th congressional district (2016–present) ( ran for re-election ),2022,Governor,OH,davidson w,4,1,0
,REP,Jim Jordan,U.S. representative for Ohio's 4th congressional district (2007–present) ( ran for re-election ),2022,Governor,OH,jordan j,4,1,0
,REP,Josh Mandel,"former Ohio state treasurer (2011–2019), nominee for U.S. Senate in 2012 , and candidate for U.S. Senate in 2018 ( ran for U.S. Senate )",2022,Governor,OH,mandel j,3,0,1
,REP,Dave Yost,Attorney General of Ohio (2019–present) and former Ohio state auditor (2011–2019) (ran for re-election),2022,Governor,OH,yost d,3,1,0
,DEM,Nan Whaley,"former mayor of Dayton (2014–2022) and candidate in 2018  Running mate: Cheryl Stephens, Cuyahoga County Council vice president",2022,Governor,OH,whaley n,1,0,0
,DEM,Cuyahoga County Council,vice president,2022,Governor,OH,council c,0,0,0
,DEM,Ted Williams,voice-over artist,2022,Governor,OH,williams t,0,0,0
,DEM,Tim Ryan,U.S. representative for Ohio's 13th congressional district (2003–2023) and candidate for U.S. President in 2020   ( ran for U.S. Senate ),2022,Governor,OH,ryan t,4,1,1
,DEM,Emilia Sykes,Minority Leader of the Ohio House of Representatives (2019–2021) and state representative (2015–2023)  ( successfully ran for Rep of the U.S. House in Ohio's 13th congressional district ),2022,Governor,OH,sykes e,2,1,0
,IND,Timothy Grady,college student  Running mate: Dayna Bickley,2022,Governor,OH,grady t,0,0,0
,REP,Kevin Stitt,incumbent governor (2019–present),2022,Governor,OK,stitt k,3,1,0
,REP,T. W. Shannon,former speaker of the Oklahoma House of Representatives (2013–2014) and former state representative (2007–2015)  ( running for the Class 2 U.S. Senate seat ),2022,Governor,OK,shannon t,2,1,0
,DEM,Joy Hofmeister,Oklahoma State Superintendent of Public Instruction (2015–2023),2022,Governor,OK,hofmeister j,3,0,0
,DEM,Monroe Nichols,state representative (2016–present),2022,Governor,OK,nichols m,2,1,0
,DEM,Anastasia Pittman,former state senator (2014–2018) and nominee for lieutenant governor of Oklahoma in 2018 (running for Oklahoma County Commission),2022,Governor,OK,pittman a,2,0,1
,DEM,Tina Kotek,former speaker of the Oregon House of Representatives (2013–2022),2022,Governor,OR,kotek t,2,1,0
,DEM,Yamhill County,commissioner ( running for labor commissioner ),2022,Governor,OR,county y,0,0,0
,DEM,David Lavinsky,businessman,2022,Governor,OR,lavinsky d,0,0,0
,DEM,Oregon Health Authority,operations and policy analyst,2022,Governor,OR,authority o,0,0,0
,DEM,Peter Winter,non-profit project manager,2022,Governor,OR,winter p,0,0,0
,DEM,Shemia Fagan,Oregon secretary of state,2022,Governor,OR,fagan s,3,0,0
,DEM,Val Hoyle,Oregon labor commissioner ( running for the U.S. House ),2022,Governor,OR,hoyle v,0,0,0
,DEM,Deborah Kafoury,chair of the Multnomah County Commission and former state representative from the 18th and 43rd districts   ( endorsed Kotek ),2022,Governor,OR,kafoury d,2,1,0
,DEM,Lynn Peterson,president of the Portland Metro Council  ( endorsed Kotek ),2022,Governor,OR,peterson l,0,0,0
,DEM,Ellen Rosenblum,Oregon attorney general   (endorsed Kotek in general election),2022,Governor,OR,rosenblum e,3,0,0
,DEM,Service Employees International Union,Oregon chapter,2022,Governor,OR,union s,0,0,0
,DEM,Ted Wheeler,mayor of Portland and former Oregon state treasurer,2022,Governor,OR,wheeler t,3,0,0
,REP,Christine Drazan,former minority leader of the Oregon House of Representatives (2019–2021) and state representative from the 39th district (2019–2022),2022,Governor,OR,drazan c,2,1,0
,REP,Angelique Bouvier,psychologist and business owner,2022,Governor,OR,bouvier a,0,0,0
,REP,Reed Christensen,former electrical engineer,2022,Governor,OR,christensen r,0,0,0
,REP,Mark Duncan,fight instructor,2022,Governor,OR,duncan m,0,0,0
,REP,Army,veteran,2022,Governor,OR,army,0,0,0
,REP,running for U.S. Senate,),2022,Governor,OR,senate r,0,0,0
,REP,Air Force,veteran ( endorsed McQuisten),2022,Governor,OR,force a,0,0,0
,REP,polyurethane,manufacturing worker,2022,Governor,OR,polyurethane,0,0,0
,REP,Monte Sauer Jr.,CEO of AmericaProud,2022,Governor,OR,sauer m,0,0,0
,REP,Knute Buehler,"former state representative from the 54th district (2015–2019), nominee for Secretary of State in 2012 , and nominee for governor in 2018 ( endorsed Johnson )",2022,Governor,OR,buehler k,2,1,1
,REP,Dallas Heard,state senator from the 1st district and former chair of the Oregon Republican Party   (endorsed Drazan in general election),2022,Governor,OR,heard d,2,0,0
,REP,Tim Knopp,minority leader of the Oregon Senate from the 27th district,2022,Governor,OR,knopp t,2,0,0
,REP,Dennis Linthicum,state senator from the 28th district  (endorsed Drazan in general election),2022,Governor,OR,linthicum d,2,0,0
,REP,Julie Parrish,former state representative from the 37th district (2011–2019),2022,Governor,OR,parrish j,2,1,0
,REP,Bill Post,former state representative from the 25th district (2015–2021) ( ineligible due to out-of-state residency ),2022,Governor,OR,post b,2,1,0
,REP,Tootie Smith,Clackamas County chair and former state representative from the 18th and 28th districts (2001–2003)  (endorsed Drazan in general election),2022,Governor,OR,smith t,2,1,0
,DEM,Josh Shapiro,"Pennsylvania Attorney General (2017–2023), former member of the Montgomery County Board of Commissioners (2012–2017),  former state representative for PA-153 (2005–2012)",2022,Governor,PA,shapiro j,3,1,0
,DEM,Tega Swann,Christian minister,2022,Governor,PA,swann t,0,0,0
,DEM,Brendan Boyle,U.S. representative for Pennsylvania's 2nd congressional district (2019 – present) and former U.S. representative for Pennsylvania's 13th congressional district (2015 – 2019) ( ran for re-election ),2022,Governor,PA,boyle b,4,1,0
,DEM,John Fetterman,"lieutenant governor of Pennsylvania (2019–2023), candidate for the U.S. Senate in 2016 ( ran for the U.S. Senate )",2022,Governor,PA,fetterman j,3,0,1
,DEM,Sara Innamorato,state representative for the 21st legislative district (2019 – 2023),2022,Governor,PA,innamorato s,2,1,0
,DEM,Jim Kenney,mayor of Philadelphia (2016 – 2024),2022,Governor,PA,kenney j,1,0,0
,DEM,Joe Torsella,former Pennsylvania state treasurer (2017–2021),2022,Governor,PA,torsella j,3,0,0
,DEM,Austin Davis,state representative from the 35th district (2018–2022),2022,Governor,PA,davis a,2,1,0
,DEM,Elizabeth Fiedler,state representative for the 184th legislative district (2019 – present),2022,Governor,PA,fiedler e,2,1,0
,DEM,Steve Irwin,banking commissioner of Pennsylvania (2006–2014) ( ran unsuccessfully for Congress ),2022,Governor,PA,irwin s,3,0,0
,DEM,Black Lives Matter,and mother of Antwon Rose,2022,Governor,PA,matter b,0,0,0
,DEM,Malcolm Kenyatta,"state representative for the 181st legislative district (2019 – present) ( ran unsuccessfully for the U.S. Senate , endorsed Shapiro)",2022,Governor,PA,kenyatta m,4,1,0
,DEM,Patty Kim,"state representative for the 103rd legislative district (2013–present), Harrisburg City Council member (2006–2012) (running for re-election)",2022,Governor,PA,kim p,2,1,0
,DEM,Lehigh County,controller (2019–present) ( running for State Senate ),2022,Governor,PA,county l,0,1,0
,REP,Doug Mastriano,state senator from SD-33 (2019–present) and candidate for PA-13 in 2018,2022,Governor,PA,mastriano d,2,1,1
,REP,Shawn Berger,restaurant owner,2022,Governor,PA,berger s,0,0,0
,REP,Chester County,"Chamber of Business & Industry (2014–present), Chief of staff to Lieutenant Governor Jim Cawley (2011–2014) ( ran unsuccessfully for U.S. House )",2022,Governor,PA,county c,4,1,0
,REP,Jake Corman,"state senator from District 34 (1999–2022), President pro tempore of the Pennsylvania Senate (2020–2022) (endorsed Barletta)",2022,Governor,PA,corman j,2,0,0
,REP,Melissa Hart,"U.S. representative from Pennsylvania's 4th congressional district (2001–2007), state senator from District 40 (1991–2001) (endorsed Barletta)",2022,Governor,PA,hart m,4,1,0
,REP,Scott Martin,state senator from District 13 (2017–present),2022,Governor,PA,martin s,2,1,0
,REP,Corry,(2015–2016) ( ran for State Representative ),2022,Governor,PA,corry,0,1,0
,REP,Jason Richey,attorney at K&L Gates (endorsed McSwain),2022,Governor,PA,richey j,0,0,0
,REP,Mike Turzai,"speaker of the Pennsylvania House of Representatives (2015–2020), state representative from HD-28 (2001–2020), candidate for Governor of Pennsylvania in 2018",2022,Governor,PA,turzai m,2,1,1
,REP,John Ventre,Westmoreland County Republican Committeeman,2022,Governor,PA,ventre j,0,0,0
,REP,Ryan Aument,state senator for the 36th senatorial district (2015–present),2022,Governor,PA,aument r,2,1,0
,REP,Jeff Bartos,businessman and nominee for lieutenant governor of Pennsylvania in 2018 ( ran unsuccessfully for U.S. Senate ),2022,Governor,PA,bartos j,4,0,1
,REP,Jim Cawley,former lieutenant governor of Pennsylvania (2011–2015)  ( endorsed Barletta ),2022,Governor,PA,cawley j,3,0,0
,REP,Lackawanna County,commissioner and Republican nominee for Pennsylvania's 17th congressional district in 2012,2022,Governor,PA,county l,0,0,1
,REP,Brian Fitzpatrick,U.S. representative from Pennsylvania's 1st congressional district (2019–present) ( ran for re-election ),2022,Governor,PA,fitzpatrick b,4,1,0
,REP,Daniel J. Hilferty,former CEO of Independence Blue Cross,2022,Governor,PA,hilferty d,0,0,0
,REP,Mike Kelly,U.S. representative from Pennsylvania's 16th congressional district (2011–present) ( ran for re-election ),2022,Governor,PA,kelly m,4,1,0
,REP,Dan Laughlin,state senator for the 49th senatorial district (2017–present),2022,Governor,PA,laughlin d,2,1,0
,REP,governor of Pennsylvania,in 2018,2022,Governor,PA,pennsylvania g,0,0,0
,REP,Dan Meuser,"U.S. representative from Pennsylvania's 9th congressional district (2019–present) ( running for re-election, endorsed Barletta )",2022,Governor,PA,meuser d,4,1,0
,REP,Jason Ortitay,state representative for the 46th legislative district (2015–present) ( ran for re-election ),2022,Governor,PA,ortitay j,2,1,0
,REP,Pat Toomey,U.S. senator,2022,Governor,PA,toomey p,4,0,0
,REP,Carrie DelRosso,"state representative for HD-33 (2021–2022), Member of Oakmont Borough Council (2018–2021)",2022,Governor,PA,delrosso c,2,1,0
,REP,Brandon Flood,former secretary of the Pennsylvania Board of Pardons (2019–2021)  (endorsed Coleman),2022,Governor,PA,flood b,0,0,0
,REP,Matt Hackenburg,aerospace computer engineer,2022,Governor,PA,hackenburg m,0,0,0
,REP,"Windsor Township, York County",(2022–present) and treasurer of the Libertarian Party of Pennsylvania (2021–2022) ( originally ran for Lieutenant Governor; running as the Keystone nominee for Lieutenant Governor ),2022,Governor,PA,county w,0,1,1
,REP,state representative,from the 81st district in 2018 and state treasurer in 2020 ( running as the Keystone nominee ),2022,Governor,PA,representative s,3,0,0
,REP,state senator,from the 48th district in 2021,2022,Governor,PA,senator s,0,0,0
,REP,Nicole Shultz,"auditor of Windsor Township, York County (2022–present) and treasurer of the Libertarian Party of Pennsylvania (2021–2022) ( ran for Governor )",2022,Governor,PA,shultz n,0,1,0
,REP,Cherry Valley,"(2022–present), former member of the Cherry Valley Borough Council (1989–2022), and nominee for state representative from the 64th district in 2016 and 2020",2022,Governor,PA,valley c,0,1,1
,REP,Keystone,"nominee), public accountant and Libertarian nominee for state representative from the 81st district in 2018 and state treasurer in 2020 ( originally ran as a Libertarian )",2022,Governor,PA,keystone,0,1,1
,REP,ran for state representative,),2022,Governor,PA,representative r,0,0,0
,DEM,Dan McKee,incumbent governor [ a ],2022,Governor,RI,mckee d,3,0,0
,DEM,Seth Magaziner,Rhode Island general treasurer   ( ran for the U.S. House ),2022,Governor,RI,magaziner s,0,0,0
,DEM,Jorge Elorza,mayor of Providence,2022,Governor,RI,elorza j,1,0,0
,DEM,James Langevin,U.S. representative for Rhode Island's 2nd congressional district and former secretary of state of Rhode Island,2022,Governor,RI,langevin j,4,1,0
,DEM,Peter Neronha,attorney general of Rhode Island ( ran for re-election ),2022,Governor,RI,neronha p,3,0,0
,REP,Ken Block,"businessman, Moderate Party nominee for governor in 2010 , and Republican candidate for governor in 2014 [ citation needed ]",2022,Governor,RI,block k,0,0,1
,REP,Jessica de la Cruz,minority whip of the Rhode Island Senate ( ran for U.S. House ),2022,Governor,RI,cruz j,2,0,0
,REP,Blake Filippi,minority leader of the Rhode Island House of Representatives ( ran for re-election ),2022,Governor,RI,filippi b,2,1,0
,REP,Allan Fung,former mayor of Cranston and nominee for governor of Rhode Island in 2014 and 2018   ( ran for U.S. House ),2022,Governor,RI,fung a,1,0,1
,IND,Moderate Party,"), Moderate Party nominee for governor in 2018 and for lieutenant governor in 2014  ( ran for U.S. House )",2022,Governor,RI,party m,0,0,1
,REP,Henry McMaster,"incumbent governor  Running mate: Pamela Evette , incumbent lieutenant governor",2022,Governor,SC,mcmaster h,3,0,0
,REP,Pamela Evette,incumbent lieutenant governor,2022,Governor,SC,evette p,3,0,0
,REP,Fort Lawn,town councilor,2022,Governor,SC,lawn f,0,0,0
,REP,Mindy L. Steele,political consultant,2022,Governor,SC,steele m,0,0,0
,REP,A. Shane Massey,majority leader of the South Carolina Senate,2022,Governor,SC,massey a,2,0,0
,REP,Tim Scott,U.S. senator  ( ran for re-election ),2022,Governor,SC,scott t,4,0,0
,REP,Katrina Shealy,state senator,2022,Governor,SC,shealy k,2,0,0
,REP,Greenville,businessman and candidate for governor in 2018,2022,Governor,SC,greenville,0,0,1
,DEM,Joe Cunningham,former U.S. representative for South Carolina's 1st congressional district,2022,Governor,SC,cunningham j,4,1,0
,DEM,GIS,mapper  (running under Labor nomination),2022,Governor,SC,gis,0,0,0
,DEM,Stephen K. Benjamin,former mayor of Columbia,2022,Governor,SC,benjamin s,1,0,0
,DEM,Mandy Powers Norrell,former state representative and nominee for lieutenant governor in 2018  (endorsed McLeod),2022,Governor,SC,norrell m,2,1,1
,DEM,Todd Rutherford,minority leader of the South Carolina House of Representatives,2022,Governor,SC,rutherford t,2,1,0
,DEM,Mia McLeod,state senator and runner-up in the gubernatorial primary,2022,Governor,SC,mcleod m,2,0,0
,DEM,Columbia,city manager,2022,Governor,SC,columbia,0,0,0
,IND,Independence,),2022,Governor,SC,independence,0,0,0
,IND,Libertarian,"), United Citizens and Green nominee for governor in 2010 and United Citizens nominee in 2014",2022,Governor,SC,libertarian,0,0,1
,IND,Labor,"), healthcare advocate and retired GIS mapper.   [ a ] Running mate: Harold Geddings III, candidate for South Carolina's 2nd congressional district in 2014",2022,Governor,SC,labor,0,0,1
,IND,South Carolina's 2nd congressional district,in 2014,2022,Governor,SC,district s,0,0,0
,REP,Kristi Noem,"incumbent governor  Running mate: Larry Rhoden , incumbent lieutenant governor",2022,Governor,SD,noem k,3,0,0
,REP,Larry Rhoden,incumbent lieutenant governor,2022,Governor,SD,rhoden l,3,0,0
,REP,Lora Hubbel,"former state representative, former chair of the Minnehaha County Republican Party and the South Dakota Constitution Party , and candidate for governor in 2014 and 2018  (running as an independent)",2022,Governor,SD,hubbel l,2,1,1
,REP,Mark Mickelson,former Speaker of the South Dakota House of Representatives,2022,Governor,SD,mickelson m,2,1,0
,DEM,Jamie Smith,"Minority Leader of the South Dakota House of Representatives  Running mate: Jennifer Healy Keintz , state representative",2022,Governor,SD,smith j,2,1,0
,DEM,Jennifer Healy Keintz,state representative,2022,Governor,SD,keintz j,2,1,0
,DEM,Dan Ahlers,former state representative and nominee for U.S. Senate in 2020,2022,Governor,SD,ahlers d,2,1,1
,DEM,Cheyenne River Sioux Tribe,and nominee for the South Dakota Public Utilities Commission in 2020,2022,Governor,SD,tribe c,0,0,1
,DEM,Kooper Caraway,president of the South Dakota Federation of Labor,2022,Governor,SD,caraway k,0,0,0
,DEM,Troy Heinert,Minority Leader of the South Dakota Senate,2022,Governor,SD,heinert t,2,0,0
,DEM,Steve Hildebrand,political strategist,2022,Governor,SD,hildebrand s,0,0,0
,DEM,Mike Huether,former mayor of Sioux Falls,2022,Governor,SD,huether m,1,0,0
,DEM,Brendan Johnson,former U.S. Attorney for the District of South Dakota and son of former U.S. Senator Tim Johnson,2022,Governor,SD,johnson b,4,0,0
,DEM,Peri Pourier,state representative,2022,Governor,SD,pourier p,2,1,0
,DEM,Stephanie Herseth Sandlin,president of Augustana University and former U.S. representative for South Dakota's at-large congressional district,2022,Governor,SD,sandlin s,4,1,0
,DEM,Randy Seiler,"chair of the South Dakota Democratic Party , former U.S. Attorney for the District of South Dakota , and nominee for attorney general in 2018",2022,Governor,SD,seiler r,0,0,1
,DEM,Billie Sutton,former Minority Leader of the South Dakota Senate and nominee for governor in 2018,2022,Governor,SD,sutton b,2,0,1
,DEM,Tracey Quint,coordinator  Running mate: Ashley Strand,2022,Governor,SD,quint t,0,0,0
,IND,Lora Hubbel,"former state representative , former chair of the Minnehaha County Republican Party and the South Dakota Constitution Party , and candidate for governor in 2014 and 2018  ( running for State Senate )",2022,Governor,SD,hubbel l,2,1,1
,REP,Bill Lee,incumbent governor,2022,Governor,TN,lee b,3,0,0
,REP,Curtis Carney,business owner,2022,Governor,TN,carney c,0,0,0
,REP,Andy Ogles,mayor of Maury County ( successfully ran for U.S. House ),2022,Governor,TN,ogles a,1,0,0
,DEM,pulmonologist,and critical care specialist at Sumner Regional Medical Center and former Meharry Medical College professor,2022,Governor,TN,pulmonologist,0,0,0
,DEM,Casey Nicholson,minister,2022,Governor,TN,nicholson c,0,0,0
,DEM,Gloria Johnson,state representative  (endorsed Jason Martin),2022,Governor,TN,johnson g,2,1,0
,IND,Constance Every,nonprofit founder,2022,Governor,TN,every c,0,0,0
,IND,John Gentry,accountant,2022,Governor,TN,gentry j,0,0,0
,IND,Basil Marceaux,businessman and perennial candidate,2022,Governor,TN,marceaux b,0,0,0
,IND,president of the United States,in 2020,2022,Governor,TN,states p,0,0,0
,IND,Michael Scantland,sales manager,2022,Governor,TN,scantland m,0,0,0
,IND,Rick Tyler,perennial candidate (also ran for U.S. House ),2022,Governor,TN,tyler r,0,0,0
,IND,Charles Van Morgan,small business owner,2022,Governor,TN,morgan c,0,0,0
,REP,Greg Abbott,incumbent governor and former Texas Attorney General,2022,Governor,TX,abbott g,3,0,0
,REP,Rusk,city councillor,2022,Governor,TX,rusk,1,0,0
,REP,failed verification,],2022,Governor,TX,verification f,0,0,0
,REP,George P. Bush,Texas Land Commissioner and member of the Bush family ( ran for Attorney General ),2022,Governor,TX,bush g,0,0,0
,REP,Christi Craddick,Texas Railroad Commissioner,2022,Governor,TX,craddick c,0,0,0
,REP,Glenn Hegar,Texas Comptroller of Public Accounts (running for re-election),2022,Governor,TX,hegar g,0,0,0
,REP,Sid Miller,Texas Agriculture Commissioner (running for re-election),2022,Governor,TX,miller s,0,0,0
,REP,Rick Perry,former governor and former U.S. Secretary of Energy,2022,Governor,TX,perry r,4,0,0
,REP,Joe Straus,former Speaker of the Texas House of Representatives,2022,Governor,TX,straus j,2,1,0
,DEM,Beto O'Rourke,"former U.S. representative for Texas's 16th congressional district , nominee for U.S. Senate in 2018 and candidate for president of the United States in 2020",2022,Governor,TX,orourke b,4,1,1
,DEM,Steve Adler,mayor of Austin,2022,Governor,TX,adler s,1,0,0
,DEM,Joaquin Castro,U.S. representative for Texas's 20th congressional district  (endorsed O'Rourke),2022,Governor,TX,castro j,4,1,0
,DEM,Wendy Davis,"former state senator, nominee for governor in 2014 , and nominee for Texas's 21st congressional district in 2020",2022,Governor,TX,davis w,2,0,1
,DEM,Veronica Escobar,"U.S. representative for Texas's 16th congressional district , former El Paso commissioner , and former El Paso county judge ( running for re-election )",2022,Governor,TX,escobar v,4,1,0
,DEM,Lina Hidalgo,Harris County judge,2022,Governor,TX,hidalgo l,1,0,0
,DEM,Delilah Barrios,environmental activist,2022,Governor,TX,barrios d,0,0,0
,DEM,Lago Vista,"city councilman, and nominee for governor in 2018",2022,Governor,TX,vista l,1,0,1
,DEM,Texas House of Representatives,"in 2014 , and candidate for President of the United States in 2020",2022,Governor,TX,representatives t,0,0,1
,DEM,Andrew Jewell,"industrial maintenance technician, Secretary of Libertarian Party of Dallas County, chair of Texas Libertarian Party Radical Caucus, and candidate for Dallas County Commissioner District 3 in 2020",2022,Governor,TX,jewell a,0,0,1
,IND,American Solidarity Party,candidate,2022,Governor,TX,party a,0,0,0
,IND,Deirdre Dickson-Gilbert,public educator (previously ran for Democratic nomination),2022,Governor,TX,dicksongilbert d,0,0,0
,IND,U.S. Senate,in 2020  [ better source needed ],2022,Governor,TX,senate u,0,0,0
,IND,U.S. Navy,veteran ( Reform Party )  [ better source needed ],2022,Governor,TX,navy u,0,0,0
,IND,Matthew McConaughey,Academy Award -winning actor   (no declared party affiliation),2022,Governor,TX,mcconaughey m,0,0,0
,REP,Phil Scott,incumbent governor,2022,Governor,VT,scott p,3,0,0
,REP,H. Brooke Paige,historian and perennial candidate (running for multiple statewide offices) [ a ],2022,Governor,VT,paige h,0,0,0
,REP,Susan Hatch Davis,former state representative,2022,Governor,VT,davis s,2,1,0
,REP,2018,and candidate for lieutenant governor in 2020 (cross-endorsement of Democratic nominee),2022,Governor,VT,,0,0,1
,DEM,2018,and candidate for lieutenant governor in 2020,2022,Governor,VT,,0,0,1
,DEM,Becca Balint,President pro tempore of the Vermont Senate  ( running for U.S. House ),2022,Governor,VT,balint b,2,0,0
,DEM,T. J. Donovan,former Vermont Attorney General,2022,Governor,VT,donovan t,3,0,0
,DEM,Molly Gray,Lieutenant Governor of Vermont  ( ran for U.S. House ),2022,Governor,VT,gray m,3,0,0
,DEM,Jill Krowinski,Speaker of the Vermont House of Representatives ( running for re-election ),2022,Governor,VT,krowinski j,2,1,0
,DEM,Doug Racine,former lieutenant governor of Vermont and candidate for governor in 2002 and 2010,2022,Governor,VT,racine d,3,0,1
,IND,Underhill,selectman,2022,Governor,VT,underhill,1,0,0
,DEM,Tony Evers,incumbent governor (2019–present),2022,Governor,WI,evers t,3,1,0
,DEM,alderman,of Sheboygan (2015–2017),2022,Governor,WI,alderman,0,0,0
,DEM,Sara Rodriguez,state assemblywoman from the 13th district (2021–2023),2022,Governor,WI,rodriguez s,2,0,0
,DEM,David Bowen,state assemblyman from the 10th district (2015–2023),2022,Governor,WI,bowen d,2,0,0
,DEM,Lena Taylor,state senator from the 4th district (2005–2024) and former state assemblywoman from the 18th district (2003–2005) ( ran for mayor of Milwaukee ),2022,Governor,WI,taylor l,2,0,0
,DEM,Mandela Barnes,incumbent lieutenant governor (2019–2023) ( ran for U.S. Senate ),2022,Governor,WI,barnes m,3,0,0
,REP,Michels Corporation,and nominee for the U.S. Senate in 2004,2022,Governor,WI,corporation m,0,0,1
,REP,Wisconsin Board of Veterans Affairs,and candidate for the U.S. Senate in 2018 (remained on ballot),2022,Governor,WI,affairs w,0,0,1
,REP,Jonathan Wichmann,businessman (ran for lieutenant governor),2022,Governor,WI,wichmann j,0,0,0
,REP,Sean Duffy,former U.S. representative for Wisconsin's 7th congressional district (2011–2019),2022,Governor,WI,duffy s,4,1,0
,REP,Paul Farrow,"chair of the Republican Party of Wisconsin (2021–2022), Waukesha County executive (2015–present) and former state senator from the 33rd district (2013–2015)",2022,Governor,WI,farrow p,2,1,0
,REP,Mike Gallagher,U.S. representative for Wisconsin's 8th congressional district (2017–2024) ( ran for re-election ),2022,Governor,WI,gallagher m,4,1,0
,REP,Ron Johnson,U.S. senator (2011–present) (ran for re-election),2022,Governor,WI,johnson r,4,1,0
,REP,Chris Kapenga,president of the Wisconsin Senate (2021–2025) and state senator from the 33rd district (2015–present) (ran for re-election),2022,Governor,WI,kapenga c,2,1,0
,REP,John Macco,state representative for the 88th district (2015–present) (ran for re-election; endorsed Kleefisch),2022,Governor,WI,macco j,2,1,0
,REP,Bill McCoshen,lobbyist,2022,Governor,WI,mccoshen b,0,0,0
,REP,Reince Priebus,"former White House Chief of Staff (2017), former chair of the Republican National Committee (2011–2017) and former chair of the Republican Party of Wisconsin (2007–2011)",2022,Governor,WI,priebus r,4,0,0
,REP,Tommy Thompson,"former governor (1987–2001), former U.S. Secretary of Health and Human Services (2001–2005) and nominee for the U.S. Senate in 2012 (endorsed Michels)",2022,Governor,WI,thompson t,4,0,1
,REP,Robin Vos,speaker of the Wisconsin State Assembly (2013–present) and state representative for the 63rd district (2005–present) (ran for re-election),2022,Governor,WI,vos r,2,1,0
,REP,Scott Walker,former governor (2011–2019) (endorsed Kleefisch),2022,Governor,WI,walker s,3,0,0
,REP,Roger Roth,state senator from the 19th district (2015–2023),2022,Governor,WI,roth r,2,0,0
,REP,U.S. senator,Ron Johnson,2022,Governor,WI,senator u,0,0,0
,IND,Joan Ellis Beglinger,retired nurse and hospital administrator  (remained on ballot; endorsed Michels)  Running mate: N/A [ e ],2022,Governor,WI,beglinger j,0,0,0
,IND,Jess Hisel,engineer and Air Force veteran  Running mate: N/A [ f ],2022,Governor,WI,hisel j,0,0,0
,REP,Mark Gordon,incumbent governor,2022,Governor,WY,gordon m,3,0,0
,REP,Bo Biteman,state senator ( ran for re-election ),2022,Governor,WY,biteman b,2,0,0
,REP,Christian Broadcasting Network,"executive, and withdrawn candidate for Wyoming's at-large congressional district in 2022",2022,Governor,WY,network c,0,0,1
,DEM,Theresa Livingston,member of the Wyoming State School Facilities Commission,2022,Governor,WY,livingston t,0,0,0
,DEM,Matt Meyer,New Castle County executive,2024,Governor,DE,meyer m,1,0,0
,DEM,Colleen Davis,Delaware State Treasurer  ( ran for U.S. House ),2024,Governor,DE,davis c,3,0,0
,DEM,Lisa Blunt Rochester,U.S. representative for Delaware's at-large congressional district ( ran for U.S. Senate ),2024,Governor,DE,rochester l,4,1,0
,REP,Mike Ramone,Minority Leader of the Delaware House of Representatives (2023–2024) from the 21st district (2008–2024),2024,Governor,DE,ramone m,2,1,0
,REP,Julianne Murray,"chair of the Delaware Republican Party , nominee for governor in 2020 , and nominee for attorney general in 2022",2024,Governor,DE,murray j,0,0,1
,REP,Mike Braun,U.S. senator (2019–2025),2024,Governor,IN,braun m,4,0,0
,REP,Mitch Daniels,"former governor (2005–2013), former president of Purdue University (2013–2022), and former director of the Office of Management and Budget (2001–2003)",2024,Governor,IN,daniels m,3,0,0
,REP,Todd Rokita,"Indiana attorney general (2021–present), former U.S. representative from Indiana's 4th congressional district (2011–2019), former Indiana Secretary of State (2002–2010), and candidate for U.S. Senate in 2018 ( ran for re-election )",2024,Governor,IN,rokita t,4,1,1
,REP,Micah Beckwith,"pastor, former Noblesville public library trustee, and candidate for Indiana's 5th congressional district in 2020",2024,Governor,IN,beckwith m,0,0,1
,REP,Julie McGuire,state representative from the 93rd district (2022–present),2024,Governor,IN,mcguire j,2,1,0
,DEM,Jennifer McCormick,former Indiana Superintendent of Public Instruction (2017–2021),2024,Governor,IN,mccormick j,3,0,0
,DEM,Tamie Dixon-Tatum,municipal official and perennial candidate  (ran for lieutenant governor),2024,Governor,IN,dixontatum t,0,0,0
,DEM,Bob Kern,retired paralegal and perennial candidate (ran for lieutenant governor),2024,Governor,IN,kern b,0,0,0
,DEM,Joe Donnelly,U.S. Ambassador to the Holy See (2022–2024) and former U.S. senator (2013–2019),2024,Governor,IN,donnelly j,4,0,0
,DEM,Thomas McDermott Jr.,"mayor of Hammond , nominee for U.S. Senate in 2022 , and candidate for Indiana's 1st congressional district in 2020",2024,Governor,IN,mcdermott t,1,0,1
,DEM,Terry Goodin,former Indiana director for USDA Rural Development and former Minority Leader of the Indiana House of Representatives (2017–2018) from the 66th district (2000–2020),2024,Governor,IN,goodin t,2,1,0
,DEM,mayor of Indianapolis,in 2023,2024,Governor,IN,indianapolis m,0,0,0
,DEM,J. D. Ford,state senator from the 29th district (2018–present) (endorsed Goodin),2024,Governor,IN,ford j,2,1,0
,DEM,2020,"Running mate: Tonya Hudson, real estate broker and nominee for Indiana's 9th congressional district in 2020 and 2022",2024,Governor,IN,,0,0,1
,DEM,Indiana's 9th congressional district,in 2020 and 2022,2024,Governor,IN,district i,0,0,0
,REP,Mike Kehoe,Lieutenant Governor of Missouri (2018–2025),2024,Governor,MO,kehoe m,3,0,0
,DEM,Crystal Quade,Minority Leader of the Missouri House of Representatives (2019–2025) from the 132nd district (2017–2025),2024,Governor,MO,quade c,2,1,0
,IND,Green,"), farmer and nominee for secretary of state in 2020",2024,Governor,MO,green,0,0,1
,IND,Libertarian,"), former chair of the Missouri Libertarian Party , perennial candidate, and nominee for governor in 2020",2024,Governor,MO,libertarian,0,0,1
,REP,Greg Gianforte,"incumbent governor (2021–present)  Running mate: Kristen Juras , incumbent lieutenant governor (2021–present)",2024,Governor,MT,gianforte g,3,1,0
,REP,Kristen Juras,incumbent lieutenant governor (2021–present),2024,Governor,MT,juras k,3,1,0
,DEM,Ryan Busse,"author and former vice president of sales at Kimber Manufacturing  Running mate: Raph Graybill , former chief legal counsel to Governor Steve Bullock and nominee for Attorney General in 2020",2024,Governor,MT,busse r,3,0,1
,DEM,Raph Graybill,former chief legal counsel to Governor Steve Bullock and nominee for Attorney General in 2020,2024,Governor,MT,graybill r,3,0,1
,DEM,Shawn White Wolf,perennial candidate,2024,Governor,MT,wolf s,0,0,0
,DEM,Kaiser Leib,"software engineer  Running mate: Matt Campbell, transportation engineer",2024,Governor,MT,leib k,0,0,0
,DEM,Running mate: Matt Campbell,transportation engineer,2024,Governor,MT,campbell r,0,0,0
,DEM,Josh Stein,North Carolina Attorney General (2017–2025),2024,Governor,NC,stein j,3,0,0
,DEM,Sydney Batch,state senator from the 17th district (2021–present)  (endorsed Stein),2024,Governor,NC,batch s,2,1,0
,DEM,Jeff Jackson,"U.S. Representative from North Carolina's 14th congressional district (2023–2024)  (endorsed Stein, ran for Attorney General )",2024,Governor,NC,jackson j,4,1,0
,DEM,Natalie Murdock,state senator from the 20th district (2020–present)  (endorsed Stein),2024,Governor,NC,murdock n,2,1,0
,DEM,Robert T. Reives II,Minority Leader of the North Carolina House of Representatives (2021–present) from the 54th district (2014–present)  (endorsed Stein),2024,Governor,NC,reives r,2,1,0
,REP,Mark Robinson,Lieutenant Governor of North Carolina (2021–2025),2024,Governor,NC,robinson m,3,0,0
,REP,ran for Secretary of State,),2024,Governor,NC,state r,0,0,0
,REP,Mark Walker,former U.S. Representative from North Carolina's 6th congressional district (2015–2021) and candidate for U.S. Senate in 2022 ( ran for U.S. House ),2024,Governor,NC,walker m,4,1,1
,REP,Andy Wells,former state senator and candidate for lieutenant governor in 2020,2024,Governor,NC,wells a,2,0,1
,REP,Thom Tillis,U.S. Senator from North Carolina (2015–present)   (endorsed Graham),2024,Governor,NC,tillis t,4,1,0
,REP,Kelly Armstrong,"U.S. Representative from North Dakota's at-large congressional district (2019–2024)  Running Mate: Michelle Strinden , state representative for the 41st district (2019–2024)",2024,Governor,ND,armstrong k,4,1,0
,REP,Michelle Strinden,state representative for the 41st district (2019–2024),2024,Governor,ND,strinden m,2,1,0
,REP,Tom Campbell,former state senator from the 19th district (2012–2018) and candidate for North Dakota's at-large congressional district in 2018  ( ran for U.S. House ),2024,Governor,ND,campbell t,2,0,1
,REP,Kirsten Baesler,North Dakota Superintendent of Public Instruction (2013–2025) (ran for re-election),2024,Governor,ND,baesler k,3,0,0
,REP,Thomas Beadle,North Dakota State Treasurer (2021–present) ( ran for re-election ),2024,Governor,ND,beadle t,3,1,0
,REP,Doug Burgum,Governor of North Dakota (2016–2024)  (endorsed Miller),2024,Governor,ND,burgum d,3,0,0
,REP,Kevin Cramer,"U.S. Senator (2018–present) (endorsed Armstrong, ran for re-election )",2024,Governor,ND,cramer k,4,1,0
,REP,Julie Fedorchak,member of the North Dakota Public Service Commission (2012–2025)  ( ran for U.S. House ),2024,Governor,ND,fedorchak j,0,0,0
,REP,Michael Howe,North Dakota Secretary of State (2023–present) (endorsed Armstrong),2024,Governor,ND,howe m,3,1,0
,REP,Drew Wrigley,North Dakota Attorney General (2022–present),2024,Governor,ND,wrigley d,3,1,0
,DEM,Merrill Piepkorn,"state senator for the 44th district (2016–2024)  Running mate: Patrick Hart, treasurer of the North Dakota Democratic-Nonpartisan League Party and nominee for state auditor in 2020",2024,Governor,ND,piepkorn m,2,0,1
,DEM,North Dakota Democratic-Nonpartisan League Party,and nominee for state auditor in 2020,2024,Governor,ND,party n,0,0,1
,DEM,Travis Hipsher,security guard,2024,Governor,ND,hipsher t,0,0,0
,IND,Larimore,"city councilor and perennial candidate  Running mate: Lydia Gessele, stay-at-home mom",2024,Governor,ND,larimore,1,0,0
,IND,Running mate: Lydia Gessele,stay-at-home mom,2024,Governor,ND,gessele r,0,0,0
,REP,Kelly Ayotte,former U.S. senator (2011–2017),2024,Governor,NH,ayotte k,4,0,0
,REP,Jeb Bradley,president of the New Hampshire Senate and former U.S. representative for New Hampshire's 1st congressional district,2024,Governor,NH,bradley j,4,1,0
,REP,Scott Brown,"former U.S. Ambassador to New Zealand and Samoa (2017–2020), former U.S. senator from Massachusetts (2010–2013), and nominee for U.S. Senate in New Hampshire in 2014",2024,Governor,NH,brown s,4,0,1
,REP,Frank Edelblut,"commissioner of the New Hampshire Department of Education , former state representative , and candidate for governor in 2016",2024,Governor,NH,edelblut f,3,1,1
,REP,Chris Sununu,incumbent governor  (endorsed Ayotte),2024,Governor,NH,sununu c,3,0,0
,DEM,Joyce Craig,former mayor of Manchester,2024,Governor,NH,craig j,1,0,0
,DEM,Annie Kuster,U.S. representative for New Hampshire's 2nd congressional district,2024,Governor,NH,kuster a,4,1,0
,DEM,Steve Marchand,former mayor of Portsmouth and candidate for governor in 2016 and 2018,2024,Governor,NH,marchand s,1,0,1
,DEM,Chris Pappas,U.S. representative for New Hampshire's 1st congressional district ( ran for re-election ),2024,Governor,NH,pappas c,4,1,0
,DEM,Tom Sherman,former state senator and nominee for governor in 2022,2024,Governor,NH,sherman t,2,0,1
,IND,Libertarian,"), software developer",2024,Governor,NH,libertarian,0,0,0
,REP,Spencer Cox,"incumbent governor  Running mate: Deidre Henderson , incumbent lieutenant governor",2024,Governor,UT,cox s,3,0,0
,REP,Deidre Henderson,incumbent lieutenant governor,2024,Governor,UT,henderson d,3,0,0
,REP,Jason Chaffetz,former U.S. representative from Utah's 3rd congressional district (2009–2017),2024,Governor,UT,chaffetz j,4,1,0
,REP,Robert O'Brien,former U.S. National Security Advisor (2019–2021),2024,Governor,UT,obrien r,0,0,0
,DEM,Brian King,"state representative from the 23rd district (2009–present) and former Minority Leader of the Utah House of Representatives (2015–2023)  Running mate: Rebekah Cummings, director of digital matters at the University of Utah",2024,Governor,UT,king b,2,1,0
,DEM,2012,"and nominee for Utah's 2nd congressional district in 2020  Running mate: Barry Short, businessman, perennial candidate, and nominee for lieutenant governor in 2016 and 2020",2024,Governor,UT,,0,0,1
,IND,2022,"Running mate: Archie Williams, heavy equipment operator and perennial candidate",2024,Governor,UT,,0,0,0
,IND,Running mate: Archie Williams,heavy equipment operator and perennial candidate,2024,Governor,UT,williams r,0,0,0
,IND,Tom Tomeny,"businessman  Running mate: William Lansing Taylor, geologist",2024,Governor,UT,tomeny t,0,0,0
,IND,Running mate: William Lansing Taylor,geologist,2024,Governor,UT,taylor r,0,0,0
,REP,Phil Scott,incumbent governor (2017–present),2024,Governor,VT,scott p,3,1,0
,REP,Underhill,selectman and independent candidate for governor in 2022 (ran as a Democrat),2024,Governor,VT,underhill,1,0,1
,DEM,Esther Charlestin,co-chair of the Vermont Commission on Women and former Middlebury selectman,2024,Governor,VT,charlestin e,1,0,0
,DEM,Howard Dean,former governor (1991–2003) and former chair of the Democratic National Committee (2005–2009),2024,Governor,VT,dean h,3,0,0
,DEM,Caleb Elder,state representative (2018–2025)  ( running for state senate ),2024,Governor,VT,elder c,2,1,0
,DEM,Miro Weinberger,former mayor of Burlington (2012–2024),2024,Governor,VT,weinberger m,1,0,0
,DEM,David Zuckerman,"Lieutenant Governor of Vermont (2017–2021, 2023–2025) and nominee for governor in 2020 ( running for re-election )",2024,Governor,VT,zuckerman d,3,0,1
,IND,Kevin Hoyt (Independent),videographer and perennial candidate,2024,Governor,VT,independent k,0,0,0
,IND,Poa Mutino (Independent),program manager,2024,Governor,VT,independent p,0,0,0
,DEM,Bob Ferguson,Washington Attorney General,2024,Governor,WA,ferguson b,3,0,0
,DEM,Hilary Franz,Washington State Commissioner of Public Lands ( ran for U.S. House ),2024,Governor,WA,franz h,3,0,0
,DEM,Dow Constantine,King County Executive,2024,Governor,WA,constantine d,1,0,0
,DEM,Denny Heck,Lieutenant Governor of Washington and former U.S. representative from Washington's 10th congressional district  ( ran for re-election ),2024,Governor,WA,heck d,4,1,0
,DEM,Jay Inslee,incumbent governor and candidate for President of the United States in 2020  (endorsed Ferguson),2024,Governor,WA,inslee j,3,0,1
,REP,Dave Reichert,former U.S. representative for Washington's 8th congressional district (2005–2019),2024,Governor,WA,reichert d,4,1,0
,REP,2020,"(endorsed Reichert, ran for U.S. Senate )",2024,Governor,WA,,0,0,0
,REP,Bruce Dammeier,Pierce County Executive (2017–present) and former state senator (2013–2017)  (endorsed Reichert),2024,Governor,WA,dammeier b,2,1,0
,REP,Jaime Herrera Beutler,former U.S. representative for Washington's 3rd congressional district (2011–2023) ( ran for Public Lands Commissioner ),2024,Governor,WA,beutler j,4,1,0
,REP,Loren Culp,"former Republic police chief, runner-up for governor in 2020 , and candidate for Washington's 4th congressional district in 2022 (endorsed Bird)",2024,Governor,WA,culp l,3,0,1
,REP,Drew MacEwen,"state senator ( ran for U.S. House , endorsed Reichert)",2024,Governor,WA,macewen d,2,0,0
,REP,J.T. Wilcox,state representative and former Minority Leader of the Washington House of Representatives,2024,Governor,WA,wilcox j,2,1,0
,REP,Patrick Morrisey,West Virginia Attorney General (2013–2025) and nominee for U.S. Senate in 2018,2024,Governor,WV,morrisey p,3,0,1
,REP,J.B. McCuskey,West Virginia State Auditor (2017–2025) ( ran for attorney general ),2024,Governor,WV,mccuskey j,3,0,0
,REP,Rashida Yost,businesswoman,2024,Governor,WV,yost r,0,0,0
,REP,Kent Leonhardt,West Virginia Commissioner of Agriculture (2017–present) ( ran for re-election ),2024,Governor,WV,leonhardt k,3,1,0
,REP,Riley Moore,West Virginia State Treasurer (2021–2025) and grandson of former governor Arch Moore ( ran for U.S. House ),2024,Governor,WV,moore r,3,0,0
,DEM,Steve Williams,mayor of Huntington (2013–2025) and former state delegate (1986–1994),2024,Governor,WV,williams s,2,0,0
,DEM,Joe Manchin,U.S. senator (2010–2025) and former governor (2005–2010),2024,Governor,WV,manchin j,4,0,0
,DEM,Kanawha County,commissioner and nominee for governor in 2020,2024,Governor,WV,county k,0,0,1
,DEM,U.S. Army,veteran,2024,Governor,WV,army u,0,0,0
,DEM,S. Marshall Wilson,former Republican state delegate (2016–2020) and write-in candidate for governor in 2020,2024,Governor,WV,wilson s,2,0,1
,IND,Joe Manchin,U.S. senator (2010–2025) and former governor (2005–2010) (endorsed Williams),2024,Governor,WV,manchin j,4,0,0
,REP,Tommy Tuberville,U.S. senator (2021–present),2026,Governor,AL,tuberville t,4,1,0
,REP,Will Ainsworth,lieutenant governor of Alabama (2019–present)  (endorsed Tuberville),2026,Governor,AL,ainsworth w,3,1,0
,REP,Lynda Blanchard,former U.S. ambassador to Slovenia (2019–2021) and candidate for governor in 2022  (nominated for Ambassador to the Food and Agriculture Organization ),2026,Governor,AL,blanchard l,0,0,1
,REP,Mo Brooks,former U.S. representative from Alabama's 5th congressional district (2011–2023),2026,Governor,AL,brooks m,4,1,0
,REP,Steve Marshall,attorney general of Alabama (2017–present)  ( ran for U.S Senate ),2026,Governor,AL,marshall s,3,1,0
,REP,Rick Pate,commissioner of the Alabama department of agriculture and industries (2019–present) ( ran for lieutenant governor ),2026,Governor,AL,pate r,3,1,0
,DEM,Doug Jones,former U.S. senator (2018–2021),2026,Governor,AL,jones d,4,0,0
,IND,Ronald Burnette Jr.,"artist (independent, write-in)",2026,Governor,AL,burnette r,0,0,0
,IND,Darren Knight,"comedian (independent, write-in)",2026,Governor,AL,knight d,0,0,0
,DEM,Katie Hobbs,incumbent governor (2023–present),2026,Governor,AZ,hobbs k,3,1,0
,DEM,Adrian Fontes,secretary of state of Arizona (2023–present) ( running for re-election ),2026,Governor,AZ,fontes a,3,1,0
,DEM,Kris Mayes,attorney general of Arizona (2023–present) ( running for re-election ),2026,Governor,AZ,mayes k,3,1,0
,REP,Andy Biggs,U.S. representative from Arizona's 5th congressional district (2017–present),2026,Governor,AZ,biggs a,4,1,0
,REP,Karrin Taylor Robson,former member of the Arizona Board of Regents (2017–2021) and candidate for governor in 2022,2026,Governor,AZ,robson k,0,0,1
,REP,Juan Ciscomani,U.S. representative from Arizona's 6th congressional district (2023–present) ( running for re-election ),2026,Governor,AZ,ciscomani j,4,1,0
,REP,Jake Hoffman,state senator from the 15th district (2023–present) and 2020 fake elector for Donald Trump  (endorsed Biggs),2026,Governor,AZ,hoffman j,2,1,0
,REP,Kari Lake,"senior advisor to the U.S. Agency for Global Media (2025–present), nominee for governor in 2022 , and nominee for U.S. Senate in 2024",2026,Governor,AZ,lake k,0,1,1
,REP,Kimberly Yee,state treasurer of Arizona (2019–present) and candidate for governor in 2022 ( running for superintendent of public instruction ),2026,Governor,AZ,yee k,3,1,1
,REP,Teri Hourihan,therapist,2026,Governor,AZ,hourihan t,0,0,0
,REP,Barry Hess,businessman and perennial candidate [ l ],2026,Governor,AZ,hess b,0,0,0
,DEM,Phil Weiser,"attorney general of Colorado (2019–present)  Running mate: Lesley Dahlkemper, Jefferson County commissioner",2026,Governor,CO,weiser p,3,1,0
,DEM,Jason Crow,U.S. representative for Colorado's 6th congressional district (2019–present) ( running for re-election ; endorsed Bennet),2026,Governor,CO,crow j,4,1,0
,DEM,Jena Griswold,secretary of state of Colorado (2019–present) ( running for attorney general ),2026,Governor,CO,griswold j,3,1,0
,DEM,Mike Johnston,mayor of Denver (2023–present) and candidate for governor in 2018  (endorsed Bennet),2026,Governor,CO,johnston m,1,1,1
,DEM,Joe Neguse,U.S. representative for Colorado's 2nd congressional district (2019–present) and nominee for secretary of state in 2014 ( running for re-election ; endorsed Bennet),2026,Governor,CO,neguse j,4,1,1
,REP,Victor Marx,ministry leader,2026,Governor,CO,marx v,0,0,0
,REP,Mark Baisley,state senator from the 4th district (2023–present) ( running for U.S. senate ),2026,Governor,CO,baisley m,2,1,0
,REP,Greg Lopez,former U.S. representative from Colorado's 4th congressional district (2024–2025) and candidate for governor in 2018 and 2022 (running as an Independent),2026,Governor,CO,lopez g,4,1,1
,REP,Joe Oltmann,podcaster,2026,Governor,CO,oltmann j,0,0,0
,REP,Jeff Peckman,UFO disclosure activist,2026,Governor,CO,peckman j,0,0,0
,REP,No Labels,),2026,Governor,CO,labels n,0,0,0
,IND,Greg Lopez,former U.S. representative from Colorado's 4th congressional district (2024–2025) and candidate for governor in 2018 and 2022 (previously ran as a Republican),2026,Governor,CO,lopez g,4,1,1
,DEM,Josh Elliott,state representative from HD-88 (2017–present),2026,Governor,CT,elliott j,2,1,0
,DEM,Ned Lamont,incumbent governor (2019–present),2026,Governor,CT,lamont n,3,1,0
,DEM,Luke Bronin,former mayor of Hartford (2016–2024) ( running for U.S. House ),2026,Governor,CT,bronin l,1,0,0
,DEM,Susan Bysiewicz,incumbent lieutenant governor (2019–present) ( running for re-election ),2026,Governor,CT,bysiewicz s,3,1,0
,DEM,William Tong,incumbent attorney general (2019–present) ( running for re-election ),2026,Governor,CT,tong w,3,1,0
,DEM,Sean Scanlon,incumbent comptroller (2023–present) ( running for re-election ),2026,Governor,CT,scanlon s,0,1,0
,REP,Ryan Fazio,state senator from the 36th district (2021–present),2026,Governor,CT,fazio r,2,1,0
,REP,Betsy McCaughey,former lieutenant governor of New York (1995–1998) and candidate for governor of New York in 1998 (endorsed Fazio),2026,Governor,CT,mccaughey b,3,0,1
,REP,Harry Arora,former state representative from the 151st district (2020–2023) and nominee for state treasurer in 2022,2026,Governor,CT,arora h,2,1,1
,REP,first selectwoman,of Westport (2021–2025)  (running for state comptroller),2026,Governor,CT,selectwoman f,0,0,0
,REP,Erin Stewart,former mayor of New Britain (2013–2025) and candidate for lieutenant governor in 2018 (endorsed Fazio),2026,Governor,CT,stewart e,1,0,1
,REP,Matthew Corey,bar owner and perennial candidate (running for lieutenant governor),2026,Governor,CT,corey m,0,0,0
,REP,Rob Sampson,state senator from the 16th district (2019–present) (endorsed Fazio),2026,Governor,CT,sampson r,2,1,0
,REP,Tim Ackert,state representative from the 8th district,2026,Governor,CT,ackert t,2,1,0
,REP,Jay Collins,21st lieutenant governor of Florida (2025–present),2026,Governor,FL,collins j,3,1,0
,REP,Byron Donalds,U.S. representative for Florida's 19th congressional district (2021–present),2026,Governor,FL,donalds b,4,1,0
,REP,Paul Renner,103rd speaker of the Florida House of Representatives (2022–2024) from the 19th district (2015–2024),2026,Governor,FL,renner p,2,1,0
,REP,James Fishback,"investment firm founder  Running mate: Sean A. Lozano, Police Officer at the Lauderhill Police Department",2026,Governor,FL,fishback j,0,0,0
,REP,Rachel Rodriguez,attorney,2026,Governor,FL,rodriguez r,0,0,0
,REP,James Walker Shaw,farmer,2026,Governor,FL,shaw j,0,0,0
,REP,Caneste Succe,public representative,2026,Governor,FL,succe c,0,1,0
,REP,Bobby Williams,activist and food bank volunteer,2026,Governor,FL,williams b,0,0,0
,REP,Lauderhill,Police Department,2026,Governor,FL,lauderhill,0,0,0
,REP,Surfside,"(2006–2010, 2020–2022, 2024–present)",2026,Governor,FL,surfside,0,1,0
,REP,Shea Cruel,U.S. veteran,2026,Governor,FL,cruel s,0,0,0
,REP,naturopathic,doctor,2026,Governor,FL,naturopathic,0,0,0
,REP,Daniel J. Imperato,consultant,2026,Governor,FL,imperato d,0,0,0
,REP,John Joseph Mercadante,retired carpenter,2026,Governor,FL,mercadante j,0,0,0
,REP,2024,and candidate for state senate in 2022,2026,Governor,FL,,0,0,1
,REP,Matt Gaetz,former U.S. representative for Florida's 1st congressional district (2017–2024),2026,Governor,FL,gaetz m,4,1,0
,REP,Francis Suarez,43rd mayor of Miami (2017–2025) and candidate for president in 2024,2026,Governor,FL,suarez f,1,0,1
,DEM,Dayna Marie Foster,mathematics teacher,2026,Governor,FL,foster d,0,0,0
,DEM,David Jolly,"former Republican U.S. representative from Florida's 13th congressional district (2014–2017)  Running mate: Gwen Graham , former Assistant Secretary of Education (2021–2025), former U.S. representative from Florida's 2nd congressional district (2015–2017), and candidate for governor in 2018  ; daughter of former Gov. and U.S. Senator Bob Graham (1936-2024)",2026,Governor,FL,jolly d,4,1,1
,DEM,Dotie Joseph,state representative from the 108th district (2018–present),2026,Governor,FL,joseph d,2,1,0
,DEM,Gwen Graham,"former Assistant Secretary of Education (2021–2025), former U.S. representative from Florida's 2nd congressional district (2015–2017), and candidate for governor in 2018  ; daughter of former Gov. and U.S. Senator Bob Graham (1936-2024)",2026,Governor,FL,graham g,4,1,1
,DEM,Jerry Demings,mayor of Orange County (2018–present) and husband of former U.S. representative Val Demings,2026,Governor,FL,demings j,4,1,0
,DEM,Jessica Vernekar,social media influencer,2026,Governor,FL,vernekar j,0,0,0
,DEM,Nikki Fried,"chair of the Florida Democratic Party (2023–present), former Florida Commissioner of Agriculture (2019–2023), and candidate for governor in 2022",2026,Governor,FL,fried n,3,1,1
,DEM,Fentrice Driskell,minority leader of the state House of Representatives (2022–present) ( running for state senate ),2026,Governor,FL,driskell f,2,1,0
,DEM,Shevrin Jones,state senator from the 34th district (2020–present),2026,Governor,FL,jones s,2,1,0
,DEM,Daniella Levine Cava,mayor of Miami-Dade County (2020–present),2026,Governor,FL,cava d,1,1,0
,DEM,Jared Moskowitz,U.S. representative from Florida's 23rd congressional district (2023–present)  ( running for re-election ),2026,Governor,FL,moskowitz j,4,1,0
,DEM,Angie Nixon,state representative from the 13th district (2020–present)  ( running for U.S. Senate ),2026,Governor,FL,nixon a,2,1,0
,IND,Moliere Dimanche,"( Independent ), author and withdrawn candidate for mayor of Orlando in 2023",2026,Governor,FL,dimanche m,0,0,1
,IND,John Morgan,attorney and billionaire,2026,Governor,FL,morgan j,0,0,0
,IND,Jason Pizzo,former Democratic minority leader of the Florida Senate (2024–2025) from the 37th district (2018–present),2026,Governor,FL,pizzo j,2,1,0
,IND,Libertarian,"), entrepreneur",2026,Governor,FL,libertarian,0,0,0
,REP,Rick Jackson,healthcare executive,2026,Governor,GA,jackson r,0,0,0
,REP,Andrew Clyde,U.S. representative from GA-09 (2021–present)  ( running for re-election ),2026,Governor,GA,clyde a,4,1,0
,REP,Marjorie Taylor Greene,U.S. representative from GA-14 (2021–2026),2026,Governor,GA,greene m,4,1,0
,DEM,Keisha Lance Bottoms,former director of the Office of Public Engagement (2022–2023) and former mayor of Atlanta (2018–2022),2026,Governor,GA,bottoms k,1,0,0
,DEM,Ruwa Romman,state representative from the 97th district (2023–present) ( running for state senate ),2026,Governor,GA,romman r,2,1,0
,DEM,Stacey Abrams,former minority leader of the Georgia House of Representatives (2011–2017) and nominee for governor in 2018 and 2022,2026,Governor,GA,abrams s,2,1,1
,DEM,Jason Carter,"former state senator from the 42nd district (2010–2015), grandson of former governor and president Jimmy Carter , and nominee for governor in 2014  (endorsed Esteves)",2026,Governor,GA,carter j,3,0,1
,DEM,Lucy McBath,U.S. representative from Georgia's 6th congressional district (2019–present),2026,Governor,GA,mcbath l,4,1,0
,IND,Chase Oliver,"former chair of the Atlanta Libertarian Party, perennial candidate, and nominee for president in 2024",2026,Governor,GA,oliver c,0,0,1
,REP,Derek Wulf,state representative from the 76th district (2023–present),2026,Governor,IA,wulf d,2,1,0
,REP,Brenna Bird,attorney general of Iowa (2023–present) ( running for re-election ),2026,Governor,IA,bird b,3,1,0
,REP,Mike Bousselot,state senator from the 21st district (2023–present) ( running for re-election ),2026,Governor,IA,bousselot m,2,1,0
,REP,Chris Cournoyer,lieutenant governor of Iowa (2024–present) ( running for state auditor ; endorsed Feenstra),2026,Governor,IA,cournoyer c,3,1,0
,REP,Pat Grassley,speaker of the Iowa House of Representatives (2020–present) from the 57th district (2007–present) and grandson of U.S. Senator Chuck Grassley ( running for re-election ),2026,Governor,IA,grassley p,4,1,0
,REP,Ashley Hinson,U.S. representative from Iowa's 2nd congressional district (2021–present)  ( running for U.S. Senate ),2026,Governor,IA,hinson a,4,1,0
,REP,Bobby Kaufmann,state representative from the 82nd district (2013–present) ( running for re-election ),2026,Governor,IA,kaufmann b,2,1,0
,REP,Kari Lake,senior advisor to the U.S. Agency for Global Media (2025–present) and nominee for governor of Arizona in 2022 and U.S. senator in 2024,2026,Governor,IA,lake k,0,1,1
,REP,Mariannette Miller-Meeks,U.S. representative from Iowa's 1st congressional district (2021–present)  ( running for re-election ; endorsed Feenstra),2026,Governor,IA,millermeeks m,4,1,0
,REP,Mike Naig,Iowa secretary of agriculture (2018–present) (running for re-election; endorsed Feenstra),2026,Governor,IA,naig m,0,1,0
,REP,Zach Nunn,U.S. representative from Iowa's 3rd congressional district (2023–present) ( running for re-election ),2026,Governor,IA,nunn z,4,1,0
,REP,Kim Reynolds,incumbent governor (2017–present),2026,Governor,IA,reynolds k,3,1,0
,REP,Bob Vander Plaats,"president and CEO of The Family Leader , nominee for lieutenant governor in 2006 , and candidate for governor in 2002 , 2006 , and 2010  (endorsed Steen)",2026,Governor,IA,plaats b,0,0,1
,DEM,Rob Sand,"Iowa auditor of state (2019–present)  Running mate: Dave Muhlbauer, Crawford County supervisor (2017–2021, 2023–present) and candidate for U.S. Senate in 2022",2026,Governor,IA,sand r,1,1,1
,DEM,Crawford County,"supervisor (2017–2021, 2023–present) and candidate for U.S. Senate in 2022",2026,Governor,IA,county c,0,1,1
,DEM,Paul Dahl,bus driver and perennial candidate,2026,Governor,IA,dahl p,0,0,0
,DEM,Lone Tree,city councilor and nominee for Iowa's 1st congressional district in 2024,2026,Governor,IA,tree l,1,0,1
,DEM,JB Pritzker,"incumbent governor (2019–present)  Running mate: Christian Mitchell , former deputy governor (2019–2023) and former state representative (2013–2019)",2026,Governor,IL,pritzker j,3,1,0
,DEM,Christian Mitchell,former deputy governor (2019–2023) and former state representative (2013–2019),2026,Governor,IL,mitchell c,3,1,0
,DEM,Chicago City Council,Running mate: Joseph Mosley,2026,Governor,IL,council c,0,0,0
,REP,Darren Bailey,"former state senator from the 55th district (2021–2023), nominee for governor in 2022 , and candidate for Illinois's 12th congressional district in 2024  Running mate: Aaron Del Mar, Palatine Township Highway Commissioner, chair of the Cook County Republican Party , and candidate for lieutenant governor in 2022",2026,Governor,IL,bailey d,2,0,1
,REP,Palatine Township,"Highway Commissioner, chair of the Cook County Republican Party , and candidate for lieutenant governor in 2022",2026,Governor,IL,township p,0,0,1
,REP,Posen,Park District Commission,2026,Governor,IL,posen,0,0,0
,REP,2022,"(running a write-in campaign for State Treasurer) Running mate: Geno Young, musician and candidate for Illinois's 1st congressional district in 2022",2026,Governor,IL,,3,0,1
,REP,Illinois's 1st congressional district,in 2022,2026,Governor,IL,district i,0,0,0
,REP,Running mate: Rantch Isquith,bank examiner,2026,Governor,IL,isquith r,0,0,0
,REP,Antioch,(2021–present),2026,Governor,IL,antioch,0,1,0
,REP,Jeanne Ives,"former state representative from the 42nd district (2013–2019), candidate for governor in 2018 , and nominee for Illinois's 6th congressional district in 2020  (endorsed Dabrowski)",2026,Governor,IL,ives j,2,1,1
,REP,Darin LaHood,U.S. representative from Illinois's 16th congressional district (2015–present) ( running for re-election ),2026,Governor,IL,lahood d,4,1,0
,REP,Dan Ugaste,state representative from the 65th district (2019–present) (running for re-election),2026,Governor,IL,ugaste d,2,1,0
,IND,lieutenant governor,in 2022,2026,Governor,IL,governor l,0,0,0
,DEM,Ethan Corson,"state senator from the 7th district (2021–present)  Running mate: Renee Duxler, president and CEO of the Salina Area Chamber of Commerce (2023–present)",2026,Governor,KS,corson e,2,1,0
,DEM,Cindy Holscher,"state senator from the 8th district (2021–present)  Running mate: Kelechi Ohaebosim , state representative from the 89th district (2017–present)",2026,Governor,KS,holscher c,2,1,0
,DEM,Curt Skoog,"mayor of Overland Park (2021–present)  Running mate: Jennifer Bacani McKenny, physician",2026,Governor,KS,skoog c,1,1,0
,DEM,Salina,Area Chamber of Commerce (2023–present),2026,Governor,KS,salina,0,1,0
,DEM,Kelechi Ohaebosim,state representative from the 89th district (2017–present),2026,Governor,KS,ohaebosim k,2,1,0
,DEM,Running mate: Jennifer Bacani McKenny,physician,2026,Governor,KS,mckenny r,0,0,0
,DEM,Marty Tuley,teacher (failed to find running mate),2026,Governor,KS,tuley m,0,0,0
,DEM,Blue Cross Blue Shield Association,of Kansas (2018–present),2026,Governor,KS,association b,0,1,0
,DEM,Dinah Sykes,minority leader of the Kansas Senate (2021–present)  (running for insurance commissioner ),2026,Governor,KS,sykes d,2,1,0
,DEM,David Toland,lieutenant governor of Kansas (2021–present)  (endorsed Corson),2026,Governor,KS,toland d,3,1,0
,REP,Ty Masterson,"president of the Kansas Senate (2021–present) from the 16th district (2009–present)  Running mate: Jeff Klemp , state senator from the 5th district (2025–present)",2026,Governor,KS,masterson t,2,1,0
,REP,Charlotte O'Hara,"former Johnson County commissioner (2021–2025) and former state representative from the 17th district (2011–2013)  Running mate: Michelle Dombrosky, member of the Kansas State Board of Education",2026,Governor,KS,ohara c,2,1,0
,REP,Wichita Schools,board member (2013–2018),2026,Governor,KS,schools w,0,0,0
,REP,Vicki Schmidt,"Kansas Insurance Commissioner (2019–present)  Running mate: Joe Newland , president of the Kansas Farm Bureau (2022–present) and former state representative from the 13th district (2019–2022)",2026,Governor,KS,schmidt v,2,1,0
,REP,Scott Schwab,"Kansas Secretary of State (2019–present)  Running mate: Ken Rahjes , state representative from the 110th district (2016–present)",2026,Governor,KS,schwab s,3,1,0
,REP,Jeff Klemp,state senator from the 5th district (2025–present),2026,Governor,KS,klemp j,2,1,0
,REP,Joe Newland,president of the Kansas Farm Bureau (2022–present) and former state representative from the 13th district (2019–2022),2026,Governor,KS,newland j,2,1,0
,REP,Ken Rahjes,state representative from the 110th district (2016–present),2026,Governor,KS,rahjes k,2,1,0
,REP,Jeff Colyer,former governor (2018–2019),2026,Governor,KS,colyer j,3,0,0
,REP,Ron Estes,U.S. Representative for Kansas's 4th congressional district (2017–present) and former Kansas State Treasurer (2011–2017),2026,Governor,KS,estes r,4,1,0
,REP,Jake LaTurner,U.S. Representative for Kansas's 2nd congressional district (2021–2025) and former Kansas State Treasurer (2017–2021),2026,Governor,KS,laturner j,4,1,0
,REP,Dayton Moore,former Kansas City Royals executive (2006–2022),2026,Governor,KS,moore d,0,0,0
,REP,Kansas Board of Regents,(2019–present),2026,Governor,KS,regents k,0,1,0
,DEM,Maura Healey,incumbent governor (2023–present),2026,Governor,MA,healey m,3,1,0
,DEM,Diana DiZoglio,Massachusetts state auditor (2023–present)  ( running for re-election ),2026,Governor,MA,dizoglio d,3,1,0
,DEM,Kim Driscoll,incumbent lieutenant governor (2023–present),2026,Governor,MA,driscoll k,3,1,0
,REP,Massachusetts Bay Transportation Authority,(running with Shawn Oliver),2026,Governor,MA,authority m,0,0,0
,REP,Mike Kennealy,"former Massachusetts secretary of housing and economic development (ran with Anne Manning Martin, endorsed Minogue after convention)",2026,Governor,MA,kennealy m,0,0,0
,REP,2024,( running for U.S. Senate ),2026,Governor,MA,,0,0,0
,REP,Peter Durant,state senator from the Worcester and Hampshire district (2023–present) ( running for re-election ),2026,Governor,MA,durant p,2,1,0
,REP,New Bedford,city councilor and former corrections officer (running with Brian Shortsleeve),2026,Governor,MA,bedford n,1,0,0
,REP,Wayland,Selectmen member (2023–present),2026,Governor,MA,wayland,0,1,0
,REP,Peabody,city councilor and nominee for the 5th Governor's Council district in 2024 (previously ran with Mike Kennealy),2026,Governor,MA,peabody,1,0,1
,IND,Andrea James,criminal justice nonprofit executive (Independent),2026,Governor,MA,james a,0,0,0
,DEM,Wes Moore,"incumbent governor (2023–present)  Running mate: Aruna Miller , incumbent lieutenant governor (2023–present)",2026,Governor,MD,moore w,3,1,0
,DEM,Aruna Miller,incumbent lieutenant governor (2023–present),2026,Governor,MD,miller a,3,1,0
,DEM,Ed Hale,retired banker and owner of the Baltimore Blast (ran as a Republican),2026,Governor,MD,hale e,0,0,0
,DEM,Ralph Jaffe,"perennial candidate (died February 6, 2026)  Running mate: Donald Palmore, pastor",2026,Governor,MD,jaffe r,0,0,0
,DEM,Running mate: Donald Palmore,pastor,2026,Governor,MD,palmore r,0,0,0
,REP,Dan Cox,"former state delegate from the 4th district (2019–2023), nominee for Maryland's 8th congressional district in 2016 , nominee for governor in 2022 , and candidate for Maryland's 6th congressional district in 2024  Running mate: Robert Krop, gun store owner",2026,Governor,MD,cox d,2,0,1
,REP,Running mate: Robert Krop,gun store owner,2026,Governor,MD,krop r,0,0,0
,REP,Christopher Eric Bouchat,state delegate from the 5th district (2023–present),2026,Governor,MD,bouchat c,2,1,0
,REP,Andy Harris,U.S. representative from Maryland's 1st congressional district (2011–present)  ( running for re-election ),2026,Governor,MD,harris a,4,1,0
,REP,Steve Hershey,minority leader of the Maryland Senate (2023–present) from the 36th district (2013–present) ( running for re-election ),2026,Governor,MD,hershey s,2,1,0
,REP,Larry Hogan,former governor (2015–2023) and nominee for U.S. Senate in 2024,2026,Governor,MD,hogan l,3,0,1
,IND,Green,"), former co-chair of the Maryland Green Party and candidate for Maryland House of Delegates in 2018  Running mate: Owen Silverman Andrews, teacher",2026,Governor,MD,green,0,0,1
,IND,Working Class Party,"), nominee for lieutenant governor in 2022  Running mate: Cathy Permut",2026,Governor,MD,party w,0,0,1
,IND,Running mate: Owen Silverman Andrews,teacher,2026,Governor,MD,andrews r,0,0,0
,DEM,Hannah Pingree,"former director of the Maine Governor's Office of Policy Innovation, former Speaker of the Maine House of Representatives (2008–2010) from the 36th district (2002–2010), and daughter of U.S. Representative Chellie Pingree",2026,Governor,ME,pingree h,4,1,0
,DEM,2024,( ran for State House ),2026,Governor,ME,,0,0,0
,DEM,Joe Baldacci,"state senator (2020–present) and brother of former governor John Baldacci ( ran for U.S. House , endorsed Jackson)",2026,Governor,ME,baldacci j,3,1,0
,DEM,Jared Golden,U.S. representative from Maine's 2nd congressional district (2019–present),2026,Governor,ME,golden j,4,1,0
,DEM,ran for U.S. Senate,),2026,Governor,ME,senate r,0,0,0
,DEM,Adam Lee,car dealer,2026,Governor,ME,lee a,0,0,0
,REP,Bobby Charles,lawyer and former U.S. Assistant Secretary of State (2003–2005),2026,Governor,ME,charles b,3,0,0
,REP,James Libby,state senator and candidate for governor in 2002   (endorsed Bush; remained on ballot),2026,Governor,ME,libby j,2,0,1
,REP,Steven Sheppard,rapper,2026,Governor,ME,sheppard s,0,0,0
,REP,Rick Bennett,"state senator, former President of the Maine Senate, and candidate for U.S. Senate in 2012 (running as an Independent)",2026,Governor,ME,bennett r,2,0,1
,REP,Laurel Libby,state representative from the 90th district (2022–present) and the 64th district (2020–2022),2026,Governor,ME,libby l,2,1,0
,REP,2018,independent candidate for governor in 2010 (initially formed exploratory committee),2026,Governor,ME,,0,0,1
,REP,Ray Richardson,political analyst and radio host,2026,Governor,ME,richardson r,0,0,0
,IND,Rick Bennett,"state senator (1996–2004, 2020–present), Republican nominee for ME-2 in 1994 and candidate for U.S. Senate in 2012",2026,Governor,ME,bennett r,2,1,1
,IND,Ed Crockett,state representative (2018–present),2026,Governor,ME,crockett e,2,1,0
,IND,John Glowa,retired environmental specialist,2026,Governor,ME,glowa j,0,0,0
,IND,Alexander Murchison,mechanical engineer,2026,Governor,ME,murchison a,0,0,0
,DEM,Jocelyn Benson,Michigan secretary of state (2019–present),2026,Governor,MI,benson j,3,1,0
,DEM,Genesee County,sheriff (2020–present),2026,Governor,MI,county g,1,1,0
,DEM,Kim Thomas,auditor,2026,Governor,MI,thomas k,0,0,0
,DEM,Green,nominee for governor in 2022,2026,Governor,MI,green,0,0,1
,DEM,Marni Sawicki,"former mayor of Cape Coral, Florida (2013–2017)",2026,Governor,MI,sawicki m,1,0,0
,DEM,Garlin Gilchrist,lieutenant governor of Michigan (2019–present) ( running for Michigan Secretary of State ),2026,Governor,MI,gilchrist g,3,1,0
,DEM,Pete Buttigieg,former U.S. secretary of transportation (2021–2025),2026,Governor,MI,buttigieg p,4,0,0
,DEM,Dan Kildee,former U.S. representative from Michigan's 8th congressional district (2013–2025),2026,Governor,MI,kildee d,4,1,0
,DEM,Mallory McMorrow,state senator from the 8th district (2019–present)  ( ran for U.S. Senate ),2026,Governor,MI,mcmorrow m,2,1,0
,DEM,Gary Peters,U.S. senator (2015–present),2026,Governor,MI,peters g,4,1,0
,REP,John James,U.S. representative from Michigan's 10th congressional district (2023–present) and nominee for U.S. Senate in 2018 and 2020,2026,Governor,MI,james j,4,1,1
,REP,Perry Johnson,"businessman, candidate for governor in 2022 , and candidate for president in 2024",2026,Governor,MI,johnson p,0,0,1
,REP,2022,(endorsed Johnson),2026,Governor,MI,,0,0,0
,REP,Joyce Gipson,advocate,2026,Governor,MI,gipson j,0,0,0
,REP,William Null,construction manager,2026,Governor,MI,null w,0,0,0
,REP,Mike Cox,former Michigan Attorney General (2003–2011) and candidate for governor in 2010 (remains on ballot; endorsed James),2026,Governor,MI,cox m,3,0,1
,REP,Michigan's 8th congressional district,in 2024 ( switched to Libertarian convention ),2026,Governor,MI,district m,0,0,0
,REP,Tom Leonard,"former speaker of the Michigan House of Representatives (2017–2019) from the 93rd district (2013–2019), nominee for attorney general in 2018 and candidate in 2022 (endorsed James)",2026,Governor,MI,leonard t,2,1,1
,REP,Aric Nesbitt,minority leader of the Michigan Senate (2023–present) from 20th district (2019–present) (remains on ballot; endorsed James),2026,Governor,MI,nesbitt a,2,1,0
,REP,Karla Wagner,political organizer (running as an Independent),2026,Governor,MI,wagner k,0,0,0
,REP,Tudor Dixon,conservative media personality and nominee for governor in 2022,2026,Governor,MI,dixon t,0,0,1
,REP,Running mate: Beau Parmenter,businessman,2026,Governor,MI,parmenter r,0,0,0
,IND,Karla Wagner,political organizer (previously ran as a Republican),2026,Governor,MI,wagner k,0,0,0
,IND,Mike Duggan,former mayor of Detroit (2014–2026),2026,Governor,MI,duggan m,1,0,0
,DEM,Tom Evenstad,public safety specialist   Running mate: Jason Haarsager,2026,Governor,MN,evenstad t,0,0,0
,DEM,Bill Gates,"Jr., former pastor   Running mate: Leah Harris",2026,Governor,MN,gates b,0,0,0
,DEM,Amy Klobuchar,"U.S. senator (2007–present)  Running mate: Ben Schierer, former mayor of Fergus Falls (2017–2025)  (initially ran for state auditor )",2026,Governor,MN,klobuchar a,4,1,0
,DEM,Kobey Layne,community organizer    Running mate: Paul Ference,2026,Governor,MN,layne k,0,0,0
,DEM,Fergus Falls,(2017–2025)  (initially ran for state auditor ),2026,Governor,MN,falls f,0,0,0
,DEM,Tim Walz,incumbent governor (2019–present),2026,Governor,MN,walz t,3,1,0
,DEM,MN-01,in 2022,2026,Governor,MN,mn,0,0,0
,DEM,Angie Craig,"U.S. representative from MN-02 (2019–present) ( running for U.S. Senate , endorsed Klobuchar)",2026,Governor,MN,craig a,4,1,0
,DEM,Keith Ellison,attorney general of Minnesota (2019–present) ( running for re-election ),2026,Governor,MN,ellison k,3,1,0
,DEM,Peggy Flanagan,"Lieutenant Governor of Minnesota (2019–present) ( running for U.S. Senate , endorsed Klobuchar)",2026,Governor,MN,flanagan p,3,1,0
,DEM,Dean Phillips,former U.S. representative from MN-03 (2019–2025) and candidate for president in 2024,2026,Governor,MN,phillips d,4,1,1
,DEM,Steve Simon,secretary of state of Minnesota (2015–present) ( running for re-election ),2026,Governor,MN,simon s,3,1,0
,DEM,Tina Smith,U.S. senator (2018–present),2026,Governor,MN,smith t,4,1,0
,REP,Loner Blue,perennial candidate   Running mate: Andrew Maass,2026,Governor,MN,blue l,0,0,0
,REP,Lisa Demuth,"speaker of the Minnesota House of Representatives (2025–present) from district 13A (2019–present)  Running mate: Ryan Wilson, attorney and nominee for State Auditor in 2022",2026,Governor,MN,demuth l,2,1,1
,REP,Raul Estrada,construction worker and organizer with the American Indian Coalition  Running mate: Joe Kincaid,2026,Governor,MN,estrada r,0,0,0
,REP,John Krhin,pastor  Running mate: Dennis Conn,2026,Governor,MN,krhin j,0,0,0
,REP,Mike Lindell,"founder and CEO of My Pillow and candidate for RNC chair in 2023  Running mate: Phillip Parrish, retired Naval intelligence officer, teacher, and school administrator",2026,Governor,MN,lindell m,0,0,1
,REP,Minnesota's 3rd congressional district,"in 2020 , and candidate for governor in 2022  Running mate: Brian Nicholson, construction firm chief executive",2026,Governor,MN,district m,0,0,1
,REP,State Auditor,in 2022,2026,Governor,MN,auditor s,0,0,0
,REP,Running mate: Phillip Parrish,"retired Naval intelligence officer, teacher, and school administrator",2026,Governor,MN,parrish r,0,0,0
,REP,Running mate: Brian Nicholson,construction firm chief executive,2026,Governor,MN,nicholson r,0,0,0
,REP,Patrick Knight,food company CEO,2026,Governor,MN,knight p,0,0,0
,REP,Peggy Bennett,state representative from district 23A (2015–present) ( withdrew after her running mate dropped out ),2026,Governor,MN,bennett p,2,1,0
,REP,Scott Jensen,former state senator from the 47th district (2017–2021) and nominee for governor in 2022 ( running for state auditor ),2026,Governor,MN,jensen s,2,0,1
,REP,St. Cloud,city councilor (2010–2018) [ a ],2026,Governor,MN,cloud s,1,0,0
,REP,Chris Madel,attorney,2026,Governor,MN,madel c,0,0,0
,REP,Phillip Parrish,"retired Naval intelligence officer, teacher, and school administrator (running for lieutenant governor as Mike Lindell's running mate)",2026,Governor,MN,parrish p,0,0,0
,REP,Kristin Robbins,state representative from district 37A (2019–present),2026,Governor,MN,robbins k,2,1,0
,REP,Zach Duckworth,state senator from the 57th district (2021–present) ( running for re-election ),2026,Governor,MN,duckworth z,2,1,0
,REP,Tom Emmer,U.S. representative from Minnesota's 6th congressional district (2015–present) and nominee for governor in 2010,2026,Governor,MN,emmer t,4,1,1
,REP,Pete Stauber,U.S. representative from Minnesota's 8th congressional district (2019–present),2026,Governor,MN,stauber p,4,1,0
,REP,Tim Pawlenty,former governor of Minnesota (2003–2011),2026,Governor,MN,pawlenty t,3,0,0
,IND,Green,")    Running mate: Jane Kirby, retired midwife and animal rights activist",2026,Governor,MN,green,0,0,0
,IND,Running mate: Jane Kirby,retired midwife and animal rights activist,2026,Governor,MN,kirby r,0,0,0
,IND,Brad Kohler,retired mixed martial arts fighter ( previously registered as a Republican ),2026,Governor,MN,kohler b,0,0,0
,IND,Grassroots-LC,nominee for governor in 2022,2026,Governor,MN,grassrootslc,0,0,1
,IND,Mike Newcome,entrepreneur and business consultant,2026,Governor,MN,newcome m,0,0,0
,IND,Calvin Larson Jr.,labor union leader (running for State Senate District 2),2026,Governor,MN,larson c,0,0,0
,REP,Kelly Ayotte,incumbent governor (2025–present),2026,Governor,NH,ayotte k,3,1,0
,REP,Dan Innis,"state senator (2016–2018, 2022–present), candidate for New Hampshire's 1st congressional district in 2014 , and previous candidate for U.S. Senate in 2026 ( running for re-election )",2026,Governor,NH,innis d,2,1,1
,DEM,Cinde Warmington,former New Hampshire Executive Councilor (2021–2025) and candidate for governor in 2024,2026,Governor,NH,warmington c,0,0,1
,DEM,Newmarket,town councilor and 2024 gubernatorial candidate (running as an independent),2026,Governor,NH,newmarket,0,0,0
,DEM,Hampton,selectwoman ( Running for Congress ),2026,Governor,NH,hampton,0,0,0
,DEM,Donovan Fenton,state senator from the 10th district (2022–present),2026,Governor,NH,fenton d,2,1,0
,DEM,mayor,of Portsmouth (2022–present),2026,Governor,NH,mayor,0,1,0
,DEM,Andru Volinsky,former New Hampshire Executive Councilor (2017–2021) and candidate for governor in 2020,2026,Governor,NH,volinsky a,0,0,1
,IND,Newmarket,town councilor and Democratic candidate for governor in 2024  [ b ],2026,Governor,NH,newmarket,0,0,1
,IND,Libertarian,"), software developer and nominee for governor in 2024",2026,Governor,NH,libertarian,0,0,1
,DEM,Deb Haaland,former U.S. secretary of the interior (2021–2025,2026,Governor,NM,haaland d,4,0,0
,DEM,Ken Miyagishima,former mayor of Las Cruces (2007–2023) (ran as an independent),2026,Governor,NM,miyagishima k,1,0,0
,DEM,Teresa Leger Fernandez,U.S. representative from New Mexico's 3rd congressional district (2021–present)  (endorsed Haaland),2026,Governor,NM,fernandez t,4,1,0
,DEM,Martin Heinrich,U.S. senator from New Mexico (2013–present),2026,Governor,NM,heinrich m,4,1,0
,DEM,Howie Morales,lieutenant governor of New Mexico (2019–present),2026,Governor,NM,morales h,3,1,0
,DEM,Raúl Torrez,attorney general of New Mexico (2023–present) ( running for re-election ),2026,Governor,NM,torrez r,3,1,0
,DEM,Stephanie Garcia Richard,New Mexico Commissioner of Public Lands (2019–present),2026,Governor,NM,richard s,3,1,0
,DEM,Leo Jaramillo,state senator from the 5th district (2021–present),2026,Governor,NM,jaramillo l,2,1,0
,DEM,Harold Pope Jr.,state senator from the 23rd district (2021–present) and runner-up in original primary election,2026,Governor,NM,pope h,2,1,0
,DEM,Antonia Roybal-Mack,attorney,2026,Governor,NM,roybalmack a,0,0,0
,DEM,Sonia Smith,former New Mexico Secretary of Veterans Services,2026,Governor,NM,smith s,0,0,0
,DEM,Maggie Toulouse Oliver,New Mexico Secretary of State (2016–present)  (withdrew on June 18),2026,Governor,NM,oliver m,3,1,0
,DEM,Loving,village councilor,2026,Governor,NM,loving,0,0,0
,REP,Gregg Hull,mayor of Rio Rancho (2014–2026),2026,Governor,NM,hull g,1,0,0
,REP,New Mexico Public Regulation Commissioner,(2023–2024) ( running for state treasurer ),2026,Governor,NM,commissioner n,0,0,0
,REP,Belinda Robertson,fitness instructor,2026,Governor,NM,robertson b,0,0,0
,REP,Steve Lanier,state senator from the 2nd district (2025–present),2026,Governor,NM,lanier s,2,1,0
,REP,John Block,state representative from the 51st district (2023–present),2026,Governor,NM,block j,2,1,0
,REP,Crystal Brantley,state senator from the 35th district (2021–present),2026,Governor,NM,brantley c,2,1,0
,REP,Bridgewater Associates,"daughter of former U.S. Senator Pete Domenici , and nominee for U.S. Senate in 2024",2026,Governor,NM,associates b,4,0,1
,REP,Mark Murphy,state representative from the 59th district (2025–present),2026,Governor,NM,murphy m,2,1,0
,REP,Judith Nakamura,former Chief Justice of the New Mexico Supreme Court (2017–2020),2026,Governor,NM,nakamura j,0,0,0
,REP,David Gallegos,state senator from the 41st district (2021–present),2026,Governor,NM,gallegos d,2,1,0
,IND,Ken Miyagishima,former mayor of Las Cruces (2007–2023) (previously ran as a Democrat; endorsed Hull),2026,Governor,NM,miyagishima k,1,0,0
,REP,Joe Lombardo,incumbent governor (2023–present),2026,Governor,NV,lombardo j,3,1,0
,DEM,Aaron Ford,Nevada attorney general (2019–present),2026,Governor,NV,ford a,3,1,0
,DEM,Sandra Jauregui,majority leader of the Nevada Assembly (2023–present) from the 41st district (2016–present)  ( running for lieutenant governor ; endorsed Ford),2026,Governor,NV,jauregui s,2,1,0
,DEM,Steve Yeager,speaker of the Nevada Assembly (2022–present) from the 9th district (2016–present),2026,Governor,NV,yeager s,2,1,0
,IND,Lyon county,deputy sheriff,2026,Governor,NV,county l,1,0,0
,IND,Allen Rheinhart,perennial candidate,2026,Governor,NV,rheinhart a,0,0,0
,DEM,Kathy Hochul,"governor of New York (2021–present)  Running mate: Adrienne Adams , former speaker of the New York City Council (2022–2025) from the 28th district (2017–2025) and candidate for mayor of New York City in 2025",2026,Governor,NY,hochul k,3,1,1
,DEM,Adrienne Adams,former speaker of the New York City Council (2022–2025) from the 28th district (2017–2025) and candidate for mayor of New York City in 2025,2026,Governor,NY,adams a,1,0,1
,DEM,Antonio Delgado,"lieutenant governor of New York (2022–present)  Running mate: India Walton , community organizer and nominee for mayor of Buffalo in 2021",2026,Governor,NY,delgado a,3,1,1
,DEM,India Walton,community organizer and nominee for mayor of Buffalo in 2021,2026,Governor,NY,walton i,0,0,1
,DEM,Letitia James,attorney general of New York (2019–present) ( running for re-election ; endorsed Hochul),2026,Governor,NY,james l,3,1,0
,DEM,Tom Suozzi,"U.S. representative from New York's 3rd congressional district (2017–2023, 2024–present) and candidate for governor in 2006 and 2022  ( running for re-election , endorsed Hochul)",2026,Governor,NY,suozzi t,4,1,1
,DEM,Ritchie Torres,U.S. representative from New York's 15th congressional district (2021–present)  ( running for re-election ; endorsed Hochul),2026,Governor,NY,torres r,4,1,0
,REP,Bruce Blakeman,"Nassau County executive (2021–present)  Running mate: Todd Hood, Madison County sheriff (2018–present)",2026,Governor,NY,blakeman b,1,1,0
,REP,Madison County,sheriff (2018–present),2026,Governor,NY,county m,1,1,0
,REP,Larry Sharpe,"business training company founder and perennial candidate   Running mate: Mike Carpinelli, Lewis County sheriff (2006–present)",2026,Governor,NY,sharpe l,1,1,0
,REP,Pat Hahn,union leader,2026,Governor,NY,hahn p,0,0,0
,REP,David Tulley,cannabis shop owner,2026,Governor,NY,tulley d,0,0,0
,REP,Lewis County,sheriff (2006–present),2026,Governor,NY,county l,1,1,0
,REP,Elise Stefanik,U.S. representative from New York's 21st congressional district (2015–present),2026,Governor,NY,stefanik e,4,1,0
,REP,Mike Lawler,"U.S. representative from New York's 17th congressional district (2023–present) ( running for re-election , endorsed Stefanik)",2026,Governor,NY,lawler m,4,1,0
,IND,Prohibition,"), chair of the Prohibition Party of New York (write-in)",2026,Governor,NY,prohibition,0,0,0
,IND,Larry Sharpe,"( Libertarian ), business training company founder and perennial candidate",2026,Governor,NY,sharpe l,0,0,0
,IND,Carl Gottstein (Independent),conservative activist,2026,Governor,NY,independent c,0,0,0
,REP,Vivek Ramaswamy,"founder of Roivant Sciences and candidate for president in 2024  Running mate: Rob McColley , president of the Ohio Senate (2025–present) from the 1st district (2017–present)",2026,Governor,OH,ramaswamy v,2,1,1
,REP,Rob McColley,president of the Ohio Senate (2025–present) from the 1st district (2017–present),2026,Governor,OH,mccolley r,2,1,0
,REP,Robert Sprague,"Ohio state treasurer (2019–present) (endorsed Ramaswamy, running for secretary of state )",2026,Governor,OH,sprague r,3,1,0
,REP,Dave Yost,Ohio attorney general (2019–2026) and former Ohio state auditor (2011–2019),2026,Governor,OH,yost d,3,0,0
,REP,Warren Davidson,"U.S. representative from Ohio's 8th congressional district (2016–present) (endorsed Ramaswamy,  running for re-election )",2026,Governor,OH,davidson w,4,1,0
,REP,Jon Husted,"U.S. senator (2025–present), former lieutenant governor (2019–2025), and candidate for governor in 2018  ( endorsed Ramaswamy,  running for U.S. Senate )",2026,Governor,OH,husted j,4,1,1
,REP,Frank LaRose,"Ohio secretary of state (2019–present) and candidate for U.S. Senate in 2024 (endorsed Ramaswamy,  running for state auditor )",2026,Governor,OH,larose f,3,1,1
,REP,Jim Tressel,lieutenant governor of Ohio (2025–present),2026,Governor,OH,tressel j,3,1,0
,DEM,Amy Acton,"former director of the Ohio Department of Health (2019–2020)   Running mate: David Pepper , former chair of Ohio Democratic Party (2015–2020), former Hamilton County commissioner (2007–2011), nominee for state auditor in 2010 , and nominee for attorney general in 2014",2026,Governor,OH,acton a,1,0,1
,DEM,David Pepper,"former chair of Ohio Democratic Party (2015–2020), former Hamilton County commissioner (2007–2011), nominee for state auditor in 2010 , and nominee for attorney general in 2014",2026,Governor,OH,pepper d,1,0,1
,DEM,Sherrod Brown,"former U.S. senator (2007–2025) ( running for U.S. Senate , endorsed Acton)",2026,Governor,OH,brown s,4,0,0
,DEM,Greg Landsman,U.S. representative from Ohio's 1st congressional district (2023–present) ( running for re-election ),2026,Governor,OH,landsman g,4,1,0
,DEM,Allison Russo,former minority leader of the Ohio House of Representatives (2022–2025) and nominee for Ohio's 15th congressional district in the 2021 special election  ( running for Secretary of State ),2026,Governor,OH,russo a,2,1,1
,DEM,Tim Ryan,"former U.S. representative (2003–2023), nominee for U.S. Senate in 2022 , and candidate for president in 2020",2026,Governor,OH,ryan t,4,1,1
,DEM,Emilia Sykes,U.S. representative from Ohio's 13th congressional district (2023–present) ( running for re-election ),2026,Governor,OH,sykes e,4,1,0
,DEM,Ohio's 5th congressional district,"in 2018 , and nominee for U.S. Senate in 2024  Running mate: James Mills",2026,Governor,OH,district o,0,0,1
,REP,G. T. Bynum,former Mayor of Tulsa (2016–2024),2026,Governor,OK,bynum g,1,0,0
,REP,Kevin Hern,U.S. representative from Oklahoma's 1st congressional district (2018–present) ( running for U.S. Senate ),2026,Governor,OK,hern k,4,1,0
,REP,James Lankford,U.S. Senator (2015–present),2026,Governor,OK,lankford j,4,1,0
,REP,Matt Pinnell,Lieutenant Governor of Oklahoma (2019–present),2026,Governor,OK,pinnell m,3,1,0
,DEM,Cyndi Munson,minority leader of the Oklahoma House of Representatives (2022–present) from the 85th district (2015–present),2026,Governor,OK,munson c,2,1,0
,IND,Robert Brooks Sr.,farmer,2026,Governor,OK,brooks r,0,0,0
,IND,Tulsa school board,member,2026,Governor,OK,board t,0,0,0
,DEM,Tina Kotek,incumbent governor (2023–present),2026,Governor,OR,kotek t,3,1,0
,REP,Christine Drazan,"state senator (2025–present), former minority leader of the Oregon House of Representatives (2019–2021, 2025) and nominee for governor in 2022",2026,Governor,OR,drazan c,2,1,1
,DEM,Josh Shapiro,incumbent governor (2023–present),2026,Governor,PA,shapiro j,3,1,0
,DEM,Bob Casey Jr.,former U.S. senator (2007–2025),2026,Governor,PA,casey b,4,0,0
,DEM,Austin Davis,incumbent lieutenant governor (2023–present),2026,Governor,PA,davis a,3,1,0
,REP,Stacy Garrity,Pennsylvania state treasurer (2021–present),2026,Governor,PA,garrity s,3,1,0
,REP,Mutual UFO Network,and perennial candidate (running for lieutenant governor),2026,Governor,PA,network m,0,0,0
,REP,Scott Martin,state senator from SD-13 (2017–present) and candidate for governor in 2022  (endorsed Garrity),2026,Governor,PA,martin s,2,1,1
,REP,Doug Mastriano,state senator from SD-33 (2019–present) and nominee for governor in 2022,2026,Governor,PA,mastriano d,2,1,1
,REP,Dan Meuser,"U.S. representative from PA-09 (2019–present) ( running for re-election , endorsed Garrity)",2026,Governor,PA,meuser d,4,1,0
,REP,Dave Sunday,Pennsylvania attorney general (2025–present)  (endorsed Garrity),2026,Governor,PA,sunday d,3,1,0
,REP,Glenn Thompson,"U.S. representative from PA-15 (2009–present)  ( running for re-election , endorsed Garrity)",2026,Governor,PA,thompson g,4,1,0
,REP,Mike Turzai,former speaker of the Pennsylvania House of Representatives (2015–2020) from HD-28 (2001–2020),2026,Governor,PA,turzai m,2,1,0
,REP,Allegheny County,Republican Party and candidate for governor in 2022,2026,Governor,PA,county a,0,0,1
,REP,Cris Dush,state senator from SD-25 (2021–present) (endorsed Richey),2026,Governor,PA,dush c,2,1,0
,REP,Brian Thomas,businessman,2026,Governor,PA,thomas b,0,0,0
,REP,Montgomery County,Commissioner,2026,Governor,PA,county m,0,0,0
,REP,Libertarian Party,"Judicial Committee and nominee for governor in 1998 , 2002 , and 2018",2026,Governor,PA,party l,0,0,1
,REP,Lancaster,home rule commissioner and Green Party candidate for mayor in 2017 and 2025,2026,Governor,PA,lancaster,0,0,1
,REP,Craig Bolton,Chair of the Philadelphia Green Party,2026,Governor,PA,bolton c,0,0,0
,REP,Constitution Party,and Erie County attorney,2026,Governor,PA,party c,1,0,0
,REP,Lawrence County,Constitution Party,2026,Governor,PA,county l,0,0,0
,REP,Alan R. Goodrich,"Sr., principal",2026,Governor,PA,goodrich a,0,0,0
,DEM,Helena Foulkes,"former CVS executive, niece of former U.S. senator Chris Dodd , and candidate for governor in 2022",2026,Governor,RI,foulkes h,4,0,1
,DEM,Wil Gregersen,librarian,2026,Governor,RI,gregersen w,0,0,0
,DEM,Dan McKee,incumbent governor (2021–present),2026,Governor,RI,mckee d,3,1,0
,DEM,Gregory Stevens,restaurateur,2026,Governor,RI,stevens g,0,0,0
,DEM,Gregg Amore,Rhode Island Secretary of State (2023–present) ( running for re-election ),2026,Governor,RI,amore g,3,1,0
,DEM,Alana DiMario,state senator from the 36th district (2021–present),2026,Governor,RI,dimario a,2,1,0
,DEM,Sabina Matos,"lieutenant governor of Rhode Island (2021–present) ( running for re-election , endorsed McKee)",2026,Governor,RI,matos s,3,1,0
,DEM,Peter Neronha,Rhode Island Attorney General (2019–present) (endorsed Foulkes),2026,Governor,RI,neronha p,3,1,0
,DEM,Joe Shekarchi,Speaker of the Rhode Island House of Representatives (2021–present) from the 23rd district (2013–present),2026,Governor,RI,shekarchi j,2,1,0
,REP,Warwick,Sewer Authority and nominee for lieutenant governor in 2022,2026,Governor,RI,warwick,0,0,1
,REP,Elaine Pelino,former actress and model,2026,Governor,RI,pelino e,0,0,0
,REP,Jessica de la Cruz,minority leader of the Rhode Island Senate (2022–present) from the 23rd district (2019–present) ( running for re-election ),2026,Governor,RI,cruz j,2,1,0
,REP,Kenneth Hopkins,mayor of Cranston (2021–present),2026,Governor,RI,hopkins k,1,1,0
,IND,Ken Block,"founder of the Moderate Party of Rhode Island , Moderate Party nominee for governor in 2010 and Republican candidate in 2014",2026,Governor,RI,block k,0,0,1
,IND,Rhode Island’s 1st congressional district,),2026,Governor,RI,district r,0,0,0
,IND,Helena Foulkes,"former CVS executive, candidate for governor in 2022 , granddaughter of former U.S. senator Thomas Dodd and niece of former U.S. senator Chris Dodd  (running as a Democrat)",2026,Governor,RI,foulkes h,4,0,1
,REP,Alan Wilson,"attorney general of South Carolina (2011–present)  Running mate: Mike Reichenbach , state senator from the 31st district (2022–present)",2026,Governor,SC,wilson a,3,1,0
,REP,Mike Reichenbach,state senator from the 31st district (2022–present),2026,Governor,SC,reichenbach m,2,1,0
,REP,Josh Kimbrell,"state senator from the 11th district (2020–present)  (endorsed Wilson, remained on ballot)",2026,Governor,SC,kimbrell j,2,1,0
,REP,Thomas Ravenel,"former state treasurer of South Carolina (2007), candidate for U.S. Senate in 2004 and independent candidate in 2014",2026,Governor,SC,ravenel t,3,0,1
,REP,Jacqueline Hicks DuBose,bus driver ( remained on ballot),2026,Governor,SC,dubose j,0,0,0
,REP,Mark Sanford,"former governor (2003–2011), U.S. representative for South Carolina's 1st congressional district (1995–2001, 2013–2019), and candidate for president in 2020 ( ran for congress )",2026,Governor,SC,sanford m,4,1,1
,DEM,Jermaine Johnson,state representative from the 80th district [ l ] (2020–present),2026,Governor,SC,johnson j,2,1,0
,DEM,Russell Ott,state senator from the 26th district (2024–present),2026,Governor,SC,ott r,2,1,0
,IND,South Carolina Green Party,"), veteran",2026,Governor,SC,party s,0,0,0
,IND,United Citizens Party,"), Democratic candidate for SC-6 in 2022   Running mate: Candace Brewer, activist",2026,Governor,SC,party u,0,0,1
,IND,Running mate: Candace Brewer,activist,2026,Governor,SC,brewer r,0,0,0
,REP,Marty Jackley,"Attorney General of South Dakota (2009–2019, 2023–present)  ( running for U.S. House )",2026,Governor,SD,jackley m,3,1,0
,REP,Mike Rounds,U.S. Senator (2015–present) and former governor (2003–2011)  ( running for re-election ),2026,Governor,SD,rounds m,4,1,0
,REP,Paul TenHaken,mayor of Sioux Falls (2018–2026),2026,Governor,SD,tenhaken p,1,0,0
,DEM,Dan Ahlers,"executive director of the South Dakota Democratic Party , former state senator (2008–2010), and nominee for U.S. Senate in 2020",2026,Governor,SD,ahlers d,2,0,1
,DEM,Robert Arnold,college student,2026,Governor,SD,arnold r,0,0,0
,IND,Anthony Sitter,HVAC installer,2026,Governor,SD,sitter a,0,0,0
,IND,South Dakota's 1st legislative district,in 2018,2026,Governor,SD,district s,0,0,0
,IND,Terry Gleason,web developer and convicted sex offender,2026,Governor,SD,gleason t,0,0,0
,IND,Scott Morris,retired Air Force veteran,2026,Governor,SD,morris s,0,0,0
,IND,mayor of Sioux Falls,(1974–1984) and candidate for state senate in 2020,2026,Governor,SD,falls m,0,0,1
,REP,Marsha Blackburn,U.S. senator (2019–present),2026,Governor,TN,blackburn m,4,1,0
,REP,Monty Fritts,state representative from the 32nd district (2023–present),2026,Governor,TN,fritts m,2,1,0
,REP,John Rose,U.S. representative from Tennessee's 6th congressional district (2019–present),2026,Governor,TN,rose j,4,1,0
,REP,Mark Green,former U.S. representative from Tennessee's 7th congressional district (2019–2025),2026,Governor,TN,green m,4,1,0
,REP,Bill Hagerty,U.S. senator (2021–present) ( running for re-election ),2026,Governor,TN,hagerty b,4,1,0
,REP,Tre Hargett,secretary of state of Tennessee (2009–present),2026,Governor,TN,hargett t,3,1,0
,REP,Diana Harshbarger,U.S. representative from Tennessee's 1st congressional district (2021–present)  ( running for re-election ),2026,Governor,TN,harshbarger d,4,1,0
,REP,Pete Hegseth,United States Secretary of Defense (2025–present),2026,Governor,TN,hegseth p,4,1,0
,REP,Glenn Jacobs,mayor of Knox County (2018–present) (endorsed Blackburn),2026,Governor,TN,jacobs g,1,1,0
,REP,Stuart McWhorter,Tennessee Commissioner of Economic & Community Development (2022–present),2026,Governor,TN,mcwhorter s,3,1,0
,REP,Barry Wilmore,retired NASA astronaut and United States Navy test pilot,2026,Governor,TN,wilmore b,0,0,0
,DEM,governor,"in 2022 , and candidate for mayor of Memphis in 2023",2026,Governor,TN,governor,0,0,1
,DEM,Tim Cyr,home repair business owner,2026,Governor,TN,cyr t,0,0,0
,DEM,Memphis city councilor,from the 2nd district (2024–present),2026,Governor,TN,councilor m,0,1,0
,DEM,"Adam ""Ditch"" Kurtz",Nashville pedal steel musician,2026,Governor,TN,kurtz a,0,0,0
,DEM,Kevin Lee McCants,pastor,2026,Governor,TN,mccants k,0,0,0
,DEM,Steve Cohen,U.S. representative from Tennessee's 9th congressional district (2007–present),2026,Governor,TN,cohen s,4,1,0
,IND,David Hatley,businessman,2026,Governor,TN,hatley d,0,0,0
,IND,Lipscomb University,professor,2026,Governor,TN,university l,0,0,0
,IND,Robert Vick,educator,2026,Governor,TN,vick r,0,0,0
,REP,Greg Abbott,incumbent governor (2015–present),2026,Governor,TX,abbott g,3,1,0
,DEM,Gina Hinojosa,state representative from the 49th district (2017–present),2026,Governor,TX,hinojosa g,2,1,0
,DEM,Bay City,"councilor ( running for Land Commissioner , endorsed Hinojosa)",2026,Governor,TX,city b,0,0,0
,DEM,Denton County,Judge),2026,Governor,TX,county d,1,0,0
,DEM,Mark White,and candidate for governor in 2018 (endorsed Hinojosa),2026,Governor,TX,white m,0,0,1
,DEM,Jasmine Crockett,"U.S. representative from Texas's 30th congressional district (2023–present) ( ran for U.S. Senate , endorsed Hinojosa)",2026,Governor,TX,crockett j,4,1,0
,DEM,Veronica Escobar,"U.S. representative from Texas's 16th congressional district (2019–present) ( running for re-election , endorsed Hinojosa)",2026,Governor,TX,escobar v,4,1,0
,DEM,Clay Jenkins,Dallas County Judge [ d ] (2011–present),2026,Governor,TX,jenkins c,1,1,0
,DEM,Beto O'Rourke,"former U.S. representative from Texas's 16th congressional district (2013–2019), nominee for governor in 2022 , nominee for U.S. Senate in 2018 , and candidate for president in 2020",2026,Governor,TX,orourke b,4,1,1
,DEM,Ron Nirenberg,former mayor of San Antonio (2017–2025) ( running for Bexar County Judge),2026,Governor,TX,nirenberg r,1,0,0
,IND,Libertarian,"), former chair of the Libertarian Party of Texas",2026,Governor,TX,libertarian,0,0,0
,IND,Matthew McConaughey,actor,2026,Governor,TX,mcconaughey m,0,0,0
,REP,Phil Scott,incumbent governor,2026,Governor,VT,scott p,3,0,0
,REP,John S. Rodgers,lieutenant governor of Vermont (2025-present) ( running for re-election ),2026,Governor,VT,rodgers j,3,1,0
,DEM,Amanda Janoo,economist,2026,Governor,VT,janoo a,0,0,0
,DEM,Aly Richards,former lobbying group CEO,2026,Governor,VT,richards a,0,0,0
,DEM,Coventry,Emergency Management Director,2026,Governor,VT,coventry,0,0,0
,DEM,Charity Clark,Vermont attorney general (2023–present)   ( running for re-election ),2026,Governor,VT,clark c,3,1,0
,DEM,Mike Pieciak,Vermont state treasurer (2023–present)  ( running for re-election ),2026,Governor,VT,pieciak m,3,1,0
,DEM,Dean Roy,high school student and former legislative page,2026,Governor,VT,roy d,0,0,0
,DEM,Mandela Barnes,former lieutenant governor (2019–2023) and nominee for U.S. Senate in 2022,2026,Governor,WI,barnes m,3,0,1
,DEM,Joel Brennan,former secretary of the Wisconsin Department of Administration (2019–2022),2026,Governor,WI,brennan j,0,0,0
,DEM,David Crowley,"Milwaukee County Executive (2020–present) (previously withdrew, endorsed Rodriguez)",2026,Governor,WI,crowley d,1,1,0
,DEM,Francesca Hong,state representative from the 76th district (2021–present),2026,Governor,WI,hong f,2,1,0
,DEM,Brett Hulsey,former state representative from the 78th district (2011–2015) and candidate for governor in 2014 (write-in),2026,Governor,WI,hulsey b,2,1,1
,DEM,Kelda Roys,"state senator from the 26th district (2021–present), candidate for Wisconsin's 2nd congressional district in 2012 , and candidate for governor in 2018",2026,Governor,WI,roys k,2,1,1
,DEM,Missy Hughes,former CEO of the Wisconsin Economic Development Corporation (2019–2025) (remains on ballot; endorsed Rodriguez),2026,Governor,WI,hughes m,0,0,0
,DEM,Oshkosh Defense,assembler  (ran for Winnebago County Board of Supervisors),2026,Governor,WI,defense o,0,0,0
,DEM,Sara Rodriguez,lieutenant governor (2023–present) (remains on ballot),2026,Governor,WI,rodriguez s,3,1,0
,DEM,Ryan Strnad,stadium vendor (endorsed Crowley),2026,Governor,WI,strnad r,0,0,0
,DEM,Kirk Bangstad,business owner,2026,Governor,WI,bangstad k,0,0,0
,DEM,Tony Evers,incumbent governor (2019–present)  (endorsed Crowley),2026,Governor,WI,evers t,3,1,0
,DEM,Sarah Godlewski,Wisconsin Secretary of State (2023–present) and candidate for U.S. Senate in 2022 (running for lieutenant governor),2026,Governor,WI,godlewski s,3,1,1
,DEM,Cavalier Johnson,Mayor of Milwaukee (2021–present) (endorsed Crowley),2026,Governor,WI,johnson c,1,1,0
,DEM,Josh Kaul,Attorney General of Wisconsin (2019–present) ( running for re-election ),2026,Governor,WI,kaul j,3,1,0
,DEM,Tip McGuire,state representative from the 64th district (2019–present)  ( running for re-election ),2026,Governor,WI,mcguire t,2,1,0
,DEM,Ben Wikler,former chair of the Wisconsin Democratic Party (2019–2025) and candidate for Democratic National Committee chair in 2025,2026,Governor,WI,wikler b,0,0,1
,REP,Tom Tiffany,U.S. representative for Wisconsin's 7th congressional district (2020–present),2026,Governor,WI,tiffany t,4,1,0
,REP,Andy Manske,medical service technician,2026,Governor,WI,manske a,0,0,0
,REP,Bill Berrien,manufacturing executive,2026,Governor,WI,berrien b,0,0,0
,REP,Washington County,Executive (2020–present),2026,Governor,WI,county w,0,1,0
,REP,Rohn W. Bishop,"mayor of Waupun, Wisconsin (2022 – present)",2026,Governor,WI,bishop r,1,1,0
,REP,2024,and candidate in 2012,2026,Governor,WI,,0,0,0
,REP,Ron Johnson,U.S. senator (2011–present),2026,Governor,WI,johnson r,4,1,0
,REP,Mary Felzkowski,president of the Wisconsin Senate (2025–present) from the 12th district (2021–present),2026,Governor,WI,felzkowski m,2,1,0
,REP,WTMJ-TV,host and owner of the Janesville Jets,2026,Governor,WI,wtmjtv,0,0,0
,REP,Michels Corporation,nominee for governor in 2022 and U.S. Senate in 2004,2026,Governor,WI,corporation m,0,0,1
,REP,Matt Neumann,business owner,2026,Governor,WI,neumann m,0,0,0
,REP,Bryan Steil,U.S. representative for Wisconsin's 1st congressional district (2019–present)  ( running for re-election ; endorsed Tiffany),2026,Governor,WI,steil b,4,1,0
,REP,Tommy Thompson,"former governor (1987–2001), former U.S. Secretary of Health and Human Services (2001–2005), and nominee for U.S. Senate in 2012  (endorsed Tiffany)",2026,Governor,WI,thompson t,4,0,1
,REP,Scott Walker,former governor (2011–2019),2026,Governor,WI,walker s,3,0,0
,REP,Lancaster,(2016–2022) and candidate for lieutenant governor in 2022,2026,Governor,WI,lancaster,0,0,1
,REP,Wisconsin Department of Workforce Development,and candidate for lieutenant governor in 2022,2026,Governor,WI,development w,0,0,1
,REP,Wisconsin's 1st congressional district,in 2018 ( running for state senate ),2026,Governor,WI,district w,0,0,0
,REP,Cyril Sablich,college student,2026,Governor,WI,sablich c,0,0,0
,REP,Oakfield,school board member,2026,Governor,WI,oakfield,1,0,0
,IND,David King,pastor and perennial candidate,2026,Governor,WI,king d,0,0,0
,REP,John Howard Lindauer,,1998,Governor,AK,lindauer j,0,0,0
,REP,Robin L. Taylor,,1998,Governor,AK,taylor r,0,0,0
,REP,Wayne A. Ross,,1998,Governor,AK,ross w,0,0,0
,DEM,Tony Knowles,incumbent Governor,1998,Governor,AK,knowles t,3,0,0
,REP,Ray Metcalfe,,1998,Governor,AK,metcalfe r,0,0,0
,OTH,Desa Jacobsson,,1998,Governor,AK,jacobsson d,0,0,0
,,Sylvia Sullivan,,1998,Governor,AK,sullivan s,0,0,0
,REP,1994,and son of former U.S. Postmaster General Winton M. Blount,1998,Governor,AL,,0,0,0
,REP,Guy Hunt,former Governor,1998,Governor,AL,hunt g,3,0,0
,REP,Fob James,incumbent Governor,1998,Governor,AL,james f,3,0,0
,REP,Mac McAllister,businessman,1998,Governor,AL,mcallister m,0,0,0
,REP,Phil Williams Sr.,former Director of the Alabama Department of Finance,1998,Governor,AL,williams p,0,0,0
,DEM,Lenora Pate,attorney and former Director of the Alabama Department of Industrial Relations,1998,Governor,AL,pate l,0,0,0
,DEM,Don Siegelman,Lieutenant Governor of Alabama,1998,Governor,AL,siegelman d,3,0,0
,REP,Winton Blount,,1998,Governor,AL,blount w,0,0,0
,DEM,Wayne Sowell,,1998,Governor,AL,sowell w,0,0,0
,DEM,Lee Lamb,,1998,Governor,AL,lamb l,0,0,0
,DEM,Bill Bristow,attorney,1998,Governor,AR,bristow b,0,0,0
,DEM,Dirk Anderson,farmer,1998,Governor,AR,anderson d,0,0,0
,DEM,Johnny Hoyt,state representative,1998,Governor,AR,hoyt j,2,1,0
,REP,Mike Huckabee,incumbent governor of Arkansas,1998,Governor,AR,huckabee m,3,0,0
,REP,Air National Guard,colonel,1998,Governor,AR,guard a,0,0,0
,REP,Mike Huckabee (inc.),,1998,Governor,AR,inc m,0,0,0
,REP,Gene McVay,,1998,Governor,AR,mcvay g,0,0,0
,OTH,Keith Carle,,1998,Governor,AR,carle k,0,0,0
,DEM,Paul Johnson,Mayor of Phoenix,1998,Governor,AZ,johnson p,1,0,0
,REP,Jane Dee Hull,incumbent Governor of Arizona,1998,Governor,AZ,hull j,3,0,0
,REP,Maricopa County,Supervisor,1998,Governor,AZ,county m,0,0,0
,REP,Jim Howl,,1998,Governor,AZ,howl j,0,0,0
,REP,Charles Brown,,1998,Governor,AZ,brown c,0,0,0
,OTH,Katherine Gallant,,1998,Governor,AZ,gallant k,0,0,0
,OTH,Tom Rawles,,1998,Governor,AZ,rawles t,0,0,0
,OTH,Scott Alan Malcomson,,1998,Governor,AZ,malcomson s,0,0,0
,OTH,Alan White (write-in),,1998,Governor,AZ,writein a,0,0,0
,OTH,D'Herrera Tapia (write-in),,1998,Governor,AZ,writein d,0,0,0
,OTH,Robert B. Winn (write-in),,1998,Governor,AZ,writein r,0,0,0
,DEM,Gray Davis,,1998,Governor,CA,davis g,0,0,0
,DEM,Al Checchi,,1998,Governor,CA,checchi a,0,0,0
,DEM,Jane Harman,,1998,Governor,CA,harman j,0,0,0
,DEM,"Charles ""Chuck"" Pineda Jr.",,1998,Governor,CA,pineda c,0,0,0
,DEM,Pia Jensen,,1998,Governor,CA,jensen p,0,0,0
,DEM,Michael Palitz,,1998,Governor,CA,palitz m,0,0,0
,REP,Dan Lungren,,1998,Governor,CA,lungren d,0,0,0
,REP,Dennis Peron,,1998,Governor,CA,peron d,0,0,0
,REP,James D. Crawford,,1998,Governor,CA,crawford j,0,0,0
,REP,Eduardo M. Rivera,,1998,Governor,CA,rivera e,0,0,0
,REP,Jeff Williams,,1998,Governor,CA,williams j,0,0,0
,OTH,Dan Hamburg,,1998,Governor,CA,hamburg d,0,0,0
,OTH,Steve W. Kubby,,1998,Governor,CA,kubby s,0,0,0
,,Peace and Freedom,,1998,Governor,CA,freedom p,0,0,0
,,American Independent,,1998,Governor,CA,independent a,0,0,0
,,Natural Law,,1998,Governor,CA,law n,0,0,0
,,Invalid or blank votes,,1998,Governor,CA,votes i,0,0,0
,OTH,Gale Shangold (write-in),,1998,Governor,CA,writein g,0,0,0
,OTH,Phillip Ashamallah (write-in),,1998,Governor,CA,writein p,0,0,0
,OTH,Lark D. Jursek (write-in),,1998,Governor,CA,writein l,0,0,0
,DEM,Gail Schoettler,Lieutenant Governor of Colorado,1998,Governor,CO,schoettler g,3,0,0
,DEM,Minority Leader,of the Colorado State Senate,1998,Governor,CO,leader m,2,0,0
,DEM,Bernie Buescher,former Executive Director of the Colorado Department of Health Care Policy and Financing,1998,Governor,CO,buescher b,0,0,0
,REP,Bill Owens,Colorado State Treasurer,1998,Governor,CO,owens b,3,0,0
,REP,President,of the Colorado State Senate,1998,Governor,CO,president,2,0,0
,REP,Joe Rogers,"former Chief Counsel to U.S. Senator Hank Brown , 1996 Republican nominee for Colorado's 1st congressional district",1998,Governor,CO,rogers j,4,0,1
,REP,Jim Congrove,State Senator,1998,Governor,CO,congrove j,2,0,0
,DEM,Mike Feeley,,1998,Governor,CO,feeley m,0,0,0
,REP,Tom Norton,,1998,Governor,CO,norton t,0,0,0
,OTH,Sandra D. Johnson,,1998,Governor,CO,johnson s,0,0,0
,OTH,Tim Leonard,,1998,Governor,CO,leonard t,0,0,0
,DEM,Barbara B. Kennelly,U.S. Representative from the CT-01,1998,Governor,CT,kennelly b,4,1,0
,REP,John G. Rowland,incumbent Governor of Connecticut,1998,Governor,CT,rowland j,3,0,0
,DEM,Joe Courtney,Member of Connecticut House of Representatives,1998,Governor,CT,courtney j,2,1,0
,REP,Jodi Rell,incumbent Lieutenant Governor of Connecticut,1998,Governor,CT,rell j,3,0,0
,,Concerned Citizens,,1998,Governor,CT,citizens c,0,0,0
,OTH,Ned Vare,,1998,Governor,CT,vare n,0,0,0
,,Term Limits,,1998,Governor,CT,limits t,0,0,0
,DEM,Buddy MacKay,incumbent Lieutenant Governor of Florida,1998,Governor,FL,mackay b,3,0,0
,REP,Jeb Bush,"Businessman, 1994 Republican nominee for governor, Son of Former U.S. President George HW Bush , Brother of then Governor George W. Bush of Texas and Grandson of Former U.S. Senator Prescott Bush",1998,Governor,FL,bush j,4,0,1
,DEM,Roy Barnes,State Representative from Marietta,1998,Governor,GA,barnes r,2,1,0
,DEM,Lewis A. Massey,Georgia Secretary of State,1998,Governor,GA,massey l,3,0,0
,DEM,David Poythress,Georgia Commissioner of Labor,1998,Governor,GA,poythress d,3,0,0
,DEM,Georgia state senator,from LaGrange,1998,Governor,GA,senator g,0,0,0
,DEM,Pine Mountain,veterinarian and candidate for Senate in 1974,1998,Governor,GA,mountain p,0,0,1
,REP,Guy Millner,"1996 Republican nominee for the United States Senate , 1994 Republican nominee for Governor of Georgia , businessman",1998,Governor,GA,millner g,0,0,1
,REP,Mike Bowers,Attorney General of Georgia,1998,Governor,GA,bowers m,3,0,0
,REP,Nancy Schaefer,1994 Republican nominee for Lieutenant Governor of Georgia,1998,Governor,GA,schaefer n,0,0,1
,DEM,Steve Langford,,1998,Governor,GA,langford s,0,0,0
,DEM,Morris James,,1998,Governor,GA,james m,0,0,0
,DEM,Carlton Myers,,1998,Governor,GA,myers c,0,0,0
,REP,Bruce Hatfield,,1998,Governor,GA,hatfield b,0,0,0
,OTH,Jack Cashin,,1998,Governor,GA,cashin j,0,0,0
,DEM,Ben Cayetano,incumbent Governor of Hawaii,1998,Governor,HI,cayetano b,3,0,0
,DEM,Jim Brewer,perennial candidate,1998,Governor,HI,brewer j,0,0,0
,DEM,Miles F. Shiratori,perennial candidate,1998,Governor,HI,shiratori m,0,0,0
,REP,Linda Lingle,Mayor of Maui,1998,Governor,HI,lingle l,1,0,0
,REP,Frank Fasi,former Mayor of Honolulu and narrowly unsuccessful Independent candidate for governor in 1994,1998,Governor,HI,fasi f,1,0,1
,DEM,Richard C. S. Ho,,1998,Governor,HI,ho r,0,0,0
,DEM,Fred K. Tamura,,1998,Governor,HI,tamura f,0,0,0
,DEM,Raymond N. Onaga,,1998,Governor,HI,onaga r,0,0,0
,OTH,George Peabody,,1998,Governor,HI,peabody g,0,0,0
,DEM,Tom Vilsack,Iowa State Senator,1998,Governor,IA,vilsack t,2,0,0
,DEM,Mark McCormick,former Iowa Supreme Court Justice (1972–1986),1998,Governor,IA,mccormick m,0,0,0
,REP,Jim Ross Lightfoot,former United States Representative and nominee for the United States Senate in 1996,1998,Governor,IA,lightfoot j,4,1,1
,REP,Paul Pate,Iowa Secretary of State,1998,Governor,IA,pate p,3,0,0
,REP,David A. Oman,,1998,Governor,IA,oman d,0,0,0
,OTH,Jim Hennager,,1998,Governor,IA,hennager j,0,0,0
,OTH,Edward Moses,,1998,Governor,IA,moses e,0,0,0
,OTH,"Jeffrey L. Hughes, Sr.",,1998,Governor,IA,hughes j,0,0,0
,,Natural Law,,1998,Governor,IA,law n,0,0,0
,OTH,Mark Kennis,,1998,Governor,IA,kennis m,0,0,0
,REP,Dirk Kempthorne,U.S. Senator,1998,Governor,ID,kempthorne d,4,0,0
,REP,David W. Sheperd,perennial candidate,1998,Governor,ID,sheperd d,0,0,0
,DEM,Robert C. Huntley,"former Idaho Supreme Court Justice , former Idaho State Representative , former Pocatello city councilman",1998,Governor,ID,huntley r,2,1,0
,DEM,William Tarnasky,,1998,Governor,ID,tarnasky w,0,0,0
,DEM,Jack Wayne Chappell,,1998,Governor,ID,chappell j,0,0,0
,DEM,Donald McMurrian,,1998,Governor,ID,mcmurrian d,0,0,0
,OTH,Peter Rickards,,1998,Governor,ID,rickards p,0,0,0
,DEM,Jim Burns,"former United States Attorney for the Northern District of Illinois (1993–1997), Democratic nominee for Lieutenant Governor of Illinois in 1990",1998,Governor,IL,burns j,0,0,1
,DEM,Roland Burris,former Attorney General of Illinois (1991–1995) and candidate for the Democratic nomination for Governor in 1994,1998,Governor,IL,burris r,3,0,1
,DEM,Glenn Poshard,U.S. Representative (1989–1999),1998,Governor,IL,poshard g,4,1,0
,DEM,John Schmidt,former United States Associate Attorney General (1994–1997),1998,Governor,IL,schmidt j,3,0,0
,DEM,Neil Hartigan,"former Illinois Attorney General (1983–1991), former Lieutenant Governor of Illinois (1973–1977), and Democratic nominee for Governor in 1990",1998,Governor,IL,hartigan n,3,0,1
,DEM,Kane County,Coroner,1998,Governor,IL,county k,0,0,0
,DEM,Pat Quinn,former Treasurer of Illinois,1998,Governor,IL,quinn p,0,0,0
,REP,George Ryan,Secretary of State of Illinois,1998,Governor,IL,ryan g,3,0,0
,REP,Chad Koppie,perennial candidate and conservative activist,1998,Governor,IL,koppie c,0,0,0
,REP,Corinne Wood,member of the Illinois House of Representatives,1998,Governor,IL,wood c,2,1,0
,DEM,Larry Burgess,,1998,Governor,IL,burgess l,0,0,0
,DEM,Maurice Horton,,1998,Governor,IL,horton m,0,0,0
,DEM,Mary Lou Kearns,,1998,Governor,IL,kearns m,0,0,0
,OTH,Lawrence Redmond,,1998,Governor,IL,redmond l,0,0,0
,OTH,"Philomena ""Phyllis"" Nirchi",,1998,Governor,IL,nirchi p,0,0,0
,DEM,Tom Sawyer,Kansas State Representative,1998,Governor,KS,sawyer t,2,1,0
,DEM,Fred Phelps,founder of the Westboro Baptist Church,1998,Governor,KS,phelps f,0,0,0
,REP,Bill Graves,incumbent governor of Kansas,1998,Governor,KS,graves b,3,0,0
,REP,Bill Graves (inc.),,1998,Governor,KS,inc b,0,0,0
,REP,David Miller,,1998,Governor,KS,miller d,0,0,0
,OTH,Kirt Poovey,,1998,Governor,KS,poovey k,0,0,0
,OTH,Darrel King,,1998,Governor,KS,king d,0,0,0
,REP,Paul Cellucci,acting governor,1998,Governor,MA,cellucci p,3,0,0
,REP,Joe Malone,Massachusetts treasurer and receiver-general,1998,Governor,MA,malone j,0,0,0
,REP,Janet E. Jeghelian,radio host (running with Malone),1998,Governor,MA,jeghelian j,0,0,0
,REP,Jane Swift,secretary of consumer affairs (running with Cellucci),1998,Governor,MA,swift j,0,0,0
,REP,Charlie Baker,secretary of administration and finance,1998,Governor,MA,baker c,0,0,0
,REP,Ralph C. Martin II,Suffolk County district attorney,1998,Governor,MA,martin r,1,0,0
,DEM,Brian J. Donnelly,former U.S. representative and U.S.ambassador to Trinidad and Tobago,1998,Governor,MA,donnelly b,4,1,0
,DEM,Scott Harshbarger,Massachusetts attorney general,1998,Governor,MA,harshbarger s,3,0,0
,DEM,Patricia McGovern,state senator from Lawrence,1998,Governor,MA,mcgovern p,2,0,0
,DEM,Joseph Kennedy II,U.S. representative for Massachusetts's 8th congressional district,1998,Governor,MA,kennedy j,4,1,0
,DEM,Dorothy Kelly Gay,governor's councilor from Somerville,1998,Governor,MA,gay d,3,0,0
,DEM,Warren Tolman,state senator from Watertown,1998,Governor,MA,tolman w,2,0,0
,REP,Paul Cellucci (acting),,1998,Governor,MA,acting p,0,0,0
,,All others,,1998,Governor,MA,others a,0,0,0
,OTH,Dean Cook,,1998,Governor,MA,cook d,0,0,0
,DEM,Lyndon LaRouche,activist and perennial candidate,1998,Governor,MD,larouche l,0,0,0
,DEM,Parris Glendening,incumbent governor of Maryland,1998,Governor,MD,glendening p,3,0,0
,DEM,Terence McGuire,physician,1998,Governor,MD,mcguire t,0,0,0
,DEM,Eileen M. Rehrmann,Harford County Executive,1998,Governor,MD,rehrmann e,1,0,0
,DEM,Ray Schoenke,Insurance executive retired professional football player,1998,Governor,MD,schoenke r,0,0,0
,REP,Charles I. Ecker,Howard County Executive,1998,Governor,MD,ecker c,1,0,0
,REP,Ellen Sauerbrey,former State Delegate and nominee for governor in 1994,1998,Governor,MD,sauerbrey e,2,0,1
,DEM,Parris Glendening (inc.),,1998,Governor,MD,inc p,0,0,0
,DEM,Lawrence K. Freeman,,1998,Governor,MD,freeman l,0,0,0
,DEM,Thomas J. Connolly,attorney and activist,1998,Governor,ME,connolly t,0,0,0
,DEM,Élan School,and owner of Scarborough Downs,1998,Governor,ME,school e,0,0,0
,REP,Henry L. Joy,State Representative,1998,Governor,ME,joy h,2,1,0
,REP,James B. Longley Jr.,"former U.S. Representative and son of former governor James B. Longley, Sr.",1998,Governor,ME,longley j,4,1,0
,REP,Angus King,"(independent), incumbent governor of Maine",1998,Governor,ME,king a,3,0,0
,REP,Thomas J. Connolly,"(Democratic), attorney",1998,Governor,ME,connolly t,0,0,0
,REP,Pat LaMarche,"(Green), public figure and activist",1998,Governor,ME,lamarche p,0,0,0
,DEM,Joseph Ricci,,1998,Governor,ME,ricci j,0,0,0
,REP,Leo G. Martin,,1998,Governor,ME,martin l,0,0,0
,OTH,Angus King,incumbent Governor,1998,Governor,ME,king a,3,0,0
,OTH,Pat LaMarche,,1998,Governor,ME,lamarche p,0,0,0
,OTH,William P. Clarke Jr.,,1998,Governor,ME,clarke w,0,0,0
,REP,John Engler,incumbent governor,1998,Governor,MI,engler j,3,0,0
,DEM,Geoffrey Fieger,attorney known for representing Jack Kevorkian,1998,Governor,MI,fieger g,0,1,0
,REP,Gary Artinian,,1998,Governor,MI,artinian g,0,0,0
,DEM,Larry Owen,,1998,Governor,MI,owen l,0,0,0
,DEM,Doug Ross,,1998,Governor,MI,ross d,0,0,0
,,Terry Link (write-in),,1998,Governor,MI,writein t,0,0,0
,,Carl Humphrey (write-in),,1998,Governor,MI,writein c,0,0,0
,,Vicki Foreback (write-in),,1998,Governor,MI,writein v,0,0,0
,,Marc Katz (write-in),,1998,Governor,MI,writein m,0,0,0
,,Robert Marek (write-in),,1998,Governor,MI,writein r,0,0,0
,,Johnni Matthew III (write-in),,1998,Governor,MI,writein j,0,0,0
,DEM,Skip Humphrey,"Attorney General of Minnesota and son of former Vice President of the United States Hubert Humphrey and former U.S. Senator Muriel Humphrey Running mate: Roger Moe , Minnesota Senate Majority Leader from the 2nd district",1998,Governor,MN,humphrey s,4,0,0
,DEM,Roger Moe,Minnesota Senate Majority Leader from the 2nd district,1998,Governor,MN,moe r,2,0,0
,REP,Norm Coleman,"mayor of St. Paul Running mate: Gen Olson , State Senator from the 34th district",1998,Governor,MN,coleman n,2,0,0
,REP,Gen Olson,State Senator from the 34th district,1998,Governor,MN,olson g,2,0,0
,REP,Joanne Benson,lieutenant governor of Minnesota ( endorsed Coleman ),1998,Governor,MN,benson j,3,0,0
,REP,Dick Borrell,businessman,1998,Governor,MN,borrell d,0,0,0
,REP,Allen Quist,former state representative and candidate for governor in 1994 ( endorsed Coleman ),1998,Governor,MN,quist a,2,1,1
,REP,Skip Humphrey,"Attorney General of Minnesota and son of former Vice President of the United States Hubert Humphrey and former U.S. Senator Muriel Humphrey (DFL) Running mate: Roger Moe , Minnesota Senate Majority Leader (SD2)",1998,Governor,MN,humphrey s,4,0,0
,REP,Jesse Ventura,"former mayor of Brooklyn Park and professional wrestler (Reform) Running mate: Mae Schunk , Inver Grove Heights teacher",1998,Governor,MN,ventura j,1,0,0
,REP,Roger Moe,Minnesota Senate Majority Leader (SD2),1998,Governor,MN,moe r,2,0,0
,REP,Mae Schunk,Inver Grove Heights teacher,1998,Governor,MN,schunk m,0,0,0
,DEM,Mike Freeman,,1998,Governor,MN,freeman m,0,0,0
,DEM,Doug Johnson,,1998,Governor,MN,johnson d,0,0,0
,DEM,Mark Dayton,,1998,Governor,MN,dayton m,0,0,0
,DEM,Ted Mondale,,1998,Governor,MN,mondale t,0,0,0
,DEM,Ole Savior,,1998,Governor,MN,savior o,0,0,0
,REP,Bill Dahn,,1998,Governor,MN,dahn b,0,0,0
,OTH,Jesse Ventura,,1998,Governor,MN,ventura j,0,0,0
,OTH,Ken Pentel,,1998,Governor,MN,pentel k,0,0,0
,OTH,Frank Germann,,1998,Governor,MN,germann f,0,0,0
,,Chris Wright,,1998,Governor,MN,wright c,0,0,0
,,People's Champion,,1998,Governor,MN,champion p,0,0,0
,,Socialist Workers,,1998,Governor,MN,workers s,0,0,0
,DEM,Chief of Staff,to former Governor James Exon and Senator Bob Kerrey and gubernatorial candidate in 1990,1998,Governor,NE,staff c,3,0,0
,DEM,James D. McFarland,state senator,1998,Governor,NE,mcfarland j,2,0,0
,DEM,Robb Nimic,perennial candidate,1998,Governor,NE,nimic r,0,0,0
,REP,Mike Johanns,Mayor of Lincoln,1998,Governor,NE,johanns m,1,0,0
,REP,John Breslow,Nebraska State Auditor,1998,Governor,NE,breslow j,3,0,0
,REP,Jon Christensen,U.S. Congressman,1998,Governor,NE,christensen j,4,0,0
,REP,Barry Richards,perennial candidate,1998,Governor,NE,richards b,0,0,0
,REP,Hunt Transportation,"from Omaha, Nebraska",1998,Governor,NE,transportation h,0,0,0
,REP,John DeCamp,"attorney, lobbyist, former member of the Nebraska Legislature in District 40 from  1971 to 1987 from Clatonia, Nebraska ,  and unsuccessful candidate for the Republican nomination for governor in 1994",1998,Governor,NE,decamp j,0,0,1
,REP,David Maurstad,"president and owner of Maurstad Insurance Services Inc., former mayor of Beatrice, Nebraska , and member of the Nebraska Legislature in District 30 since 1995 from Beatrice, Nebraska",1998,Governor,NE,maurstad d,1,0,0
,REP,"Lincoln, Nebraska",and a political newcomer,1998,Governor,NE,nebraska l,0,0,0
,DEM,Bill Hoppner,,1998,Governor,NE,hoppner b,0,0,0
,DEM,Luis R. Calvillo,,1998,Governor,NE,calvillo l,0,0,0
,DEM,Pam Bataillon,,1998,Governor,NE,bataillon p,0,0,0
,REP,Lavern Bartels,,1998,Governor,NE,bartels l,0,0,0
,REP,Elliott L. Rustad,,1998,Governor,NE,rustad e,0,0,0
,REP,Matt Butler,,1998,Governor,NE,butler m,0,0,0
,REP,Kevin Fry,,1998,Governor,NE,fry k,0,0,0
,REP,Jay Lucas,,1998,Governor,NH,lucas j,0,0,0
,OTH,Ken Blevens,,1998,Governor,NH,blevens k,0,0,0
,DEM,Martin Chávez,Mayor of Albuquerque,1998,Governor,NM,chavez m,1,0,0
,DEM,Gary K. King,State Representative and son of former Governor Bruce King,1998,Governor,NM,king g,3,1,0
,DEM,Jerry Apodaca,former Governor of New Mexico and former Chairman of the President's Council on Physical Fitness and Sports,1998,Governor,NM,apodaca j,3,0,0
,DEM,Robert E. Vigil,incumbent New Mexico State Auditor,1998,Governor,NM,vigil r,3,0,0
,DEM,Reese P. Fullerton,attorney,1998,Governor,NM,fullerton r,0,0,0
,DEM,New Mexico House of Representatives,District 2 candidate,1998,Governor,NM,representatives n,0,0,0
,REP,Gary Johnson,incumbent Governor of New Mexico,1998,Governor,NM,johnson g,3,0,0
,DEM,Ben Chavez,,1998,Governor,NM,chavez b,0,0,0
,DEM,Frances Salas (write-in),,1998,Governor,NM,writein f,0,0,0
,DEM,"Patrick Matthew ""Pat"" Fitzpatrick",perennial candidate,1998,Governor,NV,fitzpatrick p,0,0,0
,DEM,Jan Laverty Jones,Mayor of Las Vegas,1998,Governor,NV,jones j,1,0,0
,DEM,Joe Neal,Nevada State Senator,1998,Governor,NV,neal j,2,0,0
,DEM,Carlo Poliak,perennial candidate,1998,Governor,NV,poliak c,0,0,0
,DEM,Barbara Scott,public accountant,1998,Governor,NV,scott b,0,0,0
,REP,Kenny Guinn,businessman,1998,Governor,NV,guinn k,0,0,0
,REP,Lonnie Hammargren,Lieutenant Governor,1998,Governor,NV,hammargren l,3,0,0
,REP,Aaron Russo,businessman and film producer,1998,Governor,NV,russo a,0,0,0
,REP,Bruce Westcott,businessman,1998,Governor,NV,westcott b,0,0,0
,,None of These Candidates,,1998,Governor,NV,candidates n,0,0,0
,DEM,Jim Champagne,,1998,Governor,NV,champagne j,0,0,0
,DEM,"Burvle ""Ed"" Swindle",,1998,Governor,NV,swindle b,0,0,0
,DEM,Caeser D. Adamson,,1998,Governor,NV,adamson c,0,0,0
,DEM,John Geremia,,1998,Governor,NV,geremia j,0,0,0
,OTH,Chuck Horne,,1998,Governor,NV,horne c,0,0,0
,OTH,Terry C. Savage,,1998,Governor,NV,savage t,0,0,0
,DEM,Peter Vallone Sr,"., Speaker of the New York City Council",1998,Governor,NY,vallone p,1,0,0
,DEM,Betsy McCaughey Ross,Incumbent Lieutenant Governor,1998,Governor,NY,ross b,3,0,0
,DEM,Charles J. Hynes,Former New York City Fire Commissioner and Incumbent District Attorney for Kings County,1998,Governor,NY,hynes c,1,0,0
,DEM,James LaRocca,,1998,Governor,NY,larocca j,0,0,0
,REP,George Pataki,,1998,Governor,NY,pataki g,0,0,0
,,George Pataki,,1998,Governor,NY,pataki g,0,0,0
,,Working Families,,1998,Governor,NY,families w,0,0,0
,,"Peter Vallone, Sr.",,1998,Governor,NY,vallone p,0,0,0
,,Tom Golisano,,1998,Governor,NY,golisano t,0,0,0
,,Betsy McCaughey,,1998,Governor,NY,mccaughey b,0,0,0
,,Right to Life,,1998,Governor,NY,life r,0,0,0
,OTH,Al Lewis,,1998,Governor,NY,lewis a,0,0,0
,,Marijuana Reform,,1998,Governor,NY,reform m,0,0,0
,,Mary Alice France,,1998,Governor,NY,france m,0,0,0
,OTH,Chris Garvey,,1998,Governor,NY,garvey c,0,0,0
,,Socialist Workers,,1998,Governor,NY,workers s,0,0,0
,DEM,Lee Fisher,"former Attorney General of Ohio , former member of the Ohio Senate , former member of the Ohio House of Representatives",1998,Governor,OH,fisher l,3,1,0
,REP,Bob Taft,"Ohio Secretary of State , former member of the Ohio House of Representatives , great-grandson of President William Howard Taft",1998,Governor,OH,taft b,3,1,0
,OTH,John R. Mitchel,,1998,Governor,OH,mitchel j,0,0,0
,,Natural Law,,1998,Governor,OH,law n,0,0,0
,DEM,Laura Boyd,"member of Oklahoma House of Representatives from Norman, Oklahoma",1998,Governor,OK,boyd l,2,1,0
,DEM,James Hager,"member of Oklahoma House of Representatives from Pawhuska, Oklahoma",1998,Governor,OK,hager j,2,1,0
,REP,Frank Keating,incumbent Governor,1998,Governor,OK,keating f,3,0,0
,OTH,Hoppy Heidelberg,,1998,Governor,OK,heidelberg h,0,0,0
,DEM,Dave Foley,retired engineer,1998,Governor,OR,foley d,0,0,0
,DEM,John Kitzhaber,incumbent governor,1998,Governor,OR,kitzhaber j,3,0,0
,DEM,Paul Damian Wells,anti-political party activist,1998,Governor,OR,wells p,0,0,0
,REP,Jeffrey Brady,dentist,1998,Governor,OR,brady j,0,0,0
,REP,Walter Huss,former Chair of the Oregon Republican Party,1998,Governor,OR,huss w,0,0,0
,REP,Bill Sizemore,anti-tax activist,1998,Governor,OR,sizemore b,0,0,0
,REP,Bill Spidal,investor and former police officer,1998,Governor,OR,spidal b,0,0,0
,DEM,John Kitzhaber (inc.),,1998,Governor,OR,inc j,0,0,0
,OTH,Richard P. Burke,,1998,Governor,OR,burke r,0,0,0
,,Pacific Green,,1998,Governor,OR,green p,0,0,0
,OTH,Roger G. Weidner,,1998,Governor,OR,weidner r,0,0,0
,,Natural Law,,1998,Governor,OR,law n,0,0,0
,,Trey Smith,,1998,Governor,OR,smith t,0,0,0
,DEM,Ivan Itkin,,1998,Governor,PA,itkin i,0,0,0
,DEM,Don Bailey,,1998,Governor,PA,bailey d,0,0,0
,DEM,Bill Keisling,,1998,Governor,PA,keisling b,0,0,0
,REP,Tom Ridge,incumbent Governor,1998,Governor,PA,ridge t,3,0,0
,OTH,Peg Luksik,,1998,Governor,PA,luksik p,0,0,0
,OTH,Ken Krawchuk,,1998,Governor,PA,krawchuk k,0,0,0
,REP,Lincoln Almond,incumbent governor of Rhode Island,1998,Governor,RI,almond l,3,0,0
,DEM,Myrth York,"former Rhode Island state senator , 1994 Democratic nominee for governor",1998,Governor,RI,york m,2,0,1
,DEM,Jack Dennison Potter,perennial candidate,1998,Governor,RI,potter j,0,0,0
,,Cool Moose,,1998,Governor,RI,moose c,0,0,0
,OTH,Joseph F. Devine,,1998,Governor,RI,devine j,0,0,0
,DEM,Jim Hodges,,1998,Governor,SC,hodges j,0,0,0
,REP,David Beasley,incumbent Governor,1998,Governor,SC,beasley d,3,0,0
,OTH,Timothy Moultrie,,1998,Governor,SC,moultrie t,0,0,0
,,No party,,1998,Governor,SC,party n,0,0,0
,REP,Bill Janklow,incumbent Governor,1998,Governor,SD,janklow b,3,0,0
,DEM,Bernie Hunhoff,,1998,Governor,SD,hunhoff b,0,0,0
,OTH,Bob Newland,,1998,Governor,SD,newland b,0,0,0
,OTH,Ronald Wieczorek,,1998,Governor,SD,wieczorek r,0,0,0
,REP,Don Sundquist,incumbent Governor,1998,Governor,TN,sundquist d,3,0,0
,REP,Shirley Beck-Vosse,,1998,Governor,TN,beckvosse s,0,0,0
,DEM,John J. Hooker,,1998,Governor,TN,hooker j,0,0,0
,DEM,Mike Whitaker,,1998,Governor,TN,whitaker m,0,0,0
,DEM,Sherry Whittenberg,,1998,Governor,TN,whittenberg s,0,0,0
,DEM,Luther Best,,1998,Governor,TN,best l,0,0,0
,DEM,Donald Jackson,,1998,Governor,TN,jackson d,0,0,0
,DEM,Virginia Nyabongo,,1998,Governor,TN,nyabongo v,0,0,0
,DEM,Jerral Parris,,1998,Governor,TN,parris j,0,0,0
,OTH,"George Alexander Hamilton, Sr.",,1998,Governor,TN,hamilton g,0,0,0
,OTH,Irwin W. Gibbs,,1998,Governor,TN,gibbs i,0,0,0
,OTH,Thomas E. Smith II,,1998,Governor,TN,smith t,0,0,0
,OTH,Karl Smithson,,1998,Governor,TN,smithson k,0,0,0
,REP,George W. Bush,incumbent Governor,1998,Governor,TX,bush g,3,0,0
,REP,R. C. Crawford,,1998,Governor,TX,crawford r,0,0,0
,DEM,Garry Mauro,,1998,Governor,TX,mauro g,0,0,0
,OTH,Lester R. Turlington Jr.,,1998,Governor,TX,turlington l,0,0,0
,OTH,Susan Lee Solar,,1998,Governor,TX,solar s,0,0,0
,DEM,Howard Dean,incumbent Governor,1998,Governor,VT,dean h,3,0,0
,REP,Ruth Dwyer,,1998,Governor,VT,dwyer r,0,0,0
,REP,Bernie Rome,,1998,Governor,VT,rome b,0,0,0
,,Vermont Grassroots,,1998,Governor,VT,grassroots v,0,0,0
,OTH,Amy Berkey,,1998,Governor,VT,berkey a,0,0,0
,,Liberty Union,,1998,Governor,VT,union l,0,0,0
,REP,Tommy G. Thompson,incumbent governor,1998,Governor,WI,thompson t,3,0,0
,REP,Scott McCallum,incumbent lieutenant governor,1998,Governor,WI,mccallum s,3,0,0
,DEM,Ed Garvey,former executive director of the NFLPA and candidate for US Senate in 1986,1998,Governor,WI,garvey e,0,0,1
,DEM,Gary R. George,member of Wisconsin Senate,1998,Governor,WI,george g,2,0,0
,DEM,Barbara Lawton,businesswoman,1998,Governor,WI,lawton b,0,0,0
,IND,Ed Garvey & Barbara Lawton,Democrat,1998,Governor,WI,lawton e,0,0,0
,IND,Jim Mueller & James Dean,Libertarian,1998,Governor,WI,dean j,0,0,0
,IND,Jeffrey Lane Smith,Green,1998,Governor,WI,smith j,0,0,0
,IND,Mike Mangan,Independent,1998,Governor,WI,mangan m,0,0,0
,REP,Jeffrey A. Hyslop,,1998,Governor,WI,hyslop j,0,0,0
,OTH,Jim Mueller,,1998,Governor,WI,mueller j,0,0,0
,,U.S. Taxpayers',,1998,Governor,WI,taxpayers u,0,0,0
,OTH,Jeffrey Lane Smith (write-in),,1998,Governor,WI,writein j,0,0,0
,OTH,A-Ja-mu Muhammad,,1998,Governor,WI,muhammad a,0,0,0
,OTH,Vida Harley Bridges,,1998,Governor,WI,bridges v,0,0,0
,REP,Jim Geringer,incumbent Governor,1998,Governor,WY,geringer j,3,0,0
,REP,Bill Taliaferro,rancher,1998,Governor,WY,taliaferro b,0,0,0
,DEM,Keith Goodenough,State Senator,1998,Governor,WY,goodenough k,2,0,0
,DEM,John Vinich,State Senator,1998,Governor,WY,vinich j,2,0,0
,DEM,Phil Roberts,,1998,Governor,WY,roberts p,0,0,0
,OTH,Dave Dawson,,1998,Governor,WY,dawson d,0,0,0
,DEM,Ruth Ann Minner,,2000,Governor,DE,minner r,0,0,0
,REP,John M. Burris,,2000,Governor,DE,burris j,0,0,0
,REP,Bill Lee,,2000,Governor,DE,lee b,0,0,0
,OTH,Floyd E. McDowell,,2000,Governor,DE,mcdowell f,0,0,0
,REP,David M. McIntosh,,2000,Governor,IN,mcintosh d,0,0,0
,REP,John Price,,2000,Governor,IN,price j,0,0,0
,DEM,Frank O'Bannon,incumbent Governor,2000,Governor,IN,obannon f,3,0,0
,OTH,Andrew Horning/Mark Schreiber,,2000,Governor,IN,schreiber a,0,0,0
,REP,Jim Talent,U.S. Representative,2000,Governor,MO,talent j,4,1,0
,REP,Jen Sievers,investor,2000,Governor,MO,sievers j,0,0,0
,REP,U.S. Navy,veteran,2000,Governor,MO,navy u,0,0,0
,DEM,Bob Holden,State Treasurer,2000,Governor,MO,holden b,3,0,0
,DEM,John M. Swenson,retiree,2000,Governor,MO,swenson j,0,0,0
,DEM,Dick Illyes,businessman,2000,Governor,MO,illyes d,0,0,0
,DEM,Richard L. Smith,truck driver,2000,Governor,MO,smith r,0,0,0
,DEM,Richard Allen Kline,retiree,2000,Governor,MO,kline r,0,0,0
,DEM,Joseph C. Keller,physician,2000,Governor,MO,keller j,0,0,0
,DEM,Kent A. Benson,developer,2000,Governor,MO,benson k,0,0,0
,REP,Elgar Macy,,2000,Governor,MO,macy e,0,0,0
,OTH,John M. Swenson,,2000,Governor,MO,swenson j,0,0,0
,OTH,Dick Illyes,,2000,Governor,MO,illyes d,0,0,0
,OTH,Richard L. Smith,,2000,Governor,MO,smith r,0,0,0
,OTH,Richard Allen Kline,,2000,Governor,MO,kline r,0,0,0
,OTH,Joseph C. Keller,,2000,Governor,MO,keller j,0,0,0
,OTH,Kent A. Benson,,2000,Governor,MO,benson k,0,0,0
,OTH,Larry Rice,,2000,Governor,MO,rice l,0,0,0
,OTH,Lavoy Reed,,2000,Governor,MO,reed l,0,0,0
,DEM,Mike Cooney,secretary of state of Montana,2000,Governor,MT,cooney m,3,0,0
,DEM,Mark O'Keefe,Montana state auditor,2000,Governor,MT,okeefe m,3,0,0
,REP,Judy Martz,lieutenant governor of Montana,2000,Governor,MT,martz j,3,0,0
,REP,Rob Natelson,conservative activist and constitutional law professor,2000,Governor,MT,natelson r,0,0,0
,DEM,Joseph Mazurek,,2000,Governor,MT,mazurek j,0,0,0
,OTH,Stan Jones,,2000,Governor,MT,jones s,0,0,0
,DEM,Mike Easley,North Carolina attorney general,2000,Governor,NC,easley m,3,0,0
,DEM,Dennis Wicker,lieutenant governor of North Carolina,2000,Governor,NC,wicker d,3,0,0
,REP,Leo Daughtry,state representative from Smithfield,2000,Governor,NC,daughtry l,2,1,0
,REP,Charles Neely,attorney and former state representative from Raleigh,2000,Governor,NC,neely c,2,1,0
,REP,Richard Vinroot,former mayor of Charlotte and candidate for governor in 1996,2000,Governor,NC,vinroot r,1,0,1
,REP,Mike Easley,North Carolina attorney general (Democratic),2000,Governor,NC,easley m,3,0,0
,DEM,Bob Ayers,,2000,Governor,NC,ayers b,0,0,0
,DEM,Ken Rogers,,2000,Governor,NC,rogers k,0,0,0
,REP,N. Leo Daughtry,,2000,Governor,NC,daughtry n,0,0,0
,REP,Art Manning,,2000,Governor,NC,manning a,0,0,0
,OTH,Barbara Howe,,2000,Governor,NC,howe b,0,0,0
,OTH,Douglas Schell,,2000,Governor,NC,schell d,0,0,0
,DEM,Heidi Heitkamp,Attorney General of North Dakota,2000,Governor,ND,heitkamp h,3,0,0
,REP,John Hoeven,President of the Bank of North Dakota,2000,Governor,ND,hoeven j,0,0,0
,DEM,Jeanne Shaheen,incumbent governor of New Hampshire,2000,Governor,NH,shaheen j,3,0,0
,DEM,Mark Fernald,New Hampshire state senator,2000,Governor,NH,fernald m,2,0,0
,REP,Gordon J. Humphrey,former U.S. senator,2000,Governor,NH,humphrey g,4,0,0
,REP,Jeffrey R. Howard,"former attorney general of New Hampshire , former United States Attorney for the District of New Hampshire",2000,Governor,NH,howard j,3,0,0
,REP,Fred Bramante,perennial candidate,2000,Governor,NH,bramante f,0,0,0
,DEM,Jeanne Shaheen (inc.),,2000,Governor,NH,inc j,0,0,0
,REP,Jim Squires,,2000,Governor,NH,squires j,0,0,0
,REP,Jim Marron,,2000,Governor,NH,marron j,0,0,0
,OTH,Mary Brown,,2000,Governor,NH,brown m,0,0,0
,OTH,John J. Babiarz,,2000,Governor,NH,babiarz j,0,0,0
,REP,Mike Leavitt,incumbent Governor,2000,Governor,UT,leavitt m,3,0,0
,REP,Glen Davis,,2000,Governor,UT,davis g,0,0,0
,DEM,Bill Orton,,2000,Governor,UT,orton b,0,0,0
,OTH,Jeremy Friedbaum,,2000,Governor,UT,friedbaum j,0,0,0
,DEM,Howard Dean,incumbent Governor,2000,Governor,VT,dean h,3,0,0
,DEM,Brian Pearl,,2000,Governor,VT,pearl b,0,0,0
,REP,Ruth Dwyer,,2000,Governor,VT,dwyer r,0,0,0
,REP,William Meub,,2000,Governor,VT,meub w,0,0,0
,,Anthony Pollina,,2000,Governor,VT,pollina a,0,0,0
,OTH,"Phil Stannard, Sr.",,2000,Governor,VT,stannard p,0,0,0
,,Joel W. Williams,,2000,Governor,VT,williams j,0,0,0
,OTH,Marilyn Verna Christian,,2000,Governor,VT,christian m,0,0,0
,OTH,Hardy Macia,,2000,Governor,VT,macia h,0,0,0
,,Liberty Union,,2000,Governor,VT,union l,0,0,0
,REP,Gary Locke,"(D), incumbent Governor of Washington",2000,Governor,WA,locke g,3,0,0
,REP,John Carlson,"(R), talk radio host on KVI-AM",2000,Governor,WA,carlson j,0,0,0
,DEM,Gary Locke,,2000,Governor,WA,locke g,0,0,0
,REP,Harold Hochstatter,,2000,Governor,WA,hochstatter h,0,0,0
,DEM,Meta Heller,,2000,Governor,WA,heller m,0,0,0
,OTH,Steve W. LePage,,2000,Governor,WA,lepage s,0,0,0
,DEM,Bob Wise,U.S. representative,2000,Governor,WV,wise b,4,1,0
,DEM,Jim Lees,,2000,Governor,WV,lees j,0,0,0
,REP,Cecil Underwood,incumbent Governor,2000,Governor,WV,underwood c,3,0,0
,REP,Joseph Oliverio,,2000,Governor,WV,oliverio j,0,0,0
,REP,Donna H. McCase,,2000,Governor,WV,mccase d,0,0,0
,REP,Larry Eugene Butcher,,2000,Governor,WV,butcher l,0,0,0
,,Denise Giardina,,2000,Governor,WV,giardina d,0,0,0
,OTH,Bob Myers,,2000,Governor,WV,myers b,0,0,0
,,Natural Law,,2000,Governor,WV,law n,0,0,0
,REP,Frank Murkowski,,2002,Governor,AK,murkowski f,0,0,0
,DEM,Fran Ulmer,,2002,Governor,AK,ulmer f,0,0,0
,OTH,Diane E. Benson,,2002,Governor,AK,benson d,0,0,0
,,Don Wright,,2002,Governor,AK,wright d,0,0,0
,REP,Raymond VinZant,,2002,Governor,AK,vinzant r,0,0,0
,OTH,Billy Toien,,2002,Governor,AK,toien b,0,0,0
,DEM,Don Siegelman,incumbent Governor,2002,Governor,AL,siegelman d,3,0,0
,REP,Bob Riley,U.S. Representative for Alabama's 3rd Congressional district (1997–2003),2002,Governor,AL,riley b,4,1,0
,DEM,Charles Bishop,,2002,Governor,AL,bishop c,0,0,0
,DEM,"Mark ""Rodeo Clown"" Townsend",,2002,Governor,AL,townsend m,0,0,0
,DEM,Gladys Riddle,,2002,Governor,AL,riddle g,0,0,0
,DEM,Blake W. Harper III,,2002,Governor,AL,harper b,0,0,0
,REP,Steve Windom,,2002,Governor,AL,windom s,0,0,0
,REP,Tim James,,2002,Governor,AL,james t,0,0,0
,OTH,John Sophocleus,,2002,Governor,AL,sophocleus j,0,0,0
,DEM,Jimmie Lou Fisher,Arkansas State Treasurer,2002,Governor,AR,fisher j,3,0,0
,DEM,Joe Holmes,former prosecutor,2002,Governor,AR,holmes j,0,0,0
,REP,Mike Huckabee,incumbent governor of Arkansas,2002,Governor,AR,huckabee m,3,0,0
,REP,Doyle Cannady,retired banker,2002,Governor,AR,cannady d,0,0,0
,DEM,Jim Billie,,2002,Governor,AR,billie j,0,0,0
,REP,Matt Salmon,former U.S. representative from Arizona's 1st congressional district (1995-2001),2002,Governor,AZ,salmon m,4,1,0
,REP,Dan Quayle,former vice president (1989-1993) and U.S Senator from Indiana (1981-1989),2002,Governor,AZ,quayle d,4,0,0
,DEM,Janet Napolitano,Attorney General of Arizona (1999-2003),2002,Governor,AZ,napolitano j,3,0,0
,REP,Betsey Bayless,,2002,Governor,AZ,bayless b,0,0,0
,REP,Carol Springer,,2002,Governor,AZ,springer c,0,0,0
,REP,Steve Moore (write-in),,2002,Governor,AZ,writein s,0,0,0
,REP,Diana Kennedy (write-in),,2002,Governor,AZ,writein d,0,0,0
,DEM,Alfredo Gutierrez,,2002,Governor,AZ,gutierrez a,0,0,0
,DEM,Mark Osterloh,,2002,Governor,AZ,osterloh m,0,0,0
,DEM,Mike Newcomb,,2002,Governor,AZ,newcomb m,0,0,0
,OTH,Barry Hess,,2002,Governor,AZ,hess b,0,0,0
,OTH,Gary Fallon,,2002,Governor,AZ,fallon g,0,0,0
,OTH,Richard D. Mahoney,,2002,Governor,AZ,mahoney r,0,0,0
,OTH,Carlton Rahmani (write-in),,2002,Governor,AZ,writein c,0,0,0
,OTH,Tracey Sturgess (write-in),,2002,Governor,AZ,writein t,0,0,0
,OTH,Naida Axford (write-in),,2002,Governor,AZ,writein n,0,0,0
,OTH,Raymond Caplette (write-in),,2002,Governor,AZ,writein r,0,0,0
,OTH,D'Herrera Tapia (write-in),,2002,Governor,AZ,writein d,0,0,0
,OTH,L. D. Talbow (write-in),,2002,Governor,AZ,writein l,0,0,0
,DEM,Gray Davis,incumbent governor since 1999,2002,Governor,CA,davis g,3,0,0
,REP,Bill Jones,Secretary of State of California since 1995 and former assemblyman from Fresno,2002,Governor,CA,jones b,3,0,0
,REP,Richard Riordan,former mayor of Los Angeles,2002,Governor,CA,riordan r,1,0,0
,REP,Bill Simon,"attorney, businessman, and son of William E. Simon",2002,Governor,CA,simon b,0,0,0
,IND,Peter Camejo,activist and author (Green),2002,Governor,CA,camejo p,0,0,0
,IND,Gray Davis,incumbent governor since 1999 (Democratic),2002,Governor,CA,davis g,3,0,0
,IND,Bill Simon,"attorney, businessman, and son of William E. Simon (Republican)",2002,Governor,CA,simon b,0,0,0
,DEM,Anselmo A. Chavez,,2002,Governor,CA,chavez a,0,0,0
,DEM,"Charles ""Chuck"" Pineda Jr.",,2002,Governor,CA,pineda c,0,0,0
,DEM,Mosemarie Boyd,,2002,Governor,CA,boyd m,0,0,0
,REP,Nick Jesson,,2002,Governor,CA,jesson n,0,0,0
,REP,Edie Bukewihge,,2002,Governor,CA,bukewihge e,0,0,0
,REP,Danney Ball,,2002,Governor,CA,ball d,0,0,0
,REP,Jim Dimov,,2002,Governor,CA,dimov j,0,0,0
,,American Independent,,2002,Governor,CA,independent a,0,0,0
,OTH,Gary David Copeland,,2002,Governor,CA,copeland g,0,0,0
,OTH,Art Olivier (write-in),,2002,Governor,CA,writein a,0,0,0
,,Natural Law,,2002,Governor,CA,law n,0,0,0
,,Invalid or blank votes,,2002,Governor,CA,votes i,0,0,0
,REP,Bill Owens,incumbent Governor of Colorado,2002,Governor,CO,owens b,3,0,0
,DEM,Rollie Heath,businessman,2002,Governor,CO,heath r,0,0,0
,OTH,Ronald Forthofer,,2002,Governor,CO,forthofer r,0,0,0
,OTH,Ralph Shnelvar,,2002,Governor,CO,shnelvar r,0,0,0
,DEM,Bill Curry,"Counselor to the President under Clinton Administration, nominee in 1994 Running mate: George Jepsen , Connecticut state senator",2002,Governor,CT,curry b,2,0,0
,DEM,George Jepsen,Connecticut state senator,2002,Governor,CT,jepsen g,2,0,0
,REP,John G. Rowland,"incumbent governor of Connecticut Running mate: Jodi Rell , incumbent lieutenant governor of Connecticut",2002,Governor,CT,rowland j,3,0,0
,REP,Jodi Rell,incumbent lieutenant governor of Connecticut,2002,Governor,CT,rell j,3,0,0
,DEM,Daryl Jones,State Senator from Miami,2002,Governor,FL,jones d,2,0,0
,DEM,Bill McBride,Tampa attorney,2002,Governor,FL,mcbride b,0,0,0
,DEM,Janet Reno,former United States Attorney General,2002,Governor,FL,reno j,3,0,0
,DEM,Lois Frankel,State Representative from West Palm Beach,2002,Governor,FL,frankel l,2,1,0
,DEM,Jeb Bush,incumbent Governor (Republican),2002,Governor,FL,bush j,3,0,0
,DEM,Bob Kunst,gay rights activist (Independent),2002,Governor,FL,kunst b,0,0,0
,REP,Jeb Bush,incumbent Governor,2002,Governor,FL,bush j,3,0,0
,,No Party Affiliation,,2002,Governor,FL,affiliation n,0,0,0
,DEM,Roy Barnes,incumbent governor of Georgia,2002,Governor,GA,barnes r,3,0,0
,REP,Sonny Perdue,state senator from Bonaire,2002,Governor,GA,perdue s,2,0,0
,REP,Linda Schrenko,Superintendent of Public Instruction,2002,Governor,GA,schrenko l,3,0,0
,REP,Cobb County,Commission,2002,Governor,GA,county c,0,0,0
,REP,Bill Byrne,,2002,Governor,GA,byrne b,0,0,0
,OTH,Garrett Michael Hayes,,2002,Governor,GA,hayes g,0,0,0
,DEM,Mazie Hirono,Lieutenant Governor of Hawaii,2002,Governor,HI,hirono m,3,0,0
,DEM,Ed Case,Majority Leader of the Hawaii House of Representatives,2002,Governor,HI,case e,2,1,0
,DEM,D. G. Anderson,"1982 and 1986 Republican nominee for Governor of Hawaii , former Hawaii state senator",2002,Governor,HI,anderson d,2,0,1
,DEM,George Nitta Jr.,radio personality,2002,Governor,HI,nitta g,0,0,0
,DEM,Art P. Reyes,perennial candidate,2002,Governor,HI,reyes a,0,0,0
,DEM,Joe Fernandez,school bus driver,2002,Governor,HI,fernandez j,0,0,0
,REP,Linda Lingle,"former Mayor of Maui , 1998 Republican nominee for Governor of Hawaii",2002,Governor,HI,lingle l,1,0,1
,REP,John Carroll,former Hawaii state representative,2002,Governor,HI,carroll j,2,1,0
,REP,Crystal Young,,2002,Governor,HI,young c,0,0,0
,,Natural Law,,2002,Governor,HI,law n,0,0,0
,OTH,Tracy Ryan,,2002,Governor,HI,ryan t,0,0,0
,OTH,Jim Brewer,,2002,Governor,HI,brewer j,0,0,0
,OTH,Daniel Cunningham,,2002,Governor,HI,cunningham d,0,0,0
,DEM,Tom Vilsack,incumbent Governor of Iowa,2002,Governor,IA,vilsack t,3,0,0
,REP,Steve Sukup,Iowa State Representative (1995 – 2003),2002,Governor,IA,sukup s,2,1,0
,REP,Bob Vander Plaats,family values activist,2002,Governor,IA,plaats b,0,0,0
,REP,Doug Gross,,2002,Governor,IA,gross d,0,0,0
,OTH,Jay Robinson,,2002,Governor,IA,robinson j,0,0,0
,OTH,Clyde Cleveland,,2002,Governor,IA,cleveland c,0,0,0
,REP,Milt Erhart,perennial candidate,2002,Governor,ID,erhart m,0,0,0
,REP,Dirk Kempthorne,incumbent Governor of Idaho,2002,Governor,ID,kempthorne d,3,0,0
,DEM,Jerry Brady,newspaper publisher,2002,Governor,ID,brady j,0,0,0
,DEM,Daniel L. J. Adams,perennial candidate,2002,Governor,ID,adams d,0,0,0
,REP,Dirk Kempthorne (inc.),,2002,Governor,ID,inc d,0,0,0
,REP,Walter L. Bayes,,2002,Governor,ID,bayes w,0,0,0
,REP,Raynelle J. George,,2002,Governor,ID,george r,0,0,0
,DEM,Rue T. Stears,,2002,Governor,ID,stears r,0,0,0
,OTH,Daniel L. J. Adams,,2002,Governor,ID,adams d,0,0,0
,OTH,Michael Monroe Gollaher (write-in),,2002,Governor,ID,writein m,0,0,0
,DEM,Rod Blagojevich,U.S. Representative,2002,Governor,IL,blagojevich r,4,1,0
,DEM,Roland Burris,"former Attorney General of Illinois , former Illinois State Comptroller , candidate for governor in 1994 and 1998 and independent candidate for Mayor of Chicago in 1995",2002,Governor,IL,burris r,3,0,1
,DEM,Paul Vallas,former CEO of Chicago Public Schools,2002,Governor,IL,vallas p,0,0,0
,DEM,Pat Quinn,"former Treasurer of Illinois , nominee for Secretary of State in 1994 candidate for US Senate in 1996 candidate for Lieutenant Governor in 1998",2002,Governor,IL,quinn p,0,0,1
,DEM,Joyce Washington,Nurse,2002,Governor,IL,washington j,0,0,0
,REP,Patrick O'Malley,State Senator,2002,Governor,IL,omalley p,2,0,0
,REP,Jim Ryan,Attorney General of Illinois,2002,Governor,IL,ryan j,3,0,0
,REP,Corinne Wood,Lieutenant Governor,2002,Governor,IL,wood c,3,0,0
,REP,Carl Hawkinson,State Senator and former Knox County State's Attorney,2002,Governor,IL,hawkinson c,2,0,0
,DEM,"F. Michael Kelleher, Jr.",,2002,Governor,IL,kelleher f,0,0,0
,REP,William A. O'Connor,,2002,Governor,IL,oconnor w,0,0,0
,REP,Jack J. McInerney,,2002,Governor,IL,mcinerney j,0,0,0
,REP,Charles G. Owens,,2002,Governor,IL,owens c,0,0,0
,OTH,Cal Skinner,,2002,Governor,IL,skinner c,0,0,0
,OTH,Marisellis Brown,,2002,Governor,IL,brown m,0,0,0
,,Peter Dale Kauss,,2002,Governor,IL,kauss p,0,0,0
,DEM,Kathleen Sebelius,Kansas Insurance Commissioner,2002,Governor,KS,sebelius k,0,0,0
,REP,Tim Shallenburger,"Kansas State Treasurer (1999–present) and former state representative (1987–1998) Running mate : Dave Lindstrom , former Kansas City Chiefs defensive end and businessman",2002,Governor,KS,shallenburger t,3,1,0
,REP,Kansas State Senator,"Running mate : Mary Birch, former president of the Overland Park Chamber of Commerce (1984–2002)",2002,Governor,KS,senator k,0,0,0
,REP,Bob Knight,"Mayor of Wichita, Kansas Running mate : Kent Glasscock , Speaker of the Kansas House of Representatives (2001–2003) and state representative (1991–2003), was Carla Stovall's running mate until she dropped out.",2002,Governor,KS,knight b,2,1,0
,REP,Eudora,"school district  Running mate : Eric Bloom, architectural engineering student",2002,Governor,KS,eudora,0,0,0
,REP,Dave Lindstrom,former Kansas City Chiefs defensive end and businessman,2002,Governor,KS,lindstrom d,0,0,0
,REP,Overland Park,Chamber of Commerce (1984–2002),2002,Governor,KS,park o,0,0,0
,REP,Kent Glasscock,"Speaker of the Kansas House of Representatives (2001–2003) and state representative (1991–2003), was Carla Stovall's running mate until she dropped out.",2002,Governor,KS,glasscock k,2,1,0
,REP,Running mate : Eric Bloom,architectural engineering student,2002,Governor,KS,bloom r,0,0,0
,REP,Carla Stovall,"Kansas Attorney General (1995–2003). Running mate: Kent Glasscock , Speaker of the Kansas House of Representatives (2001–2003) and state representative (1991–2003)",2002,Governor,KS,stovall c,3,1,0
,REP,Dave Kerr,,2002,Governor,KS,kerr d,0,0,0
,REP,Dan Bloom,,2002,Governor,KS,bloom d,0,0,0
,OTH,Theodore Pettibone,,2002,Governor,KS,pettibone t,0,0,0
,OTH,Dennis Hawver,,2002,Governor,KS,hawver d,0,0,0
,REP,Mitt Romney,businessman and nominee for U.S. Senate in 1994,2002,Governor,MA,romney m,0,0,1
,REP,Jane Swift,acting governor,2002,Governor,MA,swift j,3,0,0
,REP,Kerry Healey,chair of the Massachusetts Republican Party ( ran with Mitt Romney ),2002,Governor,MA,healey k,0,0,0
,REP,Jim Rappaport,former chair of the Massachusetts Republican Party and nominee for U.S. Senate in 1990,2002,Governor,MA,rappaport j,0,0,1
,REP,Donna Cuomo,former State Representative from North Andover,2002,Governor,MA,cuomo d,2,1,0
,REP,Patrick Guerriero,deputy chief of staff to Jane Swift and former mayor of Melrose ( ran with Jane Swift; endorsed Healey ),2002,Governor,MA,guerriero p,1,0,0
,REP,Frank Cousins,Essex County Sheriff,2002,Governor,MA,cousins f,1,0,0
,REP,Daniel Grabauskas,Registrar of Motor Vehicles  ( ran for Treasurer and Receiver-General ),2002,Governor,MA,grabauskas d,0,0,0
,REP,Suffolk County,District Attorney,2002,Governor,MA,county s,1,0,0
,REP,Christy Mihos,member of the Massachusetts Turnpike Authority,2002,Governor,MA,mihos c,0,0,0
,DEM,Thomas Birmingham,President of the Massachusetts Senate,2002,Governor,MA,birmingham t,2,0,0
,DEM,Shannon O'Brien,Treasurer and Receiver-General of Massachusetts,2002,Governor,MA,obrien s,0,0,0
,DEM,Robert Reich,former United States Secretary of Labor,2002,Governor,MA,reich r,4,0,0
,DEM,Warren Tolman,former State Senator from Watertown and nominee for lieutenant governor in 1998,2002,Governor,MA,tolman w,2,0,1
,DEM,Steve Grossman,former chair of the DNC and president of AIPAC,2002,Governor,MA,grossman s,0,0,0
,DEM,Chris Gabrieli,businessman,2002,Governor,MA,gabrieli c,0,0,0
,DEM,Lois Pines,former State Senator from Newton,2002,Governor,MA,pines l,2,0,0
,DEM,John P. Slattery,State Representative from Peabody,2002,Governor,MA,slattery j,2,1,0
,DEM,Cheryl A. Jacques,State Senator from Needham ( ran for 9th congressional district ),2002,Governor,MA,jacques c,2,0,0
,DEM,Stephen Lynch,State Senator from South Boston ( ran for 9th congressional district ),2002,Governor,MA,lynch s,2,0,0
,DEM,Carla Howell,"Libertarian nominee for U.S. Senate candidate in 2000   (Libertarian) Running mate: Rich Aucoin, mechanical designer and candidate for Waltham Council in 2001",2002,Governor,MA,howell c,0,0,1
,DEM,Mitt Romney,"businessman and Republican nominee for U.S. Senate in 1994 (Republican) Running mate: Kerry Healey, chair of the Massachusetts Republican Party",2002,Governor,MA,romney m,0,0,1
,DEM,Jill Stein,"internist at Simmons College Health Center  ( Green-Rainbow ) Running mate: Tony Lorenzen, high school theology teacher",2002,Governor,MA,stein j,0,0,0
,DEM,Waltham,Council in 2001,2002,Governor,MA,waltham,0,0,0
,DEM,Running mate: Joe Schebel,self-employed carpenter,2002,Governor,MA,schebel r,0,0,0
,DEM,Running mate: Kerry Healey,chair of the Massachusetts Republican Party,2002,Governor,MA,healey r,0,0,0
,DEM,Running mate: Tony Lorenzen,high school theology teacher,2002,Governor,MA,lorenzen r,0,0,0
,DEM,Steve Grossman (withdrawn),,2002,Governor,MA,withdrawn s,0,0,0
,OTH,Jill Stein,,2002,Governor,MA,stein j,0,0,0
,OTH,Carla Howell,,2002,Governor,MA,howell c,0,0,0
,OTH,Barbara Johnson,,2002,Governor,MA,johnson b,0,0,0
,DEM,Kathleen Kennedy Townsend,lieutenant governor,2002,Governor,MD,townsend k,3,0,0
,REP,Bob Ehrlich,U.S. Representative,2002,Governor,MD,ehrlich b,4,1,0
,REP,Ross Z. Pierpont,perennial candidate,2002,Governor,MD,pierpont r,0,0,0
,DEM,Robert Fustero,,2002,Governor,MD,fustero r,0,0,0
,REP,James J. Sheridan,,2002,Governor,MD,sheridan j,0,0,0
,OTH,Spear Lancaster,,2002,Governor,MD,lancaster s,0,0,0
,DEM,John Baldacci,U.S. Representative from Maine's 2nd congressional district,2002,Governor,ME,baldacci j,4,1,0
,REP,Peter Cianchette,former State Representative,2002,Governor,ME,cianchette p,2,1,0
,REP,James Libby,former State Senator,2002,Governor,ME,libby j,2,0,0
,REP,Jonathan Carter,nominee for governor in 1994,2002,Governor,ME,carter j,0,0,1
,REP,Steven Farsaci,"minister (dropped out of the race after failing to collect the mandatory 2,000 Green Independent signatures)",2002,Governor,ME,farsaci s,0,0,0
,REP,John Baldacci,"(D), U.S. Representative",2002,Governor,ME,baldacci j,4,1,0
,REP,John Michael,"(I), state representative",2002,Governor,ME,michael j,2,1,0
,OTH,Jonathan Carter,,2002,Governor,ME,carter j,0,0,0
,OTH,John Michael,,2002,Governor,ME,michael j,0,0,0
,REP,Dick Posthumus,Lieutenant Governor of Michigan,2002,Governor,MI,posthumus d,3,0,0
,REP,Joe Schwarz,state senator from Battle Creek,2002,Governor,MI,schwarz j,2,0,0
,DEM,David Bonior,U.S. representative from Mount Clemens and House Minority Whip,2002,Governor,MI,bonior d,4,1,0
,DEM,James J. Blanchard,former governor of Michigan (1983–91) and U.S. Ambassador to Canada,2002,Governor,MI,blanchard j,3,0,0
,DEM,Jennifer Granholm,Michigan Attorney General and former Corporation Counsel for Wayne County (1994–98),2002,Governor,MI,granholm j,3,0,0
,DEM,Ferndale,engineer and staffer for the Ralph Nader 2000 presidential campaign (Green),2002,Governor,MI,ferndale,0,0,0
,DEM,Capac,resident and candidate for U.S. representative in 2000 (U.S. Taxpayers),2002,Governor,MI,capac,0,1,1
,DEM,Dick Posthumus,Lieutenant Governor of Michigan (Republican),2002,Governor,MI,posthumus d,3,0,0
,REP,Angelo Scott Brown (write-in),,2002,Governor,MI,writein a,0,0,0
,DEM,Tracey Elaine Stevenson (write-in),,2002,Governor,MI,writein t,0,0,0
,OTH,Douglas Campbell,,2002,Governor,MI,campbell d,0,0,0
,,U.S. Taxpayers,,2002,Governor,MI,taxpayers u,0,0,0
,,Don Mackle (write-in),,2002,Governor,MI,writein d,0,0,0
,,Mark Anthony McFarlin (write-in),,2002,Governor,MI,writein m,0,0,0
,,Angelo Scott Brown (write-in),,2002,Governor,MI,writein a,0,0,0
,REP,Minneapolis mayoral candidate,in 1994,2002,Governor,MN,candidate m,0,0,0
,REP,Tim Pawlenty,majority leader of the Minnesota House of Representatives,2002,Governor,MN,pawlenty t,2,1,0
,REP,Roger Moe,majority leader of the Minnesota Senate,2002,Governor,MN,moe r,2,0,0
,REP,perennial candidate,.,2002,Governor,MN,candidate p,0,0,0
,REP,Sue Jeffers,,2002,Governor,MN,jeffers s,0,0,0
,DEM,Roger Moe,,2002,Governor,MN,moe r,0,0,0
,DEM,Ole Savior,,2002,Governor,MN,savior o,0,0,0
,,Tim Penny,,2002,Governor,MN,penny t,0,0,0
,OTH,Ken Pentel,,2002,Governor,MN,pentel k,0,0,0
,OTH,Booker Hodges IV,,2002,Governor,MN,hodges b,0,0,0
,,Socialist Workers,,2002,Governor,MN,workers s,0,0,0
,OTH,Lawrence Aeshliman,,2002,Governor,MN,aeshliman l,0,0,0
,,Lealand Vettleson,,2002,Governor,MN,vettleson l,0,0,0
,REP,Mike Johanns,incumbent Governor of Nebraska,2002,Governor,NE,johanns m,3,0,0
,DEM,Stormy Dean,insurance company executive,2002,Governor,NE,dean s,0,0,0
,DEM,Paul A. Rosberg,farmer,2002,Governor,NE,rosberg p,0,0,0
,REP,Robert J. Wicht,,2002,Governor,NE,wicht r,0,0,0
,DEM,Luis R. Calvillo,,2002,Governor,NE,calvillo l,0,0,0
,,Paul A. Rosberg,,2002,Governor,NE,rosberg p,0,0,0
,DEM,Mark Fernald,New Hampshire state senator,2002,Governor,NH,fernald m,2,0,0
,DEM,Beverly Hollingworth,New Hampshire state senator,2002,Governor,NH,hollingworth b,2,0,0
,REP,Craig Benson,businessman,2002,Governor,NH,benson c,0,0,0
,REP,Gordon J. Humphrey,"former U.S. senator, 2000 Republican nominee for governor",2002,Governor,NH,humphrey g,4,0,1
,REP,Robert Kingsbury,perennial candidate,2002,Governor,NH,kingsbury r,0,0,0
,REP,Bruce Keough,,2002,Governor,NH,keough b,0,0,0
,REP,Joe Haas,,2002,Governor,NH,haas j,0,0,0
,REP,Bob Kroepel,,2002,Governor,NH,kroepel b,0,0,0
,OTH,John Babiarz,,2002,Governor,NH,babiarz j,0,0,0
,DEM,Bill Richardson,"former United States Secretary of Energy , former United States Ambassador to the United Nations and former U.S. Representative",2002,Governor,NM,richardson b,4,1,0
,REP,Walter D. Bradley,Lieutenant Governor,2002,Governor,NM,bradley w,3,0,0
,REP,John A. Sanchez,State Representative,2002,Governor,NM,sanchez j,2,1,0
,REP,Bill Richardson,"(D), former United States Secretary of Energy , former United States Ambassador to the United Nations and former U.S. Representative",2002,Governor,NM,richardson b,4,1,0
,DEM,Mike Nalley (write-in),,2002,Governor,NM,writein m,0,0,0
,REP,Robert M. Burpo,,2002,Governor,NM,burpo r,0,0,0
,REP,Gilbert S. Baca,,2002,Governor,NM,baca g,0,0,0
,OTH,David E. Bacon,,2002,Governor,NM,bacon d,0,0,0
,DEM,Joe Neal,Nevada Senator and candidate in 1998,2002,Governor,NV,neal j,2,0,0
,DEM,Barbara Scott,public accountant,2002,Governor,NV,scott b,0,0,0
,DEM,Christopher J. Petrella,veteran,2002,Governor,NV,petrella c,0,0,0
,REP,Kenny Guinn,incumbent governor of Nevada,2002,Governor,NV,guinn k,3,0,0
,REP,Shirley Cook,retired court reporter,2002,Governor,NV,cook s,0,0,0
,REP,Bruce Westcott,businessman,2002,Governor,NV,westcott b,0,0,0
,REP,Bill Hiett,rancher,2002,Governor,NV,hiett b,0,0,0
,REP,Stan Lusak,retired janitor and postal employee,2002,Governor,NV,lusak s,0,0,0
,REP,Carlo Poliak,perennial candidate,2002,Governor,NV,poliak c,0,0,0
,,None of These Candidates,,2002,Governor,NV,candidates n,0,0,0
,DEM,Dan Meyer,,2002,Governor,NV,meyer d,0,0,0
,REP,James K. Prevot,,2002,Governor,NV,prevot j,0,0,0
,OTH,Dick Geyer,,2002,Governor,NV,geyer d,0,0,0
,OTH,David G. Holmgren,,2002,Governor,NV,holmgren d,0,0,0
,OTH,Jerry L. Norton,,2002,Governor,NV,norton j,0,0,0
,OTH,Charles Laws,,2002,Governor,NV,laws c,0,0,0
,REP,George Pataki,Governor of New York since 1995,2002,Governor,NY,pataki g,3,0,0
,REP,Rudy Giuliani,former mayor of New York City (1994–2001),2002,Governor,NY,giuliani r,1,0,0
,DEM,H. Carl McCall,New York State Comptroller,2002,Governor,NY,mccall h,3,0,0
,DEM,Andrew Cuomo,former U.S. Secretary of Housing and Urban Development and son of Mario Cuomo,2002,Governor,NY,cuomo a,4,0,0
,DEM,Carl McCall,,2002,Governor,NY,mccall c,0,0,0
,DEM,Andrew Cuomo (withdrew),,2002,Governor,NY,withdrew a,0,0,0
,,George Pataki,,2002,Governor,NY,pataki g,0,0,0
,,Working Families,,2002,Governor,NY,families w,0,0,0
,,Carl McCall,,2002,Governor,NY,mccall c,0,0,0
,,Tom Golisano,,2002,Governor,NY,golisano t,0,0,0
,,Right to Life,,2002,Governor,NY,life r,0,0,0
,OTH,Stanley Aronowitz,,2002,Governor,NY,aronowitz s,0,0,0
,,Marijuana Reform,,2002,Governor,NY,reform m,0,0,0
,,Andrew M. Cuomo (withdrawn),,2002,Governor,NY,withdrawn a,0,0,0
,OTH,Scott Jeffrey,,2002,Governor,NY,jeffrey s,0,0,0
,DEM,Tim Hagan,former Cuyahoga County Commissioner and candidate for Cleveland Mayor in 1989,2002,Governor,OH,hagan t,1,0,1
,DEM,Sherrod Brown,"U.S. Representative from Ohio's 13th congressional district since 1993, Ohio Secretary of State , 1983-1991",2002,Governor,OH,brown s,4,1,0
,DEM,Richard Celeste,"U.S. Ambassador to India 1997–2001, former Governor of Ohio, 1983-1991",2002,Governor,OH,celeste r,3,0,0
,REP,Bob Taft,incumbent Governor of Ohio,2002,Governor,OH,taft b,3,0,0
,OTH,John Eastman,,2002,Governor,OH,eastman j,0,0,0
,DEM,Vince Orza,,2002,Governor,OK,orza v,0,0,0
,DEM,Brad Henry,,2002,Governor,OK,henry b,0,0,0
,DEM,Kelly Haney,,2002,Governor,OK,haney k,0,0,0
,DEM,Jim Dunegan,,2002,Governor,OK,dunegan j,0,0,0
,DEM,James E. Lamkin,,2002,Governor,OK,lamkin j,0,0,0
,REP,Steve Largent,,2002,Governor,OK,largent s,0,0,0
,REP,Jim Denny,,2002,Governor,OK,denny j,0,0,0
,REP,"Andrew Marr, Jr",,2002,Governor,OK,marr a,0,0,0
,OTH,Gary Richardson,,2002,Governor,OK,richardson g,0,0,0
,DEM,William Peter Allen,engineering consultant,2002,Governor,OR,allen w,0,0,0
,DEM,Caleb Burns,clinical psychologist,2002,Governor,OR,burns c,0,0,0
,DEM,Jim Hill,former Oregon State Treasurer,2002,Governor,OR,hill j,3,0,0
,DEM,Ted Kulongoski,"former Oregon Supreme Court Associate Justice, former Attorney General of Oregon , nominee for U.S. Senate in 1980 , and nominee for governor in 1982",2002,Governor,OR,kulongoski t,3,0,1
,DEM,Bev Stein,chair of the Multnomah County Commission,2002,Governor,OR,stein b,0,0,0
,REP,W. Ames Curtright,retired teacher and businessman,2002,Governor,OR,curtright w,0,0,0
,REP,Kevin Mannix,"former Oregon State Representative , 2000 Republican nominee for Attorney General of Oregon",2002,Governor,OR,mannix k,2,1,1
,REP,Jack Roberts,Oregon Commissioner of Labor and Industries,2002,Governor,OR,roberts j,3,0,0
,REP,Ron Saxton,former Chair of the Portland Public Schools Board,2002,Governor,OR,saxton r,0,0,0
,REP,1998,Constitution Party nominee for Governor of Oregon,2002,Governor,OR,,0,0,1
,REP,Roger Weidner,,2002,Governor,OR,weidner r,0,0,0
,REP,Lee R. Shindler,,2002,Governor,OR,shindler l,0,0,0
,OTH,Tom Cox,,2002,Governor,OR,cox t,0,0,0
,DEM,Ed Rendell,former Mayor of Philadelphia and candidate in 1986,2002,Governor,PA,rendell e,1,0,0
,DEM,Bob Casey Jr.,incumbent Auditor General and son of former Governor Bob Casey Sr.,2002,Governor,PA,casey b,3,0,0
,REP,Mike Fisher,,2002,Governor,PA,fisher m,0,0,0
,OTH,Ken V. Krawchuk,,2002,Governor,PA,krawchuk k,0,0,0
,OTH,Mike Morrill,,2002,Governor,PA,morrill m,0,0,0
,REP,Donald Carcieri,businessman,2002,Governor,RI,carcieri d,0,0,0
,DEM,Rhode Island state representative,.,2002,Governor,RI,representative r,0,0,0
,DEM,Sheldon Whitehouse,"Attorney General of Rhode Island , former U.S. attorney for the District of Rhode Island",2002,Governor,RI,whitehouse s,3,0,0
,DEM,Myrth York,"former Rhode Island senator , 1994 and 1998 Democratic nominee for governor",2002,Governor,RI,york m,2,0,1
,REP,James S. Bennett,,2002,Governor,RI,bennett j,0,0,0
,DEM,Antonio J. Pires,,2002,Governor,RI,pires a,0,0,0
,REP,Mark Sanford,,2002,Governor,SC,sanford m,0,0,0
,REP,Bob Peeler,,2002,Governor,SC,peeler b,0,0,0
,REP,Charlie Condon,,2002,Governor,SC,condon c,0,0,0
,REP,Ken Wingate,,2002,Governor,SC,wingate k,0,0,0
,REP,Jim Miles,,2002,Governor,SC,miles j,0,0,0
,REP,Reb Sutherland,,2002,Governor,SC,sutherland r,0,0,0
,REP,Bill Branton,,2002,Governor,SC,branton b,0,0,0
,DEM,Jim Hodges,incumbent Governor,2002,Governor,SC,hodges j,3,0,0
,DEM,Jim Abbott,"President of the University of South Dakota , former South Dakota State Representative",2002,Governor,SD,abbott j,2,1,0
,DEM,Ron J. Volesky,South Dakota State Senator,2002,Governor,SD,volesky r,2,0,0
,DEM,Jim Hutmacher,South Dakota State Senator,2002,Governor,SD,hutmacher j,2,0,0
,REP,Mike Rounds,former South Dakota State Senator,2002,Governor,SD,rounds m,2,0,0
,REP,Mark Barnett,Attorney General of South Dakota,2002,Governor,SD,barnett m,3,0,0
,REP,Steve T. Kirby,former Lieutenant Governor of South Dakota,2002,Governor,SD,kirby s,3,0,0
,DEM,Robert Hockett,,2002,Governor,SD,hockett r,0,0,0
,OTH,James P. Carlson,,2002,Governor,SD,carlson j,0,0,0
,OTH,Nathan A. Barton,,2002,Governor,SD,barton n,0,0,0
,REP,Jim Henry,former minority leader of the Tennessee House of Representatives,2002,Governor,TN,henry j,2,1,0
,REP,Van Hilleary,representative from Tennessee's 4th congressional district,2002,Governor,TN,hilleary v,0,1,0
,DEM,Phil Bredesen,"former mayor of Nashville , 1994 Democratic nominee for governor",2002,Governor,TN,bredesen p,1,0,1
,DEM,Knox County,district attorney general,2002,Governor,TN,county k,3,0,0
,DEM,Charles E. Smith,former Tennessee commissioner of education,2002,Governor,TN,smith c,3,0,0
,REP,Bob Tripp,,2002,Governor,TN,tripp b,0,0,0
,REP,Dave Kelley,,2002,Governor,TN,kelley d,0,0,0
,REP,Jessie D. McDonald,,2002,Governor,TN,mcdonald j,0,0,0
,DEM,Randy Nichols,,2002,Governor,TN,nichols r,0,0,0
,DEM,Charles V. Brown,,2002,Governor,TN,brown c,0,0,0
,DEM,L. Best,,2002,Governor,TN,best l,0,0,0
,DEM,Floyd R. Conover,,2002,Governor,TN,conover f,0,0,0
,OTH,Edwin C. Sanders,,2002,Governor,TN,sanders e,0,0,0
,OTH,Carl Two Feathers Whitaker,,2002,Governor,TN,whitaker c,0,0,0
,OTH,John Jay Hooker,,2002,Governor,TN,hooker j,0,0,0
,OTH,David Gatchell,,2002,Governor,TN,gatchell d,0,0,0
,OTH,Gabriel Givens,,2002,Governor,TN,givens g,0,0,0
,OTH,Ray Ledford,,2002,Governor,TN,ledford r,0,0,0
,OTH,James E. Herren,,2002,Governor,TN,herren j,0,0,0
,OTH,"Charles V. Wilhoit, Jr.",,2002,Governor,TN,wilhoit c,0,0,0
,OTH,Marivuana Stout Leinoff,,2002,Governor,TN,leinoff m,0,0,0
,OTH,Francis E. Waldron,,2002,Governor,TN,waldron f,0,0,0
,OTH,Ronny Simmons,,2002,Governor,TN,simmons r,0,0,0
,OTH,Robert O. Watson,,2002,Governor,TN,watson r,0,0,0
,OTH,Basil Marceaux,,2002,Governor,TN,marceaux b,0,0,0
,REP,Rick Perry,incumbent Governor,2002,Governor,TX,perry r,3,0,0
,DEM,Tony Sanchez,,2002,Governor,TX,sanchez t,0,0,0
,DEM,Dan Morales,,2002,Governor,TX,morales d,0,0,0
,DEM,Bill Lyon,,2002,Governor,TX,lyon b,0,0,0
,DEM,John Worldpeace,,2002,Governor,TX,worldpeace j,0,0,0
,OTH,Jeff Daiell,,2002,Governor,TX,daiell j,0,0,0
,OTH,Rahul Mahajan,,2002,Governor,TX,mahajan r,0,0,0
,OTH,Earl W. O'Neil (write-in),,2002,Governor,TX,writein e,0,0,0
,DEM,Doug Racine,,2002,Governor,VT,racine d,0,0,0
,REP,Jim Douglas,,2002,Governor,VT,douglas j,0,0,0
,,Michael J. Badamo,,2002,Governor,VT,badamo m,0,0,0
,,Peter Diamondstone,,2002,Governor,VT,diamondstone p,0,0,0
,OTH,Cornelius Hogan,,2002,Governor,VT,hogan c,0,0,0
,,Cris Ericson,,2002,Governor,VT,ericson c,0,0,0
,OTH,Joel Williams,,2002,Governor,VT,williams j,0,0,0
,,Patricia Hejny,,2002,Governor,VT,hejny p,0,0,0
,,Restore Justice-Freedom,,2002,Governor,VT,justicefreedom r,0,0,0
,,Liberty Union,,2002,Governor,VT,union l,0,0,0
,OTH,Brian Pearl,,2002,Governor,VT,pearl b,0,0,0
,REP,William Lorge,former State Representative,2002,Governor,WI,lorge w,2,1,0
,REP,Scott McCallum,incumbent Governor of Wisconsin,2002,Governor,WI,mccallum s,3,0,0
,REP,Margaret A. Farrow,incumbent lieutenant governor,2002,Governor,WI,farrow m,3,0,0
,DEM,Jim Doyle,"incumbent Attorney General of Wisconsin , former District Attorney of Dane County.",2002,Governor,WI,doyle j,3,0,0
,DEM,Barbara Lawton,nominee for lieutenant Governor in 1998,2002,Governor,WI,lawton b,0,0,1
,DEM,Ed Thompson,"former Mayor of Tomah, Wisconsin (2000–2002), brother of former Governor Tommy Thompson",2002,Governor,WI,thompson e,3,0,0
,DEM,Marty Reynolds,member of Wisconsin State Assembly,2002,Governor,WI,reynolds m,2,0,0
,IND,Alan D. Eisenberg,lawyer and real estate dealer,2002,Governor,WI,eisenberg a,0,0,0
,IND,Jim Doyle & Barbara Lawton,Democratic,2002,Governor,WI,lawton j,0,0,0
,IND,Ed Thompson & Marty Reynolds,Libertarian,2002,Governor,WI,reynolds e,0,0,0
,IND,Jim Young & Jeff Peterson,Green,2002,Governor,WI,peterson j,0,0,0
,REP,George Pobuda,,2002,Governor,WI,pobuda g,0,0,0
,DEM,Tom Barrett,,2002,Governor,WI,barrett t,0,0,0
,DEM,Kathleen Falk,,2002,Governor,WI,falk k,0,0,0
,DEM,Kevin Shibilski,,2002,Governor,WI,shibilski k,0,0,0
,OTH,Ed Thompson,,2002,Governor,WI,thompson e,0,0,0
,OTH,Marty Reynolds,,2002,Governor,WI,reynolds m,0,0,0
,OTH,Jim Young,,2002,Governor,WI,young j,0,0,0
,OTH,Ty A. Bollerud,,2002,Governor,WI,bollerud t,0,0,0
,OTH,Mike Mangan,,2002,Governor,WI,mangan m,0,0,0
,OTH,Aneb Jah Rasta,,2002,Governor,WI,rasta a,0,0,0
,OTH,Mike Managan,,2002,Governor,WI,managan m,0,0,0
,DEM,Dave Freudenthal,former United States Attorney for the District of Wyoming,2002,Governor,WY,freudenthal d,0,0,0
,DEM,governor,John J. Hickey,2002,Governor,WY,governor,0,0,0
,DEM,Toby Simpson,construction worker,2002,Governor,WY,simpson t,0,0,0
,REP,Eli Bebout,former Speaker of the Wyoming House of Representatives,2002,Governor,WY,bebout e,2,1,0
,REP,Ray Hunkins,attorney and rancher,2002,Governor,WY,hunkins r,0,0,0
,REP,Bill Sniffin,journalist and former Wyoming Travel Commissioner,2002,Governor,WY,sniffin b,0,0,0
,REP,Stephen Watt,State Representative,2002,Governor,WY,watt s,2,1,0
,DEM,Paul Hickey,,2002,Governor,WY,hickey p,0,0,0
,DEM,Ken Casner,,2002,Governor,WY,casner k,0,0,0
,REP,John H. Self,,2002,Governor,WY,self j,0,0,0
,OTH,Dave Dawson,,2002,Governor,WY,dawson d,0,0,0
,DEM,Ruth Ann Minner,incumbent Governor,2004,Governor,DE,minner r,3,0,0
,REP,Bill Lee,,2004,Governor,DE,lee b,0,0,0
,REP,Michael D. Protack,,2004,Governor,DE,protack m,0,0,0
,REP,David Charles Graham,,2004,Governor,DE,graham d,0,0,0
,OTH,Frank Infante,,2004,Governor,DE,infante f,0,0,0
,DEM,Joe Kernan,incumbent governor since 2002,2004,Governor,IN,kernan j,3,0,0
,DEM,Joe Andrew,former chair of the Democratic National Committee,2004,Governor,IN,andrew j,0,0,0
,DEM,Vi Simpson,state senator from Bloomington,2004,Governor,IN,simpson v,2,0,0
,REP,Mitch Daniels,former White House Director of the Office of Management and Budget,2004,Governor,IN,daniels m,4,0,0
,REP,Eric Miller,activist,2004,Governor,IN,miller e,0,0,0
,REP,David M. McIntosh,nominee in 2000 and former U.S. representative from Muncie,2004,Governor,IN,mcintosh d,4,1,0
,OTH,Kenn Gividen/Elaine Badnarik,,2004,Governor,IN,badnarik k,0,0,0
,REP,Matt Blunt,,2004,Governor,MO,blunt m,0,0,0
,REP,Karen Skelton-Memhardt,,2004,Governor,MO,skeltonmemhardt k,0,0,0
,REP,Jen Sievers,,2004,Governor,MO,sievers j,0,0,0
,REP,Jeff Killian,,2004,Governor,MO,killian j,0,0,0
,REP,Roy W. Lang,,2004,Governor,MO,lang r,0,0,0
,REP,Martin Lindstedt,,2004,Governor,MO,lindstedt m,0,0,0
,DEM,Claire McCaskill,,2004,Governor,MO,mccaskill c,0,0,0
,DEM,Bob Holden,incumbent Governor,2004,Governor,MO,holden b,3,0,0
,DEM,Jim LePage,,2004,Governor,MO,lepage j,0,0,0
,DEM,Jeffery A. Emrick,,2004,Governor,MO,emrick j,0,0,0
,OTH,John Swenson,,2004,Governor,MO,swenson j,0,0,0
,OTH,Robert Wells,,2004,Governor,MO,wells r,0,0,0
,DEM,Brian Schweitzer,"rancher, former United States Department of Agriculture employee, nominee for the United States Senate in 2000 Running mate : John Bohlinger , former State Representative (1993–1999) and State Senator (1999–2005)",2004,Governor,MT,schweitzer b,2,1,1
,DEM,John Vincent,"former State Representative (1975–1990), former Speaker of the Montana House of Representatives (1985–1986; 1989–1990) and former Mayor of Bozeman (1994–1995) Running mate : Mary Sexton, Teton County Commissioner",2004,Governor,MT,vincent j,2,1,0
,DEM,John Bohlinger,former State Representative (1993–1999) and State Senator (1999–2005),2004,Governor,MT,bohlinger j,2,1,0
,DEM,Teton County,Commissioner,2004,Governor,MT,county t,0,0,0
,REP,Bob Brown,"Secretary of State of Montana (2001–2005), former State Representative (1970–1974) and former State Senator (1974–1996) Running mate : Dave Lewis , State Representative (2001–2005)",2004,Governor,MT,brown b,3,1,0
,REP,Glacier National Park,(1994–1999) and Yosemite National Park (1999–2002) for the National Park Service and former adviser to Marc Racicot,2004,Governor,MT,park g,0,0,0
,REP,Ken Miller,"former State Senator (1995–2003) and former Montana Republican Party Chairman (2001–2003) Running mate : Wayne Buchanan, former executive secretary for the Montana Board of Public Education",2004,Governor,MT,miller k,2,0,0
,REP,State Senator,"(1981–2001) Running mate : Matt Brainard, Montana Public Service Commissioner and former State Representative (1995–2001)",2004,Governor,MT,senator s,2,1,0
,REP,Dave Lewis,State Representative (2001–2005),2004,Governor,MT,lewis d,2,1,0
,REP,Montana Public Service Commissioner,and former State Representative (1995–2001),2004,Governor,MT,commissioner m,2,1,0
,REP,Pat Davison,,2004,Governor,MT,davison p,0,0,0
,REP,Tom Keating,,2004,Governor,MT,keating t,0,0,0
,OTH,Bob Kelleher,,2004,Governor,MT,kelleher b,0,0,0
,OTH,Stanley Jones,,2004,Governor,MT,jones s,0,0,0
,DEM,Mike Easley,incumbent governor,2004,Governor,NC,easley m,3,0,0
,DEM,Rickey Kipfer,businessman,2004,Governor,NC,kipfer r,0,0,0
,REP,Patrick J. Ballantine,Minority Leader of the North Carolina Senate (1999–2004),2004,Governor,NC,ballantine p,2,0,0
,REP,Dan Barett,attorney and Davie County Commissioner,2004,Governor,NC,barett d,1,0,0
,REP,Bill Cobey,Chair of the North Carolina Republican Party (1999–2003) and U.S. Representative from NC-04 (1985–1987),2004,Governor,NC,cobey b,4,1,0
,REP,George Little,insurance executive,2004,Governor,NC,little g,0,0,0
,REP,state senator,(2003–2005),2004,Governor,NC,senator s,0,0,0
,REP,Richard Vinroot,"Mayor of Charlotte (1991–1995), nominee for governor in 2000 and candidate for governor in 1996",2004,Governor,NC,vinroot r,1,0,1
,REP,running for lieutenant governor,),2004,Governor,NC,governor r,0,0,0
,REP,James Cain,former president of the Carolina Hurricanes,2004,Governor,NC,cain j,0,0,0
,REP,I. Beverly Lake Jr.,Chief Justice of the North Carolina Supreme Court (2001–2006),2004,Governor,NC,lake i,0,0,0
,REP,Dan Barrett,,2004,Governor,NC,barrett d,0,0,0
,REP,Fern Shubert,,2004,Governor,NC,shubert f,0,0,0
,OTH,Barbara Howe,,2004,Governor,NC,howe b,0,0,0
,REP,John Hoeven,incumbent Governor,2004,Governor,ND,hoeven j,3,0,0
,DEM,Joe Satrom,,2004,Governor,ND,satrom j,0,0,0
,OTH,Roland Riemers,,2004,Governor,ND,riemers r,0,0,0
,DEM,John Lynch,businessman and University System of New Hampshire Trustee,2004,Governor,NH,lynch j,0,0,0
,DEM,Paul McEachern,perennial candidate,2004,Governor,NH,mceachern p,0,0,0
,REP,Craig Benson,incumbent governor of New Hampshire,2004,Governor,NH,benson c,3,0,0
,REP,New Castle,selectman,2004,Governor,NH,castle n,1,0,0
,REP,Charles Tarbell,,2004,Governor,NH,tarbell c,0,0,0
,REP,"Jon Huntsman, Jr.","(R), Trade Ambassador for President Bush's administration and former CEO of Huntsman Chemical Corporation",2004,Governor,UT,huntsman j,0,0,0
,REP,"Scott Matheson, Jr.","(D), U.S. Attorney",2004,Governor,UT,matheson s,0,0,0
,REP,Nolan Karras,,2004,Governor,UT,karras n,0,0,0
,REP,Fred Lampropoulos,,2004,Governor,UT,lampropoulos f,0,0,0
,REP,Olene Walker,incumbent Governor,2004,Governor,UT,walker o,3,0,0
,REP,Marty Stephens,,2004,Governor,UT,stephens m,0,0,0
,REP,James Hansen,,2004,Governor,UT,hansen j,0,0,0
,REP,Parley Hellewell,,2004,Governor,UT,hellewell p,0,0,0
,REP,Gary Benson,,2004,Governor,UT,benson g,0,0,0
,DEM,Scott Matheson Jr.,,2004,Governor,UT,matheson s,0,0,0
,,Personal Choice,,2004,Governor,UT,choice p,0,0,0
,DEM,Peter Clavelle,"Mayor of Burlington , switched party affiliation from Progressive to Democratic to run in this election, and was cross-nominated by the Progressive Party.",2004,Governor,VT,clavelle p,1,0,0
,REP,Jim Douglas,incumbent governor of Vermont,2004,Governor,VT,douglas j,3,0,0
,REP,Jim Douglas (inc.),,2004,Governor,VT,inc j,0,0,0
,,Cris Ericson,,2004,Governor,VT,ericson c,0,0,0
,OTH,Patricia Hejny,,2004,Governor,VT,hejny p,0,0,0
,OTH,Hardy Machia,,2004,Governor,VT,machia h,0,0,0
,,Liberty Union,,2004,Governor,VT,union l,0,0,0
,REP,Christine Gregoire,"(D), Attorney General of Washington",2004,Governor,WA,gregoire c,3,0,0
,REP,Dino Rossi,"(R), state senator",2004,Governor,WA,rossi d,2,0,0
,DEM,Christine Gregoire,,2004,Governor,WA,gregoire c,0,0,0
,OTH,Ruth Bennett,,2004,Governor,WA,bennett r,0,0,0
,DEM,Louis J. Davis,candidate in 1996,2004,Governor,WV,davis l,0,0,0
,DEM,Phillip Frye,husband of incumbent governor's mistress,2004,Governor,WV,frye p,3,0,0
,DEM,Lloyd G. Jackson II,former State Senator,2004,Governor,WV,jackson l,2,0,0
,DEM,1996,and 2000,2004,Governor,WV,,0,0,0
,DEM,Joe Manchin,West Virginia Secretary of State and candidate for governor in 1996,2004,Governor,WV,manchin j,3,0,1
,REP,Carroll B. Bowden,Sr.,2004,Governor,WV,bowden c,0,0,0
,REP,Rob Capehart,former West Virginia Secretary of Tax and Revenue,2004,Governor,WV,capehart r,0,0,0
,REP,Larry Faircloth,State Delegate,2004,Governor,WV,faircloth l,2,0,0
,REP,Douglas McKinney,physician,2004,Governor,WV,mckinney d,0,0,0
,REP,Dan Moore,banker and car dealership owner,2004,Governor,WV,moore d,0,0,0
,REP,Joseph Oliverio,construction executive,2004,Governor,WV,oliverio j,0,0,0
,REP,James D. Radcliffe,Jr.,2004,Governor,WV,radcliffe j,0,0,0
,REP,Monty Warner,businessman,2004,Governor,WV,warner m,0,0,0
,DEM,Jim Lees,,2004,Governor,WV,lees j,0,0,0
,DEM,"Lacy Wright, Jr.",,2004,Governor,WV,wright l,0,0,0
,DEM,Jerry Baker,,2004,Governor,WV,baker j,0,0,0
,DEM,James A. Baughman,,2004,Governor,WV,baughman j,0,0,0
,REP,Richard Robb,,2004,Governor,WV,robb r,0,0,0
,REP,Charles G. Railey,,2004,Governor,WV,railey c,0,0,0
,,Jesse Johnson,,2004,Governor,WV,johnson j,0,0,0
,,Margin of victory,,2004,Governor,WV,victory m,0,0,0
,REP,John Binkley,Fairbanks businessman and former State Senator from Bethel,2006,Governor,AK,binkley j,2,0,0
,REP,Gerald Heikes,minister at Anchorage's nondenominational Bethel Chapel and perennial candidate,2006,Governor,AK,heikes g,0,0,0
,REP,Frank Murkowski,incumbent Governor since 2003,2006,Governor,AK,murkowski f,3,0,0
,REP,Sarah Palin,former mayor of Wasilla (1996 – 2003) and chair of the Alaska Oil and Gas Conservation Commission (2003 – 04),2006,Governor,AK,palin s,1,0,0
,DEM,Eric Croft,"State Representative from Spenard , Anchorage",2006,Governor,AK,croft e,2,1,0
,DEM,Tony Knowles,former Governor of Alaska (1994 – 2002),2006,Governor,AK,knowles t,3,0,0
,DEM,Andrew Halcro,president and CEO of Avis Alaska and former State Representative from Anchorage (Independent),2006,Governor,AK,halcro a,2,1,0
,DEM,Sarah Palin,former mayor of Wasilla (1996 – 2003) and chair of the Alaska Oil and Gas Conservation Commission (2003 – 04) (Republican),2006,Governor,AK,palin s,1,0,0
,DEM,Billy Toien,candidate for governor in 2002 (Libertarian),2006,Governor,AK,toien b,0,0,1
,DEM,Don Wright,bush pilot and perennial candidate (Alaska Independence),2006,Governor,AK,wright d,0,0,0
,REP,Merica Hlatcu,,2006,Governor,AK,hlatcu m,0,0,0
,DEM,Bruce Lemke,,2006,Governor,AK,lemke b,0,0,0
,OTH,Andrew Halcro,,2006,Governor,AK,halcro a,0,0,0
,,Don Wright,,2006,Governor,AK,wright d,0,0,0
,OTH,Billy Toien,,2006,Governor,AK,toien b,0,0,0
,OTH,David Massie,,2006,Governor,AK,massie d,0,0,0
,DEM,Bob Riley,"(Republican), incumbent Governor of Alabama",2006,Governor,AL,riley b,3,0,0
,DEM,Lucy Baxley,"(Democratic), Lieutenant Governor of Alabama , former Alabama State Treasurer",2006,Governor,AL,baxley l,3,0,0
,DEM,Loretta Nall,"( Libertarian ; write-in ), founder of the United States Marijuana Party",2006,Governor,AL,nall l,0,0,0
,DEM,Nathan Mathis,"(write-in), former State Representative",2006,Governor,AL,mathis n,2,1,0
,DEM,Michael A. Polemeni (write-in),Huntsville/Madison County Chapter President of Alabama Family Rights Association,2006,Governor,AL,writein m,0,0,0
,REP,Bob Riley,incumbent Governor,2006,Governor,AL,riley b,3,0,0
,REP,Roy Moore,,2006,Governor,AL,moore r,0,0,0
,DEM,Don Siegelman,,2006,Governor,AL,siegelman d,0,0,0
,DEM,Joe Copeland,,2006,Governor,AL,copeland j,0,0,0
,DEM,Katherine Mack,,2006,Governor,AL,mack k,0,0,0
,DEM,James Potts,,2006,Governor,AL,potts j,0,0,0
,DEM,Harry Lyon,,2006,Governor,AL,lyon h,0,0,0
,DEM,Mike Beebe,Arkansas Attorney General,2006,Governor,AR,beebe m,3,0,0
,REP,Asa Hutchinson,"former administrator of the Drug Enforcement Administration , former U.S. representative from Arkansas's 3rd congressional district (1997–2001)",2006,Governor,AR,hutchinson a,4,1,0
,REP,Winthrop Paul Rockefeller,"Lieutenant Governor  ( withdrew July 20, 2005 following blood cancer diagnosis; died July 16, 2006 )",2006,Governor,AR,rockefeller w,3,0,0
,IND,Rod Bryan,bass player for Ho-Hum and owner of Anthro-Pop Records,2006,Governor,AR,bryan r,0,0,0
,OTH,Jim Lendall,,2006,Governor,AR,lendall j,0,0,0
,DEM,Janet Napolitano,incumbent governor of Arizona,2006,Governor,AZ,napolitano j,3,0,0
,REP,Goldwater Institute,and nephew of Barry Goldwater,2006,Governor,AZ,institute g,0,0,0
,REP,Mike Harris,businessman,2006,Governor,AZ,harris m,0,0,0
,REP,Len Munsil,former president of the Center for Arizona Policy (CAP),2006,Governor,AZ,munsil l,0,0,0
,REP,Gary Tupper,contractor,2006,Governor,AZ,tupper g,0,0,0
,REP,Barry Hess,currency speculator and perennial candidate,2006,Governor,AZ,hess b,0,0,0
,REP,Don Goldwater,,2006,Governor,AZ,goldwater d,0,0,0
,REP,Steve Moore (write-in),,2006,Governor,AZ,writein s,0,0,0
,OTH,Barry Hess,,2006,Governor,AZ,hess b,0,0,0
,OTH,Arthur Ray Arvizu (write-in),,2006,Governor,AZ,writein a,0,0,0
,OTH,Brian Wright (write-in),,2006,Governor,AZ,writein b,0,0,0
,OTH,Robert B. Winn (write-in),,2006,Governor,AZ,writein r,0,0,0
,IND,Phil Angelides,"( Democratic ) – California State Treasurer , Ex-State Democratic Chair & Developer",2006,Governor,CA,angelides p,3,0,0
,IND,Peter Camejo,"( Green ) – 2002/2003 Green Party gubernatorial candidate, 2004 independent vice presidential candidate ( Ralph Nader 's running mate)",2006,Governor,CA,camejo p,0,0,0
,IND,Art Olivier,"( Libertarian ) – former mayor of Bellflower , 2000 Libertarian Party vice presidential candidate ( Harry Browne 's running mate)",2006,Governor,CA,olivier a,1,0,0
,IND,Arnold Schwarzenegger,"( Republican ) – incumbent Governor of California , actor, businessman",2006,Governor,CA,schwarzenegger a,3,0,0
,IND,Propositions,": 1A, 1B, 1C, 1D, 1E, 83 , 84, 85 , 86, 87 , 88, 89 , and 90",2006,Governor,CA,propositions,0,0,0
,IND,Creative Commons Attribution-ShareAlike 4.0 License,";
additional terms may apply. By using this site, you agree to the Terms of Use and Privacy Policy . Wikipedia® is a registered trademark of the Wikimedia Foundation, Inc. , a non-profit organization.",2006,Governor,CA,license c,0,0,0
,DEM,Phil Angelides,,2006,Governor,CA,angelides p,0,0,0
,DEM,Steve Westly,,2006,Governor,CA,westly s,0,0,0
,DEM,Barbara Becnel,,2006,Governor,CA,becnel b,0,0,0
,DEM,Joe Brouillette,,2006,Governor,CA,brouillette j,0,0,0
,DEM,Michael Strimling,,2006,Governor,CA,strimling m,0,0,0
,DEM,Frank A. Macaluso Jr.,,2006,Governor,CA,macaluso f,0,0,0
,DEM,Vibert Greene,,2006,Governor,CA,greene v,0,0,0
,DEM,Jerald Robert Gerst,,2006,Governor,CA,gerst j,0,0,0
,REP,Arnold Schwarzenegger,incumbent Governor,2006,Governor,CA,schwarzenegger a,3,0,0
,REP,Robert C. Newman II,,2006,Governor,CA,newman r,0,0,0
,REP,Bill Chambers,,2006,Governor,CA,chambers b,0,0,0
,REP,Jeffrey R. Burns,,2006,Governor,CA,burns j,0,0,0
,,American Independent,,2006,Governor,CA,independent a,0,0,0
,,Peace and Freedom,,2006,Governor,CA,freedom p,0,0,0
,OTH,James Harris (write-in),,2006,Governor,CA,writein j,0,0,0
,OTH,Donald Etkes (write-in),,2006,Governor,CA,writein d,0,0,0
,OTH,Elisha Shapiro (write-in),,2006,Governor,CA,writein e,0,0,0
,OTH,Vibert Greene (write-in),,2006,Governor,CA,writein v,0,0,0
,DEM,Bill Ritter,former District Attorney of Denver,2006,Governor,CO,ritter b,1,0,0
,REP,Bob Beauprez,U.S. Congressman from Colorado's 7th congressional district,2006,Governor,CO,beauprez b,4,0,0
,OTH,Dawn Winkler-Kinateder,,2006,Governor,CO,winklerkinateder d,0,0,0
,OTH,Paul Noel Fiorino,,2006,Governor,CO,fiorino p,0,0,0
,OTH,Clyde J. Harkins,,2006,Governor,CO,harkins c,0,0,0
,REP,Jodi Rell,incumbent governor,2006,Governor,CT,rell j,3,0,0
,REP,Michael Fedele,State Representative,2006,Governor,CT,fedele m,2,1,0
,DEM,"John DeStefano, Jr.",Mayor of New Haven,2006,Governor,CT,destefano j,1,0,0
,DEM,Simsbury,First Selectman,2006,Governor,CT,simsbury,1,0,0
,DEM,Dannel Malloy,Mayor of Stamford,2006,Governor,CT,malloy d,1,0,0
,DEM,Richard Blumenthal,Connecticut Attorney General,2006,Governor,CT,blumenthal r,3,0,0
,DEM,Chris Dodd,United States Senator,2006,Governor,CT,dodd c,4,0,0
,DEM,Susan Bysiewicz,Connecticut Secretary of State,2006,Governor,CT,bysiewicz s,3,0,0
,OTH,Cliff Thornton,,2006,Governor,CT,thornton c,0,0,0
,,Concerned Citizens,,2006,Governor,CT,citizens c,0,0,0
,DEM,Carol Castagnero,retired teacher,2006,Governor,FL,castagnero c,0,0,0
,DEM,Jim Davis,U.S. representative from Tampa,2006,Governor,FL,davis j,4,1,0
,DEM,Rod Smith,state senator from Gainesville,2006,Governor,FL,smith r,2,0,0
,DEM,Scott Maddox,former mayor of Tallahassee and former chairman of the Florida Democratic Party,2006,Governor,FL,maddox s,1,0,0
,DEM,Betty Castor,"former Education Commissioner of Florida , former president of the University of South Florida , 2004 Democratic nominee for the U.S. Senate",2006,Governor,FL,castor b,3,0,1
,REP,Charlie Crist,"attorney general of Florida , and nominee for U.S. Senate in 1998",2006,Governor,FL,crist c,3,0,1
,REP,Tom Gallagher,"chief financial officer of Florida , former State Treasurer-Insurance Commissioner, former Education Commissioner, and candidate for governor in 1986 and 1994",2006,Governor,FL,gallagher t,3,0,1
,REP,Michael W. St. Jean,minister,2006,Governor,FL,jean m,0,0,0
,REP,Toni Jennings,lieutenant governor of Florida,2006,Governor,FL,jennings t,3,0,0
,REP,Jim Davis,United States Representative from Florida's 11th congressional district (Democratic nominee),2006,Governor,FL,davis j,4,1,0
,REP,Max Linn,financial planner (Reform Party nominee),2006,Governor,FL,linn m,0,0,0
,REP,John Wayne Smith,perennial candidate (no party affiliation),2006,Governor,FL,smith j,0,0,0
,REP,Richard Paul Dembinsky,perennial candidate (no party affiliation),2006,Governor,FL,dembinsky r,0,0,0
,REP,Karl C.C. Behm,paintball facility owner (no party affiliation),2006,Governor,FL,behm k,0,0,0
,DEM,Glenn Burkett,,2006,Governor,FL,burkett g,0,0,0
,DEM,John M. Crotty,,2006,Governor,FL,crotty j,0,0,0
,REP,Vernon Palmer,,2006,Governor,FL,palmer v,0,0,0
,OTH,Max Linn,,2006,Governor,FL,linn m,0,0,0
,OTH,John Wayne Smith,,2006,Governor,FL,smith j,0,0,0
,OTH,Richard Paul Dembinsky,,2006,Governor,FL,dembinsky r,0,0,0
,OTH,Karl C.C. Behm,,2006,Governor,FL,behm k,0,0,0
,DEM,Cathy Cox,Secretary of State of Georgia,2006,Governor,GA,cox c,3,0,0
,DEM,Mark Taylor,Lieutenant Governor of Georgia,2006,Governor,GA,taylor m,3,0,0
,REP,Ray McBerry,businessman,2006,Governor,GA,mcberry r,0,0,0
,REP,Sonny Perdue,incumbent governor of Georgia,2006,Governor,GA,perdue s,3,0,0
,DEM,Bill Bolton,,2006,Governor,GA,bolton b,0,0,0
,DEM,Mac McCarley,,2006,Governor,GA,mccarley m,0,0,0
,OTH,Garrett Michael Hayes,,2006,Governor,GA,hayes g,0,0,0
,REP,Linda Lingle,incumbent governor,2006,Governor,HI,lingle l,3,0,0
,REP,George L. Berish,fellow of the Society of Actuaries,2006,Governor,HI,berish g,0,0,0
,REP,Paul Manner,freelance news correspondent,2006,Governor,HI,manner p,0,0,0
,DEM,Randy Iwase,former state senator and former Honolulu city councilor,2006,Governor,HI,iwase r,2,0,0
,DEM,Wai'anae,harbormaster,2006,Governor,HI,waianae,0,0,0
,DEM,Van Tanabe,former telecommunications executive,2006,Governor,HI,tanabe v,0,0,0
,REP,George Peabody,,2006,Governor,HI,peabody g,0,0,0
,DEM,"William J. Aila, Jr.",,2006,Governor,HI,aila w,0,0,0
,OTH,"James Brewer, Jr.",,2006,Governor,HI,brewer j,0,0,0
,OTH,Ozell Daniel,,2006,Governor,HI,daniel o,0,0,0
,DEM,Sally Pederson,Lieutenant Governor of Iowa (1999–present),2006,Governor,IA,pederson s,3,1,0
,REP,Jim Nussle,U.S. Representative,2006,Governor,IA,nussle j,4,1,0
,REP,Bob Vander Plaats,"president and CEO of The Family Leader , to become Nussle's running-mate for the general election",2006,Governor,IA,plaats b,0,0,0
,REP,Creative Commons Attribution-ShareAlike 4.0 License,";
additional terms may apply. By using this site, you agree to the Terms of Use and Privacy Policy . Wikipedia® is a registered trademark of the Wikimedia Foundation, Inc. , a non-profit organization.",2006,Governor,IA,license c,0,0,0
,DEM,Chet Culver,,2006,Governor,IA,culver c,0,0,0
,DEM,Mike Blouin,,2006,Governor,IA,blouin m,0,0,0
,DEM,Ed Fallon,,2006,Governor,IA,fallon e,0,0,0
,DEM,Sal Mohamed,,2006,Governor,IA,mohamed s,0,0,0
,OTH,Wendy Barth,,2006,Governor,IA,barth w,0,0,0
,OTH,Kevin Litten,,2006,Governor,IA,litten k,0,0,0
,,Socialist Workers,,2006,Governor,IA,workers s,0,0,0
,REP,Dan Adamson,businessman and attorney,2006,Governor,ID,adamson d,0,0,0
,REP,"C.L. ""Butch"" Otter",U.S. Representative and former Lieutenant Governor of Idaho,2006,Governor,ID,otter c,4,1,0
,REP,Jim Risch,incumbent Governor of Idaho,2006,Governor,ID,risch j,3,0,0
,DEM,Jerry Brady,newspaper publisher and 2002 Democratic nominee for governor,2006,Governor,ID,brady j,0,0,1
,DEM,Lee Chaney,laborer,2006,Governor,ID,chaney l,0,0,0
,DEM,Butch Otter,"( Republican ), U.S. Congressman, former Lieutenant Governor of Idaho",2006,Governor,ID,otter b,4,0,0
,REP,Butch Otter,,2006,Governor,ID,otter b,0,0,0
,REP,Jack Alan Johnson,,2006,Governor,ID,johnson j,0,0,0
,REP,Walter Bayes,,2006,Governor,ID,bayes w,0,0,0
,OTH,Marvin Richardson,,2006,Governor,ID,richardson m,0,0,0
,OTH,Ted Dunlap,,2006,Governor,ID,dunlap t,0,0,0
,DEM,Rod Blagojevich,incumbent governor of Illinois,2006,Governor,IL,blagojevich r,3,0,0
,DEM,Edwin Eisendrath,former Chicago Alderman and former HUD official,2006,Governor,IL,eisendrath e,1,0,0
,DEM,Pat Quinn,incumbent lieutenant governor of Illinois,2006,Governor,IL,quinn p,3,0,0
,REP,Bill Brady,Illinois State Senator,2006,Governor,IL,brady b,2,0,0
,REP,Ron Gidwitz,businessman and former chairman of the Illinois State Board of Education,2006,Governor,IL,gidwitz r,0,0,0
,REP,Andy Martin,perennial candidate,2006,Governor,IL,martin a,0,0,0
,REP,Jim Oberweis,owner of Oberweis Dairy,2006,Governor,IL,oberweis j,0,0,0
,REP,Judy Baar Topinka,Illinois State Treasurer,2006,Governor,IL,topinka j,3,0,0
,REP,Jim Edgar,former governor,2006,Governor,IL,edgar j,3,0,0
,REP,Joe Birkett,DuPage County State's Attorney,2006,Governor,IL,birkett j,1,0,0
,REP,Lawrence Bruckner,lawyer,2006,Governor,IL,bruckner l,0,0,0
,REP,Steve Rauschenberger,member of the Illinois Senate,2006,Governor,IL,rauschenberger s,2,0,0
,REP,Sandy Wegman,Kane County Recorder,2006,Governor,IL,wegman s,0,0,0
,REP,Rod Blagojevich,"(Democratic Party), incumbent governor of Illinois",2006,Governor,IL,blagojevich r,3,0,0
,REP,citation needed,],2006,Governor,IL,needed c,0,0,0
,REP,naval reservist,.,2006,Governor,IL,reservist n,0,0,0
,REP,Libertarian Party,"), legal Scholar and Rights Defender",2006,Governor,IL,party l,0,0,0
,DEM,Pamela R. Schadow,,2006,Governor,IL,schadow p,0,0,0
,REP,Jeremy Bryan Cole,,2006,Governor,IL,cole j,0,0,0
,OTH,Rich Whitney,,2006,Governor,IL,whitney r,0,0,0
,DEM,Kathleen Sebelius,incumbent Governor of Kansas,2006,Governor,KS,sebelius k,3,0,0
,REP,Jim Barnett,"State Senator Running mate : Susan Wagle , state senator (2001–present) and former state representative (1991–2001)",2006,Governor,KS,barnett j,2,1,0
,REP,Ken R. Canfield,"author and founder of the National Center for Fathering Running mate : Kathe Decker, state representative (1993–present)",2006,Governor,KS,canfield k,2,1,0
,REP,State Representative,Running mate : Brian Shepherd,2006,Governor,KS,representative s,0,0,0
,REP,Libertarian,"nominee for Governor in 2002 Running mate : Bret D. Landrith, attorney",2006,Governor,KS,libertarian,0,0,1
,REP,Kansas House of Representatives,"Running mate : Dennis Wilson, state senator (2005–present) and former state representative (1995–1999)",2006,Governor,KS,representatives k,2,1,0
,REP,Timothy V. Pickell,attorney Running mate : Jeffrey McCalmon,2006,Governor,KS,pickell t,0,0,0
,REP,perennial candidate,Running mate : Helen Kanzig,2006,Governor,KS,candidate p,0,0,0
,REP,Susan Wagle,state senator (2001–present) and former state representative (1991–2001),2006,Governor,KS,wagle s,2,1,0
,REP,Running mate : Kathe Decker,state representative (1993–present),2006,Governor,KS,decker r,2,1,0
,REP,Running mate : Dennis Wilson,state senator (2005–present) and former state representative (1995–1999),2006,Governor,KS,wilson r,2,1,0
,REP,Robin Jennison,,2006,Governor,KS,jennison r,0,0,0
,REP,Rex Crowell,,2006,Governor,KS,crowell r,0,0,0
,REP,Dennis Hawver,,2006,Governor,KS,hawver d,0,0,0
,REP,"Richard ""Rode"" Rodewald",,2006,Governor,KS,rodewald r,0,0,0
,OTH,Carl Kramer,,2006,Governor,KS,kramer c,0,0,0
,OTH,Richard Lee Ranzau,,2006,Governor,KS,ranzau r,0,0,0
,DEM,Chris Gabrieli,businessman and lieutenant governor nominee in 2002,2006,Governor,MA,gabrieli c,3,0,0
,DEM,Deval Patrick,former assistant U.S. attorney general for Civil Rights,2006,Governor,MA,patrick d,3,0,0
,DEM,Thomas Reilly,Massachusetts attorney general,2006,Governor,MA,reilly t,3,0,0
,DEM,Deb Goldberg,former chair of the Brookline Board of Selectmen,2006,Governor,MA,goldberg d,0,0,0
,DEM,Tim Murray,mayor of Worcester,2006,Governor,MA,murray t,1,0,0
,DEM,Andrea Silbert,businesswoman,2006,Governor,MA,silbert a,0,0,0
,DEM,Sam Kelley,"MD, child, adolescent, and adult psychiatrist; medical director of the Massachusetts Society for the Prevention of Cruelty to Children; and former legislative aide to US Congressman Jim McDermott",2006,Governor,MA,kelley s,4,0,0
,DEM,Marie St. Fleur,state representative from Dorchester,2006,Governor,MA,fleur m,2,1,0
,REP,Kerry Healey,lieutenant governor of Massachusetts,2006,Governor,MA,healey k,3,0,0
,REP,Christy Mihos,businessman (running as an Independent),2006,Governor,MA,mihos c,0,0,0
,REP,Mitt Romney,incumbent governor (endorsed Healey),2006,Governor,MA,romney m,3,0,0
,REP,Reed Hillman,former state representative and Massachusetts State Police colonel,2006,Governor,MA,hillman r,2,1,0
,REP,Winchester,selectman,2006,Governor,MA,winchester,1,0,0
,REP,Deval Patrick,"former assistant U.S. attorney general for Civil Rights (Democratic) Running mate: Tim Murray , mayor of Worcester",2006,Governor,MA,patrick d,3,0,0
,REP,Grace Ross,anti-poverty and LGBT activist  (Green-Rainbow ),2006,Governor,MA,ross g,0,0,0
,REP,Tim Murray,mayor of Worcester,2006,Governor,MA,murray t,1,0,0
,REP,Running mate: Wendy Van Horne,nurse (withdrew September 1),2006,Governor,MA,horne r,0,0,0
,REP,disability rights,activist,2006,Governor,MA,rights d,0,0,0
,,All others,,2006,Governor,MA,others a,0,0,0
,OTH,Christy Mihos,,2006,Governor,MA,mihos c,0,0,0
,OTH,Grace Ross,,2006,Governor,MA,ross g,0,0,0
,DEM,Martin O'Malley,Mayor of Baltimore,2006,Governor,MD,omalley m,1,0,0
,REP,Bob Ehrlich,incumbent governor,2006,Governor,MD,ehrlich b,3,0,0
,REP,Martin O'Malley,Mayor of Baltimore (D),2006,Governor,MD,omalley m,1,0,0
,REP,Ed Boyd,temporary employment agency recruiter (G),2006,Governor,MD,boyd e,0,0,0
,OTH,Ed Boyd,,2006,Governor,MD,boyd e,0,0,0
,,Christopher Driscoll,,2006,Governor,MD,driscoll c,0,0,0
,DEM,John Baldacci,incumbent Governor of Maine,2006,Governor,ME,baldacci j,3,0,0
,DEM,Christopher Miller,internet service provider,2006,Governor,ME,miller c,0,0,0
,REP,Dave Emery,former U.S. Representative,2006,Governor,ME,emery d,4,1,0
,REP,Peter Mills,State Senator,2006,Governor,ME,mills p,2,0,0
,REP,Chandler Woodcock,State Senator,2006,Governor,ME,woodcock c,2,0,0
,OTH,Barbara Merrill,,2006,Governor,ME,merrill b,0,0,0
,OTH,Pat LaMarche,,2006,Governor,ME,lamarche p,0,0,0
,OTH,Phillip Morris Napier,,2006,Governor,ME,napier p,0,0,0
,DEM,Jennifer Granholm,incumbent Governor,2006,Governor,MI,granholm j,3,0,0
,REP,Dick DeVos,former CEO of Amway,2006,Governor,MI,devos d,0,0,0
,REP,Nancy Cassis,State Senator from Novi,2006,Governor,MI,cassis n,2,0,0
,REP,Jack Hoogendyk,State Representative from Portage,2006,Governor,MI,hoogendyk j,2,1,0
,REP,Jennifer Granholm,"incumbent Governor (Democratic) Running mate: John D. Cherry , incumbent Lieutenant Governor",2006,Governor,MI,granholm j,3,0,0
,REP,University of Michigan–Dearborn,philosophy professor,2006,Governor,MI,michigandearborn u,0,0,0
,REP,Running mate: Scott Boman,chair of the Libertarian Party of Michigan and perennial candidate,2006,Governor,MI,boman r,0,0,0
,REP,Ruth Johnson,Oakland County Clerk and former State Representative,2006,Governor,MI,johnson r,2,1,0
,REP,John D. Cherry,incumbent Lieutenant Governor,2006,Governor,MI,cherry j,3,0,0
,OTH,Greg Creswell,,2006,Governor,MI,creswell g,0,0,0
,OTH,Douglas Campbell,,2006,Governor,MI,campbell d,0,0,0
,OTH,Bhagwan Dashairya,,2006,Governor,MI,dashairya b,0,0,0
,DEM,perennial candidate,". At the DFL state convention, Savior was eliminated on the first ballot for the party endorsement, after winning just one vote out of 1,500, but he continued to seek the nomination in the primary. Savior's running mate was Dan Fischer.",2006,Governor,MN,candidate p,0,0,0
,DEM,Kelly Doran,"real estate developer . Doran withdrew his candidacy on March 24, 2006.",2006,Governor,MN,doran k,0,0,0
,DEM,Steve Kelley,"State Senator from senate district 44 since 1997, former State Representative from legislative district 44A (1993–97), and attorney . Kelley withdrew his candidacy on June 10, 2006, after failing to defeat Hatch in the endorsement fight, throwing his support behind Hatch's campaign.",2006,Governor,MN,kelley s,2,1,0
,DEM,Bud Philbrook,"former State Representative from legislative district 48B (1975–77), non-profit executive director, and attorney . Philbrook withdrew his candidacy on October 24, 2005.",2006,Governor,MN,philbrook b,2,1,0
,DEM,Pam Ellison,"2000 congressional candidate, former gubernatorial aide, and consultant. Ellison's running mate was Kari Johnson.",2006,Governor,MN,ellison p,0,0,0
,DEM,Peter Hutchinson,"former Minnesota Commissioner of Finance (1989–91), former Superintendent of Minneapolis Public Schools (1993–97), and consultant. Hutchinson won the Independence Party straw poll in March, and was endorsed at the June 24 convention. Hutchinson's running mate was physician and former University of Minnesota Board of Regents member (1997–2005) and chair (2001–03) Maureen Reed .",2006,Governor,MN,hutchinson p,3,0,0
,DEM,Mike Hatch,,2006,Governor,MN,hatch m,0,0,0
,DEM,Becky Lourey,,2006,Governor,MN,lourey b,0,0,0
,DEM,Ole Savior,,2006,Governor,MN,savior o,0,0,0
,,Peter Hutchinson,,2006,Governor,MN,hutchinson p,0,0,0
,,Pam Ellison,,2006,Governor,MN,ellison p,0,0,0
,REP,Tim Pawlenty,incumbent Governor,2006,Governor,MN,pawlenty t,3,0,0
,REP,Sue Jeffers,,2006,Governor,MN,jeffers s,0,0,0
,OTH,Ken Pentel,,2006,Governor,MN,pentel k,0,0,0
,OTH,Walt E. Brown,,2006,Governor,MN,brown w,0,0,0
,,Leslie Davis,,2006,Governor,MN,davis l,0,0,0
,REP,Dave Heineman,incumbent Governor of Nebraska,2006,Governor,NE,heineman d,3,0,0
,REP,Dave Nabity,"financial consultant,  former Young Republicans state chair",2006,Governor,NE,nabity d,0,0,0
,REP,Tom Osborne,"U.S. Congressman, former football coach",2006,Governor,NE,osborne t,4,0,0
,DEM,Glenn R. Boot Jr.,truck driver,2006,Governor,NE,boot g,0,0,0
,DEM,David Hahn,attorney and internet development company CEO,2006,Governor,NE,hahn d,0,0,0
,DEM,Barry Richards,farmer,2006,Governor,NE,richards b,0,0,0
,IND,Mort Sullivan,perennial candidate,2006,Governor,NE,sullivan m,0,0,0
,,Barry Richards,,2006,Governor,NE,richards b,0,0,0
,DEM,John Lynch,incumbent Governor of New Hampshire,2006,Governor,NH,lynch j,3,0,0
,REP,Jim Coburn,New Hampshire State Representative,2006,Governor,NH,coburn j,2,1,0
,OTH,Richard Kahn (write-in),,2006,Governor,NH,writein r,0,0,0
,DEM,Bill Richardson,incumbent governor of New Mexico,2006,Governor,NM,richardson b,3,0,0
,REP,James R. Damron,physician,2006,Governor,NM,damron j,0,0,0
,REP,George Brent Bailey Jr.,educator and minister,2006,Governor,NM,bailey g,0,0,0
,REP,Bill Richardson,"( Democrat ), incumbent governor of New Mexico",2006,Governor,NM,richardson b,3,0,0
,REP,John Dendahl,"( Republican ), former chair of the Republican Party of New Mexico",2006,Governor,NM,dendahl j,0,0,0
,DEM,Anselmo A. Chávez (write-in),,2006,Governor,NM,writein a,0,0,0
,REP,George Bailey (write-in),,2006,Governor,NM,writein g,0,0,0
,DEM,Dina Titus,Minority Leader of the Nevada Senate,2006,Governor,NV,titus d,2,0,0
,DEM,James B. Gibson,Mayor of Henderson,2006,Governor,NV,gibson j,1,0,0
,DEM,Leola McConnell,liberal activist,2006,Governor,NV,mcconnell l,0,0,0
,REP,Bob Beers,Nevada State Senator,2006,Governor,NV,beers b,2,0,0
,REP,Jim Gibbons,U.S. Representative from Nevada's 2nd congressional district and nominee in 1994,2006,Governor,NV,gibbons j,4,1,0
,REP,Lorraine Hunt,Lieutenant Governor of Nevada,2006,Governor,NV,hunt l,3,0,0
,REP,"Melody ""Mimi Miyagi"" Damayo",former adult film actress,2006,Governor,NV,damayo m,0,0,0
,,None of These Candidates,,2006,Governor,NV,candidates n,0,0,0
,REP,Stan Lusak,,2006,Governor,NV,lusak s,0,0,0
,OTH,Christopher H. Hansen,,2006,Governor,NV,hansen c,0,0,0
,OTH,Craig Bergland,,2006,Governor,NV,bergland c,0,0,0
,REP,John Faso,"former New York Assembly minority leader (1998–2002) and Republican nominee for Comptroller in 2002 Running mate: C. Scott Vanderhoef, Rockland County Executive",2006,Governor,NY,faso j,2,0,1
,REP,Running mate: C. Scott Vanderhoef,Rockland County Executive,2006,Governor,NY,vanderhoef r,1,0,0
,REP,Randy Daniels,Secretary of the State of New York,2006,Governor,NY,daniels r,0,0,0
,REP,Patrick R. Manning,Assemblyman from Dutchess County,2006,Governor,NY,manning p,0,0,0
,REP,Bill Weld,former Governor of Massachusetts (following loss at convention),2006,Governor,NY,weld b,3,0,0
,REP,Tom Golisano,"businessman and Independence Party nominee for Governor in 1994, 1998, and 2002",2006,Governor,NY,golisano t,0,0,1
,REP,George Pataki,"incumbent Governor since 1995 (declined on July 27, 2005)",2006,Governor,NY,pataki g,3,0,0
,REP,Donald Trump,president of the Trump Organization and host of The Apprentice (Democratic Party; endorsed Eliot Spitzer),2006,Governor,NY,trump d,0,0,0
,DEM,Eliot Spitzer,"Attorney General of New York (1999–2006) Running mate: David Paterson , New York Senate minority leader",2006,Governor,NY,spitzer e,3,0,0
,DEM,Tom Suozzi,Nassau County Executive,2006,Governor,NY,suozzi t,1,0,0
,DEM,David Paterson,New York Senate minority leader,2006,Governor,NY,paterson d,2,0,0
,DEM,Maura DeLuca,activist (Socialist Workers) Running mate: Ben O'Shaughnessy,2006,Governor,NY,deluca m,0,0,0
,DEM,John Faso,"former Minority Leader of the New York Assembly (Republican and Conservative) Running mate: C. Scott Vanderhoef, Rockland County Executive",2006,Governor,NY,faso j,2,0,0
,DEM,Phoebe Legere,singer and host of Roulette TV (Integrity) Running mate: Nancy Beattie,2006,Governor,NY,legere p,0,0,0
,DEM,Malachy McCourt,"author, actor, talk radio host, and brother of Frank McCourt (Green) Running mate: Alison Duncan",2006,Governor,NY,mccourt m,0,0,0
,DEM,Jimmy McMillan,"Vietnam War veteran, former letter carrier, and candidate for mayor of New York City in 2005  (Rent is Too High) Running mate: None",2006,Governor,NY,mcmillan j,0,0,1
,DEM,Running mate: C. Scott Vanderhoef,Rockland County Executive,2006,Governor,NY,vanderhoef r,1,0,0
,DEM,Creative Commons Attribution-ShareAlike 4.0 License,";
additional terms may apply. By using this site, you agree to the Terms of Use and Privacy Policy . Wikipedia® is a registered trademark of the Wikimedia Foundation, Inc. , a non-profit organization.",2006,Governor,NY,license c,0,0,0
,DEM,Bryan Flannery,former State Representative and nominee for Ohio Secretary of State in 2002,2006,Governor,OH,flannery b,2,1,1
,DEM,Ted Strickland,U.S. Representative,2006,Governor,OH,strickland t,4,1,0
,REP,Ken Blackwell,Ohio Secretary of State and nominee for OH-01 in 1990,2006,Governor,OH,blackwell k,3,0,1
,REP,Jim Petro,Attorney General of Ohio,2006,Governor,OH,petro j,3,0,0
,OTH,Bill Peirce,,2006,Governor,OH,peirce b,0,0,0
,OTH,Bob Fitrakis,,2006,Governor,OH,fitrakis b,0,0,0
,DEM,Brad Henry,incumbent governor of Oklahoma,2006,Governor,OK,henry b,3,0,0
,DEM,Andrew W. Marr,Jr.,2006,Governor,OK,marr a,0,0,0
,REP,Ernest Istook,U.S. congressman,2006,Governor,OK,istook e,4,0,0
,REP,Bob Sullivan,former Oklahoma Secretary of Energy,2006,Governor,OK,sullivan b,0,0,0
,REP,James A. Williamson,Oklahoma state senator,2006,Governor,OK,williamson j,2,0,0
,REP,Jim Evanoff,,2006,Governor,OK,evanoff j,0,0,0
,DEM,Jim Hill,"former Oregon State Treasurer , 2002 Democratic candidate for Governor of Oregon",2006,Governor,OR,hill j,3,0,1
,DEM,Ted Kulongoski,incumbent Governor of Oregon,2006,Governor,OR,kulongoski t,3,0,0
,DEM,Peter Sorenson,Lane County Commissioner,2006,Governor,OR,sorenson p,1,0,0
,REP,Jason Atkinson,Oregon State Senator,2006,Governor,OR,atkinson j,2,0,0
,REP,Bob Leonard Forthan,perennial candidate,2006,Governor,OR,forthan b,0,0,0
,REP,Kevin Mannix,"former Oregon State Representative , 2002 Republican nominee for Governor of Oregon",2006,Governor,OR,mannix k,2,1,1
,REP,Ron Saxton,former chair of the Portland Public Schools Board,2006,Governor,OR,saxton r,0,0,0
,DEM,Ted Kulongoski (inc.),,2006,Governor,OR,inc t,0,0,0
,REP,W. Ames Curtright,,2006,Governor,OR,curtright w,0,0,0
,REP,Gordon Leitch,,2006,Governor,OR,leitch g,0,0,0
,REP,William E. Spidal,,2006,Governor,OR,spidal w,0,0,0
,REP,David W. Beem,,2006,Governor,OR,beem d,0,0,0
,OTH,Mary Starrett,,2006,Governor,OR,starrett m,0,0,0
,,Pacific Green,,2006,Governor,OR,green p,0,0,0
,OTH,Richard Morley,,2006,Governor,OR,morley r,0,0,0
,REP,Lynn Swann,Pittsburgh Steelers Hall-of Fame wide receiver and chairman of the President's Council on Physical Fitness and Sports,2006,Governor,PA,swann l,0,0,0
,REP,Jim Panyard,former president of the Pennsylvania Manufacturers Association,2006,Governor,PA,panyard j,0,0,0
,REP,Jeff Piccola,Majority Whip of the Pennsylvania State Senate from Susquehanna Township,2006,Governor,PA,piccola j,2,0,0
,REP,William Scranton III,former lieutenant governor and the 1986 nominee,2006,Governor,PA,scranton w,3,0,0
,REP,Jane Earll,state senator from Erie County and nominee for lieutenant governor in 2002,2006,Governor,PA,earll j,2,0,1
,REP,Pat Toomey,former U.S. representative from Allentown and candidate for U.S. Senate in 2004,2006,Governor,PA,toomey p,4,1,1
,REP,Mark Schweiker,former governor,2006,Governor,PA,schweiker m,3,0,0
,REP,Melissa Hart,U.S. representative from Pittsburgh (ran for re-election),2006,Governor,PA,hart m,4,1,0
,REP,Rick Santorum,U.S. senator (ran for re-election),2006,Governor,PA,santorum r,4,0,0
,REP,Bruce Castor,District Attorney of Montgomery County and candidate for attorney general in 2004,2006,Governor,PA,castor b,1,0,1
,REP,Ed Rendell,incumbent governor of Pennsylvania (Democratic),2006,Governor,PA,rendell e,3,0,0
,REP,Jim Matthews,Montgomery County Commissioner and brother of Chris Matthews,2006,Governor,PA,matthews j,1,0,0
,REP,Attorney General,nominee  (Green),2006,Governor,PA,general a,0,0,0
,REP,Butler County,Constitution Party (Constitution),2006,Governor,PA,county b,0,0,0
,REP,Russ Diamond,"2005 General Assembly pay raise whistleblower (Independent)  Running mate: Tom Lingenfelter, former Republican state committeeman and perennial candidate",2006,Governor,PA,diamond r,2,0,0
,REP,Running mate: Tom Lingenfelter,former Republican state committeeman and perennial candidate,2006,Governor,PA,lingenfelter r,0,0,0
,DEM,Ed Rendell,incumbent Governor,2006,Governor,PA,rendell e,3,0,0
,REP,Donald Carcieri,incumbent governor of Rhode Island,2006,Governor,RI,carcieri d,3,0,0
,DEM,Charles Fogarty,"Lieutenant Governor of Rhode Island , former Rhode Island state senator",2006,Governor,RI,fogarty c,3,0,0
,DEM,Tommy Moore,,2006,Governor,SC,moore t,0,0,0
,DEM,Frank Willis,,2006,Governor,SC,willis f,0,0,0
,DEM,C. Dennis Aughtry,,2006,Governor,SC,aughtry c,0,0,0
,REP,Mark Sanford,incumbent Governor,2006,Governor,SC,sanford m,3,0,0
,REP,Oscar Lovelace,,2006,Governor,SC,lovelace o,0,0,0
,DEM,Jack Billion,former South Dakota State Representative,2006,Governor,SD,billion j,2,1,0
,DEM,Dennis Weise,president of the South Dakota Farmers Union,2006,Governor,SD,weise d,0,0,0
,REP,Mike Rounds,incumbent Governor of South Dakota,2006,Governor,SD,rounds m,3,0,0
,OTH,Steven J. Willis,,2006,Governor,SD,willis s,0,0,0
,OTH,Tom Gerber,,2006,Governor,SD,gerber t,0,0,0
,DEM,Phil Bredesen,incumbent governor of Tennessee,2006,Governor,TN,bredesen p,3,0,0
,DEM,John Jay Hooker,perennial candidate,2006,Governor,TN,hooker j,0,0,0
,REP,Jim Bryson,state senator,2006,Governor,TN,bryson j,2,0,0
,DEM,Tim Sevier,,2006,Governor,TN,sevier t,0,0,0
,DEM,Walt Ward,,2006,Governor,TN,ward w,0,0,0
,REP,David M. Farmer,,2006,Governor,TN,farmer d,0,0,0
,REP,Joe Kirkpatrick,,2006,Governor,TN,kirkpatrick j,0,0,0
,REP,Mark Albertini,,2006,Governor,TN,albertini m,0,0,0
,REP,Wayne Thomas Bailey,,2006,Governor,TN,bailey w,0,0,0
,REP,Wayne Young,,2006,Governor,TN,young w,0,0,0
,REP,Timothy Thomas,,2006,Governor,TN,thomas t,0,0,0
,OTH,Carl Two Feathers Whitaker,,2006,Governor,TN,whitaker c,0,0,0
,OTH,George Banks,,2006,Governor,TN,banks g,0,0,0
,OTH,Charles E. Smith,,2006,Governor,TN,smith c,0,0,0
,OTH,Howard W. Switzer,,2006,Governor,TN,switzer h,0,0,0
,OTH,David Gatchell,,2006,Governor,TN,gatchell d,0,0,0
,OTH,Marivuana Stout Leinoff,,2006,Governor,TN,leinoff m,0,0,0
,REP,Larry Kilgore,advocate for Texas secession,2006,Governor,TX,kilgore l,0,0,0
,REP,Rick Perry,incumbent governor since 2000,2006,Governor,TX,perry r,3,0,0
,REP,Carole Keeton Strayhorn,"Texas Comptroller and former Railroad Commissioner and mayor of Austin ( withdrew December 2005, ran as independent )",2006,Governor,TX,strayhorn c,1,0,0
,REP,Kay Bailey Hutchison,U.S. senator since 1993 ( ran for re-election ),2006,Governor,TX,hutchison k,4,0,0
,DEM,Chris Bell,former U.S. representative from Houston and member of the Houston City Council,2006,Governor,TX,bell c,4,1,0
,DEM,Bob Gammage,former justice of the Texas Supreme Court and U.S. representative from Houston,2006,Governor,TX,gammage b,4,1,0
,DEM,Kinky Friedman,country singer and mystery author (Independent),2006,Governor,TX,friedman k,0,0,0
,DEM,Rick Perry,incumbent governor since 2001 (Republican),2006,Governor,TX,perry r,3,0,0
,DEM,Carole Keeton Strayhorn,Texas Comptroller and former Railroad Commissioner and mayor of Austin (Independent),2006,Governor,TX,strayhorn c,1,0,0
,DEM,James Werner,sales consultant and candidate for U.S. House in 2004  (Libertarian),2006,Governor,TX,werner j,0,0,1
,REP,Rhett Smith,,2006,Governor,TX,smith r,0,0,0
,REP,Star Locke,,2006,Governor,TX,locke s,0,0,0
,DEM,Rashad Jafer,,2006,Governor,TX,jafer r,0,0,0
,OTH,Carole Keeton Strayhorn,,2006,Governor,TX,strayhorn c,0,0,0
,OTH,"Richard ""Kinky"" Friedman",,2006,Governor,TX,friedman r,0,0,0
,OTH,James Werner,,2006,Governor,TX,werner j,0,0,0
,,Margin of victory,,2006,Governor,TX,victory m,0,0,0
,DEM,Scudder Parker,"former Democratic Party Chair, state senator, minister and director of energy efficiency at the Vermont Department of Public Service. Began campaigning in late 2005 and subsequently won the Democratic nomination when no other Democrat filed by the July 16, 2006 deadline.  His fundraising efforts resulted in $110,000 in donations in the month of July 2006.",2006,Governor,VT,parker s,2,0,0
,REP,Jim Douglas,incumbent Governor of Vermont,2006,Governor,VT,douglas j,3,0,0
,REP,Robert Skold,website publisher,2006,Governor,VT,skold r,0,0,0
,OTH,Cris Ericson,,2006,Governor,VT,ericson c,0,0,0
,OTH,Jim Hogue,,2006,Governor,VT,hogue j,0,0,0
,OTH,Benjamin Clarke,,2006,Governor,VT,clarke b,0,0,0
,,Liberty Union,,2006,Governor,VT,union l,0,0,0
,DEM,Jim Doyle,incumbent Governor of Wisconsin,2006,Governor,WI,doyle j,3,0,0
,DEM,Barbara Lawton,incumbent lieutenant governor,2006,Governor,WI,lawton b,3,0,0
,REP,Mark Green,U.S. Representative from the 8th district,2006,Governor,WI,green m,4,1,0
,REP,Scott Walker,Milwaukee County Executive and former State Representative,2006,Governor,WI,walker s,2,1,0
,REP,Tommy Thompson,former governor (1987–2001) and former U.S. Secretary of Health and Human Services (2001–2005),2006,Governor,WI,thompson t,4,0,0
,REP,Jean Hundertmark,member of Wisconsin State Assembly for the 40th district,2006,Governor,WI,hundertmark j,2,0,0
,REP,Nick Voegeli,,2006,Governor,WI,voegeli n,0,0,0
,OTH,Nelson Eisman,,2006,Governor,WI,eisman n,0,0,0
,OTH,Leon Todd,,2006,Governor,WI,todd l,0,0,0
,DEM,Dave Freudenthal,incumbent Governor of Wyoming,2006,Governor,WY,freudenthal d,3,0,0
,DEM,Al Hamburg,perennial candidate,2006,Governor,WY,hamburg a,0,0,0
,REP,Ray Hunkins,attorney and rancher,2006,Governor,WY,hunkins r,0,0,0
,REP,John H. Self,,2006,Governor,WY,self j,0,0,0
,DEM,Jack Markell,Delaware state treasurer,2008,Governor,DE,markell j,3,0,0
,REP,Bill Lee,former Delaware Superior Court justice and nominee for governor in 2004,2008,Governor,DE,lee b,0,0,1
,IND,Jeffrey Brown,bartender and party founder,2008,Governor,DE,brown j,0,0,0
,DEM,John Carney,,2008,Governor,DE,carney j,0,0,0
,REP,Michael Protack,,2008,Governor,DE,protack m,0,0,0
,,Blue Enigma,,2008,Governor,DE,enigma b,0,0,0
,DEM,Jill Long Thompson,,2008,Governor,IN,thompson j,0,0,0
,DEM,Jim Schellinger,,2008,Governor,IN,schellinger j,0,0,0
,REP,Mitch Daniels,incumbent Governor,2008,Governor,IN,daniels m,3,0,0
,OTH,Andy Horning,,2008,Governor,IN,horning a,0,0,0
,,No party,,2008,Governor,IN,party n,0,0,0
,REP,Kenny Hulshof,,2008,Governor,MO,hulshof k,0,0,0
,REP,Sarah Steelman,,2008,Governor,MO,steelman s,0,0,0
,REP,Scott Long,,2008,Governor,MO,long s,0,0,0
,REP,Jen Sievers,,2008,Governor,MO,sievers j,0,0,0
,DEM,Jay Nixon,,2008,Governor,MO,nixon j,0,0,0
,DEM,Daniel Carroll,,2008,Governor,MO,carroll d,0,0,0
,OTH,Andrew Finkenstadt,,2008,Governor,MO,finkenstadt a,0,0,0
,OTH,Gregory Thompson,,2008,Governor,MO,thompson g,0,0,0
,DEM,Brian Schweitzer,"incumbent governor of Montana, 2000 U.S. Senate nominee and rancher John Bohlinger , incumbent lieutenant governor of Montana and former Republican member of the Montana House of Representatives and Montana Senate",2008,Governor,MT,schweitzer b,4,1,0
,DEM,logging,"industry in Lakeside, Montana Steve White, small business owner in the telecommunications industry in Kalispell, Montana",2008,Governor,MT,logging,0,0,0
,DEM,Great Falls,"native, history teacher at Capital High School",2008,Governor,MT,falls g,0,0,0
,DEM,John Bohlinger,incumbent lieutenant governor of Montana and former Republican member of the Montana House of Representatives and Montana Senate,2008,Governor,MT,bohlinger j,3,1,0
,DEM,telecommunications,"industry in Kalispell, Montana",2008,Governor,MT,telecommunications,0,0,0
,REP,Roy Brown,"businessman, member of the Montana Senate and former Majority Leader of the Montana House of Representatives Steve Daines , businessman",2008,Governor,MT,brown r,2,1,0
,REP,Great Falls,and 2006 candidate for the Montana House of Representatives Harold Luce,2008,Governor,MT,falls g,0,1,1
,REP,Steve Daines,businessman,2008,Governor,MT,daines s,0,0,0
,REP,Stan Jones,business consultant and United States Air Force veteran Michael Baker,2008,Governor,MT,jones s,0,0,0
,DEM,William Fischer,,2008,Governor,MT,fischer w,0,0,0
,DEM,Donald Pogreba,,2008,Governor,MT,pogreba d,0,0,0
,REP,Larry Steele,,2008,Governor,MT,steele l,0,0,0
,OTH,Stan Jones,,2008,Governor,MT,jones s,0,0,0
,DEM,Richard H. Moore,State Treasurer,2008,Governor,NC,moore r,3,0,0
,DEM,Dennis Nielsen,Retired USAF Colonel,2008,Governor,NC,nielsen d,0,0,0
,DEM,Bev Perdue,Lieutenant Governor of North Carolina,2008,Governor,NC,perdue b,3,0,0
,REP,Salisbury,attorney and head of conservative group,2008,Governor,NC,salisbury,0,0,0
,REP,Pat McCrory,Mayor of Charlotte ( re-elected in 2007 ),2008,Governor,NC,mccrory p,1,0,0
,REP,Robert F. Orr,former state Supreme Court Associate Justice,2008,Governor,NC,orr r,0,0,0
,REP,Elbie Powers,"farmer, crop duster,  vice president of NC Pecan Growers Association",2008,Governor,NC,powers e,0,0,0
,REP,Fred Smith,North Carolina state senator,2008,Governor,NC,smith f,2,0,0
,REP,Bill Graham,,2008,Governor,NC,graham b,0,0,0
,OTH,Michael C. Munger,,2008,Governor,NC,munger m,0,0,0
,REP,John Hoeven,Governor of North Dakota,2008,Governor,ND,hoeven j,3,0,0
,REP,Running mate,": Jack Dalrymple , Lieutenant Governor of North Dakota",2008,Governor,ND,mate r,3,0,0
,DEM,Tim Mathern,State Senator,2008,Governor,ND,mathern t,2,0,0
,DEM,Merle Boucher,State Representative,2008,Governor,ND,boucher m,2,1,0
,OTH,DuWayne Hendrickson,,2008,Governor,ND,hendrickson d,0,0,0
,DEM,John Lynch,incumbent governor of New Hampshire,2008,Governor,NH,lynch j,3,0,0
,REP,Joseph Kenney,New Hampshire state senator,2008,Governor,NH,kenney j,2,0,0
,DEM,Kathryn Forry,,2008,Governor,NH,forry k,0,0,0
,OTH,Susan Newell,,2008,Governor,NH,newell s,0,0,0
,REP,"Jon Huntsman, Jr.",incumbent governor,2008,Governor,UT,huntsman j,3,0,0
,DEM,Bob Springmeyer,businessman,2008,Governor,UT,springmeyer b,0,0,0
,DEM,Dell Schanze,businessman,2008,Governor,UT,schanze d,0,0,0
,OTH,Dell Schanze,,2008,Governor,UT,schanze d,0,0,0
,,Bob Doughton,,2008,Governor,UT,doughton b,0,0,0
,REP,Jim Douglas,incumbent Governor,2008,Governor,VT,douglas j,3,0,0
,OTH,Anthony Pollina,,2008,Governor,VT,pollina a,0,0,0
,DEM,Gaye Symington,,2008,Governor,VT,symington g,0,0,0
,OTH,Tony O'Connor,,2008,Governor,VT,oconnor t,0,0,0
,OTH,Sam Young,,2008,Governor,VT,young s,0,0,0
,,Liberty Union,,2008,Governor,VT,union l,0,0,0
,OTH,Cris Ericson,,2008,Governor,VT,ericson c,0,0,0
,,Christine Gregoire,,2008,Governor,WA,gregoire c,0,0,0
,,Dino Rossi,,2008,Governor,WA,rossi d,0,0,0
,,Will Baker,,2008,Governor,WA,baker w,0,0,0
,,Duff Badgley,,2008,Governor,WA,badgley d,0,0,0
,,John W. Aiken Jr.,,2008,Governor,WA,aiken j,0,0,0
,,Christian Pierre Joubert,,2008,Governor,WA,joubert c,0,0,0
,,Chris Tudor,,2008,Governor,WA,tudor c,0,0,0
,,Javier O. Lopez,,2008,Governor,WA,lopez j,0,0,0
,,Mohammad Hasan Said,,2008,Governor,WA,said m,0,0,0
,,James White,,2008,Governor,WA,white j,0,0,0
,DEM,Christine Gregoire,,2008,Governor,WA,gregoire c,0,0,0
,REP,Dino Rossi,,2008,Governor,WA,rossi d,0,0,0
,REP,John W. Aiken Jr.,,2008,Governor,WA,aiken j,0,0,0
,DEM,Christian Pierre Joubert,,2008,Governor,WA,joubert c,0,0,0
,OTH,James White,,2008,Governor,WA,white j,0,0,0
,OTH,Duff Badgley,,2008,Governor,WA,badgley d,0,0,0
,OTH,Christopher A. Tudor,,2008,Governor,WA,tudor c,0,0,0
,OTH,Will Baker,,2008,Governor,WA,baker w,0,0,0
,REP,Javier O. Lopez,,2008,Governor,WA,lopez j,0,0,0
,OTH,Mohammad Hasan Said,,2008,Governor,WA,said m,0,0,0
,DEM,Joe Manchin,incumbent Governor,2008,Governor,WV,manchin j,3,0,0
,DEM,Mel Kessler,,2008,Governor,WV,kessler m,0,0,0
,REP,Russ Weeks,,2008,Governor,WV,weeks r,0,0,0
,,Jesse Johnson,,2008,Governor,WV,johnson j,0,0,0
,,Margin of victory,,2008,Governor,WV,victory m,0,0,0
,REP,Sarah Palin,former Governor,2010,Governor,AK,palin s,3,0,0
,REP,Ted Stevens,former U.S. Senator & U.S. Attorney (ran for 2014 U.S. Senate election ),2010,Governor,AK,stevens t,4,0,0
,REP,John Harris,"former Speaker of the Alaska House of Representatives, announced in January 2010 that he would be seeking re-election to his House seat instead",2010,Governor,AK,harris j,2,1,0
,DEM,Don Wright,bush pilot,2010,Governor,AK,wright d,0,0,0
,DEM,Diane Benson,who ran for Governor in 1998 on the Green Party ticket.,2010,Governor,AK,benson d,0,0,0
,DEM,radio talk show,host,2010,Governor,AK,show r,0,0,0
,DEM,Craig Campbell,"(Republican), incumbent (withdrew April 2010)",2010,Governor,AK,campbell c,0,0,0
,DEM,Anchorage,taxicab driver who was involved with a taxi deregulation ballot issue in 2008,2010,Governor,AK,anchorage,0,0,0
,DEM,Jay Ramras,"(Republican), Fairbanks businessman and member of the Alaska House",2010,Governor,AK,ramras j,2,0,0
,REP,Sean Parnell,incumbent Governor,2010,Governor,AK,parnell s,3,0,0
,REP,Bill Walker,,2010,Governor,AK,walker b,0,0,0
,REP,Ralph Samuels,,2010,Governor,AK,samuels r,0,0,0
,REP,Sam Little,,2010,Governor,AK,little s,0,0,0
,REP,Merica Hlatcu,,2010,Governor,AK,hlatcu m,0,0,0
,REP,Gerald L. Heikes,,2010,Governor,AK,heikes g,0,0,0
,DEM,Ethan Berkowitz,,2010,Governor,AK,berkowitz e,0,0,0
,DEM,Hollis French,,2010,Governor,AK,french h,0,0,0
,,Don Wright,,2010,Governor,AK,wright d,0,0,0
,OTH,William Toien,,2010,Governor,AK,toien w,0,0,0
,OTH,Billy Toien,,2010,Governor,AK,toien b,0,0,0
,REP,Robert J. Bentley,state representative,2010,Governor,AL,bentley r,2,1,0
,REP,Bradley Byrne,"former state two-year college chancellor , former state senator and former member of the Alabama State Board of Education",2010,Governor,AL,byrne b,2,0,0
,REP,Tim James,"businessman, son of former Governor Fob James and candidate for governor in 2002",2010,Governor,AL,james t,3,0,1
,REP,Birmingham,City Councilman,2010,Governor,AL,birmingham,1,0,0
,REP,Roy Moore,former Chief Justice of the Alabama Supreme Court and candidate for governor in 2006,2010,Governor,AL,moore r,0,0,1
,REP,James Potts,perennial candidate,2010,Governor,AL,potts j,0,0,0
,REP,Charles Taylor,perennial candidate,2010,Governor,AL,taylor c,0,0,0
,DEM,Ron Sparks,Alabama Commissioner of Agriculture and Industries,2010,Governor,AL,sparks r,3,0,0
,DEM,Artur Davis,U.S. Representative,2010,Governor,AL,davis a,4,1,0
,REP,Bill Johnson,,2010,Governor,AL,johnson b,0,0,0
,DEM,Mike Beebe,incumbent governor,2010,Governor,AR,beebe m,3,0,0
,REP,Jim Keet,former state senator,2010,Governor,AR,keet j,2,0,0
,REP,Jim Lendall,former state representative and 2006 gubernatorial nominee,2010,Governor,AR,lendall j,2,1,0
,OTH,Jim Lendall,,2010,Governor,AR,lendall j,0,0,0
,DEM,Terry Goddard,"State Attorney General ,  former mayor of Phoenix , nominee for governor in 1990 , and candidate in 1994",2010,Governor,AZ,goddard t,3,0,1
,DEM,Neil Giuliano,former mayor of Tempe,2010,Governor,AZ,giuliano n,1,0,0
,DEM,Phil Gordon,Mayor of Phoenix,2010,Governor,AZ,gordon p,1,0,0
,REP,Jan Brewer,incumbent governor,2010,Governor,AZ,brewer j,3,0,0
,REP,Dean Martin,"Arizona State Treasurer (dropped out on July 9, 2010, and endorsed Brewer)",2010,Governor,AZ,martin d,3,0,0
,REP,National Rifle Association of America,"Board of Directors (dropped out on July 13, 2010)",2010,Governor,AZ,america n,0,0,0
,REP,Joe Arpaio,Maricopa County Sheriff,2010,Governor,AZ,arpaio j,1,0,0
,REP,J.D. Hayworth,former U.S. Representative,2010,Governor,AZ,hayworth j,4,1,0
,REP,Paradise Valley,(ran for Congress),2010,Governor,AZ,valley p,0,0,0
,REP,Fife Symington,former governor of Arizona,2010,Governor,AZ,symington f,3,0,0
,REP,Jan Brewer (R),incumbent governor,2010,Governor,AZ,r j,3,0,0
,REP,Terry Goddard (D),attorney general,2010,Governor,AZ,d t,3,0,0
,REP,Buz Mills*,,2010,Governor,AZ,mills b,0,0,0
,REP,Matthew Jette,,2010,Governor,AZ,jette m,0,0,0
,OTH,Barry Hess,,2010,Governor,AZ,hess b,0,0,0
,OTH,Bruce Olsen,,2010,Governor,AZ,olsen b,0,0,0
,OTH,Ronald Cavanaugh,,2010,Governor,AZ,cavanaugh r,0,0,0
,OTH,Alvin Ray Yount,,2010,Governor,AZ,yount a,0,0,0
,DEM,Samuel Pearson Goddard III,,2010,Governor,AZ,goddard s,0,0,0
,OTH,Larry Gist,,2010,Governor,AZ,gist l,0,0,0
,REP,Bill Chambers,railroad switchman,2010,Governor,CA,chambers b,0,0,0
,REP,Douglas Hughes,retired business owner,2010,Governor,CA,hughes d,0,0,0
,REP,Ken Miller,former broadcast manager,2010,Governor,CA,miller k,0,0,0
,REP,Lawrence Naritelli,accountant and controller,2010,Governor,CA,naritelli l,0,0,0
,REP,Robert Newman,psychologist and farmer,2010,Governor,CA,newman r,0,0,0
,REP,Steve Poizner,businessman and then- California Insurance Commissioner,2010,Governor,CA,poizner s,0,0,0
,REP,Meg Whitman,"businesswoman, former CEO of eBay",2010,Governor,CA,whitman m,0,0,0
,DEM,Richard Aguirre,businessman,2010,Governor,CA,aguirre r,0,0,0
,DEM,Jerry Brown,incumbent California Attorney General and former Governor of California,2010,Governor,CA,brown j,3,0,0
,DEM,Lowell Darling,independent artist,2010,Governor,CA,darling l,0,0,0
,DEM,Vibert Greene,mechanical engineer and CEO,2010,Governor,CA,greene v,0,0,0
,DEM,Charles Pineda,parole board judge,2010,Governor,CA,pineda c,1,0,0
,DEM,Peter Schurman,non-profit organization consultant who dropped out of the race,2010,Governor,CA,schurman p,0,0,0
,DEM,Joe Symmon,president of a non-profit organization,2010,Governor,CA,symmon j,0,0,0
,DEM,John Garamendi,incumbent California Lieutenant Governor and former California Insurance Commissioner ( ran for U.S. Congress ),2010,Governor,CA,garamendi j,3,0,0
,DEM,Gavin Newsom,Mayor of San Francisco ( ran for Lieutenant Governor ),2010,Governor,CA,newsom g,1,0,0
,DEM,Dianne Feinstein,U.S. Senator,2010,Governor,CA,feinstein d,4,0,0
,DEM,Antonio Villaraigosa,Mayor of Los Angeles,2010,Governor,CA,villaraigosa a,1,0,0
,IND,Chelene Nightingale,business owner,2010,Governor,CA,nightingale c,0,0,0
,IND,Markham Robinson,owner of a software firm,2010,Governor,CA,robinson m,0,0,0
,IND,S. Deacon Alexander,student,2010,Governor,CA,alexander s,0,0,0
,IND,Laura Wells,financial systems consultant,2010,Governor,CA,wells l,0,0,0
,IND,Jordan Llamas,Doctor of Psychology and Political Science,2010,Governor,CA,llamas j,0,0,0
,IND,Dale Ogden,business consultant and actuary,2010,Governor,CA,ogden d,0,0,0
,IND,Carlos Alvarez,retail worker,2010,Governor,CA,alvarez c,0,0,0
,IND,Mohammad Arif,businessman,2010,Governor,CA,arif m,0,0,0
,REP,David Tully-Smith,,2010,Governor,CA,tullysmith d,0,0,0
,REP,Steven Paul Mozena (write-in),,2010,Governor,CA,writein s,0,0,0
,DEM,Nadia B. Smalley (write-in),,2010,Governor,CA,writein n,0,0,0
,,American Independent,,2010,Governor,CA,independent a,0,0,0
,,Peace and Freedom,,2010,Governor,CA,freedom p,0,0,0
,DEM,John Hickenlooper,Mayor of Denver,2010,Governor,CO,hickenlooper j,1,0,0
,DEM,Bill Ritter,incumbent Governor,2010,Governor,CO,ritter b,3,0,0
,DEM,Ken Salazar,United States Secretary of the Interior and former U.S. Senator,2010,Governor,CO,salazar k,4,0,0
,DEM,Andrew Romanoff,former Speaker of the Colorado House of Representatives (ran for U.S. Senate ),2010,Governor,CO,romanoff a,2,1,0
,REP,Dan Maes,businessman,2010,Governor,CO,maes d,0,0,0
,REP,Scott McInnis,former U.S. Representative,2010,Governor,CO,mcinnis s,4,1,0
,REP,John Suthers,Colorado Attorney General,2010,Governor,CO,suthers j,3,0,0
,REP,Josh Penry,State Senator,2010,Governor,CO,penry j,2,0,0
,REP,Tom Tancredo,former U.S. Representative,2010,Governor,CO,tancredo t,4,1,0
,REP,Tom Tancredo (ACP),former Republican U.S. Representative,2010,Governor,CO,acp t,4,1,0
,REP,Pat Miller,former State Representative and nominee for CO-02 in 1994 and 1996,2010,Governor,CO,miller p,2,1,1
,REP,John Hickenlooper (D),Mayor of Denver,2010,Governor,CO,d j,1,0,0
,REP,Joseph Garcia,Colorado State University-Pueblo President,2010,Governor,CO,garcia j,0,0,0
,REP,Dan Maes (R),businessman,2010,Governor,CO,r d,0,0,0
,REP,Tambor Williams,former State Representative,2010,Governor,CO,williams t,2,1,0
,OTH,Jaimes Brown,,2010,Governor,CO,brown j,0,0,0
,OTH,Dan Sallis,,2010,Governor,CO,sallis d,0,0,0
,OTH,Tom Tancredo,,2010,Governor,CO,tancredo t,0,0,0
,OTH,Jason R. Clark,,2010,Governor,CO,clark j,0,0,0
,OTH,Paul Noel Fiorino,,2010,Governor,CO,fiorino p,0,0,0
,REP,Michael Fedele,incumbent lieutenant governor,2010,Governor,CT,fedele m,3,0,0
,REP,Thomas C. Foley,former United States Ambassador to Ireland,2010,Governor,CT,foley t,0,0,0
,REP,Oz Griebel,president and CEO of the MetroHartford Alliance,2010,Governor,CT,griebel o,0,0,0
,REP,Jodi Rell,incumbent governor,2010,Governor,CT,rell j,3,0,0
,REP,Kevin J. O'Connor,former U.S. Attorney for the District of Connecticut,2010,Governor,CT,oconnor k,0,0,0
,REP,"Lawrence F. ""Larry"" Cafero",State House Republican Leader,2010,Governor,CT,cafero l,2,0,0
,REP,Chris Shays,former U.S. Representative,2010,Governor,CT,shays c,4,1,0
,REP,John P. McKinney,State Senate Republican Leader,2010,Governor,CT,mckinney j,2,0,0
,REP,Newington,—ran for state treasurer,2010,Governor,CT,newington,0,0,0
,REP,Mark Boughton,mayor of Danbury  —ran for lieutenant governor,2010,Governor,CT,boughton m,1,0,0
,REP,Lawrence J. DeNardis,former U.S. Representative from Connecticut's 3rd congressional district,2010,Governor,CT,denardis l,4,1,0
,DEM,Ned Lamont,businessman and 2006 Democratic nominee for U.S. Senate,2010,Governor,CT,lamont n,0,0,1
,DEM,Dannel Malloy,former mayor of Stamford and candidate in 2006,2010,Governor,CT,malloy d,1,0,0
,DEM,James A. Amann,former speaker of the Connecticut House of Representatives,2010,Governor,CT,amann j,2,1,0
,DEM,Richard Blumenthal,Connecticut Attorney General,2010,Governor,CT,blumenthal r,3,0,0
,DEM,Susan Bysiewicz,Connecticut Secretary of State,2010,Governor,CT,bysiewicz s,3,0,0
,DEM,Juan Figueroa,Universal Health Care Foundation of Connecticut president and former state legislator,2010,Governor,CT,figueroa j,0,0,0
,DEM,Simsbury,first selectman and former Democratic nominee for lieutenant governor  (ran for Lieutenant Governor of Connecticut instead),2010,Governor,CT,simsbury,1,0,1
,DEM,Michael Jarjura,mayor of Waterbury,2010,Governor,CT,jarjura m,1,0,0
,DEM,Gary LeBeau,state senator,2010,Governor,CT,lebeau g,2,0,0
,DEM,Ridgefield,first selectman (endorsed Lamont),2010,Governor,CT,ridgefield,1,0,0
,DEM,"Donald E. ""Don"" Williams, Jr.",president of the Connecticut Senate – endorsed Lamont,2010,Governor,CT,williams d,2,0,0
,REP,C. Duffy Acevedo,,2010,Governor,CT,acevedo c,0,0,0
,,Working Families,,2010,Governor,CT,families w,0,0,0
,,Dannel Malloy,,2010,Governor,CT,malloy d,0,0,0
,OTH,Thomas E. Marsh,,2010,Governor,CT,marsh t,0,0,0
,DEM,Alex Sink,Chief Financial Officer of Florida,2010,Governor,FL,sink a,0,0,0
,DEM,Brian Moore,"political activist, 2008 Socialist Party USA Nominee for President of the United States",2010,Governor,FL,moore b,0,0,1
,REP,Rick Scott,healthcare executive,2010,Governor,FL,scott r,0,0,0
,DEM,Peter L. Allen,electrical inspector,2010,Governor,FL,allen p,0,0,0
,DEM,Michael E. Arth,"[ de ; es ; fr ; ja ; zh ] , policy analyst and urban designer who entered the race as a Democrat in June 2009 and later switched to no party affiliation in June 2010",2010,Governor,FL,arth m,0,0,0
,DEM,Farid Khavari,"economist, author, and small business owner",2010,Governor,FL,khavari f,0,0,0
,REP,Bill McCollum,,2010,Governor,FL,mccollum b,0,0,0
,REP,Mike McCalister,,2010,Governor,FL,mccalister m,0,0,0
,,Peter Allen,,2010,Governor,FL,allen p,0,0,0
,OTH,C. C. Reed,,2010,Governor,FL,reed c,0,0,0
,OTH,Michael E. Arth,,2010,Governor,FL,arth m,0,0,0
,OTH,Daniel Imperato,,2010,Governor,FL,imperato d,0,0,0
,OTH,Farid Khavari,,2010,Governor,FL,khavari f,0,0,0
,REP,Jeff Chapman,State Senator,2010,Governor,GA,chapman j,2,0,0
,REP,Nathan Deal,U.S. representative,2010,Governor,GA,deal n,4,1,0
,REP,Karen Handel,Secretary of State of Georgia,2010,Governor,GA,handel k,3,0,0
,REP,Eric Johnson,former state senator,2010,Governor,GA,johnson e,2,0,0
,REP,John Oxendine,insurance commissioner,2010,Governor,GA,oxendine j,0,0,0
,REP,Johnny Isakson,incumbent U.S. senator,2010,Governor,GA,isakson j,4,0,0
,DEM,Thurbert Baker,Attorney General of Georgia,2010,Governor,GA,baker t,3,0,0
,DEM,Roy Barnes,former governor of Georgia,2010,Governor,GA,barnes r,3,0,0
,DEM,Randal Mangham,state representative,2010,Governor,GA,mangham r,2,1,0
,DEM,DuBose Porter,state representative,2010,Governor,GA,porter d,2,1,0
,DEM,David Poythress,"former adjutant general of the Georgia National Guard , former commissioner of labor and candidate for governor in 1998",2010,Governor,GA,poythress d,3,0,1
,REP,Ray McBerry,,2010,Governor,GA,mcberry r,0,0,0
,REP,Otis Putnam,,2010,Governor,GA,putnam o,0,0,0
,DEM,Carl Camon,,2010,Governor,GA,camon c,0,0,0
,DEM,Bill Bolton,,2010,Governor,GA,bolton b,0,0,0
,OTH,John Monds,,2010,Governor,GA,monds j,0,0,0
,DEM,Neil Abercrombie,,2010,Governor,HI,abercrombie n,0,0,0
,DEM,Mufi Hannemann,,2010,Governor,HI,hannemann m,0,0,0
,DEM,Arturo P. Reyes,,2010,Governor,HI,reyes a,0,0,0
,DEM,Van K. Tanabe,,2010,Governor,HI,tanabe v,0,0,0
,DEM,Miles Shiratori,,2010,Governor,HI,shiratori m,0,0,0
,REP,Duke Aiona,,2010,Governor,HI,aiona d,0,0,0
,REP,John S. Carroll,,2010,Governor,HI,carroll j,0,0,0
,OTH,Tom Pollard,,2010,Governor,HI,pollard t,0,0,0
,OTH,Paul Manner,,2010,Governor,HI,manner p,0,0,0
,OTH,Tony Clapes,,2010,Governor,HI,clapes t,0,0,0
,DEM,Brian Schatz,,2010,Governor,HI,schatz b,0,0,0
,DEM,Robert Bunda,,2010,Governor,HI,bunda r,0,0,0
,DEM,Norman Sakamoto,,2010,Governor,HI,sakamoto n,0,0,0
,DEM,Gary Hooser,,2010,Governor,HI,hooser g,0,0,0
,DEM,Lyla Berg,,2010,Governor,HI,berg l,0,0,0
,DEM,Jon Riki Karamatsu,,2010,Governor,HI,karamatsu j,0,0,0
,DEM,Steve Hirakami,,2010,Governor,HI,hirakami s,0,0,0
,REP,Lynn Finnegan,,2010,Governor,HI,finnegan l,0,0,0
,REP,Adrienne King,,2010,Governor,HI,king a,0,0,0
,,Free Energy Party,,2010,Governor,HI,party f,0,0,0
,DEM,Chet Culver,incumbent Governor,2010,Governor,IA,culver c,3,0,0
,REP,Terry Branstad,former Governor,2010,Governor,IA,branstad t,3,0,0
,REP,Rod Roberts,State Representative,2010,Governor,IA,roberts r,2,1,0
,REP,Bob Vander Plaats,businessman and nominee for lieutenant governor in 2006,2010,Governor,IA,plaats b,0,0,1
,REP,Chet Culver (D),incumbent governor; running with incumbent lieutenant governor Patty Judge.,2010,Governor,IA,d c,3,0,0
,REP,I,"), running with Robin Prior-Calef.",2010,Governor,IA,i,0,0,0
,REP,Terry Branstad (R),former four-term governor; running with State Senator Kim Reynolds.,2010,Governor,IA,r t,3,0,0
,REP,L,"), professor at Iowa State University ; running with judicial administrator Nick Weltha.",2010,Governor,IA,l,0,0,0
,REP,Des Moines,"school board; running with truck driver Rick Marlar. Narcisse is a Democrat and Marlar is a Republican.  Narcisse's campaign and that of Senate District 45 candidate Douglas William Phillips were not affiliated, though both appeared on the ballot under the ""Iowa Party"" name.",2010,Governor,IA,moines d,1,0,0
,REP,SWP,"), running with Helen Meyers.",2010,Governor,IA,swp,0,0,0
,,Iowa Party,,2010,Governor,IA,party i,0,0,0
,OTH,Eric Cooper,,2010,Governor,IA,cooper e,0,0,0
,OTH,Gregory Hughes,,2010,Governor,IA,hughes g,0,0,0
,,Socialist Workers,,2010,Governor,IA,workers s,0,0,0
,REP,Butch Otter,Governor of Idaho,2010,Governor,ID,otter b,3,0,0
,REP,independent,"candidate Jana Kemp, but still filed for the primary  )",2010,Governor,ID,independent,0,0,0
,REP,Rex Rammell,"veterinarian , conservative activist and independent candidate for the U.S. Senate in 2008",2010,Governor,ID,rammell r,0,0,1
,REP,Ada County,Commissioner,2010,Governor,ID,county a,0,0,0
,DEM,Keith G. Allred,activist and mediator,2010,Governor,ID,allred k,0,0,0
,DEM,Lee Chaney,laborer,2010,Governor,ID,chaney l,0,0,0
,DEM,2002,and 2006,2010,Governor,ID,,0,0,0
,REP,Sharon Ullman,,2010,Governor,ID,ullman s,0,0,0
,REP,Pete Peterson,,2010,Governor,ID,peterson p,0,0,0
,REP,Walt Bayes,,2010,Governor,ID,bayes w,0,0,0
,REP,Tamara Wells,,2010,Governor,ID,wells t,0,0,0
,REP,Fred Nichols,,2010,Governor,ID,nichols f,0,0,0
,OTH,Jana M. Kemp,,2010,Governor,ID,kemp j,0,0,0
,OTH,Ted Dunlap,,2010,Governor,ID,dunlap t,0,0,0
,DEM,Daniel Hynes,Illinois State Comptroller and candidate for the U.S. Senate in 2004,2010,Governor,IL,hynes d,3,0,1
,DEM,Pat Quinn,incumbent governor,2010,Governor,IL,quinn p,3,0,0
,DEM,Mike Boland,member of the Illinois House of Representatives,2010,Governor,IL,boland m,2,1,0
,DEM,Rickey R. Hendon,Illinois State Senator,2010,Governor,IL,hendon r,2,0,0
,DEM,Terry Link,Illinois State Senator,2010,Governor,IL,link t,2,0,0
,DEM,Arthur Turner,member of the Illinois House of Representatives,2010,Governor,IL,turner a,2,1,0
,REP,Adam Andrzejewski,businessman,2010,Governor,IL,andrzejewski a,0,0,0
,REP,Bill Brady,State Senator and candidate for governor in 2006,2010,Governor,IL,brady b,2,0,1
,REP,Kirk Dillard,State Senator,2010,Governor,IL,dillard k,2,0,0
,REP,Andy McKenna,"businessman, former chairman of the Republican Party of Illinois and candidate for the U.S. Senate in 2004",2010,Governor,IL,mckenna a,0,0,1
,REP,Dan Proft,political commentator,2010,Governor,IL,proft d,0,0,0
,REP,Jim Ryan,former Attorney General of Illinois and nominee for governor in 2002,2010,Governor,IL,ryan j,3,0,1
,REP,Bob Schillerstrom,chairman of the DuPage County Board,2010,Governor,IL,schillerstrom b,0,0,0
,REP,Dennis W. Cook,President of Consolidated District 230 Board of Education,2010,Governor,IL,cook d,0,0,0
,REP,Matt Murphy,Illinois State Senator,2010,Governor,IL,murphy m,2,0,0
,REP,Jason Plummer,chairman of the Madison County Republican Party,2010,Governor,IL,plummer j,0,0,0
,REP,Don Tracy,corporate attorney,2010,Governor,IL,tracy d,0,0,0
,REP,Dave Winters,Illinois State Representative,2010,Governor,IL,winters d,2,1,0
,REP,Rich Whitney,nominee for governor in 2006,2010,Governor,IL,whitney r,0,0,1
,REP,Pat Quinn,"(Democratic) ( campaign website ): Incumbent governor who assumed office after the impeachment of Rod Blagojevich ; sought a full term in 2010.  Quinn was previously Revenue Director for the City of Chicago, state treasurer (1990–1994), and an unsuccessful candidate for the Democratic nomination for U.S. Senator (1996), Illinois Secretary of State (1994), and lieutenant governor (1998).",2010,Governor,IL,quinn p,3,0,1
,DEM,Scott Lee Cohen,,2010,Governor,IL,cohen s,0,0,0
,DEM,Thomas Michael Castillo,,2010,Governor,IL,castillo t,0,0,0
,REP,Brad Cole,,2010,Governor,IL,cole b,0,0,0
,REP,Randy A. White Sr.,,2010,Governor,IL,white r,0,0,0
,OTH,Rich Whitney,,2010,Governor,IL,whitney r,0,0,0
,OTH,Don W. Crawford,,2010,Governor,IL,crawford d,0,0,0
,OTH,Scott Lee Cohen,,2010,Governor,IL,cohen s,0,0,0
,OTH,Rich Whitney/Donald Crawford,,2010,Governor,IL,crawford r,0,0,0
,OTH,Lex Green,,2010,Governor,IL,green l,0,0,0
,DEM,Tom Holland,Kansas State Senator,2010,Governor,KS,holland t,2,0,0
,REP,Sam Brownback,United States Senator,2010,Governor,KS,brownback s,4,0,0
,REP,Joan Heffington,businesswoman,2010,Governor,KS,heffington j,0,0,0
,OTH,Andrew P. Gray,,2010,Governor,KS,gray a,0,0,0
,OTH,Kenneth W. Cannon,,2010,Governor,KS,cannon k,0,0,0
,DEM,Deval Patrick,incumbent governor,2010,Governor,MA,patrick d,3,0,0
,DEM,Grace Ross,2006 Green-Rainbow nominee for governor,2010,Governor,MA,ross g,0,0,1
,DEM,Tim Murray,incumbent lieutenant governor,2010,Governor,MA,murray t,3,0,0
,REP,Charlie Baker,CEO of Harvard Pilgrim Health Care and former secretary of administration and finance,2010,Governor,MA,baker c,0,0,0
,REP,Christy Mihos,independent candidate for governor in 2006,2010,Governor,MA,mihos c,0,0,1
,REP,Kerry Healey,former Lieutenant Governor and nominee in 2006,2010,Governor,MA,healey k,3,0,0
,REP,Bob Hedlund,state senator from Weymouth,2010,Governor,MA,hedlund b,2,0,0
,REP,Joe Malone,former state treasurer  (ran for U.S. representative),2010,Governor,MA,malone j,3,1,0
,REP,Michael Sullivan,former U.S. attorney for the District of Massachusetts,2010,Governor,MA,sullivan m,0,0,0
,REP,Richard Tisei,minority Leader of the Massachusetts State Senate,2010,Governor,MA,tisei r,2,0,0
,REP,Tim Cahill,state treasurer and receiver-general  (Independent),2010,Governor,MA,cahill t,3,0,0
,REP,Paul Loscocco,former Republican state representative,2010,Governor,MA,loscocco p,2,1,0
,REP,Deval Patrick,incumbent governor  (Democratic),2010,Governor,MA,patrick d,3,0,0
,REP,Tim Murray,incumbent lieutenant governor,2010,Governor,MA,murray t,3,0,0
,REP,Jill Stein,medical internist and co-chairperson of the Massachusetts Green-Rainbow Party  (Green-Rainbow),2010,Governor,MA,stein j,0,0,0
,REP,Running mate: Richard P. Purcell,surgery clerk and ergonomics assessor,2010,Governor,MA,purcell r,0,0,0
,OTH,Tim Cahill,,2010,Governor,MA,cahill t,0,0,0
,OTH,Jill Stein,,2010,Governor,MA,stein j,0,0,0
,,All others,,2010,Governor,MA,others a,0,0,0
,DEM,perennial candidate,Running mate: Freda Jaffe,2010,Governor,MD,candidate p,0,0,0
,DEM,Martin O'Malley,"incumbent governor Running mate: Anthony Brown , incumbent lieutenant governor",2010,Governor,MD,omalley m,3,0,0
,REP,Bob Ehrlich,former governor,2010,Governor,MD,ehrlich b,3,0,0
,REP,Running mate: Mary Kane,former Maryland secretary of state,2010,Governor,MD,kane r,3,0,0
,REP,Brian Murphy,businessman,2010,Governor,MD,murphy b,0,0,0
,REP,Running mate: Mike Ryman,former federal and congressional inspector and candidate for the State Senate in 2006,2010,Governor,MD,ryman r,0,0,1
,REP,Carmen Amedori,former state delegate,2010,Governor,MD,amedori c,2,0,0
,DEM,J. P. Cusick,,2010,Governor,MD,cusick j,0,0,0
,DEM,Ralph Jaffe,,2010,Governor,MD,jaffe r,0,0,0
,OTH,Susan Gaztanaga,,2010,Governor,MD,gaztanaga s,0,0,0
,OTH,Maria Allwine,,2010,Governor,MD,allwine m,0,0,0
,OTH,Eric Knowles,,2010,Governor,MD,knowles e,0,0,0
,DEM,Patrick K. McGowan,former State Conservation Commissioner,2010,Governor,ME,mcgowan p,0,0,0
,DEM,"Elizabeth ""Libby"" Mitchell",President of the Maine Senate and nominee for U. S. Senate in 1984,2010,Governor,ME,mitchell e,2,0,1
,DEM,Steven Rowe,former Maine Attorney General and former state representative,2010,Governor,ME,rowe s,3,1,0
,DEM,Rosa Scarcelli,business owner,2010,Governor,ME,scarcelli r,0,0,0
,DEM,Mayor,"of Biddeford .   Did not appear on the ballot due to lack of petition signatures, but continued her campaign in the primary as a write-in candidate .",2010,Governor,ME,mayor,0,0,0
,DEM,Dawn Hill,"State Representative .   Hill withdrew from the race on January 1, 2010, citing the crowded field of candidates.",2010,Governor,ME,hill d,2,1,0
,DEM,forger,.  Did not appear on the ballot due to lack of petition signatures.,2010,Governor,ME,forger,0,0,0
,DEM,Brian Bolduc,state representative,2010,Governor,ME,bolduc b,2,1,0
,DEM,Tom Allen,former U.S. Representative,2010,Governor,ME,allen t,4,1,0
,REP,Steve Abbott,former chief of staff for Senator Susan Collins,2010,Governor,ME,abbott s,0,0,0
,REP,William Beardsley,former president of Husson University,2010,Governor,ME,beardsley w,0,0,0
,REP,Paul LePage,Mayor of Waterville and general manager of Marden's Surplus & Salvage store chain,2010,Governor,ME,lepage p,1,0,0
,REP,Peter Mills,State Senator and candidate for governor in 2006,2010,Governor,ME,mills p,2,0,1
,REP,Les Otten,founder of American Skiing Company and former Boston Red Sox co-owner,2010,Governor,ME,otten l,0,0,0
,REP,Bruce Poliquin,business owner/manager and economist,2010,Governor,ME,poliquin b,0,0,0
,REP,Peter Cianchette,United States Ambassador to Costa Rica and 2002 Republican nominee for governor,2010,Governor,ME,cianchette p,0,0,1
,REP,Kevin Raye,State Senate Minority Leader,2010,Governor,ME,raye k,2,0,0
,REP,Josh Tardy,State House Minority Leader,2010,Governor,ME,tardy j,2,0,0
,IND,Eliot Cutler,"attorney, former staff member for U.S. Senator Edmund Muskie , and former adviser to President Jimmy Carter",2010,Governor,ME,cutler e,4,0,0
,IND,Shawn Moody,business owner,2010,Governor,ME,moody s,0,0,0
,IND,Kevin L. Scott,business owner,2010,Governor,ME,scott k,0,0,0
,IND,John Jenkins,"former state senator, former mayor of both Auburn and Lewiston , and a 2002 gubernatorial candidate.  Jenkins, who won his most recent mayoral campaign by write-in, declared he would run for Governor of Maine if 5,000 people followed his Facebook fan page  within 45 days.",2010,Governor,ME,jenkins j,3,0,0
,IND,Christian Civic League of Maine,(now known as the Maine Family Policy Council).  Withdrew from the race due to lack of petition signatures.,2010,Governor,ME,maine c,0,0,0
,IND,Lynne Williams,"attorney and former state chair of the Maine Green Independent Party.   On March 15, 2010, Lynne Williams announced her withdrawal from the campaign, citing a lack of clean elections funds and qualifying signatures.",2010,Governor,ME,williams l,0,0,0
,IND,Patrick Quinlan,"political activist, author, and lone legislative aide of Maine Green Independent Party caucus in state House of Representatives for 2004 and 2005; former campaign manager and consultant for Green state representative John Eder",2010,Governor,ME,quinlan p,2,1,0
,DEM,G. Steven Rowe,,2010,Governor,ME,rowe g,0,0,0
,DEM,John Richardson,,2010,Governor,ME,richardson j,0,0,0
,REP,Matt Jacobson,,2010,Governor,ME,jacobson m,0,0,0
,DEM,Libby Mitchell,,2010,Governor,ME,mitchell l,0,0,0
,DEM,Virg Bernero,Mayor of Lansing,2010,Governor,MI,bernero v,1,0,0
,DEM,Andy Dillon,Speaker of the Michigan House of Representatives,2010,Governor,MI,dillon a,2,1,0
,DEM,Robert Bowman,"former Michigan treasurer  (ended exploratory bid on February 15, 2010)",2010,Governor,MI,bowman r,0,0,0
,DEM,John D. Cherry,"Lieutenant Governor  (ended exploratory bid on January 5, 2010)",2010,Governor,MI,cherry j,3,0,0
,DEM,Hansen Clarke,"member of the Michigan Senate  (ended bid on January 15, 2010; ran for Congress instead)",2010,Governor,MI,clarke h,2,0,0
,DEM,John Freeman,"former member of the Michigan House of Representatives  (ended bid on January 11, 2010)",2010,Governor,MI,freeman j,2,1,0
,DEM,Dan Kildee,"former Genesee County Treasurer  (ended exploratory bid on March 5, 2010)",2010,Governor,MI,kildee d,1,0,0
,DEM,Alma Wheeler Smith,"member of the Michigan House of Representatives (ended exploratory bid on May 10, 2010)",2010,Governor,MI,smith a,2,1,0
,DEM,Geoffrey Fieger,attorney and nominee for governor in 1998,2010,Governor,MI,fieger g,0,0,1
,REP,Mike Bouchard,Sheriff of Oakland County and nominee for U.S. Senate in 2006,2010,Governor,MI,bouchard m,1,0,1
,REP,Mike Cox,Michigan Attorney General,2010,Governor,MI,cox m,3,0,0
,REP,Tom George,state senator,2010,Governor,MI,george t,2,0,0
,REP,Pete Hoekstra,U.S. representative,2010,Governor,MI,hoekstra p,4,1,0
,REP,Rick Snyder,businessman,2010,Governor,MI,snyder r,0,0,0
,REP,David Kniffen,businessman,2010,Governor,MI,kniffen d,0,0,0
,REP,Terri Lynn Land,Michigan Secretary of State (became Bouchard's running mate),2010,Governor,MI,land t,3,0,0
,REP,Huron County,Commissioner (failed to qualify),2010,Governor,MI,county h,0,0,0
,OTH,Ken Proctor,,2010,Governor,MI,proctor k,0,0,0
,OTH,Stacey Mathia,,2010,Governor,MI,mathia s,0,0,0
,OTH,Harley Mikkelson,,2010,Governor,MI,mikkelson h,0,0,0
,REP,Bob Carney Jr.,inventor  William McGaughey,2010,Governor,MN,carney b,0,0,0
,REP,Leslie Davis,environmental activist    Gregory K. Soderberg,2010,Governor,MN,davis l,0,0,0
,REP,Tom Emmer,"state representative  Annette Meeks , Metropolitan Council Member",2010,Governor,MN,emmer t,2,1,0
,REP,Ole Savior,"perennial candidate , artist, poet; Todd ""Elvis"" Anderson, Elvis impersonator",2010,Governor,MN,savior o,0,0,0
,REP,Annette Meeks,Metropolitan Council Member,2010,Governor,MN,meeks a,0,0,0
,REP,Patricia Anderson,former State Auditor,2010,Governor,MN,anderson p,3,0,0
,REP,David Hann,state senator,2010,Governor,MN,hann d,2,0,0
,REP,Phil Herwig,activist,2010,Governor,MN,herwig p,0,0,0
,REP,Mike Jungbauer,"state senator, former mayor of East Bethel",2010,Governor,MN,jungbauer m,2,0,0
,REP,Paul Kohls,state representative,2010,Governor,MN,kohls p,2,1,0
,REP,Marty Seifert,"state representative, former State House Minority Leader",2010,Governor,MN,seifert m,2,1,0
,REP,Laura Brod,state representative,2010,Governor,MN,brod l,2,1,0
,REP,Norm Coleman,"former U.S. Senator, former St. Paul mayor",2010,Governor,MN,coleman n,4,0,0
,REP,Paul Koering,state senator,2010,Governor,MN,koering p,2,0,0
,REP,Tim Pawlenty,incumbent governor,2010,Governor,MN,pawlenty t,3,0,0
,REP,Jim Ramstad,former U.S. Representative,2010,Governor,MN,ramstad j,4,1,0
,REP,Brian Sullivan,businessman,2010,Governor,MN,sullivan b,0,0,0
,REP,Steve Sviggum,Commissioner of Labor and Industry and former State House Speaker,2010,Governor,MN,sviggum s,3,0,0
,REP,Charlie Weaver,former Commissioner of Public Safety,2010,Governor,MN,weaver c,3,0,0
,DEM,Mark Dayton,"former United States Senator  Yvonne Prettner Solon , Minnesota State Senator",2010,Governor,MN,dayton m,4,0,0
,DEM,Matt Entenza,"former State House Minority Leader  Robyne Robinson , former television personality",2010,Governor,MN,entenza m,2,0,0
,DEM,Margaret Anderson Kelliher,"State Speaker of the House John Gunyou , Minnetonka City Manager",2010,Governor,MN,kelliher m,2,0,0
,DEM,Yvonne Prettner Solon,Minnesota State Senator,2010,Governor,MN,solon y,2,0,0
,DEM,Robyne Robinson,former television personality,2010,Governor,MN,robinson r,0,0,0
,DEM,John Gunyou,Minnetonka City Manager,2010,Governor,MN,gunyou j,0,0,0
,DEM,Tom Bakk,state senator,2010,Governor,MN,bakk t,2,0,0
,DEM,Susan Gaertner,Ramsey County Attorney,2010,Governor,MN,gaertner s,1,0,0
,DEM,Steve Kelley,former state senator,2010,Governor,MN,kelley s,2,0,0
,DEM,John Marty,"state senator and 1994 DFL gubernatorial nominee  Patricia Torres Ray , state senator",2010,Governor,MN,marty j,2,0,0
,DEM,Tom Rukavina,state representative,2010,Governor,MN,rukavina t,2,1,0
,DEM,R.T. Rybak,Minneapolis mayor,2010,Governor,MN,rybak r,1,0,0
,DEM,Paul Thissen,state representative,2010,Governor,MN,thissen p,2,1,0
,DEM,Patricia Torres Ray,state senator,2010,Governor,MN,ray p,2,0,0
,DEM,Chris Coleman,Mayor of Saint Paul,2010,Governor,MN,coleman c,1,0,0
,DEM,Mike Opat,Chairman of the Hennepin County Board of Commissioners,2010,Governor,MN,opat m,0,0,0
,DEM,Tom Horner,public affairs consultant  Jim Mulder,2010,Governor,MN,horner t,0,0,0
,DEM,lieutenant colonel,in the U.S. Army,2010,Governor,MN,colonel l,0,0,0
,DEM,Tim Penny,former U.S. Representative,2010,Governor,MN,penny t,4,1,0
,DEM,Dean Barkley,former U.S. Senator,2010,Governor,MN,barkley d,4,0,0
,DEM,Peter Bell,Metropolitan Council Chair,2010,Governor,MN,bell p,0,0,0
,DEM,David Olson,Minnesota Chamber of Commerce President,2010,Governor,MN,olson d,0,0,0
,DEM,Tom Emmer,"( R ) – State Representative; and Annette Meeks , Metropolitan Council Member",2010,Governor,MN,emmer t,2,1,0
,DEM,Peter Idusogie,,2010,Governor,MN,idusogie p,0,0,0
,,Tom Horner,,2010,Governor,MN,horner t,0,0,0
,,Rob Hahn,,2010,Governor,MN,hahn r,0,0,0
,,John T. Uldrich,,2010,Governor,MN,uldrich j,0,0,0
,,Phile Ratté,,2010,Governor,MN,ratte p,0,0,0
,,Rahn V. Workcuff,,2010,Governor,MN,workcuff r,0,0,0
,,Chris Wright,,2010,Governor,MN,wright c,0,0,0
,OTH,Farheen Hakeem,,2010,Governor,MN,hakeem f,0,0,0
,,Ecology Democracy,,2010,Governor,MN,democracy e,0,0,0
,,Resource Party,,2010,Governor,MN,party r,0,0,0
,,Tom Horner/Jim Mulder,,2010,Governor,MN,mulder t,0,0,0
,REP,Dave Heineman,incumbent Governor of Nebraska,2010,Governor,NE,heineman d,3,0,0
,DEM,Mark Lakers,investment banker,2010,Governor,NE,lakers m,0,0,0
,REP,Paul Anderson,,2010,Governor,NE,anderson p,0,0,0
,REP,Christopher Geary,,2010,Governor,NE,geary c,0,0,0
,REP,Dave Heineman (inc.),,2010,Governor,NE,inc d,0,0,0
,DEM,Mike Meister,,2010,Governor,NE,meister m,0,0,0
,DEM,John Lynch,incumbent Governor,2010,Governor,NH,lynch j,3,0,0
,DEM,Timothy Robertson,state representative,2010,Governor,NH,robertson t,2,1,0
,REP,Frank Robert Emiro Sr.,state representative,2010,Governor,NH,emiro f,2,1,0
,REP,Jack Kimball,businessman,2010,Governor,NH,kimball j,0,0,0
,REP,John Stephen,former Health and Human Services Commissioner,2010,Governor,NH,stephen j,0,0,0
,REP,Karen Testerman,conservative activist,2010,Governor,NH,testerman k,0,0,0
,REP,Kelly Ayotte,New Hampshire Attorney General,2010,Governor,NH,ayotte k,3,0,0
,REP,Frank Guinta,Mayor of Manchester,2010,Governor,NH,guinta f,1,0,0
,REP,Chuck Morse,former State Senator,2010,Governor,NH,morse c,2,0,0
,REP,John E. Sununu,former U.S. Senator,2010,Governor,NH,sununu j,4,0,0
,REP,John Babiarz,Libertarian,2010,Governor,NH,babiarz j,0,0,0
,REP,John Lynch,Democratic,2010,Governor,NH,lynch j,0,0,0
,DEM,Frank Sullivan,,2010,Governor,NH,sullivan f,0,0,0
,OTH,John Babiarz,,2010,Governor,NH,babiarz j,0,0,0
,DEM,Diane Denish,lieutenant governor,2010,Governor,NM,denish d,3,0,0
,DEM,Val Kilmer,"actor, activist",2010,Governor,NM,kilmer v,0,0,0
,REP,Janice Arnold-Jones,state representative,2010,Governor,NM,arnoldjones j,2,1,0
,REP,Pete Domenici,"Jr., attorney and son of former U.S. Senator Pete Domenici",2010,Governor,NM,domenici p,4,0,0
,REP,Susana Martínez,Doña Ana County district attorney,2010,Governor,NM,martinez s,1,0,0
,REP,Governor of New Mexico,Gary Johnson,2010,Governor,NM,mexico g,0,0,0
,REP,Allen Weh,former chairman of the Republican Party of New Mexico,2010,Governor,NM,weh a,0,0,0
,REP,Steve Pearce,former U.S. representative and nominee for the U.S. Senate in 2008 (ran for Congress),2010,Governor,NM,pearce s,4,1,1
,REP,Heather Wilson,former U.S. representative and candidate for the U.S. Senate in 2008,2010,Governor,NM,wilson h,4,1,1
,REP,Gregory Zanetti,former Bernalillo County Republican Party chair and New Mexico National Guard brigadier general,2010,Governor,NM,zanetti g,0,0,0
,REP,Doug Turner,,2010,Governor,NM,turner d,0,0,0
,REP,Kenneth A. Gomez (write-in),,2010,Governor,NM,writein k,0,0,0
,REP,Jim Gibbons,incumbent governor,2010,Governor,NV,gibbons j,3,0,0
,REP,Mike Montandon,Mayor of North Las Vegas,2010,Governor,NV,montandon m,1,0,0
,REP,Brian Sandoval,former judge of the United States District Court for the District of Nevada and former Nevada Attorney General,2010,Governor,NV,sandoval b,3,0,0
,REP,Joe Heck,former state senator ( ran for NV-03 and won ),2010,Governor,NV,heck j,2,0,0
,DEM,Frederick Conquest,anthropology professor,2010,Governor,NV,conquest f,0,0,0
,DEM,Rory Reid,Clark County Commissioner and son of Senate Majority Leader Harry Reid,2010,Governor,NV,reid r,1,0,0
,DEM,Barbara Buckley,Speaker of the Nevada Assembly,2010,Governor,NV,buckley b,2,0,0
,IND,Oscar Goodman,Mayor of Las Vegas,2010,Governor,NV,goodman o,1,0,0
,,None of These Candidates,,2010,Governor,NV,candidates n,0,0,0
,REP,Tony Atwood,,2010,Governor,NV,atwood t,0,0,0
,REP,Stan Lusak,,2010,Governor,NV,lusak s,0,0,0
,OTH,Eugene DiSimone,,2010,Governor,NV,disimone e,0,0,0
,OTH,Floyd Fitzgibbons,,2010,Governor,NV,fitzgibbons f,0,0,0
,OTH,"Arthur Forest Lampitt, Jr.",,2010,Governor,NV,lampitt a,0,0,0
,OTH,David Scott Curtis,,2010,Governor,NV,curtis d,0,0,0
,OTH,Aaron Y. Honig,,2010,Governor,NV,honig a,0,0,0
,DEM,Andrew Cuomo,"Attorney General of New York , Former Secretary of Housing and Urban Development , and son of former governor Mario Cuomo",2010,Governor,NY,cuomo a,3,0,0
,DEM,David Paterson,"incumbent Governor of New York (withdrew February 26, 2010)",2010,Governor,NY,paterson d,3,0,0
,DEM,Jimmy McMillan,founder of the Rent Is Too Damn High Party,2010,Governor,NY,mcmillan j,0,0,0
,DEM,Joel Tyner,Dutchess County legislator,2010,Governor,NY,tyner j,0,0,0
,REP,Carl Paladino,Buffalo developer and political activist,2010,Governor,NY,paladino c,0,0,0
,REP,Rick Lazio,"former congressman, 2000 Republican nominee for U.S. Senate , and official party designee",2010,Governor,NY,lazio r,4,0,1
,REP,Warren Redlich,attorney and Libertarian Party gubernatorial nominee,2010,Governor,NY,redlich w,0,0,0
,REP,Steven A. Levy,Suffolk County executive,2010,Governor,NY,levy s,1,0,0
,REP,Myers Mermel,real estate developer,2010,Governor,NY,mermel m,0,0,0
,REP,Gregory Edwards,,2010,Governor,NY,edwards g,0,0,0
,REP,Thomas Ognibene,,2010,Governor,NY,ognibene t,0,0,0
,,Rick Lazio,,2010,Governor,NY,lazio r,0,0,0
,,Ralph Lorigo,,2010,Governor,NY,lorigo r,0,0,0
,DEM,Ted Strickland,incumbent Governor of Ohio,2010,Governor,OH,strickland t,3,0,0
,REP,John Kasich,"former U.S. Representative , Chairman of the House Budget Committee and candidate for president in 2000",2010,Governor,OH,kasich j,4,1,1
,REP,Dennis Spisak,former congressional candidate,2010,Governor,OH,spisak d,0,0,0
,OTH,Ken Matesz,,2010,Governor,OH,matesz k,0,0,0
,OTH,Dennis Spisak,,2010,Governor,OH,spisak d,0,0,0
,DEM,Jari Askins,incumbent lieutenant governor of Oklahoma,2010,Governor,OK,askins j,3,0,0
,DEM,Drew Edmondson,incumbent attorney general of Oklahoma,2010,Governor,OK,edmondson d,3,0,0
,REP,Mary Fallin,former lieutenant governor and current congresswoman for Oklahoma's 5th congressional district,2010,Governor,OK,fallin m,4,0,0
,REP,Roger L. Jackson,"retired businessman, former president of the Oklahoma Office Machine Dealers Association (OOMDA)",2010,Governor,OK,jackson r,0,0,0
,REP,Randy Brogdon,state senator,2010,Governor,OK,brogdon r,2,0,0
,REP,Robert Hubbard,"business owner of Piedmont, Oklahoma's ""Hubbard Ranch Supply""",2010,Governor,OK,hubbard r,0,0,0
,REP,J. C. Watts,former congressman from Oklahoma's 4th congressional district,2010,Governor,OK,watts j,4,0,0
,REP,Mick Cornett,Mayor of Oklahoma City,2010,Governor,OK,cornett m,1,0,0
,DEM,John Kitzhaber,former governor of Oregon,2010,Governor,OR,kitzhaber j,3,0,0
,DEM,Bill Bradbury,former Oregon secretary of state,2010,Governor,OR,bradbury b,3,0,0
,REP,Chris Dudley,former professional basketball player,2010,Governor,OR,dudley c,0,0,0
,REP,Allen Alley,businessman and deputy chief of staff to Governor Ted Kulongoski,2010,Governor,OR,alley a,3,0,0
,REP,Clark Colvin,business executive,2010,Governor,OR,colvin c,0,0,0
,REP,Darren Karr,small business owner,2010,Governor,OR,karr d,0,0,0
,REP,John Lim,former Oregon State Senator and unsuccessful nominee for the U.S. Senate in 1998,2010,Governor,OR,lim j,2,0,1
,REP,Bill Sizemore,1998 Republican nominee for Governor of Oregon,2010,Governor,OR,sizemore b,0,0,1
,REP,Rex O. Watkins,real estate agent,2010,Governor,OR,watkins r,0,0,0
,IND,John Kitzhaber,former Governor of Oregon,2010,Governor,OR,kitzhaber j,3,0,0
,IND,Jerry Wilson,businessman,2010,Governor,OR,wilson j,0,0,0
,IND,Richard Esterman,photographer,2010,Governor,OR,esterman r,0,0,0
,IND,Republican,"), former professional basketball player",2010,Governor,OR,republican,0,0,0
,IND,Democratic,"Independent Party of Oregon ), former Governor of Oregon",2010,Governor,OR,democratic,3,0,0
,IND,Constitution,"), industrial piping designer",2010,Governor,OR,constitution,0,0,0
,IND,Libertarian,"), systems administrator",2010,Governor,OR,libertarian,0,0,0
,DEM,Roger Obrist,,2010,Governor,OR,obrist r,0,0,0
,REP,William Ames Curtright,,2010,Governor,OR,curtright w,0,0,0
,REP,Bob Forthan,,2010,Governor,OR,forthan b,0,0,0
,OTH,None of the above,,2010,Governor,OR,above n,0,0,0
,OTH,Greg Kord,,2010,Governor,OR,kord g,0,0,0
,OTH,Wes Wagner,,2010,Governor,OR,wagner w,0,0,0
,DEM,Dan Onorato,Allegheny County Chief Executive (from Pittsburgh ),2010,Governor,PA,onorato d,0,0,0
,DEM,Jack Wagner,Auditor General (from Pittsburgh),2010,Governor,PA,wagner j,0,0,0
,DEM,Anthony Williams,State Senator (from Philadelphia ),2010,Governor,PA,williams a,2,0,0
,DEM,Joe Hoeffel,"Montgomery County Commissioner and former U.S. Representative (from Abington Township, Montgomery County )",2010,Governor,PA,hoeffel j,4,1,0
,DEM,Chris Doherty,Mayor of Scranton,2010,Governor,PA,doherty c,1,0,0
,DEM,Tom Knox,healthcare executive (from Philadelphia),2010,Governor,PA,knox t,0,0,0
,REP,Tom Corbett,attorney general (from Shaler Township ),2010,Governor,PA,corbett t,3,0,0
,REP,Sam Rohrer,state representative (from Robeson Township ),2010,Governor,PA,rohrer s,2,1,0
,REP,Jim Gerlach,U.S. Representative,2010,Governor,PA,gerlach j,4,1,0
,REP,Pat Meehan,Former United States Attorney for the Eastern District of Pennsylvania  ( Ran for and won race for U.S. Representative from Pennsylvania's 7th congressional district ),2010,Governor,PA,meehan p,0,1,0
,REP,Dan Onorato,"(D), Allegheny County Executive",2010,Governor,PA,onorato d,1,0,0
,DEM,Frank Caprio,State Treasurer,2010,Governor,RI,caprio f,3,0,0
,REP,Victor Moffitt,former state representative,2010,Governor,RI,moffitt v,2,1,0
,REP,John Robitaille,businessman,2010,Governor,RI,robitaille j,0,0,0
,OTH,Lincoln Chafee,,2010,Governor,RI,chafee l,0,0,0
,,Ken Block,,2010,Governor,RI,block k,0,0,0
,OTH,Joeseph Lusi,,2010,Governor,RI,lusi j,0,0,0
,OTH,Todd Giroux,,2010,Governor,RI,giroux t,0,0,0
,OTH,Ronald Algieri,,2010,Governor,RI,algieri r,0,0,0
,REP,Gresham Barrett,U.S. Representative,2010,Governor,SC,barrett g,4,1,0
,REP,André Bauer,Lieutenant Governor,2010,Governor,SC,bauer a,3,0,0
,REP,Nikki Haley,State Representative,2010,Governor,SC,haley n,2,1,0
,REP,Henry McMaster,State Attorney General,2010,Governor,SC,mcmaster h,3,0,0
,DEM,Robert Ford,State Senator from Charleston,2010,Governor,SC,ford r,2,0,0
,DEM,Jim Rex,State Superintendent of Education from Fairfield County,2010,Governor,SC,rex j,0,0,0
,DEM,Vincent Sheheen,State Senator from Camden,2010,Governor,SC,sheheen v,2,0,0
,,United Citizens,,2010,Governor,SC,citizens u,0,0,0
,REP,Dennis Daugaard,Lieutenant Governor,2010,Governor,SD,daugaard d,3,0,0
,REP,Gordon Howie,State Senator,2010,Governor,SD,howie g,2,0,0
,REP,Dave Knudson,State Senate Majority Leader,2010,Governor,SD,knudson d,2,0,0
,REP,Ken Knuppe,rancher,2010,Governor,SD,knuppe k,0,0,0
,REP,Scott Munsterman,former mayor of Brookings,2010,Governor,SD,munsterman s,1,0,0
,DEM,Scott Heidepriem,State Senate Minority Leader,2010,Governor,SD,heidepriem s,2,0,0
,REP,Bill Haslam,Mayor of Knoxville,2010,Governor,TN,haslam b,1,0,0
,REP,Joe Kirkpatrick,businessman  Withdrew from race,2010,Governor,TN,kirkpatrick j,0,0,0
,REP,Basil Marceaux,Soddy Daisy resident,2010,Governor,TN,marceaux b,0,0,0
,REP,Ron Ramsey,Lieutenant Governor,2010,Governor,TN,ramsey r,3,0,0
,REP,Zach Wamp,"U.S. representative, 3rd district",2010,Governor,TN,wamp z,4,1,0
,DEM,Mike McWherter,"businessman, former attorney, son of former governor Ned McWherter",2010,Governor,TN,mcwherter m,3,0,0
,OTH,Carl Twofeathers Whitaker,,2010,Governor,TN,whitaker c,0,0,0
,OTH,Brandon Dodds,,2010,Governor,TN,dodds b,0,0,0
,OTH,Bayron Binkley,,2010,Governor,TN,binkley b,0,0,0
,OTH,June Griffin,,2010,Governor,TN,griffin j,0,0,0
,OTH,Linda Kay Perry,,2010,Governor,TN,perry l,0,0,0
,OTH,Howard M. Switzer,,2010,Governor,TN,switzer h,0,0,0
,OTH,Samuel David Duck,,2010,Governor,TN,duck s,0,0,0
,OTH,Thomas Smith II,,2010,Governor,TN,smith t,0,0,0
,OTH,Toni K. Hall,,2010,Governor,TN,hall t,0,0,0
,OTH,David Gatchell,,2010,Governor,TN,gatchell d,0,0,0
,OTH,Boyce T. McCall,,2010,Governor,TN,mccall b,0,0,0
,OTH,James Reesor,,2010,Governor,TN,reesor j,0,0,0
,OTH,Mike Knois,,2010,Governor,TN,knois m,0,0,0
,OTH,Donald Ray McFolin,,2010,Governor,TN,mcfolin d,0,0,0
,REP,Kay Bailey Hutchison,U.S. senator,2010,Governor,TX,hutchison k,4,0,0
,REP,Debra Medina,political activist,2010,Governor,TX,medina d,0,0,0
,REP,Rick Perry,incumbent governor,2010,Governor,TX,perry r,3,0,0
,DEM,Alma Ludivina Aguado,physician,2010,Governor,TX,aguado a,0,0,0
,DEM,Felix Alvarado,educator and U.S. Air Force veteran,2010,Governor,TX,alvarado f,0,0,0
,DEM,Bill Dear,private investigator,2010,Governor,TX,dear b,0,0,0
,DEM,Star Locke,homebuilder,2010,Governor,TX,locke s,0,0,0
,DEM,Farouk Shami,businessman,2010,Governor,TX,shami f,0,0,0
,DEM,Bill White,former mayor of Houston,2010,Governor,TX,white b,1,0,0
,DEM,Tom Schieffer,former U.S. Ambassador to Japan & U.S. Ambassador to Australia,2010,Governor,TX,schieffer t,0,0,0
,DEM,write-in,"), orthodontist",2010,Governor,TX,writein,0,0,0
,DEM,Kathie Glass (L),attorney,2010,Governor,TX,l k,0,0,0
,DEM,Rick Perry,"(R), incumbent governor",2010,Governor,TX,perry r,3,0,0
,DEM,(G),educator,2010,Governor,TX,g,0,0,0
,IND,pay a $3,"750 filing fee,  or",2010,Governor,TX,a p,0,0,0
,IND,submit 5,"000 qualified signatures.  However, the petition must be filed by 5:00 pm of the 70th day before general election day, and cannot be filed earlier than 30 days before this deadline.",2010,Governor,TX,submit,0,0,0
,DEM,Clement E. Glenn,,2010,Governor,TX,glenn c,0,0,0
,OTH,Kathie Glass,,2010,Governor,TX,glass k,0,0,0
,OTH,Deb Shafto,,2010,Governor,TX,shafto d,0,0,0
,OTH,Andy Barron (write-in),,2010,Governor,TX,writein a,0,0,0
,DEM,Peter Corroon,Mayor of Salt Lake County,2010,Governor,UT,corroon p,1,0,0
,REP,Gary Herbert,Governor,2010,Governor,UT,herbert g,3,0,0
,REP,Daniel Van Oaks,Jr.,2010,Governor,UT,oaks d,0,0,0
,REP,Richard Martin,,2010,Governor,UT,martin r,0,0,0
,OTH,Farley Anderson,,2010,Governor,UT,anderson f,0,0,0
,OTH,W. Andrew McCullough,,2010,Governor,UT,mccullough w,0,0,0
,,Michael William Heath,,2010,Governor,UT,heath m,0,0,0
,REP,Brian Dubie,Lieutenant Governor,2010,Governor,VT,dubie b,3,0,0
,DEM,Susan Bartlett,state senator,2010,Governor,VT,bartlett s,2,0,0
,DEM,Matt Dunne,Google executive and former state senator,2010,Governor,VT,dunne m,2,0,0
,DEM,Deborah Markowitz,Secretary of State of Vermont,2010,Governor,VT,markowitz d,3,0,0
,DEM,Doug Racine,"state senator , former lieutenant governor and nominee for governor in 2002",2010,Governor,VT,racine d,3,0,1
,DEM,Peter Shumlin,Senate President Pro Tempore,2010,Governor,VT,shumlin p,0,0,0
,DEM,Martha Abbott,"state party chair; Abbott won the primary, then withdrew from the election, so the party did not have a candidate on the ballot.  The Party had promised not to play a ""spoiler"" role in the election if Shumlin supported single-payer health care, which he did.",2010,Governor,VT,abbott m,0,0,0
,IND,Cris Ericson,United States Marijuana Party,2010,Governor,VT,ericson c,0,0,0
,IND,Dan Feliciano,Independent,2010,Governor,VT,feliciano d,0,0,0
,IND,Em Payton,Independent,2010,Governor,VT,payton e,0,0,0
,IND,Dennis Steele,Independent,2010,Governor,VT,steele d,0,0,0
,,Martha Abbott,,2010,Governor,VT,abbott m,0,0,0
,OTH,Emily Peyton,,2010,Governor,VT,peyton e,0,0,0
,,Liberty Union,,2010,Governor,VT,union l,0,0,0
,DEM,Tom Barrett,Mayor of Milwaukee and former U.S. Representative and candidate in 2002,2010,Governor,WI,barrett t,4,1,0
,DEM,Barbara Lawton,incumbent lieutenant governor (2003–2011),2010,Governor,WI,lawton b,3,0,0
,DEM,Jim Doyle,incumbent governor (2003–2011),2010,Governor,WI,doyle j,3,0,0
,DEM,Ron Kind,U.S. Representative from Wisconsin's 3rd congressional district,2010,Governor,WI,kind r,4,1,0
,DEM,Tom Nelson,Assembly Majority Leader (2009–2011) from the 5th district .,2010,Governor,WI,nelson t,0,0,0
,REP,Scott Walker,Milwaukee County Executive and candidate in 2006,2010,Governor,WI,walker s,1,0,0
,REP,Rebecca Kleefisch,former WISN-TV morning anchor.,2010,Governor,WI,kleefisch r,0,0,0
,DEM,Tim John,,2010,Governor,WI,john t,0,0,0
,DEM,Spencer Coggs,,2010,Governor,WI,coggs s,0,0,0
,DEM,James L. Schneider,,2010,Governor,WI,schneider j,0,0,0
,DEM,Henry Sanders,,2010,Governor,WI,sanders h,0,0,0
,REP,Mark Neumann,,2010,Governor,WI,neumann m,0,0,0
,REP,Scott S. Paterick,,2010,Governor,WI,paterick s,0,0,0
,REP,Brett Davis,,2010,Governor,WI,davis b,0,0,0
,REP,Dave Ross,,2010,Governor,WI,ross d,0,0,0
,REP,Robert Gerald Lorge,,2010,Governor,WI,lorge r,0,0,0
,REP,Nick Voegeli,,2010,Governor,WI,voegeli n,0,0,0
,OTH,Terry Virgil,,2010,Governor,WI,virgil t,0,0,0
,OTH,Jim Langer,,2010,Governor,WI,langer j,0,0,0
,OTH,James James,,2010,Governor,WI,james,0,0,0
,,Common Sense,,2010,Governor,WI,sense c,0,0,0
,OTH,Patricia Messicci (write-in),,2010,Governor,WI,writein p,0,0,0
,OTH,Leslie Ervin Smetak (write-in),,2010,Governor,WI,writein l,0,0,0
,OTH,Hari Trivedi (write-in),,2010,Governor,WI,writein h,0,0,0
,DEM,Pete Gosar,"teacher, commercial pilot, state employee and small business owner, brother of Rep. Paul Gosar (R-AZ)",2010,Governor,WY,gosar p,0,0,0
,DEM,Teton County,Commissioner and Chair of the Wyoming Democratic Party,2010,Governor,WY,county t,0,0,0
,DEM,Rex Wilde,cabinet maker,2010,Governor,WY,wilde r,0,0,0
,DEM,Chris Zachary,former psychiatrist,2010,Governor,WY,zachary c,0,0,0
,DEM,Larry Clapp,attorney and former mayor of Casper,2010,Governor,WY,clapp l,1,0,0
,DEM,Dave Freudenthal,incumbent governor (Term Limited but there was  speculation  that he might challenge the law),2010,Governor,WY,freudenthal d,3,0,0
,DEM,Paul Hickey,attorney,2010,Governor,WY,hickey p,0,0,0
,DEM,Mike Massie,State Senator  (ran for Superintendent of Public Instruction ),2010,Governor,WY,massie m,2,0,0
,REP,Alan Kousoulos,19-year WYDOT supervisor,2010,Governor,WY,kousoulos a,0,0,0
,REP,Matt Mead,former U.S. attorney,2010,Governor,WY,mead m,0,0,0
,REP,Rita Meyer,Wyoming state auditor,2010,Governor,WY,meyer r,3,0,0
,REP,Ron Micheli,former state representative and former director of the Wyoming Department of Agriculture,2010,Governor,WY,micheli r,2,1,0
,REP,2002,and 2006,2010,Governor,WY,,0,0,0
,REP,Colin M. Simpson,Speaker of the Wyoming House of Representatives,2010,Governor,WY,simpson c,2,1,0
,DEM,Leslie Petersen,,2010,Governor,WY,petersen l,0,0,0
,DEM,Al Hamburg,,2010,Governor,WY,hamburg a,0,0,0
,REP,Tom Ubben,,2010,Governor,WY,ubben t,0,0,0
,REP,John Self,,2010,Governor,WY,self j,0,0,0
,OTH,Taylor Haynes,,2010,Governor,WY,haynes t,0,0,0
,OTH,Mike Wheeler,,2010,Governor,WY,wheeler m,0,0,0
,DEM,Jack Markell,incumbent Governor,2012,Governor,DE,markell j,3,0,0
,REP,Jeff Cragg,,2012,Governor,DE,cragg j,0,0,0
,OTH,Mark Perri,,2012,Governor,DE,perri m,0,0,0
,OTH,Jesse McVay,,2012,Governor,DE,mcvay j,0,0,0
,DEM,Mike Pence,"(Republican), U.S. Representative",2012,Governor,IN,pence m,4,1,0
,DEM,Sue Ellspermann,state Representative,2012,Governor,IN,ellspermann s,2,1,0
,DEM,John Gregg,"(Democratic), former Speaker of the Indiana House of Representatives",2012,Governor,IN,gregg j,2,1,0
,DEM,Vi Simpson,state Senate Minority Leader,2012,Governor,IN,simpson v,2,0,0
,DEM,Rupert Boneham,"(Libertarian), four-time contestant on Survivor and founder of Rupert's Kids",2012,Governor,IN,boneham r,0,0,0
,OTH,Rupert Boneham,,2012,Governor,IN,boneham r,0,0,0
,OTH,Donnie Harold Harris (write-in),,2012,Governor,IN,writein d,0,0,0
,REP,Ed Schafer,former Governor of North Dakota and former U.S. Secretary of Agriculture,2012,Governor,ND,schafer e,4,0,0
,REP,Jack Dalrymple,incumbent Governor,2012,Governor,ND,dalrymple j,3,0,0
,DEM,Ryan Taylor,,2012,Governor,ND,taylor r,0,0,0
,OTH,Paul Sorum,,2012,Governor,ND,sorum p,0,0,0
,OTH,Roland Riemers,,2012,Governor,ND,riemers r,0,0,0
,REP,Gary Herbert,incumbent governor,2012,Governor,UT,herbert g,3,0,0
,REP,David Kirkham,businessman and co-founder of the Utah tea party,2012,Governor,UT,kirkham d,0,0,0
,REP,Morgan Philpot,former state representative and nominee for the U.S. House of Representatives in 2010,2012,Governor,UT,philpot m,2,1,1
,REP,CEO,of Standard American Oil Company,2012,Governor,UT,ceo,0,0,0
,REP,Ken Sumsion,state representative,2012,Governor,UT,sumsion k,2,1,0
,REP,Stephen Sandstrom,state representative,2012,Governor,UT,sandstrom s,2,1,0
,REP,Mark Shurtleff,state attorney general,2012,Governor,UT,shurtleff m,3,0,0
,DEM,Peter Cooke,businessman and retired major general in the United States Army Reserve,2012,Governor,UT,cooke p,0,0,0
,DEM,Jim Matheson,U.S. representative,2012,Governor,UT,matheson j,4,1,0
,DEM,Gary Herbert (Republican),incumbent governor,2012,Governor,UT,republican g,3,0,0
,DEM,Running mate: Greg Bell,incumbent lieutenant governor,2012,Governor,UT,bell r,3,0,0
,DEM,Peter Cooke (Democratic),businessman and retired major general in the United States Army Reserve,2012,Governor,UT,democratic p,0,0,0
,DEM,Ken Larsen (Libertarian),medical researcher,2012,Governor,UT,libertarian k,0,0,0
,DEM,Running mate: Robert Latham,attorney,2012,Governor,UT,latham r,0,0,0
,REP,William Skokos,,2012,Governor,UT,skokos w,0,0,0
,REP,Lane Ronnow,,2012,Governor,UT,ronnow l,0,0,0
,OTH,Ken Larsen,,2012,Governor,UT,larsen k,0,0,0
,OTH,Kirk D. Pearson,,2012,Governor,UT,pearson k,0,0,0
,,Dennis C. Owen,,2012,Governor,UT,owen d,0,0,0
,,David J. Cannon,,2012,Governor,UT,cannon d,0,0,0
,DEM,Peter Shumlin,incumbent,2012,Governor,VT,shumlin p,0,0,0
,REP,Randy Brock,state senator and former state auditor,2012,Governor,VT,brock r,3,0,0
,REP,Brian Dubie,former lieutenant governor and 2010 gubernatorial nominee,2012,Governor,VT,dubie b,3,0,0
,REP,Vermont Republican Party Chairwoman,and former state representative,2012,Governor,VT,chairwoman v,2,1,0
,REP,Roy Newton,newspaper publisher (did not file),2012,Governor,VT,newton r,0,0,0
,REP,Tom Salmon,state auditor,2012,Governor,VT,salmon t,3,0,0
,REP,Phil Scott,lieutenant governor,2012,Governor,VT,scott p,3,0,0
,REP,Vermont Progressive Party,(resigned nomination in order to aid Shumlin by avoiding split in progressive/liberal votes),2012,Governor,VT,party v,0,0,0
,REP,Randy Brock (R),state senator and former state auditor,2012,Governor,VT,r r,3,0,0
,REP,Cris Ericson,"( U.S. Marijuana ), perennial candidate who also ran for the U.S. Senate",2012,Governor,VT,ericson c,0,0,0
,REP,Peter Shumlin (D),incumbent,2012,Governor,VT,d p,0,0,0
,OTH,Emily Peyton,,2012,Governor,VT,peyton e,0,0,0
,,Cris Ericson,,2012,Governor,VT,ericson c,0,0,0
,,Liberty Union,,2012,Governor,VT,union l,0,0,0
,REP,Gary Herbert,incumbent governor,2016,Governor,UT,herbert g,3,0,0
,REP,"Jonathan ""JJ"" Johnson",businessman and chairman of the board of Overstock.com,2016,Governor,UT,johnson j,0,0,0
,DEM,Vaughn R Cook,founder and CEO of ZYTO Technologies,2016,Governor,UT,cook v,0,0,0
,DEM,Ed Allen,former state senator,2016,Governor,UT,allen e,2,0,0
,DEM,Jim Dabakis,State Senator and former chairman of the Utah Democratic Party,2016,Governor,UT,dabakis j,2,0,0
,DEM,Jim Matheson,former U.S. representative,2016,Governor,UT,matheson j,4,1,0
,DEM,Ben McAdams,Mayor of Salt Lake County and former state senator,2016,Governor,UT,mcadams b,2,0,0
,DEM,Mike Weinholtz,,2016,Governor,UT,weinholtz m,0,0,0
,OTH,Brian Kamerath,,2016,Governor,UT,kamerath b,0,0,0
,OTH,Superdell Schanze,,2016,Governor,UT,schanze s,0,0,0
,,L. S. Brown,,2016,Governor,UT,brown l,0,0,0
,DEM,Akinyemi Agbede,mathematician,2018,Governor,CA,agbede a,0,0,0
,DEM,Juan M. Bribiesca,retired physician,2018,Governor,CA,bribiesca j,0,0,0
,DEM,Thomas Jefferson Cares,blockchain start-up CEO,2018,Governor,CA,cares t,0,0,0
,DEM,John Chiang,California State Treasurer,2018,Governor,CA,chiang j,3,0,0
,DEM,Delaine Eastin,former California State Superintendent of Public Instruction,2018,Governor,CA,eastin d,3,0,0
,DEM,Robert Davidson Griffis,2016 Libertarian candidate for president,2018,Governor,CA,griffis r,0,0,1
,DEM,Manteca,city councilman,2018,Governor,CA,manteca,1,0,0
,DEM,Gavin Newsom,lieutenant governor of California,2018,Governor,CA,newsom g,3,0,0
,DEM,Amanda Renteria,national political director for Hillary Clinton's 2016 presidential campaign and candidate for CA-21 in 2014,2018,Governor,CA,renteria a,0,0,1
,DEM,Michael Shellenberger,founder of the Breakthrough Institute,2018,Governor,CA,shellenberger m,0,0,0
,DEM,Klement Tinaj,"actor, martial artist, stuntman, and producer",2018,Governor,CA,tinaj k,0,0,0
,DEM,Antonio Villaraigosa,former mayor of Los Angeles,2018,Governor,CA,villaraigosa a,1,0,0
,DEM,Xavier Becerra,Attorney General of California ( ran for re-election ),2018,Governor,CA,becerra x,3,0,0
,DEM,Scooter Braun,music manager,2018,Governor,CA,braun s,0,0,0
,DEM,George Clooney,actor and activist,2018,Governor,CA,clooney g,0,0,0
,DEM,Kevin de León,president pro tempore of the California State Senate ( ran for the U.S. Senate ),2018,Governor,CA,leon k,2,0,0
,DEM,Eric Garcetti,mayor of Los Angeles,2018,Governor,CA,garcetti e,1,0,0
,DEM,Bob Iger,CEO of The Walt Disney Company,2018,Governor,CA,iger b,0,0,0
,DEM,Sheryl Sandberg,Facebook COO,2018,Governor,CA,sandberg s,0,0,0
,DEM,Libby Schaaf,mayor of Oakland (ran for re-election),2018,Governor,CA,schaaf l,1,0,0
,DEM,Jackie Speier,U.S. representative (ran for re-election),2018,Governor,CA,speier j,4,1,0
,DEM,Tom Steyer,"hedge fund manager, philanthropist, and environmentalist",2018,Governor,CA,steyer t,0,0,0
,REP,Travis Allen,state assemblyman,2018,Governor,CA,allen t,2,0,0
,REP,John H. Cox,businessman,2018,Governor,CA,cox j,0,0,0
,REP,Yvonne Girard,US military veteran,2018,Governor,CA,girard y,0,0,0
,REP,Peter Y. Liu,"entrepreneur, real estate agent, US Army veteran",2018,Governor,CA,liu p,0,0,0
,REP,Robert C. Newman II,"businessman, psychologist, farmer",2018,Governor,CA,newman r,0,0,0
,REP,Rosey Grier,minister and retired NFL player,2018,Governor,CA,grier r,0,0,0
,REP,David Hadley,former state assemblyman,2018,Governor,CA,hadley d,2,0,0
,REP,Tulare County,Supervisor,2018,Governor,CA,county t,0,0,0
,REP,Doug Ose,former U.S. representative,2018,Governor,CA,ose d,4,1,0
,REP,Tim Donnelly,"former state assemblyman, candidate for governor in 2014 , and candidate for CA-08 in 2016  (running for CA-08 )",2018,Governor,CA,donnelly t,2,0,1
,REP,Kevin Faulconer,mayor of San Diego,2018,Governor,CA,faulconer k,1,0,0
,REP,Ashley Swearengin,former mayor of Fresno,2018,Governor,CA,swearengin a,1,0,0
,REP,Peter Thiel,venture capitalist,2018,Governor,CA,thiel p,0,0,0
,REP,Zoltan Istvan,Transhumanist Party nominee for President of the United States in 2016,2018,Governor,CA,istvan z,0,0,1
,REP,Christopher Carlson,puppeteer,2018,Governor,CA,carlson c,0,0,0
,REP,Josh Jones,"author, geologist, solar electric designer",2018,Governor,CA,jones j,0,0,0
,REP,Gloria La Riva,activist and nominee for president of the United States in 2016,2018,Governor,CA,riva g,0,0,1
,IND,Desmond Silveira,engineer and former national committee member of the American Solidarity Party  [ a ],2018,Governor,CA,silveira d,0,0,0
,,Peace and Freedom,,2018,Governor,CA,freedom p,0,0,0
,OTH,Josh Jones,,2018,Governor,CA,jones j,0,0,0
,OTH,Zoltan Istvan,,2018,Governor,CA,istvan z,0,0,0
,DEM,Albert Caesar Mezzetti,,2018,Governor,CA,mezzetti a,0,0,0
,OTH,Nickolas Wildstar,,2018,Governor,CA,wildstar n,0,0,0
,OTH,Christopher N. Carlson,,2018,Governor,CA,carlson c,0,0,0
,,No party preference,,2018,Governor,CA,preference n,0,0,0
,DEM,Ned Lamont,incumbent governor,2022,Governor,CT,lamont n,3,0,0
,DEM,Susan Bysiewicz,incumbent lieutenant governor,2022,Governor,CT,bysiewicz s,3,0,0
,REP,Bob Stefanowski,financial executive and nominee for governor in 2018,2022,Governor,CT,stefanowski b,0,0,1
,REP,Themis Klarides,former Minority Leader of the Connecticut House of Representatives ( running for U.S. Senate ),2022,Governor,CT,klarides t,2,1,0
,REP,Darien First Selectman,and candidate for lieutenant governor in 2018  ( running for U.S. House ),2022,Governor,CT,selectman d,0,0,1
,REP,Erin Stewart,Mayor of New Britain and candidate for governor and lieutenant governor in 2018,2022,Governor,CT,stewart e,1,0,1
,REP,Laura Devlin,state representative [ citation needed ],2022,Governor,CT,devlin l,2,1,0
,IND,Aaron Lewis,founder of The Scribe's Institute Running mate: Kevin Skulczyck,2022,Governor,CT,lewis a,0,0,0
,IND,Michelle Louise Bicking,"clinical social worker  Running mate: Cassandra Martineau, social justice activist",2022,Governor,CT,bicking m,0,0,0
,IND,Running mate: Cassandra Martineau,social justice activist,2022,Governor,CT,martineau r,0,0,0
,IND,Rob Hotaling,"technology and business leader  Running mate: Dr. Stewart “Chip” Beckett, veterinarian, former chairman Capitol Region Council of Governments, Chairman Glastonbury Town Council",2022,Governor,CT,hotaling r,0,0,0
,IND,Ned Lamont,"incumbent governor Running mate: Susan Bysiewicz , incumbent lieutenant governor",2022,Governor,CT,lamont n,3,0,0
,IND,Susan Bysiewicz,incumbent lieutenant governor,2022,Governor,CT,bysiewicz s,3,0,0
,,Working Families,,2022,Governor,CT,families w,0,0,0
,,Griebel-Frank for CT Party,,2022,Governor,CT,party g,0,0,0
,OTH,Michelle Louise Bicking (write-in),,2022,Governor,CT,writein m,0,0,0
