race_id,party,candidate,votes,pct,table_seq,is_winner,cand_key
1998_ID_House-1_DEM,DEM,Dan Williams,16338,99.98,2,True,williams d
1998_ID_House-1_DEM,DEM,Leif Skyving,4,0.02,2,False,skyving l
1998_ID_House-1_REP,REP,Helen Chenoweth,43941,71.02,1,True,chenoweth h
1998_ID_House-1_REP,REP,Jim Pratt,17926,28.98,1,False,pratt j
1998_ID_House-2_DEM,DEM,Richard H. Stallings,11062,100.0,4,True,stallings r
1998_ID_House-2_REP,REP,Mike Simpson,26620,40.39,3,True,simpson m
1998_ID_House-2_REP,REP,Mark Stubbs,23336,35.41,3,False,stubbs m
1998_ID_House-2_REP,REP,Dane Watkins,9100,13.81,3,False,watkins d
1998_ID_House-2_REP,REP,Ann Rydalch,6844,10.39,3,False,rydalch a
1998_NE_House-1_DEM,DEM,Don Eret,30220,98.97,2,True,eret d
1998_NE_House-1_DEM,DEM,Write-ins,313,1.03,2,False,writeins
1998_NE_House-1_REP,REP,Doug Bereuter,66033,99.31,1,True,bereuter d
1998_NE_House-1_REP,REP,Write-ins,460,0.69,1,False,writeins
1998_NE_House-2_DEM,DEM,Michael Scott,21482,64.35,4,True,scott m
1998_NE_House-2_DEM,DEM,John C. McCourt,5263,15.77,4,False,mccourt j
1998_NE_House-2_DEM,DEM,Jess M. Pritchett,5126,15.36,4,False,pritchett j
1998_NE_House-2_DEM,DEM,Melvin Muhammad,1126,3.37,4,False,muhammad m
1998_NE_House-2_DEM,DEM,Write-ins,386,1.16,4,False,writeins
1998_NE_House-2_REP,REP,Lee Terry,23769,40.16,3,True,terry l
1998_NE_House-2_REP,REP,Steve Kupka,17673,29.86,3,False,kupka s
1998_NE_House-2_REP,REP,Brad Kuiper,15569,26.3,3,False,kuiper b
1998_NE_House-2_REP,REP,Pat Jones,1585,2.68,3,False,jones p
1998_NE_House-2_REP,REP,Steven C. Laird,532,0.9,3,False,laird s
1998_NE_House-2_REP,REP,Write-ins,64,0.11,3,False,writeins
1998_NE_House-3_REP,REP,Bill Barrett,81850,99.62,5,True,barrett b
1998_NE_House-3_REP,REP,Write-ins,316,0.38,5,False,writeins
1998_NJ_House-10_DEM,DEM,Donald M. Payne,24747,91.65,18,True,payne d
1998_NJ_House-10_DEM,DEM,Dennis Speed,2254,8.35,18,False,speed d
1998_NJ_House-10_REP,REP,William Stanley Wnuck,1431,100.0,19,True,wnuck w
1998_NJ_House-11_DEM,DEM,John P. Scollo,4346,66.65,21,True,scollo j
1998_NJ_House-11_DEM,DEM,James D. Kelly Jr.,900,13.8,21,False,kelly j
1998_NJ_House-11_DEM,DEM,Frank C. Marmo,853,13.08,21,False,marmo f
1998_NJ_House-11_DEM,DEM,John Mele,422,6.47,21,False,mele j
1998_NJ_House-11_REP,REP,incumbent,26174,100.0,20,True,incumbent
1998_NJ_House-12_DEM,DEM,Rush Holt,10177,63.58,23,True,holt r
1998_NJ_House-12_DEM,DEM,Carl J. Mayer,5830,36.42,23,False,mayer c
1998_NJ_House-12_REP,REP,Mike Pappas,16277,100.0,22,True,pappas m
1998_NJ_House-13_DEM,DEM,incumbent,25067,100.0,24,True,incumbent
1998_NJ_House-13_REP,REP,Theresa de Leon,2748,68.99,25,True,leon t
1998_NJ_House-13_REP,REP,Carlos E. Munoz,1235,31.01,25,False,munoz c
1998_NJ_House-1_DEM,DEM,incumbent,15083,100.0,1,True,incumbent
1998_NJ_House-1_REP,REP,Ronald L. Richards,4423,100.0,2,True,richards r
1998_NJ_House-2_DEM,DEM,Derek Hunsberger,5102,100.0,4,True,hunsberger d
1998_NJ_House-2_REP,REP,incumbent,16384,100.0,3,True,incumbent
1998_NJ_House-3_REP,REP,incumbent,12254,100.0,5,True,incumbent
1998_NJ_House-4_DEM,DEM,Larry Schneider,6238,78.33,7,True,schneider l
1998_NJ_House-4_DEM,DEM,Paul Rizzo,1099,13.8,7,False,rizzo p
1998_NJ_House-4_DEM,DEM,Lewis duPont Smith,316,3.97,7,False,smith l
1998_NJ_House-4_DEM,DEM,Paul D. Teel,311,3.91,7,False,teel p
1998_NJ_House-4_REP,REP,incumbent,20062,100.0,6,True,incumbent
1998_NJ_House-5_DEM,DEM,Mike Schneider,5605,100.0,9,True,schneider m
1998_NJ_House-5_REP,REP,Marge Roukema,16215,52.8,8,True,roukema m
1998_NJ_House-5_REP,REP,Scott Garrett,14498,47.2,8,False,garrett s
1998_NJ_House-6_DEM,DEM,incumbent,24475,100.0,10,True,incumbent
1998_NJ_House-6_REP,REP,Mike Ferguson,4905,100.0,11,True,ferguson m
1998_NJ_House-7_DEM,DEM,Maryanne Connelly,7151,100.0,13,True,connelly m
1998_NJ_House-7_REP,REP,Bob Franks,8955,100.0,12,True,franks b
1998_NJ_House-8_DEM,DEM,incumbent,10167,100.0,14,True,incumbent
1998_NJ_House-8_REP,REP,Matthew J. Kirnan,6871,100.0,15,True,kirnan m
1998_NJ_House-9_DEM,DEM,incumbent,14364,100.0,16,True,incumbent
1998_NJ_House-9_REP,REP,Steve Lonegan,7162,100.0,17,True,lonegan s
1998_PA_House-10_DEM,DEM,Patrick Casey,26882,100.0,18,True,casey p
1998_PA_House-10_REP,REP,Don Sherwood,21252,43.71,19,True,sherwood d
1998_PA_House-10_REP,REP,James P. Connors,11554,23.76,19,False,connors j
1998_PA_House-10_REP,REP,Errol Flynn,7714,15.87,19,False,flynn e
1998_PA_House-10_REP,REP,Jerry Donahue,4797,9.87,19,False,donahue j
1998_PA_House-10_REP,REP,Mary Rogan,1212,2.49,19,False,rogan m
1998_PA_House-10_REP,REP,Frank Demko,1080,2.22,19,False,demko f
1998_PA_House-10_REP,REP,Norbert R. Kosciuk,616,1.27,19,False,kosciuk n
1998_PA_House-10_REP,REP,Joe Albert,393,0.81,19,False,albert j
1998_PA_House-11_DEM,DEM,Paul Kanjorski,27452,100.0,20,True,kanjorski p
1998_PA_House-11_REP,REP,Stephen Urban,16069,100.0,21,True,urban s
1998_PA_House-12_DEM,DEM,John Murtha,31039,100.0,22,True,murtha j
1998_PA_House-12_REP,REP,Timothy E. Holloway,18829,100.0,23,True,holloway t
1998_PA_House-13_DEM,DEM,Joe Hoeffel,12516,100.0,24,True,hoeffel j
1998_PA_House-13_REP,REP,Jon D. Fox,24383,49.31,25,True,fox j
1998_PA_House-13_REP,REP,Michael J. McMonagle,10621,21.48,25,False,mcmonagle m
1998_PA_House-13_REP,REP,Melissa Brown,8860,17.92,25,False,brown m
1998_PA_House-13_REP,REP,Jonathan Newman,5582,11.29,25,False,newman j
1998_PA_House-14_DEM,DEM,William J. Coyne,56537,100.0,26,True,coyne w
1998_PA_House-14_REP,REP,Bill Ravotti,17860,100.0,27,True,ravotti b
1998_PA_House-15_DEM,DEM,Roy Afflerbach,14466,62.74,28,True,afflerbach r
1998_PA_House-15_DEM,DEM,Janice McElroy,8590,37.26,28,False,mcelroy j
1998_PA_House-15_REP,REP,Pat Toomey,7981,27.13,29,True,toomey p
1998_PA_House-15_REP,REP,Bob Kilbanks,7266,24.7,29,False,kilbanks b
1998_PA_House-15_REP,REP,Joseph Uliana,6912,23.49,29,False,uliana j
1998_PA_House-15_REP,REP,Joe Pascuzzo,3518,11.96,29,False,pascuzzo j
1998_PA_House-15_REP,REP,Nick Sabatine,3219,10.94,29,False,sabatine n
1998_PA_House-15_REP,REP,Lawrence M. Grello,525,1.78,29,False,grello l
1998_PA_House-16_REP,REP,Joe Pitts,22529,100.0,30,True,pitts j
1998_PA_House-17_REP,REP,George Gekas,37787,100.0,31,True,gekas g
1998_PA_House-18_DEM,DEM,Mike Doyle,42288,65.1,32,True,doyle m
1998_PA_House-18_DEM,DEM,Mary Beth Hacke,22672,34.9,32,False,hacke m
1998_PA_House-18_REP,REP,Dick Walker,14426,52.79,33,True,walker d
1998_PA_House-18_REP,REP,Craig Stephens,12901,47.21,33,False,stephens c
1998_PA_House-19_DEM,DEM,Linda G. Ropp,14556,100.0,34,True,ropp l
1998_PA_House-19_REP,REP,Bill Goodling,36054,67.64,35,True,goodling b
1998_PA_House-19_REP,REP,Charlie Gerow,17247,32.36,35,False,gerow c
1998_PA_House-1_DEM,DEM,Bob Brady,23181,63.89,1,True,brady b
1998_PA_House-1_DEM,DEM,Andrew Carn,8061,22.22,1,False,carn a
1998_PA_House-1_DEM,DEM,Dennis Morrison-Wesley,4052,11.17,1,False,morrisonwesley d
1998_PA_House-1_DEM,DEM,Sam Jones,986,2.72,1,False,jones s
1998_PA_House-1_REP,REP,William Harrison,4768,100.0,2,True,harrison w
1998_PA_House-20_DEM,DEM,Frank Mascara,40882,100.0,36,True,mascara f
1998_PA_House-21_DEM,DEM,Larry Klemens,15888,100.0,37,True,klemens l
1998_PA_House-21_REP,REP,Phil English,21512,100.0,38,True,english p
1998_PA_House-2_DEM,DEM,Chaka Fattah,35761,100.0,3,True,fattah c
1998_PA_House-2_REP,REP,Anne Marie Mulligan,3566,100.0,4,True,mulligan a
1998_PA_House-3_DEM,DEM,Robert Borski,20989,86.93,5,True,borski r
1998_PA_House-3_DEM,DEM,John R. Kates,3157,13.07,5,False,kates j
1998_PA_House-3_REP,REP,Charles F. Dougherty,10713,100.0,6,True,dougherty c
1998_PA_House-4_DEM,DEM,Ron Klink,35652,100.0,7,True,klink r
1998_PA_House-4_REP,REP,Mike Turzai,12178,54.27,8,True,turzai m
1998_PA_House-4_REP,REP,David F. Miller,5489,24.46,8,False,miller d
1998_PA_House-4_REP,REP,Paul T. Adametz,4772,21.27,8,False,adametz p
1998_PA_House-5_REP,REP,John Peterson,28022,100.0,9,True,peterson j
1998_PA_House-6_DEM,DEM,Tim Holden,20758,100.0,10,True,holden t
1998_PA_House-6_REP,REP,John Meckley,18416,100.0,11,True,meckley j
1998_PA_House-7_DEM,DEM,Martin J. D'Urso,6536,100.0,12,True,durso m
1998_PA_House-7_REP,REP,Curt Weldon,34760,100.0,13,True,weldon c
1998_PA_House-8_DEM,DEM,Bill Tuthill,9030,100.0,14,True,tuthill b
1998_PA_House-8_REP,REP,Jim Greenwood,21347,67.44,15,True,greenwood j
1998_PA_House-8_REP,REP,Joseph P. Schiaffino,10305,32.56,15,False,schiaffino j
1998_PA_House-9_DEM,DEM,Monte Kemmler,5830,100.0,16,True,kemmler m
1998_PA_House-9_REP,REP,Bud Shuster,24768,100.0,17,True,shuster b
1998_VT_House-1_DEM,DEM,Bernie Sanders,1661,47.88,2,True,sanders b
1998_VT_House-1_DEM,DEM,Mark Candon,524,15.11,2,False,candon m
1998_VT_House-1_DEM,DEM,Other Write-ins,467,13.46,2,False,writeins o
1998_VT_House-1_DEM,DEM,Jack Long,465,13.4,2,False,long j
1998_VT_House-1_DEM,DEM,Peter Diamondstone,352,10.15,2,False,diamondstone p
1998_VT_House-1_REP,REP,Mark Candon,23101,48.43,1,True,candon m
1998_VT_House-1_REP,REP,Jack Long,15716,32.95,1,False,long j
1998_VT_House-1_REP,REP,Peter Diamondstone,8327,17.46,1,False,diamondstone p
1998_VT_House-1_REP,REP,Write-ins,552,1.16,1,False,writeins
1998_WY_House-1_DEM,DEM,Scott Farris,19706,64.33,1,True,farris s
1998_WY_House-1_DEM,DEM,John O'Steen,6131,20.02,1,False,osteen j
1998_WY_House-1_DEM,DEM,Mickey Kalinay,4795,15.65,1,False,kalinay m
1998_WY_House-1_REP,REP,Barbara Cubin,73201,100.0,2,True,cubin b
2000_AZ_House-1_REP,REP,Jeff Flake,16745,31.8,1,True,flake j
2000_AZ_House-1_REP,REP,Sal Diciccio,12490,23.7,1,False,diciccio s
2000_AZ_House-1_REP,REP,Susan Bitter Smith,11763,22.3,1,False,smith s
2000_AZ_House-1_REP,REP,Tom Liddy,10898,20.7,1,False,liddy t
2000_AZ_House-1_REP,REP,Bert Tollefson,764,1.5,1,False,tollefson b
2000_ID_House-1_DEM,DEM,Linda Pall,16657,100.0,2,True,pall l
2000_ID_House-1_REP,REP,Butch Otter,41516,47.63,1,True,otter b
2000_ID_House-1_REP,REP,Dennis Mansfield,23559,27.03,1,False,mansfield d
2000_ID_House-1_REP,REP,Ron McMurray,14434,16.56,1,False,mcmurray r
2000_ID_House-1_REP,REP,Craig Benjamin,2966,3.4,1,False,benjamin c
2000_ID_House-1_REP,REP,Jim Pratt,1281,1.47,1,False,pratt j
2000_ID_House-1_REP,REP,Gene Summa,1240,1.42,1,False,summa g
2000_ID_House-1_REP,REP,David Shepherd,1181,1.35,1,False,shepherd d
2000_ID_House-1_REP,REP,Harley Brown,983,1.13,1,False,brown h
2000_ID_House-2_DEM,DEM,Craig Williams,10771,77.27,4,True,williams c
2000_ID_House-2_DEM,DEM,Jack Wayne Chappell,3169,22.73,4,False,chappell j
2000_ID_House-2_REP,REP,Mike Simpson,60984,100.0,3,True,simpson m
2000_KY_House-1_REP,REP,Edward Whitfield,12013,83.8,1,True,whitfield e
2000_KY_House-1_REP,REP,David Lynn Williams,2317,16.2,1,False,williams d
2000_KY_House-3_DEM,DEM,Eleanor Jordan,24236,69.3,2,True,jordan e
2000_KY_House-3_DEM,DEM,Ray Abbott,5583,16.0,2,False,abbott r
2000_KY_House-3_DEM,DEM,Burrel Charles Farnsley,5138,14.7,2,False,farnsley b
2000_KY_House-4_REP,REP,Don Bell,6427,57.0,3,True,bell d
2000_KY_House-4_REP,REP,Scott Tooley,2700,24.0,3,False,tooley s
2000_KY_House-4_REP,REP,Roger Thoney,2140,19.0,3,False,thoney r
2000_KY_House-5_DEM,DEM,Sidney Jane Bailey,20726,66.2,4,True,bailey s
2000_KY_House-5_DEM,DEM,Michael Vincent Vacca Jr.,10594,33.8,4,False,vacca m
2000_KY_House-6_DEM,DEM,Scotty Baesler,38463,76.1,5,True,baesler s
2000_KY_House-6_DEM,DEM,Will L. McGinnis III,12090,23.9,5,False,mcginnis w
2000_MN_House-1_REP,REP,Gil Gutknecht,17824,100.0,1,True,gutknecht g
2000_MN_House-2_REP,REP,Mark Kennedy,13779,79.3,4,True,kennedy m
2000_MN_House-2_REP,REP,Joe Wagner,3598,20.7,4,False,wagner j
2000_MN_House-3_REP,REP,Jim Ramstad,13995,100.0,7,True,ramstad j
2000_MN_House-4_REP,REP,Linda Runbeck,10722,86.2,11,True,runbeck l
2000_MN_House-4_REP,REP,Mary Jane Reagan,1713,13.8,11,False,reagan m
2000_MN_House-5_REP,REP,Frank Taylor,4837,63.2,15,True,taylor f
2000_MN_House-5_REP,REP,Chris Flynn,2815,36.8,15,False,flynn c
2000_MN_House-6_REP,REP,John Kline,19029,100.0,19,True,kline j
2000_MN_House-7_REP,REP,Glen Menze,10258,65.4,22,True,menze g
2000_MN_House-7_REP,REP,Aleta Edin,5433,34.6,22,False,edin a
2000_MN_House-8_REP,REP,Robert Lemen,7197,50.1,25,True,lemen r
2000_MN_House-8_REP,REP,Warren Nelson,7179,49.9,25,False,nelson w
2000_NE_House-1_DEM,DEM,Alan Jacobsen,25940,99.02,2,True,jacobsen a
2000_NE_House-1_DEM,DEM,Write-ins,256,0.98,2,False,writeins
2000_NE_House-1_REP,REP,Doug Bereuter,50365,98.99,1,True,bereuter d
2000_NE_House-1_REP,REP,Write-ins,516,1.01,1,False,writeins
2000_NE_House-2_DEM,DEM,Shelley Kiel,30578,69.61,5,True,kiel s
2000_NE_House-2_DEM,DEM,Allen C. Johnson,13092,29.8,5,False,johnson a
2000_NE_House-2_DEM,DEM,Write-ins,259,0.59,5,False,writeins
2000_NE_House-2_REP,REP,Lee Terry,55696,98.66,4,True,terry l
2000_NE_House-2_REP,REP,Write-ins,758,1.34,4,False,writeins
2000_NE_House-3_DEM,DEM,Roland E. Reynolds,23364,98.84,8,True,reynolds r
2000_NE_House-3_DEM,DEM,Write-ins,275,1.16,8,False,writeins
2000_NE_House-3_REP,REP,Tom Osborne,52438,70.71,7,True,osborne t
2000_NE_House-3_REP,REP,John A. Gale,12573,16.95,7,False,gale j
2000_NE_House-3_REP,REP,Kathy Wilmot,9127,12.31,7,False,wilmot k
2000_NE_House-3_REP,REP,Write-ins,26,0.04,7,False,writeins
2000_NJ_House-10_DEM,DEM,Donald M. Payne,45880,100.0,17,True,payne d
2000_NJ_House-10_REP,REP,Dirk B. Weber,1492,100.0,18,True,weber d
2000_NJ_House-11_DEM,DEM,John P. Scollo,15419,100.0,20,True,scollo j
2000_NJ_House-11_REP,REP,incumbent,35820,100.0,19,True,incumbent
2000_NJ_House-12_DEM,DEM,incumbent,27104,100.0,21,True,incumbent
2000_NJ_House-12_REP,REP,Dick Zimmer,19084,62.01,22,True,zimmer d
2000_NJ_House-12_REP,REP,Mike Pappas,11692,37.99,22,False,pappas m
2000_NJ_House-13_DEM,DEM,incumbent,37357,100.0,23,True,incumbent
2000_NJ_House-13_REP,REP,Theresa de Leon,2045,57.52,24,True,leon t
2000_NJ_House-13_REP,REP,Carlos E. Munoz,849,23.88,24,False,munoz c
2000_NJ_House-13_REP,REP,Harold Turner,661,18.59,24,False,turner h
2000_NJ_House-1_DEM,DEM,incumbent,38737,100.0,1,True,incumbent
2000_NJ_House-1_REP,REP,Charlene Cathcart,9877,100.0,2,True,cathcart c
2000_NJ_House-2_DEM,DEM,Edward G. Janosik,14148,81.7,4,True,janosik e
2000_NJ_House-2_DEM,DEM,Steven A. Farkas,3168,18.3,4,False,farkas s
2000_NJ_House-2_REP,REP,incumbent,28834,100.0,3,True,incumbent
2000_NJ_House-3_DEM,DEM,Susan Bass Levin,24241,100.0,6,True,levin s
2000_NJ_House-3_REP,REP,incumbent,25280,100.0,5,True,incumbent
2000_NJ_House-4_DEM,DEM,Reed Gusciora,18952,100.0,8,True,gusciora r
2000_NJ_House-4_REP,REP,incumbent,20062,100.0,7,True,incumbent
2000_NJ_House-5_DEM,DEM,Linda A. Mercurio,14743,100.0,10,True,mercurio l
2000_NJ_House-5_REP,REP,Marge Roukema,23043,52.26,9,True,roukema m
2000_NJ_House-5_REP,REP,Scott Garrett,21051,47.74,9,False,garrett s
2000_NJ_House-6_DEM,DEM,incumbent,24475,100.0,11,True,incumbent
2000_NJ_House-6_REP,REP,Brian T. Kennedy,5683,65.98,12,True,kennedy b
2000_NJ_House-6_REP,REP,Charles T. Hutchins,2930,34.02,12,False,hutchins c
2000_NJ_House-8_DEM,DEM,incumbent,23701,100.0,13,True,incumbent
2000_NJ_House-8_REP,REP,Anthony Fusco Jr.,8690,78.89,14,True,fusco a
2000_NJ_House-8_REP,REP,Bernard Anthony George,2325,21.11,14,False,george b
2000_NJ_House-9_DEM,DEM,incumbent,25686,100.0,15,True,incumbent
2000_NJ_House-9_REP,REP,Joseph Tedeschi,7091,100.0,16,True,tedeschi j
2000_NY_House-1_DEM,DEM,Regina Seltzer,6077,50.14,1,True,seltzer r
2000_NY_House-1_DEM,DEM,Michael Forbes,6042,49.86,1,False,forbes m
2000_PA_House-10_DEM,DEM,Pat Casey,24210,82.33,16,True,casey p
2000_PA_House-10_DEM,DEM,Francis McHale,5196,17.67,16,False,mchale f
2000_PA_House-10_REP,REP,Don Sherwood,33933,100.0,17,True,sherwood d
2000_PA_House-11_DEM,DEM,Paul Kanjorski,27985,100.0,18,True,kanjorski p
2000_PA_House-11_REP,REP,Stephen A. Urban,15520,100.0,19,True,urban s
2000_PA_House-12_DEM,DEM,John Murtha,40484,100.0,20,True,murtha j
2000_PA_House-12_REP,REP,Bill Choby,23630,100.0,21,True,choby b
2000_PA_House-13_DEM,DEM,Joe Hoeffel,20749,100.0,22,True,hoeffel j
2000_PA_House-13_REP,REP,Stewart Greenleaf,24623,57.2,23,True,greenleaf s
2000_PA_House-13_REP,REP,John Coffey,18427,42.8,23,False,coffey j
2000_PA_House-14_DEM,DEM,William J. Coyne,44187,100.0,24,True,coyne w
2000_PA_House-15_DEM,DEM,Edward J. O'Brien,18093,100.0,25,True,obrien e
2000_PA_House-15_REP,REP,Pat Toomey,21487,100.0,26,True,toomey p
2000_PA_House-16_DEM,DEM,Bob Yorczyk,9517,100.0,27,True,yorczyk b
2000_PA_House-16_REP,REP,Joe Pitts,34781,100.0,28,True,pitts j
2000_PA_House-17_DEM,DEM,Leslye Hess Herrmann,14356,100.0,29,True,herrmann l
2000_PA_House-17_REP,REP,George Gekas,45221,100.0,30,True,gekas g
2000_PA_House-18_DEM,DEM,Mike Doyle,47827,100.0,31,True,doyle m
2000_PA_House-18_REP,REP,Craig C. Stephens,15311,100.0,32,True,stephens c
2000_PA_House-19_DEM,DEM,Jeff Sanders,11670,53.71,33,True,sanders j
2000_PA_House-19_DEM,DEM,John J. Moran,10057,46.29,33,False,moran j
2000_PA_House-19_REP,REP,Todd Platts,21448,33.33,34,True,platts t
2000_PA_House-19_REP,REP,Albert Masland,18674,29.02,34,False,masland a
2000_PA_House-19_REP,REP,Dick Stewart,11973,18.6,34,False,stewart d
2000_PA_House-19_REP,REP,Charlie Gerow,8314,12.92,34,False,gerow c
2000_PA_House-19_REP,REP,Christopher B. Reilly,3948,6.13,34,False,reilly c
2000_PA_House-1_DEM,DEM,Bob Brady,28333,77.37,1,True,brady b
2000_PA_House-1_DEM,DEM,Andrew Carn,6346,17.33,1,False,carn a
2000_PA_House-1_DEM,DEM,Timothy Hannah,1943,5.3,1,False,hannah t
2000_PA_House-1_REP,REP,Steven N. Kush,4585,100.0,2,True,kush s
2000_PA_House-20_DEM,DEM,Frank Mascara,47462,100.0,35,True,mascara f
2000_PA_House-20_REP,REP,Ronald J. Davis,16038,100.0,36,True,davis r
2000_PA_House-21_DEM,DEM,Marc A. Flitter,24465,100.0,37,True,flitter m
2000_PA_House-21_REP,REP,Phil English,31058,100.0,38,True,english p
2000_PA_House-2_DEM,DEM,Chaka Fattah,46582,100.0,3,True,fattah c
2000_PA_House-3_DEM,DEM,Robert Borski,25439,100.0,4,True,borski r
2000_PA_House-3_REP,REP,Charles F. Dougherty,9945,100.0,5,True,dougherty c
2000_PA_House-4_DEM,DEM,Terry Van Horne,14862,23.54,6,True,horne t
2000_PA_House-4_DEM,DEM,Matthew Mangino,9580,15.18,6,False,mangino m
2000_PA_House-4_DEM,DEM,Jerry Hodge,9022,14.29,6,False,hodge j
2000_PA_House-4_DEM,DEM,Jim Rooker,8226,13.03,6,False,rooker j
2000_PA_House-4_DEM,DEM,Jack Machek,6680,10.58,6,False,machek j
2000_PA_House-4_DEM,DEM,Joe Bellissimo,6318,10.01,6,False,bellissimo j
2000_PA_House-4_DEM,DEM,Royal Hart,5519,8.74,6,False,hart r
2000_PA_House-4_DEM,DEM,Jim Schmitt,2921,4.63,6,False,schmitt j
2000_PA_House-4_REP,REP,Melissa Hart,24142,100.0,7,True,hart m
2000_PA_House-5_REP,REP,John E. Peterson,34482,100.0,8,True,peterson j
2000_PA_House-6_DEM,DEM,Tim Holden,21610,100.0,9,True,holden t
2000_PA_House-6_REP,REP,Thomas G. Kopel,19861,100.0,10,True,kopel t
2000_PA_House-7_DEM,DEM,Peter A. Lennon,10785,100.0,11,True,lennon p
2000_PA_House-7_REP,REP,Curt Weldon,44672,100.0,12,True,weldon c
2000_PA_House-8_DEM,DEM,Ronald L. Strouse,13591,100.0,13,True,strouse r
2000_PA_House-8_REP,REP,Jim Greenwood,25170,67.21,14,True,greenwood j
2000_PA_House-8_REP,REP,Tom Lingenfelter,12278,32.79,14,False,lingenfelter t
2000_PA_House-9_REP,REP,Bud Shuster,37252,100.0,15,True,shuster b
2000_SD_House-1_DEM,DEM,Curt Hohn,12827,56.07,1,True,hohn c
2000_SD_House-1_DEM,DEM,Steve Sandven,8333,36.43,1,False,sandven s
2000_SD_House-1_DEM,DEM,Raymond Earl Osloond Sr.,1715,7.5,1,False,osloond r
2000_VT_House-1_DEM,DEM,Peter Diamondstone,20539,90.94,2,True,diamondstone p
2000_VT_House-1_DEM,DEM,Bernie Sanders,1337,5.92,2,False,sanders b
2000_VT_House-1_DEM,DEM,Write-ins,710,3.14,2,False,writeins
2000_VT_House-1_REP,REP,Karen Ann Kerin,47632,92.47,1,True,kerin k
2000_VT_House-1_REP,REP,Write-ins,2981,5.79,1,False,writeins
2000_VT_House-1_REP,REP,Bernie Sanders,895,1.74,1,False,sanders b
2000_WY_House-1_DEM,DEM,Michael Allen Green,14219,53.11,1,True,green m
2000_WY_House-1_DEM,DEM,Leonard Munker,12555,46.89,1,False,munker l
2000_WY_House-1_REP,REP,Barbara Cubin,54946,77.82,2,True,cubin b
2000_WY_House-1_REP,REP,Larry Jay Herdt,10148,14.37,2,False,herdt l
2000_WY_House-1_REP,REP,Dino Wenino,5515,7.81,2,False,wenino d
2002_AZ_House-1_DEM,DEM,George Cordova,11689,21.7,2,True,cordova g
2002_AZ_House-1_DEM,DEM,Stephen Udall,10690,19.9,2,False,udall s
2002_AZ_House-1_DEM,DEM,Diane Prescott,9629,17.9,2,False,prescott d
2002_AZ_House-1_DEM,DEM,Fred DuVal,8648,16.1,2,False,duval f
2002_AZ_House-1_DEM,DEM,Derrick Watchman,7326,13.6,2,False,watchman d
2002_AZ_House-1_DEM,DEM,Sam Martinez,4908,9.1,2,False,martinez s
2002_AZ_House-1_DEM,DEM,Roger Hartstone,922,1.1,2,False,hartstone r
2002_AZ_House-1_REP,REP,Rick Renzi,11379,24.4,1,True,renzi r
2002_AZ_House-1_REP,REP,Lewis Tenney,9569,20.5,1,False,tenney l
2002_AZ_House-1_REP,REP,Sydney Hay,9550,20.5,1,False,hay s
2002_AZ_House-1_REP,REP,Alan Everett,7321,15.7,1,False,everett a
2002_AZ_House-1_REP,REP,Bruce Whiting,6872,14.8,1,False,whiting b
2002_AZ_House-1_REP,REP,David Stafford,1894,4.1,1,False,stafford d
2002_AZ_House-2_DEM,DEM,Randy Camacho,6507,33.0,5,True,camacho r
2002_AZ_House-2_DEM,DEM,Elizabeth Farley,5994,30.4,5,False,farley e
2002_AZ_House-2_DEM,DEM,Sandy Reagan,3857,19.6,5,False,reagan s
2002_AZ_House-2_DEM,DEM,Linda Calvert,3323,16.9,5,False,calvert l
2002_AZ_House-2_DEM,DEM,Gene Scharer,28,0.1,5,False,scharer g
2002_AZ_House-2_REP,REP,Trent Franks,14749,27.7,4,True,franks t
2002_AZ_House-2_REP,REP,Lisa Atkins,13952,26.2,4,False,atkins l
2002_AZ_House-2_REP,REP,John Keegan,10560,19.8,4,False,keegan j
2002_AZ_House-2_REP,REP,Scott Bundgaard,8701,16.3,4,False,bundgaard s
2002_AZ_House-2_REP,REP,Dusko Jovicic,3805,7.1,4,False,jovicic d
2002_AZ_House-2_REP,REP,Mike Schaefer,933,1.8,4,False,schaefer m
2002_AZ_House-2_REP,REP,Dick Hensky,618,1.2,4,False,hensky d
2002_AZ_House-3_DEM,DEM,Charles Hill,14336,100.0,8,True,hill c
2002_AZ_House-3_REP,REP,John Shadegg,36500,100.0,7,True,shadegg j
2002_AZ_House-4_DEM,DEM,Ed Pastor,17051,100.0,10,True,pastor e
2002_AZ_House-4_REP,REP,Jonathan Barnert,5616,74.6,11,True,barnert j
2002_AZ_House-4_REP,REP,Don Karg,1913,25.4,11,False,karg d
2002_AZ_House-5_DEM,DEM,Craig Columbus,8147,49.0,14,True,columbus c
2002_AZ_House-5_DEM,DEM,Larry King,4903,29.5,14,False,king l
2002_AZ_House-5_DEM,DEM,Ronald E. Maynard,3567,21.5,14,False,maynard r
2002_AZ_House-5_REP,REP,J.D. Hayworth,37325,100.0,13,True,hayworth j
2002_AZ_House-6_DEM,DEM,Deborah Thomas,13720,100.0,17,True,thomas d
2002_AZ_House-6_REP,REP,Jeff Flake,41025,100.0,16,True,flake j
2002_AZ_House-7_DEM,DEM,Raúl Grijalva,14835,40.9,19,True,grijalva r
2002_AZ_House-7_DEM,DEM,Elaine Richardson,7589,20.9,19,False,richardson e
2002_AZ_House-7_DEM,DEM,Jaime Gutierrez,5401,14.9,19,False,gutierrez j
2002_AZ_House-7_DEM,DEM,Lisa Otondo,2302,6.3,19,False,otondo l
2002_AZ_House-7_DEM,DEM,Luis Armando Gonzales,2105,5.8,19,False,gonzales l
2002_AZ_House-7_DEM,DEM,Mark Fleisher,2022,5.6,19,False,fleisher m
2002_AZ_House-7_DEM,DEM,Sherry Smith,1058,2.9,19,False,smith s
2002_AZ_House-7_DEM,DEM,Jésus Romo,1008,2.8,19,False,romo j
2002_AZ_House-7_REP,REP,Ross Hieb,6426,39.8,20,True,hieb r
2002_AZ_House-7_REP,REP,Joseph Sweeney,4781,29.6,20,False,sweeney j
2002_AZ_House-7_REP,REP,Al Piña,2372,16.9,20,False,pina a
2002_AZ_House-7_REP,REP,Lori Lustig,2207,13.7,20,False,lustig l
2002_AZ_House-8_DEM,DEM,Mary Judge Ryan,32322,100.0,23,True,ryan m
2002_AZ_House-8_REP,REP,Jim Kolbe,35546,72.5,22,True,kolbe j
2002_AZ_House-8_REP,REP,James Behnke,13502,27.5,22,False,behnke j
2002_CO_House-1_DEM,DEM,Diana DeGette,24526,73.5,1,True,degette d
2002_CO_House-1_DEM,DEM,Ramona Martinez,8853,26.5,1,False,martinez r
2002_CO_House-1_REP,REP,Ken Chlouber,14516,100.0,2,True,chlouber k
2002_CO_House-2_DEM,DEM,Mark Udall,13205,100.0,3,True,udall m
2002_CO_House-2_REP,REP,Sandy Hume,9842,61.0,4,True,hume s
2002_CO_House-2_REP,REP,Bob Vehar,6300,39.0,4,False,vehar b
2002_CO_House-3_DEM,DEM,Denis Berckefeldt,15732,100.0,6,True,berckefeldt d
2002_CO_House-3_REP,REP,Scott McInnis,31149,100.0,5,True,mcinnis s
2002_CO_House-4_DEM,DEM,Stan Matsunaka,12235,100.0,8,True,matsunaka s
2002_CO_House-4_REP,REP,Marilyn Musgrave,28683,64.6,7,True,musgrave m
2002_CO_House-4_REP,REP,Jeff Bedingfield,15743,35.4,7,False,bedingfield j
2002_CO_House-5_DEM,DEM,Curtis Imrie,4108,100.0,10,True,imrie c
2002_CO_House-5_REP,REP,Joel Hefley,26133,100.0,9,True,hefley j
2002_CO_House-6_DEM,DEM,Lance Wright,11475,100.0,12,True,wright l
2002_CO_House-6_REP,REP,Tom Tancredo,33900,100.0,11,True,tancredo t
2002_CO_House-7_DEM,DEM,Mike Feeley,11265,56.5,13,True,feeley m
2002_CO_House-7_DEM,DEM,Dave Thomas,8690,43.5,13,False,thomas d
2002_CO_House-7_REP,REP,Bob Beauprez,10172,38.2,14,True,beauprez b
2002_CO_House-7_REP,REP,Rick O'Donnell,8213,30.8,14,False,odonnell r
2002_CO_House-7_REP,REP,Samir Zakhem,4848,18.2,14,False,zakhem s
2002_CO_House-7_REP,REP,Joe Rogers,3430,12.9,14,False,rogers j
2002_MN_House-1_REP,REP,Gil Gutknecht,25978,100.0,1,True,gutknecht g
2002_MN_House-2_REP,REP,John Kline,22596,100.0,4,True,kline j
2002_MN_House-3_REP,REP,Jim Ramstad,26275,100.0,6,True,ramstad j
2002_MN_House-4_REP,REP,Clyde Billington,14052,100.0,9,True,billington c
2002_MN_House-5_REP,REP,Daniel Nielsen Mathias,9947,100.0,12,True,mathias d
2002_MN_House-6_REP,REP,Mark Kennedy,22239,100.0,15,True,kennedy m
2002_MN_House-7_REP,REP,Dan Stevens,29855,100.0,18,True,stevens d
2002_MN_House-8_REP,REP,Robert Lemen,13422,50.6,20,True,lemen r
2002_MN_House-8_REP,REP,Warren Nelson,13132,49.4,20,False,nelson w
2002_MT_House-1_DEM,DEM,Steve Kelly,40441,74.28,1,True,kelly s
2002_MT_House-1_DEM,DEM,Robert Candee,14003,25.72,1,False,candee r
2002_MT_House-1_REP,REP,Denny Rehberg,83617,100.0,2,True,rehberg d
2002_NE_House-1_REP,REP,Doug Bereuter,40911,100.0,1,True,bereuter d
2002_NE_House-2_DEM,DEM,Jim Simon,16377,100.0,4,True,simon j
2002_NE_House-2_REP,REP,Lee Terry,24193,100.0,3,True,terry l
2002_NE_House-3_REP,REP,Tom Osborne,78297,100.0,6,True,osborne t
2002_NJ_House-10_DEM,DEM,incumbent,33851,84.09,18,True,incumbent
2002_NJ_House-10_DEM,DEM,Edward A. Allen,3583,8.9,18,False,allen e
2002_NJ_House-10_DEM,DEM,Edmund Proctor,2818,7.0,18,False,proctor e
2002_NJ_House-10_REP,REP,Andrew Wirtz,2005,100.0,19,True,wirtz a
2002_NJ_House-11_DEM,DEM,Vij Pawar,6462,100.0,21,True,pawar v
2002_NJ_House-11_REP,REP,incumbent,29691,100.0,20,True,incumbent
2002_NJ_House-12_DEM,DEM,incumbent,9618,100.0,22,True,incumbent
2002_NJ_House-12_REP,REP,DeForest Soaries,9596,80.63,23,True,soaries d
2002_NJ_House-12_REP,REP,Deborah Jones,2306,19.37,23,False,jones d
2002_NJ_House-13_DEM,DEM,incumbent,37357,100.0,24,True,incumbent
2002_NJ_House-13_REP,REP,James Geron,3420,100.0,25,True,geron j
2002_NJ_House-1_DEM,DEM,incumbent,18362,100.0,1,True,incumbent
2002_NJ_House-2_DEM,DEM,Steven A. Farkas,9182,100.0,3,True,farkas s
2002_NJ_House-2_REP,REP,incumbent,25335,100.0,2,True,incumbent
2002_NJ_House-3_DEM,DEM,Richard Strada,10431,100.0,5,True,strada r
2002_NJ_House-3_REP,REP,incumbent,24884,100.0,4,True,incumbent
2002_NJ_House-4_DEM,DEM,Mary Brennan,8589,100.0,7,True,brennan m
2002_NJ_House-4_REP,REP,incumbent,19667,100.0,6,True,incumbent
2002_NJ_House-5_DEM,DEM,Anne Sumers,6365,100.0,9,True,sumers a
2002_NJ_House-5_REP,REP,Scott Garrett,16234,44.99,8,True,garrett s
2002_NJ_House-5_REP,REP,David C. Russo,9299,25.77,8,False,russo d
2002_NJ_House-5_REP,REP,Gerald Cardinale,9109,25.25,8,False,cardinale g
2002_NJ_House-5_REP,REP,Akram Yosri Abdelrahman,773,2.14,8,False,abdelrahman a
2002_NJ_House-5_REP,REP,Brian Fox,665,1.84,8,False,fox b
2002_NJ_House-6_DEM,DEM,incumbent,11005,100.0,10,True,incumbent
2002_NJ_House-6_REP,REP,Ric Medrow,6505,100.0,11,True,medrow r
2002_NJ_House-7_DEM,DEM,Tim Carden,6217,90.67,13,True,carden t
2002_NJ_House-7_DEM,DEM,Tyrone Cass Ross,640,9.33,13,False,ross t
2002_NJ_House-7_REP,REP,incumbent,20244,100.0,12,True,incumbent
2002_NJ_House-8_DEM,DEM,incumbent,10462,100.0,14,True,incumbent
2002_NJ_House-8_REP,REP,Ric Medrow,6505,100.0,15,True,medrow r
2002_NJ_House-9_DEM,DEM,incumbent,16362,100.0,16,True,incumbent
2002_NJ_House-9_REP,REP,Joseph Glass,7336,100.0,17,True,glass j
2002_PA_House-10_REP,REP,Don Sherwood,30622,100.0,16,True,sherwood d
2002_PA_House-11_DEM,DEM,Paul Kanjorski,51027,100.0,17,True,kanjorski p
2002_PA_House-11_REP,REP,Lou Barletta,15311,100.0,18,True,barletta l
2002_PA_House-12_DEM,DEM,John Murtha,60687,64.2,19,True,murtha j
2002_PA_House-12_DEM,DEM,Frank Mascara,33837,35.8,19,False,mascara f
2002_PA_House-12_REP,REP,Bill Choby,16851,100.0,20,True,choby b
2002_PA_House-13_DEM,DEM,Joe Hoeffel,62793,100.0,21,True,hoeffel j
2002_PA_House-13_REP,REP,Melissa Brown,19917,55.17,22,True,brown m
2002_PA_House-13_REP,REP,Al Taubenberger,16184,44.83,22,False,taubenberger a
2002_PA_House-14_DEM,DEM,Mike Doyle,72886,100.0,23,True,doyle m
2002_PA_House-15_DEM,DEM,Edward J. O'Brien,32671,100.0,24,True,obrien e
2002_PA_House-15_REP,REP,Pat Toomey,23602,100.0,25,True,toomey p
2002_PA_House-16_REP,REP,Joe Pitts,35759,100.0,26,True,pitts j
2002_PA_House-17_DEM,DEM,Tim Holden,35940,100.0,27,True,holden t
2002_PA_House-17_REP,REP,George Gekas,39734,100.0,28,True,gekas g
2002_PA_House-18_DEM,DEM,Jack Machek,28565,47.05,29,True,machek j
2002_PA_House-18_DEM,DEM,Larry Maggi,23392,38.53,29,False,maggi l
2002_PA_House-18_DEM,DEM,Bob Domske,8756,14.42,29,False,domske b
2002_PA_House-18_REP,REP,Tim Murphy,24324,100.0,30,True,murphy t
2002_PA_House-19_REP,REP,Todd Platts,34026,76.59,31,True,platts t
2002_PA_House-19_REP,REP,Tom Glennon,7150,16.09,31,False,glennon t
2002_PA_House-19_REP,REP,Lester B. Searer,1921,4.32,31,False,searer l
2002_PA_House-19_REP,REP,Mike Johnson,1332,3.0,31,False,johnson m
2002_PA_House-1_DEM,DEM,Bob Brady,75798,100.0,1,True,brady b
2002_PA_House-1_REP,REP,Marie G. Delany,7208,100.0,2,True,delany m
2002_PA_House-2_DEM,DEM,Chaka Fattah,108589,100.0,3,True,fattah c
2002_PA_House-2_REP,REP,Thomas G. Dougherty,5545,100.0,4,True,dougherty t
2002_PA_House-3_REP,REP,Phil English,29803,100.0,5,True,english p
2002_PA_House-4_DEM,DEM,Stevan Drobac,30413,54.26,6,True,drobac s
2002_PA_House-4_DEM,DEM,Mark A. Purcell,25634,45.74,6,False,purcell m
2002_PA_House-4_REP,REP,Melissa Hart,26467,100.0,7,True,hart m
2002_PA_House-5_REP,REP,John E. Peterson,36659,100.0,8,True,peterson j
2002_PA_House-6_DEM,DEM,Dan Wofford,30710,62.52,9,True,wofford d
2002_PA_House-6_DEM,DEM,Frank Thomas,18412,37.48,9,False,thomas f
2002_PA_House-6_REP,REP,Jim Gerlach,27821,100.0,10,True,gerlach j
2002_PA_House-7_DEM,DEM,Peter A. Lennon,27503,100.0,11,True,lennon p
2002_PA_House-7_REP,REP,Curt Weldon,46046,100.0,12,True,weldon c
2002_PA_House-8_REP,REP,Jim Greenwood,31327,69.14,13,True,greenwood j
2002_PA_House-8_REP,REP,Tom Lingenfelter,13981,30.86,13,False,lingenfelter t
2002_PA_House-9_DEM,DEM,John R. Henry,29604,100.0,14,True,henry j
2002_PA_House-9_REP,REP,Bill Shuster,33538,74.01,15,True,shuster b
2002_PA_House-9_REP,REP,David S. Keller,6319,13.95,15,False,keller d
2002_PA_House-9_REP,REP,David E. Bahr,5457,12.04,15,False,bahr d
2002_SD_House-1_DEM,DEM,Stephanie Herseth,39576,58.15,2,True,herseth s
2002_SD_House-1_DEM,DEM,Rick Weiland,22083,32.45,2,False,weiland r
2002_SD_House-1_DEM,DEM,Dick Casey,4732,6.95,2,False,casey d
2002_SD_House-1_DEM,DEM,Denny Pierson,1671,2.46,2,False,pierson d
2002_SD_House-1_REP,REP,Bill Janklow,60575,54.93,1,True,janklow b
2002_SD_House-1_REP,REP,Larry Pressler,29992,27.2,1,False,pressler l
2002_SD_House-1_REP,REP,Tim Amdahl,10593,9.61,1,False,amdahl t
2002_SD_House-1_REP,REP,Roger Hunt,7799,7.07,1,False,hunt r
2002_SD_House-1_REP,REP,Bert Tollefson,1311,1.19,1,False,tollefson b
2002_TN_House-1_DEM,DEM,Write-Ins,494,100.0,1,True,writeins
2002_TN_House-1_REP,REP,Bill Jenkins,127300,98.77,3,True,jenkins b
2002_TN_House-2_DEM,DEM,John Greene,23885,100.0,4,True,greene j
2002_TN_House-2_DEM,DEM,Write-Ins,3,0.0,4,False,writeins
2002_TN_House-2_REP,REP,John J. Duncan Jr.,67582,91.7,5,True,duncan j
2002_TN_House-2_REP,REP,Jim Pendergrass,6095,8.3,5,False,pendergrass j
2002_TN_House-3_DEM,DEM,John Wolfe,22731,66.1,7,True,wolfe j
2002_TN_House-3_DEM,DEM,"Norman E. Knott, Jr.",11517,33.5,7,False,knott n
2002_TN_House-3_DEM,DEM,Write-Ins,150,0.4,7,False,writeins
2002_TN_House-3_REP,REP,Zach Wamp,59410,99.3,8,True,wamp z
2002_TN_House-3_REP,REP,Write-Ins,392,0.7,8,False,writeins
2002_TN_House-4_DEM,DEM,Lincoln Davis,48843,57.0,11,True,davis l
2002_TN_House-4_DEM,DEM,Fran Marcum,36779,42.92,11,False,marcum f
2002_TN_House-4_DEM,DEM,Write-in,64,0.07,11,False,writein
2002_TN_House-4_REP,REP,Janice Bowling,20709,37.1,10,True,bowling j
2002_TN_House-4_REP,REP,Mike Greene,13563,24.3,10,False,greene m
2002_TN_House-4_REP,REP,Andy Ogles,8201,14.69,10,False,ogles a
2002_TN_House-4_REP,REP,John Bumpus,7245,12.98,10,False,bumpus j
2002_TN_House-4_REP,REP,Mike Coffield,4991,8.94,10,False,coffield m
2002_TN_House-4_REP,REP,Harvey Howard,1063,1.91,10,False,howard h
2002_TN_House-4_REP,REP,Write-ins,41,0.07,10,False,writeins
2002_TN_House-5_DEM,DEM,Jim Cooper,32651,46.7,13,True,cooper j
2002_TN_House-5_DEM,DEM,John Arriola,16878,24.2,13,False,arriola j
2002_TN_House-5_DEM,DEM,Gayle Ray,16087,23.0,13,False,ray g
2002_TN_House-5_DEM,DEM,David C. Mills,1657,2.4,13,False,mills d
2002_TN_House-5_DEM,DEM,Carlton Cornett,1096,1.6,13,False,cornett c
2002_TN_House-5_DEM,DEM,Ronnie Steine,901,1.3,13,False,steine r
2002_TN_House-5_DEM,DEM,Adam Cox,593,0.8,13,False,cox a
2002_TN_House-5_DEM,DEM,Write-Ins,21,0.0,13,False,writeins
2002_TN_House-5_REP,REP,Robert Duvall,11572,45.3,14,True,duvall r
2002_TN_House-5_REP,REP,Thomas W. Lawless,5759,22.5,14,False,lawless t
2002_TN_House-5_REP,REP,Kevin Wilkinson,5608,21.9,14,False,wilkinson k
2002_TN_House-5_REP,REP,Remo Circo,2009,7.9,14,False,circo r
2002_TN_House-5_REP,REP,Ben J. Tomeo,600,2.3,14,False,tomeo b
2002_TN_House-5_REP,REP,Write-Ins,23,0.1,14,False,writeins
2002_TN_House-6_DEM,DEM,Bart Gordon,69121,91.6,16,True,gordon b
2002_TN_House-6_DEM,DEM,Harvey Howard,6255,8.3,16,False,howard h
2002_TN_House-6_DEM,DEM,Write-Ins,99,0.1,16,False,writeins
2002_TN_House-6_REP,REP,Robert L. Garrison,34329,99.6,17,True,garrison r
2002_TN_House-6_REP,REP,Write-Ins,147,0.4,17,False,writeins
2002_TN_House-7_DEM,DEM,Tim Barron,22789,71.0,19,True,barron t
2002_TN_House-7_DEM,DEM,Omer R. Hayden,9262,28.9,19,False,hayden o
2002_TN_House-7_DEM,DEM,Write-Ins,25,0.1,19,False,writeins
2002_TN_House-7_REP,REP,Marsha Blackburn,36633,40.32,20,True,blackburn m
2002_TN_House-7_REP,REP,David Kustoff,18392,20.24,20,False,kustoff d
2002_TN_House-7_REP,REP,Brent Taylor,14139,15.56,20,False,taylor b
2002_TN_House-7_REP,REP,Mark Norris,13104,14.42,20,False,norris m
2002_TN_House-7_REP,REP,Forrest Shoaf,7319,8.06,20,False,shoaf f
2002_TN_House-7_REP,REP,Sonny Carlota,642,0.71,20,False,carlota s
2002_TN_House-7_REP,REP,Randy Starkey,628,0.69,20,False,starkey r
2002_TN_House-8_DEM,DEM,John Tanner,66015,86.8,22,True,tanner j
2002_TN_House-8_DEM,DEM,Richard Ward,10069,13.2,22,False,ward r
2002_TN_House-8_DEM,DEM,Write-Ins,12,0.0,22,False,writeins
2002_TN_House-8_REP,REP,Mat McClain,18878,56.5,23,True,mcclain m
2002_TN_House-8_REP,REP,Bill Warren,14531,43.5,23,False,warren b
2002_TN_House-8_REP,REP,Write-Ins,26,0.1,23,False,writeins
2002_TN_House-9_DEM,DEM,Harold Ford Jr.,120904,83.81,27,True,ford h
2002_TN_House-9_REP,REP,Write-Ins,5,100.0,26,True,writeins
2002_VT_House-1_DEM,DEM,Bernie Sanders,2583,65.15,1,True,sanders b
2002_VT_House-1_DEM,DEM,Write-ins,1382,34.85,1,False,writeins
2002_VT_House-1_REP,REP,"William ""Bill"" Meub",14105,57.23,2,True,meub w
2002_VT_House-1_REP,REP,Greg Parke,5467,22.18,2,False,parke g
2002_VT_House-1_REP,REP,Karen Ann Kerin,4643,18.84,2,False,kerin k
2002_VT_House-1_REP,REP,Write-ins,431,1.75,2,False,writeins
2002_WY_House-1_DEM,DEM,Ron Akin,20068,63.72,1,True,akin r
2002_WY_House-1_DEM,DEM,John Swett,11526,36.28,1,False,swett j
2002_WY_House-1_REP,REP,Barbara Cubin,66235,100.0,2,True,cubin b
2004_AZ_House-1_DEM,DEM,Paul Babbitt,35422,73.7,2,True,babbitt p
2004_AZ_House-1_DEM,DEM,Bob Donahue,12629,26.3,2,False,donahue b
2004_AZ_House-1_REP,REP,Rick Renzi,36723,100.0,1,True,renzi r
2004_AZ_House-2_DEM,DEM,Randy Camacho,12833,52.7,5,True,camacho r
2004_AZ_House-2_DEM,DEM,Gene Scharer,5875,24.1,5,False,scharer g
2004_AZ_House-2_DEM,DEM,Larry Coor,5652,23.2,5,False,coor l
2004_AZ_House-2_REP,REP,Trent Franks,45261,63.6,4,True,franks t
2004_AZ_House-2_REP,REP,Rick L. Murphy,25871,36.4,4,False,murphy r
2004_AZ_House-3_REP,REP,John Shadegg,43552,100.0,7,True,shadegg j
2004_AZ_House-4_DEM,DEM,Ed Pastor,15201,100.0,9,True,pastor e
2004_AZ_House-4_REP,REP,Don Karg,8854,100.0,10,True,karg d
2004_AZ_House-5_DEM,DEM,Elizabeth Rogers,11362,69.5,13,True,rogers e
2004_AZ_House-5_DEM,DEM,Ronald Maynard,4985,30.5,13,False,maynard r
2004_AZ_House-5_REP,REP,J. D. Hayworth,43166,79.3,12,True,hayworth j
2004_AZ_House-5_REP,REP,Roselyn O'Connell,11296,20.7,12,False,oconnell r
2004_AZ_House-6_REP,REP,Jeff Flake,33784,59.3,15,True,flake j
2004_AZ_House-6_REP,REP,Stan Barnes,23186,40.7,15,False,barnes s
2004_AZ_House-7_DEM,DEM,Raúl Grijalva,26450,100.0,17,True,grijalva r
2004_AZ_House-7_REP,REP,Joseph Sweeney,11990,70.1,18,True,sweeney j
2004_AZ_House-7_REP,REP,Lou Muñoz,5107,29.9,18,False,munoz l
2004_AZ_House-8_DEM,DEM,Eva Bacal,20216,58.6,21,True,bacal e
2004_AZ_House-8_DEM,DEM,Tim Sultan,9177,26.6,21,False,sultan t
2004_AZ_House-8_DEM,DEM,Jeffrey Chimene,5093,14.8,21,False,chimene j
2004_AZ_House-8_REP,REP,Jim Kolbe,36039,57.5,20,True,kolbe j
2004_AZ_House-8_REP,REP,Randy Graf,26686,42.5,20,False,graf r
2004_CO_House-1_DEM,DEM,Diana DeGette,47579,100.0,1,True,degette d
2004_CO_House-1_REP,REP,Roland Chicas,16417,100.0,2,True,chicas r
2004_CO_House-2_DEM,DEM,Mark Udall,32679,100.0,3,True,udall m
2004_CO_House-2_REP,REP,Stephen Hackman,12538,52.1,4,True,hackman s
2004_CO_House-2_REP,REP,Michael Kennedy,11518,47.9,4,False,kennedy m
2004_CO_House-3_DEM,DEM,John Salazar,34464,100.0,6,True,salazar j
2004_CO_House-3_REP,REP,Greg Walcher,15572,31.9,5,True,walcher g
2004_CO_House-3_REP,REP,Matt Smith,15298,31.3,5,False,smith m
2004_CO_House-3_REP,REP,Gregg Rippy,7968,16.3,5,False,rippy g
2004_CO_House-3_REP,REP,Dan Corsentino,5612,11.5,5,False,corsentino d
2004_CO_House-3_REP,REP,Matt Aljanich,4408,9.0,5,False,aljanich m
2004_CO_House-4_DEM,DEM,Stan Matsunaka,24894,100.0,8,True,matsunaka s
2004_CO_House-4_REP,REP,Marilyn Musgrave,44649,78.1,7,True,musgrave m
2004_CO_House-4_REP,REP,Bob Faust,12553,21.9,7,False,faust b
2004_CO_House-5_DEM,DEM,Fred Hardee,15763,100.0,10,True,hardee f
2004_CO_House-5_REP,REP,Joel Hefley,52282,84.2,9,True,hefley j
2004_CO_House-5_REP,REP,Mike Payton,9785,15.8,9,False,payton m
2004_CO_House-6_DEM,DEM,Joanna Conti,23111,100.0,12,True,conti j
2004_CO_House-6_REP,REP,Tom Tancredo,58446,100.0,11,True,tancredo t
2004_CO_House-7_DEM,DEM,Dave Thomas,27706,100.0,14,True,thomas d
2004_CO_House-7_REP,REP,Bob Beauprez,34729,100.0,13,True,beauprez b
2004_MN_House-1_REP,REP,Gil Gutknecht,17651,100.0,1,True,gutknecht g
2004_MN_House-2_REP,REP,John Kline,12710,100.0,4,True,kline j
2004_MN_House-3_REP,REP,Jim Ramstad,19232,89.9,7,True,ramstad j
2004_MN_House-3_REP,REP,Burton Hanson,2159,10.1,7,False,hanson b
2004_MN_House-4_REP,REP,Patrice Bataglia,7969,76.7,10,True,bataglia p
2004_MN_House-4_REP,REP,Jack Shepard,2417,23.3,10,False,shepard j
2004_MN_House-5_REP,REP,Daniel Mathias,5840,100.0,13,True,mathias d
2004_MN_House-6_REP,REP,Mark Kennedy,11817,100.0,15,True,kennedy m
2004_MN_House-7_REP,REP,David Sturrock,10882,100.0,18,True,sturrock d
2004_MN_House-8_REP,REP,Mark Groettum,13429,100.0,20,True,groettum m
2004_MS_House-2_DEM,DEM,Bennie Thompson,24316,100.0,1,True,thompson b
2004_MS_House-2_REP,REP,Clinton LeSueur,14468,84.83,2,True,lesueur c
2004_MS_House-2_REP,REP,Stephanie Summers-O'Neal,1319,7.73,2,False,summersoneal s
2004_MS_House-2_REP,REP,James Broadwater,1266,7.42,2,False,broadwater j
2004_MS_House-2_REP,REP,Write-in,3,0.02,2,False,writein
2004_MS_House-4_DEM,DEM,Gene Taylor,938,100.0,3,True,taylor g
2004_MS_House-4_REP,REP,Michael Lott,14468,84.83,4,True,lott m
2004_MS_House-4_REP,REP,Stephanie Summers-O'Neal,1319,7.73,4,False,summersoneal s
2004_MS_House-4_REP,REP,James Broadwater,1266,7.42,4,False,broadwater j
2004_MS_House-4_REP,REP,Write-in,3,0.02,4,False,writein
2004_NE_House-1_DEM,DEM,Matt Connealy,14807,40.85,2,True,connealy m
2004_NE_House-1_DEM,DEM,Janet Stewart,9857,27.19,2,False,stewart j
2004_NE_House-1_DEM,DEM,Charlie Matulka,2750,7.59,2,False,matulka c
2004_NE_House-1_DEM,DEM,Phil Chase,2080,5.74,2,False,chase p
2004_NE_House-1_REP,REP,Jeff Fortenberry,18735,30.63,1,True,fortenberry j
2004_NE_House-1_REP,REP,Curt Bromm,15708,25.67,1,False,bromm c
2004_NE_House-1_REP,REP,Greg Ruehle,10077,16.49,1,False,ruehle g
2004_NE_House-1_REP,REP,Bob Van Valkenburg,1044,1.71,1,False,valkenburg b
2004_NE_House-1_REP,REP,Daniel Manning,1027,1.68,1,False,manning d
2004_NE_House-1_REP,REP,Greg Walburn,696,1.14,1,False,walburn g
2004_NE_House-1_REP,REP,Andrew J. Ringsmuth,469,0.77,1,False,ringsmuth a
2004_NE_House-2_DEM,DEM,Nancy Thompson,18573,100.0,5,True,thompson n
2004_NE_House-2_REP,REP,Lee Terry,23463,100.0,4,True,terry l
2004_NE_House-3_DEM,DEM,Donna J. Anderson,19747,100.0,8,True,anderson d
2004_NE_House-3_REP,REP,Tom Osborne,58558,100.0,7,True,osborne t
2004_NM_House-1_DEM,DEM,Richard Romero,20632,58.28,1,True,romero r
2004_NM_House-1_DEM,DEM,Miles Jay Nelson,14768,41.72,1,False,nelson m
2004_NM_House-2_DEM,DEM,Gary King,22779,64.87,2,True,king g
2004_NM_House-2_DEM,DEM,Jeff Steinborn,12335,35.13,2,False,steinborn j
2004_NV_House-1_DEM,DEM,Shelley Berkley,27765,83.2,1,True,berkley s
2004_NV_House-1_DEM,DEM,Ann Reynolds,3208,9.6,1,False,reynolds a
2004_NV_House-1_DEM,DEM,Brian Kral,2412,7.2,1,False,kral b
2004_NV_House-1_REP,REP,Russ Mickelson,11868,63.5,2,True,mickelson r
2004_NV_House-1_REP,REP,Lewis Byer,4806,25.7,2,False,byer l
2004_NV_House-1_REP,REP,Francisco Tamez,2026,10.8,2,False,tamez f
2004_NV_House-2_DEM,DEM,Angie Cochran,18319,50.6,3,True,cochran a
2004_NV_House-2_DEM,DEM,David Bennett,17859,49.4,3,False,bennett d
2004_NV_House-3_DEM,DEM,Tom Gallagher,23349,69.5,4,True,gallagher t
2004_NV_House-3_DEM,DEM,Shanna Phillips,2573,7.7,4,False,phillips s
2004_NV_House-3_DEM,DEM,Anna Nevenic,2239,6.7,4,False,nevenic a
2004_NV_House-3_DEM,DEM,Rick DeVoe,2217,6.6,4,False,devoe r
2004_NV_House-3_DEM,DEM,Mark Budetich Jr.,1833,5.5,4,False,budetich m
2004_NV_House-3_DEM,DEM,Ron Von Felden,1383,4.1,4,False,felden r
2004_OR_House-1_DEM,DEM,David Wu,62001,98.99,1,True,wu d
2004_OR_House-1_REP,REP,Goli Ameri,26451,48.22,2,True,ameri g
2004_OR_House-1_REP,REP,Jason D.C. Meshed,14495,26.43,2,False,meshed j
2004_OR_House-1_REP,REP,Tim Phillips,13316,24.28,2,False,phillips t
2004_OR_House-2_DEM,DEM,John C. McColgan,45521,97.86,3,True,mccolgan j
2004_OR_House-2_REP,REP,Greg Walden,79686,99.32,4,True,walden g
2004_OR_House-3_DEM,DEM,Earl Blumenauer,76811,89.01,5,True,blumenauer e
2004_OR_House-3_DEM,DEM,John Sweeney,9207,10.67,5,False,sweeney j
2004_OR_House-3_REP,REP,Tami Mars,21572,94.01,6,True,mars t
2004_OR_House-4_DEM,DEM,Peter A. DeFazio,78414,99.23,7,True,defazio p
2004_OR_House-4_REP,REP,Jim Feldkamp,51500,97.75,8,True,feldkamp j
2004_OR_House-5_DEM,DEM,Darlene Hooley,59407,85.11,9,True,hooley d
2004_OR_House-5_DEM,DEM,Andrew Kaza,10027,14.37,9,False,kaza a
2004_OR_House-5_REP,REP,Jim Zupancic,37856,59.33,10,True,zupancic j
2004_OR_House-5_REP,REP,Jackie Winters,25529,40.01,10,False,winters j
2004_PA_House-10_REP,REP,Don Sherwood,54115,100.0,18,True,sherwood d
2004_PA_House-11_DEM,DEM,Paul Kanjorski,35055,100.0,19,True,kanjorski p
2004_PA_House-12_DEM,DEM,John Murtha,61190,100.0,20,True,murtha j
2004_PA_House-13_DEM,DEM,Allyson Schwartz,24309,52.23,21,True,schwartz a
2004_PA_House-13_DEM,DEM,Joe Torsella,22232,47.77,21,False,torsella j
2004_PA_House-13_REP,REP,Melissa Brown,22656,38.73,22,True,brown m
2004_PA_House-13_REP,REP,Ellen Bard,20341,34.78,22,False,bard e
2004_PA_House-13_REP,REP,Al Taubenberger,15492,26.49,22,False,taubenberger a
2004_PA_House-14_DEM,DEM,Mike Doyle,63033,100.0,23,True,doyle m
2004_PA_House-15_DEM,DEM,Joe Driscoll,18768,56.36,24,True,driscoll j
2004_PA_House-15_DEM,DEM,Richard J. Orloski,14535,43.64,24,False,orloski r
2004_PA_House-15_REP,REP,Charlie Dent,25376,51.5,25,True,dent c
2004_PA_House-15_REP,REP,Joe Pascuzzo,16152,32.78,25,False,pascuzzo j
2004_PA_House-15_REP,REP,Brian O'Neill,7749,15.72,25,False,oneill b
2004_PA_House-16_DEM,DEM,Lois Herr,12522,100.0,26,True,herr l
2004_PA_House-16_REP,REP,Joe Pitts,54345,100.0,27,True,pitts j
2004_PA_House-17_DEM,DEM,Tim Holden,31127,100.0,28,True,holden t
2004_PA_House-17_REP,REP,Scott Paterno,19258,26.78,29,True,paterno s
2004_PA_House-17_REP,REP,Ron Hostetler,15370,21.37,29,False,hostetler r
2004_PA_House-17_REP,REP,William B. Lynch,12172,16.92,29,False,lynch w
2004_PA_House-17_REP,REP,Susan C. Helm,9128,12.69,29,False,helm s
2004_PA_House-17_REP,REP,Frank Ryan,9061,12.6,29,False,ryan f
2004_PA_House-17_REP,REP,Mark Stewart,6935,9.64,29,False,stewart m
2004_PA_House-18_DEM,DEM,Mark G. Boles,42743,100.0,30,True,boles m
2004_PA_House-18_REP,REP,Tim Murphy,47737,100.0,31,True,murphy t
2004_PA_House-19_REP,REP,Todd Platts,65207,100.0,32,True,platts t
2004_PA_House-1_DEM,DEM,Bob Brady,45426,100.0,1,True,brady b
2004_PA_House-1_REP,REP,Deborah L. Williams,6486,100.0,2,True,williams d
2004_PA_House-2_DEM,DEM,Chaka Fattah,61456,100.0,3,True,fattah c
2004_PA_House-2_REP,REP,Stewart Bolno,7058,100.0,4,True,bolno s
2004_PA_House-3_DEM,DEM,Steven Porter,32544,100.0,5,True,porter s
2004_PA_House-3_REP,REP,Phil English,50634,100.0,6,True,english p
2004_PA_House-4_DEM,DEM,Stevan Drobac,29024,61.04,7,True,drobac s
2004_PA_House-4_DEM,DEM,Eric A. Wafer,18529,38.96,7,False,wafer e
2004_PA_House-4_REP,REP,Melissa Hart,53721,100.0,8,True,hart m
2004_PA_House-5_REP,REP,John E. Peterson,47216,77.76,9,True,peterson j
2004_PA_House-5_REP,REP,Bob Perry,13501,22.24,9,False,perry b
2004_PA_House-6_DEM,DEM,Lois Murphy,23310,100.0,10,True,murphy l
2004_PA_House-6_REP,REP,Jim Gerlach,50809,100.0,11,True,gerlach j
2004_PA_House-7_DEM,DEM,Greg Philips,15552,100.0,12,True,philips g
2004_PA_House-7_REP,REP,Curt Weldon,66816,100.0,13,True,weldon c
2004_PA_House-8_DEM,DEM,Virginia Waters Schrader,17313,61.28,14,True,schrader v
2004_PA_House-8_DEM,DEM,Tom Lingenfelter,10941,38.72,14,False,lingenfelter t
2004_PA_House-8_REP,REP,Jim Greenwood,38279,69.12,15,True,greenwood j
2004_PA_House-8_REP,REP,Joseph V. Montone,17098,30.88,15,False,montone j
2004_PA_House-9_DEM,DEM,Paul I. Politis,28092,100.0,16,True,politis p
2004_PA_House-9_REP,REP,Bill Shuster,43097,51.34,17,True,shuster b
2004_PA_House-9_REP,REP,Michael DelGrosso,40845,48.66,17,False,delgrosso m
2004_TN_House-1_DEM,DEM,Graham Leonard,4834,46.98,1,True,leonard g
2004_TN_House-1_DEM,DEM,William Malcolm Earp Jr.,2770,26.92,1,False,earp w
2004_TN_House-1_DEM,DEM,Lewis Hopkins Jr.,2686,26.1,1,False,hopkins l
2004_TN_House-1_REP,REP,"William L. ""Bill"" Jenkins",32726,89.73,2,True,jenkins w
2004_TN_House-1_REP,REP,David R. Smith II,3747,10.27,2,False,smith d
2004_TN_House-2_DEM,DEM,John Greene,6169,51.62,4,True,greene j
2004_TN_House-2_DEM,DEM,Robert R. Scott,5782,48.38,4,False,scott r
2004_TN_House-2_REP,REP,John J. Duncan Jr.,41362,91.46,5,True,duncan j
2004_TN_House-2_REP,REP,Debbie Jones Howard,3861,8.54,5,False,howard d
2004_TN_House-3_DEM,DEM,John Wolfe,14766,59.53,7,True,wolfe j
2004_TN_House-3_DEM,DEM,Betty F. Williamson,10037,40.47,7,False,williamson b
2004_TN_House-3_REP,REP,Zach Wamp,30183,90.05,8,True,wamp z
2004_TN_House-3_REP,REP,Timothy A. Sevier,3334,9.95,8,False,sevier t
2004_TN_House-4_DEM,DEM,Lincoln Davis,36462,91.39,10,True,davis l
2004_TN_House-4_DEM,DEM,Harvey Howard,3435,8.61,10,False,howard h
2004_TN_House-4_REP,REP,Janice Bowling,19246,86.92,11,True,bowling j
2004_TN_House-4_REP,REP,Dale Harvey,2431,10.98,11,False,harvey d
2004_TN_House-4_REP,REP,Don Cuva,465,2.1,11,False,cuva d
2004_TN_House-5_DEM,DEM,Jim Cooper,22396,100.0,13,True,cooper j
2004_TN_House-5_REP,REP,Scott Knapp,8110,100.0,14,True,knapp s
2004_TN_House-6_DEM,DEM,Bart Gordon,28524,93.25,16,True,gordon b
2004_TN_House-6_DEM,DEM,Robert C. Hall,2066,6.75,16,False,hall r
2004_TN_House-6_REP,REP,Nick Demas,7657,51.52,17,True,demas n
2004_TN_House-6_REP,REP,Elizabeth Hall,7205,48.48,17,False,hall e
2004_TN_House-7_REP,REP,Marsha Blackburn,232404,100.0,20,True,blackburn m
2004_TN_House-8_DEM,DEM,John Tanner,28427,100.0,21,True,tanner j
2004_TN_House-8_REP,REP,James L. Hart,8227,78.5,22,True,hart j
2004_TN_House-8_REP,REP,Dennis K. Bertrand,2253,21.5,22,False,bertrand d
2004_TN_House-9_DEM,DEM,Harold Ford Jr.,33708,100.0,24,True,ford h
2004_TN_House-9_REP,REP,Ruben M. Fort,12532,100.0,25,True,fort r
2004_UT_House-2_REP,REP,John Swallow,28137,53.0,1,True,swallow j
2004_UT_House-2_REP,REP,Tim Bridgewater,24960,47.0,1,False,bridgewater t
2004_UT_House-3_REP,REP,Chris Cannon,27663,58.4,2,True,cannon c
2004_UT_House-3_REP,REP,Matt Throckmorton,19672,41.6,2,False,throckmorton m
2004_VA_House-8_DEM,DEM,Jim Moran,24121,58.6,1,True,moran j
2004_VA_House-8_DEM,DEM,Andrew Rosenberg,17067,41.4,1,False,rosenberg a
2004_WY_House-1_DEM,DEM,Ted Ladd,14716,47.83,1,True,ladd t
2004_WY_House-1_DEM,DEM,John I. Henley,13208,42.93,1,False,henley j
2004_WY_House-1_DEM,DEM,Al Hamburg,2845,9.25,1,False,hamburg a
2004_WY_House-1_REP,REP,Barbara Cubin,45433,55.01,2,True,cubin b
2004_WY_House-1_REP,REP,Bruce S. Asay,20332,24.62,2,False,asay b
2004_WY_House-1_REP,REP,Cale Case,13104,15.87,2,False,case c
2004_WY_House-1_REP,REP,"Marvin ""Trip"" Applequist",2352,2.85,2,False,applequist m
2004_WY_House-1_REP,REP,Jim Altebaumer,1374,1.66,2,False,altebaumer j
2006_AK_House-1_DEM,DEM,Diane E. Benson,19421,40.41,1,True,benson d
2006_AK_House-1_DEM,DEM,Ray Metcalfe,16529,34.4,1,False,metcalfe r
2006_AK_House-1_DEM,DEM,Todd Hyde,2482,5.16,1,False,hyde t
2006_AK_House-1_DEM,DEM,Frank Vondersaar,2141,4.46,1,False,vondersaar f
2006_AK_House-1_REP,REP,Don Young,81089,100.0,2,True,young d
2006_AZ_House-1_DEM,DEM,Ellen Simon,20273,52.8,2,True,simon e
2006_AZ_House-1_DEM,DEM,Susan Friedman,7062,18.4,2,False,friedman s
2006_AZ_House-1_DEM,DEM,Bob Donahue,5927,15.4,2,False,donahue b
2006_AZ_House-1_DEM,DEM,Mike Caccioppoli,3635,9.5,2,False,caccioppoli m
2006_AZ_House-1_DEM,DEM,Vic McKerlie,1512,3.9,2,False,mckerlie v
2006_AZ_House-1_REP,REP,Rick Renzi,37644,100.0,1,True,renzi r
2006_AZ_House-2_DEM,DEM,John Trasher,11521,46.7,5,True,trasher j
2006_AZ_House-2_DEM,DEM,Gene Scharer,8462,34.3,5,False,scharer g
2006_AZ_House-2_DEM,DEM,Suchindran Chatterjee,4667,18.9,5,False,chatterjee s
2006_AZ_House-2_REP,REP,Trent Franks,51386,100.0,4,True,franks t
2006_AZ_House-3_DEM,DEM,Herb Paine,7902,50.4,8,True,paine h
2006_AZ_House-3_DEM,DEM,Don Chilton,7759,49.5,8,False,chilton d
2006_AZ_House-3_DEM,DEM,Jim McCoy,12,0.1,8,False,mccoy j
2006_AZ_House-3_REP,REP,John Shadegg,35763,100.0,7,True,shadegg j
2006_AZ_House-4_DEM,DEM,Ed Pastor,14833,100.0,10,True,pastor e
2006_AZ_House-4_REP,REP,Don Karg,7175,100.0,11,True,karg d
2006_AZ_House-5_DEM,DEM,Harry Mitchell,20852,100.0,14,True,mitchell h
2006_AZ_House-5_REP,REP,J. D. Hayworth,38275,100.0,13,True,hayworth j
2006_AZ_House-6_REP,REP,Jeff Flake,43199,100.0,16,True,flake j
2006_AZ_House-7_DEM,DEM,Raúl Grijalva,26604,100.0,18,True,grijalva r
2006_AZ_House-7_REP,REP,Ron Drake,11521,57.7,19,True,drake r
2006_AZ_House-7_REP,REP,Joseph Sweeney,8462,42.3,19,False,sweeney j
2006_AZ_House-8_DEM,DEM,Gabby Giffords,33375,54.3,22,True,giffords g
2006_AZ_House-8_DEM,DEM,Patty Weiss,19148,31.2,22,False,weiss p
2006_AZ_House-8_DEM,DEM,Jeffrey Lynn Latas,3687,6.0,22,False,latas j
2006_AZ_House-8_DEM,DEM,Alex Rodriguez,2855,4.6,22,False,rodriguez a
2006_AZ_House-8_DEM,DEM,William Daniel Johnson,1768,2.9,22,False,johnson w
2006_AZ_House-8_DEM,DEM,Francine Shacter,576,0.9,22,False,shacter f
2006_AZ_House-8_REP,REP,Randy Graf,27063,41.6,21,True,graf r
2006_AZ_House-8_REP,REP,Steve Huffman,24119,37.1,21,False,huffman s
2006_AZ_House-8_REP,REP,Mike Hellon,9095,14.0,21,False,hellon m
2006_AZ_House-8_REP,REP,Frank Antenori,2724,4.2,21,False,antenori f
2006_AZ_House-8_REP,REP,Michael T. Jenkins,2075,3.2,21,False,jenkins m
2006_CO_House-1_DEM,DEM,Diana DeGette,26000,100.0,1,True,degette d
2006_CO_House-2_DEM,DEM,Mark Udall,23725,100.0,2,True,udall m
2006_CO_House-2_REP,REP,Rich Mancuso,15396,100.0,3,True,mancuso r
2006_CO_House-3_DEM,DEM,John Salazar,21871,100.0,4,True,salazar j
2006_CO_House-3_REP,REP,Scott Tipton,28482,100.0,5,True,tipton s
2006_CO_House-4_DEM,DEM,Angie Paccione,16398,100.0,7,True,paccione a
2006_CO_House-4_REP,REP,Marilyn Musgrave,32205,100.0,6,True,musgrave m
2006_CO_House-5_DEM,DEM,Jay Fawcett,10238,100.0,9,True,fawcett j
2006_CO_House-5_REP,REP,Douglas Lamborn,15126,27.0,8,True,lamborn d
2006_CO_House-5_REP,REP,Jeff Crank,14234,25.4,8,False,crank j
2006_CO_House-5_REP,REP,Bentley Rayburn,9735,17.6,8,False,rayburn b
2006_CO_House-5_REP,REP,Lionel Rivera,7213,12.9,8,False,rivera l
2006_CO_House-5_REP,REP,John Anderson,6474,11.5,8,False,anderson j
2006_CO_House-5_REP,REP,Duncan Bremer,3310,5.9,8,False,bremer d
2006_CO_House-6_DEM,DEM,Bill Winter,18673,100.0,11,True,winter b
2006_CO_House-6_REP,REP,Tom Tancredo,44039,100.0,10,True,tancredo t
2006_CO_House-7_DEM,DEM,Ed Perlmutter,15598,53.3,13,True,perlmutter e
2006_CO_House-7_DEM,DEM,Peggy Lamm,11047,37.7,13,False,lamm p
2006_CO_House-7_DEM,DEM,Herb Rubenstein,2625,9.0,13,False,rubenstein h
2006_CO_House-7_REP,REP,Rick O'Donnell,20535,100.0,12,True,odonnell r
2006_DE_House-1_DEM,DEM,Dennis Spivack,9515,60.34,1,True,spivack d
2006_DE_House-1_DEM,DEM,Karen M. Hartley-Nagle,6253,39.66,1,False,hartleynagle k
2006_FL_House-8_DEM,DEM,Charlie Stuart,12728,47.73,1,True,stuart c
2006_FL_House-8_DEM,DEM,Alan Grayson,9691,36.34,1,False,grayson a
2006_FL_House-8_DEM,DEM,Homer Hartage,4250,15.94,1,False,hartage h
2006_FL_House-8_REP,REP,Ric Keller,30707,72.48,2,True,keller r
2006_FL_House-8_REP,REP,Elizabeth Doran,11661,27.52,2,False,doran e
2006_ID_House-1_DEM,DEM,Larry Grant,10885,74.78,2,True,grant l
2006_ID_House-1_DEM,DEM,Cecil Kelly III,3671,25.22,2,False,kelly c
2006_ID_House-1_REP,REP,Bill Sali,18985,25.82,1,True,sali b
2006_ID_House-1_REP,REP,Robert Vasquez,13624,18.53,1,False,vasquez r
2006_ID_House-1_REP,REP,Sheila Sorensen,13472,18.32,1,False,sorensen s
2006_ID_House-1_REP,REP,Keith Johnson,13186,17.93,1,False,johnson k
2006_ID_House-1_REP,REP,Norm Semanko,7976,10.85,1,False,semanko n
2006_ID_House-1_REP,REP,Skip Brandt,6289,8.55,1,False,brandt s
2006_MN_House-1_REP,REP,Gil Gutknecht,24725,87.3,1,True,gutknecht g
2006_MN_House-1_REP,REP,Gregory Mikkelson,3600,12.7,1,False,mikkelson g
2006_MN_House-3_REP,REP,Jim Ramstad,17579,100.0,3,True,ramstad j
2006_MN_House-4_REP,REP,Obi Sium,8802,64.2,6,True,sium o
2006_MN_House-4_REP,REP,Jack Shepard,4908,35.8,6,False,shepard j
2006_MN_House-5_REP,REP,Alan Fine,7352,100.0,8,True,fine a
2006_MN_House-7_REP,REP,Michael Barrett,20475,100.0,11,True,barrett m
2006_MT_House-1_DEM,DEM,Monica Lindeen,66364,71.09,1,True,lindeen m
2006_MT_House-1_DEM,DEM,Eric Jon Gunderson,26990,28.91,1,False,gunderson e
2006_MT_House-1_REP,REP,Denny Rehberg,91836,100.0,2,True,rehberg d
2006_NE_House-1_DEM,DEM,Maxine B. Moul,23338,71.1,2,True,moul m
2006_NE_House-1_DEM,DEM,James Wilson,9528,28.9,2,False,wilson j
2006_NE_House-1_REP,REP,Jeff Fortenberry,81188,100.0,1,True,fortenberry j
2006_NE_House-2_DEM,DEM,Jim Esch,21352,100.0,4,True,esch j
2006_NE_House-2_REP,REP,Lee Terry,52890,83.97,3,True,terry l
2006_NE_House-2_REP,REP,Steven Laird,10380,16.03,3,False,laird s
2006_NE_House-3_DEM,DEM,Scott Kleeb,23929,100.0,6,True,kleeb s
2006_NE_House-3_REP,REP,Adrian Smith,42218,39.48,5,True,smith a
2006_NE_House-3_REP,REP,John Hanson,30501,28.54,5,False,hanson j
2006_NE_House-3_REP,REP,Jay Vavricek,29224,27.35,5,False,vavricek j
2006_NE_House-3_REP,REP,David Harris,2934,2.75,5,False,harris d
2006_NE_House-3_REP,REP,Douglas Polk,2020,1.89,5,False,polk d
2006_NJ_House-10_DEM,DEM,Donald M. Payne,22361,100.0,18,True,payne d
2006_NJ_House-11_DEM,DEM,Tom Wyka,8235,100.0,20,True,wyka t
2006_NJ_House-11_REP,REP,incumbent,26461,100.0,19,True,incumbent
2006_NJ_House-12_DEM,DEM,Rush Holt Jr.,13315,100.0,21,True,holt r
2006_NJ_House-12_REP,REP,Joseph S. Sinagra,9383,100.0,22,True,sinagra j
2006_NJ_House-13_DEM,DEM,Albio Sires,24661,72.22,23,True,sires a
2006_NJ_House-13_DEM,DEM,Joseph Vas,9486,27.78,23,False,vas j
2006_NJ_House-13_REP,REP,John J. Guarini,2769,100.0,24,True,guarini j
2006_NJ_House-1_DEM,DEM,incumbent,18418,100.0,1,True,incumbent
2006_NJ_House-2_DEM,DEM,Viola Thomas-Hughes,8268,82.92,3,True,thomashughes v
2006_NJ_House-2_DEM,DEM,Henry David Marcus,1703,17.08,3,False,marcus h
2006_NJ_House-2_REP,REP,incumbent,14440,100.0,2,True,incumbent
2006_NJ_House-3_DEM,DEM,Rich Sexton,9960,100.0,5,True,sexton r
2006_NJ_House-3_REP,REP,incumbent,16228,100.0,4,True,incumbent
2006_NJ_House-4_DEM,DEM,Carol E. Gay,8368,100.0,7,True,gay c
2006_NJ_House-4_REP,REP,incumbent,16109,100.0,6,True,incumbent
2006_NJ_House-5_DEM,DEM,Paul Aronsohn,6857,66.31,9,True,aronsohn p
2006_NJ_House-5_DEM,DEM,Camille M. Abate,3484,33.69,9,False,abate c
2006_NJ_House-5_REP,REP,incumbent,23760,86.38,8,True,incumbent
2006_NJ_House-5_REP,REP,Michael J. Cino,3747,13.62,8,False,cino m
2006_NJ_House-6_DEM,DEM,Frank Pallone,10934,100.0,10,True,pallone f
2006_NJ_House-6_REP,REP,Leigh-Ann Bellew,5309,100.0,11,True,bellew l
2006_NJ_House-7_DEM,DEM,Linda Stender,8631,100.0,13,True,stender l
2006_NJ_House-7_REP,REP,Mike Ferguson,16423,100.0,12,True,ferguson m
2006_NJ_House-8_DEM,DEM,Bill Pascrell,11083,100.0,14,True,pascrell b
2006_NJ_House-8_REP,REP,Jose M. Sandoval,3982,100.0,15,True,sandoval j
2006_NJ_House-9_DEM,DEM,Steve Rothman,18513,100.0,16,True,rothman s
2006_NJ_House-9_REP,REP,Vincent Micco,6169,100.0,17,True,micco v
2006_NV_House-1_DEM,DEM,Shelley Berkley,29655,90.1,1,True,berkley s
2006_NV_House-1_DEM,DEM,"Asimo Sondra ""Silver"" Lawlor",3267,9.9,1,False,lawlor a
2006_NV_House-1_REP,REP,Kenneth Wegner,10615,51.2,2,True,wegner k
2006_NV_House-1_REP,REP,Russ Mickelson,7907,38.2,2,False,mickelson r
2006_NV_House-1_REP,REP,Michael Monroe,2193,10.6,2,False,monroe m
2006_NV_House-2_REP,REP,Dean Heller,24770,35.9,3,True,heller d
2006_NV_House-2_REP,REP,Sharron Angle,24349,35.3,3,False,angle s
2006_NV_House-2_REP,REP,Dawn Gibbons,17317,25.1,3,False,gibbons d
2006_NV_House-2_REP,REP,Glenn Thomas,1835,2.7,3,False,thomas g
2006_NV_House-2_REP,REP,Richard Gilster,721,1.0,3,False,gilster r
2006_NV_House-3_DEM,DEM,Tessa Hafen,22118,57.6,4,True,hafen t
2006_NV_House-3_DEM,DEM,Barry Michaels,6005,15.6,4,False,michaels b
2006_NV_House-3_DEM,DEM,Anna Nevenic,4832,12.6,4,False,nevenic a
2006_NV_House-3_DEM,DEM,Mark Budetich,3885,10.1,4,False,budetich m
2006_NV_House-3_DEM,DEM,Freddie Warman,1578,4.1,4,False,warman f
2006_OH_House-10_DEM,DEM,Dennis Kucinich,51485,76.42,20,True,kucinich d
2006_OH_House-10_DEM,DEM,Barbara Ann Ferris,15890,23.58,20,False,ferris b
2006_OH_House-10_REP,REP,Michael D. Dovilla,15270,65.16,21,True,dovilla m
2006_OH_House-10_REP,REP,Jason Werner,8166,34.84,21,False,werner j
2006_OH_House-11_DEM,DEM,Stephanie Tubbs Jones,55319,100.0,22,True,jones s
2006_OH_House-11_REP,REP,Lindsey N. String,7556,100.0,23,True,string l
2006_OH_House-12_DEM,DEM,Bob Shamansky,19387,43.32,25,True,shamansky b
2006_OH_House-12_DEM,DEM,Patricia J. Shaffer,13815,30.87,25,False,shaffer p
2006_OH_House-12_DEM,DEM,Edward S. Brown,6563,14.67,25,False,brown e
2006_OH_House-12_DEM,DEM,Michael Reilly,4986,11.14,25,False,reilly m
2006_OH_House-12_REP,REP,Pat Tiberi,76457,100.0,24,True,tiberi p
2006_OH_House-13_DEM,DEM,Betty Sutton,21268,30.86,26,True,sutton b
2006_OH_House-13_DEM,DEM,Capri Cafaro,16915,24.54,26,False,cafaro c
2006_OH_House-13_DEM,DEM,Thomas C. Sawyer,14837,21.53,26,False,sawyer t
2006_OH_House-13_DEM,DEM,Gary Kucinich,9891,14.35,26,False,kucinich g
2006_OH_House-13_DEM,DEM,Bill Grace,3537,5.13,26,False,grace b
2006_OH_House-13_DEM,DEM,Michael Lyons,1030,1.49,26,False,lyons m
2006_OH_House-13_DEM,DEM,John L. Wolfe,949,1.38,26,False,wolfe j
2006_OH_House-13_DEM,DEM,"Norbert G. Dennerll, Jr.",495,0.72,26,False,dennerll n
2006_OH_House-13_REP,REP,Craig Foltin,12088,37.46,27,True,foltin c
2006_OH_House-13_REP,REP,David McGrew,7079,21.94,27,False,mcgrew d
2006_OH_House-13_REP,REP,"Joe Ortega, III",6536,20.25,27,False,ortega j
2006_OH_House-13_REP,REP,Paul S. Burtzlaff,4261,13.2,27,False,burtzlaff p
2006_OH_House-13_REP,REP,C.J. DeLorean,2306,7.15,27,False,delorean c
2006_OH_House-14_DEM,DEM,Lewis R. Katz,15401,42.49,29,True,katz l
2006_OH_House-14_DEM,DEM,Dale Virgil Blanchard,11313,31.21,29,False,blanchard d
2006_OH_House-14_DEM,DEM,Palmer J. Peterson,9534,26.3,29,False,peterson p
2006_OH_House-14_REP,REP,Steve LaTourette,38137,100.0,28,True,latourette s
2006_OH_House-15_DEM,DEM,Mary Jo Kilroy,27895,100.0,31,True,kilroy m
2006_OH_House-15_REP,REP,Deborah Pryce,44020,100.0,30,True,pryce d
2006_OH_House-16_DEM,DEM,Thomas Shaw,20508,50.76,33,True,shaw t
2006_OH_House-16_DEM,DEM,Tom Mason,19897,49.24,33,False,mason t
2006_OH_House-16_REP,REP,Ralph Regula,32526,58.4,32,True,regula r
2006_OH_House-16_REP,REP,Matt Miller,23170,41.6,32,False,miller m
2006_OH_House-17_DEM,DEM,Tim Ryan,71532,100.0,34,True,ryan t
2006_OH_House-17_REP,REP,"Don Manning, II",249,100.0,35,True,manning d
2006_OH_House-18_DEM,DEM,Zack Space,18251,38.69,36,True,space z
2006_OH_House-18_DEM,DEM,Jennifer Stewart,12071,25.59,36,False,stewart j
2006_OH_House-18_DEM,DEM,Joe Sulzer,11340,24.04,36,False,sulzer j
2006_OH_House-18_DEM,DEM,Ralph A. Applegate,5514,11.69,36,False,applegate r
2006_OH_House-18_REP,REP,Joy Padgett,9523,67.71,38,True,padgett j
2006_OH_House-18_REP,REP,James Brodbelt Harris,2113,15.02,38,False,harris j
2006_OH_House-18_REP,REP,Ray L. Feikert,1148,8.16,38,False,feikert r
2006_OH_House-18_REP,REP,Ralph A. Applegate,781,5.55,38,False,applegate r
2006_OH_House-18_REP,REP,Jerry Firman,500,3.55,38,False,firman j
2006_OH_House-1_DEM,DEM,John Cranley,17344,100.0,2,True,cranley j
2006_OH_House-1_REP,REP,Steve Chabot,31342,100.0,1,True,chabot s
2006_OH_House-2_DEM,DEM,Victoria Wells Wulsin,10455,36.65,4,True,wulsin v
2006_OH_House-2_DEM,DEM,Thor Jacobs,6535,22.91,4,False,jacobs t
2006_OH_House-2_DEM,DEM,Jim Parker,6376,22.35,4,False,parker j
2006_OH_House-2_DEM,DEM,Gaby Downey,3668,12.86,4,False,downey g
2006_OH_House-2_DEM,DEM,Jeff Sinnard,1489,5.22,4,False,sinnard j
2006_OH_House-2_REP,REP,Jean Schmidt,33938,47.67,3,True,schmidt j
2006_OH_House-2_REP,REP,Bob McEwen,30297,42.56,3,False,mcewen b
2006_OH_House-2_REP,REP,Deborah A. Kraus,4433,6.23,3,False,kraus d
2006_OH_House-2_REP,REP,James E. Constable,2526,3.55,3,False,constable j
2006_OH_House-3_DEM,DEM,Richard Chema,5946,55.99,7,True,chema r
2006_OH_House-3_DEM,DEM,Charles W. Sanders,2224,23.06,7,False,sanders c
2006_OH_House-3_REP,REP,Mike Turner,35511,100.0,5,True,turner m
2006_OH_House-4_DEM,DEM,Richard E. Siferd,26591,36.65,9,True,siferd r
2006_OH_House-4_REP,REP,Jim Jordan,38017,50.57,8,True,jordan j
2006_OH_House-4_REP,REP,Frank A. Guglielmi,22504,29.94,8,False,guglielmi f
2006_OH_House-4_REP,REP,Kevin Nestor,8460,11.25,8,False,nestor k
2006_OH_House-4_REP,REP,James R. Stahl,2596,3.45,8,False,stahl j
2006_OH_House-4_REP,REP,Nathan J. Martin,2358,3.14,8,False,martin n
2006_OH_House-4_REP,REP,Charles W. Weasel,1239,1.65,8,False,weasel c
2006_OH_House-5_DEM,DEM,Robin Weirauch,28373,100.0,11,True,weirauch r
2006_OH_House-5_REP,REP,Paul Gillmor,54168,100.0,10,True,gillmor p
2006_OH_House-6_DEM,DEM,Charlie Wilson,43687,66.15,12,True,wilson c
2006_OH_House-6_DEM,DEM,Bob Carr,14900,22.56,12,False,carr b
2006_OH_House-6_DEM,DEM,John Stephen Luchansky,7459,11.29,12,False,luchansky j
2006_OH_House-6_REP,REP,Chuck Blasdel,18519,47.31,13,True,blasdel c
2006_OH_House-6_REP,REP,Danny Harmon,8708,22.24,13,False,harmon d
2006_OH_House-6_REP,REP,Tim Ginter,7606,19.43,13,False,ginter t
2006_OH_House-6_REP,REP,Richard D. Stobbs,4315,11.02,13,False,stobbs r
2006_OH_House-7_DEM,DEM,William R. Conner,20648,100.0,15,True,conner w
2006_OH_House-7_REP,REP,Dave Hobson,49808,100.0,14,True,hobson d
2006_OH_House-8_DEM,DEM,Mort Meier,15277,100.0,17,True,meier m
2006_OH_House-8_REP,REP,John Boehner,43713,100.0,16,True,boehner j
2006_OH_House-9_DEM,DEM,Marcy Kaptur,44234,100.0,18,True,kaptur m
2006_OH_House-9_REP,REP,Bradley S. Leavitt,8625,40.16,19,True,leavitt b
2006_OH_House-9_REP,REP,Ed Emery,6503,30.28,19,False,emery e
2006_OH_House-9_REP,REP,Dirk Kubala,6347,29.56,19,False,kubala d
2006_OK_House-1_REP,REP,John A. Sullivan,38279,83.22,1,True,sullivan j
2006_OK_House-1_REP,REP,Evelyn Rogers,5826,12.67,1,False,rogers e
2006_OK_House-1_REP,REP,Fran Moghaddam,1895,4.12,1,False,moghaddam f
2006_OK_House-2_REP,REP,Patrick K. Miller,9941,72.19,2,True,miller p
2006_OK_House-2_REP,REP,Raymond J. Wickson,3829,27.81,2,False,wickson r
2006_OK_House-3_DEM,DEM,Sue Barton,24177,53.42,3,True,barton s
2006_OK_House-3_DEM,DEM,Gregory M. Wilson,11249,24.85,3,False,wilson g
2006_OK_House-3_DEM,DEM,John Coffee Harris,9833,21.73,3,False,harris j
2006_OK_House-5_DEM,DEM,David Hunter,24660,63.04,5,True,hunter d
2006_OK_House-5_DEM,DEM,Bert Smith,14455,36.96,5,False,smith b
2006_OK_House-5_REP,REP,Mary Fallin,16691,34.57,4,True,fallin m
2006_OK_House-5_REP,REP,Mick Cornett,11718,24.27,4,False,cornett m
2006_OK_House-5_REP,REP,Denise Bode,9139,18.93,4,False,bode d
2006_OK_House-5_REP,REP,Kevin Calvey,4870,10.09,4,False,calvey k
2006_OK_House-5_REP,REP,Fred Morgan,4493,9.3,4,False,morgan f
2006_OK_House-5_REP,REP,Johnny B. Roy,1376,2.85,4,False,roy j
2006_OR_House-1_DEM,DEM,David Wu,55188,87.06,1,True,wu d
2006_OR_House-1_DEM,DEM,Alexa J. Lewis,4795,7.56,1,False,lewis a
2006_OR_House-1_DEM,DEM,Shantu Shah,1595,2.52,1,False,shah s
2006_OR_House-1_DEM,DEM,Pavel Goberman,1582,2.5,1,False,goberman p
2006_OR_House-1_REP,REP,Derrick Kitts,36565,97.93,2,True,kitts d
2006_OR_House-2_DEM,DEM,Carol Voisin,18982,45.28,3,True,voisin c
2006_OR_House-2_DEM,DEM,Dan Davis,11230,26.79,3,False,davis d
2006_OR_House-2_DEM,DEM,Scott Silver,6438,15.36,3,False,silver s
2006_OR_House-2_DEM,DEM,Charles H. Butcher III,4275,10.2,3,False,butcher c
2006_OR_House-2_REP,REP,Greg Walden,70519,90.21,4,True,walden g
2006_OR_House-2_REP,REP,Paul A. Daghlian,7401,9.47,4,False,daghlian p
2006_OR_House-3_DEM,DEM,Earl Blumenauer,63350,90.72,5,True,blumenauer e
2006_OR_House-3_DEM,DEM,John Sweeney,6338,9.08,5,False,sweeney j
2006_OR_House-3_REP,REP,write-in,353,18.02,6,True,writein
2006_OR_House-4_DEM,DEM,Peter A. DeFazio,66432,99.11,7,True,defazio p
2006_OR_House-4_REP,REP,Jim Feldkamp,47560,82.05,8,True,feldkamp j
2006_OR_House-4_REP,REP,Monica Johnson,9757,16.83,8,False,johnson m
2006_OR_House-5_DEM,DEM,Darlene Hooley,54649,98.9,9,True,hooley d
2006_OR_House-5_REP,REP,Mike Erickson,46051,98.66,10,True,erickson m
2006_PA_House-10_DEM,DEM,Chris Carney,26300,100.0,17,True,carney c
2006_PA_House-10_REP,REP,Don Sherwood,31434,56.3,18,True,sherwood d
2006_PA_House-10_REP,REP,Kathy Scott,24396,43.7,18,False,scott k
2006_PA_House-11_DEM,DEM,Paul Kanjorski,50117,100.0,19,True,kanjorski p
2006_PA_House-11_REP,REP,Joseph F. Leonardi,18910,100.0,20,True,leonardi j
2006_PA_House-12_DEM,DEM,John Murtha,60376,100.0,21,True,murtha j
2006_PA_House-12_REP,REP,Diana Irey,21619,100.0,22,True,irey d
2006_PA_House-13_DEM,DEM,Allyson Schwartz,22877,100.0,23,True,schwartz a
2006_PA_House-13_REP,REP,Raj Peter Bhakta,17042,100.0,24,True,bhakta r
2006_PA_House-14_DEM,DEM,Mike Doyle,54213,75.92,25,True,doyle m
2006_PA_House-14_DEM,DEM,Mike Isaac,17193,24.08,25,False,isaac m
2006_PA_House-15_REP,REP,Charlie Dent,18858,100.0,26,True,dent c
2006_PA_House-16_DEM,DEM,Lois Herr,15442,100.0,27,True,herr l
2006_PA_House-16_REP,REP,Joe Pitts,46273,100.0,28,True,pitts j
2006_PA_House-17_DEM,DEM,Tim Holden,28720,100.0,29,True,holden t
2006_PA_House-17_REP,REP,Matthew A. Wertz,43329,100.0,30,True,wertz m
2006_PA_House-18_DEM,DEM,Chad Kluko,27851,52.92,31,True,kluko c
2006_PA_House-18_DEM,DEM,Thomas Kovach,24779,47.08,31,False,kovach t
2006_PA_House-18_REP,REP,Tim Murphy,33195,100.0,32,True,murphy t
2006_PA_House-19_DEM,DEM,Philip J. Avillo Jr.,21862,100.0,33,True,avillo p
2006_PA_House-19_REP,REP,Todd Platts,43180,100.0,34,True,platts t
2006_PA_House-1_DEM,DEM,Bob Brady,29990,100.0,1,True,brady b
2006_PA_House-2_DEM,DEM,Chaka Fattah,41566,100.0,2,True,fattah c
2006_PA_House-2_REP,REP,Michael Gessner,3159,100.0,3,True,gessner m
2006_PA_House-3_DEM,DEM,Steven Porter,35001,100.0,4,True,porter s
2006_PA_House-3_REP,REP,Phil English,36189,100.0,5,True,english p
2006_PA_House-4_DEM,DEM,Jason Altmire,32322,54.86,6,True,altmire j
2006_PA_House-4_DEM,DEM,Georgia Berner,26596,45.14,6,False,berner g
2006_PA_House-4_REP,REP,Melissa Hart,34559,100.0,7,True,hart m
2006_PA_House-5_DEM,DEM,Donald L. Hilliard,28715,100.0,8,True,hilliard d
2006_PA_House-5_REP,REP,John E. Peterson,44827,100.0,9,True,peterson j
2006_PA_House-6_DEM,DEM,Lois Murphy,22242,76.16,10,True,murphy l
2006_PA_House-6_DEM,DEM,Mike Leibowitz,6961,23.84,10,False,leibowitz m
2006_PA_House-6_REP,REP,Jim Gerlach,30088,100.0,11,True,gerlach j
2006_PA_House-7_DEM,DEM,Joe Sestak,17616,100.0,12,True,sestak j
2006_PA_House-7_REP,REP,Curt Weldon,35604,100.0,13,True,weldon c
2006_PA_House-8_DEM,DEM,Patrick Murphy,17889,64.58,14,True,murphy p
2006_PA_House-8_DEM,DEM,Andrew Warren,9812,35.42,14,False,warren a
2006_PA_House-8_REP,REP,Mike Fitzpatrick,22862,100.0,15,True,fitzpatrick m
2006_PA_House-9_REP,REP,Bill Shuster,54954,100.0,16,True,shuster b
2006_TN_House-1_DEM,DEM,Rick Trent,6973,39.8,1,True,trent r
2006_TN_House-1_DEM,DEM,Alan Howell,4541,25.9,1,False,howell a
2006_TN_House-1_DEM,DEM,Joel Goodman,4105,23.4,1,False,goodman j
2006_TN_House-1_DEM,DEM,Dennis Dean Whaley,1905,10.9,1,False,whaley d
2006_TN_House-1_REP,REP,David Davis,16583,22.2,2,True,davis d
2006_TN_House-1_REP,REP,Richard Venable,16010,21.4,2,False,venable r
2006_TN_House-1_REP,REP,Larry Waters,13580,18.2,2,False,waters l
2006_TN_House-1_REP,REP,Phil Roe,12864,17.2,2,False,roe p
2006_TN_House-1_REP,REP,"John ""Jay"" Grose",7885,10.6,2,False,grose j
2006_TN_House-1_REP,REP,"Vance W. Cheek, Jr.",3334,4.5,2,False,cheek v
2006_TN_House-1_REP,REP,Peggy Parker Barnett,1709,2.3,2,False,barnett p
2006_TN_House-1_REP,REP,Dan Smith,1087,1.5,2,False,smith d
2006_TN_House-1_REP,REP,"Bill F. Breeding, Jr.",818,1.1,2,False,breeding b
2006_TN_House-1_REP,REP,Claude Cox,284,0.4,2,False,cox c
2006_TN_House-1_REP,REP,"Colquitt ""C.P."" Brackett",227,0.3,2,False,brackett c
2006_TN_House-1_REP,REP,Douglas Heinsohn,170,0.2,2,False,heinsohn d
2006_TN_House-1_REP,REP,Richard H. Roberts,162,0.2,2,False,roberts r
2006_TN_House-2_DEM,DEM,John Greene,9660,54.5,4,True,greene j
2006_TN_House-2_DEM,DEM,Robert R. Scott,8075,45.5,4,False,scott r
2006_TN_House-2_REP,REP,John J. Duncan Jr.,55295,87.4,5,True,duncan j
2006_TN_House-2_REP,REP,Ralph McGill,7994,12.6,5,False,mcgill r
2006_TN_House-3_DEM,DEM,Brent Benedict,14743,51.2,7,True,benedict b
2006_TN_House-3_DEM,DEM,Terry Stulce,14036,48.8,7,False,stulce t
2006_TN_House-3_REP,REP,Zach Wamp,57569,87.3,8,True,wamp z
2006_TN_House-3_REP,REP,June Griffin,3579,5.4,8,False,griffin j
2006_TN_House-3_REP,REP,Doug Vandagriff,3112,4.7,8,False,vandagriff d
2006_TN_House-3_REP,REP,Charles Howard,1702,2.6,8,False,howard c
2006_TN_House-4_DEM,DEM,Lincoln Davis,56618,86.2,10,True,davis l
2006_TN_House-4_DEM,DEM,Norma Cartwright,6564,10.0,10,False,cartwright n
2006_TN_House-4_DEM,DEM,Harvey Howard,2511,3.8,10,False,howard h
2006_TN_House-4_REP,REP,Kenneth Martin,15053,41.4,11,True,martin k
2006_TN_House-4_REP,REP,Alan Pedigo,11326,31.1,11,False,pedigo a
2006_TN_House-4_REP,REP,Don Strong,10017,27.5,11,False,strong d
2006_TN_House-5_DEM,DEM,Jim Cooper,38148,91.6,13,True,cooper j
2006_TN_House-5_DEM,DEM,Jason Pullias,3518,8.4,13,False,pullias j
2006_TN_House-5_REP,REP,Thomas F. Kovach,17113,100.0,14,True,kovach t
2006_TN_House-6_DEM,DEM,Bart Gordon,53916,92.3,16,True,gordon b
2006_TN_House-6_DEM,DEM,J. Patrick Lyons,4490,7.7,16,False,lyons j
2006_TN_House-6_REP,REP,David R. Davis,27803,97.5,17,True,davis d
2006_TN_House-6_REP,REP,Write-in – Steven L. Edmondson,723,2.5,17,False,edmondson w
2006_TN_House-7_DEM,DEM,Bill Morrison,17080,59.6,19,True,morrison b
2006_TN_House-7_DEM,DEM,Randy G. Morris,11569,40.4,19,False,morris r
2006_TN_House-7_REP,REP,Marsha Blackburn,63372,76.9,20,True,blackburn m
2006_TN_House-7_REP,REP,Tom Leatherwood,19025,23.1,20,False,leatherwood t
2006_TN_House-8_DEM,DEM,John Tanner,61764,100.0,22,True,tanner j
2006_TN_House-8_REP,REP,John Farmer,24753,78.8,23,True,farmer j
2006_TN_House-8_REP,REP,Rory B. Bricco,6661,21.2,23,False,bricco r
2006_TN_House-9_DEM,DEM,Steve Cohen,23629,30.9,25,True,cohen s
2006_TN_House-9_DEM,DEM,Nikki Tinker,19164,25.1,25,False,tinker n
2006_TN_House-9_DEM,DEM,Joseph S. Ford Jr.,9334,12.2,25,False,ford j
2006_TN_House-9_DEM,DEM,Julian Bolton,8055,10.6,25,False,bolton j
2006_TN_House-9_DEM,DEM,Ed Stanton,6927,9.1,25,False,stanton e
2006_TN_House-9_DEM,DEM,Scattered,2241,2.9,25,False,scattered
2006_TN_House-9_DEM,DEM,Ron Redwing,2169,2.8,25,False,redwing r
2006_TN_House-9_DEM,DEM,Marvell Mitchell,1804,2.4,25,False,mitchell m
2006_TN_House-9_DEM,DEM,Ralph White,1700,2.2,25,False,white r
2006_TN_House-9_DEM,DEM,Joseph Kyles,1336,1.8,25,False,kyles j
2006_TN_House-9_REP,REP,Mark White,12132,62.77,26,True,white m
2006_TN_House-9_REP,REP,Tom Guleff,2949,15.26,26,False,guleff t
2006_TN_House-9_REP,REP,Derrick Bennett,1910,9.88,26,False,bennett d
2006_TN_House-9_REP,REP,Cecil Hale,1567,8.11,26,False,hale c
2006_TN_House-9_REP,REP,Rudolph Daniels,770,3.98,26,False,daniels r
2006_VA_House-11_DEM,DEM,Andrew Hurst,10831,55.1,2,True,hurst a
2006_VA_House-11_DEM,DEM,Ken Longmyer,8818,44.9,2,False,longmyer k
2006_VA_House-8_REP,REP,Tom O'Donoghue,3064,69.5,1,True,odonoghue t
2006_VA_House-8_REP,REP,Mark Ellmore,1345,30.5,1,False,ellmore m
2006_VT_House-1_DEM,DEM,Peter Welch,34706,97.11,1,True,welch p
2006_VT_House-1_DEM,DEM,Write-ins,1033,2.89,1,False,writeins
2006_VT_House-1_REP,REP,Martha Rainville,26199,71.31,2,True,rainville m
2006_VT_House-1_REP,REP,Mark Shepard,10285,27.99,2,False,shepard m
2006_VT_House-1_REP,REP,Write-ins,258,0.7,2,False,writeins
2006_WY_House-1_DEM,DEM,Gary Trauner,25914,100.0,1,True,trauner g
2006_WY_House-1_REP,REP,Barbara Cubin,50004,60.04,2,True,cubin b
2006_WY_House-1_REP,REP,Bill Winney,33287,24.62,2,False,winney b
2008_AK_House-1_DEM,DEM,Ethan Berkowitz,39784,53.17,1,True,berkowitz e
2008_AK_House-1_DEM,DEM,Diane Benson,28347,37.89,1,False,benson d
2008_AZ_House-1_DEM,DEM,Ann Kirkpatrick,26734,47.2,2,True,kirkpatrick a
2008_AZ_House-1_DEM,DEM,Mary Kim Titla,18428,32.6,2,False,titla m
2008_AZ_House-1_DEM,DEM,Howard Shanker,8056,14.2,2,False,shanker h
2008_AZ_House-1_DEM,DEM,Jeffrey Brown,3376,6.0,2,False,brown j
2008_AZ_House-1_REP,REP,Sydney Ann Hay,17825,39.1,1,True,hay s
2008_AZ_House-1_REP,REP,Sandra Livingstone,15621,34.2,1,False,livingstone s
2008_AZ_House-1_REP,REP,Tom Hansen,7847,17.2,1,False,hansen t
2008_AZ_House-1_REP,REP,Barry Hall,2743,6.0,1,False,hall b
2008_AZ_House-1_REP,REP,Preston Korn,1596,3.5,1,False,korn p
2008_AZ_House-2_DEM,DEM,John Thrasher,27711,100.0,5,True,thrasher j
2008_AZ_House-2_REP,REP,Trent Franks,58707,100.0,4,True,franks t
2008_AZ_House-3_DEM,DEM,Bob Lord,22554,100.0,9,True,lord b
2008_AZ_House-3_REP,REP,John Shadegg,43538,100.0,8,True,shadegg j
2008_AZ_House-4_DEM,DEM,Ed Pastor,18660,100.0,11,True,pastor e
2008_AZ_House-4_REP,REP,Don Karg,8073,99.9,12,True,karg d
2008_AZ_House-4_REP,REP,Richard Grayson,8,0.1,12,False,grayson r
2008_AZ_House-5_DEM,DEM,Harry Mitchell,25174,100.0,15,True,mitchell h
2008_AZ_House-5_REP,REP,David Schweikert,14233,29.5,16,True,schweikert d
2008_AZ_House-5_REP,REP,Susan Bitter Smith,13212,27.4,16,False,smith s
2008_AZ_House-5_REP,REP,Laura Knaperek,7523,15.6,16,False,knaperek l
2008_AZ_House-5_REP,REP,Mark Anderson,6539,13.6,16,False,anderson m
2008_AZ_House-5_REP,REP,Jim Ogsbury,6042,12.5,16,False,ogsbury j
2008_AZ_House-5_REP,REP,Lee Gentry,706,1.5,16,False,gentry l
2008_AZ_House-6_DEM,DEM,Rebecca Schneider,15644,73.8,19,True,schneider r
2008_AZ_House-6_DEM,DEM,Chris Gramazio,5568,26.2,19,False,gramazio c
2008_AZ_House-6_REP,REP,Jeff Flake,51562,100.0,18,True,flake j
2008_AZ_House-7_DEM,DEM,Raúl Grijalva,30630,100.0,21,True,grijalva r
2008_AZ_House-7_REP,REP,Joseph Sweeney,11011,66.8,22,True,sweeney j
2008_AZ_House-7_REP,REP,Milton Chewning,5464,33.2,22,False,chewning m
2008_AZ_House-8_DEM,DEM,Gabby Giffords,46223,100.0,24,True,giffords g
2008_AZ_House-8_REP,REP,Tim Bee,52671,100.0,25,True,bee t
2008_CO_House-1_DEM,DEM,Diana DeGette,35804,100.0,1,True,degette d
2008_CO_House-1_REP,REP,George Lilly,6300,58.2,2,True,lilly g
2008_CO_House-1_REP,REP,Charles Crain,4533,41.8,2,False,crain c
2008_CO_House-2_DEM,DEM,Jared Polis,20493,41.7,3,True,polis j
2008_CO_House-2_DEM,DEM,Joan Fitz-Gerald,18599,37.8,3,False,fitzgerald j
2008_CO_House-2_DEM,DEM,Will Shafroth,10075,20.5,3,False,shafroth w
2008_CO_House-2_REP,REP,Scott Starin,19293,100.0,4,True,starin s
2008_CO_House-3_DEM,DEM,John Salazar,22192,100.0,5,True,salazar j
2008_CO_House-3_REP,REP,Wayne Wolf,24263,100.0,6,True,wolf w
2008_CO_House-4_DEM,DEM,Betsy Markey,19010,100.0,8,True,markey b
2008_CO_House-4_REP,REP,Marilyn Musgrave,31822,100.0,7,True,musgrave m
2008_CO_House-5_DEM,DEM,Hal Bidlack,13146,100.0,10,True,bidlack h
2008_CO_House-5_REP,REP,Doug Lamborn,24995,44.0,9,True,lamborn d
2008_CO_House-5_REP,REP,Jeff Crank,16794,29.6,9,False,crank j
2008_CO_House-5_REP,REP,Bentley Rayburn,14986,26.4,9,False,rayburn b
2008_CO_House-6_DEM,DEM,Hank Eng,27661,100.0,12,True,eng h
2008_CO_House-6_REP,REP,Mike Coffman,28509,40.1,11,True,coffman m
2008_CO_House-6_REP,REP,Wil Armstrong,23213,32.7,11,False,armstrong w
2008_CO_House-6_REP,REP,Ted Harvey,10886,15.3,11,False,harvey t
2008_CO_House-6_REP,REP,Steve Ward,8452,11.9,11,False,ward s
2008_CO_House-7_DEM,DEM,Ed Perlmutter,29704,100.0,13,True,perlmutter e
2008_CO_House-7_REP,REP,John Lerew,25155,100.0,14,True,lerew j
2008_DE_House-1_DEM,DEM,Karen Hartley-Nagle,35995,55.4,1,True,hartleynagle k
2008_DE_House-1_DEM,DEM,Jerry Northington,22393,34.5,1,False,northington j
2008_DE_House-1_DEM,DEM,Michael Miller,6609,10.1,1,False,miller m
2008_GA_House-12_DEM,DEM,John Barrow,45235,76.4,2,True,barrow j
2008_GA_House-12_DEM,DEM,Regina Thomas,13955,23.6,2,False,thomas r
2008_GA_House-13_DEM,DEM,David Scott,30719,63.7,3,True,scott d
2008_GA_House-13_DEM,DEM,Donzella James,17526,36.3,3,False,james d
2008_GA_House-13_REP,REP,Deborah Honeycutt,11478,100.0,4,True,honeycutt d
2008_GA_House-5_DEM,DEM,John Lewis,36713,69.0,1,True,lewis j
2008_GA_House-5_DEM,DEM,Markel Hutchins,8287,15.6,1,False,hutchins m
2008_GA_House-5_DEM,DEM,Mable Thomas,8185,15.4,1,False,thomas m
2008_LA_House-1_DEM,DEM,Jim Harlan,37883,72.66,1,True,harlan j
2008_LA_House-1_DEM,DEM,Vinny Mendoza,14254,27.34,1,False,mendoza v
2008_LA_House-2_DEM,DEM,William J. Jefferson,92921,56.79,3,True,jefferson w
2008_LA_House-2_DEM,DEM,Helena Moreno,70705,43.21,3,False,moreno h
2008_LA_House-4_DEM,DEM,Paul Carmouche,93093,61.99,5,True,carmouche p
2008_LA_House-4_DEM,DEM,Willie Banks,57078,38.01,5,False,banks w
2008_LA_House-4_REP,REP,John Fleming,43012,55.56,7,True,fleming j
2008_LA_House-4_REP,REP,Chris Gorman,34405,44.44,7,False,gorman c
2008_LA_House-5_REP,REP,Rodney Alexander,27819,89.68,8,True,alexander r
2008_LA_House-5_REP,REP,Andrew Clack,3203,10.32,8,False,clack a
2008_MD_House-1_REP,REP,Andy Harris,33627,43.44,1,True,harris a
2008_MD_House-1_REP,REP,Wayne Gilchrest,25624,33.1,1,False,gilchrest w
2008_MD_House-1_REP,REP,E. J. Pipkin,15700,20.28,1,False,pipkin e
2008_MD_House-1_REP,REP,Joe Arminio,1277,1.65,1,False,arminio j
2008_MD_House-1_REP,REP,Robert Banks,1186,1.53,1,False,banks r
2008_ME_House-1_DEM,DEM,Chellie Pingree,24324,43.92,1,True,pingree c
2008_ME_House-1_DEM,DEM,Adam Cote,15706,28.36,1,False,cote a
2008_ME_House-1_DEM,DEM,Michael F. Brennan,6040,10.91,1,False,brennan m
2008_ME_House-1_DEM,DEM,Ethan Strimling,5833,10.53,1,False,strimling e
2008_ME_House-1_DEM,DEM,Mark Lawrence,2726,4.92,1,False,lawrence m
2008_ME_House-1_DEM,DEM,Stephen J. Meister,753,1.35,1,False,meister s
2008_ME_House-1_REP,REP,Charles E. Summers,21154,59.75,2,True,summers c
2008_ME_House-1_REP,REP,Dean Scontras,14248,40.25,2,False,scontras d
2008_MN_House-1_REP,REP,Brian J. Davis,17196,66.7,2,True,davis b
2008_MN_House-1_REP,REP,Dick Day,8480,33.0,2,False,day d
2008_MN_House-3_REP,REP,Erik Paulsen,14187,100.0,4,True,paulsen e
2008_MN_House-5_REP,REP,Barb Davis White,5284,100.0,8,True,white b
2008_MN_House-6_REP,REP,Michele Bachmann,19127,85.9,10,True,bachmann m
2008_MN_House-6_REP,REP,Aubrey Immelman,3134,14.1,10,False,immelman a
2008_MN_House-7_REP,REP,Glen Menze,7698,51.8,14,True,menze g
2008_MN_House-7_REP,REP,Alan Roebke,7172,48.2,14,False,roebke a
2008_MO_House-1_DEM,DEM,"William Lacy Clay, Jr.",242570,86.9,3,True,clay w
2008_MO_House-2_DEM,DEM,Bill Haas,9018,30.7,4,True,haas b
2008_MO_House-2_DEM,DEM,David L. Pentland,6007,20.5,4,False,pentland d
2008_MO_House-2_DEM,DEM,Byron DeLear,5059,17.2,4,False,delear b
2008_MO_House-2_DEM,DEM,Mike Garman,4690,16.0,4,False,garman m
2008_MO_House-2_DEM,DEM,John Hogan,4557,15.5,4,False,hogan j
2008_MO_House-3_DEM,DEM,Russ Carnahan,38020,100.0,7,True,carnahan r
2008_MO_House-3_REP,REP,Chris Sander,7923,41.7,8,True,sander c
2008_MO_House-3_REP,REP,John Wayne Tucker,5963,31.4,8,False,tucker j
2008_MO_House-3_REP,REP,Greg Zotta,2532,13.6,8,False,zotta g
2008_MO_House-3_REP,REP,Pat Ertmann,2532,13.3,8,False,ertmann p
2008_MO_House-4_DEM,DEM,Ike Skelton,37111,100.0,11,True,skelton i
2008_MO_House-4_REP,REP,Jeff Parnell,31979,66.8,12,True,parnell j
2008_MO_House-4_REP,REP,"Stanley Plough, Jr.",10324,21.6,12,False,plough s
2008_MO_House-4_REP,REP,Joseph Terrazas,5568,11.6,12,False,terrazas j
2008_MO_House-5_DEM,DEM,Emanuel Cleaver,38260,100.0,14,True,cleaver e
2008_MO_House-5_REP,REP,Jacob Turk,9294,54.2,15,True,turk j
2008_MO_House-5_REP,REP,Chris Knowlton,3552,20.7,15,False,knowlton c
2008_MO_House-5_REP,REP,Martin D. Baker,2647,15.4,15,False,baker m
2008_MO_House-5_REP,REP,Randy Langkraehr,1641,9.6,15,False,langkraehr r
2008_MO_House-6_DEM,DEM,Kay Barnes,36712,84.5,18,True,barnes k
2008_MO_House-6_DEM,DEM,Ali Allon Sherkat,6714,15.5,18,False,sherkat a
2008_MO_House-6_REP,REP,Sam Graves,36131,100.0,17,True,graves s
2008_MO_House-7_DEM,DEM,Richard Monroe,11973,77.7,22,True,monroe r
2008_MO_House-7_DEM,DEM,Gregory L. Gloeckner,3493,22.3,22,False,gloeckner g
2008_MO_House-7_REP,REP,Roy Blunt,64767,100.0,21,True,blunt r
2008_MO_House-8_DEM,DEM,Joe Allen,35418,100.0,26,True,allen j
2008_MO_House-8_REP,REP,Jo Ann Emerson,51801,100.0,25,True,emerson j
2008_MO_House-9_DEM,DEM,Judy Baker,22498,44.1,30,True,baker j
2008_MO_House-9_DEM,DEM,Steve Gaw,15864,31.1,30,False,gaw s
2008_MO_House-9_DEM,DEM,Lyndon Bode,6565,12.9,30,False,bode l
2008_MO_House-9_DEM,DEM,Ken Jacob,6060,11.9,30,False,jacob k
2008_MO_House-9_REP,REP,Blaine Luetkemeyer,21543,39.7,29,True,luetkemeyer b
2008_MO_House-9_REP,REP,Bob Onder,15572,29.0,29,False,onder b
2008_MO_House-9_REP,REP,Danielle Moore,10609,19.5,29,False,moore d
2008_MO_House-9_REP,REP,Brock Olivo,5501,10.1,29,False,olivo b
2008_MO_House-9_REP,REP,Dan Bishir,890,1.6,29,False,bishir d
2008_MT_House-1_DEM,DEM,John Driscoll,70176,49.23,1,True,driscoll j
2008_MT_House-1_DEM,DEM,Jim Hunt,59768,41.93,1,False,hunt j
2008_MT_House-1_DEM,DEM,Robert Candee,12598,8.84,1,False,candee r
2008_MT_House-1_REP,REP,Denny Rehberg,90492,100.0,2,True,rehberg d
2008_NH_House-1_REP,REP,Jeb Bradley,18559,51.04,1,True,bradley j
2008_NH_House-1_REP,REP,John Stephen,16766,46.11,1,False,stephen j
2008_NH_House-1_REP,REP,Geoff Michael,534,1.47,1,False,michael g
2008_NH_House-1_REP,REP,Dave Jarvis,414,1.14,1,False,jarvis d
2008_NH_House-2_REP,REP,Jennifer Horn,12667,40.29,2,True,horn j
2008_NH_House-2_REP,REP,Bob Clegg,10731,34.13,2,False,clegg b
2008_NH_House-2_REP,REP,Jim Steiner,4561,14.51,2,False,steiner j
2008_NH_House-2_REP,REP,Grant Bosse,2944,9.36,2,False,bosse g
2008_NH_House-2_REP,REP,Alfred L'Eplattenier,540,1.72,2,False,leplattenier a
2008_NJ_House-10_DEM,DEM,Donald M. Payne,30764,100.0,19,True,payne d
2008_NJ_House-11_DEM,DEM,Tom Wyka,10885,69.72,21,True,wyka t
2008_NJ_House-11_DEM,DEM,Ellen Greenberg,2456,15.73,21,False,greenberg e
2008_NJ_House-11_DEM,DEM,Gary Hager,2271,14.55,21,False,hager g
2008_NJ_House-11_REP,REP,Rodney Frelinghuyen,24304,86.69,20,True,frelinghuyen r
2008_NJ_House-11_REP,REP,Kate Erber,3731,13.31,20,False,erber k
2008_NJ_House-12_DEM,DEM,Rush Holt Jr.,23653,100.0,22,True,holt r
2008_NJ_House-12_REP,REP,Alan R. Bateman,9718,100.0,23,True,bateman a
2008_NJ_House-13_DEM,DEM,Albio Sires,26527,100.0,24,True,sires a
2008_NJ_House-13_REP,REP,Joseph Turula,1739,100.0,25,True,turula j
2008_NJ_House-1_DEM,DEM,Camille Andrews,32108,83.03,1,True,andrews c
2008_NJ_House-1_DEM,DEM,John Caramanna,4342,11.23,1,False,caramanna j
2008_NJ_House-1_DEM,DEM,Mahdi Ibn-Ziyad,2222,5.75,1,False,ibnziyad m
2008_NJ_House-1_DEM,DEM,David G. Evans,0,0.0,1,False,evans d
2008_NJ_House-1_REP,REP,Dale M. Glading,5873,82.27,2,True,glading d
2008_NJ_House-1_REP,REP,Fernando Powers,1266,17.73,2,False,powers f
2008_NJ_House-2_DEM,DEM,David Kurkowski,16465,100.0,4,True,kurkowski d
2008_NJ_House-2_REP,REP,Frank LoBiondo,16026,88.78,3,True,lobiondo f
2008_NJ_House-2_REP,REP,Donna M. Ward,2025,11.22,3,False,ward d
2008_NJ_House-3_DEM,DEM,John Adler,18130,100.0,6,True,adler j
2008_NJ_House-3_REP,REP,Chris Myers,12694,49.36,5,True,myers c
2008_NJ_House-3_REP,REP,John P. Kelly,6531,25.39,5,False,kelly j
2008_NJ_House-3_REP,REP,Justin Michael Murphy,6494,25.25,5,False,murphy j
2008_NJ_House-4_DEM,DEM,Joshua Zeitz,13114,100.0,8,True,zeitz j
2008_NJ_House-4_REP,REP,Chris Smith,16818,100.0,7,True,smith c
2008_NJ_House-5_DEM,DEM,Dennis Shulman,9390,61.11,10,True,shulman d
2008_NJ_House-5_DEM,DEM,Camille M. Abate,4861,31.64,10,False,abate c
2008_NJ_House-5_DEM,DEM,Roger Bacon,1114,7.25,10,False,bacon r
2008_NJ_House-5_REP,REP,Scott Garrett,19914,100.0,9,True,garrett s
2008_NJ_House-6_DEM,DEM,Frank Pallone,18609,100.0,11,True,pallone f
2008_NJ_House-6_REP,REP,Robert E. McLeod,3698,55.14,12,True,mcleod r
2008_NJ_House-6_REP,REP,Peter Cerrato,1946,29.02,12,False,cerrato p
2008_NJ_House-6_REP,REP,James P. Hogan,1062,15.84,12,False,hogan j
2008_NJ_House-7_DEM,DEM,Lisa Stender,15776,100.0,14,True,stender l
2008_NJ_House-7_REP,REP,Leonard Lance,10094,39.47,13,True,lance l
2008_NJ_House-7_REP,REP,Kate Whitman,5052,19.75,13,False,whitman k
2008_NJ_House-7_REP,REP,P. Kelly Hatfield,3902,15.26,13,False,hatfield p
2008_NJ_House-7_REP,REP,Martin Marks,3211,12.55,13,False,marks m
2008_NJ_House-7_REP,REP,Tom Roughneen,1845,7.21,13,False,roughneen t
2008_NJ_House-7_REP,REP,Darren Young,1232,4.82,13,False,young d
2008_NJ_House-7_REP,REP,A.D. Amar,241,0.94,13,False,amar a
2008_NJ_House-8_DEM,DEM,Bill Pascrell,19948,100.0,15,True,pascrell b
2008_NJ_House-8_REP,REP,Roland Straten,5859,100.0,16,True,straten r
2008_NJ_House-9_DEM,DEM,Steve Rothman,25418,100.0,17,True,rothman s
2008_NJ_House-9_REP,REP,Vincent Micco,5797,100.0,18,True,micco v
2008_NM_House-1_DEM,DEM,Martin T. Heinrich,22344,44.0,1,True,heinrich m
2008_NM_House-1_DEM,DEM,Rebecca D. Vigil-Giron,12659,25.0,1,False,vigilgiron r
2008_NM_House-1_DEM,DEM,Michelle Lujan Grisham,12073,24.0,1,False,grisham m
2008_NM_House-1_DEM,DEM,Robert L. Pidcock,4272,8.0,1,False,pidcock r
2008_NM_House-1_REP,REP,Darren White,57878,88.0,2,True,white d
2008_NM_House-1_REP,REP,Joseph J. Carraro,8244,12.0,2,False,carraro j
2008_NM_House-2_DEM,DEM,Harry Teague,20206,52.0,3,True,teague h
2008_NM_House-2_DEM,DEM,Bill McCamley,18489,48.0,3,False,mccamley b
2008_NM_House-2_REP,REP,Edward R. Tinsley III,11469,32.0,4,True,tinsley e
2008_NM_House-2_REP,REP,Monty Newman,7476,21.0,4,False,newman m
2008_NM_House-2_REP,REP,Aubrey Dunn,7331,20.0,4,False,dunn a
2008_NM_House-2_REP,REP,Greg Sowards,6427,18.0,4,False,sowards g
2008_NM_House-2_REP,REP,C. Earl Greer,3606,10.0,4,False,greer c
2008_NM_House-3_DEM,DEM,Ben R. Luján,26776,42.0,5,True,lujan b
2008_NM_House-3_DEM,DEM,Don Wiviott,16497,26.0,5,False,wiviott d
2008_NM_House-3_DEM,DEM,Benny J. Shendo Jr,10148,16.0,5,False,shendo b
2008_NM_House-3_DEM,DEM,Harry Montoya,7234,11.0,5,False,montoya h
2008_NM_House-3_DEM,DEM,Jon Adams,1979,3.0,5,False,adams j
2008_NM_House-3_DEM,DEM,Rudy Martin,1845,3.0,5,False,martin r
2008_NM_House-3_REP,REP,Daniel East,14767,54.0,6,True,east d
2008_NM_House-3_REP,REP,Marco Gonzales,12634,46.0,6,False,gonzales m
2008_NV_House-1_DEM,DEM,Shelley Berkley,19444,89.7,1,True,berkley s
2008_NV_House-1_DEM,DEM,Mark Budetich Jr,2222,10.3,1,False,budetich m
2008_NV_House-1_REP,REP,Kenneth Wegner,4359,34.7,2,True,wegner k
2008_NV_House-1_REP,REP,Russ Mickelson,2490,19.8,2,False,mickelson r
2008_NV_House-1_REP,REP,Chris Dyer,1847,14.7,2,False,dyer c
2008_NV_House-1_REP,REP,Eve Ellingwood,1137,9.0,2,False,ellingwood e
2008_NV_House-1_REP,REP,Ray Kornfield,1090,8.7,2,False,kornfield r
2008_NV_House-1_REP,REP,Mike Powers,896,7.1,2,False,powers m
2008_NV_House-1_REP,REP,Ed Hamilton,761,6.0,2,False,hamilton e
2008_NV_House-2_REP,REP,Dean Heller,43112,86.0,3,True,heller d
2008_NV_House-2_REP,REP,James Smack,7009,14.0,3,False,smack j
2008_NV_House-3_DEM,DEM,Dina Titus,22232,84.7,5,True,titus d
2008_NV_House-3_DEM,DEM,Barry Michaels,2312,8.8,5,False,michaels b
2008_NV_House-3_DEM,DEM,Anna Nevenic,1114,4.2,5,False,nevenic a
2008_NV_House-3_DEM,DEM,"Carlo ""Tex"" Poliak",587,2.2,5,False,poliak c
2008_NV_House-3_REP,REP,Jon Porter,21955,81.6,4,True,porter j
2008_NV_House-3_REP,REP,Jesse Law,3030,11.3,4,False,law j
2008_NV_House-3_REP,REP,Carl Bunce,1911,7.1,4,False,bunce c
2008_NY_House-21_DEM,DEM,Paul D. Tonko,15932,39.5,2,True,tonko p
2008_NY_House-21_DEM,DEM,M. Tracey Brooks,12166,30.16,2,False,brooks m
2008_NY_House-21_DEM,DEM,Phillip G. Steck,7498,18.59,2,False,steck p
2008_NY_House-21_DEM,DEM,Darius Shahinfar,4002,9.92,2,False,shahinfar d
2008_NY_House-21_DEM,DEM,Joseph P. Sullivan,738,1.83,2,False,sullivan j
2008_NY_House-21_REP,REP,Jim Buhrmaster,8589,70.44,1,True,buhrmaster j
2008_NY_House-21_REP,REP,Steven Vasquez,3605,29.56,1,False,vasquez s
2008_OR_House-1_DEM,DEM,David Wu,91466,77.92,1,True,wu d
2008_OR_House-1_DEM,DEM,Will Hobbs,19659,16.75,1,False,hobbs w
2008_OR_House-1_DEM,DEM,Mark Welyczko,5982,5.1,1,False,welyczko m
2008_OR_House-1_REP,REP,Joel Haugen,29658,68.95,2,True,haugen j
2008_OR_House-1_REP,REP,Claude William Chappell IV,12524,29.12,2,False,chappell c
2008_OR_House-2_DEM,DEM,Noah Lemas,56980,97.86,3,True,lemas n
2008_OR_House-2_REP,REP,Greg Walden,83087,99.14,4,True,walden g
2008_OR_House-3_DEM,DEM,Earl Blumenauer,121176,86.79,5,True,blumenauer e
2008_OR_House-3_DEM,DEM,John Sweeney,9389,6.72,5,False,sweeney j
2008_OR_House-3_DEM,DEM,Joseph Walsh,8783,6.29,5,False,walsh j
2008_OR_House-3_REP,REP,Delia Lopez,22114,96.88,6,True,lopez d
2008_OR_House-4_DEM,DEM,Peter A. DeFazio,906,27.87,8,True,defazio p
2008_OR_House-5_DEM,DEM,Kurt Schrader,51980,53.84,9,True,schrader k
2008_OR_House-5_DEM,DEM,Nancy Moran,18597,19.26,9,False,moran n
2008_OR_House-5_DEM,DEM,Steve Marks,17643,18.27,9,False,marks s
2008_OR_House-5_DEM,DEM,Andrew Foster,6104,6.32,9,False,foster a
2008_OR_House-5_DEM,DEM,Richard Nathe,1748,1.81,9,False,nathe r
2008_OR_House-5_REP,REP,Mike Erickson,37217,47.94,10,True,erickson m
2008_OR_House-5_REP,REP,Kevin Mannix,36005,46.38,10,False,mannix k
2008_OR_House-5_REP,REP,"Richard ""RJ"" Wilson",4110,5.29,10,False,wilson r
2008_PA_House-10_DEM,DEM,Chris Carney,71988,100.0,20,True,carney c
2008_PA_House-10_REP,REP,Chris Hackett,34129,52.32,21,True,hackett c
2008_PA_House-10_REP,REP,Dan Meuser,31102,47.68,21,False,meuser d
2008_PA_House-11_DEM,DEM,Paul Kanjorski,93120,100.0,22,True,kanjorski p
2008_PA_House-11_REP,REP,Lou Barletta,27710,100.0,23,True,barletta l
2008_PA_House-12_DEM,DEM,John Murtha,112082,100.0,24,True,murtha j
2008_PA_House-13_DEM,DEM,Allyson Schwartz,44402,100.0,25,True,schwartz a
2008_PA_House-13_REP,REP,Marina Kats,27169,100.0,26,True,kats m
2008_PA_House-14_DEM,DEM,Mike Doyle,134298,100.0,27,True,doyle m
2008_PA_House-15_DEM,DEM,Sam Bennett,73734,100.0,28,True,bennett s
2008_PA_House-15_REP,REP,Charlie Dent,27875,100.0,29,True,dent c
2008_PA_House-16_DEM,DEM,Bruce Slater,59246,100.0,30,True,slater b
2008_PA_House-16_REP,REP,Joe Pitts,49740,100.0,31,True,pitts j
2008_PA_House-17_DEM,DEM,Tim Holden,79551,100.0,32,True,holden t
2008_PA_House-17_REP,REP,Toni Gilhooley,49123,100.0,33,True,gilhooley t
2008_PA_House-18_DEM,DEM,Steve O'Donnell,52247,44.96,34,True,odonnell s
2008_PA_House-18_DEM,DEM,Beth Hafer,48224,41.5,34,False,hafer b
2008_PA_House-18_DEM,DEM,Brien Wall,15733,13.54,34,False,wall b
2008_PA_House-18_REP,REP,Tim Murphy,39780,100.0,35,True,murphy t
2008_PA_House-19_DEM,DEM,Philip Avillo,69068,100.0,36,True,avillo p
2008_PA_House-19_REP,REP,Todd Platts,57198,100.0,37,True,platts t
2008_PA_House-1_DEM,DEM,Bob Brady,116334,100.0,1,True,brady b
2008_PA_House-1_REP,REP,Mike Muhammad,4637,100.0,2,True,muhammad m
2008_PA_House-2_DEM,DEM,Chaka Fattah,161022,100.0,3,True,fattah c
2008_PA_House-2_REP,REP,Michael Livingston,4521,100.0,4,True,livingston m
2008_PA_House-3_DEM,DEM,Kathy Dahlkemper,43858,44.91,5,True,dahlkemper k
2008_PA_House-3_DEM,DEM,Kyle Foust,24672,25.27,5,False,foust k
2008_PA_House-3_DEM,DEM,Tom Myers,18584,19.03,5,False,myers t
2008_PA_House-3_DEM,DEM,Mike Waltner,10532,10.79,5,False,waltner m
2008_PA_House-3_REP,REP,Phil English,42636,100.0,6,True,english p
2008_PA_House-4_DEM,DEM,Jason Altmire,112049,100.0,8,True,altmire j
2008_PA_House-4_REP,REP,Melissa Hart,42854,100.0,9,True,hart m
2008_PA_House-5_DEM,DEM,Mark McCracken,30358,40.92,10,True,mccracken m
2008_PA_House-5_DEM,DEM,Bill Cahir,25920,34.93,10,False,cahir b
2008_PA_House-5_DEM,DEM,Richard Vilello,17921,24.15,10,False,vilello r
2008_PA_House-5_REP,REP,Glenn Thompson,13988,19.18,11,True,thompson g
2008_PA_House-5_REP,REP,Derek Walker,13153,18.03,11,False,walker d
2008_PA_House-5_REP,REP,Matt Shaner,12860,17.63,11,False,shaner m
2008_PA_House-5_REP,REP,Jeffrey Stroehmann,9921,13.6,11,False,stroehmann j
2008_PA_House-5_REP,REP,Keith Richardson,7094,9.72,11,False,richardson k
2008_PA_House-5_REP,REP,Lou Radkowski,5083,6.97,11,False,radkowski l
2008_PA_House-5_REP,REP,John Stroup,4550,6.24,11,False,stroup j
2008_PA_House-5_REP,REP,Chris Exarchos,4376,6.0,11,False,exarchos c
2008_PA_House-5_REP,REP,John Krupa,1916,2.63,11,False,krupa j
2008_PA_House-6_DEM,DEM,Bob Roggio,82540,100.0,12,True,roggio b
2008_PA_House-6_REP,REP,Jim Gerlach,39232,100.0,13,True,gerlach j
2008_PA_House-7_DEM,DEM,Joe Sestak,91272,100.0,14,True,sestak j
2008_PA_House-7_REP,REP,Wendell Craig Williams,52733,100.0,15,True,williams w
2008_PA_House-8_DEM,DEM,Patrick Murphy,100788,100.0,16,True,murphy p
2008_PA_House-8_REP,REP,Tom Manion,35610,100.0,17,True,manion t
2008_PA_House-9_DEM,DEM,Tony Barr,58522,100.0,18,True,barr t
2008_PA_House-9_REP,REP,Bill Shuster,57890,100.0,19,True,shuster b
2008_TN_House-1_DEM,DEM,Rob Russell,4123,67.7,1,True,russell r
2008_TN_House-1_DEM,DEM,Michael Donihe,1968,32.3,1,False,donihe m
2008_TN_House-1_REP,REP,Phil Roe,25993,50.15,2,True,roe p
2008_TN_House-1_REP,REP,David Davis,25511,49.22,2,False,davis d
2008_TN_House-1_REP,REP,"Mahmood ""Michael"" Sabri",329,0.63,2,False,sabri m
2008_TN_House-2_DEM,DEM,Bob Scott,10006,59.7,4,True,scott b
2008_TN_House-2_DEM,DEM,David Ryan Hancock,6765,40.3,4,False,hancock d
2008_TN_House-2_REP,REP,John J. Duncan Jr.,50722,100.0,5,True,duncan j
2008_TN_House-3_DEM,DEM,Doug Vandagriff,13122,100.0,7,True,vandagriff d
2008_TN_House-3_REP,REP,Zach Wamp,31782,91.05,8,True,wamp z
2008_TN_House-3_REP,REP,Teresa Sheppard,3125,8.95,8,False,sheppard t
2008_TN_House-4_DEM,DEM,Lincoln Davis,30487,90.4,10,True,davis l
2008_TN_House-4_DEM,DEM,Bert Mason,3233,9.6,10,False,mason b
2008_TN_House-4_REP,REP,Monty J. Lankford,13363,62.7,11,True,lankford m
2008_TN_House-4_REP,REP,Don Strong,4199,19.7,11,False,strong d
2008_TN_House-4_REP,REP,Kent Greenough,3749,17.6,11,False,greenough k
2008_TN_House-5_DEM,DEM,Jim Cooper,17985,100.0,13,True,cooper j
2008_TN_House-5_REP,REP,Gerard Donovan,5482,71.1,14,True,donovan g
2008_TN_House-5_REP,REP,Vijay A. Kumar,2225,28.9,14,False,kumar v
2008_TN_House-6_DEM,DEM,Bart Gordon,194264,74.42,18,True,gordon b
2008_TN_House-6_REP,REP,Steven L. Edmondson,723,100.0,17,True,edmondson s
2008_TN_House-7_DEM,DEM,Randy G. Morris,12003,77.2,19,True,morris r
2008_TN_House-7_DEM,DEM,James Tomasik,3535,22.8,19,False,tomasik j
2008_TN_House-7_REP,REP,Marsha Blackburn,30997,62.0,20,True,blackburn m
2008_TN_House-7_REP,REP,Tom Leatherwood,19025,38.0,20,False,leatherwood t
2008_TN_House-8_DEM,DEM,John S. Tanner,180465,99.97,24,True,tanner j
2008_TN_House-8_REP,REP,James Hart,23,100.0,23,True,hart j
2008_TN_House-9_DEM,DEM,Steve Cohen,198798,87.85,26,True,cohen s
2008_VA_House-10_DEM,DEM,Judy Feder,5462,61.8,4,True,feder j
2008_VA_House-10_DEM,DEM,Mike Turner,3377,38.2,4,False,turner m
2008_VA_House-10_REP,REP,Frank Wolf,16726,91.7,3,True,wolf f
2008_VA_House-10_REP,REP,Vern McKinley,1506,8.3,3,False,mckinley v
2008_VA_House-11_DEM,DEM,Gerry Connolly,14233,57.9,5,True,connolly g
2008_VA_House-11_DEM,DEM,Leslie Byrne,8196,33.4,5,False,byrne l
2008_VA_House-11_DEM,DEM,Doug Denneny,1508,6.1,5,False,denneny d
2008_VA_House-11_DEM,DEM,Lori Alexander,638,2.6,5,False,alexander l
2008_VA_House-8_DEM,DEM,Jim Moran,11792,87.0,1,True,moran j
2008_VA_House-8_DEM,DEM,Matthew Famiglietti,1764,13.0,1,False,famiglietti m
2008_VA_House-8_REP,REP,Mark Ellmore,3286,56.0,2,True,ellmore m
2008_VA_House-8_REP,REP,Amit Singh,2577,44.0,2,False,singh a
2008_VT_House-1_DEM,DEM,Peter Welch,19566,87.74,1,True,welch p
2008_VT_House-1_DEM,DEM,Craig Hill,2635,11.82,1,False,hill c
2008_VT_House-1_DEM,DEM,Write-ins,98,0.44,1,False,writeins
2008_WY_House-1_DEM,DEM,Gary Trauner,24741,100.0,1,True,trauner g
2008_WY_House-1_REP,REP,Cynthia Lummis,33149,46.24,2,True,lummis c
2008_WY_House-1_REP,REP,Mark Gordon,26827,37.42,2,False,gordon m
2008_WY_House-1_REP,REP,Bill Winney,8537,11.91,2,False,winney b
2008_WY_House-1_REP,REP,Michael S. Holland,3171,4.42,2,False,holland m
2010_AK_House-1_REP,REP,Don Young,74310,70.35,1,True,young d
2010_AK_House-1_REP,REP,Sheldon Fisher,24709,23.39,1,False,fisher s
2010_AK_House-1_REP,REP,John R. Cox,6605,6.25,1,False,cox j
2010_AL_House-1_REP,REP,Jo Bonner,56937,75.25,1,True,bonner j
2010_AL_House-1_REP,REP,Peter Gounares,18725,24.75,1,False,gounares p
2010_AL_House-2_REP,REP,Martha Roby,39169,60.02,3,True,roby m
2010_AL_House-2_REP,REP,Rick Barber,26091,39.98,3,False,barber r
2010_AL_House-5_DEM,DEM,Steve Raby,27814,61.67,5,True,raby s
2010_AL_House-5_DEM,DEM,Taze Shepard,10262,22.75,5,False,shepard t
2010_AL_House-5_DEM,DEM,Mitchell J. Howie,5277,11.7,5,False,howie m
2010_AL_House-5_DEM,DEM,David J. Maker,1751,3.88,5,False,maker d
2010_AL_House-5_REP,REP,Mo Brooks,35746,50.81,4,True,brooks m
2010_AL_House-5_REP,REP,Parker Griffith,23525,33.44,4,False,griffith p
2010_AL_House-5_REP,REP,Les Phillip,11085,15.76,4,False,phillip l
2010_AL_House-6_REP,REP,Spencer Bachus,80725,75.64,6,True,bachus s
2010_AL_House-6_REP,REP,Don Cooke,25997,24.36,6,False,cooke d
2010_AL_House-7_DEM,DEM,Terri Sewell,32366,55.0,8,True,sewell t
2010_AL_House-7_DEM,DEM,Sheila Smoot,26481,45.0,8,False,smoot s
2010_AL_House-7_REP,REP,Don Chamberlain,11783,55.76,10,True,chamberlain d
2010_AL_House-7_REP,REP,Chris Salter,9349,44.24,10,False,salter c
2010_AZ_House-1_DEM,DEM,Ann Kirkpatrick,46902,100.0,1,True,kirkpatrick a
2010_AZ_House-1_REP,REP,Paul Gosar,21941,30.7,2,True,gosar p
2010_AZ_House-1_REP,REP,Sydney Hay,16328,22.9,2,False,hay s
2010_AZ_House-1_REP,REP,Bradley Beauchamp,11356,15.9,2,False,beauchamp b
2010_AZ_House-1_REP,REP,Russell Bowers,10552,14.8,2,False,bowers r
2010_AZ_House-1_REP,REP,Steve Mehta,5846,8.2,2,False,mehta s
2010_AZ_House-1_REP,REP,Thomas J. Zaleski,2105,3.0,2,False,zaleski t
2010_AZ_House-1_REP,REP,Jon Jensen,1736,2.4,2,False,jensen j
2010_AZ_House-1_REP,REP,Joe Jaraczewski,1530,2.1,2,False,jaraczewski j
2010_AZ_House-2_DEM,DEM,John Thrasher,32503,100.0,5,True,thrasher j
2010_AZ_House-2_REP,REP,Trent Franks,81252,80.9,4,True,franks t
2010_AZ_House-2_REP,REP,Charles Black,19220,19.1,4,False,black c
2010_AZ_House-3_DEM,DEM,Jon Hulburd,27388,100.0,8,True,hulburd j
2010_AZ_House-3_REP,REP,Ben Quayle,17400,22.1,7,True,quayle b
2010_AZ_House-3_REP,REP,Steve Moak,14211,18.0,7,False,moak s
2010_AZ_House-3_REP,REP,Jim Waring,13850,17.6,7,False,waring j
2010_AZ_House-3_REP,REP,Vernon Parker,13411,17.0,7,False,parker v
2010_AZ_House-3_REP,REP,Pamela Gorman,6473,8.2,7,False,gorman p
2010_AZ_House-3_REP,REP,Paulina Morris,6138,7.8,7,False,morris p
2010_AZ_House-3_REP,REP,Sam Crump,3886,4.9,7,False,crump s
2010_AZ_House-3_REP,REP,Ed Winkler,1353,1.7,7,False,winkler e
2010_AZ_House-3_REP,REP,Bob Branch,1141,1.4,7,False,branch b
2010_AZ_House-3_REP,REP,LeAnn Hull,1044,1.3,7,False,hull l
2010_AZ_House-4_DEM,DEM,Ed Pastor,24613,100.0,11,True,pastor e
2010_AZ_House-4_REP,REP,Janet Contreras,8085,60.1,12,True,contreras j
2010_AZ_House-4_REP,REP,Joe Peñalosa,5368,39.9,12,False,penalosa j
2010_AZ_House-5_DEM,DEM,Harry Mitchell,29716,100.0,15,True,mitchell h
2010_AZ_House-5_REP,REP,David Schweikert,26678,37.2,16,True,schweikert d
2010_AZ_House-5_REP,REP,Jim Ward,18480,25.8,16,False,ward j
2010_AZ_House-5_REP,REP,Susan Bitter Smith,17297,24.1,16,False,smith s
2010_AZ_House-5_REP,REP,Chris Salvino,7156,10.0,16,False,salvino c
2010_AZ_House-5_REP,REP,Lee Gentry,1157,1.6,16,False,gentry l
2010_AZ_House-5_REP,REP,Mark Spinks,884,1.2,16,False,spinks m
2010_AZ_House-6_DEM,DEM,Rebecca Schneider,26220,100.0,20,True,schneider r
2010_AZ_House-6_REP,REP,Jeff Flake,62285,64.6,19,True,flake j
2010_AZ_House-6_REP,REP,Jeff Smith,34137,35.4,19,False,smith j
2010_AZ_House-7_DEM,DEM,Raúl Grijalva,33931,100.0,23,True,grijalva r
2010_AZ_House-7_REP,REP,Ruth McClung,15455,51.0,24,True,mcclung r
2010_AZ_House-7_REP,REP,Terry Myers,7044,23.2,24,False,myers t
2010_AZ_House-7_REP,REP,Joseph Sweeney,3702,12.2,24,False,sweeney j
2010_AZ_House-7_REP,REP,Robert Wilson,2737,9.0,24,False,wilson r
2010_AZ_House-7_REP,REP,Christopher J. Flowers,1394,4.6,24,False,flowers c
2010_AZ_House-8_DEM,DEM,Gabby Giffords,55530,100.0,26,True,giffords g
2010_AZ_House-8_REP,REP,Jesse Kelly,43097,48.3,27,True,kelly j
2010_AZ_House-8_REP,REP,Jonathan Paton,37066,41.5,27,False,paton j
2010_AZ_House-8_REP,REP,Brian Miller,6613,7.4,27,False,miller b
2010_AZ_House-8_REP,REP,Jay Quick,1933,2.2,27,False,quick j
2010_AZ_House-8_REP,REP,Andy Goss,502,0.6,27,False,goss a
2010_CO_House-1_DEM,DEM,Diana DeGette,57527,100.0,1,True,degette d
2010_CO_House-1_REP,REP,Mike Fallon,13970,100.0,2,True,fallon m
2010_CO_House-2_DEM,DEM,Jared Polis,47347,100.0,4,True,polis j
2010_CO_House-2_REP,REP,Stephen Bailey,23439,69.4,5,True,bailey s
2010_CO_House-2_REP,REP,Bob Brancato,10353,30.6,5,False,brancato b
2010_CO_House-3_DEM,DEM,John Salazar,46148,100.0,6,True,salazar j
2010_CO_House-3_REP,REP,Scott Tipton,39346,55.8,7,True,tipton s
2010_CO_House-3_REP,REP,Bob McConnell,31214,44.2,7,False,mcconnell b
2010_CO_House-4_DEM,DEM,Betsy Markey,33982,100.0,8,True,markey b
2010_CO_House-4_REP,REP,Cory Gardner,57358,100.0,9,True,gardner c
2010_CO_House-5_DEM,DEM,Kevin Bradley,20814,100.0,11,True,bradley k
2010_CO_House-5_REP,REP,Doug Lamborn,60906,100.0,10,True,lamborn d
2010_CO_House-6_DEM,DEM,John Flerlage,37950,100.0,13,True,flerlage j
2010_CO_House-6_REP,REP,Mike Coffman,81067,100.0,12,True,coffman m
2010_CO_House-7_DEM,DEM,Ed Perlmutter,40534,100.0,14,True,perlmutter e
2010_CO_House-7_REP,REP,Ryan Frazier,26765,64.3,15,True,frazier r
2010_CO_House-7_REP,REP,Lang Sias,14835,35.7,15,False,sias l
2010_DE_House-1_REP,REP,Glen Urquhart,27343,48.64,1,True,urquhart g
2010_DE_House-1_REP,REP,Michele Rollins,26789,47.66,1,False,rollins m
2010_DE_House-1_REP,REP,Rose Izzo,2082,3.7,1,False,izzo r
2010_GA_House-12_DEM,DEM,John Barrow,19505,57.87,10,True,barrow j
2010_GA_House-12_DEM,DEM,Regina Thomas,14201,42.13,10,False,thomas r
2010_GA_House-12_REP,REP,Ray McKinney,14256,62.04,12,True,mckinney r
2010_GA_House-12_REP,REP,Carl Smith,8724,37.96,12,False,smith c
2010_GA_House-13_DEM,DEM,David Scott,34374,76.12,13,True,scott d
2010_GA_House-13_DEM,DEM,Mike Murphy,7556,16.73,13,False,murphy m
2010_GA_House-13_DEM,DEM,Michael Frisbee,3229,7.15,13,False,frisbee m
2010_GA_House-13_REP,REP,Mike Crane,15286,67.53,15,True,crane m
2010_GA_House-13_REP,REP,Deborah Honeycutt,7349,32.47,15,False,honeycutt d
2010_GA_House-2_REP,REP,Mike Keown,23945,80.84,1,True,keown m
2010_GA_House-2_REP,REP,Rick Allen,3283,11.08,1,False,allen r
2010_GA_House-2_REP,REP,Lee Ferrell,2393,8.08,1,False,ferrell l
2010_GA_House-4_DEM,DEM,Hank Johnson,28095,55.18,2,True,johnson h
2010_GA_House-4_DEM,DEM,Vernon Jones,13407,26.33,2,False,jones v
2010_GA_House-4_DEM,DEM,Connie Stokes,9411,18.48,2,False,stokes c
2010_GA_House-4_REP,REP,Lisbeth Carter,9549,54.75,3,True,carter l
2010_GA_House-4_REP,REP,Larry Gause,4455,25.54,3,False,gause l
2010_GA_House-4_REP,REP,Victor Armendariz,1741,9.98,3,False,armendariz v
2010_GA_House-4_REP,REP,Cory Ruth,1697,9.73,3,False,ruth c
2010_GA_House-5_REP,REP,Fenn Little,8758,59.6,4,True,little f
2010_GA_House-5_REP,REP,Kelly Nguyen,5937,40.4,4,False,nguyen k
2010_GA_House-7_REP,REP,Rob Woodall,39987,55.99,6,True,woodall r
2010_GA_House-7_REP,REP,Jody Hice,31426,44.01,6,False,hice j
2010_GA_House-8_REP,REP,Austin Scott,22191,52.36,7,True,scott a
2010_GA_House-8_REP,REP,Ken DeLoach,13228,31.21,7,False,deloach k
2010_GA_House-8_REP,REP,Diane Vann,6959,16.42,7,False,vann d
2010_GA_House-9_REP,REP,Tom Graves,41878,55.21,9,True,graves t
2010_GA_House-9_REP,REP,Lee Hawkins,33975,44.79,9,False,hawkins l
2010_ID_House-1_REP,REP,Raúl Labrador,38711,47.6,1,True,labrador r
2010_ID_House-1_REP,REP,Vaughn Ward,31582,38.9,1,False,ward v
2010_ID_House-1_REP,REP,Michael Chadwick,5356,6.6,1,False,chadwick m
2010_ID_House-1_REP,REP,Harley Brown,3168,3.9,1,False,brown h
2010_ID_House-1_REP,REP,Allan Salzberg,2471,3.0,1,False,salzberg a
2010_ID_House-2_REP,REP,Mike Simpson,45148,58.3,2,True,simpson m
2010_ID_House-2_REP,REP,Chick Heileson,18644,24.1,2,False,heileson c
2010_ID_House-2_REP,REP,Russ Mathews,7452,9.6,2,False,mathews r
2010_ID_House-2_REP,REP,Katherine Burton,6214,8.0,2,False,burton k
2010_IL_House-10_DEM,DEM,Dan Seals,25490,48.22,11,True,seals d
2010_IL_House-10_DEM,DEM,Julie Hamos,24531,46.41,11,False,hamos j
2010_IL_House-10_DEM,DEM,Elliot Richardson,2838,5.37,11,False,richardson e
2010_IL_House-10_REP,REP,Bob Dold,19691,38.03,10,True,dold b
2010_IL_House-10_REP,REP,Elizabeth Coulson,16149,31.19,10,False,coulson e
2010_IL_House-10_REP,REP,Dick Green,7595,14.67,10,False,green d
2010_IL_House-10_REP,REP,Arie Friedman,7260,14.02,10,False,friedman a
2010_IL_House-10_REP,REP,Paul Hamann,1078,2.08,10,False,hamann p
2010_IL_House-11_REP,REP,Adam Kinzinger,32233,63.67,12,True,kinzinger a
2010_IL_House-11_REP,REP,Dave White,5257,10.38,12,False,white d
2010_IL_House-11_REP,REP,David McAloon,4880,9.64,12,False,mcaloon d
2010_IL_House-11_REP,REP,Henry Meers Jr.,4555,9.0,12,False,meers h
2010_IL_House-11_REP,REP,Darrel Miller,3701,7.31,12,False,miller d
2010_IL_House-12_REP,REP,Teri Newman,14995,52.6,13,True,newman t
2010_IL_House-12_REP,REP,Theresa Kormos,13510,47.4,13,False,kormos t
2010_IL_House-14_DEM,DEM,Bill Foster,25446,100.0,14,True,foster b
2010_IL_House-14_DEM,DEM,Bobby G. Rose,1,0.0,14,False,rose b
2010_IL_House-14_REP,REP,Randy Hultgren,34833,54.71,15,True,hultgren r
2010_IL_House-14_REP,REP,Ethan Hastert,28840,45.29,15,False,hastert e
2010_IL_House-18_DEM,DEM,"Deirdre ""DK"" Hirner",13683,54.19,16,True,hirner d
2010_IL_House-18_DEM,DEM,Carl Ray,11566,45.81,16,False,ray c
2010_IL_House-19_REP,REP,John Shimkus,48680,85.34,17,True,shimkus j
2010_IL_House-19_REP,REP,Michael Firsching,8363,14.66,17,False,firsching m
2010_IL_House-1_DEM,DEM,Bobby Rush,68585,79.7,1,True,rush b
2010_IL_House-1_DEM,DEM,Joanne Guillemette,8035,9.34,1,False,guillemette j
2010_IL_House-1_DEM,DEM,Fred Smith,5203,6.05,1,False,smith f
2010_IL_House-1_DEM,DEM,Harold Bailey,4232,4.92,1,False,bailey h
2010_IL_House-3_DEM,DEM,Dan Lipinski,57684,77.89,3,True,lipinski d
2010_IL_House-3_DEM,DEM,Jorge Mujica,16372,22.11,3,False,mujica j
2010_IL_House-5_REP,REP,David Ratowitz,5689,39.64,4,True,ratowitz d
2010_IL_House-5_REP,REP,Rosanna Pulido,4722,32.9,4,False,pulido r
2010_IL_House-5_REP,REP,Ashvin Lad,3942,27.46,4,False,lad a
2010_IL_House-7_DEM,DEM,Danny K. Davis,52728,66.77,6,True,davis d
2010_IL_House-7_DEM,DEM,Sharon Denise Dixon,10851,13.74,6,False,dixon s
2010_IL_House-7_DEM,DEM,Darlena Williams-Burnett,10173,12.88,6,False,williamsburnett d
2010_IL_House-7_DEM,DEM,James Ascot,5221,6.61,6,False,ascot j
2010_IL_House-8_DEM,DEM,Melissa Bean,25000,99.9,7,True,bean m
2010_IL_House-8_DEM,DEM,Jonathan Farnick,25,0.1,7,False,farnick j
2010_IL_House-8_REP,REP,Joe Walsh,16162,34.16,8,True,walsh j
2010_IL_House-8_REP,REP,Dirk Beveridge,11708,24.75,8,False,beveridge d
2010_IL_House-8_REP,REP,Maria Rodriguez,9803,20.72,8,False,rodriguez m
2010_IL_House-8_REP,REP,Chris Geissler,4267,9.02,8,False,geissler c
2010_IL_House-8_REP,REP,John Dawson,3921,8.29,8,False,dawson j
2010_IL_House-8_REP,REP,Greg Jacobs,1445,3.05,8,False,jacobs g
2010_LA_House-2_DEM,DEM,Cedric Richmond,14678,60.5,1,True,richmond c
2010_LA_House-2_DEM,DEM,Juan LaFonta,5171,21.31,1,False,lafonta j
2010_LA_House-2_DEM,DEM,Eugene Green,2500,10.3,1,False,green e
2010_LA_House-2_DEM,DEM,Gary Johnson,1914,7.89,1,False,johnson g
2010_LA_House-3_REP,REP,Jeff Landry,19657,65.08,3,True,landry j
2010_LA_House-3_REP,REP,Hunt Downer,10549,34.92,3,False,downer h
2010_LA_House-4_DEM,DEM,David Melville,10145,81.1,4,True,melville d
2010_LA_House-4_DEM,DEM,Steven Jude Gavi,2365,18.9,4,False,gavi s
2010_LA_House-5_REP,REP,Rodney Alexander,14031,88.94,5,True,alexander r
2010_LA_House-5_REP,REP,Todd Slavant,1744,11.06,5,False,slavant t
2010_MI_House-12_DEM,DEM,Sander Levin,42732,75.86,11,True,levin s
2010_MI_House-12_DEM,DEM,Michael Switalski,13480,24.14,11,False,switalski m
2010_MI_House-13_DEM,DEM,Hansen Clarke,22573,47.32,12,True,clarke h
2010_MI_House-13_DEM,DEM,Carolyn Cheeks Kilpatrick,19507,40.89,12,False,kilpatrick c
2010_MI_House-13_DEM,DEM,Glenn Plummer,2038,4.27,12,False,plummer g
2010_MI_House-13_DEM,DEM,John Broad,1872,3.92,12,False,broad j
2010_MI_House-13_DEM,DEM,Vincent Brown,893,1.87,12,False,brown v
2010_MI_House-13_DEM,DEM,Stephen Hume,820,1.72,12,False,hume s
2010_MI_House-14_REP,REP,Don Ukrainec,7435,55.43,13,True,ukrainec d
2010_MI_House-14_REP,REP,Pauline Montie,5978,44.57,13,False,montie p
2010_MI_House-15_REP,REP,Rob Steele,18358,50.76,14,True,steele r
2010_MI_House-15_REP,REP,John Lynch,11946,33.03,14,False,lynch j
2010_MI_House-15_REP,REP,Tony Amorose,4488,12.41,14,False,amorose t
2010_MI_House-15_REP,REP,Majed Moughni,1374,3.8,14,False,moughni m
2010_MI_House-1_REP,REP,Dan Benishek,27077,38.14,1,True,benishek d
2010_MI_House-1_REP,REP,Jason Allen,27062,38.12,1,False,allen j
2010_MI_House-1_REP,REP,Tom Stillings,5418,7.63,1,False,stillings t
2010_MI_House-1_REP,REP,Linda Goldthorpe,4980,7.01,1,False,goldthorpe l
2010_MI_House-1_REP,REP,Don Hooper,3969,5.59,1,False,hooper d
2010_MI_House-1_REP,REP,Patrick Donlon,2490,3.51,1,False,donlon p
2010_MI_House-2_DEM,DEM,Fred Johnson,12375,59.94,3,True,johnson f
2010_MI_House-2_DEM,DEM,Nicolette McClure,8272,40.06,3,False,mcclure n
2010_MI_House-2_REP,REP,Bill Huizenga,27041,25.4,2,True,huizenga b
2010_MI_House-2_REP,REP,Jay Riemersma,26378,24.77,2,False,riemersma j
2010_MI_House-2_REP,REP,Wayne Kuipers,23226,21.81,2,False,kuipers w
2010_MI_House-2_REP,REP,Bill Cooper,20584,19.33,2,False,cooper b
2010_MI_House-2_REP,REP,Field Reichardt,4517,4.24,2,False,reichardt f
2010_MI_House-2_REP,REP,Ted Schendel,2401,2.25,2,False,schendel t
2010_MI_House-2_REP,REP,Chris Larson,2332,2.19,2,False,larson c
2010_MI_House-3_DEM,DEM,Patrick Miles Jr.,14114,68.53,5,True,miles p
2010_MI_House-3_DEM,DEM,Paul Mayhue,6480,31.47,5,False,mayhue p
2010_MI_House-3_REP,REP,Justin Amash,38569,40.35,4,True,amash j
2010_MI_House-3_REP,REP,Steve Heacock,25157,26.32,4,False,heacock s
2010_MI_House-3_REP,REP,Bill Hardiman,22715,23.76,4,False,hardiman b
2010_MI_House-3_REP,REP,Bob Overbeek,5133,5.37,4,False,overbeek b
2010_MI_House-3_REP,REP,Louise Johnson,4020,4.21,4,False,johnson l
2010_MI_House-5_DEM,DEM,Dale Kildee,34902,78.43,6,True,kildee d
2010_MI_House-5_DEM,DEM,Scott Withers,9596,21.57,6,False,withers s
2010_MI_House-5_REP,REP,John Kupiec,22177,55.69,7,True,kupiec j
2010_MI_House-5_REP,REP,Rick Wilson,17643,44.31,7,False,wilson r
2010_MI_House-6_REP,REP,Fred Upton,42182,57.12,8,True,upton f
2010_MI_House-6_REP,REP,Jack Hoogendyk,31660,42.88,8,False,hoogendyk j
2010_MI_House-7_REP,REP,Tim Walberg,41784,57.47,9,True,walberg t
2010_MI_House-7_REP,REP,Brian Rooney,23505,32.33,9,False,rooney b
2010_MI_House-7_REP,REP,Marvin Carlson,7413,10.2,9,False,carlson m
2010_MI_House-9_REP,REP,Rocky Raczkowski,33459,41.97,10,True,raczkowski r
2010_MI_House-9_REP,REP,Paul Welday,22298,27.97,10,False,welday p
2010_MI_House-9_REP,REP,Richard Kuhn,15949,20.01,10,False,kuhn r
2010_MI_House-9_REP,REP,Anna Janek,8006,10.04,10,False,janek a
2010_MN_House-2_REP,REP,John Kline,16151,100.0,1,True,kline j
2010_MN_House-4_REP,REP,Teresa Collett,6949,67.2,4,True,collett t
2010_MN_House-4_REP,REP,Jack Shepard,3392,32.8,4,False,shepard j
2010_MN_House-5_REP,REP,Joel Demos,4975,100.0,7,True,demos j
2010_MN_House-6_REP,REP,Michele Bachmann,17237,100.0,9,True,bachmann m
2010_MN_House-7_REP,REP,Lee Byberg,11417,61.0,13,True,byberg l
2010_MN_House-7_REP,REP,Alan Roebke,7315,39.0,13,False,roebke a
2010_MN_House-8_REP,REP,Chip Cravaack,26608,100.0,16,True,cravaack c
2010_MO_House-1_DEM,DEM,"William Lacy Clay, Jr.",37041,81.25,1,True,clay w
2010_MO_House-1_DEM,DEM,Candice Britton,8546,18.75,1,False,britton c
2010_MO_House-1_REP,REP,Robyn Hamlin,10305,63.21,2,True,hamlin r
2010_MO_House-1_REP,REP,Martin Baker,4532,27.8,2,False,baker m
2010_MO_House-1_REP,REP,Marshall Works,1467,9.0,2,False,works m
2010_MO_House-2_REP,REP,Todd Akin,72269,84.57,4,True,akin t
2010_MO_House-2_REP,REP,Bill Haas,9494,11.11,4,False,haas b
2010_MO_House-2_REP,REP,Jeffrey Lowe,3692,4.32,4,False,lowe j
2010_MO_House-3_DEM,DEM,Russ Carnahan,36976,80.14,5,True,carnahan r
2010_MO_House-3_DEM,DEM,David Arnold,6467,14.02,5,False,arnold d
2010_MO_House-3_DEM,DEM,Edward Crim,2697,5.85,5,False,crim e
2010_MO_House-3_REP,REP,Ed Martin,22266,63.39,6,True,martin e
2010_MO_House-3_REP,REP,Rusty Wallace,7478,21.29,6,False,wallace r
2010_MO_House-3_REP,REP,John Wayne Tucker,5379,15.31,6,False,tucker j
2010_MO_House-4_DEM,DEM,Ike Skelton,25919,80.53,7,True,skelton i
2010_MO_House-4_DEM,DEM,Leonard Steinman,6268,19.47,7,False,steinman l
2010_MO_House-4_REP,REP,Vicky Hartzler,35860,40.46,8,True,hartzler v
2010_MO_House-4_REP,REP,Bill Stouffer,26573,29.98,8,False,stouffer b
2010_MO_House-4_REP,REP,Jeff Parnell,7969,9.0,8,False,parnell j
2010_MO_House-4_REP,REP,James Scholz,4259,4.81,8,False,scholz j
2010_MO_House-4_REP,REP,Roy Viessman,3702,4.18,8,False,viessman r
2010_MO_House-4_REP,REP,Brian Riley,3197,3.61,8,False,riley b
2010_MO_House-4_REP,REP,Brian Clark,2658,3.0,8,False,clark b
2010_MO_House-4_REP,REP,Arthur Madden,2484,2.8,8,False,madden a
2010_MO_House-4_REP,REP,Eric McElroy,1928,2.18,8,False,mcelroy e
2010_MO_House-5_REP,REP,Jacob Turk,23078,67.0,10,True,turk j
2010_MO_House-5_REP,REP,Jerry Fowler,3963,11.51,10,False,fowler j
2010_MO_House-5_REP,REP,Patrick Haake,3469,10.07,10,False,haake p
2010_MO_House-5_REP,REP,Ralph Sheffield,2748,7.98,10,False,sheffield r
2010_MO_House-5_REP,REP,Ron Shawd,1185,3.44,10,False,shawd r
2010_MO_House-6_REP,REP,Sam Graves,54566,82.46,11,True,graves s
2010_MO_House-6_REP,REP,Christopher Ryan,11608,17.54,11,False,ryan c
2010_MO_House-7_DEM,DEM,Scott Eckersley,9210,62.66,13,True,eckersley s
2010_MO_House-7_DEM,DEM,Tim Davis,5489,37.34,13,False,davis t
2010_MO_House-7_REP,REP,Billy Long,38218,36.56,12,True,long b
2010_MO_House-7_REP,REP,Jack Goodman,30401,29.08,12,False,goodman j
2010_MO_House-7_REP,REP,Gary Nodler,14561,13.93,12,False,nodler g
2010_MO_House-7_REP,REP,Darrell Moore,9312,13.93,12,False,moore d
2010_MO_House-7_REP,REP,Jeff Wisdom,4552,4.35,12,False,wisdom j
2010_MO_House-7_REP,REP,Mike Moon,4473,4.28,12,False,moon m
2010_MO_House-7_REP,REP,Steve Hunter,2173,2.08,12,False,hunter s
2010_MO_House-7_REP,REP,Michael Wardell,844,0.81,12,False,wardell m
2010_MO_House-8_REP,REP,Jo Ann Emerson,47880,65.59,14,True,emerson j
2010_MO_House-8_REP,REP,Bob Parker,25118,34.41,14,False,parker b
2010_MO_House-9_REP,REP,Blaine Luetkemeyer,59684,82.97,15,True,luetkemeyer b
2010_MO_House-9_REP,REP,James O. Baker,12248,17.03,15,False,baker j
2010_MS_House-1_REP,REP,Alan Nunnelee,20236,51.82,1,True,nunnelee a
2010_MS_House-1_REP,REP,Henry Ross,12894,33.02,1,False,ross h
2010_MS_House-1_REP,REP,Angela McGlowan,5924,15.17,1,False,mcglowan a
2010_MS_House-2_REP,REP,Bill Marcy,3126,58.36,3,True,marcy b
2010_MS_House-2_REP,REP,Richard Cook,2230,41.64,3,False,cook r
2010_MS_House-3_DEM,DEM,Joel Gill,3805,52.33,4,True,gill j
2010_MS_House-3_DEM,DEM,James D. Jackson,2138,29.4,4,False,jackson j
2010_MS_House-3_DEM,DEM,Shawn O'Hara,1328,18.26,4,False,ohara s
2010_MS_House-4_REP,REP,Steven Palazzo,15556,57.15,5,True,palazzo s
2010_MS_House-4_REP,REP,Joe Tegerdine,11663,42.85,5,False,tegerdine j
2010_MT_House-1_DEM,DEM,Dennis McDonald,24014,38.42,1,True,mcdonald d
2010_MT_House-1_DEM,DEM,Tyler Gernant,15177,24.28,1,False,gernant t
2010_MT_House-1_DEM,DEM,Melinda Gopher,13170,21.07,1,False,gopher m
2010_MT_House-1_DEM,DEM,Sam Rankin,10138,16.22,1,False,rankin s
2010_MT_House-1_REP,REP,Denny Rehberg,96796,74.69,2,True,rehberg d
2010_MT_House-1_REP,REP,Mark T. French,25344,19.56,2,False,french m
2010_MT_House-1_REP,REP,A. J. Otjen,7461,5.76,2,False,otjen a
2010_NC_House-10_DEM,DEM,Jeff Gregory,9621,50.91,13,True,gregory j
2010_NC_House-10_DEM,DEM,Anne Fischer,9277,49.09,13,False,fischer a
2010_NC_House-10_REP,REP,Patrick McHenry,27657,63.09,12,True,mchenry p
2010_NC_House-10_REP,REP,Vance Patterson,11392,25.99,12,False,patterson v
2010_NC_House-10_REP,REP,Scott Keadle,3604,8.22,12,False,keadle s
2010_NC_House-10_REP,REP,David Michael Boldon,1181,2.69,12,False,boldon d
2010_NC_House-11_DEM,DEM,Heath Shuler,26223,61.37,14,True,shuler h
2010_NC_House-11_DEM,DEM,Aixa Wilson,16507,38.63,14,False,wilson a
2010_NC_House-11_REP,REP,Jeff Miller,14059,40.25,15,True,miller j
2010_NC_House-11_REP,REP,Dan Eichenbaum,11949,34.21,15,False,eichenbaum d
2010_NC_House-11_REP,REP,Greg Newman,4103,11.75,15,False,newman g
2010_NC_House-11_REP,REP,Kenny West,2777,7.95,15,False,west k
2010_NC_House-11_REP,REP,Ed Krause,1254,3.59,15,False,krause e
2010_NC_House-11_REP,REP,Jake Howard,791,2.26,15,False,howard j
2010_NC_House-12_REP,REP,Greg Dority,1449,51.73,17,True,dority g
2010_NC_House-12_REP,REP,Scott Cumbie,1352,48.27,17,False,cumbie s
2010_NC_House-13_REP,REP,Bill Randall,3807,58.91,19,True,randall b
2010_NC_House-13_REP,REP,Bernie Reeves,2655,41.09,19,False,reeves b
2010_NC_House-1_DEM,DEM,G. K. Butterfield,46509,72.93,1,True,butterfield g
2010_NC_House-1_DEM,DEM,Chad Larkins,17262,27.07,1,False,larkins c
2010_NC_House-1_REP,REP,Ashley Woolard,3774,45.24,2,True,woolard a
2010_NC_House-1_REP,REP,Jerry Grimes,2220,26.61,2,False,grimes j
2010_NC_House-1_REP,REP,James Gordon Miller,1252,15.01,2,False,miller j
2010_NC_House-1_REP,REP,John Carter,1097,13.15,2,False,carter j
2010_NC_House-2_REP,REP,Renee Ellmers,9171,55.11,3,True,ellmers r
2010_NC_House-2_REP,REP,Frank Deatrich,4280,25.72,3,False,deatrich f
2010_NC_House-2_REP,REP,Todd Gailas,3190,19.17,3,False,gailas t
2010_NC_House-3_REP,REP,Walter B. Jones Jr.,21551,76.88,4,True,jones w
2010_NC_House-3_REP,REP,Bob Cavanaugh,4221,15.06,4,False,cavanaugh b
2010_NC_House-3_REP,REP,Craig Weber,2261,8.07,4,False,weber c
2010_NC_House-4_REP,REP,B.J. Lawson,10449,45.99,5,True,lawson b
2010_NC_House-4_REP,REP,Frank Roche,9228,40.61,5,False,roche f
2010_NC_House-4_REP,REP,David Burnett,1967,8.66,5,False,burnett d
2010_NC_House-4_REP,REP,George Hutchins,1077,4.74,5,False,hutchins g
2010_NC_House-5_REP,REP,Virginia Foxx,38174,79.84,6,True,foxx v
2010_NC_House-5_REP,REP,Keith Gardner,9639,20.16,6,False,gardner k
2010_NC_House-6_REP,REP,Howard Coble,31663,63.48,7,True,coble h
2010_NC_House-6_REP,REP,Billy Yow,7929,15.9,7,False,yow b
2010_NC_House-6_REP,REP,James Taylor,7553,15.14,7,False,taylor j
2010_NC_House-6_REP,REP,Cathy Brewer Hinson,1468,2.94,7,False,hinson c
2010_NC_House-6_REP,REP,Jeff Phillips,1095,2.2,7,False,phillips j
2010_NC_House-6_REP,REP,Jon Mangin,168,0.34,7,False,mangin j
2010_NC_House-7_REP,REP,Ilario Pantano,17177,51.02,8,True,pantano i
2010_NC_House-7_REP,REP,Will Breazeale,11629,34.54,8,False,breazeale w
2010_NC_House-7_REP,REP,Randy Crow,4862,14.44,8,False,crow r
2010_NC_House-8_DEM,DEM,Larry Kissell,24541,62.7,9,True,kissell l
2010_NC_House-8_DEM,DEM,Nancy Shakir,14600,37.3,9,False,shakir n
2010_NC_House-8_REP,REP,Harold Johnson,9261,60.97,11,True,johnson h
2010_NC_House-8_REP,REP,Tim D'Annunzio,5928,39.03,11,False,dannunzio t
2010_NJ_House-10_DEM,DEM,Donald M. Payne,22155,100.0,19,True,payne d
2010_NJ_House-10_REP,REP,Michael Alonso,1061,100.0,20,True,alonso m
2010_NJ_House-11_DEM,DEM,Douglas Herbert,6192,71.52,22,True,herbert d
2010_NJ_House-11_DEM,DEM,James D. Kelly Jr.,2466,28.48,22,False,kelly j
2010_NJ_House-11_REP,REP,Rodney Frelinghuyen,32631,76.44,21,True,frelinghuyen r
2010_NJ_House-11_REP,REP,Richard T. Luzzi,10060,23.56,21,False,luzzi r
2010_NJ_House-12_DEM,DEM,Rush Holt Jr.,14480,100.0,23,True,holt r
2010_NJ_House-12_REP,REP,Scott M. Sipprelle,8927,54.12,24,True,sipprelle s
2010_NJ_House-12_REP,REP,David Corsi,7569,45.88,24,False,corsi d
2010_NJ_House-13_DEM,DEM,Albio Sires,16022,86.93,25,True,sires a
2010_NJ_House-13_DEM,DEM,Jeff Boss,2409,13.07,25,False,boss j
2010_NJ_House-13_REP,REP,Henrietta Dwyer,2436,100.0,26,True,dwyer h
2010_NJ_House-1_DEM,DEM,Rob Andrews,14695,86.66,1,True,andrews r
2010_NJ_House-1_DEM,DEM,John Caramanna,2262,13.34,1,False,caramanna j
2010_NJ_House-1_REP,REP,Dale M. Glading,5315,54.81,2,True,glading d
2010_NJ_House-1_REP,REP,Loran M. Oglesby,2718,28.03,2,False,oglesby l
2010_NJ_House-1_REP,REP,Fernando Powers,1401,14.45,2,False,powers f
2010_NJ_House-1_REP,REP,Lee Lucas,264,2.72,2,False,lucas l
2010_NJ_House-2_DEM,DEM,Gary Stein,5441,100.0,4,True,stein g
2010_NJ_House-2_REP,REP,Frank LoBiondo,19337,78.06,3,True,lobiondo f
2010_NJ_House-2_REP,REP,Linda Biamonte,2984,12.05,3,False,biamonte l
2010_NJ_House-2_REP,REP,Donna M. Ward,2025,8.17,3,False,ward d
2010_NJ_House-3_DEM,DEM,John Adler,11833,75.13,5,True,adler j
2010_NJ_House-3_DEM,DEM,Barry D. Bendar,3916,24.87,5,False,bendar b
2010_NJ_House-3_REP,REP,Jon Runyan,17250,60.41,6,True,runyan j
2010_NJ_House-3_REP,REP,Justin Michael Murphy,11304,39.59,6,False,murphy j
2010_NJ_House-4_DEM,DEM,Howard Kleinhendler,7976,100.0,8,True,kleinhendler h
2010_NJ_House-4_REP,REP,Chris Smith,21723,68.83,7,True,smith c
2010_NJ_House-4_REP,REP,Alan Bateman,9839,30.17,7,False,bateman a
2010_NJ_House-5_DEM,DEM,Tod Theise,5711,79.44,10,True,theise t
2010_NJ_House-5_DEM,DEM,Anthony N. Iannarelli Jr.,1478,20.56,10,False,iannarelli a
2010_NJ_House-5_REP,REP,Scott Garrett,29523,100.0,9,True,garrett s
2010_NJ_House-6_DEM,DEM,Frank Pallone,11667,100.0,11,True,pallone f
2010_NJ_House-6_REP,REP,Anna Little,6804,50.31,12,True,little a
2010_NJ_House-6_REP,REP,Diane Gooch,6721,49.69,12,False,gooch d
2010_NJ_House-7_DEM,DEM,Ed Potosnak,8176,100.0,14,True,potosnak e
2010_NJ_House-7_REP,REP,Leonard Lance,17200,56.1,13,True,lance l
2010_NJ_House-7_REP,REP,David Larsen,9475,30.91,13,False,larsen d
2010_NJ_House-7_REP,REP,Alonzo Hosford,2534,8.27,13,False,hosford a
2010_NJ_House-7_REP,REP,Bruce E. Baker,1448,4.72,13,False,baker b
2010_NJ_House-8_DEM,DEM,Bill Pascrell,8176,100.0,15,True,pascrell b
2010_NJ_House-8_REP,REP,Roland Straten,5739,80.15,16,True,straten r
2010_NJ_House-8_REP,REP,Blase Billack,1333,18.85,16,False,billack b
2010_NJ_House-9_DEM,DEM,Steve Rothman,14973,100.0,17,True,rothman s
2010_NJ_House-9_REP,REP,Michael A. Agosta,5830,58.15,18,True,agosta m
2010_NJ_House-9_REP,REP,John Aslanian,3629,36.2,18,False,aslanian j
2010_NJ_House-9_REP,REP,Sergey Shevchuk,567,5.66,18,False,shevchuk s
2010_NM_House-3_REP,REP,Thomas E. Mullins,23301,71.32,1,True,mullins t
2010_NM_House-3_REP,REP,Adam Kokesh,9372,28.68,1,False,kokesh a
2010_NV_House-1_REP,REP,Kenneth Wegner,7214,26.7,1,True,wegner k
2010_NV_House-1_REP,REP,Michele Fiore,5922,22.0,1,False,fiore m
2010_NV_House-1_REP,REP,Craig Lake,5277,19.6,1,False,lake c
2010_NV_House-1_REP,REP,Chuck Flume,4318,16.0,1,False,flume c
2010_NV_House-1_REP,REP,David Cunningham,2051,7.6,1,False,cunningham d
2010_NV_House-1_REP,REP,Joseph Tatner,1293,4.8,1,False,tatner j
2010_NV_House-1_REP,REP,Michael Monroe,456,1.7,1,False,monroe m
2010_NV_House-1_REP,REP,Scott Neistadt,440,1.6,1,False,neistadt s
2010_NV_House-2_DEM,DEM,Nancy Price,18609,45.4,3,True,price n
2010_NV_House-2_DEM,DEM,Ken McKenna,18259,44.5,3,False,mckenna k
2010_NV_House-2_DEM,DEM,Denis Dehne,4156,10.1,3,False,dehne d
2010_NV_House-2_REP,REP,Dean Heller,72728,83.7,2,True,heller d
2010_NV_House-2_REP,REP,Patrick Colletti,14162,16.3,2,False,colletti p
2010_NV_House-3_DEM,DEM,Dina Titus,32119,80.4,4,True,titus d
2010_NV_House-3_DEM,DEM,John Beard,7846,19.6,4,False,beard j
2010_NV_House-3_REP,REP,Joe Heck,36898,68.8,5,True,heck j
2010_NV_House-3_REP,REP,Steve Nohrden,8853,16.5,5,False,nohrden s
2010_NV_House-3_REP,REP,Ed Bridges,6066,11.3,5,False,bridges e
2010_NV_House-3_REP,REP,Brad Leutwyler,1812,3.4,5,False,leutwyler b
2010_NY_House-14_DEM,DEM,Carolyn Maloney,26303,80.85,2,True,maloney c
2010_NY_House-14_DEM,DEM,Reshma Saujani,6231,19.15,2,False,saujani r
2010_NY_House-14_REP,REP,David Ryan Brumberg,3131,62.42,1,True,brumberg d
2010_NY_House-14_REP,REP,Dino L. LaVerghetta,1374,27.39,1,False,laverghetta d
2010_NY_House-14_REP,REP,Roger Blank,511,10.19,1,False,blank r
2010_OK_House-1_REP,REP,John Sullivan,38670,62.07,1,True,sullivan j
2010_OK_House-1_REP,REP,Kenneth Rice,10394,16.68,1,False,rice k
2010_OK_House-1_REP,REP,Nathan Dahm,8871,14.24,1,False,dahm n
2010_OK_House-1_REP,REP,Partrick K. Haworth,1736,2.79,1,False,haworth p
2010_OK_House-1_REP,REP,Craig Allen,1420,2.28,1,False,allen c
2010_OK_House-1_REP,REP,Fran Moghaddam,1213,1.95,1,False,moghaddam f
2010_OK_House-2_DEM,DEM,Dan Boren,66219,75.5,2,True,boren d
2010_OK_House-2_DEM,DEM,Jim Wilson,21543,24.5,2,False,wilson j
2010_OK_House-2_REP,REP,Charles Thompson,7489,67.3,4,True,thompson c
2010_OK_House-2_REP,REP,Daniel Edmonds,3644,32.7,4,False,edmonds d
2010_OK_House-5_DEM,DEM,Billy Coyle,21139,56.8,5,True,coyle b
2010_OK_House-5_DEM,DEM,Tom Guild,16059,43.2,5,False,guild t
2010_OK_House-5_REP,REP,James Lankford,29814,65.2,7,True,lankford j
2010_OK_House-5_REP,REP,Kevin Calvey,15899,32.7,7,False,calvey k
2010_OR_House-1_DEM,DEM,David Wu,61439,80.92,1,True,wu d
2010_OR_House-1_DEM,DEM,David Robinson,14102,18.57,1,False,robinson d
2010_OR_House-1_REP,REP,Rob Cornilles,21441,41.07,2,True,cornilles r
2010_OR_House-1_REP,REP,Douglas Fitzgerald Keller,14785,28.32,2,False,keller d
2010_OR_House-1_REP,REP,John Kuzmanich,14464,27.71,2,False,kuzmanich j
2010_OR_House-1_REP,REP,Stephan Andrew Brodhead,1213,2.32,2,False,brodhead s
2010_OR_House-3_DEM,DEM,Earl Blumenauer,73962,91.23,3,True,blumenauer e
2010_OR_House-3_DEM,DEM,John Sweeney,6774,8.36,3,False,sweeney j
2010_OR_House-4_REP,REP,Arthur B. Robinson,49401,79.16,4,True,robinson a
2010_OR_House-4_REP,REP,Jaynee Germond,12495,20.02,4,False,germond j
2010_OR_House-5_REP,REP,Scott Bruun,37778,62.28,5,True,bruun s
2010_OR_House-5_REP,REP,Fred Thompson,22616,37.28,5,False,thompson f
2010_PA_House-10_DEM,DEM,Chris Carney,38928,100.0,17,True,carney c
2010_PA_House-10_REP,REP,Tom Marino,24435,40.96,18,True,marino t
2010_PA_House-10_REP,REP,David Madeira,18524,31.06,18,False,madeira d
2010_PA_House-10_REP,REP,Malcolm Derk,16690,27.98,18,False,derk m
2010_PA_House-11_DEM,DEM,Paul Kanjorski,33900,49.36,19,True,kanjorski p
2010_PA_House-11_DEM,DEM,Corey O'Brien,23267,33.87,19,False,obrien c
2010_PA_House-11_DEM,DEM,Brian Kelly,11519,16.77,19,False,kelly b
2010_PA_House-11_REP,REP,Lou Barletta,28397,100.0,20,True,barletta l
2010_PA_House-12_DEM,DEM,Mark Critz,58817,71.46,21,True,critz m
2010_PA_House-12_DEM,DEM,Ryan Bucchianeri,16965,20.61,21,False,bucchianeri r
2010_PA_House-12_DEM,DEM,Ronald Mackell,6525,7.93,21,False,mackell r
2010_PA_House-12_REP,REP,Tim Burns,26577,56.96,22,True,burns t
2010_PA_House-12_REP,REP,William Russell,20078,43.04,22,False,russell w
2010_PA_House-13_DEM,DEM,Allyson Schwartz,44402,100.0,23,True,schwartz a
2010_PA_House-13_REP,REP,Dee Adcock,14416,47.98,24,True,adcock d
2010_PA_House-13_REP,REP,Joshua Quinter,8334,27.74,24,False,quinter j
2010_PA_House-13_REP,REP,Brian Haughton,7293,24.28,24,False,haughton b
2010_PA_House-14_DEM,DEM,Mike Doyle,71511,100.0,25,True,doyle m
2010_PA_House-14_REP,REP,Melissa Haluszczak,11585,100.0,26,True,haluszczak m
2010_PA_House-15_DEM,DEM,John B. Callahan,32825,100.0,27,True,callahan j
2010_PA_House-15_REP,REP,Charlie Dent,31618,82.92,28,True,dent c
2010_PA_House-15_REP,REP,Mat Benol,6514,17.08,28,False,benol m
2010_PA_House-16_DEM,DEM,Lois Herr,24541,100.0,29,True,herr l
2010_PA_House-16_REP,REP,Joe Pitts,50629,100.0,30,True,pitts j
2010_PA_House-17_DEM,DEM,Tim Holden,30630,65.27,31,True,holden t
2010_PA_House-17_DEM,DEM,Sheila Dow-Ford,16296,34.73,31,False,dowford s
2010_PA_House-17_REP,REP,Dave Argall,20712,32.33,32,True,argall d
2010_PA_House-17_REP,REP,Frank Ryan,19890,31.05,32,False,ryan f
2010_PA_House-17_REP,REP,Josh First,14955,23.35,32,False,first j
2010_PA_House-17_REP,REP,Allen Griffith,8503,13.27,32,False,griffith a
2010_PA_House-18_DEM,DEM,Dan Connolly,58081,100.0,33,True,connolly d
2010_PA_House-18_REP,REP,Tim Murphy,47785,100.0,34,True,murphy t
2010_PA_House-19_DEM,DEM,Ryan Sanders,33283,100.0,35,True,sanders r
2010_PA_House-19_REP,REP,Todd Platts,51792,69.99,36,True,platts t
2010_PA_House-19_REP,REP,Michael Smeltzer,22210,30.01,36,False,smeltzer m
2010_PA_House-1_DEM,DEM,Bob Brady,48505,100.0,1,True,brady b
2010_PA_House-2_DEM,DEM,Chaka Fattah,72417,100.0,2,True,fattah c
2010_PA_House-2_REP,REP,Rick Hellberg,3781,100.0,3,True,hellberg r
2010_PA_House-3_DEM,DEM,Kathy Dahlkemper,34932,73.24,4,True,dahlkemper k
2010_PA_House-3_DEM,DEM,Mel Marin,12764,26.76,4,False,marin m
2010_PA_House-3_REP,REP,Mike Kelly,15428,28.11,5,True,kelly m
2010_PA_House-3_REP,REP,Paul Huber,14474,26.38,5,False,huber p
2010_PA_House-3_REP,REP,Clayton Grabb,7486,13.64,5,False,grabb c
2010_PA_House-3_REP,REP,Steven Fisher,6499,11.84,5,False,fisher s
2010_PA_House-3_REP,REP,Ed Franz,5838,10.64,5,False,franz e
2010_PA_House-3_REP,REP,Martha Moore,5151,9.39,5,False,moore m
2010_PA_House-4_DEM,DEM,Jason Altmire,53019,100.0,6,True,altmire j
2010_PA_House-4_REP,REP,Keith Rothfus,34996,66.41,7,True,rothfus k
2010_PA_House-4_REP,REP,Mary Beth Buchanan,17701,33.59,7,False,buchanan m
2010_PA_House-5_DEM,DEM,Michael Pipe,31120,100.0,8,True,pipe m
2010_PA_House-5_REP,REP,Glenn Thompson,52856,100.0,9,True,thompson g
2010_PA_House-6_DEM,DEM,Manan Trivedi,21585,50.84,10,True,trivedi m
2010_PA_House-6_DEM,DEM,Doug Pike,20871,49.16,10,False,pike d
2010_PA_House-6_REP,REP,Jim Gerlach,35575,79.81,11,True,gerlach j
2010_PA_House-6_REP,REP,Patrick Henry Sellers,8998,20.19,11,False,sellers p
2010_PA_House-7_DEM,DEM,Bryan Lentz,39206,100.0,12,True,lentz b
2010_PA_House-7_REP,REP,Pat Meehan,48604,100.0,13,True,meehan p
2010_PA_House-8_DEM,DEM,Patrick Murphy,40783,100.0,14,True,murphy p
2010_PA_House-8_REP,REP,Mike Fitzpatrick,33671,76.75,15,True,fitzpatrick m
2010_PA_House-8_REP,REP,Gloria Carlineo,6529,14.88,15,False,carlineo g
2010_PA_House-8_REP,REP,Ira Hoffman,2424,5.52,15,False,hoffman i
2010_PA_House-8_REP,REP,James Jones,1249,2.85,15,False,jones j
2010_PA_House-9_REP,REP,Bill Shuster,56828,100.0,16,True,shuster b
2010_SC_House-4_REP,REP,Trey Gowdy,54412,70.7,2,True,gowdy t
2010_SC_House-4_REP,REP,Bob Inglis,22590,29.3,2,False,inglis b
2010_SD_House-1_REP,REP,Kristi Noem,34527,42.1,1,True,noem k
2010_SD_House-1_REP,REP,Chris Nelson,28380,34.6,1,False,nelson c
2010_SD_House-1_REP,REP,Blake Curd,19134,23.3,1,False,curd b
2010_TN_House-1_DEM,DEM,Michael Clark,9012,100.0,1,True,clark m
2010_TN_House-1_REP,REP,Phil Roe,78862,95.7,2,True,roe p
2010_TN_House-1_REP,REP,"Mahmood ""Michael"" Sabri",3546,4.3,2,False,sabri m
2010_TN_House-2_DEM,DEM,Dave Hancock,9778,100.0,3,True,hancock d
2010_TN_House-2_REP,REP,Jimmy Duncan,92414,100.0,4,True,duncan j
2010_TN_House-3_DEM,DEM,John Wolfe Jr.,7006,38.92,5,True,wolfe j
2010_TN_House-3_DEM,DEM,Brent Davis Staton,4530,21.19,5,False,staton b
2010_TN_House-3_DEM,DEM,Brenda Freeman Short,4530,25.17,5,False,short b
2010_TN_House-3_DEM,DEM,Alicia Mitchell,2647,14.71,5,False,mitchell a
2010_TN_House-3_DEM,DEM,"Larry J. Abeare, Sr.",3,0.01,5,False,abeare l
2010_TN_House-3_REP,REP,Chuck Fleischmann,26869,29.67,6,True,fleischmann c
2010_TN_House-3_REP,REP,Robin Smith,25454,28.11,6,False,smith r
2010_TN_House-3_REP,REP,Tim Gobble,14274,15.76,6,False,gobble t
2010_TN_House-3_REP,REP,Van Irion,10492,11.59,6,False,irion v
2010_TN_House-3_REP,REP,Tommy Crangle,5149,5.69,6,False,crangle t
2010_TN_House-3_REP,REP,Art Rhodes,4552,5.03,6,False,rhodes a
2010_TN_House-3_REP,REP,Jean Howard-Hill,1259,1.39,6,False,howardhill j
2010_TN_House-3_REP,REP,Rick Kernea,739,0.82,6,False,kernea r
2010_TN_House-3_REP,REP,Harvey Howard,670,0.74,6,False,howard h
2010_TN_House-3_REP,REP,Basil Marceaux,655,0.72,6,False,marceaux b
2010_TN_House-3_REP,REP,Grover Travillian,440,0.48,6,False,travillian g
2010_TN_House-4_DEM,DEM,Lincoln Davis,41573,100.0,7,True,davis l
2010_TN_House-4_REP,REP,Scott DesJarlais,27812,37.2,8,True,desjarlais s
2010_TN_House-4_REP,REP,Jack Bailey,20420,27.3,8,False,bailey j
2010_TN_House-4_REP,REP,Kent Greenough,11413,15.2,8,False,greenough k
2010_TN_House-4_REP,REP,Ronald L. Harwell,9237,12.3,8,False,harwell r
2010_TN_House-4_REP,REP,"Donald ""Don"" Strong",5992,8.0,8,False,strong d
2010_TN_House-5_DEM,DEM,Jim Cooper,28660,89.3,9,True,cooper j
2010_TN_House-5_DEM,DEM,Eric Pearson,2214,6.9,9,False,pearson e
2010_TN_House-5_DEM,DEM,Eric Schechter,1213,3.8,9,False,schechter e
2010_TN_House-5_REP,REP,David Hall,11933,27.5,10,True,hall d
2010_TN_House-5_REP,REP,Jeffery Alan Hartline,10009,23.1,10,False,hartline j
2010_TN_House-5_REP,REP,CeCe Heil,9767,22.5,10,False,heil c
2010_TN_House-5_REP,REP,Vijay Kumar,3158,7.3,10,False,kumar v
2010_TN_House-5_REP,REP,Lonnie Spivak,2375,5.5,10,False,spivak l
2010_TN_House-5_REP,REP,Bob Ries,1530,3.5,10,False,ries b
2010_TN_House-5_REP,REP,Alvin M. Strauss,1385,3.2,10,False,strauss a
2010_TN_House-5_REP,REP,Patrick Miranda,1212,2.8,10,False,miranda p
2010_TN_House-5_REP,REP,Tracy C. Tarum,1129,2.6,10,False,tarum t
2010_TN_House-5_REP,REP,Jarod D. Scott,562,1.3,10,False,scott j
2010_TN_House-5_REP,REP,Bob Schwartz,319,0.7,10,False,schwartz b
2010_TN_House-6_DEM,DEM,Brett Carter,9430,30.3,11,True,carter b
2010_TN_House-6_DEM,DEM,Ben Leming,9208,29.6,11,False,leming b
2010_TN_House-6_DEM,DEM,Henry Clay Barry,8917,28.6,11,False,barry h
2010_TN_House-6_DEM,DEM,Devora E. Butler,2777,8.9,11,False,butler d
2010_TN_House-6_DEM,DEM,George T. Erdel,817,2.6,11,False,erdel g
2010_TN_House-6_DEM,DEM,Floyd R. Conover,0,0.0,11,False,conover f
2010_TN_House-6_DEM,DEM,"Martin L.C. Kelly, Jr.",0,0.0,11,False,kelly m
2010_TN_House-6_REP,REP,Diane Black,24374,30.5,12,True,black d
2010_TN_House-6_REP,REP,Lou Ann Zelenik,24091,30.2,12,False,zelenik l
2010_TN_House-6_REP,REP,Jim Tracy,23808,29.8,12,False,tracy j
2010_TN_House-6_REP,REP,Dave Evans,3974,5.0,12,False,evans d
2010_TN_House-6_REP,REP,Kerry E. Roberts,2482,3.1,12,False,roberts k
2010_TN_House-6_REP,REP,Bruce McLellan,695,0.9,12,False,mclellan b
2010_TN_House-6_REP,REP,Gary Dewitt Mann,465,0.6,12,False,mann g
2010_TN_House-7_DEM,DEM,Greg Rabidoux,23235,100.0,13,True,rabidoux g
2010_TN_House-7_REP,REP,Marsha Blackburn,97088,100.0,14,True,blackburn m
2010_TN_House-8_DEM,DEM,Roy Herron,27139,67.7,15,True,herron r
2010_TN_House-8_DEM,DEM,Kimberlee E. Smith,12971,32.3,15,False,smith k
2010_TN_House-8_REP,REP,Stephen Lee Fincher,35024,48.5,16,True,fincher s
2010_TN_House-8_REP,REP,Ron Kirkland,17637,24.4,16,False,kirkland r
2010_TN_House-8_REP,REP,George Flinn,17308,24.0,16,False,flinn g
2010_TN_House-8_REP,REP,Randy Smith,1546,2.1,16,False,smith r
2010_TN_House-8_REP,REP,Ben Watts,720,1.0,16,False,watts b
2010_TN_House-8_REP,REP,Write-In – James Hart,4,0.0,16,False,hart w
2010_TN_House-9_DEM,DEM,Steve Cohen,63402,78.71,17,True,cohen s
2010_TN_House-9_DEM,DEM,Willie Herenton,17153,21.29,17,False,herenton w
2010_TN_House-9_REP,REP,Charlotte Bergmann,13295,61.4,18,True,bergmann c
2010_TN_House-9_REP,REP,Jim Harrell,7165,33.1,18,False,harrell j
2010_TN_House-9_REP,REP,Kevin Millen,1199,5.5,18,False,millen k
2010_UT_House-2_DEM,DEM,Jim Matheson,23067,67.26,1,True,matheson j
2010_UT_House-2_DEM,DEM,Claudia Wright,11227,32.74,1,False,wright c
2010_VA_House-11_REP,REP,Keith Fimian,20075,55.9,5,True,fimian k
2010_VA_House-11_REP,REP,Pat Herrity,15815,44.1,5,False,herrity p
2010_VA_House-1_REP,REP,Rob Wittman,28956,87.96,1,True,wittman r
2010_VA_House-1_REP,REP,Catherine Crabill,3963,12.04,1,False,crabill c
2010_VA_House-2_REP,REP,Scott Rigell,14396,39.5,2,True,rigell s
2010_VA_House-2_REP,REP,Ben Loyola,9762,26.8,2,False,loyola b
2010_VA_House-2_REP,REP,Bert Mizusawa,6342,17.4,2,False,mizusawa b
2010_VA_House-2_REP,REP,Scott Taylor,2950,8.1,2,False,taylor s
2010_VA_House-2_REP,REP,Jessica Sandlin,1620,4.4,2,False,sandlin j
2010_VA_House-2_REP,REP,Ed Maulbeck,1372,3.8,2,False,maulbeck e
2010_VA_House-5_REP,REP,Robert Hurt,17120,48.4,3,True,hurt r
2010_VA_House-5_REP,REP,Jim McKelvey,9153,25.9,3,False,mckelvey j
2010_VA_House-5_REP,REP,Michael McPadden,3460,9.8,3,False,mcpadden m
2010_VA_House-5_REP,REP,Ken Boyd,2608,7.4,3,False,boyd k
2010_VA_House-5_REP,REP,Feda Kidd Morton,1626,4.6,3,False,morton f
2010_VA_House-5_REP,REP,Laurence Verga,802,2.3,3,False,verga l
2010_VA_House-5_REP,REP,Ron Ferrin,583,1.6,3,False,ferrin r
2010_VA_House-8_REP,REP,Jay Patrick Murray,7136,51.7,4,True,murray j
2010_VA_House-8_REP,REP,Matthew Berry,6654,48.3,4,False,berry m
2010_VT_House-1_DEM,DEM,Peter Welch,65920,98.63,1,True,welch p
2010_VT_House-1_DEM,DEM,Write-ins,913,1.37,1,False,writeins
2010_VT_House-1_REP,REP,Paul D. Beaudry,10797,43.83,2,True,beaudry p
2010_VT_House-1_REP,REP,John M. Mitchell,9631,39.1,2,False,mitchell j
2010_VT_House-1_REP,REP,Keith Stern,3545,14.39,2,False,stern k
2010_VT_House-1_REP,REP,Write-ins,659,2.68,2,False,writeins
2010_WA_House-7_DEM,DEM,Jim McDermott,110914,79.85,7,True,mcdermott j
2010_WA_House-7_DEM,DEM,Bill Hoffman,6135,4.42,7,False,hoffman b
2010_WA_House-7_DEM,DEM,Don Rivers,4781,3.44,7,False,rivers d
2010_WA_House-7_DEM,DEM,Scott Sizemore,3220,2.32,7,False,sizemore s
2010_WI_House-3_DEM,DEM,Ron Kind,24514,99.79,1,True,kind r
2010_WI_House-3_REP,REP,Dan Kapanke,41216,76.94,2,True,kapanke d
2010_WI_House-3_REP,REP,Bruce F. Evers,12312,22.98,2,False,evers b
2010_WI_House-7_DEM,DEM,Julie Lassa,28585,85.27,3,True,lassa j
2010_WI_House-7_DEM,DEM,Don Raihala,4920,14.68,3,False,raihala d
2010_WI_House-7_REP,REP,Sean Duffy,41032,66.04,4,True,duffy s
2010_WI_House-7_REP,REP,Dan Mielke,21074,33.92,4,False,mielke d
2010_WI_House-8_DEM,DEM,Steve Kagen,23307,99.81,5,True,kagen s
2010_WI_House-8_REP,REP,Reid Ribble,38521,47.95,6,True,ribble r
2010_WI_House-8_REP,REP,Roger Roth,25704,32.0,6,False,roth r
2010_WI_House-8_REP,REP,Terri McCormick,14107,17.56,6,False,mccormick t
2010_WI_House-8_REP,REP,Marc Savard,1968,2.45,6,False,savard m
2010_WY_House-1_DEM,DEM,David Wendt,20410,99.04,1,True,wendt d
2010_WY_House-1_DEM,DEM,Write-ins,198,0.96,1,False,writeins
2010_WY_House-1_REP,REP,Cynthia Lummis,84063,82.82,2,True,lummis c
2010_WY_House-1_REP,REP,Evan Liam Slafter,17148,16.89,2,False,slafter e
2010_WY_House-1_REP,REP,Write-ins,289,0.28,2,False,writeins
2012_AK_House-1_DEM,DEM,Sharon Cissna,16329,42.8,2,True,cissna s
2012_AK_House-1_DEM,DEM,Matt Moore,7374,19.3,2,False,moore m
2012_AK_House-1_DEM,DEM,Debra Chesnut,5626,14.7,2,False,chesnut d
2012_AK_House-1_DEM,DEM,Frank Vondersaar,2085,5.5,2,False,vondersaar f
2012_AK_House-1_DEM,DEM,Doug Urquidi,1034,2.7,2,False,urquidi d
2012_AK_House-1_REP,REP,Don Young,58789,78.6,1,True,young d
2012_AK_House-1_REP,REP,John Cox,11179,14.9,1,False,cox j
2012_AK_House-1_REP,REP,Terre Gales,4841,6.5,1,False,gales t
2012_AL_House-1_REP,REP,Jo Bonner,48481,55.5,1,True,bonner j
2012_AL_House-1_REP,REP,Dean Young,21216,24.3,1,False,young d
2012_AL_House-1_REP,REP,Pete Riehm,13744,15.8,1,False,riehm p
2012_AL_House-1_REP,REP,Peter Gounares,3828,4.4,1,False,gounares p
2012_AL_House-4_DEM,DEM,Daniel Boman,10969,51.4,2,True,boman d
2012_AL_House-4_DEM,DEM,Rick Neighbors,10353,48.6,2,False,neighbors r
2012_AL_House-5_REP,REP,Mo Brooks,65155,71.0,3,True,brooks m
2012_AL_House-5_REP,REP,Parker Griffith,26693,29.0,3,False,griffith p
2012_AL_House-6_DEM,DEM,Penny Bailey,5061,61.0,5,True,bailey p
2012_AL_House-6_DEM,DEM,William G. Barnes,3229,39.0,5,False,barnes w
2012_AL_House-6_REP,REP,Spencer Bachus,63359,61.5,4,True,bachus s
2012_AL_House-6_REP,REP,Scott Beason,28671,27.9,4,False,beason s
2012_AL_House-6_REP,REP,David Standridge,8120,7.9,4,False,standridge d
2012_AL_House-6_REP,REP,Al Mickle,2929,2.7,4,False,mickle a
2012_AL_House-6_REP,REP,Stan Pate,33,0.0,4,False,pate s
2012_AL_House-7_REP,REP,Don Chamberlain,11537,66.1,6,True,chamberlain d
2012_AL_House-7_REP,REP,Phillip Norris,5918,33.9,6,False,norris p
2012_AR_House-1_DEM,DEM,Scott Ellington,27936,49.5,1,True,ellington s
2012_AR_House-1_DEM,DEM,Clark M. Hall,21861,38.8,1,False,hall c
2012_AR_House-1_DEM,DEM,Gary Latanich,6605,11.7,1,False,latanich g
2012_AR_House-4_DEM,DEM,Gene Jeffress,15266,60.7,3,True,jeffress g
2012_AR_House-4_DEM,DEM,Q. Byrum Hurst,9895,39.3,3,False,hurst q
2012_AR_House-4_REP,REP,Tom Cotton,20899,57.6,4,True,cotton t
2012_AR_House-4_REP,REP,Beth Anne Rankin,13460,37.1,4,False,rankin b
2012_AR_House-4_REP,REP,John Cowart,1953,5.4,4,False,cowart j
2012_AZ_House-1_DEM,DEM,Ann Kirkpatrick,33831,63.7,2,True,kirkpatrick a
2012_AZ_House-1_DEM,DEM,Wenona Benally Baldenegro,19247,36.3,2,False,baldenegro w
2012_AZ_House-1_REP,REP,Jonathan Paton,28644,60.9,1,True,paton j
2012_AZ_House-1_REP,REP,Gaither Martin,8958,19.0,1,False,martin g
2012_AZ_House-1_REP,REP,Douglas Wade,6758,14.4,1,False,wade d
2012_AZ_House-1_REP,REP,Patrick Gatti,2707,5.7,1,False,gatti p
2012_AZ_House-2_DEM,DEM,Ron Barber,51206,82.0,4,True,barber r
2012_AZ_House-2_DEM,DEM,Matt Heinz,11213,18.0,4,False,heinz m
2012_AZ_House-2_DEM,DEM,Charlie Manolakis,4,0.0,4,False,manolakis c
2012_AZ_House-2_REP,REP,Martha McSally,52809,81.7,5,True,mcsally m
2012_AZ_House-2_REP,REP,Mark Koskiniemi,11828,18.3,5,False,koskiniemi m
2012_AZ_House-3_DEM,DEM,Raul Grijalva,24044,65.6,6,True,grijalva r
2012_AZ_House-3_DEM,DEM,Amanda Aguirre,9484,25.9,6,False,aguirre a
2012_AZ_House-3_DEM,DEM,Manny Arreguin,3105,8.5,6,False,arreguin m
2012_AZ_House-3_REP,REP,Gabriela Saucedo Mercer,12474,65.3,7,True,mercer g
2012_AZ_House-3_REP,REP,Jaime Vasquez,6622,34.7,7,False,vasquez j
2012_AZ_House-4_DEM,DEM,Johnnie Robinson,10185,50.1,10,True,robinson j
2012_AZ_House-4_DEM,DEM,Mikel Weisser,10166,49.9,10,False,weisser m
2012_AZ_House-4_REP,REP,Paul Gosar,40033,51.3,9,True,gosar p
2012_AZ_House-4_REP,REP,Ron Gould,24617,31.6,9,False,gould r
2012_AZ_House-4_REP,REP,Rick Murphy,13315,17.1,9,False,murphy r
2012_AZ_House-5_DEM,DEM,Spencer Morgan,19659,100.0,14,True,morgan s
2012_AZ_House-5_REP,REP,Matt Salmon,41078,51.8,13,True,salmon m
2012_AZ_House-5_REP,REP,Kirk Adams,38152,48.2,13,False,adams k
2012_AZ_House-6_DEM,DEM,Matt Jette,12383,51.9,16,True,jette m
2012_AZ_House-6_DEM,DEM,W. John Williamson,11471,48.1,16,False,williamson w
2012_AZ_House-6_REP,REP,David Schweikert,41821,51.5,15,True,schweikert d
2012_AZ_House-6_REP,REP,Ben Quayle,39414,48.5,15,False,quayle b
2012_AZ_House-7_DEM,DEM,Ed Pastor,22664,79.0,19,True,pastor e
2012_AZ_House-7_DEM,DEM,Rebecca DeWitt,6013,21.0,19,False,dewitt r
2012_AZ_House-7_REP,REP,Scott Fistler,116,100.0,20,True,fistler s
2012_AZ_House-8_DEM,DEM,Gene Scharer,24510,100.0,23,True,scharer g
2012_AZ_House-8_REP,REP,Trent Franks,57257,83.2,22,True,franks t
2012_AZ_House-8_REP,REP,Tony Passalacqua,11572,16.8,22,False,passalacqua t
2012_AZ_House-8_REP,REP,Helmuth Hack,18,0.0,22,False,hack h
2012_AZ_House-9_DEM,DEM,Kyrsten Sinema,15536,40.8,26,True,sinema k
2012_AZ_House-9_DEM,DEM,David Schapira,11419,30.0,26,False,schapira d
2012_AZ_House-9_DEM,DEM,Andrei Cherny,11146,29.2,26,False,cherny a
2012_AZ_House-9_REP,REP,Vernon B. Parker,11184,22.5,25,True,parker v
2012_AZ_House-9_REP,REP,Wendy Rogers,10479,21.0,25,False,rogers w
2012_AZ_House-9_REP,REP,Martin Sepulveda,10165,20.4,25,False,sepulveda m
2012_AZ_House-9_REP,REP,Travis Grantham,9179,18.4,25,False,grantham t
2012_AZ_House-9_REP,REP,Jeff Thompson,3358,6.7,25,False,thompson j
2012_AZ_House-9_REP,REP,Lisa Borowsky,3281,6.6,25,False,borowsky l
2012_AZ_House-9_REP,REP,Leah Campos Schandlbauer,2139,4.3,25,False,schandlbauer l
2012_CA_House-13_DEM,DEM,Barbara Lee,94709,83.1,14,True,lee b
2012_CA_House-13_DEM,DEM,Justin Jelincic,5741,5.0,14,False,jelincic j
2012_CA_House-15_DEM,DEM,Pete Stark,39943,42.1,16,True,stark p
2012_CA_House-15_DEM,DEM,Eric Swalwell,34347,36.0,16,False,swalwell e
2012_CA_House-23_REP,REP,Kevin McCarthy,71109,72.2,24,True,mccarthy k
2012_CA_House-23_REP,REP,Eric Parker,10414,10.6,24,False,parker e
2012_CA_House-29_DEM,DEM,Tony Cardenas,24882,64.4,30,True,cardenas t
2012_CA_House-29_DEM,DEM,Richard Valdez,5379,13.9,30,False,valdez r
2012_CA_House-35_DEM,DEM,Joe Baca,15388,45.0,36,True,baca j
2012_CA_House-35_DEM,DEM,Gloria Negrete McLeod,12425,36.3,36,False,mcleod g
2012_CA_House-40_DEM,DEM,Lucille Roybal-Allard,16596,65.4,41,True,roybalallard l
2012_CA_House-40_DEM,DEM,David Sanchez,8777,34.6,41,False,sanchez d
2012_CA_House-43_DEM,DEM,Maxine Waters,36062,65.4,44,True,waters m
2012_CA_House-43_DEM,DEM,Bob Flores,19061,34.6,44,False,flores b
2012_CA_House-44_DEM,DEM,Janice Hahn,24843,60.1,45,True,hahn j
2012_CA_House-44_DEM,DEM,Laura Richardson,16523,39.9,45,False,richardson l
2012_CA_House-8_REP,REP,Paul Cook,103093,57.4,9,True,cook p
2012_CA_House-8_REP,REP,Gregg Imus,76551,42.6,9,False,imus g
2012_CO_House-1_DEM,DEM,Diana DeGette,37072,100.0,1,True,degette d
2012_CO_House-1_REP,REP,Danny Stroud,11936,65.1,2,True,stroud d
2012_CO_House-1_REP,REP,Richard W. Murphy,6407,34.9,2,False,murphy r
2012_CO_House-2_DEM,DEM,Jared Polis,36097,100.0,3,True,polis j
2012_CO_House-2_REP,REP,Kevin Lundberg,21547,53.3,4,True,lundberg k
2012_CO_House-2_REP,REP,Eric Weissmann,18890,46.7,4,False,weissmann e
2012_CO_House-3_DEM,DEM,Sal Pace,33970,100.0,6,True,pace s
2012_CO_House-3_REP,REP,Scott Tipton,48465,100.0,5,True,tipton s
2012_CO_House-4_DEM,DEM,Brandon Shaffer,20671,100.0,9,True,shaffer b
2012_CO_House-4_REP,REP,Cory Gardner,49340,100.0,8,True,gardner c
2012_CO_House-5_REP,REP,Doug Lamborn,43929,61.7,11,True,lamborn d
2012_CO_House-5_REP,REP,Robert Blaha,27245,38.3,11,False,blaha r
2012_CO_House-6_DEM,DEM,Joe Miklosi,22938,100.0,14,True,miklosi j
2012_CO_House-6_REP,REP,Mike Coffman,35271,100.0,13,True,coffman m
2012_CO_House-7_DEM,DEM,Ed Perlmutter,29987,100.0,15,True,perlmutter e
2012_CO_House-7_REP,REP,Joe Coors,31254,100.0,16,True,coors j
2012_CT_House-2_REP,REP,Paul M. Formica,14256,66.9,1,True,formica p
2012_CT_House-2_REP,REP,Daria Novak,7050,33.1,1,False,novak d
2012_CT_House-5_DEM,DEM,Elizabeth Etsy,12717,44.6,2,True,etsy e
2012_CT_House-5_DEM,DEM,Chris Donovan,9216,32.3,2,False,donovan c
2012_CT_House-5_DEM,DEM,Dan Roberti,6582,23.1,2,False,roberti d
2012_CT_House-5_REP,REP,Andrew Roraback,9536,32.1,3,True,roraback a
2012_CT_House-5_REP,REP,Mark Greenberg,8033,27.0,3,False,greenberg m
2012_CT_House-5_REP,REP,Justin Bernier,6167,20.8,3,False,bernier j
2012_CT_House-5_REP,REP,Lisa Wilson-Foley,5966,20.1,3,False,wilsonfoley l
2012_DE_House-1_REP,REP,Tom Kovach,15018,65.6,1,True,kovach t
2012_DE_House-1_REP,REP,Rose Izzo,7888,34.4,1,False,izzo r
2012_FL_House-13_REP,REP,C. W. Bill Young,39395,69.1,9,True,young c
2012_FL_House-13_REP,REP,Darren Ayres,10548,18.5,9,False,ayres d
2012_FL_House-13_REP,REP,Madeline Vance,7049,12.4,9,False,vance m
2012_FL_House-14_REP,REP,"Evelio ""EJ"" Otero",12084,60.3,10,True,otero e
2012_FL_House-14_REP,REP,Eddie Adams,7953,39.7,10,False,adams e
2012_FL_House-17_REP,REP,Tom Rooney,37881,73.2,11,True,rooney t
2012_FL_House-17_REP,REP,Joe Arnold,13871,26.8,11,False,arnold j
2012_FL_House-18_DEM,DEM,Patrick Murphy,26791,79.7,13,True,murphy p
2012_FL_House-18_DEM,DEM,Jim Horn,3843,11.4,13,False,horn j
2012_FL_House-18_DEM,DEM,Jerry Lee Buechler,2984,8.9,13,False,buechler j
2012_FL_House-18_REP,REP,Allen B. West,45790,74.4,12,True,west a
2012_FL_House-18_REP,REP,Robert L. Crowder,15758,25.6,12,False,crowder r
2012_FL_House-19_REP,REP,Trey Radel,22304,30.0,14,True,radel t
2012_FL_House-19_REP,REP,Chauncey Porter Goss,16005,21.5,14,False,goss c
2012_FL_House-19_REP,REP,Paige Kreegel,13167,17.7,14,False,kreegel p
2012_FL_House-19_REP,REP,Gary Aubuchon,11498,15.5,14,False,aubuchon g
2012_FL_House-19_REP,REP,Byron Donalds,10389,14.0,14,False,donalds b
2012_FL_House-19_REP,REP,Joe Davidow,1028,1.4,14,False,davidow j
2012_FL_House-22_DEM,DEM,Lois Frankel,18483,61.4,15,True,frankel l
2012_FL_House-22_DEM,DEM,Kristin Jacobs,11644,38.6,15,False,jacobs k
2012_FL_House-23_REP,REP,Karen Harrington,8043,47.8,16,True,harrington k
2012_FL_House-23_REP,REP,Joe Kaufman,3383,20.1,16,False,kaufman j
2012_FL_House-23_REP,REP,Ozzie deFaria,2356,14.0,16,False,defaria o
2012_FL_House-23_REP,REP,Juan Eliel Garcia,1674,9.9,16,False,garcia j
2012_FL_House-23_REP,REP,Gineen Bresso,1380,8.2,16,False,bresso g
2012_FL_House-24_DEM,DEM,Frederica Wilson,42807,66.4,17,True,wilson f
2012_FL_House-24_DEM,DEM,Rudolph Moise,21680,33.6,17,False,moise r
2012_FL_House-26_DEM,DEM,Joe Garcia,13927,53.4,18,True,garcia j
2012_FL_House-26_DEM,DEM,Gloria Romero Roses,8027,30.8,18,False,roses g
2012_FL_House-26_DEM,DEM,Lamar Sternad,2856,10.9,18,False,sternad l
2012_FL_House-26_DEM,DEM,Gustavo Marin,1286,4.9,18,False,marin g
2012_FL_House-2_DEM,DEM,Al Lawson,46900,54.6,1,True,lawson a
2012_FL_House-2_DEM,DEM,Leonard Bembry,22357,26.0,1,False,bembry l
2012_FL_House-2_DEM,DEM,Alvin L. Peters,11919,13.9,1,False,peters a
2012_FL_House-2_DEM,DEM,Mark Schlakman,4653,5.4,1,False,schlakman m
2012_FL_House-3_REP,REP,Ted Yoho,22273,34.4,2,True,yoho t
2012_FL_House-3_REP,REP,Cliff Stearns,21398,33.0,2,False,stearns c
2012_FL_House-3_REP,REP,Steve Oelrich,12329,19.0,2,False,oelrich s
2012_FL_House-3_REP,REP,James Jett,8769,13.5,2,False,jett j
2012_FL_House-4_REP,REP,Ander Crenshaw,46788,71.9,3,True,crenshaw a
2012_FL_House-4_REP,REP,Bob Black,11816,18.1,3,False,black b
2012_FL_House-4_REP,REP,Deborah Katz Pueschel,6505,10.0,3,False,pueschel d
2012_FL_House-6_DEM,DEM,Heather Beaven,29909,80.5,5,True,beaven h
2012_FL_House-6_DEM,DEM,Vipin Verma,7253,19.5,5,False,verma v
2012_FL_House-6_REP,REP,Ron DeSantis,24132,38.8,4,True,desantis r
2012_FL_House-6_REP,REP,Fred Costello,14189,22.8,4,False,costello f
2012_FL_House-6_REP,REP,Beverly Slough,8229,13.2,4,False,slough b
2012_FL_House-6_REP,REP,Craig Miller,8113,13.1,4,False,miller c
2012_FL_House-6_REP,REP,Richard Clark,6090,9.8,4,False,clark r
2012_FL_House-6_REP,REP,Alec Pueschel,739,1.2,4,False,pueschel a
2012_FL_House-6_REP,REP,William Billy Kogut,628,1.0,4,False,kogut w
2012_FL_House-7_DEM,DEM,Jason H. Kendall,12816,61.3,7,True,kendall j
2012_FL_House-7_DEM,DEM,Nicholas Ruiz,8088,38.7,7,False,ruiz n
2012_FL_House-7_REP,REP,John Mica,32119,61.2,6,True,mica j
2012_FL_House-7_REP,REP,Sandy Adams,20404,38.8,6,False,adams s
2012_FL_House-9_REP,REP,Todd Long,12585,47.3,8,True,long t
2012_FL_House-9_REP,REP,"John ""Q"" Quinones",7514,28.3,8,False,quinones j
2012_FL_House-9_REP,REP,Julius Anthony Melendez,3983,15.0,8,False,melendez j
2012_FL_House-9_REP,REP,Mark Oxner,2510,9.4,8,False,oxner m
2012_GA_House-10_REP,REP,Paul Broun,58405,69.0,20,True,broun p
2012_GA_House-10_REP,REP,Stephen K. Simpson,26256,31.0,20,False,simpson s
2012_GA_House-11_DEM,DEM,Patrick Thompson,14162,100.0,22,True,thompson p
2012_GA_House-11_REP,REP,Phil Gingrey,75697,80.9,21,True,gingrey p
2012_GA_House-11_REP,REP,Michael Opitz,9231,9.9,21,False,opitz m
2012_GA_House-11_REP,REP,William Llop,8604,9.2,21,False,llop w
2012_GA_House-12_DEM,DEM,John Barrow,41587,100.0,23,True,barrow j
2012_GA_House-12_REP,REP,Lee Anderson,13785,50.3,25,True,anderson l
2012_GA_House-12_REP,REP,Rick Allen,13626,49.7,25,False,allen r
2012_GA_House-13_DEM,DEM,David Scott,55214,100.0,26,True,scott d
2012_GA_House-13_REP,REP,Shahid Malik,28693,100.0,27,True,malik s
2012_GA_House-14_DEM,DEM,Danny Grant,10228,100.0,29,True,grant d
2012_GA_House-14_REP,REP,Tom Graves,65873,100.0,28,True,graves t
2012_GA_House-1_DEM,DEM,Nathan C. Russo,55880,45.7,2,True,russo n
2012_GA_House-1_DEM,DEM,Lesli Rae Messinger,15390,54.3,2,False,messinger l
2012_GA_House-1_REP,REP,Jack Kingston,61353,100.0,1,True,kingston j
2012_GA_House-2_DEM,DEM,Sanford Bishop,68981,100.0,3,True,bishop s
2012_GA_House-2_REP,REP,John House,2705,55.0,5,True,house j
2012_GA_House-2_REP,REP,Rick Allen,2217,45.0,5,False,allen r
2012_GA_House-3_REP,REP,Lynn Westmoreland,64765,71.6,6,True,westmoreland l
2012_GA_House-3_REP,REP,Chip Flanegan,13139,14.5,6,False,flanegan c
2012_GA_House-3_REP,REP,Kent Kingsley,12517,13.9,6,False,kingsley k
2012_GA_House-4_DEM,DEM,Hank Johnson,52982,77.0,7,True,johnson h
2012_GA_House-4_DEM,DEM,Courtney L. Dillard,13130,19.1,7,False,dillard c
2012_GA_House-4_DEM,DEM,Lincoln Nunnally,2728,3.9,7,False,nunnally l
2012_GA_House-4_REP,REP,Chris Vaughn,17261,54.5,8,True,vaughn c
2012_GA_House-4_REP,REP,Greg Pallen,14422,45.5,8,False,pallen g
2012_GA_House-5_DEM,DEM,John Lewis,69985,80.8,9,True,lewis j
2012_GA_House-5_DEM,DEM,Michael Johnson,16666,19.2,9,False,johnson m
2012_GA_House-5_REP,REP,Howard Stopeck,11426,100.0,10,True,stopeck h
2012_GA_House-6_DEM,DEM,Jeff Kazanow,10313,51.1,12,True,kazanow j
2012_GA_House-6_DEM,DEM,Robert Montigel,9881,48.9,12,False,montigel r
2012_GA_House-6_REP,REP,Tom Price,71032,100.0,11,True,price t
2012_GA_House-7_DEM,DEM,Steve Reilly,12394,54.3,14,True,reilly s
2012_GA_House-7_REP,REP,Rob Woodall,45157,71.8,13,True,woodall r
2012_GA_House-7_REP,REP,David Hancock,17730,28.2,13,False,hancock d
2012_GA_House-8_REP,REP,Austin Scott,59300,100.0,15,True,scott a
2012_GA_House-9_DEM,DEM,Jody Cooley,8963,54.3,16,True,cooley j
2012_GA_House-9_REP,REP,Doug Collins,39016,54.6,18,True,collins d
2012_GA_House-9_REP,REP,Martha Zoller,32417,45.4,18,False,zoller m
2012_HI_House-1_DEM,DEM,Colleen Hanabusa,92136,84.1,1,True,hanabusa c
2012_HI_House-1_DEM,DEM,Roy Wyttenbach II,17369,15.9,1,False,wyttenbach r
2012_HI_House-1_REP,REP,Charles Djou,25984,95.7,2,True,djou c
2012_HI_House-1_REP,REP,C. Kaui Amsterdam,799,2.9,2,False,amsterdam c
2012_HI_House-1_REP,REP,John Giuffre,376,1.4,2,False,giuffre j
2012_HI_House-2_DEM,DEM,Tulsi Gabbard,62882,55.1,3,True,gabbard t
2012_HI_House-2_DEM,DEM,Mufi Hannemann,39176,34.3,3,False,hannemann m
2012_HI_House-2_DEM,DEM,Esther Kia'aina,6681,5.9,3,False,kiaaina e
2012_HI_House-2_DEM,DEM,Bob Marx,4327,3.8,3,False,marx b
2012_HI_House-2_DEM,DEM,Miles Shiratori,573,0.5,3,False,shiratori m
2012_HI_House-2_DEM,DEM,Rafael del Castillo,520,0.4,3,False,castillo r
2012_HI_House-2_REP,REP,Kawika Crowley,9056,60.8,4,True,crowley k
2012_HI_House-2_REP,REP,Matt DiGeronimo,5843,39.2,4,False,digeronimo m
2012_IA_House-1_DEM,DEM,Bruce Braley,11912,99.2,1,True,braley b
2012_IA_House-1_DEM,DEM,Write-ins,92,0.8,1,False,writeins
2012_IA_House-1_REP,REP,Ben Lange,13217,52.9,2,True,lange b
2012_IA_House-1_REP,REP,Rod Blum,11551,46.2,2,False,blum r
2012_IA_House-1_REP,REP,Write-ins,143,0.9,2,False,writeins
2012_IA_House-2_DEM,DEM,Dave Loebsack,17467,81.5,3,True,loebsack d
2012_IA_House-2_DEM,DEM,Joe M. Seng,3913,18.3,3,False,seng j
2012_IA_House-2_DEM,DEM,Write-ins,39,0.2,3,False,writeins
2012_IA_House-2_REP,REP,John Archer,16604,60.5,4,True,archer j
2012_IA_House-2_REP,REP,Dan Dolan,10775,39.3,4,False,dolan d
2012_IA_House-2_REP,REP,Write-ins,57,0.2,4,False,writeins
2012_IA_House-3_DEM,DEM,Leonard Boswell,8382,98.3,5,True,boswell l
2012_IA_House-3_DEM,DEM,Write-ins,145,1.7,5,False,writeins
2012_IA_House-3_REP,REP,Tom Latham,27757,99.2,6,True,latham t
2012_IA_House-3_REP,REP,Write-ins,218,0.8,6,False,writeins
2012_IA_House-4_DEM,DEM,Christie Vilsack,10765,99.2,8,True,vilsack c
2012_IA_House-4_DEM,DEM,Write-ins,88,0.8,8,False,writeins
2012_IA_House-4_REP,REP,Steve King,38238,98.9,7,True,king s
2012_IA_House-4_REP,REP,Write-ins,420,1.1,7,False,writeins
2012_ID_House-1_DEM,DEM,Jimmy Farris,5362,53.2,2,True,farris j
2012_ID_House-1_DEM,DEM,Cynthia Clinkingbeard,4723,46.8,2,False,clinkingbeard c
2012_ID_House-1_REP,REP,Raúl Labrador,58003,80.6,1,True,labrador r
2012_ID_House-1_REP,REP,Reed McCandless,13917,19.4,1,False,mccandless r
2012_ID_House-2_DEM,DEM,Nicole LeFavour,10528,84.1,4,True,lefavour n
2012_ID_House-2_DEM,DEM,Jack Wayne Chappell,1997,15.9,4,False,chappell j
2012_ID_House-2_REP,REP,Mike Simpson,50799,69.6,3,True,simpson m
2012_ID_House-2_REP,REP,Chick Heileson,22240,30.4,3,False,heileson c
2012_IL_House-10_DEM,DEM,Brad Schneider,15530,46.9,19,True,schneider b
2012_IL_House-10_DEM,DEM,Ilya Sheyman,12767,38.5,19,False,sheyman i
2012_IL_House-10_DEM,DEM,John Tree,2938,8.9,19,False,tree j
2012_IL_House-10_DEM,DEM,Vivek Bavda,1881,5.7,19,False,bavda v
2012_IL_House-10_DEM,DEM,Aloys Rutagwibira,8,0.0,19,False,rutagwibira a
2012_IL_House-10_REP,REP,Bob Dold,36647,100.0,18,True,dold b
2012_IL_House-11_DEM,DEM,Bill Foster,12126,58.5,21,True,foster b
2012_IL_House-11_DEM,DEM,Juan Thomas,5212,25.1,21,False,thomas j
2012_IL_House-11_DEM,DEM,Jim Hickey,3399,16.4,21,False,hickey j
2012_IL_House-11_REP,REP,Judy Biggert,31471,99.9,20,True,biggert j
2012_IL_House-11_REP,REP,Diane Harris,37,0.1,20,False,harris d
2012_IL_House-12_DEM,DEM,Brad Harriman,27409,69.8,22,True,harriman b
2012_IL_House-12_DEM,DEM,Chris Miller,8874,22.6,22,False,miller c
2012_IL_House-12_DEM,DEM,Kenneth Wiezer,2967,7.6,22,False,wiezer k
2012_IL_House-12_REP,REP,Jason Plummer,25280,55.7,23,True,plummer j
2012_IL_House-12_REP,REP,Rodger Cook,16313,35.9,23,False,cook r
2012_IL_House-12_REP,REP,Theresa Kormos,3811,8.4,23,False,kormos t
2012_IL_House-13_DEM,DEM,David Gill,15536,50.3,25,True,gill d
2012_IL_House-13_DEM,DEM,Matt Goetten,15373,49.7,25,False,goetten m
2012_IL_House-13_REP,REP,Tim Johnson,35655,68.7,24,True,johnson t
2012_IL_House-13_REP,REP,Frank Metzger,9571,18.4,24,False,metzger f
2012_IL_House-13_REP,REP,Michael Firsching,6706,12.9,24,False,firsching m
2012_IL_House-14_DEM,DEM,Dennis Anderson,9344,74.2,27,True,anderson d
2012_IL_House-14_DEM,DEM,Jonathan Farnick,3258,25.8,27,False,farnick j
2012_IL_House-14_REP,REP,Randy Hultgren,64419,100.0,26,True,hultgren r
2012_IL_House-14_REP,REP,Mark Mastrogiovanni,1,0.0,26,False,mastrogiovanni m
2012_IL_House-15_DEM,DEM,Angela Michael,16831,100.0,29,True,michael a
2012_IL_House-15_REP,REP,John M. Shimkus,66709,100.0,28,True,shimkus j
2012_IL_House-16_REP,REP,Adam Kinzinger,45546,53.9,30,True,kinzinger a
2012_IL_House-16_REP,REP,Don Manzullo,38889,46.1,30,False,manzullo d
2012_IL_House-17_DEM,DEM,Cheri Bustos,18652,54.4,32,True,bustos c
2012_IL_House-17_DEM,DEM,George Gaulrupp,8838,25.8,32,False,gaulrupp g
2012_IL_House-17_DEM,DEM,Greg Aguilar,6798,19.8,32,False,aguilar g
2012_IL_House-17_REP,REP,Bobby Schilling,46263,100.0,31,True,schilling b
2012_IL_House-18_DEM,DEM,Steve Waterworth,10211,69.6,34,True,waterworth s
2012_IL_House-18_DEM,DEM,Matthew Woodmancy,4465,30.4,34,False,woodmancy m
2012_IL_House-18_REP,REP,Aaron Schock,87441,100.0,33,True,schock a
2012_IL_House-1_DEM,DEM,Bobby Rush,64533,83.9,1,True,rush b
2012_IL_House-1_DEM,DEM,Raymond Lodato,3210,4.2,1,False,lodato r
2012_IL_House-1_DEM,DEM,Harold Bailey,2598,3.4,1,False,bailey h
2012_IL_House-1_DEM,DEM,"Clifford Russell, Jr.",2412,3.1,1,False,russell c
2012_IL_House-1_DEM,DEM,Fred Smith,2232,2.9,1,False,smith f
2012_IL_House-1_DEM,DEM,Jordan Sims,1980,2.6,1,False,sims j
2012_IL_House-1_REP,REP,Donald Peloquin,16355,69.2,2,True,peloquin d
2012_IL_House-1_REP,REP,Frederick Collins,5773,24.4,2,False,collins f
2012_IL_House-1_REP,REP,Jimmy Lee Tillman II,1501,6.4,2,False,tillman j
2012_IL_House-2_DEM,DEM,"Jesse Jackson, Jr.",56109,71.2,3,True,jackson j
2012_IL_House-2_DEM,DEM,Debbie Halvorson,22672,28.8,3,False,halvorson d
2012_IL_House-2_REP,REP,Brian Woodworth,11123,63.7,4,True,woodworth b
2012_IL_House-2_REP,REP,"James Taylor, Sr.",6347,36.3,4,False,taylor j
2012_IL_House-3_DEM,DEM,Dan Lipinski,44532,87.3,5,True,lipinski d
2012_IL_House-3_DEM,DEM,Farah Baqai,6463,12.7,5,False,baqai f
2012_IL_House-3_REP,REP,Richard Grabowski,20895,59.3,6,True,grabowski r
2012_IL_House-3_REP,REP,Jim Falvey,10449,29.7,6,False,falvey j
2012_IL_House-3_REP,REP,Arthur J. Jones,3861,11.0,6,False,jones a
2012_IL_House-4_DEM,DEM,Luis Gutiérrez,30908,100.0,7,True,gutierrez l
2012_IL_House-4_DEM,DEM,Jorge Zavala,6,0.0,7,False,zavala j
2012_IL_House-4_REP,REP,Héctor Concepción,10,100.0,8,True,concepcion h
2012_IL_House-5_DEM,DEM,Mike Quigley,37967,100.0,9,True,quigley m
2012_IL_House-5_REP,REP,Dan Schmitt,23940,100.0,10,True,schmitt d
2012_IL_House-6_DEM,DEM,Leslie Coolidge,9919,54.5,12,True,coolidge l
2012_IL_House-6_DEM,DEM,Maureen Yates,5934,32.6,12,False,yates m
2012_IL_House-6_DEM,DEM,Geoffrey Petzel,2343,12.9,12,False,petzel g
2012_IL_House-6_REP,REP,Peter Roskam,76146,100.0,11,True,roskam p
2012_IL_House-7_DEM,DEM,Danny Davis,57896,84.5,13,True,davis d
2012_IL_House-7_DEM,DEM,Jacques Conway,10638,15.5,13,False,conway j
2012_IL_House-8_DEM,DEM,Tammy Duckworth,17097,66.2,15,True,duckworth t
2012_IL_House-8_DEM,DEM,Raja Krishnamoorthi,8736,33.8,15,False,krishnamoorthi r
2012_IL_House-8_REP,REP,Joe Walsh,35102,99.9,14,True,walsh j
2012_IL_House-8_REP,REP,Robert Canfield,54,0.1,14,False,canfield r
2012_IL_House-9_DEM,DEM,Jan Schakowsky,48124,91.9,16,True,schakowsky j
2012_IL_House-9_DEM,DEM,Simon Ribeiro,4270,8.1,16,False,ribeiro s
2012_IL_House-9_REP,REP,Timothy Wolfe,32043,100.0,17,True,wolfe t
2012_IN_House-1_DEM,DEM,Pete Visclosky,42219,100.0,1,True,visclosky p
2012_IN_House-1_REP,REP,Joel Phelps,11952,100.0,2,True,phelps j
2012_IN_House-2_DEM,DEM,Brendan Mullen,11218,54.1,3,True,mullen b
2012_IN_House-2_DEM,DEM,Dan Morrison,9519,45.9,3,False,morrison d
2012_IN_House-2_REP,REP,Jackie Walorski,46873,72.8,4,True,walorski j
2012_IN_House-2_REP,REP,Greg Andrews,17522,27.2,4,False,andrews g
2012_IN_House-3_DEM,DEM,Kevin R. Boyd,5985,47.8,6,True,boyd k
2012_IN_House-3_DEM,DEM,Tommy A. Schrader,1694,13.5,6,False,schrader t
2012_IN_House-3_DEM,DEM,Stephen G. Hope,1441,11.5,6,False,hope s
2012_IN_House-3_DEM,DEM,Justin Kuhnle,1265,10.1,6,False,kuhnle j
2012_IN_House-3_DEM,DEM,David Sowards,1172,9.4,6,False,sowards d
2012_IN_House-3_DEM,DEM,John Forrest Roberson,966,7.7,6,False,roberson j
2012_IN_House-3_REP,REP,Marlin Stutzman,74812,100.0,5,True,stutzman m
2012_IN_House-4_DEM,DEM,Tara E. Nelson,7018,58.3,8,True,nelson t
2012_IN_House-4_DEM,DEM,Lester Terry Moore,5010,41.7,8,False,moore l
2012_IN_House-4_REP,REP,Todd Rokita,73089,100.0,7,True,rokita t
2012_IN_House-5_DEM,DEM,Scott Reske,13175,63.1,10,True,reske s
2012_IN_House-5_DEM,DEM,Tony Long,7692,36.9,10,False,long t
2012_IN_House-5_REP,REP,Susan Brooks,31185,30.2,9,True,brooks s
2012_IN_House-5_REP,REP,David McIntosh,30175,29.2,9,False,mcintosh d
2012_IN_House-5_REP,REP,John McGoff,23773,23.0,9,False,mcgoff j
2012_IN_House-5_REP,REP,Wayne Seybold,11874,11.5,9,False,seybold w
2012_IN_House-5_REP,REP,Jack Lugar,4758,4.6,9,False,lugar j
2012_IN_House-5_REP,REP,Jason Anderson,1036,1.0,9,False,anderson j
2012_IN_House-5_REP,REP,Bill Salin,869,0.8,9,False,salin b
2012_IN_House-5_REP,REP,Matthew Mount,453,0.4,9,False,mount m
2012_IN_House-6_DEM,DEM,Bradley T. Bookout,8278,30.9,12,True,bookout b
2012_IN_House-6_DEM,DEM,Susan Hall Heitzman,7077,26.5,12,False,heitzman s
2012_IN_House-6_DEM,DEM,Jim Crone,5611,21.0,12,False,crone j
2012_IN_House-6_DEM,DEM,Dan Bolling,3719,13.9,12,False,bolling d
2012_IN_House-6_DEM,DEM,George T. Holland,2059,7.7,12,False,holland g
2012_IN_House-6_REP,REP,Luke Messer,32859,40.3,11,True,messer l
2012_IN_House-6_REP,REP,Travis Hankins,23276,28.6,11,False,hankins t
2012_IN_House-6_REP,REP,Don Bates Jr.,10913,13.4,11,False,bates d
2012_IN_House-6_REP,REP,Bill Frazier,8446,10.4,11,False,frazier b
2012_IN_House-6_REP,REP,Joe Sizemore,2346,2.9,11,False,sizemore j
2012_IN_House-6_REP,REP,Allen K. Smith II,1679,2.1,11,False,smith a
2012_IN_House-6_REP,REP,"Joseph S. Van Wye, Sr",989,1.2,11,False,wye j
2012_IN_House-6_REP,REP,John Hatter,917,1.1,11,False,hatter j
2012_IN_House-7_DEM,DEM,André Carson,34782,90.3,13,True,carson a
2012_IN_House-7_DEM,DEM,"Bob ""Citizen"" Kern",2048,5.3,13,False,kern b
2012_IN_House-7_DEM,DEM,Woodrow Wilcox,1082,2.8,13,False,wilcox w
2012_IN_House-7_DEM,DEM,Pierre Quincy Pullins,586,1.5,13,False,pullins p
2012_IN_House-7_REP,REP,Carlos A. May,10783,26.8,14,True,may c
2012_IN_House-7_REP,REP,Catherine Ping,9771,24.3,14,False,ping c
2012_IN_House-7_REP,REP,Steven Davis,7727,19.1,14,False,davis s
2012_IN_House-7_REP,REP,Wayne E. Harmon,4252,10.6,14,False,harmon w
2012_IN_House-7_REP,REP,Anthony W. Duncan,4079,10.1,14,False,duncan a
2012_IN_House-7_REP,REP,JD Miniear,2227,5.5,14,False,miniear j
2012_IN_House-7_REP,REP,Lawrence B. Shouse,1412,3.5,14,False,shouse l
2012_IN_House-8_DEM,DEM,Dave Crooks,18634,57.7,16,True,crooks d
2012_IN_House-8_DEM,DEM,Thomas Barnett,10638,32.9,16,False,barnett t
2012_IN_House-8_DEM,DEM,William Bryk,3023,9.4,16,False,bryk w
2012_IN_House-8_REP,REP,Larry D. Bucshon,34511,58.0,15,True,bucshon l
2012_IN_House-8_REP,REP,Kristi Risk,24960,42.0,15,False,risk k
2012_IN_House-9_DEM,DEM,Shelli Yoder,13186,47.7,18,True,yoder s
2012_IN_House-9_DEM,DEM,Robert Winningham,5590,20.2,18,False,winningham r
2012_IN_House-9_DEM,DEM,Jonathan George,4591,16.6,18,False,george j
2012_IN_House-9_DEM,DEM,John W. Tilford,2233,8.1,18,False,tilford j
2012_IN_House-9_DEM,DEM,John Griffin Miller,2062,7.4,18,False,miller j
2012_IN_House-9_REP,REP,Todd Young,59327,100.0,17,True,young t
2012_KS_House-1_REP,REP,Tim Huelskamp,79633,100.0,1,True,huelskamp t
2012_KS_House-2_DEM,DEM,Tobias Schlingensiepen,11747,39.5,2,True,schlingensiepen t
2012_KS_House-2_DEM,DEM,Bob Eye,10353,34.8,2,False,eye b
2012_KS_House-2_DEM,DEM,Scott Barnhart,7627,25.6,2,False,barnhart s
2012_KS_House-3_REP,REP,Kevin Yoder,50270,100.0,3,True,yoder k
2012_KS_House-4_DEM,DEM,Robert Tillman,11224,70.8,5,True,tillman r
2012_KS_House-4_DEM,DEM,Esau Freeman,4618,29.1,5,False,freeman e
2012_KS_House-4_REP,REP,Mike Pompeo,60195,100.0,4,True,pompeo m
2012_KY_House-1_DEM,DEM,Charles Kendall Hatchett,19127,59.1,1,True,hatchett c
2012_KY_House-1_DEM,DEM,James Buckmaster,13239,40.9,1,False,buckmaster j
2012_KY_House-3_DEM,DEM,John Yarmuth,43635,86.7,2,True,yarmuth j
2012_KY_House-3_DEM,DEM,Burrel Charles Farnsley,6716,13.3,2,False,farnsley b
2012_KY_House-4_DEM,DEM,Bill Adkins,17209,68.6,4,True,adkins b
2012_KY_House-4_DEM,DEM,Greg Frank,7869,31.4,4,False,frank g
2012_KY_House-4_REP,REP,Thomas Massie,19689,44.8,3,True,massie t
2012_KY_House-4_REP,REP,Alecia Webb-Edgington,12557,28.6,3,False,webbedgington a
2012_KY_House-4_REP,REP,Gary Moore,6521,14.8,3,False,moore g
2012_KY_House-4_REP,REP,Walter Christian Schumm,3514,8.0,3,False,schumm w
2012_KY_House-4_REP,REP,Marc Carey,783,1.8,3,False,carey m
2012_KY_House-4_REP,REP,Tom Wurtz,598,1.4,3,False,wurtz t
2012_KY_House-4_REP,REP,Brian D. Oerther,257,0.6,3,False,oerther b
2012_KY_House-5_DEM,DEM,Kenneth S. Stepp,12275,52.7,6,True,stepp k
2012_KY_House-5_DEM,DEM,Michael Ackerman,11016,47.3,6,False,ackerman m
2012_KY_House-6_REP,REP,Andy Barr,20104,82.8,7,True,barr a
2012_KY_House-6_REP,REP,"Patrick J. Kelly, II",2823,11.6,7,False,kelly p
2012_KY_House-6_REP,REP,Curtis Kenimer,1354,5.6,7,False,kenimer c
2012_LA_House-3_REP,REP,"Charles W. Boustany, Jr.",58820,60.9,1,True,boustany c
2012_LA_House-3_REP,REP,Jeff Landry,37767,39.1,1,False,landry j
2012_MA_House-1_DEM,DEM,Richard Neal,40295,65.5,1,True,neal r
2012_MA_House-1_DEM,DEM,"Andrea F. Nuciforo, Jr.",15159,24.6,1,False,nuciforo a
2012_MA_House-1_DEM,DEM,Bill Shein,6059,9.8,1,False,shein b
2012_MA_House-1_DEM,DEM,Write-ins,33,0.1,1,False,writeins
2012_MA_House-2_DEM,DEM,James McGovern,24375,91.3,2,True,mcgovern j
2012_MA_House-2_DEM,DEM,William Feegbeh,2265,8.5,2,False,feegbeh w
2012_MA_House-2_DEM,DEM,Write-ins,44,0.2,2,False,writeins
2012_MA_House-3_DEM,DEM,Nicola Tsongas,24105,99.2,3,True,tsongas n
2012_MA_House-3_DEM,DEM,Write-ins,196,0.8,3,False,writeins
2012_MA_House-3_REP,REP,Jonathan Golnik,12928,66.3,4,True,golnik j
2012_MA_House-3_REP,REP,Thomas Weaver,6527,33.5,4,False,weaver t
2012_MA_House-3_REP,REP,Write-ins,38,0.2,4,False,writeins
2012_MA_House-4_DEM,DEM,"Joseph P. Kennedy, III",36557,90.0,5,True,kennedy j
2012_MA_House-4_DEM,DEM,Herb Robinson,6059,3.4,5,False,robinson h
2012_MA_House-4_DEM,DEM,Rachel Brown,2635,6.5,5,False,brown r
2012_MA_House-4_DEM,DEM,Write-ins,73,0.1,5,False,writeins
2012_MA_House-4_REP,REP,Sean Bielat,14834,73.2,6,True,bielat s
2012_MA_House-4_REP,REP,Elizabeth Childs,2735,13.5,6,False,childs e
2012_MA_House-4_REP,REP,David L. Steinhof,2669,13.2,6,False,steinhof d
2012_MA_House-4_REP,REP,Write-ins,25,0.1,6,False,writeins
2012_MA_House-5_DEM,DEM,Ed Markey,38196,99.2,7,True,markey e
2012_MA_House-5_DEM,DEM,Write-ins,316,0.8,7,False,writeins
2012_MA_House-5_REP,REP,Tom Tierney,4789,41.2,8,True,tierney t
2012_MA_House-5_REP,REP,"Frank John Addivinola, Jr.",3531,30.3,8,False,addivinola f
2012_MA_House-5_REP,REP,Jeffrey Semon,3250,27.9,8,False,semon j
2012_MA_House-5_REP,REP,Write-ins,65,0.6,8,False,writeins
2012_MA_House-6_DEM,DEM,John F. Tierney,28395,98.2,9,True,tierney j
2012_MA_House-6_DEM,DEM,Write-ins,517,1.8,9,False,writeins
2012_MA_House-6_REP,REP,Richard R. Tisei,18331,99.0,10,True,tisei r
2012_MA_House-6_REP,REP,Write-ins,186,1.0,10,False,writeins
2012_MA_House-7_DEM,DEM,Mike Capuano,32445,98.6,11,True,capuano m
2012_MA_House-7_DEM,DEM,Write-ins,446,1.4,11,False,writeins
2012_MA_House-8_DEM,DEM,Stephen Lynch,29352,98.8,12,True,lynch s
2012_MA_House-8_DEM,DEM,Write-ins,369,1.2,12,False,writeins
2012_MA_House-8_REP,REP,Joe Selvaggi,5968,59.1,13,True,selvaggi j
2012_MA_House-8_REP,REP,Matias Temperley,4081,40.4,13,False,temperley m
2012_MA_House-8_REP,REP,Write-ins,47,0.5,13,False,writeins
2012_MA_House-9_DEM,DEM,William Richard Keating,31366,59.1,14,True,keating w
2012_MA_House-9_DEM,DEM,Samuel Sutter,21675,40.8,14,False,sutter s
2012_MA_House-9_DEM,DEM,Write-ins,47,0.1,14,False,writeins
2012_MD_House-1_DEM,DEM,Wendy Rosen,10907,43.1,2,True,rosen w
2012_MD_House-1_DEM,DEM,John LaFerla,10850,42.8,2,False,laferla j
2012_MD_House-1_DEM,DEM,Kim Letke,3564,14.1,2,False,letke k
2012_MD_House-1_REP,REP,Andy Harris,44599,100.0,1,True,harris a
2012_MD_House-2_DEM,DEM,Dutch Ruppersberger,26465,100.0,3,True,ruppersberger d
2012_MD_House-2_REP,REP,Nancy Jacobs,12372,58.9,4,True,jacobs n
2012_MD_House-2_REP,REP,Rick Impallaria,4998,23.8,4,False,impallaria r
2012_MD_House-2_REP,REP,Larry Smith,2392,11.4,4,False,smith l
2012_MD_House-2_REP,REP,Howard Orton,500,2.4,4,False,orton h
2012_MD_House-2_REP,REP,Ray Bly,415,2.0,4,False,bly r
2012_MD_House-2_REP,REP,Vlad Degen,324,1.5,4,False,degen v
2012_MD_House-3_DEM,DEM,John Sarbanes,32527,86.4,5,True,sarbanes j
2012_MD_House-3_DEM,DEM,Dave Lockwood,5111,13.6,5,False,lockwood d
2012_MD_House-3_REP,REP,Eric Delano Knowles,6845,33.5,6,True,knowles e
2012_MD_House-3_REP,REP,Pinkston Harris,5874,28.7,6,False,harris p
2012_MD_House-3_REP,REP,Armand Girard,4809,23.5,6,False,girard a
2012_MD_House-3_REP,REP,Draper Phelps,2935,14.3,6,False,phelps d
2012_MD_House-4_DEM,DEM,Donna Edwards,42815,91.8,7,True,edwards d
2012_MD_House-4_DEM,DEM,George McDermott,2359,5.1,7,False,mcdermott g
2012_MD_House-4_DEM,DEM,Ian Garner,1464,3.1,7,False,garner i
2012_MD_House-4_REP,REP,Faith Loudon,9175,61.3,8,True,loudon f
2012_MD_House-4_REP,REP,Randy Gearhart,2977,19.9,8,False,gearhart r
2012_MD_House-4_REP,REP,Charles Shepherd,1443,9.6,8,False,shepherd c
2012_MD_House-4_REP,REP,Greg Holmes,1370,9.2,8,False,holmes g
2012_MD_House-5_DEM,DEM,Steny Hoyer,36961,84.7,9,True,hoyer s
2012_MD_House-5_DEM,DEM,Cathy Johnson Pendleton,6688,15.3,9,False,pendleton c
2012_MD_House-5_REP,REP,Tony O'Donnell,17329,73.7,10,True,odonnell t
2012_MD_House-5_REP,REP,David Hill,3289,14.0,10,False,hill d
2012_MD_House-5_REP,REP,Glenn Morton,2903,12.3,10,False,morton g
2012_MD_House-6_DEM,DEM,John Delaney,20414,54.2,12,True,delaney j
2012_MD_House-6_DEM,DEM,Rob Garagiola,10981,29.1,12,False,garagiola r
2012_MD_House-6_DEM,DEM,Milad Pooran,3590,9.5,12,False,pooran m
2012_MD_House-6_DEM,DEM,Charles Bailey,1572,4.2,12,False,bailey c
2012_MD_House-6_DEM,DEM,Ron Little,1131,3.0,12,False,little r
2012_MD_House-6_REP,REP,Roscoe Bartlett,17600,43.6,11,True,bartlett r
2012_MD_House-6_REP,REP,David R. Brinkley,7987,19.8,11,False,brinkley d
2012_MD_House-6_REP,REP,Kathy Afzali,4115,10.2,11,False,afzali k
2012_MD_House-6_REP,REP,Joseph Krysztoforski,3073,7.6,11,False,krysztoforski j
2012_MD_House-6_REP,REP,Robin Ficker,2854,7.1,11,False,ficker r
2012_MD_House-6_REP,REP,Brandon Rippeon,2843,7.0,11,False,rippeon b
2012_MD_House-6_REP,REP,Robert Coblentz,970,2.4,11,False,coblentz r
2012_MD_House-6_REP,REP,Peter James,933,2.3,11,False,james p
2012_MD_House-7_DEM,DEM,Elijah Cummings,49625,92.8,13,True,cummings e
2012_MD_House-7_DEM,DEM,Charles Smith,2438,4.6,13,False,smith c
2012_MD_House-7_DEM,DEM,Ty Busch,1396,2.6,13,False,busch t
2012_MD_House-7_REP,REP,Frank Mirabile,10849,69.8,14,True,mirabile f
2012_MD_House-7_REP,REP,Justin Kinsey,4695,30.2,14,False,kinsey j
2012_MD_House-8_DEM,DEM,Chris Van Hollen,35989,92.2,15,True,hollen c
2012_MD_House-8_DEM,DEM,George English,3041,7.8,15,False,english g
2012_MD_House-8_REP,REP,Ken Timmerman,13340,46.2,16,True,timmerman k
2012_MD_House-8_REP,REP,Dave Wallace,9319,32.3,16,False,wallace d
2012_MD_House-8_REP,REP,Shelly Skolnick,3671,12.7,16,False,skolnick s
2012_MD_House-8_REP,REP,Gus Alzona,2542,8.8,16,False,alzona g
2012_ME_House-1_DEM,DEM,Chellie Pingree,31965,100.0,1,True,pingree c
2012_ME_House-1_REP,REP,Jonathan Courtney,14558,50.4,2,True,courtney j
2012_ME_House-1_REP,REP,Patrick Calder,14330,49.6,2,False,calder p
2012_ME_House-2_DEM,DEM,Mike Michaud,21895,100.0,3,True,michaud m
2012_ME_House-2_REP,REP,Kevin Raye,18703,60.0,4,True,raye k
2012_ME_House-2_REP,REP,Blaine R. Richardson,12465,40.0,4,False,richardson b
2012_MI_House-10_DEM,DEM,Chuck Stadler,13480,58.1,20,True,stadler c
2012_MI_House-10_DEM,DEM,Jerome George Quinn,9705,41.9,20,False,quinn j
2012_MI_House-10_REP,REP,Candice S. Miller,68063,100.0,19,True,miller c
2012_MI_House-11_DEM,DEM,Syed Taj,21953,58.9,22,True,taj s
2012_MI_House-11_DEM,DEM,William F. Roberts,15338,41.1,22,False,roberts w
2012_MI_House-11_REP,REP,Kerry Bentivolio,42470,66.3,21,True,bentivolio k
2012_MI_House-11_REP,REP,Nancy Cassis,21436,33.4,21,False,cassis n
2012_MI_House-11_REP,REP,Drexel Morton,161,0.3,21,False,morton d
2012_MI_House-11_REP,REP,Loren Bennett,14,0.0,21,False,bennett l
2012_MI_House-12_DEM,DEM,John Dingell,41116,78.5,23,True,dingell j
2012_MI_House-12_DEM,DEM,Daniel Marcin,11226,21.5,23,False,marcin d
2012_MI_House-12_REP,REP,Cynthia Kallgren,12028,50.7,24,True,kallgren c
2012_MI_House-12_REP,REP,Karen E. Jacobsen,11670,49.2,24,False,jacobsen k
2012_MI_House-12_REP,REP,Timothy Kachinski,10,0.1,24,False,kachinski t
2012_MI_House-13_DEM,DEM,"John Conyers, Jr.",38371,55.4,25,True,conyers j
2012_MI_House-13_DEM,DEM,Glenn Anderson,12586,18.2,25,False,anderson g
2012_MI_House-13_DEM,DEM,Shanelle Jackson,8708,12.6,25,False,jackson s
2012_MI_House-13_DEM,DEM,Bert Johnson,6928,10.0,25,False,johnson b
2012_MI_House-13_DEM,DEM,John Goci,2664,3.8,25,False,goci j
2012_MI_House-13_REP,REP,Harry Sawicki,8462,100.0,26,True,sawicki h
2012_MI_House-14_DEM,DEM,Gary Peters,41230,47.0,27,True,peters g
2012_MI_House-14_DEM,DEM,Hansen Clarke,30847,35.2,27,False,clarke h
2012_MI_House-14_DEM,DEM,Brenda Lawrence,6928,13.3,27,False,lawrence b
2012_MI_House-14_DEM,DEM,Mary Waters,2919,3.3,27,False,waters m
2012_MI_House-14_DEM,DEM,Bob Costello,1027,1.2,27,False,costello b
2012_MI_House-14_REP,REP,John Hauler,17691,100.0,28,True,hauler j
2012_MI_House-1_DEM,DEM,Gary McDowell,36339,100.0,2,True,mcdowell g
2012_MI_House-1_REP,REP,Dan Benishek,64411,100.0,1,True,benishek d
2012_MI_House-2_DEM,DEM,Willie German Jr.,1813,100.0,4,True,german w
2012_MI_House-2_REP,REP,Bill Huizenga,58170,100.0,3,True,huizenga b
2012_MI_House-3_DEM,DEM,Steve Pestka,13414,59.0,6,True,pestka s
2012_MI_House-3_DEM,DEM,Trevor Thomas,9321,41.0,6,False,thomas t
2012_MI_House-3_REP,REP,Justin Amash,51113,100.0,5,True,amash j
2012_MI_House-3_REP,REP,Steven Lee Butler,16,0.0,5,False,butler s
2012_MI_House-4_DEM,DEM,Debra Friedell Wirth,20519,100.0,8,True,wirth d
2012_MI_House-4_REP,REP,Dave Camp,67028,100.0,7,True,camp d
2012_MI_House-5_DEM,DEM,Dan Kildee,51840,100.0,9,True,kildee d
2012_MI_House-5_REP,REP,Jim Slezak,16951,63.9,10,True,slezak j
2012_MI_House-5_REP,REP,Tom Wassa,9583,36.1,10,False,wassa t
2012_MI_House-6_DEM,DEM,Mike O'Brien,14224,100.0,12,True,obrien m
2012_MI_House-6_REP,REP,Fred Upton,34581,66.3,11,True,upton f
2012_MI_House-6_REP,REP,Jack Hoogendyk,17561,33.7,11,False,hoogendyk j
2012_MI_House-7_DEM,DEM,Kurt Richard Haskell,18812,66.7,14,True,haskell k
2012_MI_House-7_DEM,DEM,Ruben Marquez,9371,33.3,14,False,marquez r
2012_MI_House-7_REP,REP,Tim Walberg,45592,76.0,13,True,walberg t
2012_MI_House-7_REP,REP,Dan Davis,14386,24.0,13,False,davis d
2012_MI_House-8_DEM,DEM,Lance Enderle,29322,100.0,16,True,enderle l
2012_MI_House-8_REP,REP,Mike Rogers,56208,85.7,15,True,rogers m
2012_MI_House-8_REP,REP,Brian Hetrick,6098,9.3,15,False,hetrick b
2012_MI_House-8_REP,REP,Vernon Molnar,3257,5.0,15,False,molnar v
2012_MI_House-9_DEM,DEM,Sander Levin,55198,100.0,17,True,levin s
2012_MI_House-9_REP,REP,Don Volaric,24521,61.6,18,True,volaric d
2012_MI_House-9_REP,REP,Gregory C. Dildilian,15283,38.4,18,False,dildilian g
2012_MN_House-1_REP,REP,Allen Quist,12540,54.1,2,True,quist a
2012_MN_House-1_REP,REP,Mike Parry,10622,45.9,2,False,parry m
2012_MN_House-2_REP,REP,John Kline,15859,85.1,3,True,kline j
2012_MN_House-2_REP,REP,David Gerson,2772,14.9,3,False,gerson d
2012_MN_House-3_REP,REP,Erik Paulsen,18672,90.2,5,True,paulsen e
2012_MN_House-3_REP,REP,John W. Howard III,2032,9.8,5,False,howard j
2012_MN_House-4_REP,REP,Tony Hernandez,6876,64.1,8,True,hernandez t
2012_MN_House-4_REP,REP,Ron Seiford,3856,35.9,8,False,seiford r
2012_MN_House-5_REP,REP,Chris Fields,5966,100.0,11,True,fields c
2012_MN_House-6_REP,REP,Michele Bachmann,14569,80.3,12,True,bachmann m
2012_MN_House-6_REP,REP,Stephen Thompson,2322,12.8,12,False,thompson s
2012_MN_House-6_REP,REP,Aubrey Immelman,1242,6.9,12,False,immelman a
2012_MN_House-8_REP,REP,Chip Cravaack,20471,100.0,14,True,cravaack c
2012_MO_House-1_DEM,DEM,"William Lacy Clay, Jr.",57791,63.3,1,True,clay w
2012_MO_House-1_DEM,DEM,Russ Carnahan,30943,33.9,1,False,carnahan r
2012_MO_House-1_DEM,DEM,Candice Britton,2570,2.8,1,False,britton c
2012_MO_House-1_REP,REP,Robyn Hamlin,9737,57.9,2,True,hamlin r
2012_MO_House-1_REP,REP,Martin D. Baker,7085,42.1,2,False,baker m
2012_MO_House-2_DEM,DEM,Glenn Koenen,7894,28.38,5,True,koenen g
2012_MO_House-2_DEM,DEM,Harold Whitfield,7848,28.22,5,False,whitfield h
2012_MO_House-2_DEM,DEM,George Weber,7541,27.11,5,False,weber g
2012_MO_House-2_DEM,DEM,Marshall Works,4532,16.29,5,False,works m
2012_MO_House-2_REP,REP,Ann Wagner,53583,65.8,4,True,wagner a
2012_MO_House-2_REP,REP,Randy Jotte,18644,22.9,4,False,jotte r
2012_MO_House-2_REP,REP,John Morris,6041,7.4,4,False,morris j
2012_MO_House-2_REP,REP,James O. Baker,3185,3.9,4,False,baker j
2012_MO_House-3_DEM,DEM,Eric C. Mayer,22478,100.0,7,True,mayer e
2012_MO_House-3_REP,REP,Blaine Luetkemeyer,79661,100.0,6,True,luetkemeyer b
2012_MO_House-4_DEM,DEM,Teresa Hensley,24631,100.0,10,True,hensley t
2012_MO_House-4_REP,REP,Vicky Hartzler,71615,84.0,9,True,hartzler v
2012_MO_House-4_REP,REP,Bernie Mowinski,13645,16.0,9,False,mowinski b
2012_MO_House-5_DEM,DEM,Emanuel Cleaver,43712,100.0,12,True,cleaver e
2012_MO_House-5_REP,REP,Jacob Turk,24814,58.9,13,True,turk j
2012_MO_House-5_REP,REP,Jerry Nolte,10734,25.5,13,False,nolte j
2012_MO_House-5_REP,REP,Jason Greene,5067,12.0,13,False,greene j
2012_MO_House-5_REP,REP,Ron Paul Shawd,1542,3.6,13,False,shawd r
2012_MO_House-6_DEM,DEM,Kyle Yarber,10242,32.5,16,True,yarber k
2012_MO_House-6_DEM,DEM,Bill Hedge,8620,27.4,16,False,hedge b
2012_MO_House-6_DEM,DEM,Ronald William Harris,7483,23.8,16,False,harris r
2012_MO_House-6_DEM,DEM,Ted Rights,5118,16.3,16,False,rights t
2012_MO_House-6_REP,REP,Sam Graves,59388,80.3,15,True,graves s
2012_MO_House-6_REP,REP,Christopher Ryan,9945,13.5,15,False,ryan c
2012_MO_House-6_REP,REP,Bob Gough,4598,6.2,15,False,gough b
2012_MO_House-7_DEM,DEM,Jim Evans,14446,100.0,19,True,evans j
2012_MO_House-7_REP,REP,Billy Long,62917,59.7,18,True,long b
2012_MO_House-7_REP,REP,Mike Moon,22860,21.7,18,False,moon m
2012_MO_House-7_REP,REP,Tom Stilson,19666,18.6,18,False,stilson t
2012_MO_House-8_DEM,DEM,Jack Rushin,27839,100.0,22,True,rushin j
2012_MO_House-8_REP,REP,Jo Ann Emerson,61975,67.1,21,True,emerson j
2012_MO_House-8_REP,REP,Bob Parker,30429,32.9,21,False,parker b
2012_MS_House-1_DEM,DEM,Brad Morris,11120,100.0,2,True,morris b
2012_MS_House-1_REP,REP,Alan Nunnelee,43518,57.4,1,True,nunnelee a
2012_MS_House-1_REP,REP,Henry Ross,22067,28.9,1,False,ross h
2012_MS_House-1_REP,REP,Robert Estes,10394,13.7,1,False,estes r
2012_MS_House-2_DEM,DEM,Bennie Thompson,49083,87.45,3,True,thompson b
2012_MS_House-2_DEM,DEM,Heather McTeer,7040,12.55,3,False,mcteer h
2012_MS_House-2_REP,REP,Bill Marcy,26041,100.0,4,True,marcy b
2012_MS_House-3_DEM,DEM,Crystal Biggs,15291,100.0,6,True,biggs c
2012_MS_House-3_REP,REP,Gregg Harper,78735,91.8,5,True,harper g
2012_MS_House-3_REP,REP,Robert Allen,7027,8.2,5,False,allen r
2012_MS_House-4_DEM,DEM,Michael Herrington,8988,83.8,8,True,herrington m
2012_MS_House-4_DEM,DEM,Jason Vitosky,1743,16.2,8,False,vitosky j
2012_MS_House-4_REP,REP,Steven Palazzo,60897,73.9,7,True,palazzo s
2012_MS_House-4_REP,REP,Ron Vincent,15391,18.7,7,False,vincent r
2012_MS_House-4_REP,REP,Cindy Burleson,6100,7.4,7,False,burleson c
2012_MT_House-1_DEM,DEM,Kim Gillan,25077,31.0,2,True,gillan k
2012_MT_House-1_DEM,DEM,Franke Wilmer,14836,18.4,2,False,wilmer f
2012_MT_House-1_DEM,DEM,Diane Smith,12618,15.6,2,False,smith d
2012_MT_House-1_DEM,DEM,Dave Strohmaier,11366,14.1,2,False,strohmaier d
2012_MT_House-1_DEM,DEM,Sam Rankin,9382,11.6,2,False,rankin s
2012_MT_House-1_DEM,DEM,Jason Ward,4959,6.1,2,False,ward j
2012_MT_House-1_DEM,DEM,Rob Stutz,2586,3.2,2,False,stutz r
2012_MT_House-1_REP,REP,Steve Daines,82843,71.2,1,True,daines s
2012_MT_House-1_REP,REP,Eric Brosten,21012,18.1,1,False,brosten e
2012_MT_House-1_REP,REP,Vincent Melkus,12420,10.7,1,False,melkus v
2012_NC_House-10_DEM,DEM,Patsy Keever,36791,57.9,15,True,keever p
2012_NC_House-10_DEM,DEM,Terry Michelle Bellamy,16865,26.5,15,False,bellamy t
2012_NC_House-10_DEM,DEM,Timothy Murphy,9908,15.6,15,False,murphy t
2012_NC_House-10_REP,REP,Patrick McHenry,58844,72.5,14,True,mchenry p
2012_NC_House-10_REP,REP,Ken H. Fortenberry,15936,19.7,14,False,fortenberry k
2012_NC_House-10_REP,REP,Don Peterson,6337,7.8,14,False,peterson d
2012_NC_House-11_DEM,DEM,Hayden Rogers,35518,55.7,16,True,rogers h
2012_NC_House-11_DEM,DEM,Cecil Bothwell,19161,30.1,16,False,bothwell c
2012_NC_House-11_DEM,DEM,Tom Hill,9049,14.2,16,False,hill t
2012_NC_House-11_REP,REP,Mark Meadows,17520,76.2,18,True,meadows m
2012_NC_House-11_REP,REP,Vance Patterson,5471,23.8,18,False,patterson v
2012_NC_House-12_DEM,DEM,Mel Watt,52968,80.9,19,True,watt m
2012_NC_House-12_DEM,DEM,Matt Newton,12495,19.1,19,False,newton m
2012_NC_House-13_DEM,DEM,Charles Malone,45865,66.9,20,True,malone c
2012_NC_House-13_DEM,DEM,Bernard Holliday,22703,33.1,20,False,holliday b
2012_NC_House-13_REP,REP,George Holding,37341,43.5,21,True,holding g
2012_NC_House-13_REP,REP,Paul Coble,29354,34.2,21,False,coble p
2012_NC_House-13_REP,REP,Bill Randall,19119,22.3,21,False,randall b
2012_NC_House-1_DEM,DEM,G. K. Butterfield,89531,81.1,1,True,butterfield g
2012_NC_House-1_DEM,DEM,Daniel-Lynn Whittacre,20822,18.9,1,False,whittacre d
2012_NC_House-2_DEM,DEM,Steve Wilkins,24327,50.7,3,True,wilkins s
2012_NC_House-2_DEM,DEM,Toni Morris,20431,42.6,3,False,morris t
2012_NC_House-2_DEM,DEM,Jim Bibbs,3238,6.7,3,False,bibbs j
2012_NC_House-2_REP,REP,Renee Ellmers,37661,56.0,2,True,ellmers r
2012_NC_House-2_REP,REP,Richard Speer,20099,29.9,2,False,speer r
2012_NC_House-2_REP,REP,Sonya Holmes,6535,9.7,2,False,holmes s
2012_NC_House-2_REP,REP,Clement F. Munno,2982,4.4,2,False,munno c
2012_NC_House-3_REP,REP,Walter B. Jones,42644,69.0,4,True,jones w
2012_NC_House-3_REP,REP,Frank Palombo,19166,31.0,4,False,palombo f
2012_NC_House-4_REP,REP,Tim D'Annunzio,14065,46.4,5,True,dannunzio t
2012_NC_House-4_REP,REP,Jim Allen,10430,34.4,5,False,allen j
2012_NC_House-4_REP,REP,George Frank Hutchins,5811,19.2,5,False,hutchins g
2012_NC_House-5_DEM,DEM,Elisabeth Motsinger,38512,69.7,6,True,motsinger e
2012_NC_House-5_DEM,DEM,Bruce G. Peller,16716,30.3,6,False,peller b
2012_NC_House-6_REP,REP,Howard Coble,50701,57.3,7,True,coble h
2012_NC_House-6_REP,REP,Bill Flynn,19741,22.3,7,False,flynn b
2012_NC_House-6_REP,REP,Billy Yow,18057,20.4,7,False,yow b
2012_NC_House-7_REP,REP,David Rouzer,34647,48.5,8,True,rouzer d
2012_NC_House-7_REP,REP,Ilario Gregory Pantano,31752,44.5,8,False,pantano i
2012_NC_House-7_REP,REP,Randy Crow,5012,7.0,8,False,crow r
2012_NC_House-8_DEM,DEM,Larry Kissell,45987,72.6,9,True,kissell l
2012_NC_House-8_DEM,DEM,Marcus Williams,17393,27.4,9,False,williams m
2012_NC_House-8_REP,REP,Richard Hudson,10699,63.6,11,True,hudson r
2012_NC_House-8_REP,REP,Scott Keadle,6118,36.4,11,False,keadle s
2012_NC_House-9_REP,REP,Robert Pittenger,18982,52.9,13,True,pittenger r
2012_NC_House-9_REP,REP,Jim Pendergraph,16902,47.1,13,False,pendergraph j
2012_ND_House-1_REP,REP,Kevin Cramer,54405,54.4,1,True,cramer k
2012_ND_House-1_REP,REP,Brian Kalk,45415,45.5,1,False,kalk b
2012_NE_House-1_DEM,DEM,Korey Reiman,14804,62.9,2,True,reiman k
2012_NE_House-1_DEM,DEM,Robert Way,8728,37.1,2,False,way r
2012_NE_House-1_REP,REP,Jeff Fortenberry,55658,86.4,1,True,fortenberry j
2012_NE_House-1_REP,REP,Jessica Turek,5255,8.2,1,False,turek j
2012_NE_House-1_REP,REP,Dennis Parker,3511,5.4,1,False,parker d
2012_NE_House-2_DEM,DEM,John Ewing,17954,62.0,4,True,ewing j
2012_NE_House-2_DEM,DEM,Gwen Howard,11009,38.0,4,False,howard g
2012_NE_House-2_REP,REP,Lee Terry,27998,59.5,3,True,terry l
2012_NE_House-2_REP,REP,Brett Lindstrom,10753,22.8,3,False,lindstrom b
2012_NE_House-2_REP,REP,Jack Heidel,5406,11.5,3,False,heidel j
2012_NE_House-2_REP,REP,Glenn Freeman,1885,4.0,3,False,freeman g
2012_NE_House-2_REP,REP,Paul Anderson,1051,2.2,3,False,anderson p
2012_NE_House-3_DEM,DEM,Mark Sullivan,17500,100.0,6,True,sullivan m
2012_NE_House-3_REP,REP,Adrian Smith,62645,81.4,5,True,smith a
2012_NE_House-3_REP,REP,Bob Lingenfelter,14297,18.6,5,False,lingenfelter b
2012_NH_House-1_DEM,DEM,Carol Shea-Porter,38623,99.1,2,True,sheaporter c
2012_NH_House-1_DEM,DEM,Write-ins,358,0.9,2,False,writeins
2012_NH_House-1_REP,REP,Frank Guinta,46979,84.4,1,True,guinta f
2012_NH_House-1_REP,REP,Rick Parent,6923,12.4,1,False,parent r
2012_NH_House-1_REP,REP,Vern Clough,1639,3.0,1,False,clough v
2012_NH_House-1_REP,REP,Write-ins,130,0.2,1,False,writeins
2012_NH_House-2_DEM,DEM,Anne McLane Kuster,40627,99.2,4,True,kuster a
2012_NH_House-2_DEM,DEM,Write-ins,337,0.8,4,False,writeins
2012_NH_House-2_REP,REP,Charles Bass,39605,81.2,3,True,bass c
2012_NH_House-2_REP,REP,Dennis Lamare,4263,8.8,3,False,lamare d
2012_NH_House-2_REP,REP,Will Dean,2129,4.4,3,False,dean w
2012_NH_House-2_REP,REP,Miroslaw Dziedzic,1310,2.7,3,False,dziedzic m
2012_NH_House-2_REP,REP,Gerard Beloin,1127,2.3,3,False,beloin g
2012_NH_House-2_REP,REP,Write-ins,316,0.6,3,False,writeins
2012_NJ_House-10_DEM,DEM,Donald Payne Jr.,36576,59.6,19,True,payne d
2012_NJ_House-10_DEM,DEM,Ronald Rice,11939,19.5,19,False,rice r
2012_NJ_House-10_DEM,DEM,Nia Gill,10207,16.6,19,False,gill n
2012_NJ_House-10_DEM,DEM,Wayne Smith,1356,2.2,19,False,smith w
2012_NJ_House-10_DEM,DEM,Dennis Flynn,779,1.3,19,False,flynn d
2012_NJ_House-10_DEM,DEM,Cathy Wright,501,0.8,19,False,wright c
2012_NJ_House-10_REP,REP,Brian Kelemen,2095,100.0,20,True,kelemen b
2012_NJ_House-11_DEM,DEM,John Arvanites,13387,100.0,22,True,arvanites j
2012_NJ_House-11_REP,REP,Rodney Frelinghuysen,30831,100.0,21,True,frelinghuysen r
2012_NJ_House-12_DEM,DEM,Rush Holt,24339,100.0,23,True,holt r
2012_NJ_House-12_REP,REP,Eric A. Beck,9361,100.0,24,True,beck e
2012_NJ_House-1_DEM,DEM,Rob Andrews,21318,88.4,1,True,andrews r
2012_NJ_House-1_DEM,DEM,Francis Tenaglio,2797,11.6,1,False,tenaglio f
2012_NJ_House-1_REP,REP,Gregory Horton,11189,100.0,2,True,horton g
2012_NJ_House-2_DEM,DEM,Cassandra Shober,9810,64.9,4,True,shober c
2012_NJ_House-2_DEM,DEM,Viola Hughes,3971,26.3,4,False,hughes v
2012_NJ_House-2_DEM,DEM,Gary Stein,1327,8.8,4,False,stein g
2012_NJ_House-2_REP,REP,Frank LoBiondo,20551,87.6,3,True,lobiondo f
2012_NJ_House-2_REP,REP,Mike Assad,2914,12.4,3,False,assad m
2012_NJ_House-3_DEM,DEM,Shelley Adler,15176,100.0,6,True,adler s
2012_NJ_House-3_REP,REP,Jon Runyan,22013,100.0,5,True,runyan j
2012_NJ_House-4_DEM,DEM,Brian Froelich,12110,100.0,8,True,froelich b
2012_NJ_House-4_REP,REP,Chris Smith,21520,83.6,7,True,smith c
2012_NJ_House-4_REP,REP,Terrence McGowan,4209,16.4,7,False,mcgowan t
2012_NJ_House-5_DEM,DEM,Adam Gussen,10208,54.9,10,True,gussen a
2012_NJ_House-5_DEM,DEM,Jason Castle,6448,34.7,10,False,castle j
2012_NJ_House-5_DEM,DEM,Diane Sare,1925,10.4,10,False,sare d
2012_NJ_House-5_REP,REP,Scott Garrett,24709,87.2,9,True,garrett s
2012_NJ_House-5_REP,REP,Michael Cino,2107,7.5,9,False,cino m
2012_NJ_House-5_REP,REP,Bonnie Somer,1511,5.3,9,False,somer b
2012_NJ_House-6_DEM,DEM,Frank Pallone,16593,100.0,11,True,pallone f
2012_NJ_House-6_REP,REP,Anna Little,7692,70.1,12,True,little a
2012_NJ_House-6_REP,REP,Ernesto Cullari,3277,29.9,12,False,cullari e
2012_NJ_House-7_DEM,DEM,Upendra Chivukula,11506,100.0,14,True,chivukula u
2012_NJ_House-7_REP,REP,Leonard Lance,23432,60.6,13,True,lance l
2012_NJ_House-7_REP,REP,David Larsen,15253,39.4,13,False,larsen d
2012_NJ_House-8_DEM,DEM,Albio Sires,30840,89.0,15,True,sires a
2012_NJ_House-8_DEM,DEM,Michael Shurin,3808,11.0,15,False,shurin m
2012_NJ_House-8_REP,REP,Maria Karczewski,2981,100.0,16,True,karczewski m
2012_NJ_House-9_DEM,DEM,Bill Pascrell,31435,61.2,17,True,pascrell b
2012_NJ_House-9_DEM,DEM,Steve Rothman,19947,38.8,17,False,rothman s
2012_NJ_House-9_REP,REP,Shmuley Boteach,5364,57.9,18,True,boteach s
2012_NJ_House-9_REP,REP,Hector Castillo,2623,28.3,18,False,castillo h
2012_NJ_House-9_REP,REP,Blase Billack,1278,13.8,18,False,billack b
2012_NM_House-1_DEM,DEM,Michelle Lujan Grisham,19111,40.1,1,True,grisham m
2012_NM_House-1_DEM,DEM,Eric Griego,16702,35.0,1,False,griego e
2012_NM_House-1_DEM,DEM,Martin Chávez,11895,24.9,1,False,chavez m
2012_NM_House-1_REP,REP,Janice Arnold-Jones,26198,100.0,2,True,arnoldjones j
2012_NM_House-2_DEM,DEM,Evelyn Madrid Erhard,24175,100.0,4,True,erhard e
2012_NM_House-2_REP,REP,Steve Pearce,29911,100.0,3,True,pearce s
2012_NM_House-3_DEM,DEM,Ben R. Luján,53908,100.0,5,True,lujan b
2012_NM_House-3_REP,REP,Jefferson L. Byrd,13055,53.5,6,True,byrd j
2012_NM_House-3_REP,REP,Frederick L. Newton,11340,46.5,6,False,newton f
2012_NV_House-1_REP,REP,Chris Edwards,4786,48.2,1,True,edwards c
2012_NV_House-1_REP,REP,Brian Landsberger,1800,18.1,1,False,landsberger b
2012_NV_House-1_REP,REP,Charmaine Guss,1534,15.5,1,False,guss c
2012_NV_House-1_REP,REP,"Miguel ""Mike"" Rodrigues",1163,11.7,1,False,rodrigues m
2012_NV_House-1_REP,REP,Herb Peters,643,6.5,1,False,peters h
2012_NV_House-2_DEM,DEM,Samuel Koepnick,8865,40.5,2,True,koepnick s
2012_NV_House-2_DEM,DEM,"Xiomara ""Xio"" Rodriguez",7404,33.9,2,False,rodriguez x
2012_NV_House-2_DEM,DEM,Sam Dehne,5604,25.6,2,False,dehne s
2012_NV_House-3_DEM,DEM,John Oceguera,7966,50.4,4,True,oceguera j
2012_NV_House-3_DEM,DEM,Stephen Frye,2659,16.8,4,False,frye s
2012_NV_House-3_DEM,DEM,"Jesse ""Jake"" Holder",2099,13.3,4,False,holder j
2012_NV_House-3_DEM,DEM,Barry Michaels,1346,8.5,4,False,michaels b
2012_NV_House-3_DEM,DEM,"Gerald ""Jerry"" Sakura",989,6.3,4,False,sakura g
2012_NV_House-3_DEM,DEM,James F. Haning II,736,4.7,4,False,haning j
2012_NV_House-3_REP,REP,Joe Heck,20798,90.0,3,True,heck j
2012_NV_House-3_REP,REP,Chris Dyer,2298,10.0,3,False,dyer c
2012_NV_House-4_REP,REP,Danny Tarkanian,7605,31.5,5,True,tarkanian d
2012_NV_House-4_REP,REP,Barbara Cegavske,6674,27.7,5,False,cegavske b
2012_NV_House-4_REP,REP,Kenneth Wegner,5069,21.0,5,False,wegner k
2012_NV_House-4_REP,REP,Dan Schwartz,2728,11.3,5,False,schwartz d
2012_NV_House-4_REP,REP,Kiran Hill,666,2.8,5,False,hill k
2012_NV_House-4_REP,REP,Diana Anderson,607,2.5,5,False,anderson d
2012_NV_House-4_REP,REP,Mike Delarosa,370,1.5,5,False,delarosa m
2012_NV_House-4_REP,REP,Sid Zeller,252,1.0,5,False,zeller s
2012_NV_House-4_REP,REP,Robert X. Leeds,165,0.7,5,False,leeds r
2012_NY_House-13_DEM,DEM,Charlie Rangel,19187,44.4,9,True,rangel c
2012_NY_House-13_DEM,DEM,Adriano Espaillat,18101,41.9,9,False,espaillat a
2012_NY_House-13_DEM,DEM,Clyde Williams,4266,9.9,9,False,williams c
2012_NY_House-13_DEM,DEM,Joyce Johnson,1018,2.4,9,False,johnson j
2012_NY_House-13_DEM,DEM,Craig Schley,598,1.4,9,False,schley c
2012_NY_House-16_DEM,DEM,Eliot Engel,12856,87.3,10,True,engel e
2012_NY_House-16_DEM,DEM,Aniello Grimaldi,1864,12.7,10,False,grimaldi a
2012_NY_House-17_REP,REP,Joe Carvin,4225,64.7,11,True,carvin j
2012_NY_House-17_REP,REP,Jim Russell,2307,35.3,11,False,russell j
2012_NY_House-18_DEM,DEM,Sean Patrick Maloney,7493,48.3,12,True,maloney s
2012_NY_House-18_DEM,DEM,Richard H. Becker,5036,32.4,12,False,becker r
2012_NY_House-18_DEM,DEM,Matthew C. Alexander,1857,12.0,12,False,alexander m
2012_NY_House-18_DEM,DEM,Duane Jackson,780,5.0,12,False,jackson d
2012_NY_House-18_DEM,DEM,Thomas Wilson,356,2.3,12,False,wilson t
2012_NY_House-19_DEM,DEM,Julian Schreibman,6653,58.8,13,True,schreibman j
2012_NY_House-19_DEM,DEM,Joel Tyner,4657,41.2,13,False,tyner j
2012_NY_House-1_REP,REP,Randy Altschuler,7394,86.4,1,True,altschuler r
2012_NY_House-1_REP,REP,George Demos,1166,13.6,1,False,demos g
2012_NY_House-21_REP,REP,Matthew A. Doheny,9331,70.8,14,True,doheny m
2012_NY_House-21_REP,REP,Kellie A. Greene,3847,29.2,14,False,greene k
2012_NY_House-22_REP,REP,Richard L. Hanna,10627,71.1,15,True,hanna r
2012_NY_House-22_REP,REP,Michael Kicinski,4314,28.9,15,False,kicinski m
2012_NY_House-23_DEM,DEM,Nate Shinagawa,6162,53.9,16,True,shinagawa n
2012_NY_House-23_DEM,DEM,Leslie Danks Burke,4246,37.1,16,False,burke l
2012_NY_House-23_DEM,DEM,Melissa K. Dobson,1033,9.0,16,False,dobson m
2012_NY_House-27_REP,REP,Chris Collins,11677,59.9,17,True,collins c
2012_NY_House-27_REP,REP,David Bellavia,7830,40.1,17,False,bellavia d
2012_NY_House-4_REP,REP,Fran Becker,6357,55.1,2,True,becker f
2012_NY_House-4_REP,REP,Frank Scaturro,5175,44.9,2,False,scaturro f
2012_NY_House-5_DEM,DEM,Gregory Meeks,9920,66.5,4,True,meeks g
2012_NY_House-5_DEM,DEM,Alan Jennings,1972,13.2,4,False,jennings a
2012_NY_House-5_DEM,DEM,Michael Scala,1694,11.4,4,False,scala m
2012_NY_House-5_DEM,DEM,Joseph Marthone,1327,8.9,4,False,marthone j
2012_NY_House-6_DEM,DEM,Grace Meng,14825,53.0,5,True,meng g
2012_NY_House-6_DEM,DEM,Rory Lancman,7089,25.3,5,False,lancman r
2012_NY_House-6_DEM,DEM,Elizabeth Crowley,4606,16.5,5,False,crowley e
2012_NY_House-6_DEM,DEM,Robert Mittman,1462,5.2,5,False,mittman r
2012_NY_House-7_DEM,DEM,Nydia Velazquez,17208,57.9,6,True,velazquez n
2012_NY_House-7_DEM,DEM,Erik Dilan,10408,35.0,6,False,dilan e
2012_NY_House-7_DEM,DEM,Daniel O'Connor,1351,4.6,6,False,oconnor d
2012_NY_House-7_DEM,DEM,George Martinez,745,2.5,6,False,martinez g
2012_NY_House-8_DEM,DEM,Hakeem Jeffries,28271,71.8,7,True,jeffries h
2012_NY_House-8_DEM,DEM,Charles Barron,11130,28.2,7,False,barron c
2012_NY_House-9_DEM,DEM,Yvette Clarke,15069,88.3,8,True,clarke y
2012_NY_House-9_DEM,DEM,Sylvia Kinard,1993,11.7,8,False,kinard s
2012_OH_House-10_DEM,DEM,Sharen Neuhardt,7705,35.7,26,True,neuhardt s
2012_OH_House-10_DEM,DEM,Olivia Freeman,5530,25.6,26,False,freeman o
2012_OH_House-10_DEM,DEM,David Esrati,2952,13.7,26,False,esrati d
2012_OH_House-10_DEM,DEM,Tom McMasters,2212,10.2,26,False,mcmasters t
2012_OH_House-10_DEM,DEM,Ryan Steele,1644,7.6,26,False,steele r
2012_OH_House-10_DEM,DEM,Mack VanAllen,1530,7.1,26,False,vanallen m
2012_OH_House-10_REP,REP,Mike Turner,65574,80.1,25,True,turner m
2012_OH_House-10_REP,REP,John D. Anderson,14435,17.6,25,False,anderson j
2012_OH_House-10_REP,REP,Edward Breen,1839,2.3,25,False,breen e
2012_OH_House-11_DEM,DEM,Marcia Fudge,65333,89.4,28,True,fudge m
2012_OH_House-11_DEM,DEM,Gerald Carver Henley,4570,6.3,28,False,henley g
2012_OH_House-11_DEM,DEM,Isaac Powell,3169,4.3,28,False,powell i
2012_OH_House-12_DEM,DEM,Jim Reese,14312,69.9,30,True,reese j
2012_OH_House-12_DEM,DEM,Doug Litt,6165,30.1,30,False,litt d
2012_OH_House-12_REP,REP,Pat Tiberi,72560,77.9,29,True,tiberi p
2012_OH_House-12_REP,REP,Bill Yarbrough,20610,22.1,29,False,yarbrough b
2012_OH_House-13_DEM,DEM,Tim Ryan,56670,100.0,31,True,ryan t
2012_OH_House-13_REP,REP,Marisha Agana,27754,100.0,32,True,agana m
2012_OH_House-14_DEM,DEM,Dale Blanchard,29508,100.0,34,True,blanchard d
2012_OH_House-14_REP,REP,Steve LaTourette,69551,100.0,33,True,latourette s
2012_OH_House-15_DEM,DEM,Pat Lang,16483,56.7,38,True,lang p
2012_OH_House-15_DEM,DEM,Scott Wharton,12599,43.3,38,False,wharton s
2012_OH_House-15_REP,REP,Steve Stivers,70191,89.3,37,True,stivers s
2012_OH_House-15_REP,REP,Charles S. Chope,8404,10.7,37,False,chope c
2012_OH_House-16_DEM,DEM,Betty Sutton,37232,100.0,40,True,sutton b
2012_OH_House-16_REP,REP,Jim Renacci,66487,100.0,39,True,renacci j
2012_OH_House-1_DEM,DEM,Jeff Sinnard,4561,50.3,2,True,sinnard j
2012_OH_House-1_DEM,DEM,Malcom Kantzler,4505,49.7,2,False,kantzler m
2012_OH_House-1_REP,REP,Steve Chabot,57496,100.0,1,True,chabot s
2012_OH_House-2_DEM,DEM,William R. Smith,10175,50.1,6,True,smith w
2012_OH_House-2_DEM,DEM,David Krikorian,10114,49.9,6,False,krikorian d
2012_OH_House-2_REP,REP,Brad Wenstrup,42482,48.7,5,True,wenstrup b
2012_OH_House-2_REP,REP,Jean Schmidt,37383,43.0,5,False,schmidt j
2012_OH_House-2_REP,REP,Tony Brush,4275,4.9,5,False,brush t
2012_OH_House-2_REP,REP,Fred Kundrata,2999,3.4,5,False,kundrata f
2012_OH_House-2_REP,REP,Joe Green,29,0.0,5,False,green j
2012_OH_House-3_DEM,DEM,Joyce Beatty,15848,38.3,7,True,beatty j
2012_OH_House-3_DEM,DEM,Mary Jo Kilroy,14369,34.8,7,False,kilroy m
2012_OH_House-3_DEM,DEM,Priscilla Tyson,6244,15.1,7,False,tyson p
2012_OH_House-3_DEM,DEM,Ted Celeste,4895,11.8,7,False,celeste t
2012_OH_House-3_REP,REP,Chris Long,16711,57.5,8,True,long c
2012_OH_House-3_REP,REP,John Adams,12335,42.5,8,False,adams j
2012_OH_House-4_DEM,DEM,Jim Slone,23341,100.0,12,True,slone j
2012_OH_House-4_REP,REP,Jim Jordan,70470,100.0,11,True,jordan j
2012_OH_House-5_DEM,DEM,Angela Zimmann,25530,100.0,15,True,zimmann a
2012_OH_House-5_REP,REP,Bob Latta,76477,82.6,14,True,latta b
2012_OH_House-5_REP,REP,Robert Wallis,16135,17.4,14,False,wallis r
2012_OH_House-6_DEM,DEM,Charlie Wilson,37374,82.2,18,True,wilson c
2012_OH_House-6_DEM,DEM,Cas Adulewicz,8117,17.8,18,False,adulewicz c
2012_OH_House-6_REP,REP,Bill Johnson,56905,83.9,17,True,johnson b
2012_OH_House-6_REP,REP,Victor Smith,10888,16.1,17,False,smith v
2012_OH_House-7_DEM,DEM,Joyce Healy-Abrams,22486,100.0,20,True,healyabrams j
2012_OH_House-7_REP,REP,Bob Gibbs,54067,79.9,19,True,gibbs b
2012_OH_House-7_REP,REP,Hombre Liggett,13621,20.1,19,False,liggett h
2012_OH_House-8_REP,REP,John Boehner,71120,83.8,21,True,boehner j
2012_OH_House-8_REP,REP,David Lewis,13733,16.2,21,False,lewis d
2012_OH_House-9_DEM,DEM,Marcy Kaptur,42902,56.2,22,True,kaptur m
2012_OH_House-9_DEM,DEM,Dennis Kucinich,30564,40.0,22,False,kucinich d
2012_OH_House-9_DEM,DEM,Graham Vesysey,2900,3.8,22,False,vesysey g
2012_OH_House-9_REP,REP,Samuel Wurzelbacher,15166,51.4,23,True,wurzelbacher s
2012_OH_House-9_REP,REP,Steven Kraus,14323,48.6,23,False,kraus s
2012_OK_House-1_REP,REP,Jim Bridenstine,28055,53.8,1,True,bridenstine j
2012_OK_House-1_REP,REP,John Sullivan,24058,46.2,1,False,sullivan j
2012_OK_House-2_DEM,DEM,Rob Wallace,25105,57.0,3,True,wallace r
2012_OK_House-2_DEM,DEM,Wayne Herriman,18926,43.0,3,False,herriman w
2012_OK_House-2_REP,REP,Markwayne Mullin,12059,56.8,5,True,mullin m
2012_OK_House-2_REP,REP,George Faught,9167,43.2,5,False,faught g
2012_OK_House-3_DEM,DEM,Timothy Ray Murray,9252,52.3,7,True,murray t
2012_OK_House-3_DEM,DEM,Frankie Robbins,8429,47.7,7,False,robbins f
2012_OK_House-3_REP,REP,Frank Lucas,33454,88.2,6,True,lucas f
2012_OK_House-3_REP,REP,William Craig Stump,4492,11.8,6,False,stump w
2012_OK_House-4_DEM,DEM,Donna Marie Bebo,11935,58.3,9,True,bebo d
2012_OK_House-4_DEM,DEM,Bert Smith,8532,41.7,9,False,smith b
2012_OK_House-4_REP,REP,Tom Cole,22840,87.7,8,True,cole t
2012_OK_House-4_REP,REP,Gary D. Caissie,3195,12.3,8,False,caissie g
2012_OR_House-1_DEM,DEM,Suzanne Bonamici,57146,98.9,1,True,bonamici s
2012_OR_House-1_DEM,DEM,Write-ins,608,1.1,1,False,writeins
2012_OR_House-1_REP,REP,Delinda Morgan,18996,56.4,2,True,morgan d
2012_OR_House-1_REP,REP,Lisa Michaels,14274,42.3,2,False,michaels l
2012_OR_House-1_REP,REP,Write-ins,447,1.3,2,False,writeins
2012_OR_House-2_DEM,DEM,Joyce Segers,31157,76.5,4,True,segers j
2012_OR_House-2_DEM,DEM,John Sweeney,8825,21.7,4,False,sweeney j
2012_OR_House-2_DEM,DEM,Write-ins,751,1.8,4,False,writeins
2012_OR_House-2_REP,REP,Greg Walden,77498,99.3,3,True,walden g
2012_OR_House-2_REP,REP,Write-ins,581,0.7,3,False,writeins
2012_OR_House-3_DEM,DEM,Earl Blumenauer,84628,98.9,5,True,blumenauer e
2012_OR_House-3_DEM,DEM,Write-ins,969,1.1,5,False,writeins
2012_OR_House-3_REP,REP,Ronald Green,14844,63.2,6,True,green r
2012_OR_House-3_REP,REP,Delia Lopez,8237,35.0,6,False,lopez d
2012_OR_House-3_REP,REP,Write-ins,424,1.8,6,False,writeins
2012_OR_House-4_DEM,DEM,Peter DeFazio,69864,89.9,7,True,defazio p
2012_OR_House-4_DEM,DEM,Matthew Robinson,7665,9.8,7,False,robinson m
2012_OR_House-4_DEM,DEM,Write-ins,212,0.3,7,False,writeins
2012_OR_House-4_REP,REP,Art Robinson,50090,97.3,8,True,robinson a
2012_OR_House-4_REP,REP,Write-ins,1414,2.7,8,False,writeins
2012_OR_House-5_DEM,DEM,Kurt Schrader,51652,98.5,9,True,schrader k
2012_OR_House-5_DEM,DEM,Write-ins,805,1.5,9,False,writeins
2012_OR_House-5_REP,REP,Fred Thompson,33448,67.0,10,True,thompson f
2012_OR_House-5_REP,REP,Karen Bowerman,16174,32.4,10,False,bowerman k
2012_OR_House-5_REP,REP,Write-ins,320,0.6,10,False,writeins
2012_PA_House-10_DEM,DEM,Philip Scollo,19291,100.0,19,True,scollo p
2012_PA_House-10_REP,REP,Thomas Marino,51373,100.0,18,True,marino t
2012_PA_House-11_DEM,DEM,Gene Stilp,18716,54.5,21,True,stilp g
2012_PA_House-11_DEM,DEM,Bill Vinsko,15609,45.5,21,False,vinsko b
2012_PA_House-11_REP,REP,Lou Barletta,49511,100.0,20,True,barletta l
2012_PA_House-12_DEM,DEM,Mark Critz,32384,51.2,22,True,critz m
2012_PA_House-12_DEM,DEM,Jason Altmire,30895,48.8,22,False,altmire j
2012_PA_House-12_REP,REP,Keith Rothfus,44360,100.0,23,True,rothfus k
2012_PA_House-13_DEM,DEM,Allyson Schwartz,36756,100.0,24,True,schwartz a
2012_PA_House-13_REP,REP,Joseph James Rooney,21644,100.0,25,True,rooney j
2012_PA_House-14_DEM,DEM,Michael F. Doyle,50323,80.1,26,True,doyle m
2012_PA_House-14_DEM,DEM,Janis Brooks,12484,19.9,26,False,brooks j
2012_PA_House-14_REP,REP,Hans Lessmann,15936,100.0,27,True,lessmann h
2012_PA_House-15_DEM,DEM,Rick Daugherty,14623,58.8,29,True,daugherty r
2012_PA_House-15_DEM,DEM,Jackson Eaton,10265,41.2,29,False,eaton j
2012_PA_House-15_REP,REP,Charles Dent,38651,100.0,28,True,dent c
2012_PA_House-16_DEM,DEM,Aryanna C. Strader,15839,100.0,31,True,strader a
2012_PA_House-16_REP,REP,Joseph R. Pitts,44110,100.0,30,True,pitts j
2012_PA_House-17_DEM,DEM,Matt Cartwright,33255,57.1,32,True,cartwright m
2012_PA_House-17_DEM,DEM,Tim Holden,24953,42.9,32,False,holden t
2012_PA_House-17_REP,REP,Laureen A. Cummings,26953,100.0,33,True,cummings l
2012_PA_House-18_DEM,DEM,Larry Maggi,39096,100.0,35,True,maggi l
2012_PA_House-18_REP,REP,Timothy F. Murphy,32854,63.4,34,True,murphy t
2012_PA_House-18_REP,REP,Evan Feinberg,18937,36.6,34,False,feinberg e
2012_PA_House-1_DEM,DEM,Bob Brady,42744,100.0,1,True,brady b
2012_PA_House-1_REP,REP,John Featherman,10288,100.0,2,True,featherman j
2012_PA_House-2_DEM,DEM,Chaka Fattah,87620,100.0,3,True,fattah c
2012_PA_House-2_REP,REP,"Robert Allen Mansfield, Jr.",5562,100.0,4,True,mansfield r
2012_PA_House-3_DEM,DEM,Missa Eaton,28355,100.0,6,True,eaton m
2012_PA_House-3_REP,REP,Mike Kelly,46382,100.0,5,True,kelly m
2012_PA_House-4_DEM,DEM,Harry Perkinson,14188,56.0,8,True,perkinson h
2012_PA_House-4_DEM,DEM,Ken Lee,11134,44.0,8,False,lee k
2012_PA_House-4_REP,REP,Scott Perry,34881,53.5,7,True,perry s
2012_PA_House-4_REP,REP,Christopher Reilly,12143,18.6,7,False,reilly c
2012_PA_House-4_REP,REP,Sean Summers,9316,14.3,7,False,summers s
2012_PA_House-4_REP,REP,Theodore Waga,3086,4.7,7,False,waga t
2012_PA_House-4_REP,REP,Eric Robert Martin,2159,3.3,7,False,martin e
2012_PA_House-4_REP,REP,Mark Swomley,2150,3.3,7,False,swomley m
2012_PA_House-4_REP,REP,Kevin Downs,1451,2.2,7,False,downs k
2012_PA_House-5_DEM,DEM,Charles Dumas,25252,100.0,10,True,dumas c
2012_PA_House-5_REP,REP,Glenn Thompson,49941,100.0,9,True,thompson g
2012_PA_House-6_DEM,DEM,Manan M. Trivedi,20037,100.0,12,True,trivedi m
2012_PA_House-6_REP,REP,Jim Gerlach,45206,100.0,11,True,gerlach j
2012_PA_House-7_DEM,DEM,George Badey,20075,100.0,14,True,badey g
2012_PA_House-7_REP,REP,Patrick L. Meehan,55387,100.0,13,True,meehan p
2012_PA_House-8_DEM,DEM,Kathy Boockvar,25595,100.0,16,True,boockvar k
2012_PA_House-8_REP,REP,Mike Fitzpatrick,42395,100.0,15,True,fitzpatrick m
2012_PA_House-9_REP,REP,Bill Shuster,41735,100.0,17,True,shuster b
2012_RI_House-1_DEM,DEM,David Cicilline,30203,62.1,1,True,cicilline d
2012_RI_House-1_DEM,DEM,Anthony P. Gemma,14702,30.2,1,False,gemma a
2012_RI_House-1_DEM,DEM,Christopher F. Young,3701,7.6,1,False,young c
2012_RI_House-2_DEM,DEM,James Langevin,22161,74.1,2,True,langevin j
2012_RI_House-2_DEM,DEM,John O. Matson,7748,25.9,2,False,matson j
2012_RI_House-2_REP,REP,Michael G. Riley,5283,65.6,3,True,riley m
2012_RI_House-2_REP,REP,Kara D. Russo,1488,18.5,3,False,russo k
2012_RI_House-2_REP,REP,Michael J. Gardiner,825,10.2,3,False,gardiner m
2012_RI_House-2_REP,REP,Donald F. Robbio,454,4.6,3,False,robbio d
2012_SC_House-2_REP,REP,Joe Wilson,23062,80.6,1,True,wilson j
2012_SC_House-2_REP,REP,Phil Black,5557,19.4,1,False,black p
2012_SC_House-3_DEM,DEM,Brian Doyle,4782,66.0,2,True,doyle b
2012_SC_House-3_DEM,DEM,Cason Gaither,2464,34.0,2,False,gaither c
2012_SC_House-4_DEM,DEM,Deb Morrow,3678,70.6,3,True,morrow d
2012_SC_House-4_DEM,DEM,Jimmy Tobias,1528,29.4,3,False,tobias j
2012_SC_House-7_DEM,DEM,Gloria Tinubu,17930,72.7,5,True,tinubu g
2012_SC_House-7_DEM,DEM,Preston Brittain,6733,27.3,5,False,brittain p
2012_SC_House-7_REP,REP,Tom Rice,16844,56.1,7,True,rice t
2012_SC_House-7_REP,REP,Andre Bauer,13173,43.9,7,False,bauer a
2012_SD_House-1_DEM,DEM,Matt Varilek,21759,71.9,1,True,varilek m
2012_SD_House-1_DEM,DEM,Jeff Barth,8494,28.1,1,False,barth j
2012_TN_House-1_DEM,DEM,Alan Woodruff,5687,100.0,2,True,woodruff a
2012_TN_House-1_REP,REP,Phil Roe,53490,100.0,1,True,roe p
2012_TN_House-2_DEM,DEM,Troy Goodale,5617,100.0,4,True,goodale t
2012_TN_House-2_REP,REP,"John J. Duncan, Jr.",36335,83.4,3,True,duncan j
2012_TN_House-2_REP,REP,"Joseph Leinweber, Jr.",3919,9.0,3,False,leinweber j
2012_TN_House-2_REP,REP,Nick Ciparro,3317,7.6,3,False,ciparro n
2012_TN_House-3_DEM,DEM,Mary Headrick,14915,67.0,6,True,headrick m
2012_TN_House-3_DEM,DEM,Bill Taylor,7343,33.0,6,False,taylor b
2012_TN_House-3_REP,REP,Chuck Fleischmann,29947,39.1,5,True,fleischmann c
2012_TN_House-3_REP,REP,Scottie Mayfield,23779,31.0,5,False,mayfield s
2012_TN_House-3_REP,REP,Weston Wamp,21997,28.7,5,False,wamp w
2012_TN_House-3_REP,REP,Ron Bhalla,926,1.2,5,False,bhalla r
2012_TN_House-4_DEM,DEM,Eric Stewart,17378,100.0,8,True,stewart e
2012_TN_House-4_REP,REP,Scott DesJarlais,36088,76.76,7,True,desjarlais s
2012_TN_House-4_REP,REP,Shannon Kelley,10927,23.24,7,False,kelley s
2012_TN_House-5_DEM,DEM,Jim Cooper,28110,100.0,9,True,cooper j
2012_TN_House-5_REP,REP,Brad Staats,5462,26.4,10,True,staats b
2012_TN_House-5_REP,REP,Bob Ries,5422,26.2,10,False,ries b
2012_TN_House-5_REP,REP,John Smith,4200,20.3,10,False,smith j
2012_TN_House-5_REP,REP,Justin Jones,3381,16.4,10,False,jones j
2012_TN_House-5_REP,REP,Tracey Tarum,2212,10.7,10,False,tarum t
2012_TN_House-6_REP,REP,Diane Black,44949,69.4,11,True,black d
2012_TN_House-6_REP,REP,Lou Ann Zelenik,19836,30.6,11,False,zelenik l
2012_TN_House-7_DEM,DEM,Credo Amouzouvik,10436,100.0,13,True,amouzouvik c
2012_TN_House-7_REP,REP,Marsha Blackburn,41524,100.0,12,True,blackburn m
2012_TN_House-8_DEM,DEM,Timothy Dixon,6951,37.9,15,True,dixon t
2012_TN_House-8_DEM,DEM,John Bradley,6771,36.9,15,False,bradley j
2012_TN_House-8_DEM,DEM,Christa Stoscheck,4621,25.2,15,False,stoscheck c
2012_TN_House-8_REP,REP,Stephen Fincher,60355,86.7,14,True,fincher s
2012_TN_House-8_REP,REP,Annette Justice,9288,13.3,14,False,justice a
2012_TN_House-9_DEM,DEM,Steve Cohen,49585,89.3,16,True,cohen s
2012_TN_House-9_DEM,DEM,Tomeka Hart,5944,10.7,16,False,hart t
2012_TN_House-9_REP,REP,George Flinn,11748,63.9,17,True,flinn g
2012_TN_House-9_REP,REP,Charlotte Bergmann,4398,23.9,17,False,bergmann c
2012_TN_House-9_REP,REP,Rollin Stooksberry,1858,10.1,17,False,stooksberry r
2012_TN_House-9_REP,REP,Ernest Lunati,368,2.0,17,False,lunati e
2012_TX_House-10_DEM,DEM,Tawana Walter-Cadien,8061,56.65,19,True,waltercadien t
2012_TX_House-10_DEM,DEM,"William E. Miller, Jr.",6169,43.35,19,False,miller w
2012_TX_House-10_REP,REP,Michael McCaul,39543,83.8,18,True,mccaul m
2012_TX_House-10_REP,REP,Eddie Traylor,7664,16.2,18,False,traylor e
2012_TX_House-11_DEM,DEM,Jim Riley,4322,100.0,21,True,riley j
2012_TX_House-11_REP,REP,Mike Conaway,48581,70.4,20,True,conaway m
2012_TX_House-11_REP,REP,Chris Younts,12917,18.7,20,False,younts c
2012_TX_House-11_REP,REP,Wade Brown,7547,10.9,20,False,brown w
2012_TX_House-12_DEM,DEM,Dave Robinson,6530,100.0,23,True,robinson d
2012_TX_House-12_REP,REP,Kay Granger,34828,80.2,22,True,granger k
2012_TX_House-12_REP,REP,Bill Lawrence,8611,19.8,22,False,lawrence b
2012_TX_House-13_REP,REP,Mac Thornberry,47051,77.5,24,True,thornberry m
2012_TX_House-13_REP,REP,Pam Barlow,13637,22.5,24,False,barlow p
2012_TX_House-14_DEM,DEM,Nick Lampson,18500,83.2,26,True,lampson n
2012_TX_House-14_DEM,DEM,Linda Dailey,3724,16.8,26,False,dailey l
2012_TX_House-14_REP,REP,Randy Weber,23212,62.77,25,True,weber r
2012_TX_House-14_REP,REP,Felicia Harris,13765,37.23,25,False,harris f
2012_TX_House-15_DEM,DEM,Rubén Hinojosa,29397,71.2,27,True,hinojosa r
2012_TX_House-15_DEM,DEM,David Cantu,5008,12.1,27,False,cantu d
2012_TX_House-15_DEM,DEM,Jane Cross,4208,10.2,27,False,cross j
2012_TX_House-15_DEM,DEM,Ruben Ramon Ramirez,2012,4.9,27,False,ramirez r
2012_TX_House-15_DEM,DEM,Johnny Partain,687,1.7,27,False,partain j
2012_TX_House-15_REP,REP,Dale Brueggemann,6403,57.3,28,True,brueggemann d
2012_TX_House-15_REP,REP,Eddie Zamora,4771,42.7,28,False,zamora e
2012_TX_House-16_DEM,DEM,Beto O'Rourke,23261,50.5,29,True,orourke b
2012_TX_House-16_DEM,DEM,Silvestre Reyes,20440,44.4,29,False,reyes s
2012_TX_House-16_DEM,DEM,Jerome Tilghman,1270,2.8,29,False,tilghman j
2012_TX_House-16_DEM,DEM,Ben E. Mendoza,701,1.5,29,False,mendoza b
2012_TX_House-16_DEM,DEM,"Paul Johnson, Jr.",419,0.9,29,False,johnson p
2012_TX_House-16_REP,REP,Barbara Carrasco,5268,58.9,30,True,carrasco b
2012_TX_House-16_REP,REP,Corey Dean Roen,3681,41.1,30,False,roen c
2012_TX_House-17_REP,REP,Bill Flores,41449,82.5,31,True,flores b
2012_TX_House-17_REP,REP,George W. Hindman,8790,17.5,31,False,hindman g
2012_TX_House-18_DEM,DEM,Sheila Jackson Lee,21171,100.0,32,True,lee s
2012_TX_House-18_REP,REP,Sean Seibert,7493,100.0,33,True,seibert s
2012_TX_House-19_REP,REP,Randy Neugebauer,45444,74.3,34,True,neugebauer r
2012_TX_House-19_REP,REP,Chris Winn,15707,25.7,34,False,winn c
2012_TX_House-1_DEM,DEM,Shirley McKellar,8207,100.0,2,True,mckellar s
2012_TX_House-1_REP,REP,Louie Gohmert,67705,100.0,1,True,gohmert l
2012_TX_House-20_DEM,DEM,Joaquín Castro,16562,100.0,35,True,castro j
2012_TX_House-20_REP,REP,David Rosa,9582,100.0,36,True,rosa d
2012_TX_House-21_DEM,DEM,Candace Duvál,9522,61.1,38,True,duval c
2012_TX_House-21_DEM,DEM,Daniel Boone,6070,38.9,38,False,boone d
2012_TX_House-21_REP,REP,Lamar Smith,52404,76.6,37,True,smith l
2012_TX_House-21_REP,REP,Richard Mack,10111,14.8,37,False,mack r
2012_TX_House-21_REP,REP,Richard Morgan,5868,8.6,37,False,morgan r
2012_TX_House-22_DEM,DEM,Kesha Rogers,3666,50.7,40,True,rogers k
2012_TX_House-22_DEM,DEM,KP George,3563,49.3,40,False,george k
2012_TX_House-22_REP,REP,Pete Olson,35838,76.5,39,True,olson p
2012_TX_House-22_REP,REP,Barbara Carlson,11019,23.5,39,False,carlson b
2012_TX_House-23_DEM,DEM,Ciro Rodriguez,18237,46.0,42,True,rodriguez c
2012_TX_House-23_DEM,DEM,Pete Gallego,16202,40.8,42,False,gallego p
2012_TX_House-23_DEM,DEM,John Bustamante,5240,13.2,42,False,bustamante j
2012_TX_House-23_REP,REP,Quico Canseco,17438,100.0,41,True,canseco q
2012_TX_House-24_DEM,DEM,Tim Rusk,5267,100.0,44,True,rusk t
2012_TX_House-24_REP,REP,Kenny Marchant,27926,67.9,43,True,marchant k
2012_TX_House-24_REP,REP,Grant Stinchfield,13184,32.1,43,False,stinchfield g
2012_TX_House-25_DEM,DEM,Elaine Henderson,13465,100.0,46,True,henderson e
2012_TX_House-25_REP,REP,Roger Williams,26495,58.0,45,True,williams r
2012_TX_House-25_REP,REP,Wes Riddle,19210,42.0,45,False,riddle w
2012_TX_House-26_DEM,DEM,David Sanchez,3682,100.0,48,True,sanchez d
2012_TX_House-26_REP,REP,Michael Burgess,33605,100.0,47,True,burgess m
2012_TX_House-27_DEM,DEM,Jerry Trevino,8231,39.8,50,True,trevino j
2012_TX_House-27_DEM,DEM,Rose Meza Harrison,7024,60.6,50,False,harrison r
2012_TX_House-27_DEM,DEM,Ronnie McDonald,5682,27.5,50,False,mcdonald r
2012_TX_House-27_DEM,DEM,Murphy Alade Junaid,432,2.1,50,False,junaid m
2012_TX_House-27_REP,REP,Blake Farenthold,28058,70.8,49,True,farenthold b
2012_TX_House-27_REP,REP,Trey Roberts,4653,11.7,49,False,roberts t
2012_TX_House-27_REP,REP,Don Al Middlebrook,3676,9.3,49,False,middlebrook d
2012_TX_House-27_REP,REP,John Grunwald,3256,8.2,49,False,grunwald j
2012_TX_House-28_DEM,DEM,Henry Cuellar,35350,100.0,51,True,cuellar h
2012_TX_House-28_REP,REP,William Hayward,9710,100.0,52,True,hayward w
2012_TX_House-29_DEM,DEM,Gene Green,10667,100.0,53,True,green g
2012_TX_House-2_DEM,DEM,Jim Dougherty,6676,100.0,4,True,dougherty j
2012_TX_House-2_REP,REP,Ted Poe,39336,100.0,3,True,poe t
2012_TX_House-30_DEM,DEM,Eddie Bernice Johnson,23346,70.1,54,True,johnson e
2012_TX_House-30_DEM,DEM,Barbara Mallory Caraway,5996,18.0,54,False,caraway b
2012_TX_House-30_DEM,DEM,Taj Clayton,3981,12.0,54,False,clayton t
2012_TX_House-30_REP,REP,"Travis Washington, Jr.",6260,100.0,55,True,washington t
2012_TX_House-31_DEM,DEM,Stephen Wyman,5864,100.0,57,True,wyman s
2012_TX_House-31_REP,REP,John Carter,32917,76.0,56,True,carter j
2012_TX_House-31_REP,REP,Eric Klingemann,10400,24.0,56,False,klingemann e
2012_TX_House-32_DEM,DEM,Katherine Savers McGovern,7301,84.2,59,True,mcgovern k
2012_TX_House-32_DEM,DEM,Walter Hofheinz,1370,15.8,59,False,hofheinz w
2012_TX_House-32_REP,REP,Pete Sessions,29523,100.0,58,True,sessions p
2012_TX_House-33_DEM,DEM,Marc Veasey,10766,52.72,60,True,veasey m
2012_TX_House-33_DEM,DEM,Domingo Garcia,9653,47.27,60,False,garcia d
2012_TX_House-33_REP,REP,Chuck Bradley,3706,63.78,61,True,bradley c
2012_TX_House-33_REP,REP,Charles King,2104,36.21,61,False,king c
2012_TX_House-34_DEM,DEM,Filemon Vela Jr.,18233,40.5,62,True,vela f
2012_TX_House-34_DEM,DEM,Denise Blanchard,7824,33.4,62,False,blanchard d
2012_TX_House-34_DEM,DEM,Ramiro Garza Jr.,5575,12.4,62,False,garza r
2012_TX_House-34_DEM,DEM,Salomon Torres,4745,10.5,62,False,torres s
2012_TX_House-34_DEM,DEM,Armando Villalobos,3926,8.7,62,False,villalobos a
2012_TX_House-34_DEM,DEM,Anthony Troiani,3638,8.1,62,False,troiani a
2012_TX_House-34_DEM,DEM,Juan Angel Guerra,2200,4.9,62,False,guerra j
2012_TX_House-34_DEM,DEM,Elmo Aycock,935,2.1,62,False,aycock e
2012_TX_House-34_REP,REP,Jessica Bradshaw,5309,55.3,63,True,bradshaw j
2012_TX_House-34_REP,REP,Adela Garza,4632,36.3,63,False,garza a
2012_TX_House-34_REP,REP,Paul Haring,3710,29.1,63,False,haring p
2012_TX_House-35_DEM,DEM,Lloyd Doggett,14559,73.3,64,True,doggett l
2012_TX_House-35_DEM,DEM,Sylvia Romo,4212,21.2,64,False,romo s
2012_TX_House-35_DEM,DEM,Maria Alvarado,1105,5.6,64,False,alvarado m
2012_TX_House-35_REP,REP,Susan Narvaiz,6040,51.8,65,True,narvaiz s
2012_TX_House-35_REP,REP,Rob Roark,3454,29.6,65,False,roark r
2012_TX_House-35_REP,REP,John Yoggerst,2171,18.6,65,False,yoggerst j
2012_TX_House-36_DEM,DEM,Max Martin,9869,100.0,67,True,martin m
2012_TX_House-36_REP,REP,Steve Stockman,21472,55.3,66,True,stockman s
2012_TX_House-36_REP,REP,Stephen Takach,17378,44.7,66,False,takach s
2012_TX_House-3_REP,REP,Sam Johnson,33592,83.06,5,True,johnson s
2012_TX_House-3_REP,REP,Harry Pierce,4848,11.98,5,False,pierce h
2012_TX_House-3_REP,REP,Josh Caesar,2002,4.95,5,False,caesar j
2012_TX_House-4_DEM,DEM,VaLinda Hathcox,7389,100.0,7,True,hathcox v
2012_TX_House-4_REP,REP,Ralph Hall,38202,58.4,6,True,hall r
2012_TX_House-4_REP,REP,Steve Clark,13719,21.0,6,False,clark s
2012_TX_House-4_REP,REP,Lou Gigliotti,13532,20.7,6,False,gigliotti l
2012_TX_House-5_DEM,DEM,Linda Mrosko,2778,39.15,9,True,mrosko l
2012_TX_House-5_DEM,DEM,Tom Berry,2219,31.27,9,False,berry t
2012_TX_House-5_DEM,DEM,Pat Wallace,2097,29.56,9,False,wallace p
2012_TX_House-5_REP,REP,Jeb Hensarling,41348,100.0,8,True,hensarling j
2012_TX_House-6_DEM,DEM,Kenneth Sanders,6609,61.25,11,True,sanders k
2012_TX_House-6_DEM,DEM,Brianna Hinojosa-Flores,3483,32.27,11,False,hinojosaflores b
2012_TX_House-6_DEM,DEM,Don Jaquess,698,6.46,11,False,jaquess d
2012_TX_House-6_REP,REP,Joe Barton,26192,63.22,10,True,barton j
2012_TX_House-6_REP,REP,Joe Chow,8154,19.68,10,False,chow j
2012_TX_House-6_REP,REP,Frank C. Kuchar,4725,11.4,10,False,kuchar f
2012_TX_House-6_REP,REP,Itamar Gelbman,2356,5.68,10,False,gelbman i
2012_TX_House-7_DEM,DEM,Lissa Squiers,2848,39.9,13,True,squiers l
2012_TX_House-7_DEM,DEM,James Cargas,2410,33.8,13,False,cargas j
2012_TX_House-7_DEM,DEM,Phillip Andrews,1876,26.3,13,False,andrews p
2012_TX_House-7_REP,REP,John Culberson,37590,86.3,12,True,culberson j
2012_TX_House-7_REP,REP,Bill Tofte,5971,13.7,12,False,tofte b
2012_TX_House-8_DEM,DEM,Neil Burns,5789,100.0,15,True,burns n
2012_TX_House-8_REP,REP,Kevin Brady,48366,76.1,14,True,brady k
2012_TX_House-8_REP,REP,Larry Youngblood,15181,23.9,14,False,youngblood l
2012_TX_House-9_DEM,DEM,Al Green,20917,100.0,16,True,green a
2012_TX_House-9_REP,REP,Steve Mueller,7255,100.0,17,True,mueller s
2012_UT_House-1_DEM,DEM,Donna McAleer,3881,66.6,2,True,mcaleer d
2012_UT_House-1_DEM,DEM,Ryan Combe,1944,33.4,2,False,combe r
2012_UT_House-1_REP,REP,Rob Bishop,786,81.1,1,True,bishop r
2012_UT_House-1_REP,REP,Jacqueline Smith,158,16.3,1,False,smith j
2012_UT_House-1_REP,REP,Leonard Fabiano,25,2.6,1,False,fabiano l
2012_UT_House-2_REP,REP,Chris Stewart,511,61.6,5,True,stewart c
2012_UT_House-2_REP,REP,David Clark,319,38.4,5,False,clark d
2012_UT_House-3_REP,REP,Jason Chaffetz,710,75.0,6,True,chaffetz j
2012_UT_House-3_REP,REP,Lynn D. Wardle,208,22.0,6,False,wardle l
2012_UT_House-3_REP,REP,Brian Jenkins,29,3.0,6,False,jenkins b
2012_UT_House-4_REP,REP,Mia Love,551,70.5,8,True,love m
2012_UT_House-4_REP,REP,Carl Wimmer,231,29.5,8,False,wimmer c
2012_VA_House-11_REP,REP,Christopher Perkins,11600,62.8,6,True,perkins c
2012_VA_House-11_REP,REP,Ken Vaughn,6866,37.2,6,False,vaughn k
2012_VA_House-4_DEM,DEM,Ella Ward,5364,84.5,2,True,ward e
2012_VA_House-4_DEM,DEM,Joe Elliott,982,15.5,2,False,elliott j
2012_VA_House-4_REP,REP,Randy Forbes,26294,89.7,1,True,forbes r
2012_VA_House-4_REP,REP,Bonnie Girard,3017,10.3,1,False,girard b
2012_VA_House-6_REP,REP,Bob Goodlatte,21808,66.5,3,True,goodlatte b
2012_VA_House-6_REP,REP,Karen Kwiatkowski,10991,33.5,3,False,kwiatkowski k
2012_VA_House-7_REP,REP,Eric Cantor,37369,79.4,4,True,cantor e
2012_VA_House-7_REP,REP,Floyd Bayne,9668,20.6,4,False,bayne f
2012_VA_House-8_DEM,DEM,Jim Moran,23018,74.2,5,True,moran j
2012_VA_House-8_DEM,DEM,Bruce Shuttleworth,8006,25.8,5,False,shuttleworth b
2012_WI_House-1_DEM,DEM,Rob Zerban,16265,99.8,2,True,zerban r
2012_WI_House-1_REP,REP,Paul Ryan,65700,99.6,1,True,ryan p
2012_WI_House-2_DEM,DEM,Mark Pocan,43171,72.2,3,True,pocan m
2012_WI_House-2_DEM,DEM,Kelda Roys,13081,21.9,3,False,roys k
2012_WI_House-2_DEM,DEM,Matt Silverman,2365,4.0,3,False,silverman m
2012_WI_House-2_DEM,DEM,Dennis Hall,1163,1.9,3,False,hall d
2012_WI_House-2_REP,REP,Chad Lee,32813,99.5,4,True,lee c
2012_WI_House-3_DEM,DEM,Ron Kind,19755,99.9,5,True,kind r
2012_WI_House-3_REP,REP,Ray Boland,35668,99.6,6,True,boland r
2012_WI_House-4_DEM,DEM,Gwen Moore,34525,99.7,7,True,moore g
2012_WI_House-4_REP,REP,Dan Sebring,19144,99.0,8,True,sebring d
2012_WI_House-5_DEM,DEM,Dave Heaster,9266,99.9,10,True,heaster d
2012_WI_House-5_REP,REP,Jim Sensenbrenner,89370,99.4,9,True,sensenbrenner j
2012_WI_House-6_DEM,DEM,Joe Kallas,11285,99.8,12,True,kallas j
2012_WI_House-6_REP,REP,Tom Petri,73376,82.2,11,True,petri t
2012_WI_House-6_REP,REP,Lauren Stephens,15821,17.7,11,False,stephens l
2012_WI_House-7_DEM,DEM,Pat Kreitlow,16053,99.9,14,True,kreitlow p
2012_WI_House-7_REP,REP,Sean Duffy,46987,99.5,13,True,duffy s
2012_WI_House-8_DEM,DEM,Jamie Wall,11513,99.8,16,True,wall j
2012_WI_House-8_REP,REP,Reid Ribble,64689,99.6,15,True,ribble r
2012_WV_House-1_DEM,DEM,Sue Thorn,49203,100.0,2,True,thorn s
2012_WV_House-1_REP,REP,David McKinley,36107,100.0,1,True,mckinley d
2012_WV_House-2_DEM,DEM,Howard Swint,22563,48.3,4,True,swint h
2012_WV_House-2_DEM,DEM,William McCann,13668,29.2,4,False,mccann w
2012_WV_House-2_DEM,DEM,Dugald Brown,10514,22.5,4,False,brown d
2012_WV_House-2_REP,REP,Shelley Moore Capito,35088,83.0,3,True,capito s
2012_WV_House-2_REP,REP,Jonathan Miller,4711,11.1,3,False,miller j
2012_WV_House-2_REP,REP,Michael Davis,2495,5.9,3,False,davis m
2012_WV_House-3_DEM,DEM,Nick Rahall,66745,100.0,5,True,rahall n
2012_WV_House-3_REP,REP,Rick Snuffer,12359,53.4,6,True,snuffer r
2012_WV_House-3_REP,REP,Lee Bias,6671,28.8,6,False,bias l
2012_WV_House-3_REP,REP,Bill Lester,4104,17.8,6,False,lester b
2012_WY_House-1_DEM,DEM,Chris Henrichsen,16259,98.9,2,True,henrichsen c
2012_WY_House-1_DEM,DEM,Write-in,177,1.1,2,False,writein
2012_WY_House-1_REP,REP,Cynthia Lummis,73153,98.1,1,True,lummis c
2012_WY_House-1_REP,REP,Write-in,1393,1.9,1,False,writein
2014_AK_House-1_DEM,DEM,Forrest Dunbar,38735,63.19,2,True,dunbar f
2014_AK_House-1_DEM,DEM,Frank Vondersaar,9132,14.9,2,False,vondersaar f
2014_AK_House-1_REP,REP,Don Young,79393,74.29,1,True,young d
2014_AK_House-1_REP,REP,John Cox,14497,13.57,1,False,cox j
2014_AK_House-1_REP,REP,David Seaward,7604,7.12,1,False,seaward d
2014_AK_House-1_REP,REP,David Dohner,5373,5.03,1,False,dohner d
2014_AL_House-3_REP,REP,Mike Rogers,50372,75.9,1,True,rogers m
2014_AL_House-3_REP,REP,Thomas Casson,15999,24.1,1,False,casson t
2014_AL_House-5_REP,REP,Mo Brooks,49117,80.3,2,True,brooks m
2014_AL_House-5_REP,REP,Jerry Hill,12038,19.7,2,False,hill j
2014_AL_House-6_REP,REP,Gary Palmer,47491,63.5,4,True,palmer g
2014_AL_House-6_REP,REP,Paul DeMarco,27295,36.5,4,False,demarco p
2014_AL_House-7_DEM,DEM,Terri Sewell,74953,83.9,5,True,sewell t
2014_AL_House-7_DEM,DEM,Tamara Harris Johnson,14374,16.1,5,False,johnson t
2014_AR_House-2_REP,REP,French Hill,29916,55.1,1,True,hill f
2014_AR_House-2_REP,REP,Ann Clemmer,12400,22.8,1,False,clemmer a
2014_AR_House-2_REP,REP,Conrad Reynolds,11994,22.1,1,False,reynolds c
2014_AR_House-4_REP,REP,Bruce Westerman,18719,54.4,2,True,westerman b
2014_AR_House-4_REP,REP,Tommy Moll,15659,45.6,2,False,moll t
2014_AZ_House-1_DEM,DEM,Ann Kirkpatrick,51393,100.0,1,True,kirkpatrick a
2014_AZ_House-1_REP,REP,Andy Tobin,18814,35.8,2,True,tobin a
2014_AZ_House-1_REP,REP,Gary Kiehne,18407,35.1,2,False,kiehne g
2014_AZ_House-1_REP,REP,Adam Kwasman,15266,29.1,2,False,kwasman a
2014_AZ_House-2_DEM,DEM,Ron Barber,49039,100.0,3,True,barber r
2014_AZ_House-2_REP,REP,Martha McSally,45492,69.3,4,True,mcsally m
2014_AZ_House-2_REP,REP,Chuck Wooten,14995,22.9,4,False,wooten c
2014_AZ_House-2_REP,REP,Shelley Kais,5103,7.8,4,False,kais s
2014_AZ_House-3_DEM,DEM,Raúl Grijalva,28758,100.0,5,True,grijalva r
2014_AZ_House-3_REP,REP,Gabby Saucedo Mercer,18823,100.0,6,True,mercer g
2014_AZ_House-4_DEM,DEM,Mike Weisser,19643,100.0,8,True,weisser m
2014_AZ_House-4_REP,REP,Paul Gosar,65354,100.0,7,True,gosar p
2014_AZ_House-5_DEM,DEM,James Woods,20249,100.0,11,True,woods j
2014_AZ_House-5_REP,REP,Matt Salmon,71690,100.0,10,True,salmon m
2014_AZ_House-6_DEM,DEM,W. John Williamson,25306,100.0,13,True,williamson w
2014_AZ_House-6_REP,REP,David Schweikert,69902,100.0,12,True,schweikert d
2014_AZ_House-7_DEM,DEM,Ruben Gallego,14936,48.9,14,True,gallego r
2014_AZ_House-7_DEM,DEM,Mary Rose Wilcox,11077,36.3,14,False,wilcox m
2014_AZ_House-7_DEM,DEM,Randy Camacho,2330,7.6,14,False,camacho r
2014_AZ_House-7_DEM,DEM,Jarrett Maupin,2199,7.2,14,False,maupin j
2014_AZ_House-7_REP,REP,Write-ins,1125,100.0,15,True,writeins
2014_AZ_House-8_REP,REP,Trent Franks,53771,73.3,18,True,franks t
2014_AZ_House-8_REP,REP,Clair Van Steenwyk,19629,26.7,18,False,steenwyk c
2014_AZ_House-9_DEM,DEM,Kyrsten Sinema,31900,100.0,20,True,sinema k
2014_AZ_House-9_REP,REP,Wendy Rogers,30484,60.6,21,True,rogers w
2014_AZ_House-9_REP,REP,Andrew Walter,19808,39.4,21,False,walter a
2014_CA_House-19_DEM,DEM,Zoe Lofgren,63845,76.0,19,True,lofgren z
2014_CA_House-19_DEM,DEM,Robert Murray,20132,24.0,19,False,murray r
2014_CA_House-20_DEM,DEM,Sam Farr,67528,73.8,20,True,farr s
2014_CA_House-34_DEM,DEM,Xavier Becerra,22878,73.8,34,True,becerra x
2014_CA_House-34_DEM,DEM,Adrienne Nicole Edwards,4473,14.4,34,False,edwards a
2014_CA_House-40_DEM,DEM,Lucille Roybal-Allard,13745,66.4,40,True,roybalallard l
2014_CA_House-40_DEM,DEM,David Sanchez,6968,33.6,40,False,sanchez d
2014_CA_House-44_DEM,DEM,Janice Hahn,25641,100.0,44,True,hahn j
2014_CA_House-4_REP,REP,Tom McClintock,80999,56.2,4,True,mcclintock t
2014_CA_House-4_REP,REP,Art Moore,32855,22.8,4,False,moore a
2014_CA_House-5_DEM,DEM,Mike Thompson,88709,80.4,5,True,thompson m
2014_CO_House-1_DEM,DEM,Diana DeGette,43514,100.0,1,True,degette d
2014_CO_House-1_REP,REP,Martin Walsh,21519,100.0,2,True,walsh m
2014_CO_House-2_DEM,DEM,Jared Polis,37759,100.0,3,True,polis j
2014_CO_House-2_REP,REP,George Leing,43481,100.0,4,True,leing g
2014_CO_House-3_DEM,DEM,Abel Tapia,29931,100.0,6,True,tapia a
2014_CO_House-3_REP,REP,Scott Tipton,46177,74.5,5,True,tipton s
2014_CO_House-3_REP,REP,David Cox,15773,25.5,5,False,cox d
2014_CO_House-4_DEM,DEM,Vic Meyers,20883,100.0,8,True,meyers v
2014_CO_House-4_REP,REP,Ken Buck,32714,44.2,7,True,buck k
2014_CO_House-4_REP,REP,Scott Renfroe,17722,23.9,7,False,renfroe s
2014_CO_House-4_REP,REP,Barbara Kirkmeyer,12155,16.4,7,False,kirkmeyer b
2014_CO_House-4_REP,REP,Steve Laffey,11433,15.5,7,False,laffey s
2014_CO_House-5_DEM,DEM,Irv Halter,16412,100.0,10,True,halter i
2014_CO_House-5_REP,REP,Doug Lamborn,38741,52.6,9,True,lamborn d
2014_CO_House-5_REP,REP,Bentley Rayburn,34967,47.4,9,False,rayburn b
2014_CO_House-6_DEM,DEM,Andrew Romanoff,24267,100.0,12,True,romanoff a
2014_CO_House-6_REP,REP,Mike Coffman,43737,100.0,11,True,coffman m
2014_CO_House-7_DEM,DEM,Ed Perlmutter,30659,100.0,13,True,perlmutter e
2014_CO_House-7_REP,REP,Don Ytterberg,34817,100.0,14,True,ytterberg d
2014_FL_House-10_DEM,DEM,Michael McKenna,11912,49.7,8,True,mckenna m
2014_FL_House-10_DEM,DEM,Shayan Modarres,7324,30.6,8,False,modarres s
2014_FL_House-10_DEM,DEM,William Ferree,4718,19.7,8,False,ferree w
2014_FL_House-18_REP,REP,Carl Domino,15805,38.4,9,True,domino c
2014_FL_House-18_REP,REP,Alan Schlesinger,9920,24.1,9,False,schlesinger a
2014_FL_House-18_REP,REP,Beverly Hires,5760,14.0,9,False,hires b
2014_FL_House-18_REP,REP,Brian Lara,5361,13.0,9,False,lara b
2014_FL_House-18_REP,REP,Calvin D. Turnquest,2757,6.7,9,False,turnquest c
2014_FL_House-18_REP,REP,Nick Wukoson,1594,3.9,9,False,wukoson n
2014_FL_House-1_REP,REP,Jeff Miller,44784,75.3,1,True,miller j
2014_FL_House-1_REP,REP,John E Krause,14660,24.7,1,False,krause j
2014_FL_House-20_DEM,DEM,Alcee L. Hastings,29236,79.2,10,True,hastings a
2014_FL_House-20_DEM,DEM,Jean L. Enright,5256,14.2,10,False,enright j
2014_FL_House-20_DEM,DEM,Jameel McCline,2424,6.6,10,False,mccline j
2014_FL_House-21_DEM,DEM,Ted Deutch,31080,91.6,11,True,deutch t
2014_FL_House-21_DEM,DEM,Emmanuel G. Morel,2845,8.4,11,False,morel e
2014_FL_House-22_REP,REP,Paul Spain,7492,42.6,12,True,spain p
2014_FL_House-22_REP,REP,Andrea Leigh McGee,6073,34.5,12,False,mcgee a
2014_FL_House-22_REP,REP,David Wagie,4017,22.9,12,False,wagie d
2014_FL_House-23_REP,REP,"Joseph ""Joe"" Kaufman",6299,62.6,13,True,kaufman j
2014_FL_House-23_REP,REP,Juan Garcia,3764,37.4,13,False,garcia j
2014_FL_House-24_DEM,DEM,Frederica Wilson,35456,80.4,14,True,wilson f
2014_FL_House-24_DEM,DEM,Michael A. Etienne,8628,19.6,14,False,etienne m
2014_FL_House-26_REP,REP,Carlos Curbelo,13861,47.0,15,True,curbelo c
2014_FL_House-26_REP,REP,Ed MacDougall,7455,25.3,15,False,macdougall e
2014_FL_House-26_REP,REP,Joe A. Martinez,5136,17.4,15,False,martinez j
2014_FL_House-26_REP,REP,David Rivera,2209,7.5,15,False,rivera d
2014_FL_House-26_REP,REP,Lorenzo Palomares Starbuck,824,2.8,15,False,starbuck l
2014_FL_House-3_REP,REP,Ted Yoho,37486,79.4,2,True,yoho t
2014_FL_House-3_REP,REP,Jake Rush,9739,20.6,2,False,rush j
2014_FL_House-4_REP,REP,Ander Crenshaw,38613,70.9,3,True,crenshaw a
2014_FL_House-4_REP,REP,Ryman Shoaf,15817,29.1,3,False,shoaf r
2014_FL_House-5_REP,REP,Glo Smith,10968,63.0,4,True,smith g
2014_FL_House-5_REP,REP,Thuy Lowe,6451,37.0,4,False,lowe t
2014_FL_House-7_REP,REP,John Mica,32084,72.2,5,True,mica j
2014_FL_House-7_REP,REP,David Smith,8316,18.7,5,False,smith d
2014_FL_House-7_REP,REP,Don Oehlrich,2285,5.1,5,False,oehlrich d
2014_FL_House-7_REP,REP,Kelly Shirley,1786,4.0,5,False,shirley k
2014_FL_House-9_DEM,DEM,Alan Grayson,18641,74.3,6,True,grayson a
2014_FL_House-9_DEM,DEM,Nick Ruiz,6441,25.7,6,False,ruiz n
2014_FL_House-9_REP,REP,Carol Platt,11542,54.6,7,True,platt c
2014_FL_House-9_REP,REP,Jorge Bonilla,6293,29.8,7,False,bonilla j
2014_FL_House-9_REP,REP,Peter Vivaldi,3301,15.6,7,False,vivaldi p
2014_GA_House-10_DEM,DEM,Ken Dious,15965,100.0,18,True,dious k
2014_GA_House-10_REP,REP,Jody Hice,26975,54.3,17,True,hice j
2014_GA_House-10_REP,REP,Mike Collins,22684,45.7,17,False,collins m
2014_GA_House-11_REP,REP,Barry Loudermilk,34667,66.1,20,True,loudermilk b
2014_GA_House-11_REP,REP,Bob Barr,17807,33.9,20,False,barr b
2014_GA_House-12_DEM,DEM,John Barrow,26324,100.0,21,True,barrow j
2014_GA_House-12_REP,REP,Rick Allen,25093,54.0,22,True,allen r
2014_GA_House-12_REP,REP,Eugene Yu,7677,16.5,22,False,yu e
2014_GA_House-12_REP,REP,Delvis Dutton,6644,14.3,22,False,dutton d
2014_GA_House-12_REP,REP,John Stone,5826,12.5,22,False,stone j
2014_GA_House-12_REP,REP,Diane Vann,1237,2.7,22,False,vann d
2014_GA_House-13_DEM,DEM,David Scott,29486,82.2,23,True,scott d
2014_GA_House-13_DEM,DEM,Michael Owens,6367,17.8,23,False,owens m
2014_GA_House-14_REP,REP,Tom Graves,32343,74.1,24,True,graves t
2014_GA_House-14_REP,REP,Ken Herron,11324,25.9,24,False,herron k
2014_GA_House-1_DEM,DEM,Brian Reese,6531,63.1,4,True,reese b
2014_GA_House-1_DEM,DEM,Amy Tavio,3821,36.9,4,False,tavio a
2014_GA_House-1_REP,REP,Buddy Carter,22871,53.8,2,True,carter b
2014_GA_House-1_REP,REP,Bob Johnson,19632,46.2,2,False,johnson b
2014_GA_House-2_REP,REP,Greg Duke,16468,69.4,5,True,duke g
2014_GA_House-2_REP,REP,Vivian Childs,7252,30.6,5,False,childs v
2014_GA_House-3_REP,REP,Lynn Westmoreland,37106,69.5,6,True,westmoreland l
2014_GA_House-3_REP,REP,Chip Flanegan,16294,30.5,6,False,flanegan c
2014_GA_House-4_DEM,DEM,Hank Johnson,26514,54.7,7,True,johnson h
2014_GA_House-4_DEM,DEM,Tom Brown,21909,45.3,7,False,brown t
2014_GA_House-5_DEM,DEM,John Lewis,48001,100.0,8,True,lewis j
2014_GA_House-6_DEM,DEM,Robert Montigel,11493,100.0,10,True,montigel r
2014_GA_House-6_REP,REP,Tom Price,44074,100.0,9,True,price t
2014_GA_House-7_DEM,DEM,Thomas Wight,7141,100.0,12,True,wight t
2014_GA_House-7_REP,REP,Rob Woodall,33804,100.0,11,True,woodall r
2014_GA_House-8_REP,REP,Austin Scott,36073,100.0,13,True,scott a
2014_GA_House-9_DEM,DEM,David Vogel,6415,100.0,15,True,vogel d
2014_GA_House-9_REP,REP,Doug Collins,49951,80.2,14,True,collins d
2014_GA_House-9_REP,REP,Bernie Fontaine,12315,19.8,14,False,fontaine b
2014_HI_House-1_DEM,DEM,Mark Takai,52736,44.5,1,True,takai m
2014_HI_House-1_DEM,DEM,Donna Mercado Kim,33678,28.4,1,False,kim d
2014_HI_House-1_DEM,DEM,Stanley Chang,12135,10.2,1,False,chang s
2014_HI_House-1_DEM,DEM,Ikaika Anderson,7937,6.7,1,False,anderson i
2014_HI_House-1_DEM,DEM,Will Espero,4555,3.8,1,False,espero w
2014_HI_House-1_DEM,DEM,Joey Manahan,4495,3.8,1,False,manahan j
2014_HI_House-1_DEM,DEM,Kathryn Xian,3039,2.6,1,False,xian k
2014_HI_House-1_REP,REP,Charles Djou,20802,96.4,2,True,djou c
2014_HI_House-1_REP,REP,Allan Levene,777,3.6,2,False,levene a
2014_HI_House-2_DEM,DEM,Tulsi Gabbard,92032,100.0,4,True,gabbard t
2014_HI_House-2_REP,REP,Kawika Crowley,9094,56.8,5,True,crowley k
2014_HI_House-2_REP,REP,Marissa D. Capelouto,6926,43.2,5,False,capelouto m
2014_IA_House-1_DEM,DEM,Pat Murphy,10189,36.7,1,True,murphy p
2014_IA_House-1_DEM,DEM,Monica Vernon,6559,23.6,1,False,vernon m
2014_IA_House-1_DEM,DEM,Swati Dandekar,5076,18.3,1,False,dandekar s
2014_IA_House-1_DEM,DEM,Anesa Kajtazovic,4067,14.7,1,False,kajtazovic a
2014_IA_House-1_DEM,DEM,Dave O'Brien,1846,6.7,1,False,obrien d
2014_IA_House-1_DEM,DEM,Write-ins,18,0.0,1,False,writeins
2014_IA_House-1_REP,REP,Rod Blum,16886,54.9,2,True,blum r
2014_IA_House-1_REP,REP,Steve Rathje,11420,37.1,2,False,rathje s
2014_IA_House-1_REP,REP,Gail Boliver,2413,7.9,2,False,boliver g
2014_IA_House-1_REP,REP,Write-ins,42,0.1,2,False,writeins
2014_IA_House-2_DEM,DEM,Dave Loebsack,17154,99.3,3,True,loebsack d
2014_IA_House-2_DEM,DEM,Write-ins,117,0.7,3,False,writeins
2014_IA_House-2_REP,REP,Mariannette Miller-Meeks,15043,49.4,4,True,millermeeks m
2014_IA_House-2_REP,REP,Mark S. Lofgren,11634,38.2,4,False,lofgren m
2014_IA_House-2_REP,REP,Matthew C. Waldren,3746,12.3,4,False,waldren m
2014_IA_House-2_REP,REP,Write-ins,52,0.1,4,False,writeins
2014_IA_House-3_DEM,DEM,Staci Appel,9233,99.2,6,True,appel s
2014_IA_House-3_DEM,DEM,Write-ins,75,0.8,6,False,writeins
2014_IA_House-3_REP,REP,Brad Zaun,10522,24.7,5,True,zaun b
2014_IA_House-3_REP,REP,Robert Cramer,9032,21.2,5,False,cramer r
2014_IA_House-3_REP,REP,Matt Schultz,8464,19.9,5,False,schultz m
2014_IA_House-3_REP,REP,Monte Shaw,7220,17.0,5,False,shaw m
2014_IA_House-3_REP,REP,David Young,6604,15.5,5,False,young d
2014_IA_House-3_REP,REP,Joe Grandanette,661,1.6,5,False,grandanette j
2014_IA_House-3_REP,REP,Write-ins,42,0.1,5,False,writeins
2014_IA_House-4_DEM,DEM,Jim Mowrer,9900,99.6,8,True,mowrer j
2014_IA_House-4_DEM,DEM,Write-ins,42,0.4,8,False,writeins
2014_IA_House-4_REP,REP,Steve King,43098,99.1,7,True,king s
2014_IA_House-4_REP,REP,Write-ins,382,0.9,7,False,writeins
2014_ID_House-1_DEM,DEM,Shirley Ringo,9047,82.0,2,True,ringo s
2014_ID_House-1_DEM,DEM,Ryan Barone,1981,18.0,2,False,barone r
2014_ID_House-1_REP,REP,Raúl Labrador,56206,78.6,1,True,labrador r
2014_ID_House-1_REP,REP,Lisa Marie,5164,7.2,1,False,marie l
2014_ID_House-1_REP,REP,Michael Greenway,3494,4.9,1,False,greenway m
2014_ID_House-1_REP,REP,Reed McCandless,3373,4.7,1,False,mccandless r
2014_ID_House-1_REP,REP,Sean Blackwell,3304,4.6,1,False,blackwell s
2014_ID_House-2_DEM,DEM,Richard H. Stallings,14547,100.0,4,True,stallings r
2014_ID_House-2_REP,REP,Mike Simpson,48632,61.6,3,True,simpson m
2014_ID_House-2_REP,REP,Bryan Smith,30263,38.4,3,False,smith b
2014_IL_House-10_DEM,DEM,Brad Schneider,11945,100.0,20,True,schneider b
2014_IL_House-10_REP,REP,Bob Dold,32124,100.0,21,True,dold b
2014_IL_House-11_DEM,DEM,Bill Foster,12461,100.0,22,True,foster b
2014_IL_House-11_REP,REP,Darlene Senger,13290,36.9,23,True,senger d
2014_IL_House-11_REP,REP,Chris Balkema,12024,33.4,23,False,balkema c
2014_IL_House-11_REP,REP,Bert Miller,9460,25.3,23,False,miller b
2014_IL_House-11_REP,REP,Ian Bayne,1253,3.5,23,False,bayne i
2014_IL_House-12_DEM,DEM,William Enyart,31015,100.0,24,True,enyart w
2014_IL_House-12_REP,REP,Mike Bost,33066,100.0,25,True,bost m
2014_IL_House-13_DEM,DEM,Ann Callis,17322,54.7,28,True,callis a
2014_IL_House-13_DEM,DEM,George Gollin,9935,31.3,28,False,gollin g
2014_IL_House-13_DEM,DEM,David Green,4438,14.0,28,False,green d
2014_IL_House-13_REP,REP,Rodney Davis,27816,54.6,27,True,davis r
2014_IL_House-13_REP,REP,Erika Harold,20951,41.2,27,False,harold e
2014_IL_House-13_REP,REP,Michael Firsching,2147,4.2,27,False,firsching m
2014_IL_House-14_DEM,DEM,Dennis Anderson,5184,65.8,30,True,anderson d
2014_IL_House-14_DEM,DEM,John J. Hosta,2691,34.2,30,False,hosta j
2014_IL_House-14_REP,REP,Randy Hultgren,57665,100.0,29,True,hultgren r
2014_IL_House-15_DEM,DEM,Eric Thorsland,17108,100.0,32,True,thorsland e
2014_IL_House-15_REP,REP,John Shimkus,66453,100.0,31,True,shimkus j
2014_IL_House-16_DEM,DEM,Randall Olsen,12077,100.0,34,True,olsen r
2014_IL_House-16_REP,REP,Adam Kinzinger,56593,78.4,33,True,kinzinger a
2014_IL_House-16_REP,REP,David Hale,15558,21.6,33,False,hale d
2014_IL_House-17_DEM,DEM,Cheri Bustos,21923,100.0,35,True,bustos c
2014_IL_House-17_REP,REP,Bobby Schilling,41063,100.0,36,True,schilling b
2014_IL_House-18_DEM,DEM,Darrel Miller,6763,54.3,38,True,miller d
2014_IL_House-18_DEM,DEM,Rob Mellon,5692,45.7,38,False,mellon r
2014_IL_House-18_REP,REP,Aaron Schock,82412,100.0,37,True,schock a
2014_IL_House-1_DEM,DEM,Bobby Rush,47627,100.0,1,True,rush b
2014_IL_House-1_REP,REP,Jimmy Lee Tillman III,17188,100.0,2,True,tillman j
2014_IL_House-2_DEM,DEM,Robin Kelly,40286,100.0,3,True,kelly r
2014_IL_House-2_REP,REP,Eric Wallace,16096,100.0,4,True,wallace e
2014_IL_House-3_DEM,DEM,Dan Lipinski,28883,100.0,5,True,lipinski d
2014_IL_House-3_REP,REP,Sharon Brannigan,18358,62.7,6,True,brannigan s
2014_IL_House-3_REP,REP,Diane Harris,10937,37.3,6,False,harris d
2014_IL_House-4_DEM,DEM,Luis Gutiérrez,21625,74.3,7,True,gutierrez l
2014_IL_House-4_DEM,DEM,Alexandra Eidenberg,4796,16.5,7,False,eidenberg a
2014_IL_House-4_DEM,DEM,Jorge Zavala,2670,9.2,7,False,zavala j
2014_IL_House-4_REP,REP,Hector Concepción,6637,100.0,8,True,concepcion h
2014_IL_House-5_DEM,DEM,Mike Quigley,26364,100.0,9,True,quigley m
2014_IL_House-5_REP,REP,Frederick White,21,100.0,10,True,white f
2014_IL_House-6_DEM,DEM,Michael Mason,8615,100.0,13,True,mason m
2014_IL_House-6_REP,REP,Peter Roskam,65332,100.0,12,True,roskam p
2014_IL_House-7_DEM,DEM,Danny K. Davis,43061,100.0,14,True,davis d
2014_IL_House-7_REP,REP,Robert Bumpers,7289,100.0,15,True,bumpers r
2014_IL_House-8_DEM,DEM,Tammy Duckworth,10661,100.0,16,True,duckworth t
2014_IL_House-8_REP,REP,Larry Kaifesh,24657,71.5,17,True,kaifesh l
2014_IL_House-8_REP,REP,Manju Goel,9827,28.5,17,False,goel m
2014_IL_House-9_DEM,DEM,Jan Schakowsky,31576,100.0,18,True,schakowsky j
2014_IL_House-9_REP,REP,Susanne Atanus,15575,52.4,19,True,atanus s
2014_IL_House-9_REP,REP,David Williams III,14148,47.6,19,False,williams d
2014_IN_House-1_DEM,DEM,Pete Visclosky,34446,100.0,1,True,visclosky p
2014_IN_House-1_REP,REP,Mark Leyva,12738,100.0,2,True,leyva m
2014_IN_House-2_DEM,DEM,Joe Bock,11103,58.1,4,True,bock j
2014_IN_House-2_DEM,DEM,Dan Morrison,3540,18.5,4,False,morrison d
2014_IN_House-2_DEM,DEM,Bob Kern,2634,13.8,4,False,kern b
2014_IN_House-2_DEM,DEM,Douglas M. Carpenter,1837,9.6,4,False,carpenter d
2014_IN_House-2_REP,REP,Jackie Walorski,28641,100.0,3,True,walorski j
2014_IN_House-3_DEM,DEM,Justin Kuhnle,2893,34.9,6,True,kuhnle j
2014_IN_House-3_DEM,DEM,Tommy A. Schrader,2805,33.8,6,False,schrader t
2014_IN_House-3_DEM,DEM,Jim Redmond,2597,31.3,6,False,redmond j
2014_IN_House-3_REP,REP,Marlin Stutzman,48837,81.7,5,True,stutzman m
2014_IN_House-3_REP,REP,Mark William Baringer,5868,9.8,5,False,baringer m
2014_IN_House-3_REP,REP,James E. Mahoney III,5094,8.5,5,False,mahoney j
2014_IN_House-4_DEM,DEM,John Dale,3742,42.2,8,True,dale j
2014_IN_House-4_DEM,DEM,Roger D. Day,2266,25.5,8,False,day r
2014_IN_House-4_DEM,DEM,Jeffrey Oliver Blaydes,1332,15.0,8,False,blaydes j
2014_IN_House-4_DEM,DEM,Howard Joseph Pollchik,778,8.8,8,False,pollchik h
2014_IN_House-4_DEM,DEM,John L. Futrell,754,8.5,8,False,futrell j
2014_IN_House-4_REP,REP,Todd Rokita,43179,71.2,7,True,rokita t
2014_IN_House-4_REP,REP,Kevin J. Grant,17472,28.8,7,False,grant k
2014_IN_House-5_DEM,DEM,Shawn A. Denney,6141,41.9,10,True,denney s
2014_IN_House-5_DEM,DEM,David William Ford,4856,33.1,10,False,ford d
2014_IN_House-5_DEM,DEM,Allen Ray Davidson,3660,25.0,10,False,davidson a
2014_IN_House-5_REP,REP,Susan Brooks,34996,72.7,9,True,brooks s
2014_IN_House-5_REP,REP,David S. Stockdale,7327,15.2,9,False,stockdale d
2014_IN_House-5_REP,REP,David M. Campbell,5790,12.1,9,False,campbell d
2014_IN_House-6_DEM,DEM,Susan Hall Heitzman,9078,48.3,12,True,heitzman s
2014_IN_House-6_DEM,DEM,Lane Siekman,5574,29.6,12,False,siekman l
2014_IN_House-6_DEM,DEM,Corrine Nicole Westerfield,4151,22.1,12,False,westerfield c
2014_IN_House-6_REP,REP,Luke Messer,49094,100.0,11,True,messer l
2014_IN_House-7_DEM,DEM,André Carson,19446,89.1,13,True,carson a
2014_IN_House-7_DEM,DEM,Curtis Godfrey,1209,5.5,13,False,godfrey c
2014_IN_House-7_DEM,DEM,Mmoja Ajabu,782,3.6,13,False,ajabu m
2014_IN_House-7_DEM,DEM,Pierre Quincy Pullins,390,1.8,13,False,pullins p
2014_IN_House-7_REP,REP,Catherine Ping,4882,35.1,14,True,ping c
2014_IN_House-7_REP,REP,"Wayne ""Gunny"" Harmon",3258,23.4,14,False,harmon w
2014_IN_House-7_REP,REP,J.D. Miniear,2840,20.4,14,False,miniear j
2014_IN_House-7_REP,REP,Gordon Smith,1872,13.5,14,False,smith g
2014_IN_House-7_REP,REP,Erin Kent Magee,1057,7.6,14,False,magee e
2014_IN_House-8_DEM,DEM,Tom Spangler,23055,100.0,16,True,spangler t
2014_IN_House-8_REP,REP,Larry Bucshon,30967,74.8,15,True,bucshon l
2014_IN_House-8_REP,REP,Andrew T. McNeil,10405,25.2,15,False,mcneil a
2014_IN_House-9_DEM,DEM,Bill Bailey,10392,45.4,18,True,bailey b
2014_IN_House-9_DEM,DEM,"James R. McClure, Jr.",5733,25.0,18,False,mcclure j
2014_IN_House-9_DEM,DEM,J.S. Miller,3559,15.6,18,False,miller j
2014_IN_House-9_DEM,DEM,William Joseph Thomas,3206,14.0,18,False,thomas w
2014_IN_House-9_REP,REP,Todd Young,30402,79.4,17,True,young t
2014_IN_House-9_REP,REP,Kathy Lowe Heil,4607,12.0,17,False,heil k
2014_IN_House-9_REP,REP,Mark G. Jones,3293,8.6,17,False,jones m
2014_KS_House-1_DEM,DEM,Jim Sherow,8209,65.6,2,True,sherow j
2014_KS_House-1_DEM,DEM,Bryan R. Whitney,4293,34.4,2,False,whitney b
2014_KS_House-1_REP,REP,Tim Huelskamp,42847,55.0,1,True,huelskamp t
2014_KS_House-1_REP,REP,Alan LaPolice,35108,45.0,1,False,lapolice a
2014_KS_House-2_REP,REP,Lynn Jenkins,41850,69.1,3,True,jenkins l
2014_KS_House-2_REP,REP,Joshua Joel Tucker,18680,30.8,3,False,tucker j
2014_KS_House-3_DEM,DEM,Kelly Kultala,14189,68.6,4,True,kultala k
2014_KS_House-3_DEM,DEM,"Reginald ""Reggie"" Marselus",6524,31.4,4,False,marselus r
2014_KS_House-4_REP,REP,Mike Pompeo,43564,62.6,5,True,pompeo m
2014_KS_House-4_REP,REP,Todd Tiahrt,25977,37.4,5,False,tiahrt t
2014_KY_House-1_DEM,DEM,Charles Kendall Hatchett,38055,55.5,1,True,hatchett c
2014_KY_House-1_DEM,DEM,Wesley Seaton Bolin,30528,44.5,1,False,bolin w
2014_KY_House-3_DEM,DEM,John Yarmuth,52026,87.0,2,True,yarmuth j
2014_KY_House-3_DEM,DEM,E. Ray Pierce,7747,13.0,2,False,pierce e
2014_KY_House-5_DEM,DEM,Kenneth Stepp,38949,58.8,3,True,stepp k
2014_KY_House-5_DEM,DEM,Billy Ray Wilson,27246,41.2,3,False,wilson b
2014_KY_House-6_DEM,DEM,Elisabeth Jensen,46727,60.9,4,True,jensen e
2014_KY_House-6_DEM,DEM,Geoff Young,30035,39.1,4,False,young g
2014_MA_House-5_DEM,DEM,Katherine Clark,57014,81.2,1,True,clark k
2014_MA_House-5_DEM,DEM,Sheldon Schwartz,13070,18.6,1,False,schwartz s
2014_MA_House-5_DEM,DEM,All others,140,0.2,1,False,others a
2014_MA_House-6_DEM,DEM,Seth Moulton,34575,50.8,2,True,moulton s
2014_MA_House-6_DEM,DEM,John F. Tierney,28912,40.1,2,False,tierney j
2014_MA_House-6_DEM,DEM,Marisa DeFranco,4293,6.0,2,False,defranco m
2014_MA_House-6_DEM,DEM,John Devine,1527,2.1,2,False,devine j
2014_MA_House-6_DEM,DEM,John Gutta,691,1.0,2,False,gutta j
2014_MA_House-9_REP,REP,John Chapman,9567,32.3,3,True,chapman j
2014_MA_House-9_REP,REP,Mark Alliegro,9049,30.6,3,False,alliegro m
2014_MA_House-9_REP,REP,Daniel Shores,6973,23.6,3,False,shores d
2014_MA_House-9_REP,REP,"Vincent Anthony Cogliano, Jr.",3917,13.2,3,False,cogliano v
2014_MA_House-9_REP,REP,All Others,69,0.2,3,False,others a
2014_MD_House-1_DEM,DEM,Bill Tilghman,19937,57.1,2,True,tilghman b
2014_MD_House-1_DEM,DEM,John LaFerla,14965,42.9,2,False,laferla j
2014_MD_House-1_REP,REP,Andrew P. Harris,45477,77.9,1,True,harris a
2014_MD_House-1_REP,REP,"Jonathan Goff, Jr.",12913,22.1,1,False,goff j
2014_MD_House-2_DEM,DEM,Dutch Ruppersberger,43614,77.6,3,True,ruppersberger d
2014_MD_House-2_DEM,DEM,Paul Rundquist,6450,11.4,3,False,rundquist p
2014_MD_House-2_DEM,DEM,Blaine Taylor,6164,11.0,3,False,taylor b
2014_MD_House-2_REP,REP,David Banach,14990,100.0,4,True,banach d
2014_MD_House-3_DEM,DEM,John Sarbanes,54926,85.2,5,True,sarbanes j
2014_MD_House-3_DEM,DEM,Matthew Molyett,9564,14.8,5,False,molyett m
2014_MD_House-3_REP,REP,Charles A. Long,7597,43.6,6,True,long c
2014_MD_House-3_REP,REP,"Thomas E. ""Pinkston"" Harris",7303,41.9,6,False,harris t
2014_MD_House-3_REP,REP,Michael Jackson,2524,14.5,6,False,jackson m
2014_MD_House-4_DEM,DEM,Donna Edwards,53648,87.0,7,True,edwards d
2014_MD_House-4_DEM,DEM,Warren Christopher,8021,13.0,7,False,christopher w
2014_MD_House-4_REP,REP,Nancy Hoyt,5368,37.6,8,True,hoyt n
2014_MD_House-4_REP,REP,Greg Holmes,3469,24.3,8,False,holmes g
2014_MD_House-4_REP,REP,George McDermott,2740,19.2,8,False,mcdermott g
2014_MD_House-4_REP,REP,John R. Graziani,2695,18.9,8,False,graziani j
2014_MD_House-5_DEM,DEM,Steny Hoyer,57240,100.0,9,True,hoyer s
2014_MD_House-5_REP,REP,Chris Chaffee,8137,41.6,10,True,chaffee c
2014_MD_House-5_REP,REP,Mark Kenneth Arness,6050,30.9,10,False,arness m
2014_MD_House-5_REP,REP,Tom Potter,5374,27.5,10,False,potter t
2014_MD_House-6_DEM,DEM,John Delaney,33289,100.0,11,True,delaney j
2014_MD_House-6_REP,REP,Dan Bongino,23933,83.5,12,True,bongino d
2014_MD_House-6_REP,REP,"Harold W. Painter, Jr.",4718,16.5,12,False,painter h
2014_MD_House-7_DEM,DEM,Elijah Cummings,69790,90.6,13,True,cummings e
2014_MD_House-7_DEM,DEM,Alexander Bryant,4786,6.2,13,False,bryant a
2014_MD_House-7_DEM,DEM,"Fred Donald Dickson, Jr.",2460,3.2,13,False,dickson f
2014_MD_House-7_REP,REP,Corrogan R. Vaughn,6293,54.8,14,True,vaughn c
2014_MD_House-7_REP,REP,Ray Bly,5195,45.2,14,False,bly r
2014_MD_House-8_DEM,DEM,Chris Van Hollen,60556,91.3,15,True,hollen c
2014_MD_House-8_DEM,DEM,George English,3834,5.8,15,False,english g
2014_MD_House-8_DEM,DEM,Lih Young,1950,2.9,15,False,young l
2014_MD_House-8_REP,REP,Dave Wallace,22648,100.0,16,True,wallace d
2014_ME_House-1_DEM,DEM,Chellie Pingree,30950,100.0,1,True,pingree c
2014_ME_House-1_REP,REP,Isaac Misiuk,17061,100.0,2,True,misiuk i
2014_ME_House-2_DEM,DEM,Emily Cain,19906,71.0,3,True,cain e
2014_ME_House-2_DEM,DEM,Troy Dale Jackson,8116,29.0,3,False,jackson t
2014_ME_House-2_REP,REP,Bruce Poliquin,19736,56.8,4,True,poliquin b
2014_ME_House-2_REP,REP,Kevin Raye,14987,43.2,4,False,raye k
2014_MI_House-10_DEM,DEM,Chuck Stadler,25820,100.0,20,True,stadler c
2014_MI_House-10_REP,REP,Candice Miller,55272,100.0,19,True,miller c
2014_MI_House-11_DEM,DEM,Bobby McKenzie,13441,34.3,22,True,mckenzie b
2014_MI_House-11_DEM,DEM,Anil Kumar,12479,31.8,22,False,kumar a
2014_MI_House-11_DEM,DEM,Nancy Skinner,10371,26.5,22,False,skinner n
2014_MI_House-11_DEM,DEM,Bill Roberts,2906,7.4,22,False,roberts b
2014_MI_House-11_REP,REP,Dave Trott,42008,66.4,21,True,trott d
2014_MI_House-11_REP,REP,Kerry Bentivolio,21254,33.6,21,False,bentivolio k
2014_MI_House-12_DEM,DEM,Deborah Dingell,45162,77.7,23,True,dingell d
2014_MI_House-12_DEM,DEM,Raymond Mullins,12994,22.3,23,False,mullins r
2014_MI_House-12_REP,REP,Terry Bowman,18793,100.0,24,True,bowman t
2014_MI_House-13_DEM,DEM,John Conyers,42005,73.9,25,True,conyers j
2014_MI_House-13_DEM,DEM,Horace Sheffield III,14850,26.1,25,False,sheffield h
2014_MI_House-13_REP,REP,Jeff Gorman,6696,100.0,26,True,gorman j
2014_MI_House-14_DEM,DEM,Brenda Lawrence,26387,35.6,27,True,lawrence b
2014_MI_House-14_DEM,DEM,Rudy Hobbs,23996,32.4,27,False,hobbs r
2014_MI_House-14_DEM,DEM,Hansen Clarke,22866,30.9,27,False,clarke h
2014_MI_House-14_DEM,DEM,Burgess Foster,831,1.1,27,False,foster b
2014_MI_House-14_REP,REP,Christina Conyers,12611,100.0,28,True,conyers c
2014_MI_House-1_DEM,DEM,Jerry Cannon,31104,100.0,2,True,cannon j
2014_MI_House-1_REP,REP,Dan Benishek,49540,69.7,1,True,benishek d
2014_MI_House-1_REP,REP,Alan Arcand,21497,30.3,1,False,arcand a
2014_MI_House-2_DEM,DEM,Dean Vanderstelt,19957,100.0,4,True,vanderstelt d
2014_MI_House-2_REP,REP,Bill Huizenga,54416,100.0,3,True,huizenga b
2014_MI_House-3_DEM,DEM,Bob Goodrich,20378,100.0,6,True,goodrich b
2014_MI_House-3_REP,REP,Justin Amash,39706,57.4,5,True,amash j
2014_MI_House-3_REP,REP,Brian Ellis,29422,42.6,5,False,ellis b
2014_MI_House-4_DEM,DEM,Jeff Holmes,23496,100.0,8,True,holmes j
2014_MI_House-4_REP,REP,John Moolenaar,34399,52.4,7,True,moolenaar j
2014_MI_House-4_REP,REP,Paul Mitchell,23844,36.3,7,False,mitchell p
2014_MI_House-4_REP,REP,Peter Konetchy,7408,11.3,7,False,konetchy p
2014_MI_House-5_DEM,DEM,Daniel Kildee,46065,100.0,9,True,kildee d
2014_MI_House-5_REP,REP,Allen Hardwick,13557,51.3,10,True,hardwick a
2014_MI_House-5_REP,REP,Tom Whitmire,12859,48.7,10,False,whitmire t
2014_MI_House-6_DEM,DEM,Paul Clements,19894,100.0,12,True,clements p
2014_MI_House-6_REP,REP,Fred Upton,37731,71.2,11,True,upton f
2014_MI_House-6_REP,REP,Jim Bussler,15283,28.8,11,False,bussler j
2014_MI_House-7_DEM,DEM,Pam Byrnes,25048,100.0,14,True,byrnes p
2014_MI_House-7_REP,REP,Tim Walberg,38046,79.3,13,True,walberg t
2014_MI_House-7_REP,REP,Douglas North,9934,20.7,13,False,north d
2014_MI_House-8_DEM,DEM,Eric Schertzing,13535,42.8,16,True,schertzing e
2014_MI_House-8_DEM,DEM,Susan Grettenberger,11921,37.7,16,False,grettenberger s
2014_MI_House-8_DEM,DEM,Ken Darga,3103,9.8,16,False,darga k
2014_MI_House-8_DEM,DEM,Jeffrey Hank,3054,9.7,16,False,hank j
2014_MI_House-8_REP,REP,Mike Bishop,35422,60.3,15,True,bishop m
2014_MI_House-8_REP,REP,Tom McMillin,23358,39.7,15,False,mcmillin t
2014_MI_House-9_DEM,DEM,Sander Levin,40877,100.0,17,True,levin s
2014_MI_House-9_REP,REP,George Brikho,30678,100.0,18,True,brikho g
2014_MN_House-1_REP,REP,Jim Hagedorn,12748,54.0,2,True,hagedorn j
2014_MN_House-1_REP,REP,Aaron Miller,10870,46.0,2,False,miller a
2014_MN_House-2_REP,REP,John Kline,18236,100.0,3,True,kline j
2014_MN_House-6_REP,REP,Tom Emmer,19557,73.3,6,True,emmer t
2014_MN_House-6_REP,REP,Rhonda Sivarajah,7125,26.7,6,False,sivarajah r
2014_MO_House-1_DEM,DEM,Lacy Clay,69650,100.0,1,True,clay l
2014_MO_House-1_REP,REP,Daniel Elder,4196,39.3,2,True,elder d
2014_MO_House-1_REP,REP,Martin Baker,3659,34.2,2,False,baker m
2014_MO_House-1_REP,REP,David Koehr,2833,26.5,2,False,koehr d
2014_MO_House-2_DEM,DEM,Arthur Lieber,54557,100.0,5,True,lieber a
2014_MO_House-2_REP,REP,Ann Wagner,55322,100.0,4,True,wagner a
2014_MO_House-3_DEM,DEM,Courtney Denton,15987,57.1,8,True,denton c
2014_MO_House-3_DEM,DEM,Velma Steinman,11988,42.9,8,False,steinman v
2014_MO_House-3_REP,REP,Blaine Luetkemeyer,71030,79.5,7,True,luetkemeyer b
2014_MO_House-3_REP,REP,John Morris,9786,10.9,7,False,morris j
2014_MO_House-3_REP,REP,Leonard Steinman,8580,9.6,7,False,steinman l
2014_MO_House-4_DEM,DEM,Nate Irvin,26831,100.0,11,True,irvin n
2014_MO_House-4_REP,REP,Vicky Hartzler,65404,74.7,10,True,hartzler v
2014_MO_House-4_REP,REP,John Webb,22131,25.3,10,False,webb j
2014_MO_House-5_DEM,DEM,Emanuel Cleaver II,44926,82.0,13,True,cleaver e
2014_MO_House-5_DEM,DEM,Mark S. Memoly,2988,5.5,13,False,memoly m
2014_MO_House-5_DEM,DEM,Charles Lindsey,2687,5.0,13,False,lindsey c
2014_MO_House-5_DEM,DEM,Eric Holmes,2584,4.8,13,False,holmes e
2014_MO_House-5_DEM,DEM,Bob Gough,1438,2.7,13,False,gough b
2014_MO_House-5_REP,REP,Jacob Turk,24615,68.6,14,True,turk j
2014_MO_House-5_REP,REP,Bill Lindsey,5020,14.0,14,False,lindsey b
2014_MO_House-5_REP,REP,Michael Burris,4797,13.4,14,False,burris m
2014_MO_House-5_REP,REP,Berton Knox,1453,4.0,14,False,knox b
2014_MO_House-6_DEM,DEM,W. A. Hedge,18109,51.7,17,True,hedge w
2014_MO_House-6_DEM,DEM,Edward Dwayne Fields,9706,27.7,17,False,fields e
2014_MO_House-6_DEM,DEM,Gary Lynn Crose,7241,20.6,17,False,crose g
2014_MO_House-6_REP,REP,Sam Graves,56789,76.6,16,True,graves s
2014_MO_House-6_REP,REP,Christopher Ryan,8745,11.8,16,False,ryan c
2014_MO_House-6_REP,REP,Kyle Reid,4364,5.9,16,False,reid k
2014_MO_House-6_REP,REP,Brian L. Tharp,4244,5.7,16,False,tharp b
2014_MO_House-7_DEM,DEM,Jim Evans,8671,53.8,20,True,evans j
2014_MO_House-7_DEM,DEM,Genevieve Williams,7457,46.2,20,False,williams g
2014_MO_House-7_REP,REP,Billy Long,55505,62.4,19,True,long b
2014_MO_House-7_REP,REP,Marshall Works,33498,37.6,19,False,works m
2014_MO_House-8_DEM,DEM,Barbara Stocker,28303,100.0,23,True,stocker b
2014_MO_House-8_REP,REP,Jason Smith,66511,100.0,22,True,smith j
2014_MS_House-1_DEM,DEM,Ron Dickey,9741,66.0,2,True,dickey r
2014_MS_House-1_DEM,DEM,Rex Weathers,5022,34.0,2,False,weathers r
2014_MS_House-1_REP,REP,Alan Nunnelee,56550,100.0,1,True,nunnelee a
2014_MS_House-2_DEM,DEM,Bennie Thompson,41618,95.7,3,True,thompson b
2014_MS_House-2_DEM,DEM,Damien Fairconetue,1860,4.3,3,False,fairconetue d
2014_MS_House-3_DEM,DEM,Doug Magee,4925,52.5,6,True,magee d
2014_MS_House-3_DEM,DEM,Dennis Quinn,4462,47.5,6,False,quinn d
2014_MS_House-3_REP,REP,Gregg Harper,85674,92.2,4,True,harper g
2014_MS_House-3_REP,REP,Hardy Caraway,7258,7.8,4,False,caraway h
2014_MS_House-4_DEM,DEM,Matt Moore,6355,55.7,8,True,moore m
2014_MS_House-4_DEM,DEM,Trish Causey,5063,44.3,8,False,causey t
2014_MS_House-4_REP,REP,Steven Palazzo,54268,50.53,7,True,palazzo s
2014_MS_House-4_REP,REP,Gene Taylor,46133,42.95,7,False,taylor g
2014_MS_House-4_REP,REP,Tom Carter,4955,4.61,7,False,carter t
2014_MS_House-4_REP,REP,Tavish Kelly,1129,1.05,7,False,kelly t
2014_MS_House-4_REP,REP,Ron Vincent,904,0.84,7,False,vincent r
2014_MT_House-1_DEM,DEM,John Lewis,42588,59.84,2,True,lewis j
2014_MT_House-1_DEM,DEM,John Driscoll,28580,40.16,2,False,driscoll j
2014_MT_House-1_REP,REP,Ryan Zinke,43766,33.25,1,True,zinke r
2014_MT_House-1_REP,REP,Corey Stapleton,38591,29.32,1,False,stapleton c
2014_MT_House-1_REP,REP,Matt Rosendale,37965,28.84,1,False,rosendale m
2014_MT_House-1_REP,REP,Elsie Arntzen,9011,6.85,1,False,arntzen e
2014_MT_House-1_REP,REP,Drew Turiano,2290,1.74,1,False,turiano d
2014_NC_House-10_REP,REP,Patrick McHenry,29400,78.0,15,True,mchenry p
2014_NC_House-10_REP,REP,Richard Lynch,8273,22.0,15,False,lynch r
2014_NC_House-11_DEM,DEM,Tom Hill,16819,54.1,16,True,hill t
2014_NC_House-11_DEM,DEM,Keith Ruehl,14272,45.9,16,False,ruehl k
2014_NC_House-12_DEM,DEM,Alma Adams,15235,44.0,17,True,adams a
2014_NC_House-12_DEM,DEM,Malcolm Graham,8180,23.6,17,False,graham m
2014_NC_House-12_DEM,DEM,George Battle III,4342,12.5,17,False,battle g
2014_NC_House-12_DEM,DEM,Marcus Brandon,2856,8.3,17,False,brandon m
2014_NC_House-12_DEM,DEM,"James ""Smuggie"" Mitchell, Jr.",1775,5.1,17,False,mitchell j
2014_NC_House-12_DEM,DEM,Curtis C. Osborne,1733,5.0,17,False,osborne c
2014_NC_House-12_DEM,DEM,Rajive Patel,502,1.4,17,False,patel r
2014_NC_House-12_REP,REP,Vince Coakley,8652,78.0,18,True,coakley v
2014_NC_House-12_REP,REP,Leon Threatt,2439,22.0,18,False,threatt l
2014_NC_House-13_DEM,DEM,Brenda Cleary,24631,70.4,19,True,cleary b
2014_NC_House-13_DEM,DEM,Virginia Conlon,6308,18.0,19,False,conlon v
2014_NC_House-13_DEM,DEM,"Arunava ""Ron"" Sanyal",4052,11.6,19,False,sanyal a
2014_NC_House-1_DEM,DEM,G. K. Butterfield,60847,81.1,1,True,butterfield g
2014_NC_House-1_DEM,DEM,Dan Whittacre,14147,18.9,1,False,whittacre d
2014_NC_House-1_REP,REP,Arthur Rich,5519,51.3,2,True,rich a
2014_NC_House-1_REP,REP,Brent Shypulefski,5232,48.7,2,False,shypulefski b
2014_NC_House-2_DEM,DEM,Clay Aiken,11678,40.9,4,True,aiken c
2014_NC_House-2_DEM,DEM,Keith Crisco,11288,39.5,4,False,crisco k
2014_NC_House-2_DEM,DEM,Toni Morris,5616,19.6,4,False,morris t
2014_NC_House-2_REP,REP,Renee Ellmers,21412,58.7,3,True,ellmers r
2014_NC_House-2_REP,REP,Frank Roche,15045,41.3,3,False,roche f
2014_NC_House-3_REP,REP,"Walter B. Jones, Jr.",22616,50.9,5,True,jones w
2014_NC_House-3_REP,REP,Taylor Griffin,20024,45.1,5,False,griffin t
2014_NC_House-3_REP,REP,"Albin ""Big Al"" Novinec",1798,4.0,5,False,novinec a
2014_NC_House-5_DEM,DEM,Joshua Brannon,2748,65.6,8,True,brannon j
2014_NC_House-5_DEM,DEM,Gardenia Henley,1443,34.4,8,False,henley g
2014_NC_House-5_REP,REP,Virginia Foxx,49572,75.4,6,True,foxx v
2014_NC_House-5_REP,REP,Philip Doyle,16175,24.6,6,False,doyle p
2014_NC_House-6_DEM,DEM,Laura Fjeld,19066,56.2,11,True,fjeld l
2014_NC_House-6_DEM,DEM,Bruce Davis,14882,43.8,11,False,davis b
2014_NC_House-6_REP,REP,Mark Walker,18965,59.9,10,True,walker m
2014_NC_House-6_REP,REP,"Phil Berger, Jr.",12722,40.1,10,False,berger p
2014_NC_House-7_DEM,DEM,"Jonathan Barfield, Jr.",21966,58.2,12,True,barfield j
2014_NC_House-7_DEM,DEM,"Walter A. Martin, Jr.",15741,41.8,12,False,martin w
2014_NC_House-7_REP,REP,David Rouzer,23010,53.0,13,True,rouzer d
2014_NC_House-7_REP,REP,"Haywood ""Woody"" White",17389,40.1,13,False,white h
2014_NC_House-7_REP,REP,Chris Andrade,3000,6.9,13,False,andrade c
2014_NC_House-9_REP,REP,Robert Pittenger,29505,67.6,14,True,pittenger r
2014_NC_House-9_REP,REP,Michael Steinberg,14146,32.4,14,False,steinberg m
2014_ND_House-1_REP,REP,Kevin Cramer,50188,99.7,1,True,cramer k
2014_ND_House-1_REP,REP,Write-in,151,0.3,1,False,writein
2014_NE_House-1_DEM,DEM,Dennis P. Crawford,24140,100.0,2,True,crawford d
2014_NE_House-1_REP,REP,Jeff Fortenberry,63673,86.18,1,True,fortenberry j
2014_NE_House-1_REP,REP,Jessica L. Turek,5902,7.99,1,False,turek j
2014_NE_House-1_REP,REP,Dennis L. Parker,4407,5.97,1,False,parker d
2014_NE_House-2_DEM,DEM,Brad Ashford,16989,81.44,4,True,ashford b
2014_NE_House-2_DEM,DEM,Mark Aupperle,3872,18.56,4,False,aupperle m
2014_NE_House-2_REP,REP,Lee Terry,25812,52.93,3,True,terry l
2014_NE_House-2_REP,REP,Dan Frei,22970,47.07,3,False,frei d
2014_NE_House-3_DEM,DEM,Mark Sullivan,20069,100.0,7,True,sullivan m
2014_NE_House-3_REP,REP,Adrian Smith,67113,68.1,6,True,smith a
2014_NE_House-3_REP,REP,Tom Brewer,31436,31.9,6,False,brewer t
2014_NH_House-1_DEM,DEM,Carol Shea-Porter,16956,98.1,1,True,sheaporter c
2014_NH_House-1_DEM,DEM,Write-ins,327,1.9,1,False,writeins
2014_NH_House-1_REP,REP,Frank Guinta,29246,49.0,2,True,guinta f
2014_NH_House-1_REP,REP,Dan Innis,24342,40.8,2,False,innis d
2014_NH_House-1_REP,REP,Brendan Kelly,4999,8.4,2,False,kelly b
2014_NH_House-1_REP,REP,Everett Jabour,996,1.7,2,False,jabour e
2014_NH_House-1_REP,REP,Write-ins,123,0.2,2,False,writeins
2014_NH_House-2_DEM,DEM,Ann McLane Kuster,21269,98.6,3,True,kuster a
2014_NH_House-2_DEM,DEM,Write-ins,300,1.4,3,False,writeins
2014_NH_House-2_REP,REP,Marilinda Garcia,27285,49.2,4,True,garcia m
2014_NH_House-2_REP,REP,Gary Lambert,15196,27.4,4,False,lambert g
2014_NH_House-2_REP,REP,Jim Lawrence,10327,18.6,4,False,lawrence j
2014_NH_House-2_REP,REP,Mike Little,2489,4.5,4,False,little m
2014_NH_House-2_REP,REP,Write-ins,165,0.12,4,False,writeins
2014_NJ_House-10_DEM,DEM,Donald Payne,23965,91.3,19,True,payne d
2014_NJ_House-10_DEM,DEM,Robert Toussaint,1259,4.8,19,False,toussaint r
2014_NJ_House-10_DEM,DEM,Aaron Fraser,666,2.6,19,False,fraser a
2014_NJ_House-10_DEM,DEM,Curtis Vaughn,349,1.3,19,False,vaughn c
2014_NJ_House-10_REP,REP,Yolanda Dentley,1443,100.0,20,True,dentley y
2014_NJ_House-11_DEM,DEM,Mark Dunec,6855,76.0,22,True,dunec m
2014_NJ_House-11_DEM,DEM,Brian Murphy,1105,12.3,22,False,murphy b
2014_NJ_House-11_DEM,DEM,Lee Anne Brogowski,1059,11.7,22,False,brogowski l
2014_NJ_House-11_REP,REP,Rodney Frelinghuysen,15379,66.6,21,True,frelinghuysen r
2014_NJ_House-11_REP,REP,Rick Van Glahn,7700,33.4,21,False,glahn r
2014_NJ_House-12_DEM,DEM,Bonnie Watson Coleman,15413,42.9,23,True,coleman b
2014_NJ_House-12_DEM,DEM,Linda Greenstein,10031,27.9,23,False,greenstein l
2014_NJ_House-12_DEM,DEM,Upendra Chivukula,7824,21.8,23,False,chivukula u
2014_NJ_House-12_DEM,DEM,Andrew Zwicker,2648,7.4,23,False,zwicker a
2014_NJ_House-12_REP,REP,Alieta Eck,6570,100.0,24,True,eck a
2014_NJ_House-1_DEM,DEM,Donald Norcross,18400,72.1,1,True,norcross d
2014_NJ_House-1_DEM,DEM,Frank Broomell,3848,15.1,1,False,broomell f
2014_NJ_House-1_DEM,DEM,Frank Minor,3276,12.8,1,False,minor f
2014_NJ_House-1_REP,REP,Garry Cobb,6378,68.3,2,True,cobb g
2014_NJ_House-1_REP,REP,Claire Gustafson,1334,14.3,2,False,gustafson c
2014_NJ_House-1_REP,REP,Gerard McManus,863,9.2,2,False,mcmanus g
2014_NJ_House-1_REP,REP,Lee Lucas,766,8.2,2,False,lucas l
2014_NJ_House-2_DEM,DEM,Bill Hughes,11074,81.7,4,True,hughes b
2014_NJ_House-2_DEM,DEM,David Cole,2481,18.3,4,False,cole d
2014_NJ_House-2_REP,REP,Frank LoBiondo,13881,82.4,3,True,lobiondo f
2014_NJ_House-2_REP,REP,Mike Assad,2968,17.6,3,False,assad m
2014_NJ_House-3_DEM,DEM,Aimee Belgard,11649,83.6,6,True,belgard a
2014_NJ_House-3_DEM,DEM,Howard Kleinhendler,1623,11.6,6,False,kleinhendler h
2014_NJ_House-3_DEM,DEM,Bruce Todd,673,4.8,6,False,todd b
2014_NJ_House-3_REP,REP,Tom MacArthur,15261,59.7,5,True,macarthur t
2014_NJ_House-3_REP,REP,Steve Lonegan,10314,40.3,5,False,lonegan s
2014_NJ_House-4_DEM,DEM,Ruben Scolavino,8108,100.0,8,True,scolavino r
2014_NJ_House-4_REP,REP,Chris Smith,14786,100.0,7,True,smith c
2014_NJ_House-5_DEM,DEM,Roy Cho,8983,90.4,10,True,cho r
2014_NJ_House-5_DEM,DEM,Diane Sare,954,9.6,10,False,sare d
2014_NJ_House-5_REP,REP,Scott Garrett,15411,100.0,9,True,garrett s
2014_NJ_House-6_DEM,DEM,Frank Pallone,11321,100.0,11,True,pallone f
2014_NJ_House-6_REP,REP,Anthony Wilkinson,4806,100.0,12,True,wilkinson a
2014_NJ_House-7_DEM,DEM,Janice Kovach,8485,100.0,14,True,kovach j
2014_NJ_House-7_REP,REP,Leonard Lance,15609,54.4,13,True,lance l
2014_NJ_House-7_REP,REP,David Larsen,13105,45.6,13,False,larsen d
2014_NJ_House-8_DEM,DEM,Albio Sires,24946,100.0,15,True,sires a
2014_NJ_House-8_REP,REP,Jude-Anthony Tiscornia,1951,100.0,16,True,tiscornia j
2014_NJ_House-9_DEM,DEM,Bill Pascrell,12333,100.0,17,True,pascrell b
2014_NJ_House-9_REP,REP,Dierdre Paul,4161,100.0,18,True,paul d
2014_NM_House-1_DEM,DEM,Michelle Lujan Grisham,29133,100.0,1,True,grisham m
2014_NM_House-1_REP,REP,Michael Frese,13300,65.34,2,True,frese m
2014_NM_House-1_REP,REP,Richard Priem,7054,34.66,2,False,priem r
2014_NM_House-2_DEM,DEM,"Roxanne ""Rocky"" Lara",21751,100.0,4,True,lara r
2014_NM_House-2_REP,REP,Steve Pearce,24598,100.0,3,True,pearce s
2014_NM_House-3_DEM,DEM,Ben R. Luján,50709,87.6,5,True,lujan b
2014_NM_House-3_DEM,DEM,Robert Blanch,7207,12.4,5,False,blanch r
2014_NM_House-3_REP,REP,Jefferson Byrd,15690,100.0,6,True,byrd j
2014_NV_House-1_DEM,DEM,Dina Titus,12966,86.0,1,True,titus d
2014_NV_House-1_DEM,DEM,Herbert Glenn Peters,2106,14.0,1,False,peters h
2014_NV_House-1_REP,REP,Annette Teijeiro,6083,54.7,2,True,teijeiro a
2014_NV_House-1_REP,REP,Jose Padilla,5045,45.3,2,False,padilla j
2014_NV_House-2_DEM,DEM,Kristen Spees,8206,38.3,3,True,spees k
2014_NV_House-2_DEM,DEM,Brian Dempsey,6804,31.8,3,False,dempsey b
2014_NV_House-2_DEM,DEM,Vance Alm,3225,15.1,3,False,alm v
2014_NV_House-2_DEM,DEM,Ed Lee,3164,14.8,3,False,lee e
2014_NV_House-3_DEM,DEM,Erin Bilbray,13204,84.0,4,True,bilbray e
2014_NV_House-3_DEM,DEM,"Zachary ""Mr. Z"" Campbell",2511,16.0,4,False,campbell z
2014_NV_House-4_DEM,DEM,Steven Horsford,16269,84.3,5,True,horsford s
2014_NV_House-4_DEM,DEM,Mark J. Budetich,1532,7.9,5,False,budetich m
2014_NV_House-4_DEM,DEM,Sid Zeller,1498,7.8,5,False,zeller s
2014_NV_House-4_REP,REP,Cresent Hardy,10398,42.6,6,True,hardy c
2014_NV_House-4_REP,REP,Niger Innis,8077,33.1,6,False,innis n
2014_NV_House-4_REP,REP,Michael Ace Monroe,5393,22.1,6,False,monroe m
2014_NV_House-4_REP,REP,"Carlo ""Mazunga"" Poliak",523,2.2,6,False,poliak c
2014_NY_House-13_DEM,DEM,Charles B. Rangel,23799,47.8,8,True,rangel c
2014_NY_House-13_DEM,DEM,Adriano Espaillat,21477,43.1,8,False,espaillat a
2014_NY_House-13_DEM,DEM,"Michael A. Walrond, Jr.",3954,7.9,8,False,walrond m
2014_NY_House-13_DEM,DEM,Yolanda Garcia,597,1.2,8,False,garcia y
2014_NY_House-15_DEM,DEM,Jose E. Serrano,10346,91.9,9,True,serrano j
2014_NY_House-15_DEM,DEM,Sam Sloan,1004,8.8,9,False,sloan s
2014_NY_House-1_REP,REP,Lee Zeldin,10283,61.3,1,True,zeldin l
2014_NY_House-1_REP,REP,George Demos,6482,38.7,1,False,demos g
2014_NY_House-21_REP,REP,Elise Stefanik,16489,60.8,11,True,stefanik e
2014_NY_House-21_REP,REP,Matt Doheny,10620,39.2,11,False,doheny m
2014_NY_House-22_REP,REP,Richard L. Hanna,16119,53.5,12,True,hanna r
2014_NY_House-22_REP,REP,Claudia Tenney,14000,46.5,12,False,tenney c
2014_NY_House-3_REP,REP,Grant M. Lally,3439,50.1,2,True,lally g
2014_NY_House-3_REP,REP,Stephen A. Labate,3428,49.9,2,False,labate s
2014_NY_House-4_DEM,DEM,Kathleen M. Rice,7770,57.3,3,True,rice k
2014_NY_House-4_DEM,DEM,Kevan M. Abrahams,5791,42.7,3,False,abrahams k
2014_NY_House-4_REP,REP,Bruce A. Blakeman,9083,66.0,4,True,blakeman b
2014_NY_House-4_REP,REP,Frank J. Scaturro,4687,34.0,4,False,scaturro f
2014_NY_House-5_DEM,DEM,Gregory W. Meeks,8119,80.1,6,True,meeks g
2014_NY_House-5_DEM,DEM,Joseph R. Marthone,2023,19.9,6,False,marthone j
2014_NY_House-7_DEM,DEM,Nydia M. Velázquez,7627,80.9,7,True,velazquez n
2014_NY_House-7_DEM,DEM,Jeffrey M. Kurzon,1796,19.1,7,False,kurzon j
2014_OH_House-10_DEM,DEM,Robert Klepinger,9645,55.8,22,True,klepinger r
2014_OH_House-10_DEM,DEM,Bill Conner,7655,44.2,22,False,conner b
2014_OH_House-10_REP,REP,Mike Turner,32550,79.9,21,True,turner m
2014_OH_House-10_REP,REP,John D. Anderson,8214,20.1,21,False,anderson j
2014_OH_House-11_DEM,DEM,Marcia Fudge,55088,100.0,24,True,fudge m
2014_OH_House-11_REP,REP,Mark Zetzer,8839,100.0,25,True,zetzer m
2014_OH_House-12_DEM,DEM,David Arthur Tibbs,18259,100.0,27,True,tibbs d
2014_OH_House-12_REP,REP,Pat Tiberi,46186,100.0,26,True,tiberi p
2014_OH_House-13_DEM,DEM,Tim Ryan,45585,85.1,29,True,ryan t
2014_OH_House-13_DEM,DEM,John Stephen Luchansky,8016,14.9,29,False,luchansky j
2014_OH_House-13_REP,REP,Thomas Pekarek,351,100.0,30,True,pekarek t
2014_OH_House-14_DEM,DEM,Michael Wager,23533,100.0,32,True,wager m
2014_OH_House-14_REP,REP,David Joyce,27547,55.0,31,True,joyce d
2014_OH_House-14_REP,REP,Matt Lynch,22546,45.0,31,False,lynch m
2014_OH_House-15_DEM,DEM,Scott Wharton,18336,100.0,35,True,wharton s
2014_OH_House-15_REP,REP,Steve Stivers,36569,90.1,34,True,stivers s
2014_OH_House-15_REP,REP,Charles S. Chope,3999,9.9,34,False,chope c
2014_OH_House-16_DEM,DEM,Pete Crossland,14635,58.1,37,True,crossland p
2014_OH_House-16_DEM,DEM,James Donenwirth,10575,41.9,37,False,donenwirth j
2014_OH_House-16_REP,REP,Jim Renacci,37040,100.0,36,True,renacci j
2014_OH_House-1_DEM,DEM,Fred Kundrata,7369,55.9,2,True,kundrata f
2014_OH_House-1_DEM,DEM,Jim Prues,5814,44.1,2,False,prues j
2014_OH_House-1_REP,REP,Steve Chabot,31953,100.0,1,True,chabot s
2014_OH_House-2_DEM,DEM,Marek Tyszkiewicz,4812,29.7,4,True,tyszkiewicz m
2014_OH_House-2_DEM,DEM,Ronny Richards,3995,24.7,4,False,richards r
2014_OH_House-2_DEM,DEM,William R. Smith,3974,24.5,4,False,smith w
2014_OH_House-2_DEM,DEM,John Sheil,3416,21.1,4,False,sheil j
2014_OH_House-2_REP,REP,Brad Wenstrup,37134,100.0,3,True,wenstrup b
2014_OH_House-3_DEM,DEM,Joyce Beatty,25151,100.0,5,True,beatty j
2014_OH_House-3_REP,REP,John Adams,10045,58.8,6,True,adams j
2014_OH_House-3_REP,REP,Eric Vennon,7032,41.2,6,False,vennon e
2014_OH_House-4_DEM,DEM,Janet Garrett,1471,100.0,8,True,garrett j
2014_OH_House-4_REP,REP,Jim Jordan,47967,100.0,7,True,jordan j
2014_OH_House-5_DEM,DEM,Robert Fry,16460,100.0,10,True,fry r
2014_OH_House-5_REP,REP,Bob Latta,42288,100.0,9,True,latta b
2014_OH_House-6_DEM,DEM,Jennifer Garrison,22359,73.0,13,True,garrison j
2014_OH_House-6_DEM,DEM,Gregory D. Howard,8292,27.0,13,False,howard g
2014_OH_House-6_REP,REP,Bill Johnson,30799,100.0,12,True,johnson b
2014_OH_House-7_REP,REP,Bob Gibbs,32839,100.0,15,True,gibbs b
2014_OH_House-8_DEM,DEM,Tom Poetter,8911,54.6,17,True,poetter t
2014_OH_House-8_DEM,DEM,Matthew J. Guyette,7399,45.4,17,False,guyette m
2014_OH_House-8_REP,REP,John Boehner,47261,71.5,16,True,boehner j
2014_OH_House-8_REP,REP,J.D. Winteregg,15030,22.7,16,False,winteregg j
2014_OH_House-8_REP,REP,Eric Gurr,3812,5.8,16,False,gurr e
2014_OH_House-9_DEM,DEM,Marcy Kaptur,32464,100.0,19,True,kaptur m
2014_OH_House-9_REP,REP,Richard May,9587,72.2,20,True,may r
2014_OH_House-9_REP,REP,"Robert C. Horrocks, Jr.",3686,27.8,20,False,horrocks r
2014_OK_House-2_DEM,DEM,Earl E. Everett,33119,62.6,2,True,everett e
2014_OK_House-2_DEM,DEM,Joshua Harris-Till,19813,37.4,2,False,harristill j
2014_OK_House-2_REP,REP,Markwayne Mullin,26245,79.7,1,True,mullin m
2014_OK_House-2_REP,REP,Darrell Robertson,6673,20.3,1,False,robertson d
2014_OK_House-3_REP,REP,Frank Lucas,54847,82.8,3,True,lucas f
2014_OK_House-3_REP,REP,Robert Hubbard,7925,12.0,3,False,hubbard r
2014_OK_House-3_REP,REP,Timothy Ray Murray,3449,5.2,3,False,murray t
2014_OK_House-4_DEM,DEM,Bert Smith,24268,81.6,5,True,smith b
2014_OK_House-4_DEM,DEM,Tae Si,5485,18.4,5,False,si t
2014_OK_House-4_REP,REP,Tom Cole,40790,84.4,4,True,cole t
2014_OK_House-4_REP,REP,Anna Flatt,7511,15.6,4,False,flatt a
2014_OK_House-5_DEM,DEM,Al McAffrey,10417,54.2,9,True,mcaffrey a
2014_OK_House-5_DEM,DEM,Tom Guild,8793,45.8,9,False,guild t
2014_OK_House-5_REP,REP,Steve Russell,19374,59.3,7,True,russell s
2014_OK_House-5_REP,REP,Patrice Douglas,13319,40.7,7,False,douglas p
2014_OR_House-1_DEM,DEM,Suzanne Bonamici,50903,98.8,1,True,bonamici s
2014_OR_House-1_DEM,DEM,Write-ins,601,1.2,1,False,writeins
2014_OR_House-1_REP,REP,Jason Yates,16466,42.3,2,True,yates j
2014_OR_House-1_REP,REP,Delinda Delgado Morgan,15521,39.9,2,False,morgan d
2014_OR_House-1_REP,REP,Bob Niemeyer,6637,17.0,2,False,niemeyer b
2014_OR_House-1_REP,REP,Write-ins,312,0.8,2,False,writeins
2014_OR_House-2_DEM,DEM,Aelea Christofferson,24407,61.8,4,True,christofferson a
2014_OR_House-2_DEM,DEM,Barney Spera,7996,20.2,4,False,spera b
2014_OR_House-2_DEM,DEM,C. F. Vulliet,6103,15.5,4,False,vulliet c
2014_OR_House-2_DEM,DEM,Write-ins,1007,2.5,4,False,writeins
2014_OR_House-2_REP,REP,Greg Walden,64603,75.5,3,True,walden g
2014_OR_House-2_REP,REP,Dennis Linthicum,20745,24.3,3,False,linthicum d
2014_OR_House-2_REP,REP,Write-ins,185,0.2,3,False,writeins
2014_OR_House-3_DEM,DEM,Earl Blumenauer,69753,98.6,5,True,blumenauer e
2014_OR_House-3_DEM,DEM,Write-ins,969,1.4,5,False,writeins
2014_OR_House-3_REP,REP,James Buchal,15083,97.8,6,True,buchal j
2014_OR_House-3_REP,REP,Write-ins,338,2.2,6,False,writeins
2014_OR_House-4_DEM,DEM,Peter DeFazio,57970,98.3,7,True,defazio p
2014_OR_House-4_DEM,DEM,Write-ins,1016,1.7,7,False,writeins
2014_OR_House-4_REP,REP,Arthur B. Robinson,45391,97.3,8,True,robinson a
2014_OR_House-4_REP,REP,write-ins,1255,2.7,8,False,writeins
2014_OR_House-5_DEM,DEM,Kurt Schrader,42041,83.1,9,True,schrader k
2014_OR_House-5_DEM,DEM,Anita Brown,8106,16.0,9,False,brown a
2014_OR_House-5_DEM,DEM,Write-ins,445,0.9,9,False,writeins
2014_OR_House-5_REP,REP,Tootie Smith,31883,62.9,10,True,smith t
2014_OR_House-5_REP,REP,Ben Pollock,18595,36.6,10,False,pollock b
2014_OR_House-5_REP,REP,Write-ins,268,0.5,10,False,writeins
2014_PA_House-10_DEM,DEM,Scott Brion,22860,100.0,20,True,brion s
2014_PA_House-10_REP,REP,Tom Marino,32538,100.0,19,True,marino t
2014_PA_House-11_DEM,DEM,Andrew Ostrowski,28567,100.0,22,True,ostrowski a
2014_PA_House-11_REP,REP,Lou Barletta,29772,100.0,21,True,barletta l
2014_PA_House-12_DEM,DEM,Erin McClelland,32971,68.0,24,True,mcclelland e
2014_PA_House-12_DEM,DEM,John Hugya,15547,32.0,24,False,hugya j
2014_PA_House-12_REP,REP,Keith Rothfus,23291,100.0,23,True,rothfus k
2014_PA_House-13_DEM,DEM,Brendan F. Boyle,24775,40.6,25,True,boyle b
2014_PA_House-13_DEM,DEM,Marjorie Margolies,16723,27.4,25,False,margolies m
2014_PA_House-13_DEM,DEM,Daylin Leach,10130,16.6,25,False,leach d
2014_PA_House-13_DEM,DEM,Val Arkoosh,9386,15.4,25,False,arkoosh v
2014_PA_House-13_REP,REP,"Carson ""Dee"" Adcock",10211,65.8,26,True,adcock c
2014_PA_House-13_REP,REP,Beverly Plosa-Bowser,5312,34.2,26,False,plosabowser b
2014_PA_House-14_DEM,DEM,Michael F. Doyle,57039,84.1,27,True,doyle m
2014_PA_House-14_DEM,DEM,Janis C. Brooks,10806,15.9,27,False,brooks j
2014_PA_House-15_REP,REP,Charlie Dent,20700,100.0,28,True,dent c
2014_PA_House-16_DEM,DEM,Tom Houghton,14386,62.7,30,True,houghton t
2014_PA_House-16_DEM,DEM,Raja Kittappa,8541,37.3,30,False,kittappa r
2014_PA_House-16_REP,REP,Joe Pitts,25611,100.0,29,True,pitts j
2014_PA_House-17_DEM,DEM,Matt Cartwright,47992,100.0,31,True,cartwright m
2014_PA_House-17_REP,REP,David Moylan,9227,44.6,32,True,moylan d
2014_PA_House-17_REP,REP,Matt Connolly,7000,33.8,32,False,connolly m
2014_PA_House-17_REP,REP,Matthew Dietz,4465,21.6,32,False,dietz m
2014_PA_House-18_REP,REP,Timothy F. Murphy,19575,100.0,33,True,murphy t
2014_PA_House-1_DEM,DEM,Bob Brady,47565,100.0,1,True,brady b
2014_PA_House-1_REP,REP,Megan Rath,6995,100.0,2,True,rath m
2014_PA_House-2_DEM,DEM,Chaka Fattah,82167,100.0,3,True,fattah c
2014_PA_House-2_REP,REP,Armond James,3117,100.0,4,True,james a
2014_PA_House-3_DEM,DEM,Dan LaVallee,30153,100.0,6,True,lavallee d
2014_PA_House-3_REP,REP,Mike Kelly,33475,100.0,5,True,kelly m
2014_PA_House-4_DEM,DEM,Linda D. Thompson,24312,100.0,8,True,thompson l
2014_PA_House-4_REP,REP,Scott Perry,35020,100.0,7,True,perry s
2014_PA_House-5_DEM,DEM,Kerith Strano Taylor,18172,53.8,10,True,taylor k
2014_PA_House-5_DEM,DEM,Thomas Tarantella,15603,46.2,10,False,tarantella t
2014_PA_House-5_REP,REP,Glenn Thompson,37564,100.0,9,True,thompson g
2014_PA_House-6_DEM,DEM,Manan Trivedi,27359,100.0,12,True,trivedi m
2014_PA_House-6_REP,REP,Ryan Costello,24313,100.0,11,True,costello r
2014_PA_House-7_DEM,DEM,Mary Ellen Balchunis,29444,100.0,14,True,balchunis m
2014_PA_House-7_REP,REP,Pat Meehan,31020,100.0,13,True,meehan p
2014_PA_House-8_DEM,DEM,Kevin Strouse,18440,51.1,16,True,strouse k
2014_PA_House-8_DEM,DEM,Shaughnessy Naughton,17623,48.9,16,False,naughton s
2014_PA_House-8_REP,REP,Mike Fitzpatrick,22170,100.0,15,True,fitzpatrick m
2014_PA_House-9_DEM,DEM,Alanna Hartzok,30938,100.0,18,True,hartzok a
2014_PA_House-9_REP,REP,Bill Shuster,24465,52.8,17,True,shuster b
2014_PA_House-9_REP,REP,Art Halvorson,16021,34.5,17,False,halvorson a
2014_PA_House-9_REP,REP,Travis Schooley,5885,12.7,17,False,schooley t
2014_RI_House-1_DEM,DEM,David Cicilline,38186,63.0,1,True,cicilline d
2014_RI_House-1_DEM,DEM,Matthew Fecteau,22447,37.0,1,False,fecteau m
2014_RI_House-1_REP,REP,Cormick Lynch,6527,72.4,2,True,lynch c
2014_RI_House-1_REP,REP,Stanford Tran,2483,27.6,2,False,tran s
2014_RI_House-2_DEM,DEM,James Langevin,44512,100.0,3,True,langevin j
2014_RI_House-2_REP,REP,Rhue Reis,14143,100.0,4,True,reis r
2014_SC_House-2_DEM,DEM,Phil Black,6699,54.2,2,True,black p
2014_SC_House-2_DEM,DEM,Ed Greenleaf,5663,45.8,2,False,greenleaf e
2014_SC_House-2_REP,REP,Joe Wilson,43687,81.6,1,True,wilson j
2014_SC_House-2_REP,REP,Eddie McCain,9842,18.4,1,False,mccain e
2014_SC_House-3_DEM,DEM,Barbara Jo Mullis,4989,66.6,3,True,mullis b
2014_SC_House-3_DEM,DEM,Hosea Cleveland,2501,33.4,3,False,cleveland h
2014_SC_House-6_DEM,DEM,Jim Clyburn,37429,86.0,4,True,clyburn j
2014_SC_House-6_DEM,DEM,Karen Smith,6101,14.0,4,False,smith k
2014_SC_House-6_REP,REP,Anthony Culler,10377,66.5,5,True,culler a
2014_SC_House-6_REP,REP,Leon Winn,5231,33.5,5,False,winn l
2014_TN_House-1_REP,REP,Phil Roe,73212,83.7,1,True,roe p
2014_TN_House-1_REP,REP,Daniel J. Hartley,7582,8.7,1,False,hartley d
2014_TN_House-1_REP,REP,John Paul Rader,6663,7.6,1,False,rader j
2014_TN_House-2_DEM,DEM,Bob Scott,12715,100.0,3,True,scott b
2014_TN_House-2_REP,REP,"John J. Duncan, Jr.",50532,60.5,2,True,duncan j
2014_TN_House-2_REP,REP,Jason Zachary,33054,39.5,2,False,zachary j
2014_TN_House-3_DEM,DEM,Mary M. Headrick,23646,100.0,5,True,headrick m
2014_TN_House-3_REP,REP,Chuck Fleischmann,46556,50.8,4,True,fleischmann c
2014_TN_House-3_REP,REP,Weston Wamp,45082,49.2,4,False,wamp w
2014_TN_House-3_REP,REP,Harry Lane,2,0.0,4,False,lane h
2014_TN_House-4_DEM,DEM,Lenda Sherrell,22859,100.0,7,True,sherrell l
2014_TN_House-4_REP,REP,Scott DesJarlais,34793,44.89,6,True,desjarlais s
2014_TN_House-4_REP,REP,Jim Tracy,34755,44.84,6,False,tracy j
2014_TN_House-4_REP,REP,John Anderson,4592,5.93,6,False,anderson j
2014_TN_House-4_REP,REP,Steve Lane,1483,1.91,6,False,lane s
2014_TN_House-4_REP,REP,David R. Tate,938,1.21,6,False,tate d
2014_TN_House-4_REP,REP,Michael S. Warden,659,0.85,6,False,warden m
2014_TN_House-4_REP,REP,"Oluyomi ""Fapas"" Faparusi, Sr.",284,0.37,6,False,faparusi o
2014_TN_House-5_DEM,DEM,Jim Cooper,40831,100.0,8,True,cooper j
2014_TN_House-5_REP,REP,Bob Ries,11415,37.8,9,True,ries b
2014_TN_House-5_REP,REP,Chris Carter,9004,29.8,9,False,carter c
2014_TN_House-5_REP,REP,"John ""Big John"" Smith",5330,17.7,9,False,smith j
2014_TN_House-5_REP,REP,Ronnie Holden,4434,14.7,9,False,holden r
2014_TN_House-6_DEM,DEM,Amos Scott Powers,22347,100.0,11,True,powers a
2014_TN_House-6_REP,REP,Diane Black,67907,76.7,10,True,black d
2014_TN_House-6_REP,REP,Jerry Lowery,20664,23.3,10,False,lowery j
2014_TN_House-7_DEM,DEM,Daniel Cramer,20266,81.0,13,True,cramer d
2014_TN_House-7_DEM,DEM,Credo Comlan Amouzouvik,4751,19.0,13,False,amouzouvik c
2014_TN_House-7_REP,REP,Marsha Blackburn,64984,84.2,12,True,blackburn m
2014_TN_House-7_REP,REP,Jacob Brimm,12202,15.8,12,False,brimm j
2014_TN_House-8_DEM,DEM,Wes Bradley,9400,34.7,15,True,bradley w
2014_TN_House-8_DEM,DEM,Rickey Hobson,9014,33.3,15,False,hobson r
2014_TN_House-8_DEM,DEM,Tom Reasons,5547,20.5,15,False,reasons t
2014_TN_House-8_DEM,DEM,Lawrence A. Pivnick,3105,11.5,15,False,pivnick l
2014_TN_House-8_REP,REP,Stephen Lee Fincher,68472,79.0,14,True,fincher s
2014_TN_House-8_REP,REP,Dana Matheny,11823,13.7,14,False,matheny d
2014_TN_House-8_REP,REP,John Mills,6339,7.3,14,False,mills j
2014_TN_House-8_REP,REP,Nicholas Pegues,1,0.0,14,False,pegues n
2014_TN_House-9_DEM,DEM,Steve Cohen,45423,66.2,16,True,cohen s
2014_TN_House-9_DEM,DEM,Ricky Wilkins,22336,32.5,16,False,wilkins r
2014_TN_House-9_DEM,DEM,Isaac Richmond,876,1.3,16,False,richmond i
2014_TN_House-9_REP,REP,Charlotte Bergmann,18579,100.0,17,True,bergmann c
2014_TX_House-10_DEM,DEM,Tawana Walter-Cadien,13915,100.0,16,True,waltercadien t
2014_TX_House-10_REP,REP,Michael McCaul,38406,100.0,15,True,mccaul m
2014_TX_House-11_REP,REP,Mike Conaway,53272,73.7,17,True,conaway m
2014_TX_House-11_REP,REP,Wade Brown,19010,26.3,17,False,brown w
2014_TX_House-12_DEM,DEM,Mark Greene,9700,100.0,19,True,greene m
2014_TX_House-12_REP,REP,Kay Granger,39907,100.0,18,True,granger k
2014_TX_House-13_DEM,DEM,Mike Minter,4842,100.0,21,True,minter m
2014_TX_House-13_REP,REP,Mac Thornberry,45168,68.2,20,True,thornberry m
2014_TX_House-13_REP,REP,Elaine Hays,12330,18.6,20,False,hays e
2014_TX_House-13_REP,REP,Pam Barlow,8723,13.2,20,False,barlow p
2014_TX_House-14_DEM,DEM,Don Brown,9780,68.2,23,True,brown d
2014_TX_House-14_DEM,DEM,Buck Willis,3699,25.8,23,False,willis b
2014_TX_House-14_DEM,DEM,Gagan Panjhazari,853,6.0,23,False,panjhazari g
2014_TX_House-14_REP,REP,Randy Weber,34131,100.0,22,True,weber r
2014_TX_House-15_DEM,DEM,Rubén Hinojosa,29916,100.0,24,True,hinojosa r
2014_TX_House-15_REP,REP,Eddie Zamora,7810,54.9,25,True,zamora e
2014_TX_House-15_REP,REP,Doug Carlile,6407,45.1,25,False,carlile d
2014_TX_House-16_DEM,DEM,Beto O'Rourke,24728,100.0,26,True,orourke b
2014_TX_House-16_REP,REP,Corey Roen,6239,100.0,27,True,roen c
2014_TX_House-17_DEM,DEM,Nick Haynes,10141,100.0,29,True,haynes n
2014_TX_House-17_REP,REP,Bill Flores,32770,100.0,28,True,flores b
2014_TX_House-18_DEM,DEM,Sheila Jackson Lee,14373,100.0,30,True,lee s
2014_TX_House-18_REP,REP,Sean Seibert,6527,100.0,31,True,seibert s
2014_TX_House-19_DEM,DEM,Neal Marchbanks,6476,100.0,33,True,marchbanks n
2014_TX_House-19_REP,REP,Randy Neugebauer,39611,64.4,32,True,neugebauer r
2014_TX_House-19_REP,REP,Donald May,14498,23.5,32,False,may d
2014_TX_House-19_REP,REP,Chris Winn,7429,12.1,32,False,winn c
2014_TX_House-1_DEM,DEM,Shirley McKellar,7240,100.0,2,True,mckellar s
2014_TX_House-1_REP,REP,Louie Gohmert,16096,100.0,1,True,gohmert l
2014_TX_House-20_DEM,DEM,Joaquín Castro,16275,100.0,34,True,castro j
2014_TX_House-21_REP,REP,Lamar S. Smith,40441,60.4,35,True,smith l
2014_TX_House-21_REP,REP,Matt McCall,22681,33.9,35,False,mccall m
2014_TX_House-21_REP,REP,Michael J. Smith,3796,5.7,35,False,smith m
2014_TX_House-22_DEM,DEM,Frank Briscoe,3378,53.2,37,True,briscoe f
2014_TX_House-22_DEM,DEM,Mark Gibson,2973,46.8,37,False,gibson m
2014_TX_House-22_REP,REP,Pete Olson,33167,100.0,36,True,olson p
2014_TX_House-23_DEM,DEM,Pete P. Gallego,26484,100.0,38,True,gallego p
2014_TX_House-23_REP,REP,Will Hurd,8699,59.5,40,True,hurd w
2014_TX_House-23_REP,REP,Quico Canseco,5930,40.5,40,False,canseco q
2014_TX_House-24_DEM,DEM,Patrick McGehearty,8247,100.0,42,True,mcgehearty p
2014_TX_House-24_REP,REP,Kenny Marchant,34265,100.0,41,True,marchant k
2014_TX_House-25_DEM,DEM,Marco Montoya,11691,75.2,44,True,montoya m
2014_TX_House-25_DEM,DEM,Stuart Gourd,3863,24.8,44,False,gourd s
2014_TX_House-25_REP,REP,Roger Williams,43030,100.0,43,True,williams r
2014_TX_House-26_REP,REP,Michael C. Burgess,33909,82.6,45,True,burgess m
2014_TX_House-26_REP,REP,Joel A. Krause,6433,15.7,45,False,krause j
2014_TX_House-26_REP,REP,Divenchy Watrous,698,1.7,45,False,watrous d
2014_TX_House-27_DEM,DEM,Wesley Reed,11585,100.0,47,True,reed w
2014_TX_House-27_REP,REP,Blake Farenthold,32727,100.0,46,True,farenthold b
2014_TX_House-28_DEM,DEM,Henry Cuellar,36821,100.0,48,True,cuellar h
2014_TX_House-29_DEM,DEM,Gene Green,6244,100.0,49,True,green g
2014_TX_House-2_DEM,DEM,Niko Letsos,5906,100.0,4,True,letsos n
2014_TX_House-2_REP,REP,Ted Poe,34863,100.0,3,True,poe t
2014_TX_House-30_DEM,DEM,Eddie Bernice Johnson,23756,69.9,50,True,johnson e
2014_TX_House-30_DEM,DEM,Barbara Mallory Caraway,10216,30.1,50,False,caraway b
2014_TX_House-31_DEM,DEM,Louie Minor,8036,100.0,52,True,minor l
2014_TX_House-31_REP,REP,John Carter,30011,100.0,51,True,carter j
2014_TX_House-32_DEM,DEM,Frank Perez,10681,100.0,54,True,perez f
2014_TX_House-32_REP,REP,Pete Sessions,28981,63.6,53,True,sessions p
2014_TX_House-32_REP,REP,Katrina Pierson,16574,36.4,53,False,pierson k
2014_TX_House-33_DEM,DEM,Marc Veasey,13292,73.5,55,True,veasey m
2014_TX_House-33_DEM,DEM,Tom Sanchez,4798,26.5,55,False,sanchez t
2014_TX_House-34_DEM,DEM,Filemon Vela,26237,100.0,56,True,vela f
2014_TX_House-34_REP,REP,Larry Smith,7427,100.0,57,True,smith l
2014_TX_House-35_DEM,DEM,Lloyd Doggett,15399,100.0,58,True,doggett l
2014_TX_House-35_REP,REP,Susan Narvaiz,9717,100.0,59,True,narvaiz s
2014_TX_House-36_DEM,DEM,Michael K. Cole,6507,100.0,62,True,cole m
2014_TX_House-36_REP,REP,Brian Babin,19301,57.8,61,True,babin b
2014_TX_House-36_REP,REP,Ben Streusand,14069,42.2,61,False,streusand b
2014_TX_House-3_REP,REP,Sam Johnson,31178,80.5,5,True,johnson s
2014_TX_House-3_REP,REP,Harry Pierce,3004,7.8,5,False,pierce h
2014_TX_House-3_REP,REP,Cami Dean,2435,6.3,5,False,dean c
2014_TX_House-3_REP,REP,Josh Loveless,2086,5.4,5,False,loveless j
2014_TX_House-4_REP,REP,John Ratcliffe,22271,52.8,7,True,ratcliffe j
2014_TX_House-4_REP,REP,Ralph Hall,19899,47.2,7,False,hall r
2014_TX_House-5_REP,REP,Jeb Hensarling,41634,100.0,8,True,hensarling j
2014_TX_House-6_DEM,DEM,David Edwin Cozad,11727,100.0,10,True,cozad d
2014_TX_House-6_REP,REP,Joe Barton,32618,72.7,9,True,barton j
2014_TX_House-6_REP,REP,Frank Kuchar,12272,27.3,9,False,kuchar f
2014_TX_House-7_DEM,DEM,James Cargas,4098,62.2,12,True,cargas j
2014_TX_House-7_DEM,DEM,Lissa Squiers,2491,37.8,12,False,squiers l
2014_TX_House-7_REP,REP,John Culberson,31065,100.0,11,True,culberson j
2014_TX_House-8_REP,REP,Kevin Brady,42368,68.3,13,True,brady k
2014_TX_House-8_REP,REP,Craig McMichael,19687,31.7,13,False,mcmichael c
2014_TX_House-9_DEM,DEM,Al Green,13442,100.0,14,True,green a
2014_VA_House-1_REP,REP,Rob Wittman,13292,76.2,1,True,wittman r
2014_VA_House-1_REP,REP,Anthony Riedel,4159,23.8,1,False,riedel a
2014_VA_House-7_REP,REP,Dave Brat,36105,55.5,2,True,brat d
2014_VA_House-7_REP,REP,Eric Cantor,28912,44.5,2,False,cantor e
2014_VA_House-8_DEM,DEM,Don Beyer,17783,45.7,4,True,beyer d
2014_VA_House-8_DEM,DEM,Patrick Hope,7095,18.3,4,False,hope p
2014_VA_House-8_DEM,DEM,Adam Ebbin,5262,13.5,4,False,ebbin a
2014_VA_House-8_DEM,DEM,William Euille,3264,8.4,4,False,euille w
2014_VA_House-8_DEM,DEM,Mark Levine,2613,6.7,4,False,levine m
2014_VA_House-8_DEM,DEM,Lavern Chatman,2117,5.5,4,False,chatman l
2014_VA_House-8_DEM,DEM,Derek Hyra,479,1.2,4,False,hyra d
2014_VA_House-8_DEM,DEM,Charniele Herring,126,0.3,4,False,herring c
2014_VA_House-8_DEM,DEM,Bruce Shuttleworth,85,0.2,4,False,shuttleworth b
2014_VA_House-8_DEM,DEM,Satish Korpe,42,0.1,4,False,korpe s
2014_VT_House-1_DEM,DEM,Peter Welch,19248,98.85,1,True,welch p
2014_VT_House-1_DEM,DEM,Write-in,224,1.15,1,False,writein
2014_VT_House-1_REP,REP,Mark Donka,4340,33.67,2,True,donka m
2014_VT_House-1_REP,REP,Donald Russell,4026,31.24,2,False,russell d
2014_VT_House-1_REP,REP,Donald W. Nolte,3803,29.51,2,False,nolte d
2014_VT_House-1_REP,REP,Write-in,719,5.58,2,False,writein
2014_WI_House-1_DEM,DEM,Rob Zerban,25627,77.6,2,True,zerban r
2014_WI_House-1_DEM,DEM,Amar Kaleka,7318,22.2,2,False,kaleka a
2014_WI_House-1_DEM,DEM,Write-ins,71,0.2,2,False,writeins
2014_WI_House-1_REP,REP,Paul Ryan,40813,94.3,1,True,ryan p
2014_WI_House-1_REP,REP,Jeremy Ryan,2450,5.7,1,False,ryan j
2014_WI_House-1_REP,REP,Write-ins,30,0.0,1,False,writeins
2014_WI_House-2_DEM,DEM,Mark Pocan,52517,99.6,3,True,pocan m
2014_WI_House-2_DEM,DEM,Write-ins,216,0.4,3,False,writeins
2014_WI_House-2_REP,REP,Peter Theron,12464,99.8,4,True,theron p
2014_WI_House-2_REP,REP,Write-ins,20,0.2,4,False,writeins
2014_WI_House-3_DEM,DEM,Ron Kind,28783,99.8,5,True,kind r
2014_WI_House-3_DEM,DEM,Write-ins,70,0.2,5,False,writeins
2014_WI_House-3_REP,REP,Tony Kurtz,13552,56.7,6,True,kurtz t
2014_WI_House-3_REP,REP,Karen L. Mueller,5630,23.5,6,False,mueller k
2014_WI_House-3_REP,REP,Ken Van Doren,4704,19.7,6,False,doren k
2014_WI_House-3_REP,REP,Write-ins,30,0.0,6,False,writeins
2014_WI_House-4_DEM,DEM,Gwen Moore,52413,70.9,7,True,moore g
2014_WI_House-4_DEM,DEM,Gary R. George,21242,28.7,7,False,george g
2014_WI_House-4_DEM,DEM,Write-ins,257,0.4,7,False,writeins
2014_WI_House-4_REP,REP,Dan Sebring,3386,79.7,8,True,sebring d
2014_WI_House-4_REP,REP,David D. King,855,20.1,8,False,king d
2014_WI_House-4_REP,REP,Write-ins,9,0.2,8,False,writeins
2014_WI_House-5_DEM,DEM,Chris Rockwood,21715,99.7,10,True,rockwood c
2014_WI_House-5_DEM,DEM,Write-ins,141,0.6,10,False,writeins
2014_WI_House-5_REP,REP,Jim Sensenbrenner,43266,99.8,9,True,sensenbrenner j
2014_WI_House-5_REP,REP,Write-ins,82,0.2,9,False,writeins
2014_WI_House-6_DEM,DEM,Mark Harris,19714,99.8,12,True,harris m
2014_WI_House-6_DEM,DEM,Write-ins,49,0.2,12,False,writeins
2014_WI_House-6_REP,REP,Glenn Grothman,23247,36.2,11,True,grothman g
2014_WI_House-6_REP,REP,Joe Leibham,23028,35.8,11,False,leibham j
2014_WI_House-6_REP,REP,Duey Stroebel,15873,24.7,11,False,stroebel d
2014_WI_House-6_REP,REP,Tom Denow,2117,3.3,11,False,denow t
2014_WI_House-6_REP,REP,Write-ins,30,0.0,11,False,writeins
2014_WI_House-7_DEM,DEM,Kelly Westlund,18631,77.9,14,True,westlund k
2014_WI_House-7_DEM,DEM,Mike Krsiean,5256,22.0,14,False,krsiean m
2014_WI_House-7_DEM,DEM,Write-ins,24,0.1,14,False,writeins
2014_WI_House-7_REP,REP,Sean Duffy,25707,87.6,13,True,duffy s
2014_WI_House-7_REP,REP,Don Raihala,3607,12.3,13,False,raihala d
2014_WI_House-7_REP,REP,Write-ins,22,0.1,13,False,writeins
2014_WI_House-8_DEM,DEM,Ron Gruett,18030,99.8,16,True,gruett r
2014_WI_House-8_DEM,DEM,Write-ins,34,0.2,16,False,writeins
2014_WI_House-8_REP,REP,Reid Ribble,33330,99.8,15,True,ribble r
2014_WV_House-1_DEM,DEM,Glen Gainer III,34764,100.0,2,True,gainer g
2014_WV_House-1_REP,REP,David McKinley,27589,100.0,1,True,mckinley d
2014_WV_House-2_DEM,DEM,Nick Casey,21646,60.6,4,True,casey n
2014_WV_House-2_DEM,DEM,Meshea Poore,14061,39.4,4,False,poore m
2014_WV_House-2_REP,REP,Alex Mooney,12678,36.0,3,True,mooney a
2014_WV_House-2_REP,REP,Ken Reed,7848,22.3,3,False,reed k
2014_WV_House-2_REP,REP,Charlotte Lane,6358,18.1,3,False,lane c
2014_WV_House-2_REP,REP,Steve Harrison,3885,11.0,3,False,harrison s
2014_WV_House-2_REP,REP,"Ron Walters, Jr.",2125,6.0,3,False,walters r
2014_WV_House-2_REP,REP,Jim Moss,1684,4.8,3,False,moss j
2014_WV_House-2_REP,REP,Robert Fluharty,621,1.8,3,False,fluharty r
2014_WV_House-3_DEM,DEM,Nick Rahall,37176,66.4,5,True,rahall n
2014_WV_House-3_DEM,DEM,Richard Ojeda,18767,33.6,5,False,ojeda r
2014_WV_House-3_REP,REP,Evan Jenkins,14374,100.0,6,True,jenkins e
2014_WY_House-1_DEM,DEM,Richard Grayson,14209,77.62,2,True,grayson r
2014_WY_House-1_DEM,DEM,Under Votes,3905,21.33,2,False,votes u
2014_WY_House-1_DEM,DEM,Write-in,190,1.04,2,False,writein
2014_WY_House-1_DEM,DEM,Over Votes,2,0.01,2,False,votes o
2014_WY_House-1_REP,REP,Cynthia Lummis,70918,71.41,1,True,lummis c
2014_WY_House-1_REP,REP,Jason Senteney,22251,22.4,1,False,senteney j
2014_WY_House-1_REP,REP,Under Votes,5820,5.86,1,False,votes u
2014_WY_House-1_REP,REP,Write-in,274,0.28,1,False,writein
2014_WY_House-1_REP,REP,Over Votes,50,0.05,1,False,votes o
2016_AK_House-1_DEM,DEM,Steve Lindbeck,17009,55.6,2,True,lindbeck s
2016_AK_House-1_DEM,DEM,Lynette Hinz,5130,16.8,2,False,hinz l
2016_AK_House-1_DEM,DEM,William Hibler,2918,9.5,2,False,hibler w
2016_AK_House-1_REP,REP,Don Young,38998,71.5,1,True,young d
2016_AK_House-1_REP,REP,Stephen Wright,10189,18.7,1,False,wright s
2016_AK_House-1_REP,REP,Gerald Heikes,2817,5.2,1,False,heikes g
2016_AK_House-1_REP,REP,Jesse Tingley,2524,4.6,1,False,tingley j
2016_AL_House-1_REP,REP,Bradley Byrne,71310,60.1,1,True,byrne b
2016_AL_House-1_REP,REP,Dean Young,47319,39.9,1,False,young d
2016_AL_House-2_REP,REP,Martha Roby,78689,66.4,2,True,roby m
2016_AL_House-2_REP,REP,Becky Gerritson,33015,27.8,2,False,gerritson b
2016_AL_House-2_REP,REP,"Robert L. ""Bob"" Rogers",6856,5.8,2,False,rogers r
2016_AL_House-3_REP,REP,Mike Rogers,77432,76.0,3,True,rogers m
2016_AL_House-3_REP,REP,Larry DiChiara,24474,24.0,3,False,dichiara l
2016_AL_House-4_REP,REP,Robert Aderholt,86660,81.2,4,True,aderholt r
2016_AL_House-4_REP,REP,Phil Norris,20096,18.8,4,False,norris p
2016_AR_House-2_REP,REP,French Hill,86474,84.5,1,True,hill f
2016_AR_House-2_REP,REP,Brock Olree,15811,15.5,1,False,olree b
2016_AZ_House-1_DEM,DEM,Tom O'Halleran,30833,58.8,1,True,ohalleran t
2016_AZ_House-1_DEM,DEM,Miguel Olivas,21632,41.2,1,False,olivas m
2016_AZ_House-1_REP,REP,Paul Babeu,19533,30.8,2,True,babeu p
2016_AZ_House-1_REP,REP,Gary Kiehne,14854,23.4,2,False,kiehne g
2016_AZ_House-1_REP,REP,Wendy Rogers,14222,22.4,2,False,rogers w
2016_AZ_House-1_REP,REP,Ken Bennett,10578,16.7,2,False,bennett k
2016_AZ_House-1_REP,REP,Shawn Redd,2098,3.3,2,False,redd s
2016_AZ_House-1_REP,REP,David Gowan,2091,3.3,2,False,gowan d
2016_AZ_House-2_DEM,DEM,Matt Heinz,32017,52.8,4,True,heinz m
2016_AZ_House-2_DEM,DEM,Victoria Steele,28658,47.2,4,False,steele v
2016_AZ_House-2_REP,REP,Martha McSally,69378,100.0,3,True,mcsally m
2016_AZ_House-3_DEM,DEM,Raúl Grijalva,35844,100.0,5,True,grijalva r
2016_AZ_House-4_DEM,DEM,Mikel Weisser,24097,100.0,7,True,weisser m
2016_AZ_House-4_REP,REP,Paul Gosar,64947,71.4,6,True,gosar p
2016_AZ_House-4_REP,REP,Ray Strauss,25991,28.6,6,False,strauss r
2016_AZ_House-5_DEM,DEM,Talia Fuentes,16408,65.5,9,True,fuentes t
2016_AZ_House-5_DEM,DEM,Kinsey Remaklus,8663,34.5,9,False,remaklus k
2016_AZ_House-5_REP,REP,Andy Biggs,25240,29.5,8,True,biggs a
2016_AZ_House-5_REP,REP,Christine Jones,25224,29.5,8,False,jones c
2016_AZ_House-5_REP,REP,Don Stapley,17745,20.7,8,False,stapley d
2016_AZ_House-5_REP,REP,Justin Olson,17386,20.3,8,False,olson j
2016_AZ_House-6_DEM,DEM,W. John Williamson,17561,58.8,11,True,williamson w
2016_AZ_House-6_DEM,DEM,Brian Sinuk,12293,41.2,11,False,sinuk b
2016_AZ_House-6_REP,REP,David Schweikert,63378,80.3,10,True,schweikert d
2016_AZ_House-6_REP,REP,Russ Wittenberg,15535,19.7,10,False,wittenberg r
2016_AZ_House-7_DEM,DEM,Ruben Gallego,29705,100.0,12,True,gallego r
2016_AZ_House-7_REP,REP,Eve Nunez,10912,100.0,13,True,nunez e
2016_AZ_House-8_DEM,DEM,Joe DeVivo,640,100.0,15,True,devivo j
2016_AZ_House-8_REP,REP,Trent Franks,59042,71.1,14,True,franks t
2016_AZ_House-8_REP,REP,Clair Van Steenwyk,24042,28.9,14,False,steenwyk c
2016_AZ_House-9_DEM,DEM,Kyrsten Sinema,38948,100.0,16,True,sinema k
2016_AZ_House-9_REP,REP,Dave Giles,25963,60.7,17,True,giles d
2016_AZ_House-9_REP,REP,John Agra,16817,39.3,17,False,agra j
2016_CA_House-29_DEM,DEM,Tony Cardenas,58616,61.4,29,True,cardenas t
2016_CA_House-29_DEM,DEM,Richard Alarcon,12397,13.0,29,False,alarcon r
2016_CA_House-29_DEM,DEM,"Joseph ""Joe"" Shammas",10847,11.4,29,False,shammas j
2016_CA_House-29_DEM,DEM,"Benny ""Benito"" Bernal",10006,10.5,29,False,bernal b
2016_CA_House-29_DEM,DEM,David Z. Guzman,3654,3.8,29,False,guzman d
2016_CA_House-34_DEM,DEM,Xavier Becerra,71982,77.6,34,True,becerra x
2016_CA_House-34_DEM,DEM,Adrienne Nicole Edwards,19624,21.2,34,False,edwards a
2016_CA_House-34_DEM,DEM,Kenneth Mejia,1177,1.3,34,False,mejia k
2016_CA_House-40_DEM,DEM,Lucille Roybal-Allard,60691,76.3,40,True,roybalallard l
2016_CA_House-40_DEM,DEM,write-in,6,0.0,40,False,writein
2016_CO_House-1_DEM,DEM,Diana DeGette,55925,86.4,1,True,degette d
2016_CO_House-1_DEM,DEM,"Charles H. ""Chuck"" Norris",8770,13.6,1,False,norris c
2016_CO_House-1_REP,REP,"Charles ""Casper"" Stockham",15616,100.0,2,True,stockham c
2016_CO_House-2_DEM,DEM,Jared Polis,43660,100.0,3,True,polis j
2016_CO_House-2_REP,REP,Nicholas Morse,36417,100.0,4,True,morse n
2016_CO_House-3_DEM,DEM,Gail Schwartz,35823,100.0,6,True,schwartz g
2016_CO_House-3_REP,REP,Scott Tipton,43992,78.9,5,True,tipton s
2016_CO_House-3_REP,REP,Alexander Beinstein,11790,21.1,5,False,beinstein a
2016_CO_House-4_DEM,DEM,Bob Seay,22520,100.0,8,True,seay b
2016_CO_House-4_REP,REP,Ken Buck,58848,100.0,7,True,buck k
2016_CO_House-5_DEM,DEM,Misty Plowright,13419,58.2,10,True,plowright m
2016_CO_House-5_DEM,DEM,Donald E. Martinez,9658,41.8,10,False,martinez d
2016_CO_House-5_REP,REP,Doug Lamborn,51018,68.0,9,True,lamborn d
2016_CO_House-5_REP,REP,Calandra Vargas,23968,32.0,9,False,vargas c
2016_CO_House-6_DEM,DEM,Morgan Carroll,30704,100.0,12,True,carroll m
2016_CO_House-6_REP,REP,Mike Coffman,41288,100.0,11,True,coffman m
2016_CO_House-7_DEM,DEM,Ed Perlmutter,35196,100.0,13,True,perlmutter e
2016_CO_House-7_REP,REP,George Athanasopoulos,29614,100.0,14,True,athanasopoulos g
2016_DE_House-1_DEM,DEM,Lisa Blunt Rochester,27920,43.8,1,True,rochester l
2016_DE_House-1_DEM,DEM,Bryan Townsend,15847,24.8,1,False,townsend b
2016_DE_House-1_DEM,DEM,Sean Barney,12891,20.2,1,False,barney s
2016_DE_House-1_DEM,DEM,Micheal Miller,3500,5.5,1,False,miller m
2016_DE_House-1_DEM,DEM,Scott Walker,3156,4.9,1,False,walker s
2016_DE_House-1_DEM,DEM,Elias Weir,480,0.8,1,False,weir e
2016_FL_House-10_DEM,DEM,Val Demings,23260,57.1,11,True,demings v
2016_FL_House-10_DEM,DEM,Geraldine F. Thompson,8192,20.1,11,False,thompson g
2016_FL_House-10_DEM,DEM,Bob Poe,6918,17.0,11,False,poe b
2016_FL_House-10_DEM,DEM,Fatima Rita Fahmy,2349,5.8,11,False,fahmy f
2016_FL_House-11_REP,REP,Daniel Webster,52876,59.8,12,True,webster d
2016_FL_House-11_REP,REP,Justin Grabelle,35525,40.1,12,False,grabelle j
2016_FL_House-13_REP,REP,David Jolly,41005,75.1,13,True,jolly d
2016_FL_House-13_REP,REP,Mark Bircher,13592,24.9,13,False,bircher m
2016_FL_House-16_DEM,DEM,Jan Schneider,31387,76.2,15,True,schneider j
2016_FL_House-16_DEM,DEM,Brent King,9782,23.8,15,False,king b
2016_FL_House-16_REP,REP,Vern Buchanan,53706,80.6,14,True,buchanan v
2016_FL_House-16_REP,REP,James Satcher,12900,19.4,14,False,satcher j
2016_FL_House-18_DEM,DEM,Randy Perkins,27861,60.4,16,True,perkins r
2016_FL_House-18_DEM,DEM,Jonathan Chane,14897,32.2,16,False,chane j
2016_FL_House-18_DEM,DEM,Juan Xuna,3394,7.4,16,False,xuna j
2016_FL_House-18_REP,REP,Brian Mast,24099,38.0,17,True,mast b
2016_FL_House-18_REP,REP,Rebecca Negron,16242,25.6,17,False,negron r
2016_FL_House-18_REP,REP,Mark Freeman,10000,15.6,17,False,freeman m
2016_FL_House-18_REP,REP,Carl Domino,7942,12.5,17,False,domino c
2016_FL_House-18_REP,REP,Rick Kozell,4334,6.8,17,False,kozell r
2016_FL_House-18_REP,REP,Noelle Nikpour,835,1.3,17,False,nikpour n
2016_FL_House-19_REP,REP,Francis Rooney,46821,52.7,18,True,rooney f
2016_FL_House-19_REP,REP,Chauncey Goss,26537,29.9,18,False,goss c
2016_FL_House-19_REP,REP,Dan Bongino,15439,17.4,18,False,bongino d
2016_FL_House-1_REP,REP,Matt Gaetz,35689,36.1,1,True,gaetz m
2016_FL_House-1_REP,REP,Greg Evers,21540,21.8,1,False,evers g
2016_FL_House-1_REP,REP,Cris Dosev,20610,20.9,1,False,dosev c
2016_FL_House-1_REP,REP,Rebekah Johansen Bydlak,7689,7.8,1,False,bydlak r
2016_FL_House-1_REP,REP,James Zumwalt,7660,7.7,1,False,zumwalt j
2016_FL_House-1_REP,REP,Brian Frazier,3817,3.9,1,False,frazier b
2016_FL_House-1_REP,REP,Mark Wichern,1798,1.8,1,False,wichern m
2016_FL_House-23_DEM,DEM,Debbie Wasserman Schultz,28809,56.8,19,True,schultz d
2016_FL_House-23_DEM,DEM,Tim Canova,21907,43.2,19,False,canova t
2016_FL_House-23_REP,REP,Joe Kaufman,13412,73.0,20,True,kaufman j
2016_FL_House-23_REP,REP,"Martin ""Marty"" Feigenbaum",4948,27.0,20,False,feigenbaum m
2016_FL_House-24_DEM,DEM,Frederica Wilson,50822,78.4,21,True,wilson f
2016_FL_House-24_DEM,DEM,Randal Hill,14023,21.6,21,False,hill r
2016_FL_House-26_DEM,DEM,Joe Garcia,14834,51.2,22,True,garcia j
2016_FL_House-26_DEM,DEM,Annette Taddeo,14108,48.8,22,False,taddeo a
2016_FL_House-27_DEM,DEM,Scott Fuhrman,17068,58.9,24,True,fuhrman s
2016_FL_House-27_DEM,DEM,Frank Perez,7087,24.5,24,False,perez f
2016_FL_House-27_DEM,DEM,Adam Sackrin,4808,16.6,24,False,sackrin a
2016_FL_House-27_REP,REP,Ileana Ros-Lehtinen,30485,80.5,23,True,roslehtinen i
2016_FL_House-27_REP,REP,Maria Peiro,4450,11.3,23,False,peiro m
2016_FL_House-27_REP,REP,"David ""Tubbs"" Adams",2945,7.8,23,False,adams d
2016_FL_House-2_DEM,DEM,Walter Dartland,30115,50.1,2,True,dartland w
2016_FL_House-2_DEM,DEM,Steve Crapps,29982,49.9,2,False,crapps s
2016_FL_House-2_REP,REP,Neal Dunn,33886,41.4,3,True,dunn n
2016_FL_House-2_REP,REP,Mary Thomas,32178,39.3,3,False,thomas m
2016_FL_House-2_REP,REP,Ken Sukhia,15826,19.3,3,False,sukhia k
2016_FL_House-4_REP,REP,John Rutherford,38784,38.7,4,True,rutherford j
2016_FL_House-4_REP,REP,Lake Ray,20164,20.1,4,False,ray l
2016_FL_House-4_REP,REP,Hans Tanzler,19051,19.0,4,False,tanzler h
2016_FL_House-4_REP,REP,Bill McClure,9867,9.8,4,False,mcclure b
2016_FL_House-4_REP,REP,"Edward ""Ed"" Malin",7895,7.9,4,False,malin e
2016_FL_House-4_REP,REP,Stephen J. Kaufman,2419,2.4,4,False,kaufman s
2016_FL_House-4_REP,REP,Deborah Katz Pueschel,2145,2.1,4,False,pueschel d
2016_FL_House-5_DEM,DEM,Al Lawson,39306,47.6,5,True,lawson a
2016_FL_House-5_DEM,DEM,Corrine Brown,32235,39.0,5,False,brown c
2016_FL_House-5_DEM,DEM,"LaShonda ""L.J."" Holloway",11048,13.4,5,False,holloway l
2016_FL_House-6_DEM,DEM,Bill McCullough,16043,36.7,7,True,mccullough b
2016_FL_House-6_DEM,DEM,Dwayne Taylor,12625,28.8,7,False,taylor d
2016_FL_House-6_DEM,DEM,Jay McGovern,8388,19.1,7,False,mcgovern j
2016_FL_House-6_DEM,DEM,George Pappas,6762,15.4,7,False,pappas g
2016_FL_House-6_REP,REP,Ron DeSantis,41311,61.0,6,True,desantis r
2016_FL_House-6_REP,REP,Fred Costello,16690,24.7,6,False,costello f
2016_FL_House-6_REP,REP,G.G. Galloway,9683,14.3,6,False,galloway g
2016_FL_House-7_REP,REP,John Mica,38528,77.2,8,True,mica j
2016_FL_House-7_REP,REP,Mark Busch,11407,22.8,8,False,busch m
2016_FL_House-9_DEM,DEM,Darren Soto,14496,36.3,9,True,soto d
2016_FL_House-9_DEM,DEM,Susannah Randolph,11267,28.2,9,False,randolph s
2016_FL_House-9_DEM,DEM,Dena Grayson,11122,27.8,9,False,grayson d
2016_FL_House-9_DEM,DEM,Valleri Crabtree,3093,7.7,9,False,crabtree v
2016_FL_House-9_REP,REP,Wayne Liebnitzky,22725,67.6,10,True,liebnitzky w
2016_FL_House-9_REP,REP,Wanda Rentas,10911,32.4,10,False,rentas w
2016_GA_House-10_REP,REP,Jody Hice,49062,100.0,18,True,hice j
2016_GA_House-11_DEM,DEM,Don Wilson,6861,100.0,20,True,wilson d
2016_GA_House-11_REP,REP,Barry Loudermilk,29903,60.3,19,True,loudermilk b
2016_GA_House-11_REP,REP,Daniel Cowan,9169,18.5,19,False,cowan d
2016_GA_House-11_REP,REP,William Llop,4857,9.8,19,False,llop w
2016_GA_House-11_REP,REP,Hayden Collins,3247,6.5,19,False,collins h
2016_GA_House-11_REP,REP,Billy Davis,2435,4.9,19,False,davis b
2016_GA_House-12_DEM,DEM,Tricia Carpenter McCracken,16138,62.3,22,True,mccracken t
2016_GA_House-12_DEM,DEM,Joyce Nolin,9787,37.7,22,False,nolin j
2016_GA_House-12_REP,REP,Rick Allen,46686,79.0,21,True,allen r
2016_GA_House-12_REP,REP,Eugene Yu,12441,21.0,21,False,yu e
2016_GA_House-13_DEM,DEM,David Scott,36214,100.0,23,True,scott d
2016_GA_House-14_REP,REP,Tom Graves,44260,75.7,24,True,graves t
2016_GA_House-14_REP,REP,Mickey Tuck,7493,12.8,24,False,tuck m
2016_GA_House-14_REP,REP,Allan Levene,6755,11.5,24,False,levene a
2016_GA_House-1_REP,REP,"Earl ""Buddy"" Carter",37758,100.0,1,True,carter e
2016_GA_House-2_DEM,DEM,Sanford Bishop,55880,100.0,2,True,bishop s
2016_GA_House-2_REP,REP,Greg Duke,12959,79.0,3,True,duke g
2016_GA_House-2_REP,REP,Diane Vann,3446,21.0,3,False,vann d
2016_GA_House-3_DEM,DEM,Angela Pendley,6495,50.2,6,True,pendley a
2016_GA_House-3_DEM,DEM,Tamarkus Cook,6444,49.8,6,False,cook t
2016_GA_House-3_REP,REP,Drew Ferguson,22813,53.9,5,True,ferguson d
2016_GA_House-3_REP,REP,Mike Crane,19490,46.1,5,False,crane m
2016_GA_House-4_DEM,DEM,"Henry C. ""Hank"" Johnson Jr.",44509,100.0,7,True,johnson h
2016_GA_House-4_REP,REP,Victor Armendariz,10260,100.0,8,True,armendariz v
2016_GA_House-5_DEM,DEM,John Lewis,47313,100.0,9,True,lewis j
2016_GA_House-5_REP,REP,Douglas Bell,3635,100.0,10,True,bell d
2016_GA_House-6_DEM,DEM,Rodney Stooksbury,11050,100.0,12,True,stooksbury r
2016_GA_House-6_REP,REP,Tom Price,32021,100.0,11,True,price t
2016_GA_House-7_DEM,DEM,Rashid Malik,5593,100.0,14,True,malik r
2016_GA_House-7_REP,REP,Rob Woodall,24201,100.0,13,True,woodall r
2016_GA_House-8_DEM,DEM,James Neal Harris,18647,100.0,16,True,harris j
2016_GA_House-8_REP,REP,Austin Scott,34919,77.8,15,True,scott a
2016_GA_House-8_REP,REP,Angela Hicks,9988,22.2,15,False,hicks a
2016_GA_House-9_REP,REP,Doug Collins,52080,61.3,17,True,collins d
2016_GA_House-9_REP,REP,Paul Broun,18772,22.1,17,False,broun p
2016_GA_House-9_REP,REP,Roger Fitzpatrick,8945,10.5,17,False,fitzpatrick r
2016_GA_House-9_REP,REP,Mike Scupin,2856,3.4,17,False,scupin m
2016_GA_House-9_REP,REP,Bernie Fontaine,2342,2.8,17,False,fontaine b
2016_HI_House-1_DEM,DEM,Colleen Wakako Hanabusa,74022,80.4,1,True,hanabusa c
2016_HI_House-1_DEM,DEM,Leina'ala Ahu Isa,11518,12.5,1,False,isa l
2016_HI_House-1_DEM,DEM,Howard Kim,2750,3.0,1,False,kim h
2016_HI_House-1_DEM,DEM,Javier Ocasio,1117,1.2,1,False,ocasio j
2016_HI_House-1_DEM,DEM,Sam Puletasi,1036,1.1,1,False,puletasi s
2016_HI_House-1_DEM,DEM,Lei Sharsh-Davis,915,1.0,1,False,sharshdavis l
2016_HI_House-1_DEM,DEM,Steve Tataii,737,0.8,1,False,tataii s
2016_HI_House-1_REP,REP,Shirlene D. Ostrov,13645,100.0,2,True,ostrov s
2016_HI_House-2_DEM,DEM,Tulsi Gabbard,80026,84.5,5,True,gabbard t
2016_HI_House-2_DEM,DEM,Shay Chan Hodges,14643,15.5,5,False,hodges s
2016_HI_House-2_REP,REP,Angela Aulani Kaaihue,7449,55.9,6,True,kaaihue a
2016_HI_House-2_REP,REP,Eric Hafner,5876,44.1,6,False,hafner e
2016_IA_House-1_DEM,DEM,Monica Vernon,21032,67.5,2,True,vernon m
2016_IA_House-1_DEM,DEM,Pat Murphy,10090,32.4,2,False,murphy p
2016_IA_House-1_REP,REP,Rod Blum,13411,99.4,1,True,blum r
2016_IA_House-2_DEM,DEM,Dave Loebsack,23738,99.0,3,True,loebsack d
2016_IA_House-2_DEM,DEM,Write-ins,238,1.0,3,False,writeins
2016_IA_House-2_REP,REP,Christopher Peters,14987,99.3,4,True,peters c
2016_IA_House-3_DEM,DEM,Jim Mowrer,13024,49.6,6,True,mowrer j
2016_IA_House-3_DEM,DEM,Mike Sherzan,9573,36.4,6,False,sherzan m
2016_IA_House-3_DEM,DEM,Desmund Adams,3650,13.9,6,False,adams d
2016_IA_House-3_REP,REP,David Young,17977,84.8,5,True,young d
2016_IA_House-3_REP,REP,Joe Grandanette,3143,14.8,5,False,grandanette j
2016_IA_House-4_DEM,DEM,Kim Weaver,12738,99.5,8,True,weaver k
2016_IA_House-4_REP,REP,Steve King,29098,64.6,7,True,king s
2016_IA_House-4_REP,REP,Rick Bertrand,15872,35.3,7,False,bertrand r
2016_ID_House-1_DEM,DEM,James Piotrowski,6954,56.2,2,True,piotrowski j
2016_ID_House-1_DEM,DEM,Shizandra Fox,3428,27.7,2,False,fox s
2016_ID_House-1_DEM,DEM,Staniela Nikolova,2002,16.1,2,False,nikolova s
2016_ID_House-1_REP,REP,Raul Labrador,51568,81.0,1,True,labrador r
2016_ID_House-1_REP,REP,Gordon Counsil,6510,10.2,1,False,counsil g
2016_ID_House-1_REP,REP,Isaac M. Haugen,5605,8.8,1,False,haugen i
2016_ID_House-2_DEM,DEM,Jennifer Martinez,13816,100.0,4,True,martinez j
2016_ID_House-2_REP,REP,Mike Simpson,47116,73.0,3,True,simpson m
2016_ID_House-2_REP,REP,Lisa Marie,17442,27.0,3,False,marie l
2016_IL_House-10_DEM,DEM,Brad Schneider,50916,53.7,17,True,schneider b
2016_IL_House-10_DEM,DEM,Nancy Rotering,43842,46.3,17,False,rotering n
2016_IL_House-10_REP,REP,Bob Dold,61968,100.0,16,True,dold b
2016_IL_House-11_DEM,DEM,Bill Foster,82984,100.0,18,True,foster b
2016_IL_House-11_REP,REP,Tonia Khouri,22859,37.0,19,True,khouri t
2016_IL_House-11_REP,REP,Nick Stella,22489,36.3,19,False,stella n
2016_IL_House-11_REP,REP,Herman White,16536,26.7,19,False,white h
2016_IL_House-12_DEM,DEM,C.J. Baricevic,70580,100.0,21,True,baricevic c
2016_IL_House-12_REP,REP,Mike Bost,74454,100.0,20,True,bost m
2016_IL_House-13_DEM,DEM,Mark Wicklund,71430,100.0,24,True,wicklund m
2016_IL_House-13_REP,REP,Rodney L. Davis,71447,77.0,23,True,davis r
2016_IL_House-13_REP,REP,Ethan Vandersand,21401,23.0,23,False,vandersand e
2016_IL_House-14_DEM,DEM,Jim Walz,27706,42.7,26,True,walz j
2016_IL_House-14_DEM,DEM,John Hosta,24866,38.3,26,False,hosta j
2016_IL_House-14_DEM,DEM,Jesse Maggitt,12311,19.0,26,False,maggitt j
2016_IL_House-14_REP,REP,Randy Hultgren,101299,100.0,25,True,hultgren r
2016_IL_House-15_REP,REP,John Shimkus,76547,60.4,27,True,shimkus j
2016_IL_House-15_REP,REP,Kyle McCarter,50245,39.6,27,False,mccarter k
2016_IL_House-16_REP,REP,Adam Kinzinger,101421,100.0,28,True,kinzinger a
2016_IL_House-16_REP,REP,Colin McGroarty,2,0.0,28,False,mcgroarty c
2016_IL_House-17_DEM,DEM,Cheri Bustos,70319,100.0,29,True,bustos c
2016_IL_House-17_REP,REP,Patrick Harlan,52405,75.7,30,True,harlan p
2016_IL_House-17_REP,REP,Jack Boccarossa,16805,24.3,30,False,boccarossa j
2016_IL_House-18_DEM,DEM,Darrel Miller,148,100.0,32,True,miller d
2016_IL_House-18_REP,REP,Darin LaHood,130419,100.0,31,True,lahood d
2016_IL_House-1_DEM,DEM,Bobby Rush,128402,71.4,1,True,rush b
2016_IL_House-1_DEM,DEM,Howard Brookins,34645,19.3,1,False,brookins h
2016_IL_House-1_DEM,DEM,Patrick Brutus,16696,9.3,1,False,brutus p
2016_IL_House-1_REP,REP,August Deuser,24584,73.8,2,True,deuser a
2016_IL_House-1_REP,REP,Jimmy Lee Tillman,8737,26.2,2,False,tillman j
2016_IL_House-2_DEM,DEM,Robin Kelly,115752,73.9,3,True,kelly r
2016_IL_House-2_DEM,DEM,Marcus Lewis,25280,16.1,3,False,lewis m
2016_IL_House-2_DEM,DEM,Charles Rayburn,9559,6.2,3,False,rayburn c
2016_IL_House-2_DEM,DEM,Dorian Myrickes,6002,3.8,3,False,myrickes d
2016_IL_House-2_REP,REP,John Morrow,27303,100.0,4,True,morrow j
2016_IL_House-3_DEM,DEM,Dan Lipinski,107620,100.0,5,True,lipinski d
2016_IL_House-4_DEM,DEM,Luis Gutiérrez,92779,75.2,6,True,gutierrez l
2016_IL_House-4_DEM,DEM,Javier Salas,30640,24.8,6,False,salas j
2016_IL_House-5_DEM,DEM,Mike Quigley,127679,100.0,7,True,quigley m
2016_IL_House-6_DEM,DEM,Amanda Howland,51101,67.1,10,True,howland a
2016_IL_House-6_DEM,DEM,Robert Marshall,25027,32.9,10,False,marshall r
2016_IL_House-6_REP,REP,Peter Roskam,83344,68.8,9,True,roskam p
2016_IL_House-6_REP,REP,Jay Kinzler,37834,31.2,9,False,kinzler j
2016_IL_House-7_DEM,DEM,Danny K. Davis,139378,81.2,11,True,davis d
2016_IL_House-7_DEM,DEM,Thomas Day,32261,18.8,11,False,day t
2016_IL_House-7_DEM,DEM,Frederick Collins,25,0.0,11,False,collins f
2016_IL_House-8_DEM,DEM,Raja Krishnamoorthi,44950,57.0,12,True,krishnamoorthi r
2016_IL_House-8_DEM,DEM,Michael Noland,22925,29.1,12,False,noland m
2016_IL_House-8_DEM,DEM,Deborah Bullwinkel,11005,13.9,12,False,bullwinkel d
2016_IL_House-8_REP,REP,Pete DiCianni,51047,100.0,13,True,dicianni p
2016_IL_House-8_REP,REP,Andrew Staw,13,0.0,13,False,staw a
2016_IL_House-9_DEM,DEM,Jan Schakowsky,134961,100.0,14,True,schakowsky j
2016_IL_House-9_REP,REP,Joan McCarthy Lasonde,47948,100.0,15,True,lasonde j
2016_IN_House-1_DEM,DEM,Pete Visclosky,77095,80.0,1,True,visclosky p
2016_IN_House-1_DEM,DEM,Willie (Faithful,19315,20.0,1,False,faithful w
2016_IN_House-2_DEM,DEM,Lynn Coleman,39372,73.8,3,True,coleman l
2016_IN_House-2_DEM,DEM,Douglas Carpenter,14013,26.2,3,False,carpenter d
2016_IN_House-2_REP,REP,Jackie Walorski,77400,69.8,2,True,walorski j
2016_IN_House-2_REP,REP,Jeff Petermann,33523,30.2,2,False,petermann j
2016_IN_House-3_DEM,DEM,Tommy A. Schrader,15267,37.5,5,True,schrader t
2016_IN_House-3_DEM,DEM,Todd Nightenhelser,12956,31.8,5,False,nightenhelser t
2016_IN_House-3_DEM,DEM,John Forrest Roberson,12487,30.7,5,False,roberson j
2016_IN_House-3_REP,REP,Jim Banks,46533,34.3,4,True,banks j
2016_IN_House-3_REP,REP,Kip E. Tom,42732,31.5,4,False,tom k
2016_IN_House-3_REP,REP,Liz Brown,33654,24.8,4,False,brown l
2016_IN_House-3_REP,REP,Pam Galloway,9543,7.0,4,False,galloway p
2016_IN_House-3_REP,REP,Kevin Howell,1970,1.5,4,False,howell k
2016_IN_House-3_REP,REP,Mark Willard Baringer,1266,0.9,4,False,baringer m
2016_IN_House-4_DEM,DEM,John Dale,43401,100.0,7,True,dale j
2016_IN_House-4_REP,REP,Todd Rokita,86051,69.3,6,True,rokita t
2016_IN_House-4_REP,REP,Kevin J. Grant,38200,30.7,6,False,grant k
2016_IN_House-5_DEM,DEM,Angela Demaree,52530,74.9,9,True,demaree a
2016_IN_House-5_DEM,DEM,Allen R. Davidson,17587,25.1,9,False,davidson a
2016_IN_House-5_REP,REP,Susan Brooks,95209,69.5,8,True,brooks s
2016_IN_House-5_REP,REP,Stephen M. MacKenzie,21575,15.8,8,False,mackenzie s
2016_IN_House-5_REP,REP,Mike Campbell,20202,14.7,8,False,campbell m
2016_IN_House-6_DEM,DEM,Barry Welsh,15258,35.6,11,True,welsh b
2016_IN_House-6_DEM,DEM,Danny Basham,10474,24.4,11,False,basham d
2016_IN_House-6_DEM,DEM,George Thomas Holland,8851,20.7,11,False,holland g
2016_IN_House-6_DEM,DEM,Bruce W. Peavler,4897,11.4,11,False,peavler b
2016_IN_House-6_DEM,DEM,Ralph Spelbring,3385,7.9,11,False,spelbring r
2016_IN_House-6_REP,REP,Luke Messer,91828,77.6,10,True,messer l
2016_IN_House-6_REP,REP,Jeff Smith,14963,12.7,10,False,smith j
2016_IN_House-6_REP,REP,Charles Chuck Johnson Jr.,11447,9.7,10,False,johnson c
2016_IN_House-7_DEM,DEM,Andre Carson,70006,85.6,12,True,carson a
2016_IN_House-7_DEM,DEM,Curtis D. Godfrey,8306,10.2,12,False,godfrey c
2016_IN_House-7_DEM,DEM,Pierre Quincy Pullins,3435,4.2,12,False,pullins p
2016_IN_House-7_REP,REP,"Catherine ""Cat"" Ping",30514,53.1,13,True,ping c
2016_IN_House-7_REP,REP,"Wayne ""Gunny"" Harmon",16955,29.5,13,False,harmon w
2016_IN_House-7_REP,REP,JD Miniear,10031,17.4,13,False,miniear j
2016_IN_House-8_DEM,DEM,Ron Drake,29264,50.1,15,True,drake r
2016_IN_House-8_DEM,DEM,David Orentlicher,29196,49.9,15,False,orentlicher d
2016_IN_House-8_REP,REP,Larry Bucshon,72889,65.1,14,True,bucshon l
2016_IN_House-8_REP,REP,Richard Moss,39168,34.9,14,False,moss r
2016_IN_House-9_DEM,DEM,Shelli Yoder,44253,70.1,17,True,yoder s
2016_IN_House-9_DEM,DEM,Bob Kern,7298,11.6,17,False,kern b
2016_IN_House-9_DEM,DEM,James R. McClure Jr.,6574,10.4,17,False,mcclure j
2016_IN_House-9_DEM,DEM,Bill Thomas,4990,7.9,17,False,thomas b
2016_IN_House-9_REP,REP,Trey Hollingsworth,40767,33.6,16,True,hollingsworth t
2016_IN_House-9_REP,REP,Erin Houchin,30396,25.0,16,False,houchin e
2016_IN_House-9_REP,REP,Greg Zoeller,26554,21.8,16,False,zoeller g
2016_IN_House-9_REP,REP,Brent Waltz,15759,13.0,16,False,waltz b
2016_IN_House-9_REP,REP,Robert Hall,8036,6.6,16,False,hall r
2016_KS_House-1_REP,REP,Roger Marshall,59889,56.6,1,True,marshall r
2016_KS_House-1_REP,REP,Tim Huelskamp,45997,43.4,1,False,huelskamp t
2016_KS_House-2_DEM,DEM,Britani Potter,24383,100.0,3,True,potter b
2016_KS_House-2_REP,REP,Lynn Jenkins,54958,100.0,2,True,jenkins l
2016_KS_House-3_DEM,DEM,Jay Sidie,13879,41.5,5,True,sidie j
2016_KS_House-3_DEM,DEM,Nathaniel McLaughlin,12105,36.2,5,False,mclaughlin n
2016_KS_House-3_DEM,DEM,Reggie Marselus,7435,22.3,5,False,marselus r
2016_KS_House-3_REP,REP,Kevin Yoder,37681,63.6,4,True,yoder k
2016_KS_House-3_REP,REP,Greg Goode,21563,36.4,4,False,goode g
2016_KS_House-4_DEM,DEM,Daniel B. Giroux,9489,51.5,7,True,giroux d
2016_KS_House-4_DEM,DEM,Robert Leon Tillman,8936,48.5,7,False,tillman r
2016_KS_House-4_REP,REP,Mike Pompeo,56808,100.0,6,True,pompeo m
2016_KY_House-1_REP,REP,James Comer,24342,60.6,1,True,comer j
2016_KY_House-1_REP,REP,Mike Pape,9357,23.3,1,False,pape m
2016_KY_House-1_REP,REP,Jason Batts,5578,13.9,1,False,batts j
2016_KY_House-1_REP,REP,"Miles A. Caughey, Jr.",896,2.2,1,False,caughey m
2016_KY_House-3_REP,REP,Harold Bratcher,9578,44.6,3,True,bratcher h
2016_KY_House-3_REP,REP,Everett Corley,7857,36.5,3,False,corley e
2016_KY_House-3_REP,REP,"Robert DeVore, Jr.",4075,18.9,3,False,devore r
2016_KY_House-5_REP,REP,Hal Rogers,35984,82.4,4,True,rogers h
2016_KY_House-5_REP,REP,"John Burk, Jr.",7669,17.6,4,False,burk j
2016_KY_House-6_DEM,DEM,Nancy Jo Kemper,63440,80.1,6,True,kemper n
2016_KY_House-6_DEM,DEM,Geoff Young,15772,19.9,6,False,young g
2016_KY_House-6_REP,REP,Andy Barr,25212,84.55,5,True,barr a
2016_KY_House-6_REP,REP,Roger Brill,4608,15.45,5,False,brill r
2016_LA_House-3_REP,REP,Clay Higgins,77671,56.1,2,True,higgins c
2016_LA_House-3_REP,REP,Scott Angelle,60762,43.9,2,False,angelle s
2016_MA_House-1_DEM,DEM,Richard Neal,44857,98.5,1,True,neal r
2016_MA_House-2_DEM,DEM,Jim McGovern,21562,99.2,2,True,mcgovern j
2016_MA_House-3_DEM,DEM,Niki Tsongas,21047,98.6,3,True,tsongas n
2016_MA_House-3_REP,REP,Ann Wofford,5774,99.1,4,True,wofford a
2016_MA_House-4_DEM,DEM,Joseph P. Kennedy III,15849,98.7,5,True,kennedy j
2016_MA_House-4_REP,REP,David A. Rosa,4299,98.0,6,True,rosa d
2016_MA_House-5_DEM,DEM,Katherine Clark,30066,98.5,7,True,clark k
2016_MA_House-6_DEM,DEM,Seth Moulton,28206,99.1,8,True,moulton s
2016_MA_House-7_DEM,DEM,Mike Capuano,37547,98.3,9,True,capuano m
2016_MA_House-8_DEM,DEM,Stephen Lynch,27335,97.4,10,True,lynch s
2016_MA_House-8_REP,REP,William Burke,5856,95.3,11,True,burke w
2016_MA_House-9_DEM,DEM,Bill Keating,31074,99.3,12,True,keating b
2016_MA_House-9_REP,REP,Mark C. Alliegro,12467,61.9,13,True,alliegro m
2016_MA_House-9_REP,REP,"Thomas Joseph O'Malley, Jr",7632,37.9,13,False,omalley t
2016_MD_House-1_DEM,DEM,Joe Werner,29729,51.0,2,True,werner j
2016_MD_House-1_DEM,DEM,Jim Ireton,28547,49.0,2,False,ireton j
2016_MD_House-1_REP,REP,Andy Harris,79497,78.4,1,True,harris a
2016_MD_House-1_REP,REP,Michael D. Smigiel Sr.,10897,10.8,1,False,smigiel m
2016_MD_House-1_REP,REP,Jonathan Marvin Goff Jr.,6135,6.0,1,False,goff j
2016_MD_House-1_REP,REP,Sean M. Jackson,4891,4.8,1,False,jackson s
2016_MD_House-2_DEM,DEM,Dutch Ruppersberger,89820,100.0,3,True,ruppersberger d
2016_MD_House-2_REP,REP,Pat McDonough,28397,71.4,4,True,mcdonough p
2016_MD_House-2_REP,REP,Carl Magee Jr.,4195,10.5,4,False,magee c
2016_MD_House-2_REP,REP,Bill Heine,3203,8.1,4,False,heine b
2016_MD_House-2_REP,REP,Yuripzy Morgan,2257,5.7,4,False,morgan y
2016_MD_House-2_REP,REP,Mark Shell,1709,4.3,4,False,shell m
2016_MD_House-3_DEM,DEM,John Sarbanes,101355,87.2,5,True,sarbanes j
2016_MD_House-3_DEM,DEM,John Rea,14917,12.8,5,False,rea j
2016_MD_House-3_REP,REP,Mark Plaster,25455,63.6,6,True,plaster m
2016_MD_House-3_REP,REP,Thomas Harris,14564,36.4,6,False,harris t
2016_MD_House-4_DEM,DEM,Anthony Brown,47678,41.6,7,True,brown a
2016_MD_House-4_DEM,DEM,Glenn Ivey,38966,34.0,7,False,ivey g
2016_MD_House-4_DEM,DEM,Joseline Peña-Melnyk,21724,19.0,7,False,penamelnyk j
2016_MD_House-4_DEM,DEM,Warren Christopher,3973,3.5,7,False,christopher w
2016_MD_House-4_DEM,DEM,Matthew Fogg,1437,1.2,7,False,fogg m
2016_MD_House-4_DEM,DEM,Terence Strait,845,0.7,7,False,strait t
2016_MD_House-4_REP,REP,George McDermott,10882,45.8,8,True,mcdermott g
2016_MD_House-4_REP,REP,David Therrien,6219,26.1,8,False,therrien d
2016_MD_House-4_REP,REP,Robert Broadus,3977,16.7,8,False,broadus r
2016_MD_House-4_REP,REP,Rob Buck,2703,11.4,8,False,buck r
2016_MD_House-5_DEM,DEM,Steny Hoyer,83787,75.9,9,True,hoyer s
2016_MD_House-5_DEM,DEM,Kristin Beck,13320,12.1,9,False,beck k
2016_MD_House-5_DEM,DEM,Debbie Wilson,13304,12.0,9,False,wilson d
2016_MD_House-5_REP,REP,Mark Arness,22613,53.3,10,True,arness m
2016_MD_House-5_REP,REP,Charles Sam Faddis,19846,46.7,10,False,faddis c
2016_MD_House-6_DEM,DEM,John Delaney,69343,84.9,11,True,delaney j
2016_MD_House-6_DEM,DEM,Tony Puca,12317,15.1,11,False,puca t
2016_MD_House-6_REP,REP,Amie Hoeber,17967,29.3,12,True,hoeber a
2016_MD_House-6_REP,REP,Terry L. Baker,13837,22.6,12,False,baker t
2016_MD_House-6_REP,REP,Frank Howard,10677,17.4,12,False,howard f
2016_MD_House-6_REP,REP,Robin Ficker,7014,11.5,12,False,ficker r
2016_MD_House-6_REP,REP,David E. Vogt III,5774,9.4,12,False,vogt d
2016_MD_House-6_REP,REP,Christopher James Mason,2590,4.2,12,False,mason c
2016_MD_House-6_REP,REP,Scott Cheng,2303,3.8,12,False,cheng s
2016_MD_House-6_REP,REP,Harold Painter,1117,1.8,12,False,painter h
2016_MD_House-7_DEM,DEM,Elijah Cummings,130555,92.1,13,True,cummings e
2016_MD_House-7_DEM,DEM,Adrian Petrus,11272,7.9,13,False,petrus a
2016_MD_House-7_REP,REP,Corrogan R. Vaughn,10645,41.6,14,True,vaughn c
2016_MD_House-7_REP,REP,Wayne T. Newton,10599,41.4,14,False,newton w
2016_MD_House-7_REP,REP,Ray Bly,4351,17.0,14,False,bly r
2016_MD_House-8_DEM,DEM,Jamie Raskin,43776,33.6,15,True,raskin j
2016_MD_House-8_DEM,DEM,David Trone,35400,27.2,15,False,trone d
2016_MD_House-8_DEM,DEM,Kathleen Matthews,31186,23.9,15,False,matthews k
2016_MD_House-8_DEM,DEM,Ana Sol Gutierrez,7185,5.5,15,False,gutierrez a
2016_MD_House-8_DEM,DEM,Will Jawando,6058,4.6,15,False,jawando w
2016_MD_House-8_DEM,DEM,Kumar Barve,3149,2.4,15,False,barve k
2016_MD_House-8_DEM,DEM,David M. Anderson,1511,1.2,15,False,anderson d
2016_MD_House-8_DEM,DEM,Joel Martin Rubin,1426,1.1,15,False,rubin j
2016_MD_House-8_DEM,DEM,Dan Bolling,712,0.5,15,False,bolling d
2016_MD_House-8_REP,REP,Dan Cox,20647,44.4,16,True,cox d
2016_MD_House-8_REP,REP,Jeffrey W. Jones,9343,20.1,16,False,jones j
2016_MD_House-8_REP,REP,Liz Matory,7295,15.7,16,False,matory l
2016_MD_House-8_REP,REP,Shelly Skolnick,5835,12.5,16,False,skolnick s
2016_MD_House-8_REP,REP,Aryeh Shudofsky,3421,7.3,16,False,shudofsky a
2016_ME_House-1_DEM,DEM,Chellie Pingree,28143,100.0,1,True,pingree c
2016_ME_House-1_REP,REP,Mark Holbrook,10360,50.1,2,True,holbrook m
2016_ME_House-1_REP,REP,Ande Smith,10303,49.9,2,False,smith a
2016_ME_House-2_DEM,DEM,Emily Cain,19003,100.0,4,True,cain e
2016_ME_House-2_REP,REP,Bruce Poliquin,19252,100.0,3,True,poliquin b
2016_MI_House-10_DEM,DEM,"Frank Acavitti, Jr.",20710,100.0,20,True,acavitti f
2016_MI_House-10_REP,REP,Paul Mitchell,30114,38.0,19,True,mitchell p
2016_MI_House-10_REP,REP,Phil Pavlov,22018,27.8,19,False,pavlov p
2016_MI_House-10_REP,REP,Alan Sanborn,12640,15.9,19,False,sanborn a
2016_MI_House-10_REP,REP,Tony Forlini,7888,9.9,19,False,forlini t
2016_MI_House-10_REP,REP,David VanAssche,6690,8.4,19,False,vanassche d
2016_MI_House-11_DEM,DEM,Anil Kumar,29349,100.0,22,True,kumar a
2016_MI_House-11_REP,REP,Dave Trott,51221,100.0,21,True,trott d
2016_MI_House-12_DEM,DEM,Debbie Dingell,55046,100.0,23,True,dingell d
2016_MI_House-12_REP,REP,Jeff Jones,15115,100.0,24,True,jones j
2016_MI_House-13_DEM,DEM,John Conyers,30971,60.8,25,True,conyers j
2016_MI_House-13_DEM,DEM,Janice Winfrey,19965,39.2,25,False,winfrey j
2016_MI_House-13_REP,REP,Jeff Gorman,4894,100.0,26,True,gorman j
2016_MI_House-14_DEM,DEM,Brenda Lawrence,55544,87.4,27,True,lawrence b
2016_MI_House-14_DEM,DEM,Vanessa Moss,5253,8.3,27,False,moss v
2016_MI_House-14_DEM,DEM,Terrance Morrison,2770,3.6,27,False,morrison t
2016_MI_House-14_REP,REP,Howard Klausner,10964,100.0,28,True,klausner h
2016_MI_House-1_DEM,DEM,Lon Johnson,31677,71.6,2,True,johnson l
2016_MI_House-1_DEM,DEM,Jerry Cannon,12539,28.4,2,False,cannon j
2016_MI_House-1_REP,REP,Jack Bergman,33632,38.6,1,True,bergman j
2016_MI_House-1_REP,REP,Tom Casperson,27813,32.0,1,False,casperson t
2016_MI_House-1_REP,REP,Jason Allen,25607,29.4,1,False,allen j
2016_MI_House-2_DEM,DEM,Dennis Murphy,26498,100.0,4,True,murphy d
2016_MI_House-2_REP,REP,Bill Huizenga,60844,100.0,3,True,huizenga b
2016_MI_House-3_DEM,DEM,Douglas Smith,20352,100.0,6,True,smith d
2016_MI_House-3_REP,REP,Justin Amash,55889,100.0,5,True,amash j
2016_MI_House-4_DEM,DEM,Debra Wirth,2013,100.0,8,True,wirth d
2016_MI_House-4_REP,REP,John Moolenaar,57886,100.0,7,True,moolenaar j
2016_MI_House-5_DEM,DEM,Dan Kildee,59090,100.0,9,True,kildee d
2016_MI_House-5_REP,REP,Al Hardwick,18246,100.0,10,True,hardwick a
2016_MI_House-6_DEM,DEM,Paul Clements,21622,100.0,12,True,clements p
2016_MI_House-6_REP,REP,Fred Upton,49733,100.0,11,True,upton f
2016_MI_House-7_DEM,DEM,Gretchen Driskell,25611,100.0,14,True,driskell g
2016_MI_House-7_REP,REP,Tim Walberg,43120,75.2,13,True,walberg t
2016_MI_House-7_REP,REP,Doug North,14247,24.8,13,False,north d
2016_MI_House-8_DEM,DEM,Melissa Gilbert,28810,100.0,16,True,gilbert m
2016_MI_House-8_REP,REP,Mike Bishop,56424,100.0,15,True,bishop m
2016_MI_House-9_DEM,DEM,Sander Levin,48393,100.0,17,True,levin s
2016_MI_House-9_REP,REP,Christopher Morse,32964,100.0,18,True,morse c
2016_MN_House-1_REP,REP,Jim Hagedorn,10851,76.5,2,True,hagedorn j
2016_MN_House-1_REP,REP,Steve Williams,3330,23.5,2,False,williams s
2016_MN_House-2_REP,REP,Jason Lewis,11641,48.9,3,True,lewis j
2016_MN_House-2_REP,REP,Darlene Miller,7305,30.7,3,False,miller d
2016_MN_House-2_REP,REP,John Howe,3244,13.6,3,False,howe j
2016_MN_House-2_REP,REP,Matthew D. Erickson,1612,6.8,3,False,erickson m
2016_MN_House-4_REP,REP,Greg Ryan,5618,82.0,6,True,ryan g
2016_MN_House-4_REP,REP,Gene Rechtzigel,845,12.3,6,False,rechtzigel g
2016_MN_House-4_REP,REP,Nikolay Nikolayevich Bey,390,5.7,6,False,bey n
2016_MN_House-5_REP,REP,Frank Nelson Drake,4177,100.0,8,True,drake f
2016_MN_House-6_REP,REP,Tom Emmer,13590,68.7,9,True,emmer t
2016_MN_House-6_REP,REP,A. J. Kern,5219,26.4,9,False,kern a
2016_MN_House-6_REP,REP,Patrick Munro,962,4.9,9,False,munro p
2016_MN_House-7_REP,REP,Dave Hughes,8769,59.0,12,True,hughes d
2016_MN_House-7_REP,REP,Amanda Lynn Hinson,6104,41.0,12,False,hinson a
2016_MO_House-1_DEM,DEM,Lacy Clay,56139,62.6,1,True,clay l
2016_MO_House-1_DEM,DEM,Maria Chappelle-Nadal,24059,26.9,1,False,chappellenadal m
2016_MO_House-1_DEM,DEM,Bill Haas,9422,10.5,1,False,haas b
2016_MO_House-1_REP,REP,Steven G. Bailey,12450,67.2,2,True,bailey s
2016_MO_House-1_REP,REP,Paul Berry III,6067,32.8,2,False,berry p
2016_MO_House-2_DEM,DEM,Bill Otto,40379,100.0,5,True,otto b
2016_MO_House-2_REP,REP,Ann Wagner,77084,82.6,4,True,wagner a
2016_MO_House-2_REP,REP,Greg Sears,16263,17.4,4,False,sears g
2016_MO_House-3_DEM,DEM,Kevin Miller,26369,100.0,8,True,miller k
2016_MO_House-3_REP,REP,Blaine Luetkemeyer,84274,73.5,7,True,luetkemeyer b
2016_MO_House-3_REP,REP,Cynthia Davis,30440,26.5,7,False,davis c
2016_MO_House-4_DEM,DEM,Gordon Christensen,17160,62.7,12,True,christensen g
2016_MO_House-4_DEM,DEM,Jack Truman,10196,37.3,12,False,truman j
2016_MO_House-4_REP,REP,Vicky Hartzler,73853,72.5,11,True,hartzler v
2016_MO_House-4_REP,REP,John E Webb,28037,27.5,11,False,webb j
2016_MO_House-5_DEM,DEM,Emanuel Cleaver,48755,88.2,14,True,cleaver e
2016_MO_House-5_DEM,DEM,Roberta Gough,6519,11.8,14,False,gough r
2016_MO_House-5_REP,REP,Jacob Turk,28096,68.0,15,True,turk j
2016_MO_House-5_REP,REP,Michael Burris,6898,16.7,15,False,burris m
2016_MO_House-5_REP,REP,Austin Rucker,4137,10.0,15,False,rucker a
2016_MO_House-5_REP,REP,Berton A. Knox,2166,5.3,15,False,knox b
2016_MO_House-6_DEM,DEM,David Blackwell,7983,28.0,18,True,blackwell d
2016_MO_House-6_DEM,DEM,Kyle Yarber,7116,24.9,18,False,yarber k
2016_MO_House-6_DEM,DEM,Travis Gonzalez,6623,23.2,18,False,gonzalez t
2016_MO_House-6_DEM,DEM,Edward Dwayne Fields,3881,13.6,18,False,fields e
2016_MO_House-6_DEM,DEM,Matthew McNabney,2931,10.3,18,False,mcnabney m
2016_MO_House-6_REP,REP,Sam Graves,62764,76.2,17,True,graves s
2016_MO_House-6_REP,REP,Christopher Ryan,11686,14.2,17,False,ryan c
2016_MO_House-6_REP,REP,Kyle Reid,7910,9.6,17,False,reid k
2016_MO_House-7_DEM,DEM,Genevieve Williams,9402,52.1,21,True,williams g
2016_MO_House-7_DEM,DEM,Steven Reed,4915,27.3,21,False,reed s
2016_MO_House-7_DEM,DEM,Camille Lombardi-Olive,3714,20.6,21,False,lombardiolive c
2016_MO_House-7_REP,REP,Billy Long,67012,62.4,20,True,long b
2016_MO_House-7_REP,REP,Mary Byrne,14069,13.1,20,False,byrne m
2016_MO_House-7_REP,REP,Matt Canovi,9538,8.9,20,False,canovi m
2016_MO_House-7_REP,REP,Matthew Evans,5346,5.0,20,False,evans m
2016_MO_House-7_REP,REP,Christopher Batsche,4860,4.5,20,False,batsche c
2016_MO_House-7_REP,REP,Lyndle Spencer,3537,3.3,20,False,spencer l
2016_MO_House-7_REP,REP,James Nelson,2037,1.9,20,False,nelson j
2016_MO_House-7_REP,REP,Nathan Clay Bradham,1042,0.8,20,False,bradham n
2016_MO_House-8_DEM,DEM,Dave Cowell,22314,100.0,24,True,cowell d
2016_MO_House-8_REP,REP,Jason Smith,65450,67.5,23,True,smith j
2016_MO_House-8_REP,REP,Hal Brown,15342,15.8,23,False,brown h
2016_MO_House-8_REP,REP,Todd Mahn,11564,11.9,23,False,mahn t
2016_MO_House-8_REP,REP,Phillip Smith,4602,4.8,23,False,smith p
2016_MS_House-1_REP,REP,Trent Kelly,95049,89.3,1,True,kelly t
2016_MS_House-1_REP,REP,Paul Clever,11397,10.7,1,False,clever p
2016_MS_House-2_REP,REP,John Bouie II,35871,100.0,2,True,bouie j
2016_MS_House-3_DEM,DEM,Dennis C. Quinn,29149,65.5,4,True,quinn d
2016_MS_House-3_DEM,DEM,Nathan Stewart,15384,34.5,4,False,stewart n
2016_MS_House-3_REP,REP,Gregg Harper,87997,89.1,3,True,harper g
2016_MS_House-3_REP,REP,Jimmy Giles,10760,10.9,3,False,giles j
2016_MS_House-4_REP,REP,Steven Palazzo,103558,100.0,5,True,palazzo s
2016_MT_House-1_DEM,DEM,Denise Juneau,112821,100.0,2,True,juneau d
2016_MT_House-1_REP,REP,Ryan Zinke,144660,100.0,1,True,zinke r
2016_NC_House-10_REP,REP,Patrick McHenry,14817,78.4,11,True,mchenry p
2016_NC_House-10_REP,REP,Jeff Gregory,2277,12.1,11,False,gregory j
2016_NC_House-10_REP,REP,Jeffrey Baker,905,4.8,11,False,baker j
2016_NC_House-10_REP,REP,Albert Lee Wiley Jr.,896,4.7,11,False,wiley a
2016_NC_House-11_DEM,DEM,Rick Bryson,9695,50.7,12,True,bryson r
2016_NC_House-11_DEM,DEM,Tom Hill,9440,49.3,12,False,hill t
2016_NC_House-12_DEM,DEM,Alma Adams,12400,42.5,13,True,adams a
2016_NC_House-12_DEM,DEM,Malcolm Graham,8428,28.9,13,False,graham m
2016_NC_House-12_DEM,DEM,Tricia Cotham,6165,21.1,13,False,cotham t
2016_NC_House-12_DEM,DEM,Carla D. Cunningham,1255,4.3,13,False,cunningham c
2016_NC_House-12_DEM,DEM,Gardenia Henley,444,1.5,13,False,henley g
2016_NC_House-12_DEM,DEM,Rodney W. Moore,245,0.8,13,False,moore r
2016_NC_House-12_DEM,DEM,Rick Miller,235,0.8,13,False,miller r
2016_NC_House-12_REP,REP,Leon Threatt,3495,41.8,14,True,threatt l
2016_NC_House-12_REP,REP,Paul Wright,2894,34.6,14,False,wright p
2016_NC_House-12_REP,REP,Ryan Duffie,1973,23.6,14,False,duffie r
2016_NC_House-13_DEM,DEM,Bruce Davis,4709,26.0,16,True,davis b
2016_NC_House-13_DEM,DEM,Bob Isner,4597,25.1,16,False,isner b
2016_NC_House-13_DEM,DEM,Adam Coker,4125,22.5,16,False,coker a
2016_NC_House-13_DEM,DEM,Mazie Ferguson,2963,16.2,16,False,ferguson m
2016_NC_House-13_DEM,DEM,Kevin D. Griffin,1946,10.6,16,False,griffin k
2016_NC_House-13_REP,REP,Ted Budd,6340,20.0,15,True,budd t
2016_NC_House-13_REP,REP,John Blust,3308,10.4,15,False,blust j
2016_NC_House-13_REP,REP,Hank Henning,3289,10.4,15,False,henning h
2016_NC_House-13_REP,REP,Julia Craven Howard,3254,10.3,15,False,howard j
2016_NC_House-13_REP,REP,Matthew J. McCall,2872,9.1,15,False,mccall m
2016_NC_House-13_REP,REP,Andrew C. Brock,2803,8.8,15,False,brock a
2016_NC_House-13_REP,REP,Jason A. Walser,2319,7.3,15,False,walser j
2016_NC_House-13_REP,REP,Dan Barrett,2296,7.2,15,False,barrett d
2016_NC_House-13_REP,REP,Harry Warren,1266,4.0,15,False,warren h
2016_NC_House-13_REP,REP,Vernon Robinson,970,3.1,15,False,robinson v
2016_NC_House-13_REP,REP,Kay Daly,889,2.8,15,False,daly k
2016_NC_House-13_REP,REP,George Rouco,773,2.4,15,False,rouco g
2016_NC_House-13_REP,REP,Jim Snyder,436,1.4,15,False,snyder j
2016_NC_House-13_REP,REP,Farren K. Shoaf,404,1.3,15,False,shoaf f
2016_NC_House-13_REP,REP,Chad A. Gant,198,0.6,15,False,gant c
2016_NC_House-13_REP,REP,David W. Thompson,147,0.5,15,False,thompson d
2016_NC_House-13_REP,REP,Kathy Feather,142,0.4,15,False,feather k
2016_NC_House-2_DEM,DEM,John P. McNeil,7613,46.1,2,True,mcneil j
2016_NC_House-2_DEM,DEM,Jane Watson,3875,23.5,2,False,watson j
2016_NC_House-2_DEM,DEM,Steven E. Hight,1870,11.3,2,False,hight s
2016_NC_House-2_DEM,DEM,Ron Sanyal,1761,10.7,2,False,sanyal r
2016_NC_House-2_DEM,DEM,Elton R. Brewington,1387,8.4,2,False,brewington e
2016_NC_House-2_REP,REP,George Holding,17084,53.4,1,True,holding g
2016_NC_House-2_REP,REP,Renee Ellmers,7552,23.6,1,False,ellmers r
2016_NC_House-2_REP,REP,Greg Brannon,7359,23.0,1,False,brannon g
2016_NC_House-3_DEM,DEM,Ernest T. Reeves,6456,54.7,4,True,reeves e
2016_NC_House-3_DEM,DEM,David Allan Hurst,5351,45.3,4,False,hurst d
2016_NC_House-3_REP,REP,Walter B. Jones Jr.,15799,64.9,3,True,jones w
2016_NC_House-3_REP,REP,Phil Law,4946,20.3,3,False,law p
2016_NC_House-3_REP,REP,Taylor Griffin,3610,14.8,3,False,griffin t
2016_NC_House-4_REP,REP,Sue Googe,10947,71.3,5,True,googe s
2016_NC_House-4_REP,REP,Teiji Kimball,4399,28.7,5,False,kimball t
2016_NC_House-5_DEM,DEM,Josh Brannon,7430,47.7,7,True,brannon j
2016_NC_House-5_DEM,DEM,Charlie Wallin,4184,26.9,7,False,wallin c
2016_NC_House-5_DEM,DEM,Jim Roberts,3959,25.4,7,False,roberts j
2016_NC_House-5_REP,REP,Virginia Foxx,17162,67.9,6,True,foxx v
2016_NC_House-5_REP,REP,Pattie Curran,8098,32.1,6,False,curran p
2016_NC_House-6_REP,REP,Mark Walker,16859,77.9,8,True,walker m
2016_NC_House-6_REP,REP,Chris Hardin,4777,22.1,8,False,hardin c
2016_NC_House-8_REP,REP,Richard Hudson,16375,64.6,9,True,hudson r
2016_NC_House-8_REP,REP,Tim D'Annunzio,8943,35.4,9,False,dannunzio t
2016_NC_House-9_REP,REP,Robert Pittenger,9299,35.0,10,True,pittenger r
2016_NC_House-9_REP,REP,Mark Harris,9165,34.4,10,False,harris m
2016_NC_House-9_REP,REP,Todd Johnson,8142,30.6,10,False,johnson t
2016_ND_House-1_REP,REP,Kevin Cramer,96357,99.1,1,True,cramer k
2016_ND_House-1_REP,REP,Write-ins,919,0.9,1,False,writeins
2016_NE_House-1_DEM,DEM,Daniel Wik,25762,100.0,2,True,wik d
2016_NE_House-1_REP,REP,Jeff Fortenberry,62704,100.0,1,True,fortenberry j
2016_NE_House-2_DEM,DEM,Brad Ashford,23470,100.0,3,True,ashford b
2016_NE_House-2_REP,REP,Don Bacon,32328,66.0,4,True,bacon d
2016_NE_House-2_REP,REP,Chip Maxwell,16677,34.0,4,False,maxwell c
2016_NE_House-3_REP,REP,Adrian Smith,78154,100.0,6,True,smith a
2016_NH_House-1_DEM,DEM,Carol Shea-Porter,32409,98.8,2,True,sheaporter c
2016_NH_House-1_REP,REP,Frank Guinta,26400,46.5,1,True,guinta f
2016_NH_House-1_REP,REP,Richard Ashooh,25678,45.2,1,False,ashooh r
2016_NH_House-1_REP,REP,Michael Callis,2243,4.0,1,False,callis m
2016_NH_House-1_REP,REP,Robert Risley,1347,2.4,1,False,risley r
2016_NH_House-1_REP,REP,Jamieson Gradert,1031,1.8,1,False,gradert j
2016_NH_House-2_DEM,DEM,Ann McLane Kuster,36683,99.3,3,True,kuster a
2016_NH_House-2_REP,REP,Jim Lawrence,17180,39.7,4,True,lawrence j
2016_NH_House-2_REP,REP,Jack B. Flanagan,12046,27.8,4,False,flanagan j
2016_NH_House-2_REP,REP,Walter W. Kelly,4287,9.9,4,False,kelly w
2016_NH_House-2_REP,REP,Andy Martin,3145,7.3,4,False,martin a
2016_NH_House-2_REP,REP,Eric Estevez,2443,5.6,4,False,estevez e
2016_NH_House-2_REP,REP,Jay Mercer,2113,4.9,4,False,mercer j
2016_NH_House-2_REP,REP,Casey Newell,1839,4.3,4,False,newell c
2016_NJ_House-10_DEM,DEM,Donald Payne Jr.,75175,100.0,19,True,payne d
2016_NJ_House-10_REP,REP,David H. Pinckney,3395,100.0,20,True,pinckney d
2016_NJ_House-11_DEM,DEM,Joseph M. Wenzel,34688,70.4,22,True,wenzel j
2016_NJ_House-11_DEM,DEM,Richard McFarlane,8751,17.8,22,False,mcfarlane r
2016_NJ_House-11_DEM,DEM,Lee Anne Brogowski,5799,11.8,22,False,brogowski l
2016_NJ_House-11_REP,REP,Rodney Frelinghuysen,44618,76.2,21,True,frelinghuysen r
2016_NJ_House-11_REP,REP,Rick Van Glahn,13909,23.8,21,False,glahn r
2016_NJ_House-12_DEM,DEM,Bonnie Watson Coleman,66479,93.6,23,True,coleman b
2016_NJ_House-12_DEM,DEM,Alexander J. Kucsma,4525,6.4,23,False,kucsma a
2016_NJ_House-12_REP,REP,Steven J. Uccio,18640,100.0,24,True,uccio s
2016_NJ_House-1_DEM,DEM,Donald Norcross,56753,70.3,1,True,norcross d
2016_NJ_House-1_DEM,DEM,Alex Law,23986,29.7,1,False,law a
2016_NJ_House-1_REP,REP,Bob Patterson,23813,100.0,2,True,patterson b
2016_NJ_House-2_DEM,DEM,David H. Cole,33961,81.1,4,True,cole d
2016_NJ_House-2_DEM,DEM,"Constantino ""Tino"" Rozzo",7932,18.9,4,False,rozzo c
2016_NJ_House-2_REP,REP,Frank LoBiondo,39913,100.0,3,True,lobiondo f
2016_NJ_House-3_DEM,DEM,Frederick John LaVergne,32963,62.8,6,True,lavergne f
2016_NJ_House-3_DEM,DEM,Jim Keady,19526,37.2,6,False,keady j
2016_NJ_House-3_REP,REP,Tom MacArthur,46264,100.0,5,True,macarthur t
2016_NJ_House-4_DEM,DEM,Lorna Phillipson,40528,100.0,8,True,phillipson l
2016_NJ_House-4_REP,REP,Christopher H. Smith,41789,92.0,7,True,smith c
2016_NJ_House-4_REP,REP,Bruce C MacDonald,3645,8.0,7,False,macdonald b
2016_NJ_House-5_DEM,DEM,Josh Gottheimer,43250,100.0,10,True,gottheimer j
2016_NJ_House-5_REP,REP,Scott Garrett,42179,82.2,9,True,garrett s
2016_NJ_House-5_REP,REP,Peter Vallorosi,4884,9.5,9,False,vallorosi p
2016_NJ_House-5_REP,REP,Michael J Cino,4252,8.3,9,False,cino m
2016_NJ_House-6_DEM,DEM,Frank Pallone Jr.,52231,100.0,11,True,pallone f
2016_NJ_House-6_REP,REP,Brent Sonnek-Schmelz,17856,100.0,12,True,sonnekschmelz b
2016_NJ_House-7_DEM,DEM,Peter Jacob,46152,100.0,14,True,jacob p
2016_NJ_House-7_REP,REP,Leonard Lance,31807,53.9,13,True,lance l
2016_NJ_House-7_REP,REP,David Larsen,19425,32.9,13,False,larsen d
2016_NJ_House-7_REP,REP,Craig P. Heard,7774,13.2,13,False,heard c
2016_NJ_House-8_DEM,DEM,Albio Sires,45988,86.9,15,True,sires a
2016_NJ_House-8_DEM,DEM,Eloy J. Delgado,6933,13.1,15,False,delgado e
2016_NJ_House-8_REP,REP,Agha Khan,4679,100.0,16,True,khan a
2016_NJ_House-9_DEM,DEM,Bill Pascrell Jr.,47671,100.0,17,True,pascrell b
2016_NJ_House-9_REP,REP,Hector L. Castillo,12757,100.0,18,True,castillo h
2016_NM_House-1_DEM,DEM,Michelle Lujan Grisham,69216,100.0,1,True,grisham m
2016_NM_House-1_REP,REP,Richard Gregory Priem,27973,100.0,2,True,priem r
2016_NM_House-2_DEM,DEM,Merrie Lee Soules,37455,100.0,4,True,soules m
2016_NM_House-2_REP,REP,Steve Pearce,36722,100.0,3,True,pearce s
2016_NM_House-3_DEM,DEM,Ben Ray Luján,76789,100.0,5,True,lujan b
2016_NM_House-3_REP,REP,Michael H. Romero,17025,62.0,6,True,romero m
2016_NM_House-3_REP,REP,Michael Glenn Lucero,10419,38.0,6,False,lucero m
2016_NV_House-1_DEM,DEM,Dina Titus,15556,82.4,1,True,titus d
2016_NV_House-1_DEM,DEM,Jose Solorio,1775,9.4,1,False,solorio j
2016_NV_House-1_DEM,DEM,Patrick Boylan,1554,8.2,1,False,boylan p
2016_NV_House-1_REP,REP,Mary Perry,2588,25.0,2,True,perry m
2016_NV_House-1_REP,REP,Stephanie Carlisle,2563,24.8,2,False,carlisle s
2016_NV_House-1_REP,REP,Fred Horne,1911,18.5,2,False,horne f
2016_NV_House-1_REP,REP,Jeff Miller,1459,14.1,2,False,miller j
2016_NV_House-1_REP,REP,Gary Johnston,1144,11.1,2,False,johnston g
2016_NV_House-1_REP,REP,Louis Baker,668,6.5,2,False,baker l
2016_NV_House-2_DEM,DEM,Chip Evans,11333,45.1,3,True,evans c
2016_NV_House-2_DEM,DEM,Rick Shepherd,8983,35.8,3,False,shepherd r
2016_NV_House-2_DEM,DEM,Vance Alm,4803,19.1,3,False,alm v
2016_NV_House-3_DEM,DEM,Jacky Rosen,14221,62.2,5,True,rosen j
2016_NV_House-3_DEM,DEM,Jesse Sbaih,2928,12.8,5,False,sbaih j
2016_NV_House-3_DEM,DEM,Barry Michaels,2219,9.7,5,False,michaels b
2016_NV_House-3_DEM,DEM,Steven Schiffman,1237,5.4,5,False,schiffman s
2016_NV_House-3_DEM,DEM,Alex Singer,1208,5.3,5,False,singer a
2016_NV_House-3_DEM,DEM,Neil Waite,1055,4.6,5,False,waite n
2016_NV_House-3_REP,REP,Daniel Tarkanian,9002,32.0,4,True,tarkanian d
2016_NV_House-3_REP,REP,Michael Roberson,6759,24.0,4,False,roberson m
2016_NV_House-3_REP,REP,Michele Fiore,5124,18.2,4,False,fiore m
2016_NV_House-3_REP,REP,Andrew Matthews,3975,14.1,4,False,matthews a
2016_NV_House-3_REP,REP,Kerry Bowers,1569,5.6,4,False,bowers k
2016_NV_House-3_REP,REP,Annette Teijeiro,1336,4.8,4,False,teijeiro a
2016_NV_House-3_REP,REP,Sami Khal,381,1.3,4,False,khal s
2016_NV_House-4_DEM,DEM,Ruben Kihuen,12221,39.9,7,True,kihuen r
2016_NV_House-4_DEM,DEM,Lucy Flores,7854,25.7,7,False,flores l
2016_NV_House-4_DEM,DEM,Susie Lee,6407,21.0,7,False,lee s
2016_NV_House-4_DEM,DEM,Morse Arberry,1902,6.2,7,False,arberry m
2016_NV_House-4_DEM,DEM,Rodney Smith,869,2.8,7,False,smith r
2016_NV_House-4_DEM,DEM,Mike Schaefer,773,2.5,7,False,schaefer m
2016_NV_House-4_DEM,DEM,Dan Rolle,336,1.1,7,False,rolle d
2016_NV_House-4_DEM,DEM,Brandon Casutt,240,0.8,7,False,casutt b
2016_NV_House-4_REP,REP,Cresent Hardy,18610,76.8,6,True,hardy c
2016_NV_House-4_REP,REP,Mike Monroe,4336,17.9,6,False,monroe m
2016_NV_House-4_REP,REP,Wayne Villines,1290,5.3,6,False,villines w
2016_NY_House-10_DEM,DEM,Jerrold Nadler,27270,89.5,5,True,nadler j
2016_NY_House-10_DEM,DEM,Mikhail Oliver Rosenberg,3206,10.5,5,False,rosenberg m
2016_NY_House-12_DEM,DEM,Carolyn B. Maloney,15101,90.1,6,True,maloney c
2016_NY_House-12_DEM,DEM,Peter Lindner,1654,9.9,6,False,lindner p
2016_NY_House-13_DEM,DEM,Adriano Espaillat,16377,36.0,7,True,espaillat a
2016_NY_House-13_DEM,DEM,Keith L. T. Wright,15528,34.1,7,False,wright k
2016_NY_House-13_DEM,DEM,Clyde E. Williams,5003,11.0,7,False,williams c
2016_NY_House-13_DEM,DEM,Adam Clayton Powell,2986,6.6,7,False,powell a
2016_NY_House-13_DEM,DEM,Guillermo Linares,2504,5.5,7,False,linares g
2016_NY_House-13_DEM,DEM,Suzan D. Johnson-Cook,2341,5.1,7,False,johnsoncook s
2016_NY_House-13_DEM,DEM,Michael Gallagher,435,1.0,7,False,gallagher m
2016_NY_House-13_DEM,DEM,Sam Sloan,227,0.5,7,False,sloan s
2016_NY_House-13_DEM,DEM,Yohanny M. Caceres,116,0.2,7,False,caceres y
2016_NY_House-15_DEM,DEM,Jose E. Serrano,9334,89.2,8,True,serrano j
2016_NY_House-15_DEM,DEM,Leonel Baez,1127,10.8,8,False,baez l
2016_NY_House-18_REP,REP,Phil Oliva,3574,57.0,9,True,oliva p
2016_NY_House-18_REP,REP,Kenneth Del Vecchio,2696,43.0,9,False,vecchio k
2016_NY_House-19_DEM,DEM,Zephyr Teachout,13801,71.3,11,True,teachout z
2016_NY_House-19_DEM,DEM,Will Yandik,5561,28.7,11,False,yandik w
2016_NY_House-19_REP,REP,John J. Faso,10922,67.5,10,True,faso j
2016_NY_House-19_REP,REP,Andrew Heaney,5253,32.5,10,False,heaney a
2016_NY_House-1_DEM,DEM,Anna E. Throne-Holst,6481,51.3,1,True,throneholst a
2016_NY_House-1_DEM,DEM,David L. Calone,6162,48.7,1,False,calone d
2016_NY_House-22_REP,REP,Claudia Tenney,9549,41.1,12,True,tenney c
2016_NY_House-22_REP,REP,Steven M. Wells,7985,34.3,12,False,wells s
2016_NY_House-22_REP,REP,George K. Phillips,5716,24.6,12,False,phillips g
2016_NY_House-24_DEM,DEM,Colleen Deacon,6517,49.9,13,True,deacon c
2016_NY_House-24_DEM,DEM,Eric Kingson,3994,30.6,13,False,kingson e
2016_NY_House-24_DEM,DEM,Steve Williams,2557,19.5,13,False,williams s
2016_NY_House-3_DEM,DEM,Tom Suozzi,7142,35.1,2,True,suozzi t
2016_NY_House-3_DEM,DEM,Steve Stern,4475,22.0,2,False,stern s
2016_NY_House-3_DEM,DEM,Jon Kaiman,4394,21.6,2,False,kaiman j
2016_NY_House-3_DEM,DEM,Anna Kaplan,3311,16.3,2,False,kaplan a
2016_NY_House-3_DEM,DEM,Jonathan C. Clarke,1021,5.0,2,False,clarke j
2016_NY_House-5_DEM,DEM,Gregory Meeks,7056,81.7,3,True,meeks g
2016_NY_House-5_DEM,DEM,Ali A. Mirza,1579,18.3,3,False,mirza a
2016_NY_House-7_DEM,DEM,Nydia M. Velázquez,10162,62.1,4,True,velazquez n
2016_NY_House-7_DEM,DEM,Yungman F. Lee,4479,27.3,4,False,lee y
2016_NY_House-7_DEM,DEM,Jeffrey M. Kurzon,1736,10.6,4,False,kurzon j
2016_OH_House-10_DEM,DEM,Robert Klepinger,51854,100.0,21,True,klepinger r
2016_OH_House-10_REP,REP,Mike Turner,108235,100.0,20,True,turner m
2016_OH_House-11_DEM,DEM,Marcia Fudge,109706,100.0,22,True,fudge m
2016_OH_House-11_REP,REP,Beverly Goldstein,23290,100.0,23,True,goldstein b
2016_OH_House-12_DEM,DEM,Ed Albertson,48537,100.0,25,True,albertson e
2016_OH_House-12_REP,REP,Pat Tiberi,128173,100.0,24,True,tiberi p
2016_OH_House-13_DEM,DEM,Tim Ryan,88154,89.3,27,True,ryan t
2016_OH_House-13_DEM,DEM,John Stephen Luchansky,10578,10.7,27,False,luchansky j
2016_OH_House-13_REP,REP,Richard Morckel,50750,100.0,28,True,morckel r
2016_OH_House-14_DEM,DEM,Michael Wager,36796,66.6,30,True,wager m
2016_OH_House-14_DEM,DEM,Alfred Mackey,18442,33.4,30,False,mackey a
2016_OH_House-14_REP,REP,David Joyce,79919,64.5,29,True,joyce d
2016_OH_House-14_REP,REP,Matt Lynch,44004,35.5,29,False,lynch m
2016_OH_House-15_DEM,DEM,Scott Wharton,48477,100.0,32,True,wharton s
2016_OH_House-15_REP,REP,Steve Stivers,106410,100.0,31,True,stivers s
2016_OH_House-16_DEM,DEM,Keith Mundy,48907,100.0,35,True,mundy k
2016_OH_House-16_REP,REP,Jim Renacci,107039,100.0,34,True,renacci j
2016_OH_House-1_DEM,DEM,Michele Young,39535,68.0,2,True,young m
2016_OH_House-1_DEM,DEM,Fred Kundrata,11944,20.5,2,False,kundrata f
2016_OH_House-1_DEM,DEM,Jim Berns,6693,11.5,2,False,berns j
2016_OH_House-1_REP,REP,Steve Chabot,101026,100.0,1,True,chabot s
2016_OH_House-2_DEM,DEM,William R. Smith,19422,41.7,4,True,smith w
2016_OH_House-2_DEM,DEM,Ronny Richards,13976,30.0,4,False,richards r
2016_OH_House-2_DEM,DEM,Russ Hurley,13154,28.3,4,False,hurley r
2016_OH_House-2_REP,REP,Brad Wenstrup,101765,84.9,3,True,wenstrup b
2016_OH_House-2_REP,REP,Jim Lewis,18136,15.1,3,False,lewis j
2016_OH_House-3_DEM,DEM,Joyce Beatty,79893,100.0,5,True,beatty j
2016_OH_House-3_REP,REP,John Adams,36851,100.0,6,True,adams j
2016_OH_House-4_DEM,DEM,Janet Garrett,29679,66.7,8,True,garrett j
2016_OH_House-4_DEM,DEM,Daniel Johnson,11314,25.5,8,False,johnson d
2016_OH_House-4_DEM,DEM,"Norbert G. Dennerll, Jr.",3480,7.8,8,False,dennerll n
2016_OH_House-4_REP,REP,Jim Jordan,109743,100.0,7,True,jordan j
2016_OH_House-5_DEM,DEM,"James L. Neu, Jr.",44005,100.0,10,True,neu j
2016_OH_House-5_REP,REP,Bob Latta,119907,100.0,9,True,latta b
2016_OH_House-6_DEM,DEM,Michael L. Lorentz,20649,100.0,12,True,lorentz m
2016_OH_House-6_REP,REP,Bill Johnson,102187,100.0,11,True,johnson b
2016_OH_House-7_DEM,DEM,Roy Rich,43683,100.0,14,True,rich r
2016_OH_House-7_REP,REP,Bob Gibbs,80853,74.6,13,True,gibbs b
2016_OH_House-7_REP,REP,Terry Robertson,27453,25.4,13,False,robertson t
2016_OH_House-8_DEM,DEM,Corey Foister,32214,100.0,16,True,foister c
2016_OH_House-8_REP,REP,Warren Davidson,42701,32.2,15,True,davidson w
2016_OH_House-8_REP,REP,Timothy S. Derickson,31685,23.9,15,False,derickson t
2016_OH_House-8_REP,REP,Bill Beagle,26049,19.6,15,False,beagle b
2016_OH_House-8_REP,REP,Jim Spurlino,9602,7.2,15,False,spurlino j
2016_OH_House-8_REP,REP,J.D. Winteregg,5375,4.0,15,False,winteregg j
2016_OH_House-8_REP,REP,Scott George,3094,2.3,15,False,george s
2016_OH_House-8_REP,REP,Terri King,2970,2.2,15,False,king t
2016_OH_House-8_REP,REP,Kevin F. White,2384,1.8,15,False,white k
2016_OH_House-8_REP,REP,Michael Smith,2009,1.5,15,False,smith m
2016_OH_House-8_REP,REP,Matthew Ashworth,1637,1.2,15,False,ashworth m
2016_OH_House-8_REP,REP,John W. Robbins,1579,1.2,15,False,robbins j
2016_OH_House-8_REP,REP,Eric J. Haemmerle,1386,1.0,15,False,haemmerle e
2016_OH_House-8_REP,REP,George S. Wooley,1045,0.8,15,False,wooley g
2016_OH_House-8_REP,REP,Edward R. Meer,633,0.5,15,False,meer e
2016_OH_House-8_REP,REP,Joseph Matvey,548,0.4,15,False,matvey j
2016_OH_House-9_DEM,DEM,Marcy Kaptur,80065,100.0,18,True,kaptur m
2016_OH_House-9_REP,REP,Donald P. Larson,20859,44.3,19,True,larson d
2016_OH_House-9_REP,REP,Steve Kraus,16966,36.0,19,False,kraus s
2016_OH_House-9_REP,REP,Joel Lieske,9262,19.7,19,False,lieske j
2016_OK_House-1_REP,REP,Jim Bridenstine,50595,80.7,1,True,bridenstine j
2016_OK_House-1_REP,REP,Tom Atkinson,10056,16.1,1,False,atkinson t
2016_OK_House-1_REP,REP,Evelyn Rogers,2004,3.2,1,False,rogers e
2016_OK_House-2_DEM,DEM,Joshua Harris-Till,31681,60.0,3,True,harristill j
2016_OK_House-2_DEM,DEM,Paul Schiefelbein,21152,40.0,3,False,schiefelbein p
2016_OK_House-2_REP,REP,Markwayne Mullin,20065,63.4,2,True,mullin m
2016_OK_House-2_REP,REP,Jarrin Jackson,11580,36.6,2,False,jackson j
2016_OK_House-3_REP,REP,Frank Lucas,42027,78.0,4,True,lucas f
2016_OK_House-3_REP,REP,Desiree Brown,11891,22.0,4,False,brown d
2016_OK_House-4_DEM,DEM,Christina Owen,16314,62.2,6,True,owen c
2016_OK_House-4_DEM,DEM,Bert Smith,9922,37.8,6,False,smith b
2016_OK_House-4_REP,REP,Tom Cole,28813,71.4,5,True,cole t
2016_OK_House-4_REP,REP,James Taylor,7398,18.3,5,False,taylor j
2016_OK_House-4_REP,REP,Shawn Roberts,4151,10.3,5,False,roberts s
2016_OK_House-5_DEM,DEM,Al McAffrey,8032,50.1,9,True,mcaffrey a
2016_OK_House-5_DEM,DEM,Tom Guild,7988,49.9,9,False,guild t
2016_OK_House-5_REP,REP,Steve Russell,27436,80.3,7,True,russell s
2016_OK_House-5_REP,REP,Frank Volpe,6721,19.7,7,False,volpe f
2016_OR_House-1_DEM,DEM,Suzanne Bonamici,99153,89.8,1,True,bonamici s
2016_OR_House-1_DEM,DEM,Shabba Woodley,10961,9.9,1,False,woodley s
2016_OR_House-1_DEM,DEM,Write-ins,375,0.3,1,False,writeins
2016_OR_House-1_REP,REP,Brian J. Heinrich,19290,48.5,2,True,heinrich b
2016_OR_House-1_REP,REP,Delinda Morgan,10640,26.7,2,False,morgan d
2016_OR_House-1_REP,REP,Jonathan E. Burgess,9127,22.9,2,False,burgess j
2016_OR_House-1_REP,REP,Write-ins,768,1.9,2,False,writeins
2016_OR_House-2_DEM,DEM,"James ""Jim"" Crary",53484,97.6,5,True,crary j
2016_OR_House-2_DEM,DEM,Write-ins,1295,2.4,5,False,writeins
2016_OR_House-2_REP,REP,Greg Walden,85039,80.0,4,True,walden g
2016_OR_House-2_REP,REP,Paul J. Romero Jr.,21099,19.8,4,False,romero p
2016_OR_House-2_REP,REP,Write-ins,238,0.2,4,False,writeins
2016_OR_House-3_DEM,DEM,Earl Blumenauer,144706,98.3,7,True,blumenauer e
2016_OR_House-3_DEM,DEM,Write-ins,2511,1.7,7,False,writeins
2016_OR_House-3_REP,REP,Write-ins,2160,90.9,8,True,writeins
2016_OR_House-3_REP,REP,David W. Walker,217,9.1,8,False,walker d
2016_OR_House-4_DEM,DEM,Peter DeFazio,113816,91.6,10,True,defazio p
2016_OR_House-4_DEM,DEM,Joseph McKinney,9894,8.0,10,False,mckinney j
2016_OR_House-4_DEM,DEM,Write-ins,601,0.4,10,False,writeins
2016_OR_House-4_REP,REP,Art Robinson,55557,67.3,11,True,robinson a
2016_OR_House-4_REP,REP,Jo Rae Perkins,26375,31.9,11,False,perkins j
2016_OR_House-4_REP,REP,Write-ins,620,0.8,11,False,writeins
2016_OR_House-5_DEM,DEM,Kurt Schrader,72634,71.7,13,True,schrader k
2016_OR_House-5_DEM,DEM,Dave McTeague,28184,27.8,13,False,mcteague d
2016_OR_House-5_DEM,DEM,Write-ins,549,0.5,13,False,writeins
2016_OR_House-5_REP,REP,Colm Willis,40568,57.6,14,True,willis c
2016_OR_House-5_REP,REP,Ben West,14696,20.8,14,False,west b
2016_OR_House-5_REP,REP,Seth Allan,10779,15.3,14,False,allan s
2016_OR_House-5_REP,REP,Earl D. Rainey,3783,5.4,14,False,rainey e
2016_OR_House-5_REP,REP,Write-ins,665,0.9,14,False,writeins
2016_PA_House-10_REP,REP,Tom Marino,95321,100.0,17,True,marino t
2016_PA_House-11_DEM,DEM,Michael Marsicano,58117,100.0,19,True,marsicano m
2016_PA_House-11_REP,REP,Lou Barletta,92342,100.0,18,True,barletta l
2016_PA_House-12_DEM,DEM,Erin Mcclelland,73326,100.0,21,True,mcclelland e
2016_PA_House-12_REP,REP,Keith Rothfus,87270,100.0,20,True,rothfus k
2016_PA_House-13_DEM,DEM,Brendan Boyle,90512,100.0,22,True,boyle b
2016_PA_House-14_DEM,DEM,Michael F. Doyle,103710,76.6,23,True,doyle m
2016_PA_House-14_DEM,DEM,Janis Brooks,31659,23.4,23,False,brooks j
2016_PA_House-15_DEM,DEM,Rick Daugherty,59475,100.0,25,True,daugherty r
2016_PA_House-15_REP,REP,Charlie Dent,75821,100.0,24,True,dent c
2016_PA_House-16_DEM,DEM,Christina Hartman,51588,100.0,27,True,hartman c
2016_PA_House-16_REP,REP,Lloyd Smucker,49716,54.1,26,True,smucker l
2016_PA_House-16_REP,REP,Chet Beiler,42246,45.9,26,False,beiler c
2016_PA_House-17_DEM,DEM,Matt Cartwright,73648,100.0,28,True,cartwright m
2016_PA_House-17_REP,REP,Matt Connolly,34263,62.7,29,True,connolly m
2016_PA_House-17_REP,REP,Glenn Geissinger,20399,37.3,29,False,geissinger g
2016_PA_House-18_REP,REP,Tim Murphy,88266,100.0,30,True,murphy t
2016_PA_House-1_DEM,DEM,Bob Brady,108233,100.0,1,True,brady b
2016_PA_House-1_REP,REP,Debbie Williams,19042,100.0,2,True,williams d
2016_PA_House-2_DEM,DEM,Dwight E. Evans,75515,42.3,3,True,evans d
2016_PA_House-2_DEM,DEM,Chaka Fattah,61518,34.4,3,False,fattah c
2016_PA_House-2_DEM,DEM,Brian Gordon,23655,13.2,3,False,gordon b
2016_PA_House-2_DEM,DEM,Dan Muroff,18016,10.1,3,False,muroff d
2016_PA_House-2_REP,REP,James Jones,11838,100.0,4,True,jones j
2016_PA_House-3_REP,REP,Mike Kelly,88964,100.0,6,True,kelly m
2016_PA_House-4_REP,REP,Scott Perry,100552,100.0,7,True,perry s
2016_PA_House-5_DEM,DEM,Kerith Strano Taylor,56696,100.0,9,True,taylor k
2016_PA_House-5_REP,REP,Glenn Thompson,89000,100.0,8,True,thompson g
2016_PA_House-6_DEM,DEM,Mike Parrish,62732,100.0,11,True,parrish m
2016_PA_House-6_REP,REP,Ryan Costello,88349,100.0,10,True,costello r
2016_PA_House-7_DEM,DEM,Mary Ellen Balchunis,52792,74.0,13,True,balchunis m
2016_PA_House-7_DEM,DEM,Bill Golderer,18509,26.0,13,False,golderer b
2016_PA_House-7_REP,REP,Pat Meehan,86178,76.4,12,True,meehan p
2016_PA_House-7_REP,REP,Stan Casacio,26674,23.6,12,False,casacio s
2016_PA_House-8_DEM,DEM,Steve Santarsiero,50416,59.82,15,True,santarsiero s
2016_PA_House-8_DEM,DEM,Shaughnessy Naughton,33864,40.18,15,False,naughton s
2016_PA_House-8_REP,REP,Brian Fitzpatrick,74150,78.37,14,True,fitzpatrick b
2016_PA_House-8_REP,REP,Andy Warren,11828,12.5,14,False,warren a
2016_PA_House-8_REP,REP,Marc Duome,8641,9.13,14,False,duome m
2016_PA_House-9_REP,REP,Bill Shuster,49393,50.6,16,True,shuster b
2016_PA_House-9_REP,REP,Arthur L Halvorson,48166,49.4,16,False,halvorson a
2016_RI_House-1_DEM,DEM,David Cicilline,24136,67.6,1,True,cicilline d
2016_RI_House-1_DEM,DEM,Christopher F. Young,11594,32.4,1,False,young c
2016_RI_House-1_REP,REP,Harold Russell Taub,629,100.0,2,True,taub h
2016_RI_House-2_DEM,DEM,James Langevin,16334,64.4,3,True,langevin j
2016_RI_House-2_DEM,DEM,Steven Archer,4768,18.8,3,False,archer s
2016_RI_House-2_DEM,DEM,John D. Hamilton,4272,16.8,3,False,hamilton j
2016_RI_House-2_REP,REP,Rhue R. Reis,641,100.0,4,True,reis r
2016_SC_House-1_REP,REP,Mark Sanford,21299,55.6,1,True,sanford m
2016_SC_House-1_REP,REP,Jenny Horne,17001,44.4,1,False,horne j
2016_SC_House-2_DEM,DEM,Arik Bjorn,9686,50.1,2,True,bjorn a
2016_SC_House-2_DEM,DEM,Phil Black,9642,49.9,2,False,black p
2016_SC_House-5_REP,REP,Mick Mulvaney,22603,78.3,3,True,mulvaney m
2016_SC_House-5_REP,REP,Ray Craig,6280,21.7,3,False,craig r
2016_TN_House-1_DEM,DEM,Alan Bohms,4161,100.0,2,True,bohms a
2016_TN_House-1_REP,REP,Phil Roe,35350,82.2,1,True,roe p
2016_TN_House-1_REP,REP,Clint Tribble,7673,17.8,1,False,tribble c
2016_TN_House-2_DEM,DEM,Stuart Starr,7851,100.0,4,True,starr s
2016_TN_House-2_REP,REP,"John J. Duncan, Jr.",28806,100.0,3,True,duncan j
2016_TN_House-3_DEM,DEM,Melody Shekari,8660,53.9,6,True,shekari m
2016_TN_House-3_DEM,DEM,Michael Friedman,5329,33.2,6,False,friedman m
2016_TN_House-3_DEM,DEM,George Ryan Love,2070,12.9,6,False,love g
2016_TN_House-3_REP,REP,Chuck Fleischmann,31964,83.9,5,True,fleischmann c
2016_TN_House-3_REP,REP,Geoffery Suhmer Smith,3076,8.1,5,False,smith g
2016_TN_House-3_REP,REP,Allan Levene,3059,8.0,5,False,levene a
2016_TN_House-4_DEM,DEM,Steven Reynolds,11511,100.0,8,True,reynolds s
2016_TN_House-4_REP,REP,Scott DesJarlais,24211,52.1,7,True,desjarlais s
2016_TN_House-4_REP,REP,Grant Starrett,20138,43.3,7,False,starrett g
2016_TN_House-4_REP,REP,Erran Persley,1615,3.5,7,False,persley e
2016_TN_House-4_REP,REP,Yomi Faparusi,493,1.1,7,False,faparusi y
2016_TN_House-5_DEM,DEM,Jim Cooper,32103,100.0,9,True,cooper j
2016_TN_House-5_REP,REP,Stacy Ries Snyder,7666,50.8,10,True,snyder s
2016_TN_House-5_REP,REP,"John ""Big John"" Smith",4295,28.5,10,False,smith j
2016_TN_House-5_REP,REP,Jody Ball,3124,20.7,10,False,ball j
2016_TN_House-6_DEM,DEM,David Kent,7551,67.0,12,True,kent d
2016_TN_House-6_DEM,DEM,Flo Matheson,3714,33.0,12,False,matheson f
2016_TN_House-6_REP,REP,Diane Black,33215,63.7,11,True,black d
2016_TN_House-6_REP,REP,Joe Carr,16665,31.9,11,False,carr j
2016_TN_House-6_REP,REP,Donald Strong,1354,2.6,11,False,strong d
2016_TN_House-6_REP,REP,Tommy Hay,945,1.8,11,False,hay t
2016_TN_House-7_DEM,DEM,Tharon Chandler,9956,100.0,14,True,chandler t
2016_TN_House-7_REP,REP,Marsha Blackburn,38490,100.0,13,True,blackburn m
2016_TN_House-8_DEM,DEM,Rickey Hobson,7774,54.8,16,True,hobson r
2016_TN_House-8_DEM,DEM,Gregory Alan Frye,6413,45.2,16,False,frye g
2016_TN_House-8_REP,REP,David Kustoff,16889,27.4,15,True,kustoff d
2016_TN_House-8_REP,REP,George Flinn,14200,23.1,15,False,flinn g
2016_TN_House-8_REP,REP,Mark Luttrell,10878,17.7,15,False,luttrell m
2016_TN_House-8_REP,REP,Brian Kelsey,7942,12.9,15,False,kelsey b
2016_TN_House-8_REP,REP,Brad Greer,6819,11.1,15,False,greer b
2016_TN_House-8_REP,REP,Tom Leatherwood,2620,4.3,15,False,leatherwood t
2016_TN_House-8_REP,REP,Hunter Baker,1014,1.6,15,False,baker h
2016_TN_House-8_REP,REP,Ken Atkins,410,0.7,15,False,atkins k
2016_TN_House-8_REP,REP,Raymond Honeycutt,231,0.4,15,False,honeycutt r
2016_TN_House-8_REP,REP,George B. Howell,211,0.3,15,False,howell g
2016_TN_House-8_REP,REP,David Wharton,131,0.2,15,False,wharton d
2016_TN_House-8_REP,REP,Dave Bault,109,0.2,15,False,bault d
2016_TN_House-8_REP,REP,David J Maldonado,76,0.1,15,False,maldonado d
2016_TN_House-9_DEM,DEM,Steve Cohen,35645,85.5,17,True,cohen s
2016_TN_House-9_DEM,DEM,Justin Ford,4165,10.0,17,False,ford j
2016_TN_House-9_DEM,DEM,M. LaTroy Williams,1452,3.5,17,False,williams m
2016_TN_House-9_DEM,DEM,Larry Crim,406,1.0,17,False,crim l
2016_TN_House-9_REP,REP,Wayne Alberson,38490,100.0,18,True,alberson w
2016_TX_House-10_DEM,DEM,Tawana Walter-Cadien,22660,52.0,17,True,waltercadien t
2016_TX_House-10_DEM,DEM,Scot Gallaher,20961,48.0,17,False,gallaher s
2016_TX_House-10_REP,REP,Michael McCaul,76646,100.0,16,True,mccaul m
2016_TX_House-11_REP,REP,Mike Conaway,101056,100.0,18,True,conaway m
2016_TX_House-12_DEM,DEM,Bill Bradshaw,25839,100.0,20,True,bradshaw b
2016_TX_House-12_REP,REP,Kay Granger,87329,100.0,19,True,granger k
2016_TX_House-13_REP,REP,Mac Thornberry,98033,100.0,21,True,thornberry m
2016_TX_House-14_DEM,DEM,Michael Cole,28731,100.0,23,True,cole m
2016_TX_House-14_REP,REP,Randy Weber,57869,84.0,22,True,weber r
2016_TX_House-14_REP,REP,Keith Casey,10988,16.0,22,False,casey k
2016_TX_House-15_DEM,DEM,Vicente Gonzalez,16071,65.7,25,True,gonzalez v
2016_TX_House-15_DEM,DEM,"Juan ""Sonny"" Palacios Jr.",8379,34.3,25,False,palacios j
2016_TX_House-15_REP,REP,Tim Westley,1384,50.5,27,True,westley t
2016_TX_House-15_REP,REP,Ruben Villarreal,1355,49.5,27,False,villarreal r
2016_TX_House-16_DEM,DEM,Beto O'Rourke,40051,85.6,28,True,orourke b
2016_TX_House-16_DEM,DEM,Ben Mendoza,6749,14.4,28,False,mendoza b
2016_TX_House-17_DEM,DEM,William Matta,27639,100.0,30,True,matta w
2016_TX_House-17_REP,REP,Bill Flores,60502,72.4,29,True,flores b
2016_TX_House-17_REP,REP,Ralph Patterson,15411,18.5,29,False,patterson r
2016_TX_House-17_REP,REP,Kaleb Sims,7634,9.1,29,False,sims k
2016_TX_House-18_DEM,DEM,Sheila Jackson Lee,46113,100.0,31,True,lee s
2016_TX_House-18_REP,REP,Lori Bartley,1491,57.6,33,True,bartley l
2016_TX_House-18_REP,REP,Reggie Gonzales,1096,42.4,33,False,gonzales r
2016_TX_House-19_REP,REP,Jodey Arrington,25322,53.7,35,True,arrington j
2016_TX_House-19_REP,REP,Glen Robertson,21832,46.3,35,False,robertson g
2016_TX_House-1_DEM,DEM,Shirley J. McKellar,17139,100.0,2,True,mckellar s
2016_TX_House-1_REP,REP,Louie Gohmert,96313,82.0,1,True,gohmert l
2016_TX_House-1_REP,REP,Simon Winston,16335,13.9,1,False,winston s
2016_TX_House-1_REP,REP,Anthony Culler,4879,4.1,1,False,culler a
2016_TX_House-20_DEM,DEM,Joaquín Castro,42163,100.0,36,True,castro j
2016_TX_House-21_DEM,DEM,Tom Wakely,29632,59.0,38,True,wakely t
2016_TX_House-21_DEM,DEM,Tejas Vakil,20595,41.0,38,False,vakil t
2016_TX_House-21_REP,REP,Lamar Smith,69866,60.1,37,True,smith l
2016_TX_House-21_REP,REP,Matt McCall,33624,28.9,37,False,mccall m
2016_TX_House-21_REP,REP,Todd Phelps,6597,5.7,37,False,phelps t
2016_TX_House-21_REP,REP,John Murphy,6200,5.3,37,False,murphy j
2016_TX_House-22_DEM,DEM,Mark Gibson,23084,76.2,40,True,gibson m
2016_TX_House-22_DEM,DEM,A. R. Hassan,7226,23.8,40,False,hassan a
2016_TX_House-22_REP,REP,Pete Olson,73375,100.0,39,True,olson p
2016_TX_House-23_DEM,DEM,Pete Gallego,43223,88.4,42,True,gallego p
2016_TX_House-23_DEM,DEM,Lee Keenen,5688,11.6,42,False,keenen l
2016_TX_House-23_REP,REP,Will Hurd,39870,82.2,41,True,hurd w
2016_TX_House-23_REP,REP,"William ""Hart"" Peterson",8628,17.8,41,False,peterson w
2016_TX_House-24_DEM,DEM,Jan McDowell,27803,100.0,44,True,mcdowell j
2016_TX_House-24_REP,REP,Kenny Marchant,67412,100.0,43,True,marchant k
2016_TX_House-25_DEM,DEM,Kathi Thomas,44633,100.0,46,True,thomas k
2016_TX_House-25_REP,REP,Roger Williams,83965,100.0,45,True,williams r
2016_TX_House-26_DEM,DEM,Eric Mauck,24816,100.0,48,True,mauck e
2016_TX_House-26_REP,REP,Michael C. Burgess,73607,79.4,47,True,burgess m
2016_TX_House-26_REP,REP,Joel A. Krause,13201,14.2,47,False,krause j
2016_TX_House-26_REP,REP,Micah Beebe,5942,6.4,47,False,beebe m
2016_TX_House-27_DEM,DEM,Raul Barrera,15939,50.3,50,True,barrera r
2016_TX_House-27_DEM,DEM,Ray Madrigal,11157,35.2,50,False,madrigal r
2016_TX_House-27_DEM,DEM,Wayne Raasch,4570,14.5,50,False,raasch w
2016_TX_House-27_REP,REP,Blake Farenthold,42195,55.9,49,True,farenthold b
2016_TX_House-27_REP,REP,Gregg Deeb,33280,44.1,49,False,deeb g
2016_TX_House-28_DEM,DEM,Henry Cuellar,49993,89.8,51,True,cuellar h
2016_TX_House-28_DEM,DEM,William R. Hayward,5683,10.2,51,False,hayward w
2016_TX_House-28_REP,REP,Zeffen Hardin,21614,100.0,52,True,hardin z
2016_TX_House-29_DEM,DEM,Gene Green,17814,57.4,53,True,green g
2016_TX_House-29_DEM,DEM,Adrian Garcia,11972,38.6,53,False,garcia a
2016_TX_House-29_DEM,DEM,Dominique Garcia,1224,4.0,53,False,garcia d
2016_TX_House-29_REP,REP,Julio Garza,7421,59.1,54,True,garza j
2016_TX_House-29_REP,REP,Robert Schafranek,5139,40.9,54,False,schafranek r
2016_TX_House-2_DEM,DEM,Pat Bryan,25814,100.0,4,True,bryan p
2016_TX_House-2_REP,REP,Ted Poe,75404,100.0,3,True,poe t
2016_TX_House-30_DEM,DEM,Eddie Bernice Johnson,44527,69.4,55,True,johnson e
2016_TX_House-30_DEM,DEM,Barbara Mallory Caraway,15273,23.8,55,False,caraway b
2016_TX_House-30_DEM,DEM,Brandon J. Vance,4339,6.8,55,False,vance b
2016_TX_House-30_REP,REP,Charles Lingerfelt,14234,100.0,56,True,lingerfelt c
2016_TX_House-31_DEM,DEM,Mike Clark,28002,100.0,58,True,clark m
2016_TX_House-31_REP,REP,John Carter,62817,71.3,57,True,carter j
2016_TX_House-31_REP,REP,Mike Sweeney,25306,28.7,57,False,sweeney m
2016_TX_House-32_REP,REP,Pete Sessions,49813,61.4,59,True,sessions p
2016_TX_House-32_REP,REP,Russ Ramsland,19203,23.7,59,False,ramsland r
2016_TX_House-32_REP,REP,Paul Brown,9488,11.7,59,False,brown p
2016_TX_House-32_REP,REP,Cherie Myint Roughneen,2601,3.2,59,False,roughneen c
2016_TX_House-33_DEM,DEM,Marc Veasey,20526,63.4,60,True,veasey m
2016_TX_House-33_DEM,DEM,Carlos Quintanilla,11846,36.6,60,False,quintanilla c
2016_TX_House-33_REP,REP,M. Mark Mitchell,6411,52.4,61,True,mitchell m
2016_TX_House-33_REP,REP,Bruce Chadwick,5831,47.6,61,False,chadwick b
2016_TX_House-34_DEM,DEM,Filemon Vela Jr.,41414,100.0,62,True,vela f
2016_TX_House-34_REP,REP,Rey Gonzalez Jr.,12532,50.6,63,True,gonzalez r
2016_TX_House-34_REP,REP,"William ""Willie"" Vaden",12253,49.4,63,False,vaden w
2016_TX_House-35_DEM,DEM,Lloyd Doggett,41189,100.0,64,True,doggett l
2016_TX_House-35_REP,REP,Susan Narvaiz,22549,100.0,65,True,narvaiz s
2016_TX_House-36_REP,REP,Brian Babin,80649,100.0,66,True,babin b
2016_TX_House-3_DEM,DEM,Adam Bell,14270,60.3,6,True,bell a
2016_TX_House-3_DEM,DEM,Michael Filak,9395,39.7,6,False,filak m
2016_TX_House-3_REP,REP,Sam Johnson,65451,74.6,5,True,johnson s
2016_TX_House-3_REP,REP,John Calvin Slavens,10043,11.5,5,False,slavens j
2016_TX_House-3_REP,REP,Keith L. Thurgood,7173,8.2,5,False,thurgood k
2016_TX_House-3_REP,REP,David Cornette,5037,5.7,5,False,cornette d
2016_TX_House-4_REP,REP,John Ratcliffe,77254,68.0,7,True,ratcliffe j
2016_TX_House-4_REP,REP,Lou Gigliotti,23939,21.1,7,False,gigliotti l
2016_TX_House-4_REP,REP,Ray Hall,12353,10.9,7,False,hall r
2016_TX_House-5_REP,REP,Jeb Hensarling,73143,100.0,8,True,hensarling j
2016_TX_House-6_DEM,DEM,Ruby Faye Woolridge,23294,69.7,10,True,woolridge r
2016_TX_House-6_DEM,DEM,Jeffrey Roseman,5993,17.9,10,False,roseman j
2016_TX_House-6_DEM,DEM,Don Jaquess,4132,12.4,10,False,jaquess d
2016_TX_House-6_REP,REP,Joe Barton,55285,68.6,9,True,barton j
2016_TX_House-6_REP,REP,Steven Fowler,17960,22.3,9,False,fowler s
2016_TX_House-6_REP,REP,Collin Baker,7292,9.1,9,False,baker c
2016_TX_House-7_DEM,DEM,James Cargas,24190,100.0,12,True,cargas j
2016_TX_House-7_REP,REP,John Culberson,44290,57.3,11,True,culberson j
2016_TX_House-7_REP,REP,James Lloyd,19217,24.9,11,False,lloyd j
2016_TX_House-7_REP,REP,Maria Espinoza,13793,17.8,11,False,espinoza m
2016_TX_House-8_REP,REP,Kevin Brady,65059,53.4,13,True,brady k
2016_TX_House-8_REP,REP,Steve Toth,45436,37.3,13,False,toth s
2016_TX_House-8_REP,REP,Craig McMichael,6050,5.0,13,False,mcmichael c
2016_TX_House-8_REP,REP,Andre Dean,5233,4.3,13,False,dean a
2016_TX_House-9_DEM,DEM,Al Green,44487,100.0,14,True,green a
2016_TX_House-9_REP,REP,Jeff Martin,11696,100.0,15,True,martin j
2016_UT_House-3_REP,REP,Jason Chaffetz,47439,78.6,1,True,chaffetz j
2016_UT_House-3_REP,REP,Chia-Chi Teng,12922,21.4,1,False,teng c
2016_VA_House-2_REP,REP,Scott Taylor,21406,52.6,1,True,taylor s
2016_VA_House-2_REP,REP,Randy Forbes,16552,40.6,1,False,forbes r
2016_VA_House-2_REP,REP,Pat Cardwell,2773,6.8,1,False,cardwell p
2016_VA_House-4_DEM,DEM,Donald McEachin,11851,75.4,3,True,mceachin d
2016_VA_House-4_DEM,DEM,Ella Ward,3867,24.6,3,False,ward e
2016_VA_House-4_REP,REP,Mike Wade,4987,64.0,2,True,wade m
2016_VA_House-4_REP,REP,Jackee Gonzalez,2801,36.0,2,False,gonzalez j
2016_VA_House-6_REP,REP,Bob Goodlatte,18993,77.9,4,True,goodlatte b
2016_VA_House-6_REP,REP,Harry Griego,5383,22.1,4,False,griego h
2016_VT_House-1_DEM,DEM,Peter Welch,67285,91.97,1,True,welch p
2016_VT_House-1_DEM,DEM,Blank votes,5410,7.39,1,False,votes b
2016_VT_House-1_DEM,DEM,Write-in,345,0.47,1,False,writein
2016_VT_House-1_DEM,DEM,Spoiled votes,122,0.17,1,False,votes s
2016_VT_House-1_REP,REP,Blank votes,42418,91.43,2,True,votes b
2016_VT_House-1_REP,REP,Peter Welch,2093,4.51,2,False,welch p
2016_VT_House-1_REP,REP,Write-in,1335,2.88,2,False,writein
2016_VT_House-1_REP,REP,Spoiled votes,548,1.18,2,False,votes s
2016_WI_House-1_DEM,DEM,Ryan Solen,14639,58.9,2,True,solen r
2016_WI_House-1_DEM,DEM,Tom Breu,10142,40.8,2,False,breu t
2016_WI_House-1_DEM,DEM,Write-ins,86,0.3,2,False,writeins
2016_WI_House-1_REP,REP,Paul Ryan,57364,84.1,1,True,ryan p
2016_WI_House-1_REP,REP,Paul Nehlen,10864,15.9,1,False,nehlen p
2016_WI_House-1_REP,REP,Write-ins,15,0.0,1,False,writeins
2016_WI_House-2_DEM,DEM,Mark Pocan,71461,99.5,4,True,pocan m
2016_WI_House-2_DEM,DEM,Write-ins,395,0.5,4,False,writeins
2016_WI_House-2_REP,REP,Peter Theron,12866,99.4,5,True,theron p
2016_WI_House-2_REP,REP,Write-ins,79,0.6,5,False,writeins
2016_WI_House-3_DEM,DEM,Ron Kind,33320,81.2,6,True,kind r
2016_WI_House-3_DEM,DEM,Myron Buchholz,7689,18.8,6,False,buchholz m
2016_WI_House-3_DEM,DEM,Write-ins,7,0.0,6,False,writeins
2016_WI_House-4_DEM,DEM,Gwen Moore,55256,84.5,7,True,moore g
2016_WI_House-4_DEM,DEM,Gary George,10013,15.3,7,False,george g
2016_WI_House-4_DEM,DEM,Write-ins,128,0.2,7,False,writeins
2016_WI_House-5_DEM,DEM,Khary Penebaker,19353,99.4,10,True,penebaker k
2016_WI_House-5_DEM,DEM,Write-ins,115,0.6,10,False,writeins
2016_WI_House-5_REP,REP,James Sensenbrenner,34203,99.7,9,True,sensenbrenner j
2016_WI_House-5_REP,REP,Write-ins,100,0.3,9,False,writeins
2016_WI_House-6_DEM,DEM,Sarah Lloyd,19652,75.1,13,True,lloyd s
2016_WI_House-6_DEM,DEM,Michael Slattery,6459,24.7,13,False,slattery m
2016_WI_House-6_DEM,DEM,Write-ins,43,0.2,13,False,writeins
2016_WI_House-6_REP,REP,Glenn Grothman,29795,99.6,12,True,grothman g
2016_WI_House-6_REP,REP,Write-ins,105,0.4,12,False,writeins
2016_WI_House-7_DEM,DEM,Mary Hoeft,27289,80.6,15,True,hoeft m
2016_WI_House-7_DEM,DEM,Joel Lewis,6531,19.3,15,False,lewis j
2016_WI_House-7_DEM,DEM,Write-ins,50,0.1,15,False,writeins
2016_WI_House-7_REP,REP,Sean Duffy,29501,89.4,14,True,duffy s
2016_WI_House-7_REP,REP,Don Raihala,3456,10.5,14,False,raihala d
2016_WI_House-7_REP,REP,Write-ins,24,0.1,14,False,writeins
2016_WI_House-8_DEM,DEM,Tom Nelson,20914,99.9,17,True,nelson t
2016_WI_House-8_DEM,DEM,Write-ins,28,0.1,17,False,writeins
2016_WI_House-8_REP,REP,Mike Gallagher,40322,74.5,16,True,gallagher m
2016_WI_House-8_REP,REP,Frank Lasee,10705,19.8,16,False,lasee f
2016_WI_House-8_REP,REP,Terry McNulty,3109,5.7,16,False,mcnulty t
2016_WI_House-8_REP,REP,Write-ins,16,0.0,16,False,writeins
2016_WV_House-1_DEM,DEM,Mike Manypenny,60911,100.0,2,True,manypenny m
2016_WV_House-1_REP,REP,David McKinley,61217,100.0,1,True,mckinley d
2016_WV_House-2_DEM,DEM,Mark Hunt,21296,29.1,4,True,hunt m
2016_WV_House-2_DEM,DEM,Cory Simpson,19180,26.2,4,False,simpson c
2016_WV_House-2_DEM,DEM,Tom Payne,15250,20.8,4,False,payne t
2016_WV_House-2_DEM,DEM,Harvey D. Peyton,11143,15.2,4,False,peyton h
2016_WV_House-2_DEM,DEM,"Robert ""Robin"" Wilson, Jr.",6344,8.7,4,False,wilson r
2016_WV_House-2_REP,REP,Alex Mooney,45839,73.1,3,True,mooney a
2016_WV_House-2_REP,REP,Marc Savitt,16849,26.9,3,False,savitt m
2016_WV_House-3_DEM,DEM,Matt Detch,53703,100.0,6,True,detch m
2016_WV_House-3_REP,REP,Evan Jenkins,41162,100.0,5,True,jenkins e
2016_WY_House-1_DEM,DEM,Ryan Greene,10955,53.17,2,True,greene r
2016_WY_House-1_DEM,DEM,Charlie Hardy,7868,38.18,2,False,hardy c
2016_WY_House-1_DEM,DEM,Undervote,1654,8.03,2,False,undervote
2016_WY_House-1_DEM,DEM,Write-ins,113,0.55,2,False,writeins
2016_WY_House-1_DEM,DEM,Overvote,15,0.07,2,False,overvote
2016_WY_House-1_REP,REP,Liz Cheney,35043,38.78,1,True,cheney l
2016_WY_House-1_REP,REP,Leland Christensen,19330,21.39,1,False,christensen l
2016_WY_House-1_REP,REP,Tim Stubson,15524,17.18,1,False,stubson t
2016_WY_House-1_REP,REP,Darin Smith,13381,14.81,1,False,smith d
2016_WY_House-1_REP,REP,Undervote,1651,1.83,1,False,undervote
2016_WY_House-1_REP,REP,Mike Konsmo,1363,1.51,1,False,konsmo m
2016_WY_House-1_REP,REP,Jason Senteney,976,1.08,1,False,senteney j
2016_WY_House-1_REP,REP,Rex Rammell,890,0.98,1,False,rammell r
2016_WY_House-1_REP,REP,Paul Paad,886,0.98,1,False,paad p
2016_WY_House-1_REP,REP,Overvote,625,0.69,1,False,overvote
2016_WY_House-1_REP,REP,Heath Beaudry,534,0.59,1,False,beaudry h
2016_WY_House-1_REP,REP,Write-ins,155,0.17,1,False,writeins
2018_AK_House-1_DEM,DEM,Dimitri Shein,9434,23.26,2,True,shein d
2018_AK_House-1_DEM,DEM,Carol Hafner,6071,14.97,2,False,hafner c
2018_AK_House-1_REP,REP,Don Young,49667,70.85,1,True,young d
2018_AK_House-1_REP,REP,"Thomas ""John"" Nelson",10913,15.57,1,False,nelson t
2018_AK_House-1_REP,REP,Jed Whittaker,9525,13.59,1,False,whittaker j
2018_AL_House-1_DEM,DEM,Robert Kennedy Jr.,27561,80.8,1,True,kennedy r
2018_AL_House-1_DEM,DEM,Lizzetta Hill McConnell,6562,19.2,1,False,mcconnell l
2018_AL_House-2_DEM,DEM,Tabitha Isner,20351,60.5,4,True,isner t
2018_AL_House-2_DEM,DEM,Audri Scott Williams,13315,39.5,4,False,williams a
2018_AL_House-2_REP,REP,Martha Roby,48331,67.9,3,True,roby m
2018_AL_House-2_REP,REP,Bobby Bright,22795,32.1,3,False,bright b
2018_AL_House-3_DEM,DEM,Mallory Hagan,21410,65.7,5,True,hagan m
2018_AL_House-3_DEM,DEM,Adia McClellan Winfrey,11157,34.3,5,False,winfrey a
2018_AL_House-4_DEM,DEM,Lee Auman,8609,54.1,7,True,auman l
2018_AL_House-4_DEM,DEM,Rick Neighbors,7297,45.9,7,False,neighbors r
2018_AL_House-4_REP,REP,Robert Aderholt,93959,81.5,6,True,aderholt r
2018_AL_House-4_REP,REP,Anthony Blackmon,21366,18.5,6,False,blackmon a
2018_AL_House-5_REP,REP,Mo Brooks,54928,61.3,8,True,brooks m
2018_AL_House-5_REP,REP,Clayton Hinchman,34739,38.7,8,False,hinchman c
2018_AR_House-2_DEM,DEM,Clarke Tucker,23325,57.8,1,True,tucker c
2018_AR_House-2_DEM,DEM,Gwen Combs,8188,20.3,1,False,combs g
2018_AR_House-2_DEM,DEM,Paul Spencer,5063,12.6,1,False,spencer p
2018_AR_House-2_DEM,DEM,Johnathan Dunkley,3768,9.3,1,False,dunkley j
2018_AR_House-3_REP,REP,Steve Womack,47757,84.2,2,True,womack s
2018_AR_House-3_REP,REP,Robb Ryerse,8988,15.8,2,False,ryerse r
2018_AR_House-4_REP,REP,Bruce Westerman,40201,79.8,3,True,westerman b
2018_AR_House-4_REP,REP,Randy Caldwell,10151,20.2,3,False,caldwell r
2018_AZ_House-1_DEM,DEM,Tom O'Halleran,64114,100.0,1,True,ohalleran t
2018_AZ_House-1_REP,REP,Wendy Rogers,30180,43.7,2,True,rogers w
2018_AZ_House-1_REP,REP,Steve Smith,25552,37.0,2,False,smith s
2018_AZ_House-1_REP,REP,Tiffany Shedd,13260,19.2,2,False,shedd t
2018_AZ_House-2_DEM,DEM,Ann Kirkpatrick,33938,41.8,4,True,kirkpatrick a
2018_AZ_House-2_DEM,DEM,Matt Heinz,23992,29.6,4,False,heinz m
2018_AZ_House-2_DEM,DEM,Mary Matiella,7606,9.4,4,False,matiella m
2018_AZ_House-2_DEM,DEM,Bruce Wheeler,6814,8.4,4,False,wheeler b
2018_AZ_House-2_DEM,DEM,Billy Kovacs,5350,6.6,4,False,kovacs b
2018_AZ_House-2_DEM,DEM,Barbara Sherry,2074,2.6,4,False,sherry b
2018_AZ_House-2_DEM,DEM,Yahya Yuksel,1319,1.6,4,False,yuksel y
2018_AZ_House-2_REP,REP,Lea Márquez Peterson,23571,34.2,3,True,peterson l
2018_AZ_House-2_REP,REP,Brandon Martin,19809,28.7,3,False,martin b
2018_AZ_House-2_REP,REP,Casey Welch,14499,21.0,3,False,welch c
2018_AZ_House-2_REP,REP,"Daniel Morales, Jr.",11135,16.1,3,False,morales d
2018_AZ_House-3_DEM,DEM,Raúl Grijalva,45186,99.8,5,True,grijalva r
2018_AZ_House-3_REP,REP,J. Nicholas Pierson,13090,49.9,6,True,pierson j
2018_AZ_House-3_REP,REP,Sergio Arellano,7400,28.2,6,False,arellano s
2018_AZ_House-3_REP,REP,Edna San Miguel,5756,21.9,6,False,miguel e
2018_AZ_House-4_DEM,DEM,David Brill,19048,52.4,8,True,brill d
2018_AZ_House-4_DEM,DEM,Delina Disanto,17256,47.5,8,False,disanto d
2018_AZ_House-4_REP,REP,Paul Gosar,94092,100.0,7,True,gosar p
2018_AZ_House-5_DEM,DEM,Joan Greene,27222,59.3,11,True,greene j
2018_AZ_House-5_DEM,DEM,Jose Torres,18671,40.7,11,False,torres j
2018_AZ_House-5_REP,REP,Andy Biggs,86418,100.0,10,True,biggs a
2018_AZ_House-6_DEM,DEM,Anita Malik,22666,42.2,13,True,malik a
2018_AZ_House-6_DEM,DEM,Heather Ross,20203,37.6,13,False,ross h
2018_AZ_House-6_DEM,DEM,Garrick McFadden,10825,20.2,13,False,mcfadden g
2018_AZ_House-6_REP,REP,David Schweikert,83406,100.0,12,True,schweikert d
2018_AZ_House-7_DEM,DEM,Ruben Gallego,32231,74.8,14,True,gallego r
2018_AZ_House-7_DEM,DEM,Catherine Miranda,10856,25.2,14,False,miranda c
2018_AZ_House-8_DEM,DEM,Hiral Tipirneni,52215,100.0,16,True,tipirneni h
2018_AZ_House-8_REP,REP,Debbie Lesko,73776,77.2,15,True,lesko d
2018_AZ_House-8_REP,REP,Sandra E. Dowling,21825,22.8,15,False,dowling s
2018_AZ_House-9_DEM,DEM,Greg Stanton,59066,100.0,17,True,stanton g
2018_AZ_House-9_REP,REP,Steve Ferrara,31006,59.9,18,True,ferrara s
2018_AZ_House-9_REP,REP,David Giles,16722,32.3,18,False,giles d
2018_AZ_House-9_REP,REP,Irina Baroness von Behr,4020,7.8,18,False,behr i
2018_CA_House-27_DEM,DEM,Judy Chu,86932,83.5,27,True,chu j
2018_CA_House-27_DEM,DEM,Bryan Witt,17186,16.5,27,False,witt b
2018_CA_House-34_DEM,DEM,Jimmy Gomez,54661,78.7,34,True,gomez j
2018_CA_House-40_DEM,DEM,Lucille Roybal-Allard,35636,80.3,40,True,roybalallard l
2018_CA_House-5_DEM,DEM,Mike Thompson,121428,79.3,5,True,thompson m
2018_CA_House-6_DEM,DEM,Doris Matsui,99789,87.9,6,True,matsui d
2018_CA_House-6_DEM,DEM,Jrmar Jefferson,13786,12.1,6,False,jefferson j
2018_CA_House-6_DEM,DEM,write-in,9,0.0,6,False,writein
2018_CO_House-1_DEM,DEM,Diana DeGette,91102,68.2,1,True,degette d
2018_CO_House-1_DEM,DEM,Saira Rao,42398,31.8,1,False,rao s
2018_CO_House-1_REP,REP,Casper Stockham,29933,100.0,2,True,stockham c
2018_CO_House-2_DEM,DEM,Joe Neguse,76829,65.7,3,True,neguse j
2018_CO_House-2_DEM,DEM,Mark Williams,40044,34.3,3,False,williams m
2018_CO_House-2_REP,REP,Peter Yu,45970,100.0,4,True,yu p
2018_CO_House-3_DEM,DEM,Diane Mitsch Bush,44809,64.1,6,True,bush d
2018_CO_House-3_DEM,DEM,Karl Hanlon,19368,27.7,6,False,hanlon k
2018_CO_House-3_DEM,DEM,Arn Menconi,5754,8.2,6,False,menconi a
2018_CO_House-3_REP,REP,Scott Tipton,66854,100.0,5,True,tipton s
2018_CO_House-4_DEM,DEM,Karen McCormick,37120,64.7,8,True,mccormick k
2018_CO_House-4_DEM,DEM,Chase Kohne,20269,35.3,8,False,kohne c
2018_CO_House-4_REP,REP,Ken Buck,85290,100.0,7,True,buck k
2018_CO_House-5_DEM,DEM,Stephany Rose Spaulding,45466,99.9,10,True,spaulding s
2018_CO_House-5_REP,REP,Doug Lamborn,54974,52.2,9,True,lamborn d
2018_CO_House-5_REP,REP,Darryl Glenn,21479,20.4,9,False,glenn d
2018_CO_House-5_REP,REP,Owen Hill,19141,18.2,9,False,hill o
2018_CO_House-5_REP,REP,Bill Rhea,6167,5.9,9,False,rhea b
2018_CO_House-5_REP,REP,Tyler Stevens,3643,3.5,9,False,stevens t
2018_CO_House-6_DEM,DEM,Jason Crow,49851,65.9,12,True,crow j
2018_CO_House-6_DEM,DEM,Levi Tillemann,25757,34.1,12,False,tillemann l
2018_CO_House-6_REP,REP,Mike Coffman,56703,100.0,11,True,coffman m
2018_CO_House-7_DEM,DEM,Ed Perlmutter,81991,100.0,13,True,perlmutter e
2018_CO_House-7_REP,REP,Mark Barrington,46028,100.0,14,True,barrington m
2018_CT_House-5_DEM,DEM,Jahana Hayes,24693,62.27,1,True,hayes j
2018_CT_House-5_DEM,DEM,Mary Glassman,14964,37.73,1,False,glassman m
2018_CT_House-5_REP,REP,Manny Santos,16816,52.39,2,True,santos m
2018_CT_House-5_REP,REP,Ruby Corby O’Neill,8419,26.23,2,False,oneill r
2018_CT_House-5_REP,REP,Rich DuPont,6863,21.38,2,False,dupont r
2018_DE_House-1_REP,REP,Scott Walker,19573,53.0,1,True,walker s
2018_DE_House-1_REP,REP,Lee Murphy,17359,47.0,1,False,murphy l
2018_FL_House-10_DEM,DEM,Val Demings,73601,75.0,12,True,demings v
2018_FL_House-10_DEM,DEM,Wade Darius,24534,25.0,12,False,darius w
2018_FL_House-12_DEM,DEM,Chris Hunter,31761,65.3,13,True,hunter c
2018_FL_House-12_DEM,DEM,Stephen Perenich,9303,19.1,13,False,perenich s
2018_FL_House-12_DEM,DEM,Robert Tager,7597,15.6,13,False,tager r
2018_FL_House-13_REP,REP,George Buck,30560,56.0,14,True,buck g
2018_FL_House-13_REP,REP,Brad Sostack,24013,44.0,14,False,sostack b
2018_FL_House-15_DEM,DEM,Kristen Carlson,24470,53.4,16,True,carlson k
2018_FL_House-15_DEM,DEM,Andrew P. Learned,14488,31.6,16,False,learned a
2018_FL_House-15_DEM,DEM,"Raymond ""Ray"" Peña",6895,15.0,16,False,pena r
2018_FL_House-15_REP,REP,Ross Spano,26868,44.1,15,True,spano r
2018_FL_House-15_REP,REP,Neil Combee,20577,33.8,15,False,combee n
2018_FL_House-15_REP,REP,Sean Harper,6013,9.9,15,False,harper s
2018_FL_House-15_REP,REP,Danny Kushmer,4061,6.7,15,False,kushmer d
2018_FL_House-15_REP,REP,Ed Shoemaker,3377,5.5,15,False,shoemaker e
2018_FL_House-16_DEM,DEM,David Shapiro,34787,54.7,17,True,shapiro d
2018_FL_House-16_DEM,DEM,Jan Schneider,28811,45.3,17,False,schneider j
2018_FL_House-17_DEM,DEM,April Freeman,33376,77.0,19,True,freeman a
2018_FL_House-17_DEM,DEM,Bill Pollard,9976,23.0,19,False,pollard b
2018_FL_House-17_REP,REP,Greg Steube,48963,62.4,18,True,steube g
2018_FL_House-17_REP,REP,Bill Akins,15133,19.3,18,False,akins b
2018_FL_House-17_REP,REP,Julio Gonzalez,14402,18.3,18,False,gonzalez j
2018_FL_House-18_DEM,DEM,Lauren Baer,34922,60.3,21,True,baer l
2018_FL_House-18_DEM,DEM,Pam Keith,23007,39.7,21,False,keith p
2018_FL_House-18_REP,REP,Brian Mast,55427,77.7,20,True,mast b
2018_FL_House-18_REP,REP,Mark Freeman,8081,11.3,20,False,freeman m
2018_FL_House-18_REP,REP,Dave Cummings,7871,11.0,20,False,cummings d
2018_FL_House-19_DEM,DEM,David Holden,24390,67.9,22,True,holden d
2018_FL_House-19_DEM,DEM,Todd James Truax,11513,32.1,22,False,truax t
2018_FL_House-1_DEM,DEM,Jennifer M. Zimmerman,22422,60.5,2,True,zimmerman j
2018_FL_House-1_DEM,DEM,Phil Ehr,14650,39.5,2,False,ehr p
2018_FL_House-1_REP,REP,Matt Gaetz,65203,64.8,1,True,gaetz m
2018_FL_House-1_REP,REP,Cris Dosev,30433,30.2,1,False,dosev c
2018_FL_House-1_REP,REP,John Mills,4992,5.0,1,False,mills j
2018_FL_House-20_DEM,DEM,Alcee Hastings,50315,73.6,23,True,hastings a
2018_FL_House-20_DEM,DEM,Sheila Cherfilus-McCormick,18031,26.4,23,False,cherfilusmccormick s
2018_FL_House-22_DEM,DEM,Ted Deutch,52628,86.5,24,True,deutch t
2018_FL_House-22_DEM,DEM,Jeff Fandl,8207,13.5,24,False,fandl j
2018_FL_House-22_REP,REP,Nicolas Kimaz,13939,41.0,25,True,kimaz n
2018_FL_House-22_REP,REP,Javier Manjarres,11552,33.9,25,False,manjarres j
2018_FL_House-22_REP,REP,Eddison Walters,8545,25.1,25,False,walters e
2018_FL_House-23_REP,REP,Joe Kaufman,11304,44.7,26,True,kaufman j
2018_FL_House-23_REP,REP,Carlos Reyes,8508,33.7,26,False,reyes c
2018_FL_House-23_REP,REP,Carla Spalding,5453,21.6,26,False,spalding c
2018_FL_House-24_DEM,DEM,Frederica Wilson,65894,83.7,27,True,wilson f
2018_FL_House-24_DEM,DEM,Ricardo de la Fuente,12833,16.3,27,False,fuente r
2018_FL_House-26_DEM,DEM,Debbie Mucarsel-Powell,20997,63.5,29,True,mucarselpowell d
2018_FL_House-26_DEM,DEM,Demetries Grimes,12095,36.5,29,False,grimes d
2018_FL_House-26_REP,REP,Carlos Curbelo,29506,84.0,28,True,curbelo c
2018_FL_House-26_REP,REP,Souraya Faas,5629,16.0,28,False,faas s
2018_FL_House-27_DEM,DEM,Donna Shalala,14153,31.9,31,True,shalala d
2018_FL_House-27_DEM,DEM,David Richardson,12191,27.5,31,False,richardson d
2018_FL_House-27_DEM,DEM,Kristen Rosen-Gonzalez,7783,17.5,31,False,rosengonzalez k
2018_FL_House-27_DEM,DEM,Matt Haggman,7510,16.9,31,False,haggman m
2018_FL_House-27_DEM,DEM,Michael Hepburn,2723,6.1,31,False,hepburn m
2018_FL_House-27_REP,REP,Maria Elvira Salazar,15812,40.5,30,True,salazar m
2018_FL_House-27_REP,REP,Bruno Barreiro,10026,25.7,30,False,barreiro b
2018_FL_House-27_REP,REP,Maria Peiro,3120,8.0,30,False,peiro m
2018_FL_House-27_REP,REP,Stephen Marks,2733,7.0,30,False,marks s
2018_FL_House-27_REP,REP,Angie Chirino,2677,6.9,30,False,chirino a
2018_FL_House-27_REP,REP,Bettina Rodriguez-Aguilera,1684,4.3,30,False,rodriguezaguilera b
2018_FL_House-27_REP,REP,Mike Ohevzion,1467,3.8,30,False,ohevzion m
2018_FL_House-27_REP,REP,Elizabeth Adadi,775,2.0,30,False,adadi e
2018_FL_House-27_REP,REP,Gina Sosa,760,1.9,30,False,sosa g
2018_FL_House-2_DEM,DEM,Bob Rackleff,29395,50.8,3,True,rackleff b
2018_FL_House-2_DEM,DEM,Brandon Peters,28483,49.2,3,False,peters b
2018_FL_House-3_DEM,DEM,Yvonne Hayes Hinson,31655,59.5,5,True,hinson y
2018_FL_House-3_DEM,DEM,Tom Wells,17663,33.2,5,False,wells t
2018_FL_House-3_DEM,DEM,Dushyant Gosai,3883,7.3,5,False,gosai d
2018_FL_House-3_REP,REP,Ted Yoho,54848,76.3,4,True,yoho t
2018_FL_House-3_REP,REP,Judson Sapp,17068,23.7,4,False,sapp j
2018_FL_House-5_DEM,DEM,Al Lawson,53990,60.3,6,True,lawson a
2018_FL_House-5_DEM,DEM,Alvin Brown,35584,39.7,6,False,brown a
2018_FL_House-6_DEM,DEM,Nancy Soderberg,32174,55.6,8,True,soderberg n
2018_FL_House-6_DEM,DEM,John Upchurch,13088,22.6,8,False,upchurch j
2018_FL_House-6_DEM,DEM,Stephen Sevigny,12633,21.8,8,False,sevigny s
2018_FL_House-6_REP,REP,Mike Waltz,32916,42.4,7,True,waltz m
2018_FL_House-6_REP,REP,John Ward,23593,30.4,7,False,ward j
2018_FL_House-6_REP,REP,Fred Costello,21074,27.2,7,False,costello f
2018_FL_House-7_DEM,DEM,Stephanie Murphy,49060,86.2,9,True,murphy s
2018_FL_House-7_DEM,DEM,Chardo Richardson,7846,13.2,9,False,richardson c
2018_FL_House-7_REP,REP,Mike Miller,30629,53.9,10,True,miller m
2018_FL_House-7_REP,REP,Scott Sturgill,17253,30.4,10,False,sturgill s
2018_FL_House-7_REP,REP,Vennia Francois,8950,15.8,10,False,francois v
2018_FL_House-9_DEM,DEM,Darren Soto,36586,66.4,11,True,soto d
2018_FL_House-9_DEM,DEM,Alan Grayson,18528,33.6,11,False,grayson a
2018_GA_House-10_DEM,DEM,Tabitha A. Johnson-Green,17020,50.2,20,True,johnsongreen t
2018_GA_House-10_DEM,DEM,Chalis Montgomery,8971,26.46,20,False,montgomery c
2018_GA_House-10_DEM,DEM,Richard Dien Winfield,7911,23.33,20,False,winfield r
2018_GA_House-10_REP,REP,Jody Hice,42960,78.9,19,True,hice j
2018_GA_House-10_REP,REP,Bradley Griffin,5846,10.74,19,False,griffin b
2018_GA_House-10_REP,REP,Joe Hunt,5644,10.37,19,False,hunt j
2018_GA_House-11_DEM,DEM,Flynn Broady,21621,100.0,22,True,broady f
2018_GA_House-11_REP,REP,Barry Loudermilk,43309,100.0,21,True,loudermilk b
2018_GA_House-12_DEM,DEM,Francys Johnson,16991,52.86,24,True,johnson f
2018_GA_House-12_DEM,DEM,Robert Ingham,10011,31.15,24,False,ingham r
2018_GA_House-12_DEM,DEM,Trent Nesmith,5139,15.99,24,False,nesmith t
2018_GA_House-12_REP,REP,Rick W. Allen,37776,75.99,23,True,allen r
2018_GA_House-12_REP,REP,Eugene Yu,11938,24.01,23,False,yu e
2018_GA_House-13_DEM,DEM,David Scott,56216,100.0,25,True,scott d
2018_GA_House-13_REP,REP,David Callahan,17475,93.0,26,True,callahan d
2018_GA_House-13_REP,REP,Femi Akinkugbe,1315,7.0,26,False,akinkugbe f
2018_GA_House-14_DEM,DEM,Steven Lamar Foster,10627,100.0,28,True,foster s
2018_GA_House-14_REP,REP,Tom Graves,38270,100.0,27,True,graves t
2018_GA_House-1_DEM,DEM,Lisa Ring,20543,67.54,2,True,ring l
2018_GA_House-1_DEM,DEM,Barbara Seidman,9871,32.46,2,False,seidman b
2018_GA_House-1_REP,REP,"Earl L. ""Buddy"" Carter",35552,100.0,1,True,carter e
2018_GA_House-2_DEM,DEM,Sanford Bishop,42855,100.0,3,True,bishop s
2018_GA_House-2_REP,REP,Herman West,23147,100.0,4,True,west h
2018_GA_House-3_DEM,DEM,Chuck Enderlin,13614,59.87,6,True,enderlin c
2018_GA_House-3_DEM,DEM,Rusty Oliver,9126,40.13,6,False,oliver r
2018_GA_House-3_REP,REP,Drew Ferguson,43381,74.37,5,True,ferguson d
2018_GA_House-3_REP,REP,Philip Singleton,14948,25.63,5,False,singleton p
2018_GA_House-4_DEM,DEM,Hank Johnson,55060,79.77,7,True,johnson h
2018_GA_House-4_DEM,DEM,Juan Parks,13966,20.23,7,False,parks j
2018_GA_House-4_REP,REP,Joe Profit,15367,100.0,8,True,profit j
2018_GA_House-5_DEM,DEM,John Lewis,80860,100.0,9,True,lewis j
2018_GA_House-6_DEM,DEM,Lucy McBath,14504,53.85,12,True,mcbath l
2018_GA_House-6_DEM,DEM,Kevin Abel,12431,46.15,12,False,abel k
2018_GA_House-6_REP,REP,Karen Handel,40410,100.0,10,True,handel k
2018_GA_House-7_DEM,DEM,Carolyn Bourdeaux,8114,51.82,15,True,bourdeaux c
2018_GA_House-7_DEM,DEM,David J. Kim,7545,48.18,15,False,kim d
2018_GA_House-7_REP,REP,Rob Woodall,30450,71.93,13,True,woodall r
2018_GA_House-7_REP,REP,Shane Hazel,11883,28.07,13,False,hazel s
2018_GA_House-8_REP,REP,Austin Scott,44467,100.0,16,True,scott a
2018_GA_House-9_DEM,DEM,Josh McCall,6949,52.73,18,True,mccall j
2018_GA_House-9_DEM,DEM,Dave Cooper,6230,47.27,18,False,cooper d
2018_GA_House-9_REP,REP,Doug Collins,63646,100.0,17,True,collins d
2018_HI_House-1_DEM,DEM,Ed Case,47491,40.0,1,True,case e
2018_HI_House-1_DEM,DEM,Doug Chin,30290,25.5,1,False,chin d
2018_HI_House-1_DEM,DEM,Donna Mercado Kim,21563,18.2,1,False,kim d
2018_HI_House-1_DEM,DEM,Kaniela Saito Ing,7539,6.4,1,False,ing k
2018_HI_House-1_DEM,DEM,Beth Keiko Fukumoto,7476,6.3,1,False,fukumoto b
2018_HI_House-1_DEM,DEM,Ernie Yorihiko Martin,3827,3.2,1,False,martin e
2018_HI_House-1_DEM,DEM,Sam Puletasi,519,0.4,1,False,puletasi s
2018_HI_House-1_REP,REP,Campbell Cavasso,10564,81.9,2,True,cavasso c
2018_HI_House-1_REP,REP,Raymond Vinole,2342,18.1,2,False,vinole r
2018_HI_House-2_DEM,DEM,Tulsi Gabbard,94665,83.5,6,True,gabbard t
2018_HI_House-2_DEM,DEM,Sherry Alu Campagna,13947,12.4,6,False,campagna s
2018_HI_House-2_DEM,DEM,Anthony Tony Austin,4692,4.1,6,False,austin a
2018_HI_House-2_REP,REP,Brian Evans,12337,100.0,7,True,evans b
2018_IA_House-1_DEM,DEM,Abby Finkenauer,29745,66.8,2,True,finkenauer a
2018_IA_House-1_DEM,DEM,Thomas Heckroth,8516,19.1,2,False,heckroth t
2018_IA_House-1_DEM,DEM,Courtney Rowe,3381,7.6,2,False,rowe c
2018_IA_House-1_DEM,DEM,George Ramsey,2837,6.4,2,False,ramsey g
2018_IA_House-1_DEM,DEM,Write-ins,50,0.1,2,False,writeins
2018_IA_House-1_REP,REP,Rod Blum,14737,98.9,1,True,blum r
2018_IA_House-1_REP,REP,Write-ins,167,1.1,1,False,writeins
2018_IA_House-2_DEM,DEM,Dave Loebsack,42378,99.3,3,True,loebsack d
2018_IA_House-2_DEM,DEM,Write-ins,314,0.7,3,False,writeins
2018_IA_House-2_REP,REP,Christopher Peters,18056,85.7,4,True,peters c
2018_IA_House-2_REP,REP,Ginny Caligiuri,2839,13.5,4,False,caligiuri g
2018_IA_House-2_REP,REP,Other write-ins,181,0.9,4,False,writeins o
2018_IA_House-3_DEM,DEM,Cindy Axne,32910,57.8,6,True,axne c
2018_IA_House-3_DEM,DEM,Eddie J. Mauro,15006,26.4,6,False,mauro e
2018_IA_House-3_DEM,DEM,Pete D'Alessandro,8874,15.6,6,False,dalessandro p
2018_IA_House-3_DEM,DEM,Write-ins,150,0.3,6,False,writeins
2018_IA_House-3_REP,REP,David Young,21712,98.9,5,True,young d
2018_IA_House-3_REP,REP,Write-ins,234,1.1,5,False,writeins
2018_IA_House-4_DEM,DEM,J. D. Scholten,14733,51.3,8,True,scholten j
2018_IA_House-4_DEM,DEM,Leann Jacobsen,9176,31.9,8,False,jacobsen l
2018_IA_House-4_DEM,DEM,John Paschen,4806,16.7,8,False,paschen j
2018_IA_House-4_DEM,DEM,Write-ins,29,0.1,8,False,writeins
2018_IA_House-4_REP,REP,Steve King,28053,74.7,7,True,king s
2018_IA_House-4_REP,REP,Cyndi Hanson,9437,25.1,7,False,hanson c
2018_IA_House-4_REP,REP,Write-ins,44,0.1,7,False,writeins
2018_ID_House-1_DEM,DEM,Cristina McNeil,19070,69.3,2,True,mcneil c
2018_ID_House-1_DEM,DEM,James Vandermaas,4491,16.3,2,False,vandermaas j
2018_ID_House-1_DEM,DEM,Michael Smith,3963,14.4,2,False,smith m
2018_ID_House-1_REP,REP,Russ Fulcher,42793,43.1,1,True,fulcher r
2018_ID_House-1_REP,REP,David H. Leroy,15451,15.6,1,False,leroy d
2018_ID_House-1_REP,REP,Luke Malek,14154,14.3,1,False,malek l
2018_ID_House-1_REP,REP,Christy Perry,11110,11.2,1,False,perry c
2018_ID_House-1_REP,REP,Michael Snyder,10255,10.3,1,False,snyder m
2018_ID_House-1_REP,REP,Alex Gallegos,3478,3.5,1,False,gallegos a
2018_ID_House-1_REP,REP,Nick Henderson,2003,2.0,1,False,henderson n
2018_ID_House-2_DEM,DEM,Aaron Swisher,18675,67.6,4,True,swisher a
2018_ID_House-2_DEM,DEM,Peter Rickards,8943,32.4,4,False,rickards p
2018_ID_House-2_REP,REP,Mike Simpson,72227,100.0,3,True,simpson m
2018_IL_House-10_DEM,DEM,Brad Schneider,58195,100.0,19,True,schneider b
2018_IL_House-10_REP,REP,Douglas Bennett,11026,36.2,20,True,bennett d
2018_IL_House-10_REP,REP,Jeremy Wynes,10556,34.7,20,False,wynes j
2018_IL_House-10_REP,REP,Sapan Shah,8841,29.1,20,False,shah s
2018_IL_House-10_REP,REP,Aloys Rutagwibira,10,0.0,20,False,rutagwibira a
2018_IL_House-11_DEM,DEM,Bill Foster,49762,100.0,21,True,foster b
2018_IL_House-11_REP,REP,Nick Stella,23992,79.3,22,True,stella n
2018_IL_House-11_REP,REP,Connor Vlakancic,6253,20.7,22,False,vlakancic c
2018_IL_House-12_DEM,DEM,Brendan Kelly,40555,81.0,24,True,kelly b
2018_IL_House-12_DEM,DEM,David Bequette,9526,19.0,24,False,bequette d
2018_IL_House-12_REP,REP,Mike Bost,31658,83.5,23,True,bost m
2018_IL_House-12_REP,REP,Preston Nelson,6258,16.5,23,False,nelson p
2018_IL_House-13_DEM,DEM,Betsy Dirksen Londrigan,24515,45.7,27,True,londrigan b
2018_IL_House-13_DEM,DEM,Erik Jones,12024,22.4,27,False,jones e
2018_IL_House-13_DEM,DEM,David Gill,7757,14.4,27,False,gill d
2018_IL_House-13_DEM,DEM,Jon Ebel,7167,13.3,27,False,ebel j
2018_IL_House-13_DEM,DEM,Angel Sides,2237,4.2,27,False,sides a
2018_IL_House-13_REP,REP,Rodney Davis,44512,100.0,26,True,davis r
2018_IL_House-14_DEM,DEM,Lauren Underwood,29391,57.3,29,True,underwood l
2018_IL_House-14_DEM,DEM,Matthew Brolley,6845,13.4,29,False,brolley m
2018_IL_House-14_DEM,DEM,Jim Walz,5100,10.0,29,False,walz j
2018_IL_House-14_DEM,DEM,Victor Swanson,3597,7.0,29,False,swanson v
2018_IL_House-14_DEM,DEM,John Hosta,2578,5.0,29,False,hosta j
2018_IL_House-14_DEM,DEM,George Weber,2570,5.0,29,False,weber g
2018_IL_House-14_DEM,DEM,Daniel Roldan-Johnson,1170,2.3,29,False,roldanjohnson d
2018_IL_House-14_REP,REP,Randy Hultgren,51672,100.0,28,True,hultgren r
2018_IL_House-15_DEM,DEM,Kevin Gaither,17300,62.1,31,True,gaither k
2018_IL_House-15_DEM,DEM,Carl Spoerer,10573,37.9,31,False,spoerer c
2018_IL_House-15_REP,REP,John Shimkus,73825,100.0,30,True,shimkus j
2018_IL_House-16_DEM,DEM,Sara Dady,17713,40.3,33,True,dady s
2018_IL_House-16_DEM,DEM,Neill Mohammad,11599,27.2,33,False,mohammad n
2018_IL_House-16_DEM,DEM,Amy Briel,8291,19.5,33,False,briel a
2018_IL_House-16_DEM,DEM,Beth Vercolio-Osmund,5526,13.0,33,False,vercolioosmund b
2018_IL_House-16_REP,REP,Adam Kinzinger,44878,67.9,32,True,kinzinger a
2018_IL_House-16_REP,REP,Jim Marter,21242,32.1,32,False,marter j
2018_IL_House-17_DEM,DEM,Cheri Bustos,42964,100.0,34,True,bustos c
2018_IL_House-17_REP,REP,Bill Fawell,38411,100.0,35,True,fawell b
2018_IL_House-18_DEM,DEM,Junius Rodriguez,14990,41.7,37,True,rodriguez j
2018_IL_House-18_DEM,DEM,Brian Deters,14189,39.5,37,False,deters b
2018_IL_House-18_DEM,DEM,Darrel Miller,6757,18.8,37,False,miller d
2018_IL_House-18_REP,REP,Darin LaHood,61722,78.9,36,True,lahood d
2018_IL_House-18_REP,REP,Donald Rients,16535,21.1,36,False,rients d
2018_IL_House-1_DEM,DEM,Bobby Rush,104114,100.0,1,True,rush b
2018_IL_House-1_REP,REP,"Jimmy Lee Tillman, II",15389,100.0,2,True,tillman j
2018_IL_House-2_DEM,DEM,Robin Kelly,80659,82.1,3,True,kelly r
2018_IL_House-2_DEM,DEM,Marcus Lewis,17640,17.9,3,False,lewis m
2018_IL_House-2_REP,REP,David Merkle,4963,36.6,4,True,merkle d
2018_IL_House-2_REP,REP,Patrick Harmon,4810,35.5,4,False,harmon p
2018_IL_House-2_REP,REP,John Morrow,3790,27.9,4,False,morrow j
2018_IL_House-3_DEM,DEM,Dan Lipinski,48675,51.1,5,True,lipinski d
2018_IL_House-3_DEM,DEM,Marie Newman,46530,48.9,5,False,newman m
2018_IL_House-3_REP,REP,Arthur Jones,20681,100.0,6,True,jones a
2018_IL_House-4_DEM,DEM,"Jesús ""Chuy"" García",49631,66.4,7,True,garcia j
2018_IL_House-4_DEM,DEM,Sol Flores,16398,21.6,7,False,flores s
2018_IL_House-4_DEM,DEM,Richard Gonzalez,8921,12.0,7,False,gonzalez r
2018_IL_House-4_REP,REP,Mark Lorch,5805,100.0,8,True,lorch m
2018_IL_House-5_DEM,DEM,Mike Quigley,66254,62.5,9,True,quigley m
2018_IL_House-5_DEM,DEM,Sameena Mustafa,25591,24.1,9,False,mustafa s
2018_IL_House-5_DEM,DEM,Ben Wolf,10032,9.5,9,False,wolf b
2018_IL_House-5_DEM,DEM,Steven Schwartzberg,4196,4.0,9,False,schwartzberg s
2018_IL_House-5_REP,REP,Tom Hanson,18837,100.0,10,True,hanson t
2018_IL_House-6_DEM,DEM,Sean Casten,19774,29.5,12,True,casten s
2018_IL_House-6_DEM,DEM,Kelly Mazeski,17984,26.8,12,False,mazeski k
2018_IL_House-6_DEM,DEM,Carole Cheney,11663,17.4,12,False,cheney c
2018_IL_House-6_DEM,DEM,Amanda Howland,8483,12.7,12,False,howland a
2018_IL_House-6_DEM,DEM,Becky Anderson Wilkins,4001,6.0,12,False,wilkins b
2018_IL_House-6_DEM,DEM,Jennifer Zordani,2743,4.1,12,False,zordani j
2018_IL_House-6_DEM,DEM,Ryan Huffman,2365,3.5,12,False,huffman r
2018_IL_House-6_REP,REP,Peter Roskam,56544,100.0,11,True,roskam p
2018_IL_House-7_DEM,DEM,Danny K. Davis,81570,73.9,13,True,davis d
2018_IL_House-7_DEM,DEM,Anthony Clark,28867,26.1,13,False,clark a
2018_IL_House-7_REP,REP,Craig Cameron,3706,56.3,14,True,cameron c
2018_IL_House-7_REP,REP,Jeffrey Leef,2873,43.7,14,False,leef j
2018_IL_House-8_DEM,DEM,Raja Krishnamoorthi,44042,100.0,15,True,krishnamoorthi r
2018_IL_House-8_REP,REP,"Jitendra ""JD"" Diganvker",25448,100.0,16,True,diganvker j
2018_IL_House-9_DEM,DEM,Jan Schakowsky,108417,100.0,17,True,schakowsky j
2018_IL_House-9_REP,REP,John Elleson,10476,40.4,18,True,elleson j
2018_IL_House-9_REP,REP,Sargis Sangari,7954,30.7,18,False,sangari s
2018_IL_House-9_REP,REP,D. Vincent Thomas,4886,18.8,18,False,thomas d
2018_IL_House-9_REP,REP,Maxwell Rice,2634,10.2,18,False,rice m
2018_IN_House-1_DEM,DEM,Pete Visclosky,42261,80.5,1,True,visclosky p
2018_IN_House-1_DEM,DEM,Antonio Daggett Sr.,5813,11.1,1,False,daggett a
2018_IN_House-1_DEM,DEM,Larry Chubb,4402,8.4,1,False,chubb l
2018_IN_House-1_REP,REP,Mark Leyva,5960,27.0,2,True,leyva m
2018_IN_House-1_REP,REP,John Meyer,4328,19.6,2,False,meyer j
2018_IN_House-1_REP,REP,Roseann Ivanovich,4317,19.6,2,False,ivanovich r
2018_IN_House-1_REP,REP,Nicholas Pappas,4311,19.5,2,False,pappas n
2018_IN_House-1_REP,REP,David Dopp,1679,7.6,2,False,dopp d
2018_IN_House-1_REP,REP,Jeremy Belko,1485,6.7,2,False,belko j
2018_IN_House-2_DEM,DEM,Mel Hall,15384,41.7,4,True,hall m
2018_IN_House-2_DEM,DEM,Pat Hackett,10420,28.2,4,False,hackett p
2018_IN_House-2_DEM,DEM,Yatish Joshi,8155,22.1,4,False,joshi y
2018_IN_House-2_DEM,DEM,Douglas Carpenter,1949,5.3,4,False,carpenter d
2018_IN_House-2_DEM,DEM,John Petroff,569,1.5,4,False,petroff j
2018_IN_House-2_DEM,DEM,Roland Leech,450,1.2,4,False,leech r
2018_IN_House-2_REP,REP,Jackie Walorski,42952,78.6,3,True,walorski j
2018_IN_House-2_REP,REP,Mark Summe,11666,21.4,3,False,summe m
2018_IN_House-3_DEM,DEM,Courtney Tritch,16376,79.1,6,True,tritch c
2018_IN_House-3_DEM,DEM,Tommy Schrader,2224,10.7,6,False,schrader t
2018_IN_House-3_DEM,DEM,John Roberson,2115,10.2,6,False,roberson j
2018_IN_House-3_REP,REP,Jim Banks,58738,100.0,5,True,banks j
2018_IN_House-4_DEM,DEM,Tobi Beck,6466,34.6,8,True,beck t
2018_IN_House-4_DEM,DEM,Veronikka Ziol,3938,21.1,8,False,ziol v
2018_IN_House-4_DEM,DEM,Joe Mackey,3012,16.1,8,False,mackey j
2018_IN_House-4_DEM,DEM,Roger Day,2324,12.4,8,False,day r
2018_IN_House-4_DEM,DEM,Roland Ellis,1712,9.2,8,False,ellis r
2018_IN_House-4_DEM,DEM,Darin Patrick Griesey,1249,6.7,8,False,griesey d
2018_IN_House-4_REP,REP,Jim Baird,29316,36.6,7,True,baird j
2018_IN_House-4_REP,REP,Steve Braun,23594,29.4,7,False,braun s
2018_IN_House-4_REP,REP,Diego Morales,11994,15.0,7,False,morales d
2018_IN_House-4_REP,REP,Jared Thomas,8453,10.5,7,False,thomas j
2018_IN_House-4_REP,REP,Kevin Grant,3667,4.6,7,False,grant k
2018_IN_House-4_REP,REP,James Nease,2096,2.6,7,False,nease j
2018_IN_House-4_REP,REP,Tim Radice,1022,1.3,7,False,radice t
2018_IN_House-5_DEM,DEM,Dee Thornton,18073,53.0,10,True,thornton d
2018_IN_House-5_DEM,DEM,Kyle Brenden Moore,8077,23.7,10,False,moore k
2018_IN_House-5_DEM,DEM,Dion Douglas,3520,10.3,10,False,douglas d
2018_IN_House-5_DEM,DEM,Eshel Faraggi,2583,7.6,10,False,faraggi e
2018_IN_House-5_DEM,DEM,Sean Dugdale,1858,5.4,10,False,dugdale s
2018_IN_House-5_REP,REP,Susan Brooks,63901,100.0,9,True,brooks s
2018_IN_House-6_DEM,DEM,Jeannine Lee Lake,8887,38.3,12,True,lake j
2018_IN_House-6_DEM,DEM,Jim Pruett,5981,25.8,12,False,pruett j
2018_IN_House-6_DEM,DEM,Lane Siekman,3606,15.6,12,False,siekman l
2018_IN_House-6_DEM,DEM,George Holland,2567,11.1,12,False,holland g
2018_IN_House-6_DEM,DEM,Joshua Williamson,1695,7.3,12,False,williamson j
2018_IN_House-6_DEM,DEM,Jasen Lave,446,1.9,12,False,lave j
2018_IN_House-6_REP,REP,Greg Pence,47955,65.3,11,True,pence g
2018_IN_House-6_REP,REP,Jonathan Lamb,17523,23.9,11,False,lamb j
2018_IN_House-6_REP,REP,Mike Campbell,3229,4.4,11,False,campbell m
2018_IN_House-6_REP,REP,Stephen MacKenzie,2500,3.4,11,False,mackenzie s
2018_IN_House-6_REP,REP,Jeff Smith,2258,3.1,11,False,smith j
2018_IN_House-7_DEM,DEM,André Carson,37401,87.9,13,True,carson a
2018_IN_House-7_DEM,DEM,Sue Spicer,3485,8.2,13,False,spicer s
2018_IN_House-7_DEM,DEM,Curtis Godfrey,723,1.7,13,False,godfrey c
2018_IN_House-7_DEM,DEM,Bob Kern,703,1.7,13,False,kern b
2018_IN_House-7_DEM,DEM,Pierre Pullins,224,0.5,13,False,pullins p
2018_IN_House-7_REP,REP,Wayne Harmon,6534,28.8,14,True,harmon w
2018_IN_House-7_REP,REP,Donald Eason Jr.,4343,19.2,14,False,eason d
2018_IN_House-7_REP,REP,John L. Couch,3461,15.3,14,False,couch j
2018_IN_House-7_REP,REP,J.D. Miniear,3079,13.6,14,False,miniear j
2018_IN_House-7_REP,REP,J. Jason Davis,2697,11.9,14,False,davis j
2018_IN_House-7_REP,REP,Tony Van Pelt,2561,11.3,14,False,pelt t
2018_IN_House-8_DEM,DEM,William Tanoos,25472,100.0,16,True,tanoos w
2018_IN_House-8_REP,REP,Larry Bucshon,34502,59.7,15,True,bucshon l
2018_IN_House-8_REP,REP,Richard Moss,15396,26.6,15,False,moss r
2018_IN_House-8_REP,REP,Rachel Covington,7924,13.7,15,False,covington r
2018_IN_House-9_DEM,DEM,Liz Watson,24981,66.4,18,True,watson l
2018_IN_House-9_DEM,DEM,Dan Canon,11549,30.7,18,False,canon d
2018_IN_House-9_DEM,DEM,Rob Chatlos,1100,2.9,18,False,chatlos r
2018_IN_House-9_REP,REP,Trey Hollingsworth,46884,77.7,17,True,hollingsworth t
2018_IN_House-9_REP,REP,James Dean Alspach,13445,22.3,17,False,alspach j
2018_KS_House-1_DEM,DEM,Alan LaPolice,17195,100.0,2,True,lapolice a
2018_KS_House-1_REP,REP,Roger Marshall,64843,78.7,1,True,marshall r
2018_KS_House-1_REP,REP,Nick Reinecker,17593,21.3,1,False,reinecker n
2018_KS_House-2_DEM,DEM,Paul Davis,38846,100.0,4,True,davis p
2018_KS_House-2_REP,REP,Steve Watkins,20052,26.5,3,True,watkins s
2018_KS_House-2_REP,REP,Caryn Tyson,17749,23.5,3,False,tyson c
2018_KS_House-2_REP,REP,Kevin Jones,11201,14.8,3,False,jones k
2018_KS_House-2_REP,REP,Steve Fitzgerald,9227,12.2,3,False,fitzgerald s
2018_KS_House-2_REP,REP,Dennis Pyle,9126,12.1,3,False,pyle d
2018_KS_House-2_REP,REP,Doug Mays,6221,8.2,3,False,mays d
2018_KS_House-2_REP,REP,Vernon J. Fields,1987,2.6,3,False,fields v
2018_KS_House-3_DEM,DEM,Sharice Davids,23379,37.3,6,True,davids s
2018_KS_House-3_DEM,DEM,Brent Welder,21190,33.9,6,False,welder b
2018_KS_House-3_DEM,DEM,Tom Niermann,8939,14.3,6,False,niermann t
2018_KS_House-3_DEM,DEM,Mike McCamon,4354,6.9,6,False,mccamon m
2018_KS_House-3_DEM,DEM,Sylvia Williams,2955,4.7,6,False,williams s
2018_KS_House-3_DEM,DEM,Jay Sidie,1790,2.9,6,False,sidie j
2018_KS_House-3_REP,REP,Kevin Yoder,53130,68.1,5,True,yoder k
2018_KS_House-3_REP,REP,Trevor Keegan,14574,18.7,5,False,keegan t
2018_KS_House-3_REP,REP,Joe Myers,10268,13.2,5,False,myers j
2018_KS_House-4_DEM,DEM,James Thompson,20261,65.2,8,True,thompson j
2018_KS_House-4_DEM,DEM,Laura Lombard,10797,34.8,8,False,lombard l
2018_KS_House-4_REP,REP,Ron Estes,57522,81.4,7,True,estes r
2018_KS_House-4_REP,REP,Ron M. Estes,13159,18.6,7,False,estes r
2018_KY_House-1_DEM,DEM,Paul Walker,51094,74.6,1,True,walker p
2018_KY_House-1_DEM,DEM,Alonzo Pennington,17398,25.4,1,False,pennington a
2018_KY_House-2_DEM,DEM,Hank Linderman,14516,30.0,2,True,linderman h
2018_KY_House-2_DEM,DEM,Brian Pedigo,13866,28.7,2,False,pedigo b
2018_KY_House-2_DEM,DEM,Rane Eir Olivia Sessions,10501,21.7,2,False,sessions r
2018_KY_House-2_DEM,DEM,Grant Short,9470,19.6,2,False,short g
2018_KY_House-3_REP,REP,Vickie Yates Glisson,11239,49.1,3,True,glisson v
2018_KY_House-3_REP,REP,Mike Craven,6163,26.9,3,False,craven m
2018_KY_House-3_REP,REP,Rhonda Palazzo,5511,24.0,3,False,palazzo r
2018_KY_House-4_DEM,DEM,Seth Hall,17859,40.8,5,True,hall s
2018_KY_House-4_DEM,DEM,Patti Piatt,16441,37.5,5,False,piatt p
2018_KY_House-4_DEM,DEM,Christina Lord,9509,21.7,5,False,lord c
2018_KY_House-5_DEM,DEM,Kenneth Stepp,33584,58.7,7,True,stepp k
2018_KY_House-5_DEM,DEM,Scott Sykes,23637,41.3,7,False,sykes s
2018_KY_House-5_REP,REP,Hal Rogers,75405,84.2,6,True,rogers h
2018_KY_House-5_REP,REP,Gerardo Serrano,14177,15.8,6,False,serrano g
2018_KY_House-6_DEM,DEM,Amy McGrath,48859,48.7,9,True,mcgrath a
2018_KY_House-6_DEM,DEM,Jim Gray,40684,40.5,9,False,gray j
2018_KY_House-6_DEM,DEM,Reggie Thomas,7226,7.2,9,False,thomas r
2018_KY_House-6_DEM,DEM,Geoff Young,1574,1.6,9,False,young g
2018_KY_House-6_DEM,DEM,Daniel Kemph,1240,1.2,9,False,kemph d
2018_KY_House-6_DEM,DEM,Theodore Green,835,0.8,9,False,green t
2018_KY_House-6_REP,REP,Andy Barr,40514,83.8,8,True,barr a
2018_KY_House-6_REP,REP,Chuck Eddy,7858,16.2,8,False,eddy c
2018_MA_House-1_DEM,DEM,Richard Neal,49213,70.8,1,True,neal r
2018_MA_House-1_DEM,DEM,Tahirah Amatul-Wadud,20322,29.2,1,False,amatulwadud t
2018_MA_House-2_DEM,DEM,Jim McGovern,53848,100.0,2,True,mcgovern j
2018_MA_House-2_REP,REP,Tracy Lovvorn,15583,60.8,3,True,lovvorn t
2018_MA_House-2_REP,REP,Kevin Powers,10042,39.2,3,False,powers k
2018_MA_House-3_DEM,DEM,Lori Trahan,18527,21.6,4,True,trahan l
2018_MA_House-3_DEM,DEM,Daniel Koh,18405,21.5,4,False,koh d
2018_MA_House-3_DEM,DEM,Barbara L'Italien,13029,15.2,4,False,litalien b
2018_MA_House-3_DEM,DEM,Juana Matias,12982,15.1,4,False,matias j
2018_MA_House-3_DEM,DEM,Rufus Gifford,12856,15.1,4,False,gifford r
2018_MA_House-3_DEM,DEM,Alexandra Chandler,4848,5.7,4,False,chandler a
2018_MA_House-3_DEM,DEM,Blanks,3227,,4,False,blanks
2018_MA_House-3_DEM,DEM,Beej Das,1496,1.7,4,False,das b
2018_MA_House-3_DEM,DEM,Jeffrey Ballinger,1388,1.6,4,False,ballinger j
2018_MA_House-3_DEM,DEM,Bopha Malone,1344,1.6,4,False,malone b
2018_MA_House-3_DEM,DEM,Leonard Golder,585,0.7,4,False,golder l
2018_MA_House-3_DEM,DEM,write-ins,131,0.2,4,False,writeins
2018_MA_House-3_REP,REP,Rick Green,24047,100.0,5,True,green r
2018_MA_House-4_DEM,DEM,Joe Kennedy III,59613,93.4,6,True,kennedy j
2018_MA_House-4_DEM,DEM,Gary Rucinski,4156,6.6,6,False,rucinski g
2018_MA_House-5_DEM,DEM,Katherine Clark,78156,100.0,7,True,clark k
2018_MA_House-5_REP,REP,John Hugo,11845,63.7,8,True,hugo j
2018_MA_House-5_REP,REP,Louis Kuchnir,6745,36.3,8,False,kuchnir l
2018_MA_House-6_DEM,DEM,Seth Moulton,59326,100.0,9,True,moulton s
2018_MA_House-6_REP,REP,Joseph Schneider,26579,99.8,10,True,schneider j
2018_MA_House-6_REP,REP,Carlos Armando Gonzalez,51,0.2,10,False,gonzalez c
2018_MA_House-7_DEM,DEM,Ayanna Pressley,59815,58.6,11,True,pressley a
2018_MA_House-7_DEM,DEM,Mike Capuano,42252,41.4,11,False,capuano m
2018_MA_House-8_DEM,DEM,Stephen Lynch,51882,71.0,12,True,lynch s
2018_MA_House-8_DEM,DEM,Brianna Wu,16766,23.0,12,False,wu b
2018_MA_House-8_DEM,DEM,Christopher Voehl,4399,6.0,12,False,voehl c
2018_MA_House-9_DEM,DEM,Bill Keating,50084,85.5,13,True,keating b
2018_MA_House-9_DEM,DEM,Bill Cimbrelo,8523,14.5,13,False,cimbrelo b
2018_MA_House-9_REP,REP,Peter Tedeschi,35911,100.0,14,True,tedeschi p
2018_MD_House-1_DEM,DEM,Jesse Colvin,13599,38.1,1,True,colvin j
2018_MD_House-1_DEM,DEM,Allison Galbraith,9977,28.0,1,False,galbraith a
2018_MD_House-1_DEM,DEM,Michael Brown,5354,15.0,1,False,brown m
2018_MD_House-1_DEM,DEM,Michael Pullen,4569,12.8,1,False,pullen m
2018_MD_House-1_DEM,DEM,Steve Worton,1377,3.9,1,False,worton s
2018_MD_House-1_DEM,DEM,Erik Lane,773,2.2,1,False,lane e
2018_MD_House-1_REP,REP,Andy Harris,47590,85.8,2,True,harris a
2018_MD_House-1_REP,REP,Martin Elborn,5429,9.8,2,False,elborn m
2018_MD_House-1_REP,REP,Lamont Taylor,2419,4.4,2,False,taylor l
2018_MD_House-2_DEM,DEM,Dutch Ruppersberger,45674,78.2,3,True,ruppersberger d
2018_MD_House-2_DEM,DEM,Jake Pretot,12738,21.8,3,False,pretot j
2018_MD_House-2_REP,REP,Liz Matory,7137,42.0,4,True,matory l
2018_MD_House-2_REP,REP,Mark Shell,4048,23.8,4,False,shell m
2018_MD_House-2_REP,REP,Mitchell Toland Jr.,2921,17.2,4,False,toland m
2018_MD_House-2_REP,REP,Hubert Owens Jr.,2903,17.1,4,False,owens h
2018_MD_House-3_DEM,DEM,John Sarbanes,61203,82.4,5,True,sarbanes j
2018_MD_House-3_DEM,DEM,Adam DeMarco,6350,8.5,5,False,demarco a
2018_MD_House-3_DEM,DEM,Eduardo Rosas,4568,6.1,5,False,rosas e
2018_MD_House-3_DEM,DEM,John Rea,2180,2.9,5,False,rea j
2018_MD_House-3_REP,REP,Charles Anthony,6648,43.5,6,True,anthony c
2018_MD_House-3_REP,REP,Thomas Harris,5528,36.1,6,False,harris t
2018_MD_House-3_REP,REP,Rob Seyfferth,3121,20.4,6,False,seyfferth r
2018_MD_House-4_DEM,DEM,Anthony Brown,76761,100.0,7,True,brown a
2018_MD_House-4_REP,REP,George McDermott,11989,100.0,8,True,mcdermott g
2018_MD_House-5_DEM,DEM,Steny Hoyer,69834,84.2,9,True,hoyer s
2018_MD_House-5_DEM,DEM,Dennis Fritz,13056,15.8,9,False,fritz d
2018_MD_House-5_REP,REP,William Devine III,10963,57.5,10,True,devine w
2018_MD_House-5_REP,REP,Johnny Rice,8095,42.5,10,False,rice j
2018_MD_House-6_DEM,DEM,David Trone,22855,40.4,11,True,trone d
2018_MD_House-6_DEM,DEM,Aruna Miller,17311,30.6,11,False,miller a
2018_MD_House-6_DEM,DEM,Nadia Hashimi,5871,10.4,11,False,hashimi n
2018_MD_House-6_DEM,DEM,Roger Manno,5788,10.2,11,False,manno r
2018_MD_House-6_DEM,DEM,Andrew J. Duck,2758,4.9,11,False,duck a
2018_MD_House-6_DEM,DEM,Chris Graves,900,1.6,11,False,graves c
2018_MD_House-6_DEM,DEM,George English,577,1.0,11,False,english g
2018_MD_House-6_DEM,DEM,Christopher Hearsey,479,0.8,11,False,hearsey c
2018_MD_House-6_REP,REP,Amie Hoeber,18751,68.1,12,True,hoeber a
2018_MD_House-6_REP,REP,Lisa Lloyd,4884,17.7,12,False,lloyd l
2018_MD_House-6_REP,REP,Kurt Elsasser,2390,8.7,12,False,elsasser k
2018_MD_House-6_REP,REP,Brad Rohrs,1528,5.5,12,False,rohrs b
2018_MD_House-7_DEM,DEM,Elijah Cummings,77110,91.5,13,True,cummings e
2018_MD_House-7_DEM,DEM,Anthony Carter Sr.,2143,2.5,13,False,carter a
2018_MD_House-7_DEM,DEM,John Moser,2134,2.5,13,False,moser j
2018_MD_House-7_DEM,DEM,Charles Stokes,2130,2.5,13,False,stokes c
2018_MD_House-7_DEM,DEM,Charles Smith,771,0.9,13,False,smith c
2018_MD_House-7_REP,REP,Richmond Davis,3421,31.2,14,True,davis r
2018_MD_House-7_REP,REP,Michael Pearson,3283,29.9,14,False,pearson m
2018_MD_House-7_REP,REP,William Newton,2451,22.3,14,False,newton w
2018_MD_House-7_REP,REP,Ray Bly,1821,16.6,14,False,bly r
2018_MD_House-8_DEM,DEM,Jamie Raskin,74303,90.5,15,True,raskin j
2018_MD_House-8_DEM,DEM,Summer Spring,4759,5.8,15,False,spring s
2018_MD_House-8_DEM,DEM,Utam Paul,3032,3.7,15,False,paul u
2018_MD_House-8_REP,REP,John Walsh,8686,45.1,16,True,walsh j
2018_MD_House-8_REP,REP,Bridgette Cooper,5995,31.2,16,False,cooper b
2018_MD_House-8_REP,REP,Victor Williams,4558,23.7,16,False,williams v
2018_ME_House-1_DEM,DEM,Chellie Pingree,74376,100.0,1,True,pingree c
2018_ME_House-1_REP,REP,Mark Holbrook,40679,100.0,2,True,holbrook m
2018_ME_House-2_DEM,DEM,Jared Golden,20987,46.4,4,True,golden j
2018_ME_House-2_DEM,DEM,Lucas St. Clair,17742,39.2,4,False,clair l
2018_ME_House-2_DEM,DEM,Craig Olson,3993,8.8,4,False,olson c
2018_ME_House-2_DEM,DEM,Jonathan Fulford,2489,5.5,4,False,fulford j
2018_ME_House-2_REP,REP,Bruce Poliquin,43047,100.0,3,True,poliquin b
2018_MI_House-10_DEM,DEM,Kimberly Bizon,21944,41.1,21,True,bizon k
2018_MI_House-10_DEM,DEM,Frank Accavitti Jr.,17047,32.0,21,False,accavitti f
2018_MI_House-10_DEM,DEM,Michael McCarthy,14353,26.9,21,False,mccarthy m
2018_MI_House-10_REP,REP,Paul Mitchell,81867,100.0,20,True,mitchell p
2018_MI_House-11_DEM,DEM,Haley Stevens,24309,27.0,23,True,stevens h
2018_MI_House-11_DEM,DEM,Tim Greimel,19673,21.8,23,False,greimel t
2018_MI_House-11_DEM,DEM,Suneel Gupta,19250,21.4,23,False,gupta s
2018_MI_House-11_DEM,DEM,Fayrouz Saad,17499,19.4,23,False,saad f
2018_MI_House-11_DEM,DEM,Nancy Skinner,9407,10.5,23,False,skinner n
2018_MI_House-11_REP,REP,Lena Epstein,26925,30.9,22,True,epstein l
2018_MI_House-11_REP,REP,Rocky Raczkowski,22216,25.5,22,False,raczkowski r
2018_MI_House-11_REP,REP,Mike Kowall,16011,18.4,22,False,kowall m
2018_MI_House-11_REP,REP,Klint Kesto,12213,14.0,22,False,kesto k
2018_MI_House-11_REP,REP,Kerry Bentivolio,9831,11.3,22,False,bentivolio k
2018_MI_House-12_DEM,DEM,Debbie Dingell,103278,100.0,25,True,dingell d
2018_MI_House-12_REP,REP,Jeff Jones,33839,100.0,26,True,jones j
2018_MI_House-13_DEM,DEM,Rashida Tlaib,27841,31.2,27,True,tlaib r
2018_MI_House-13_DEM,DEM,Brenda Jones,26941,30.2,27,False,jones b
2018_MI_House-13_DEM,DEM,Bill Wild,12613,14.1,27,False,wild b
2018_MI_House-13_DEM,DEM,Coleman Young II,11172,12.5,27,False,young c
2018_MI_House-13_DEM,DEM,Ian Conyers,5866,6.6,27,False,conyers i
2018_MI_House-13_DEM,DEM,Shanelle Jackson,4853,5.4,27,False,jackson s
2018_MI_House-13_DEM,DEM,Kimberly Hill Knott,33,0.0,27,False,knott k
2018_MI_House-13_DEM,DEM,Royce Kinniebrew,2,0.0,27,False,kinniebrew r
2018_MI_House-13_REP,REP,Other write-ins,2391,85.1,28,True,writeins o
2018_MI_House-13_REP,REP,David Anthony Dudenhoefer,420,14.9,28,False,dudenhoefer d
2018_MI_House-14_DEM,DEM,Brenda Lawrence,106464,100.0,29,True,lawrence b
2018_MI_House-14_REP,REP,Marc Herschfus,18546,100.0,30,True,herschfus m
2018_MI_House-1_DEM,DEM,write-in,29293,100.0,2,True,writein
2018_MI_House-1_REP,REP,Jack Bergman,83272,100.0,1,True,bergman j
2018_MI_House-2_DEM,DEM,Rob Davidson,52221,100.0,4,True,davidson r
2018_MI_House-2_REP,REP,Bill Huizenga,79620,100.0,3,True,huizenga b
2018_MI_House-3_DEM,DEM,Cathy Albro,42619,68.2,6,True,albro c
2018_MI_House-3_DEM,DEM,Fred Wooden,19903,31.8,6,False,wooden f
2018_MI_House-3_REP,REP,Justin Amash,69817,99.9,5,True,amash j
2018_MI_House-3_REP,REP,Joe Farrington,52,0.1,5,False,farrington j
2018_MI_House-4_DEM,DEM,Jerry Hilliard,32263,66.5,8,True,hilliard j
2018_MI_House-4_DEM,DEM,Zigmond Kozicki,16261,33.5,8,False,kozicki z
2018_MI_House-4_REP,REP,John Moolenaar,80290,100.0,7,True,moolenaar j
2018_MI_House-5_DEM,DEM,Dan Kildee,73996,100.0,9,True,kildee d
2018_MI_House-5_REP,REP,Travis Wines,44405,100.0,10,True,wines t
2018_MI_House-6_DEM,DEM,Matt Longjohn,22412,37.0,12,True,longjohn m
2018_MI_House-6_DEM,DEM,George Franklin,17493,28.9,12,False,franklin g
2018_MI_House-6_DEM,DEM,David Benac,12867,21.3,12,False,benac d
2018_MI_House-6_DEM,DEM,Rich Eichholz,7719,12.8,12,False,eichholz r
2018_MI_House-6_REP,REP,Fred Upton,64512,100.0,11,True,upton f
2018_MI_House-7_DEM,DEM,Gretchen Driskell,52430,85.2,14,True,driskell g
2018_MI_House-7_DEM,DEM,Steven Friday,9083,14.8,14,False,friday s
2018_MI_House-7_REP,REP,Tim Walberg,69248,100.0,13,True,walberg t
2018_MI_House-8_DEM,DEM,Elissa Slotkin,57819,70.7,16,True,slotkin e
2018_MI_House-8_DEM,DEM,Christopher E. Smith,23996,29.3,16,False,smith c
2018_MI_House-8_REP,REP,Mike Bishop,75403,92.3,15,True,bishop m
2018_MI_House-8_REP,REP,Lokesh Kumar,6254,7.7,15,False,kumar l
2018_MI_House-9_DEM,DEM,Andy Levin,49612,52.4,18,True,levin a
2018_MI_House-9_DEM,DEM,Ellen Lipton,40174,42.5,18,False,lipton e
2018_MI_House-9_DEM,DEM,Martin Brook,4865,5.1,18,False,brook m
2018_MI_House-9_REP,REP,Candius Stearns,47410,100.0,19,True,stearns c
2018_MN_House-1_REP,REP,Jim Hagedorn,25418,60.1,2,True,hagedorn j
2018_MN_House-1_REP,REP,Carla Nelson,13589,32.2,2,False,nelson c
2018_MN_House-1_REP,REP,Steve Williams,2145,5.1,2,False,williams s
2018_MN_House-1_REP,REP,Andrew Candler,1106,2.6,2,False,candler a
2018_MN_House-3_REP,REP,Erik Paulsen,39080,100.0,3,True,paulsen e
2018_MN_House-4_REP,REP,Greg Ryan,23021,100.0,6,True,ryan g
2018_MN_House-5_REP,REP,Jennifer Zielinski,8680,56.5,8,True,zielinski j
2018_MN_House-5_REP,REP,Christopher Chamberlin,4999,32.5,8,False,chamberlin c
2018_MN_House-5_REP,REP,Bob Carney,1688,11.0,8,False,carney b
2018_MN_House-6_REP,REP,Tom Emmer,34251,76.6,9,True,emmer t
2018_MN_House-6_REP,REP,A.J. Kern,7897,17.7,9,False,kern a
2018_MN_House-6_REP,REP,Patrick Munro,2575,5.8,9,False,munro p
2018_MN_House-7_REP,REP,Dave Hughes,30786,72.6,12,True,hughes d
2018_MN_House-7_REP,REP,Matt Prosch,11618,27.4,12,False,prosch m
2018_MN_House-8_REP,REP,Pete Stauber,44814,89.9,14,True,stauber p
2018_MN_House-8_REP,REP,Harry Welty,5021,10.1,14,False,welty h
2018_MO_House-1_DEM,DEM,Lacy Clay,81426,56.7,1,True,clay l
2018_MO_House-1_DEM,DEM,Cori Bush,53056,36.9,1,False,bush c
2018_MO_House-1_DEM,DEM,Joshua Shipp,4959,3.5,1,False,shipp j
2018_MO_House-1_DEM,DEM,DeMarco K. Davidson,4229,2.9,1,False,davidson d
2018_MO_House-1_REP,REP,Robert Vroman,5095,34.5,2,True,vroman r
2018_MO_House-1_REP,REP,Edward L. Van Deventer Jr.,4864,32.9,2,False,deventer e
2018_MO_House-1_REP,REP,Camille Lombardi-Olive,4820,32.6,2,False,lombardiolive c
2018_MO_House-2_DEM,DEM,Cort VanOstran,45248,41.7,5,True,vanostran c
2018_MO_House-2_DEM,DEM,Mark J. Osmack,27389,25.2,5,False,osmack m
2018_MO_House-2_DEM,DEM,"William ""Bill"" Haas",21151,19.5,5,False,haas w
2018_MO_House-2_DEM,DEM,John Messmer,10503,9.7,5,False,messmer j
2018_MO_House-2_DEM,DEM,Robert W. Hazel,4321,4.0,5,False,hazel r
2018_MO_House-2_REP,REP,Ann Wagner,72173,89.9,4,True,wagner a
2018_MO_House-2_REP,REP,Noga Sachs,8115,10.1,4,False,sachs n
2018_MO_House-3_DEM,DEM,Katy Geppert,55815,100.0,9,True,geppert k
2018_MO_House-3_REP,REP,Blaine Luetkemeyer,95385,79.9,8,True,luetkemeyer b
2018_MO_House-3_REP,REP,Chadwick Bicknell,24000,20.1,8,False,bicknell c
2018_MO_House-4_DEM,DEM,Renee Hoagenson,24139,51.9,12,True,hoagenson r
2018_MO_House-4_DEM,DEM,Hallie J. Thompson,22398,48.1,12,False,thompson h
2018_MO_House-4_REP,REP,Vicky Hartzler,74226,73.5,11,True,hartzler v
2018_MO_House-4_REP,REP,John Webb,26787,26.5,11,False,webb j
2018_MO_House-5_DEM,DEM,Emanuel Cleaver,87449,100.0,14,True,cleaver e
2018_MO_House-5_REP,REP,Jacob Turk,35883,75.1,15,True,turk j
2018_MO_House-5_REP,REP,Kress Cambers,8423,17.6,15,False,cambers k
2018_MO_House-5_REP,REP,Richonda Oaks,3467,7.3,15,False,oaks r
2018_MO_House-6_DEM,DEM,Henry Robert Martin,21677,41.5,19,True,martin h
2018_MO_House-6_DEM,DEM,Winston Apple,16087,30.8,19,False,apple w
2018_MO_House-6_DEM,DEM,Ed Andres,14453,27.7,19,False,andres e
2018_MO_House-6_REP,REP,Sam Graves,89595,100.0,18,True,graves s
2018_MO_House-7_DEM,DEM,Jamie Daniel Schoolcraft,12499,40.6,22,True,schoolcraft j
2018_MO_House-7_DEM,DEM,Kenneth Hatfield,6854,22.3,22,False,hatfield k
2018_MO_House-7_DEM,DEM,John Farmer de la Torre,6685,21.7,22,False,torre j
2018_MO_House-7_DEM,DEM,Vince Jennings,4738,15.4,22,False,jennings v
2018_MO_House-7_REP,REP,Billy Long,68438,65.1,21,True,long b
2018_MO_House-7_REP,REP,Jim Evans,18383,17.5,21,False,evans j
2018_MO_House-7_REP,REP,Lance Norris,10884,10.4,21,False,norris l
2018_MO_House-7_REP,REP,Benjamin Holcomb,7416,7.1,21,False,holcomb b
2018_MO_House-8_DEM,DEM,Kathryn Ellis,33799,100.0,25,True,ellis k
2018_MO_House-8_REP,REP,Jason Smith,91809,100.0,24,True,smith j
2018_MS_House-1_DEM,DEM,Randy Wadkins,11692,100.0,1,True,wadkins r
2018_MS_House-1_REP,REP,Trent Kelly,30151,100.0,2,True,kelly t
2018_MS_House-2_DEM,DEM,Bennie Thompson,31203,100.0,3,True,thompson b
2018_MS_House-3_DEM,DEM,Michael Evans,17016,69.3,4,True,evans m
2018_MS_House-3_DEM,DEM,Michael Aycox,7525,30.7,4,False,aycox m
2018_MS_House-3_REP,REP,Michael Guest,31121,65.1,6,True,guest m
2018_MS_House-3_REP,REP,Whit Hughes,16691,34.9,6,False,hughes w
2018_MS_House-4_DEM,DEM,Jeramey Anderson,14560,100.0,7,True,anderson j
2018_MS_House-4_REP,REP,Steven Palazzo,30270,70.5,8,True,palazzo s
2018_MS_House-4_REP,REP,E. Brian Rose,12664,29.5,8,False,rose e
2018_MT_House-1_DEM,DEM,Kathleen Williams,37158,33.5,2,True,williams k
2018_MT_House-1_DEM,DEM,John Heenan,35163,31.7,2,False,heenan j
2018_MT_House-1_DEM,DEM,Grant Kier,26835,24.2,2,False,kier g
2018_MT_House-1_DEM,DEM,Lynda Moss,5592,5.0,2,False,moss l
2018_MT_House-1_DEM,DEM,John Meyer,3695,3.3,2,False,meyer j
2018_MT_House-1_DEM,DEM,Jared Pettinato,2440,2.2,2,False,pettinato j
2018_MT_House-1_REP,REP,Greg Gianforte,135225,100.0,1,True,gianforte g
2018_NC_House-10_REP,REP,Patrick McHenry,34173,70.7,13,True,mchenry p
2018_NC_House-10_REP,REP,Gina Collias,6664,13.8,13,False,collias g
2018_NC_House-10_REP,REP,Jeff Gregory,3724,7.7,13,False,gregory j
2018_NC_House-10_REP,REP,Ira Roberts,1701,3.5,13,False,roberts i
2018_NC_House-10_REP,REP,Seth Blankenship,1443,3.0,13,False,blankenship s
2018_NC_House-10_REP,REP,"Albert Wiley, Jr.",616,1.3,13,False,wiley a
2018_NC_House-11_DEM,DEM,Phillip Price,13499,40.6,15,True,price p
2018_NC_House-11_DEM,DEM,Steve Woodsmall,10356,31.1,15,False,woodsmall s
2018_NC_House-11_DEM,DEM,Scott Donaldson,9402,28.3,15,False,donaldson s
2018_NC_House-11_REP,REP,Mark Meadows,35665,86.4,14,True,meadows m
2018_NC_House-11_REP,REP,Chuck Archerd,5639,13.6,14,False,archerd c
2018_NC_House-12_DEM,DEM,Alma Adams,38849,85.5,16,True,adams a
2018_NC_House-12_DEM,DEM,Keith Young,2549,5.6,16,False,young k
2018_NC_House-12_DEM,DEM,Patrick Register,2074,4.6,16,False,register p
2018_NC_House-12_DEM,DEM,Gabe Ortiz,1959,4.3,16,False,ortiz g
2018_NC_House-12_REP,REP,Paul Wright,3221,43.2,17,True,wright p
2018_NC_House-12_REP,REP,Paul Bonham,2349,31.5,17,False,bonham p
2018_NC_House-12_REP,REP,Carl Persson,1885,25.3,17,False,persson c
2018_NC_House-13_DEM,DEM,Kathy Manning,19554,70.1,18,True,manning k
2018_NC_House-13_DEM,DEM,Adam Coker,8324,29.9,18,False,coker a
2018_NC_House-2_DEM,DEM,Linda Coleman,18650,56.0,2,True,coleman l
2018_NC_House-2_DEM,DEM,Ken Romley,10742,32.3,2,False,romley k
2018_NC_House-2_DEM,DEM,Wendy May,3895,11.7,2,False,may w
2018_NC_House-2_REP,REP,George Holding,17979,76.2,1,True,holding g
2018_NC_House-2_REP,REP,Allen Chesser II,5612,23.8,1,False,chesser a
2018_NC_House-3_REP,REP,"Walter B. Jones, Jr.",20963,43.0,3,True,jones w
2018_NC_House-3_REP,REP,Phil Law,14343,29.4,3,False,law p
2018_NC_House-3_REP,REP,Scott Dacey,13421,27.5,3,False,dacey s
2018_NC_House-4_DEM,DEM,David Price,52203,77.1,4,True,price d
2018_NC_House-4_DEM,DEM,Michelle Laws,11120,16.4,4,False,laws m
2018_NC_House-4_DEM,DEM,Richard Lee Watkins III,4391,6.5,4,False,watkins r
2018_NC_House-5_DEM,DEM,Denise D. Adams,15509,54.4,7,True,adams d
2018_NC_House-5_DEM,DEM,Jenny Marshall,12987,45.6,7,False,marshall j
2018_NC_House-5_REP,REP,Virginia Foxx,32654,80.8,6,True,foxx v
2018_NC_House-5_REP,REP,Dillon Gentry,5703,14.1,6,False,gentry d
2018_NC_House-5_REP,REP,Cortland J. Meader,2063,5.1,6,False,meader c
2018_NC_House-6_DEM,DEM,Ryan Watts,26072,77.2,8,True,watts r
2018_NC_House-6_DEM,DEM,Gerald Wong,7719,22.8,8,False,wong g
2018_NC_House-7_DEM,DEM,Kyle Horton,21499,67.0,9,True,horton k
2018_NC_House-7_DEM,DEM,Grayson Parker,10587,33.0,9,False,parker g
2018_NC_House-8_DEM,DEM,Frank McNeill,16019,56.0,10,True,mcneill f
2018_NC_House-8_DEM,DEM,Scott Huffman,6581,23.0,10,False,huffman s
2018_NC_House-8_DEM,DEM,Marc Tiegel,5997,21.0,10,False,tiegel m
2018_NC_House-9_DEM,DEM,Dan McCready,38098,82.8,12,True,mccready d
2018_NC_House-9_DEM,DEM,Christian Cano,7922,17.2,12,False,cano c
2018_NC_House-9_REP,REP,Mark Harris,17302,48.5,11,True,harris m
2018_NC_House-9_REP,REP,Robert Pittenger,16474,46.2,11,False,pittenger r
2018_NC_House-9_REP,REP,Clarence Goins,1867,5.2,11,False,goins c
2018_ND_House-1_REP,REP,Kelly Armstrong,37054,56.23,1,True,armstrong k
2018_ND_House-1_REP,REP,Tom Campbell,17692,26.85,1,False,campbell t
2018_ND_House-1_REP,REP,Tiffany Abentroth,5877,8.92,1,False,abentroth t
2018_ND_House-1_REP,REP,Paul Schaffner,5203,7.9,1,False,schaffner p
2018_ND_House-1_REP,REP,Write-Ins,75,0.11,1,False,writeins
2018_NE_House-1_DEM,DEM,Jessica McClure,22199,66.1,1,True,mcclure j
2018_NE_House-1_DEM,DEM,Dennis P. Crawford,11386,33.9,1,False,crawford d
2018_NE_House-1_REP,REP,Jeff Fortenberry,51809,100.0,2,True,fortenberry j
2018_NE_House-2_DEM,DEM,Kara Eastman,21357,51.64,3,True,eastman k
2018_NE_House-2_DEM,DEM,Brad Ashford,19998,48.36,3,False,ashford b
2018_NE_House-2_REP,REP,Don Bacon,33852,100.0,4,True,bacon d
2018_NE_House-3_DEM,DEM,Paul Theobald,16395,100.0,5,True,theobald p
2018_NE_House-3_REP,REP,Adrian Smith,50878,65.74,6,True,smith a
2018_NE_House-3_REP,REP,Kirk Penner,20116,25.99,6,False,penner k
2018_NE_House-3_REP,REP,Arron Kowalski,4461,5.76,6,False,kowalski a
2018_NE_House-3_REP,REP,Larry Lee Scott Bolinger,1935,2.5,6,False,bolinger l
2018_NH_House-1_DEM,DEM,Chris Pappas,26875,42.2,1,True,pappas c
2018_NH_House-1_DEM,DEM,Maura Sullivan,19313,30.4,1,False,sullivan m
2018_NH_House-1_DEM,DEM,Mindi Messmer,6412,9.7,1,False,messmer m
2018_NH_House-1_DEM,DEM,Naomi Andrews,4508,7.1,1,False,andrews n
2018_NH_House-1_DEM,DEM,Lincoln Soldati,1982,3.1,1,False,soldati l
2018_NH_House-1_DEM,DEM,Levi Sanders,1709,2.7,1,False,sanders l
2018_NH_House-1_DEM,DEM,Deaglan McEachern,1141,2.1,1,False,mceachern d
2018_NH_House-1_DEM,DEM,Mark MacKenzie,746,1.2,1,False,mackenzie m
2018_NH_House-1_DEM,DEM,Terence M. O'Rourke,656,1.0,1,False,orourke t
2018_NH_House-1_DEM,DEM,Paul Cardinal,317,0.5,1,False,cardinal p
2018_NH_House-1_DEM,DEM,William Martin,230,0.4,1,False,martin w
2018_NH_House-1_REP,REP,Eddie Edwards,23510,48.0,2,True,edwards e
2018_NH_House-1_REP,REP,Andy Sanborn,20364,41.6,2,False,sanborn a
2018_NH_House-1_REP,REP,Andy Martin,2072,4.2,2,False,martin a
2018_NH_House-1_REP,REP,Michael Callis,1254,2.6,2,False,callis m
2018_NH_House-1_REP,REP,Jeff Denaro,963,2.0,2,False,denaro j
2018_NH_House-1_REP,REP,Bruce Crochetiere,766,1.6,2,False,crochetiere b
2018_NH_House-2_DEM,DEM,Annie Kuster,55954,100.0,3,True,kuster a
2018_NH_House-2_REP,REP,Steve Negron,11166,26.0,4,True,negron s
2018_NH_House-2_REP,REP,Stewart Levenson,10858,25.3,4,False,levenson s
2018_NH_House-2_REP,REP,Lynne Blankenbeker,9836,22.9,4,False,blankenbeker l
2018_NH_House-2_REP,REP,Robert Burns,6811,15.9,4,False,burns r
2018_NH_House-2_REP,REP,Brian Belanger,2388,5.6,4,False,belanger b
2018_NH_House-2_REP,REP,Jay Mercer,1232,2.9,4,False,mercer j
2018_NH_House-2_REP,REP,Gerald Beloin,623,1.5,4,False,beloin g
2018_NJ_House-10_DEM,DEM,Donald M. Payne Jr.,38206,91.7,19,True,payne d
2018_NJ_House-10_DEM,DEM,Aaron Walter Fraser,3442,8.3,19,False,fraser a
2018_NJ_House-10_REP,REP,Agha Khan,2292,100.0,20,True,khan a
2018_NJ_House-11_DEM,DEM,Mikie Sherrill,35338,77.4,22,True,sherrill m
2018_NJ_House-11_DEM,DEM,Tamara Harris,6615,14.5,22,False,harris t
2018_NJ_House-11_DEM,DEM,Mark Washburne,1538,3.4,22,False,washburne m
2018_NJ_House-11_DEM,DEM,Alison Heslin,1253,2.7,22,False,heslin a
2018_NJ_House-11_DEM,DEM,Mitchell H. Cobert,885,1.9,22,False,cobert m
2018_NJ_House-11_REP,REP,Jay Webber,16417,40.0,21,True,webber j
2018_NJ_House-11_REP,REP,Peter de Neufville,12487,30.5,21,False,neufville p
2018_NJ_House-11_REP,REP,Antony E. Ghee,8991,21.9,21,False,ghee a
2018_NJ_House-11_REP,REP,Patrick S. Allocco,1680,4.1,21,False,allocco p
2018_NJ_House-11_REP,REP,Martin Hewitt,1428,3.5,21,False,hewitt m
2018_NJ_House-12_DEM,DEM,Bonnie Watson Coleman,35430,100.0,23,True,coleman b
2018_NJ_House-12_REP,REP,Daryl Kipnis,9776,100.0,24,True,kipnis d
2018_NJ_House-1_DEM,DEM,Donald Norcross,39788,84.1,1,True,norcross d
2018_NJ_House-1_DEM,DEM,Robert Lee Carlson,4570,9.7,1,False,carlson r
2018_NJ_House-1_DEM,DEM,Scot John Tomaszewski,2953,6.2,1,False,tomaszewski s
2018_NJ_House-1_REP,REP,Paul E. Dilks,12363,100.0,2,True,dilks p
2018_NJ_House-2_DEM,DEM,Jeff Van Drew,16901,57.0,4,True,drew j
2018_NJ_House-2_DEM,DEM,"Tanzira ""Tanzie"" Youngblood",5495,18.5,4,False,youngblood t
2018_NJ_House-2_DEM,DEM,William Cunningham,4795,16.2,4,False,cunningham w
2018_NJ_House-2_DEM,DEM,Nate Kleinman,2467,8.3,4,False,kleinman n
2018_NJ_House-2_REP,REP,Seth Grossman,10215,39.0,3,True,grossman s
2018_NJ_House-2_REP,REP,Hirsh V. Singh,7983,30.5,3,False,singh h
2018_NJ_House-2_REP,REP,Samuel Fiocchi,6107,23.3,3,False,fiocchi s
2018_NJ_House-2_REP,REP,Robert D. Turkavage,1854,7.1,3,False,turkavage r
2018_NJ_House-3_DEM,DEM,Andy Kim,28514,100.0,6,True,kim a
2018_NJ_House-3_REP,REP,Tom MacArthur,25612,100.0,5,True,macarthur t
2018_NJ_House-4_DEM,DEM,Joshua Welle,16905,57.1,8,True,welle j
2018_NJ_House-4_DEM,DEM,Jim Keady,12682,42.9,8,False,keady j
2018_NJ_House-4_REP,REP,Chris Smith,25930,100.0,7,True,smith c
2018_NJ_House-5_DEM,DEM,Josh Gottheimer,27486,100.0,9,True,gottheimer j
2018_NJ_House-5_REP,REP,John J. McCann Jr.,16685,53.0,10,True,mccann j
2018_NJ_House-5_REP,REP,Steven M. Lonegan,14767,47.0,10,False,lonegan s
2018_NJ_House-6_DEM,DEM,Frank Pallone Jr.,23621,86.2,11,True,pallone f
2018_NJ_House-6_DEM,DEM,Javahn Walker,3770,13.8,11,False,walker j
2018_NJ_House-6_REP,REP,Richard J. Pezzullo,9827,100.0,12,True,pezzullo r
2018_NJ_House-7_DEM,DEM,Tom Malinowski,26172,66.8,14,True,malinowski t
2018_NJ_House-7_DEM,DEM,Peter Jacob,7503,19.1,14,False,jacob p
2018_NJ_House-7_DEM,DEM,Goutam Jois,5507,14.1,14,False,jois g
2018_NJ_House-7_REP,REP,Leonard Lance,24934,74.9,13,True,lance l
2018_NJ_House-7_REP,REP,Lindsay C. Brown,4795,14.4,13,False,brown l
2018_NJ_House-7_REP,REP,Raafat Barsoom,3556,10.7,13,False,barsoom r
2018_NJ_House-8_DEM,DEM,Albio Sires,31583,100.0,15,True,sires a
2018_NJ_House-8_REP,REP,John R. Muniz,3052,100.0,16,True,muniz j
2018_NJ_House-9_DEM,DEM,Bill Pascrell Jr.,23365,85.7,17,True,pascrell b
2018_NJ_House-9_DEM,DEM,William O. Henry,3911,14.3,17,False,henry w
2018_NJ_House-9_REP,REP,Eric P. Fisher,5142,100.0,18,True,fisher e
2018_NM_House-1_DEM,DEM,Deb Haaland,25444,40.6,1,True,haaland d
2018_NM_House-1_DEM,DEM,Damon Martinez,16182,25.8,1,False,martinez d
2018_NM_House-1_DEM,DEM,Antoinette Sedillo Lopez,12919,20.6,1,False,lopez a
2018_NM_House-1_DEM,DEM,Paul Moya,3691,5.9,1,False,moya p
2018_NM_House-1_DEM,DEM,Pat Davis,2385,3.8,1,False,davis p
2018_NM_House-1_DEM,DEM,Damian Lara,2063,3.3,1,False,lara d
2018_NM_House-1_REP,REP,Janice Arnold-Jones,19316,100.0,2,True,arnoldjones j
2018_NM_House-2_DEM,DEM,Xochitl Torres Small,25395,72.6,4,True,small x
2018_NM_House-2_DEM,DEM,Madeline Hildebrandt,9577,27.4,4,False,hildebrandt m
2018_NM_House-2_REP,REP,Yvette Herrell,16023,49.0,5,True,herrell y
2018_NM_House-2_REP,REP,Monty Newman,10474,32.0,5,False,newman m
2018_NM_House-2_REP,REP,Gavin Clarkson,4060,12.4,5,False,clarkson g
2018_NM_House-2_REP,REP,Clayburn Griffin,2143,6.6,5,False,griffin c
2018_NM_House-3_DEM,DEM,Ben Ray Luján,63909,100.0,6,True,lujan b
2018_NM_House-3_REP,REP,Jerald Steve McFall,20480,100.0,7,True,mcfall j
2018_NV_House-1_DEM,DEM,Dina Titus,20897,78.7,1,True,titus d
2018_NV_House-1_DEM,DEM,Reuben D'Silva,5659,21.3,1,False,dsilva r
2018_NV_House-1_REP,REP,Joyce Bentley,6444,55.2,2,True,bentley j
2018_NV_House-1_REP,REP,Fred Horne,5235,44.8,2,False,horne f
2018_NV_House-2_DEM,DEM,Clint Koble,9451,26.1,4,True,koble c
2018_NV_House-2_DEM,DEM,Patrick Fogarty,8614,23.8,4,False,fogarty p
2018_NV_House-2_DEM,DEM,Rick Shepherd,7696,21.3,4,False,shepherd r
2018_NV_House-2_DEM,DEM,Vance Alm,4781,13.2,4,False,alm v
2018_NV_House-2_DEM,DEM,Jesse Hurley,2907,8.0,4,False,hurley j
2018_NV_House-2_DEM,DEM,Jack Schofield Jr.,2711,7.5,4,False,schofield j
2018_NV_House-2_REP,REP,Mark Amodei,42335,71.7,3,True,amodei m
2018_NV_House-2_REP,REP,Sharron Angle,10829,18.3,3,False,angle s
2018_NV_House-2_REP,REP,Joel Beck,5002,8.5,3,False,beck j
2018_NV_House-2_REP,REP,Ian Luetkehans,881,1.5,3,False,luetkehans i
2018_NV_House-3_DEM,DEM,Susie Lee,25474,66.9,5,True,lee s
2018_NV_House-3_DEM,DEM,Michael Weiss,3115,8.2,5,False,weiss m
2018_NV_House-3_DEM,DEM,Eric Stoltz,2758,7.2,5,False,stoltz e
2018_NV_House-3_DEM,DEM,Jack Love,2208,5.8,5,False,love j
2018_NV_House-3_DEM,DEM,Richard Hart,1847,4.9,5,False,hart r
2018_NV_House-3_DEM,DEM,Steve Schiffman,1338,3.5,5,False,schiffman s
2018_NV_House-3_DEM,DEM,Guy Pinjuv,1331,3.5,5,False,pinjuv g
2018_NV_House-3_REP,REP,Danny Tarkanian,15257,44.1,6,True,tarkanian d
2018_NV_House-3_REP,REP,Michelle Mortensen,8491,24.6,6,False,mortensen m
2018_NV_House-3_REP,REP,Scott Hammond,5804,16.8,6,False,hammond s
2018_NV_House-3_REP,REP,David McKeon,1698,4.9,6,False,mckeon d
2018_NV_House-3_REP,REP,Annette Teijeiro,1225,3.5,6,False,teijeiro a
2018_NV_House-3_REP,REP,Patrick Carter,942,2.7,6,False,carter p
2018_NV_House-3_REP,REP,Stephanie Jones,450,1.3,6,False,jones s
2018_NV_House-3_REP,REP,Eddie Hamilton,360,1.0,6,False,hamilton e
2018_NV_House-3_REP,REP,Thomas La Croix,345,1.0,6,False,croix t
2018_NV_House-4_DEM,DEM,Steven Horsford,22698,61.7,7,True,horsford s
2018_NV_House-4_DEM,DEM,Pat Spearman,5607,15.2,7,False,spearman p
2018_NV_House-4_DEM,DEM,Amy Vilela,3388,9.2,7,False,vilela a
2018_NV_House-4_DEM,DEM,Allison Stephens,2215,6.0,7,False,stephens a
2018_NV_House-4_DEM,DEM,John Anzalone,2132,5.8,7,False,anzalone j
2018_NV_House-4_DEM,DEM,Sid Zeller,734,2.0,7,False,zeller s
2018_NV_House-4_REP,REP,Cresent Hardy,15252,47.4,8,True,hardy c
2018_NV_House-4_REP,REP,David Gibbs,6098,19.0,8,False,gibbs d
2018_NV_House-4_REP,REP,Bill Townsend,3659,11.4,8,False,townsend b
2018_NV_House-4_REP,REP,Kenneth Wegner,3625,11.3,8,False,wegner k
2018_NV_House-4_REP,REP,Jeff Miller,2560,8.0,8,False,miller j
2018_NV_House-4_REP,REP,Mike Monroe,971,3.0,8,False,monroe m
2018_NY_House-11_DEM,DEM,Max Rose,11539,63.3,6,True,rose m
2018_NY_House-11_DEM,DEM,Michael DeVito Jr.,3642,20.0,6,False,devito m
2018_NY_House-11_DEM,DEM,Omar Vaid,1589,8.7,6,False,vaid o
2018_NY_House-11_DEM,DEM,Radhakrishna Mohan,719,4.0,6,False,mohan r
2018_NY_House-11_DEM,DEM,Paul Sperling,486,2.7,6,False,sperling p
2018_NY_House-11_DEM,DEM,Zach Emig,249,1.4,6,False,emig z
2018_NY_House-11_REP,REP,Dan Donovan,13515,62.9,5,True,donovan d
2018_NY_House-11_REP,REP,Michael Grimm,7957,37.1,5,False,grimm m
2018_NY_House-12_DEM,DEM,Carolyn Maloney,26742,59.6,8,True,maloney c
2018_NY_House-12_DEM,DEM,Suraj Patel,18098,40.4,8,False,patel s
2018_NY_House-14_DEM,DEM,Alexandria Ocasio-Cortez,16898,56.7,9,True,ocasiocortez a
2018_NY_House-14_DEM,DEM,Joseph Crowley,12880,43.3,9,False,crowley j
2018_NY_House-16_DEM,DEM,Eliot Engel,22160,73.7,10,True,engel e
2018_NY_House-16_DEM,DEM,Jonathan Lewis,4866,16.2,10,False,lewis j
2018_NY_House-16_DEM,DEM,Joyce Briscoe,1772,5.9,10,False,briscoe j
2018_NY_House-16_DEM,DEM,Derickson Lawrence,1280,4.2,10,False,lawrence d
2018_NY_House-19_DEM,DEM,Antonio Delgado,8576,22.1,11,True,delgado a
2018_NY_House-19_DEM,DEM,Pat Ryan,6941,17.9,11,False,ryan p
2018_NY_House-19_DEM,DEM,Gareth Rhodes,6890,17.7,11,False,rhodes g
2018_NY_House-19_DEM,DEM,Brian Flynn,5245,13.5,11,False,flynn b
2018_NY_House-19_DEM,DEM,Jeff Beals,4991,12.9,11,False,beals j
2018_NY_House-19_DEM,DEM,David Clegg,4257,11.0,11,False,clegg d
2018_NY_House-19_DEM,DEM,Erin Collier,1908,4.9,11,False,collier e
2018_NY_House-1_DEM,DEM,Perry Gershon,7902,35.5,1,True,gershon p
2018_NY_House-1_DEM,DEM,Kate Browning,6813,30.6,1,False,browning k
2018_NY_House-1_DEM,DEM,Vivian Viloria-Fisher,3616,16.3,1,False,viloriafisher v
2018_NY_House-1_DEM,DEM,David Pechefsky,2565,11.5,1,False,pechefsky d
2018_NY_House-1_DEM,DEM,Elaine DiMasi,1344,6.0,1,False,dimasi e
2018_NY_House-21_DEM,DEM,Tedra Cobb,10853,55.3,12,True,cobb t
2018_NY_House-21_DEM,DEM,Katie Wilson,2356,12.0,12,False,wilson k
2018_NY_House-21_DEM,DEM,Dylan Ratigan,2313,11.8,12,False,ratigan d
2018_NY_House-21_DEM,DEM,Emily Martz,2165,11.0,12,False,martz e
2018_NY_House-21_DEM,DEM,Patrick Nelson,1802,9.2,12,False,nelson p
2018_NY_House-21_DEM,DEM,Don Boyajian,129,0.7,12,False,boyajian d
2018_NY_House-23_DEM,DEM,Tracy Mitrano,7724,32.9,13,True,mitrano t
2018_NY_House-23_DEM,DEM,Max Della Pia,7494,31.9,13,False,pia m
2018_NY_House-23_DEM,DEM,Linda Andrei,3603,15.3,13,False,andrei l
2018_NY_House-23_DEM,DEM,Ian Golden,3142,13.4,13,False,golden i
2018_NY_House-23_DEM,DEM,Eddie Sundquist,1538,6.5,13,False,sundquist e
2018_NY_House-24_DEM,DEM,Dana Balter,14897,62.4,15,True,balter d
2018_NY_House-24_DEM,DEM,Juanita Perez Williams,8958,37.6,15,False,williams j
2018_NY_House-25_DEM,DEM,Joseph Morelle,16245,45.7,16,True,morelle j
2018_NY_House-25_DEM,DEM,Rachel Barnhart,7003,19.7,16,False,barnhart r
2018_NY_House-25_DEM,DEM,Robin Wilt,6158,17.3,16,False,wilt r
2018_NY_House-25_DEM,DEM,Adam McFadden,6103,17.2,16,False,mcfadden a
2018_NY_House-2_DEM,DEM,Liuba Grechen Shirley,7315,57.3,2,True,shirley l
2018_NY_House-2_DEM,DEM,DuWayne Gregory,5456,42.7,2,False,gregory d
2018_NY_House-5_DEM,DEM,Gregory Meeks,11060,81.6,3,True,meeks g
2018_NY_House-5_DEM,DEM,Carl Achille,1288,9.5,3,False,achille c
2018_NY_House-5_DEM,DEM,Mizan Choudhury,1200,8.9,3,False,choudhury m
2018_NY_House-9_DEM,DEM,Yvette Clarke,16202,53.0,4,True,clarke y
2018_NY_House-9_DEM,DEM,Adem Bunkeddeko,14350,47.0,4,False,bunkeddeko a
2018_OH_House-10_DEM,DEM,Theresa Gasper,22817,67.0,20,True,gasper t
2018_OH_House-10_DEM,DEM,Robert Klepinger,8717,25.6,20,False,klepinger r
2018_OH_House-10_DEM,DEM,Michael Milisits,2496,7.3,20,False,milisits m
2018_OH_House-10_REP,REP,Mike Turner,42686,79.8,19,True,turner m
2018_OH_House-10_REP,REP,John Anderson,6150,11.5,19,False,anderson j
2018_OH_House-10_REP,REP,John Mitchell,4637,8.7,19,False,mitchell j
2018_OH_House-11_DEM,DEM,Marcia Fudge,64897,99.34,21,True,fudge m
2018_OH_House-11_DEM,DEM,Felicia Washington Ross,432,0.66,21,False,ross f
2018_OH_House-11_REP,REP,Beverly A. Goldstein,6922,52.5,22,True,goldstein b
2018_OH_House-11_REP,REP,Gregory P. Dunham,6258,47.5,22,False,dunham g
2018_OH_House-12_DEM,DEM,Danny O'Connor,18211,40.52,24,True,oconnor d
2018_OH_House-12_DEM,DEM,John Russell,7310,16.27,24,False,russell j
2018_OH_House-12_DEM,DEM,Zach Scott,7236,16.1,24,False,scott z
2018_OH_House-12_DEM,DEM,Jackie Patton,6299,14.02,24,False,patton j
2018_OH_House-12_DEM,DEM,Ed Albertson,3531,7.86,24,False,albertson e
2018_OH_House-12_DEM,DEM,Doug Wilson,1683,3.74,24,False,wilson d
2018_OH_House-12_DEM,DEM,John Peters,670,1.49,24,False,peters j
2018_OH_House-12_REP,REP,Troy Balderson,19552,28.72,23,True,balderson t
2018_OH_House-12_REP,REP,Melanie Leneghan,18777,27.58,23,False,leneghan m
2018_OH_House-12_REP,REP,Tim Kane,11491,16.88,23,False,kane t
2018_OH_House-12_REP,REP,Kevin Bacon,9711,14.26,23,False,bacon k
2018_OH_House-12_REP,REP,Carol O'Brien,4415,6.48,23,False,obrien c
2018_OH_House-12_REP,REP,Jon Halverstadt,1130,1.66,23,False,halverstadt j
2018_OH_House-12_REP,REP,Pat Manley,802,1.18,23,False,manley p
2018_OH_House-12_REP,REP,Lawrence Cohen,798,1.17,23,False,cohen l
2018_OH_House-12_REP,REP,"Myrl Shoemaker, Jr.",788,1.17,23,False,shoemaker m
2018_OH_House-12_REP,REP,John Adams,618,0.91,23,False,adams j
2018_OH_House-13_DEM,DEM,Tim Ryan,54473,87.17,25,True,ryan t
2018_OH_House-13_DEM,DEM,John Stephen Luchansky,4853,7.77,25,False,luchansky j
2018_OH_House-13_DEM,DEM,Robert Crow,3166,5.07,25,False,crow r
2018_OH_House-13_REP,REP,Chris DePizzo,24100,100.0,26,True,depizzo c
2018_OH_House-14_DEM,DEM,Betsy Rader,35747,100.0,28,True,rader b
2018_OH_House-14_REP,REP,David Joyce,49986,100.0,27,True,joyce d
2018_OH_House-15_DEM,DEM,Rick Neal,22123,63.56,30,True,neal r
2018_OH_House-15_DEM,DEM,Rob Jarvis,12681,36.44,30,False,jarvis r
2018_OH_House-15_REP,REP,Steve Stivers,49220,100.0,29,True,stivers s
2018_OH_House-16_DEM,DEM,Susan Moran Palmer,14361,34.64,32,True,palmer s
2018_OH_House-16_DEM,DEM,Grant Goodrich,11621,28.03,32,False,goodrich g
2018_OH_House-16_DEM,DEM,T.J. Mulloy,6462,15.58,32,False,mulloy t
2018_OH_House-16_DEM,DEM,Mark Dent,3902,9.41,32,False,dent m
2018_OH_House-16_DEM,DEM,Aaron Godfrey,3262,7.87,32,False,godfrey a
2018_OH_House-16_DEM,DEM,John Wilson,1855,4.47,32,False,wilson j
2018_OH_House-16_REP,REP,Anthony Gonzalez,34056,53.06,31,True,gonzalez a
2018_OH_House-16_REP,REP,Christina Hagan,26185,40.79,31,False,hagan c
2018_OH_House-16_REP,REP,Michael Grusenmeyer,3946,6.15,31,False,grusenmeyer m
2018_OH_House-1_DEM,DEM,Aftab Pureval,27641,100.0,2,True,pureval a
2018_OH_House-1_REP,REP,Steve Chabot,40875,83.19,1,True,chabot s
2018_OH_House-1_REP,REP,Samuel Ronan,8259,16.81,1,False,ronan s
2018_OH_House-2_DEM,DEM,Jill Schiller,17808,54.19,4,True,schiller j
2018_OH_House-2_DEM,DEM,Janet Everhard,11320,34.45,4,False,everhard j
2018_OH_House-2_DEM,DEM,William R. Smith,3732,11.36,4,False,smith w
2018_OH_House-2_REP,REP,Brad Wenstrup,44829,100.0,3,True,wenstrup b
2018_OH_House-3_DEM,DEM,Joyce Beatty,45457,100.0,5,True,beatty j
2018_OH_House-3_REP,REP,Jim Burgess,9350,93.15,6,True,burgess j
2018_OH_House-3_REP,REP,Abdulkadir M. Haji,1422,6.85,6,False,haji a
2018_OH_House-4_DEM,DEM,Janet Garrett,17507,83.8,8,True,garrett j
2018_OH_House-4_DEM,DEM,Cody James Slatzer-Rose,3385,16.2,8,False,slatzerrose c
2018_OH_House-4_REP,REP,Jim Jordan,55767,85.34,7,True,jordan j
2018_OH_House-4_REP,REP,Joseph Miller,9577,14.66,7,False,miller j
2018_OH_House-5_DEM,DEM,J. Michael Galbraith,19105,73.25,10,True,galbraith j
2018_OH_House-5_DEM,DEM,"James L. Neu, Jr.",6976,26.75,10,False,neu j
2018_OH_House-5_REP,REP,Bob Latta,45453,73.76,9,True,latta b
2018_OH_House-5_REP,REP,Todd Wolfrum,10311,16.73,9,False,wolfrum t
2018_OH_House-5_REP,REP,Robert Kreienkamp,5861,9.51,9,False,kreienkamp r
2018_OH_House-6_DEM,DEM,Shawna Roberts,21809,74.5,12,True,roberts s
2018_OH_House-6_DEM,DEM,Werner Lange,7480,25.5,12,False,lange w
2018_OH_House-6_REP,REP,Bill Johnson,49849,84.1,11,True,johnson b
2018_OH_House-6_REP,REP,Robert Blazek,9412,15.9,11,False,blazek r
2018_OH_House-7_DEM,DEM,Ken Harbaugh,23880,80.3,14,True,harbaugh k
2018_OH_House-7_DEM,DEM,Patrick Pikus,5875,19.7,14,False,pikus p
2018_OH_House-7_REP,REP,Bob Gibbs,41954,78.0,13,True,gibbs b
2018_OH_House-7_REP,REP,Patrick Quinn,6158,11.4,13,False,quinn p
2018_OH_House-7_REP,REP,Terry Robertson,5699,10.6,13,False,robertson t
2018_OH_House-8_DEM,DEM,Vanessa Enoch,11343,57.8,16,True,enoch v
2018_OH_House-8_DEM,DEM,Ted Jones,3201,16.3,16,False,jones t
2018_OH_House-8_DEM,DEM,Matthew J. Guyette,2688,13.7,16,False,guyette m
2018_OH_House-8_DEM,DEM,Bill Ebben,2382,12.1,16,False,ebben b
2018_OH_House-8_REP,REP,Warren Davidson,51654,100.0,15,True,davidson w
2018_OH_House-9_DEM,DEM,Marcy Kaptur,41093,85.6,17,True,kaptur m
2018_OH_House-9_DEM,DEM,Joshua Garcia,6916,14.4,17,False,garcia j
2018_OH_House-9_REP,REP,Steve Kraus,10284,49.5,18,True,kraus s
2018_OH_House-9_REP,REP,Keith Colton,6197,29.8,18,False,colton k
2018_OH_House-9_REP,REP,W. Benjamin Franklin,4303,20.7,18,False,franklin w
2018_OK_House-1_DEM,DEM,Tim Gilpin,16985,59.4,4,True,gilpin t
2018_OK_House-1_DEM,DEM,Amanda Douglas,11620,40.6,4,False,douglas a
2018_OK_House-1_REP,REP,Kevin Hern,40373,54.9,2,True,hern k
2018_OK_House-1_REP,REP,Tim Harris,33138,45.1,2,False,harris t
2018_OK_House-2_DEM,DEM,Jason Nichols,19548,56.8,7,True,nichols j
2018_OK_House-2_DEM,DEM,Clay Padgett,14845,43.2,7,False,padgett c
2018_OK_House-2_REP,REP,Markwayne Mullin,32624,54.1,5,True,mullin m
2018_OK_House-2_REP,REP,Jarrin Jackson,15191,25.2,5,False,jackson j
2018_OK_House-2_REP,REP,Brian Jackson,6899,11.5,5,False,jackson b
2018_OK_House-2_REP,REP,John McCarthy,5536,9.2,5,False,mccarthy j
2018_OK_House-3_DEM,DEM,Frankie Robbins,38733,64.8,8,True,robbins f
2018_OK_House-3_DEM,DEM,Murray Thibodeaux,20998,35.2,8,False,thibodeaux m
2018_OK_House-4_DEM,DEM,Mary Brannon,15245,57.5,11,True,brannon m
2018_OK_House-4_DEM,DEM,Fred Gipson,11264,42.5,11,False,gipson f
2018_OK_House-4_REP,REP,Tom Cole,55891,64.7,9,True,cole t
2018_OK_House-4_REP,REP,James Taylor,30441,35.3,9,False,taylor j
2018_OK_House-5_DEM,DEM,Kendra Horn,22052,75.8,14,True,horn k
2018_OK_House-5_DEM,DEM,Tom Guild,7039,24.2,14,False,guild t
2018_OK_House-5_REP,REP,Steve Russell,65982,83.6,12,True,russell s
2018_OK_House-5_REP,REP,Gregory Dunson,7638,9.7,12,False,dunson g
2018_OK_House-5_REP,REP,DeJuan Edwards,5284,6.7,12,False,edwards d
2018_OR_House-1_DEM,DEM,Suzanne Bonamici,69774,91.7,1,True,bonamici s
2018_OR_House-1_DEM,DEM,Ricky Barajas,2945,3.9,1,False,barajas r
2018_OR_House-1_DEM,DEM,Michael E. Stansfield,2936,3.8,1,False,stansfield m
2018_OR_House-1_DEM,DEM,Write-ins,424,0.6,1,False,writeins
2018_OR_House-1_REP,REP,John Verbeek,21191,50.6,2,True,verbeek j
2018_OR_House-1_REP,REP,George Griffith,17049,40.7,2,False,griffith g
2018_OR_House-1_REP,REP,Preston L. Miller,3228,7.7,2,False,miller p
2018_OR_House-1_REP,REP,Write-ins,402,1.0,2,False,writeins
2018_OR_House-2_DEM,DEM,Jamie McLeod-Skinner,25351,42.8,4,True,mcleodskinner j
2018_OR_House-2_DEM,DEM,Jennifer Neahring,14020,23.7,4,False,neahring j
2018_OR_House-2_DEM,DEM,James Crary,6774,11.4,4,False,crary j
2018_OR_House-2_DEM,DEM,Tim S. White,3469,5.9,4,False,white t
2018_OR_House-2_DEM,DEM,Raz Mason,3137,5.3,4,False,mason r
2018_OR_House-2_DEM,DEM,Eric Burnette,2734,4.6,4,False,burnette e
2018_OR_House-2_DEM,DEM,Michael Byrne,2546,4.3,4,False,byrne m
2018_OR_House-2_DEM,DEM,Write-ins,1173,2.0,4,False,writeins
2018_OR_House-2_REP,REP,Greg Walden,71543,77.3,5,True,walden g
2018_OR_House-2_REP,REP,Paul J. Romero Jr,15181,16.4,5,False,romero p
2018_OR_House-2_REP,REP,Randy Pollock,5514,6.0,5,False,pollock r
2018_OR_House-2_REP,REP,Write-ins,280,0.3,5,False,writeins
2018_OR_House-3_DEM,DEM,Earl Blumenauer,91226,90.8,7,True,blumenauer e
2018_OR_House-3_DEM,DEM,Ben Lavine,6008,6.0,7,False,lavine b
2018_OR_House-3_DEM,DEM,Charles Rand Barnett,1586,1.6,7,False,barnett c
2018_OR_House-3_DEM,DEM,Eric Hafner,1377,1.4,7,False,hafner e
2018_OR_House-3_DEM,DEM,Write-ins,291,0.3,7,False,writeins
2018_OR_House-3_REP,REP,Other write-ins,1470,93.4,8,True,writeins o
2018_OR_House-3_REP,REP,Thomas Harrison,104,6.6,8,False,harrison t
2018_OR_House-4_DEM,DEM,Peter A. DeFazio,78575,91.4,10,True,defazio p
2018_OR_House-4_DEM,DEM,Daniel Arcangel,6672,7.8,10,False,arcangel d
2018_OR_House-4_DEM,DEM,Write-ins,717,0.8,10,False,writeins
2018_OR_House-4_REP,REP,Arthur B. Robinson,30384,45.5,11,True,robinson a
2018_OR_House-4_REP,REP,Court Boice,15773,23.6,11,False,boice c
2018_OR_House-4_REP,REP,Jo Rae Perkins,13892,20.8,11,False,perkins j
2018_OR_House-4_REP,REP,Michael Polen,3970,5.9,11,False,polen m
2018_OR_House-4_REP,REP,Stefan G. Strek,2244,3.4,11,False,strek s
2018_OR_House-4_REP,REP,Write-ins,503,0.8,11,False,writeins
2018_OR_House-5_DEM,DEM,Kurt Schrader,59196,86.1,13,True,schrader k
2018_OR_House-5_DEM,DEM,Peter Wright,9002,13.1,13,False,wright p
2018_OR_House-5_DEM,DEM,Write-ins,549,0.8,13,False,writeins
2018_OR_House-5_REP,REP,Mark Callahan,33933,61.9,14,True,callahan m
2018_OR_House-5_REP,REP,Joey Nations,11300,20.6,14,False,nations j
2018_OR_House-5_REP,REP,Robert L. Reynolds,9120,16.6,14,False,reynolds r
2018_OR_House-5_REP,REP,Write-ins,465,0.8,14,False,writeins
2018_PA_House-10_DEM,DEM,George Scott,13924,36.3,20,True,scott g
2018_PA_House-10_DEM,DEM,Shavonnia Corbin-Johnson,13376,34.9,20,False,corbinjohnson s
2018_PA_House-10_DEM,DEM,Eric Ding,6912,18.0,20,False,ding e
2018_PA_House-10_DEM,DEM,Alan Howe,4157,10.8,20,False,howe a
2018_PA_House-10_REP,REP,Scott Perry,57407,100.0,19,True,perry s
2018_PA_House-11_DEM,DEM,Jess King,22794,100.0,22,True,king j
2018_PA_House-11_REP,REP,Lloyd Smucker,34002,58.6,21,True,smucker l
2018_PA_House-11_REP,REP,Chet Beiler,24063,41.4,21,False,beiler c
2018_PA_House-12_DEM,DEM,Marc Friedenburg,12713,50.6,24,True,friedenburg m
2018_PA_House-12_DEM,DEM,Judith Herschel,12407,49.4,24,False,herschel j
2018_PA_House-12_REP,REP,Tom Marino,39537,67.0,23,True,marino t
2018_PA_House-12_REP,REP,Douglas McLinko,19435,33.0,23,False,mclinko d
2018_PA_House-13_DEM,DEM,Brent Ottaway,21096,100.0,26,True,ottaway b
2018_PA_House-13_REP,REP,John Joyce,14615,21.9,25,True,joyce j
2018_PA_House-13_REP,REP,John Eichelberger,13101,19.6,25,False,eichelberger j
2018_PA_House-13_REP,REP,Stephen Bloom,12195,18.3,25,False,bloom s
2018_PA_House-13_REP,REP,Doug Mastriano,10485,15.7,25,False,mastriano d
2018_PA_House-13_REP,REP,Art Halvorson,10161,15.2,25,False,halvorson a
2018_PA_House-13_REP,REP,Travis Schooley,3030,4.5,25,False,schooley t
2018_PA_House-13_REP,REP,Bernie Washabaugh,1908,2.9,25,False,washabaugh b
2018_PA_House-13_REP,REP,Ben Hornberger,1182,1.8,25,False,hornberger b
2018_PA_House-14_DEM,DEM,Bibiana Boerio,17755,43.0,27,True,boerio b
2018_PA_House-14_DEM,DEM,Adam Sedlock,9944,24.1,27,False,sedlock a
2018_PA_House-14_DEM,DEM,Bob Solomon,7831,19.0,27,False,solomon b
2018_PA_House-14_DEM,DEM,Tom Prigg,5724,13.9,27,False,prigg t
2018_PA_House-14_REP,REP,Guy Reschenthaler,23245,55.4,28,True,reschenthaler g
2018_PA_House-14_REP,REP,Rick Saccone,18734,44.6,28,False,saccone r
2018_PA_House-15_DEM,DEM,Susan Boser,20135,74.5,30,True,boser s
2018_PA_House-15_DEM,DEM,Wade Jodun,6902,25.5,30,False,jodun w
2018_PA_House-15_REP,REP,G.T. Thompson,44893,100.0,29,True,thompson g
2018_PA_House-16_DEM,DEM,Ron DiNicola,23480,59.7,32,True,dinicola r
2018_PA_House-16_DEM,DEM,Chris Rieger,9758,24.8,32,False,rieger c
2018_PA_House-16_DEM,DEM,Robert Multari,5914,15.0,32,False,multari r
2018_PA_House-16_REP,REP,Mike Kelly,39412,98.7,31,True,kelly m
2018_PA_House-17_DEM,DEM,Conor Lamb,52590,99.1,34,True,lamb c
2018_PA_House-17_REP,REP,Keith Rothfus,38513,98.3,33,True,rothfus k
2018_PA_House-18_DEM,DEM,Mike Doyle,52080,75.6,35,True,doyle m
2018_PA_House-18_DEM,DEM,Janis Brooks,16549,24.0,35,False,brooks j
2018_PA_House-1_DEM,DEM,Scott Wallace,27652,56.49,2,True,wallace s
2018_PA_House-1_DEM,DEM,Rachel Reddick,17288,35.32,2,False,reddick r
2018_PA_House-1_DEM,DEM,Steven Bacher,4006,8.18,2,False,bacher s
2018_PA_House-1_REP,REP,Brian Fitzpatrick,31374,67.0,1,True,fitzpatrick b
2018_PA_House-1_REP,REP,Dean Malik,15451,33.0,1,False,malik d
2018_PA_House-2_DEM,DEM,Brendan Boyle,23261,64.5,3,True,boyle b
2018_PA_House-2_DEM,DEM,Michele Lawrence,12814,35.5,3,False,lawrence m
2018_PA_House-2_REP,REP,David Torres,7443,100.0,4,True,torres d
2018_PA_House-3_DEM,DEM,Dwight Evans,72106,80.8,5,True,evans d
2018_PA_House-3_DEM,DEM,Kevin Johnson,17153,19.2,5,False,johnson k
2018_PA_House-3_REP,REP,Bryan E. Leib,3331,100.0,6,True,leib b
2018_PA_House-4_DEM,DEM,Madeleine Dean,42625,72.6,7,True,dean m
2018_PA_House-4_DEM,DEM,Shira Goodman,9645,16.4,7,False,goodman s
2018_PA_House-4_DEM,DEM,Joe Hoeffel,6431,11.0,7,False,hoeffel j
2018_PA_House-4_REP,REP,Dan David,28889,100.0,8,True,david d
2018_PA_House-5_DEM,DEM,Mary Gay Scanlon,16804,28.4,10,True,scanlon m
2018_PA_House-5_DEM,DEM,Ashley Lunkenheimer,9044,15.3,10,False,lunkenheimer a
2018_PA_House-5_DEM,DEM,Richard Lazer,8892,15.0,10,False,lazer r
2018_PA_House-5_DEM,DEM,Molly Sheehan,6099,10.3,10,False,sheehan m
2018_PA_House-5_DEM,DEM,Greg Vitali,5558,9.4,10,False,vitali g
2018_PA_House-5_DEM,DEM,Lindy Li,4126,7.0,10,False,li l
2018_PA_House-5_DEM,DEM,Theresa Wright,3046,5.2,10,False,wright t
2018_PA_House-5_DEM,DEM,Thaddeus Kirkland,2327,3.9,10,False,kirkland t
2018_PA_House-5_DEM,DEM,Margo L. Davidson,2275,3.9,10,False,davidson m
2018_PA_House-5_DEM,DEM,Larry Arata,913,1.5,10,False,arata l
2018_PA_House-5_REP,REP,Pearl Kim,33685,100.0,9,True,kim p
2018_PA_House-6_DEM,DEM,Chrissy Houlahan,34947,100.0,12,True,houlahan c
2018_PA_House-6_REP,REP,Greg McCauley,31611,100.0,11,True,mccauley g
2018_PA_House-7_DEM,DEM,Susan Wild,15001,33.3,14,True,wild s
2018_PA_House-7_DEM,DEM,John Morganelli,13565,30.1,14,False,morganelli j
2018_PA_House-7_DEM,DEM,Greg Edwards,11510,25.6,14,False,edwards g
2018_PA_House-7_DEM,DEM,Roger Ruggles,2443,5.4,14,False,ruggles r
2018_PA_House-7_DEM,DEM,Rick Daugherty,1718,3.8,14,False,daugherty r
2018_PA_House-7_DEM,DEM,David Clark,766,1.7,14,False,clark d
2018_PA_House-7_REP,REP,Marty Nothstein,16004,50.5,13,True,nothstein m
2018_PA_House-7_REP,REP,Dean Browning,15696,49.5,13,False,browning d
2018_PA_House-8_DEM,DEM,Matt Cartwright,36040,100.0,15,True,cartwright m
2018_PA_House-8_REP,REP,John Chrin,15136,48.4,16,True,chrin j
2018_PA_House-8_REP,REP,Joe Peters,10927,34.9,16,False,peters j
2018_PA_House-8_REP,REP,Robert Kuniegel,5218,16.7,16,False,kuniegel r
2018_PA_House-9_DEM,DEM,Denny Wolff,11020,40.7,18,True,wolff d
2018_PA_House-9_DEM,DEM,Gary Wegman,8450,31.2,18,False,wegman g
2018_PA_House-9_DEM,DEM,Laura Quick,7616,28.1,18,False,quick l
2018_PA_House-9_REP,REP,Dan Meuser,26568,53.0,17,True,meuser d
2018_PA_House-9_REP,REP,George Halcovage Jr.,12032,24.0,17,False,halcovage g
2018_PA_House-9_REP,REP,Scott Uehlinger,11541,23.0,17,False,uehlinger s
2018_RI_House-1_DEM,DEM,David Cicilline,44551,77.6,1,True,cicilline d
2018_RI_House-1_DEM,DEM,Chris Young,12852,22.4,1,False,young c
2018_RI_House-1_REP,REP,Patrick Donovan,7238,78.4,2,True,donovan p
2018_RI_House-1_REP,REP,Frederick Wysocki,1990,21.6,2,False,wysocki f
2018_RI_House-2_DEM,DEM,James Langevin,44129,100.0,3,True,langevin j
2018_RI_House-2_REP,REP,Salvatore G. Caiozzo,15229,100.0,4,True,caiozzo s
2018_SC_House-1_DEM,DEM,Joe Cunningham,23443,71.5,1,True,cunningham j
2018_SC_House-1_DEM,DEM,Toby Smith,9342,28.5,1,False,smith t
2018_SC_House-1_REP,REP,Katie Arrington,33089,50.6,2,True,arrington k
2018_SC_House-1_REP,REP,Mark Sanford,30428,46.5,2,False,sanford m
2018_SC_House-1_REP,REP,Dimitri Cherny,1930,2.9,2,False,cherny d
2018_SC_House-2_DEM,DEM,Sean Carrigan,5726,53.36,4,True,carrigan s
2018_SC_House-2_DEM,DEM,Annabelle Robertson,5004,46.64,4,False,robertson a
2018_SC_House-3_DEM,DEM,Mary Geren,12929,69.7,5,True,geren m
2018_SC_House-3_DEM,DEM,Hosea Cleveland,5615,30.3,5,False,cleveland h
2018_SC_House-4_DEM,DEM,Brandon P Brown,7085,62.11,7,True,brown b
2018_SC_House-4_DEM,DEM,Doris Lee Turner,4323,37.89,7,False,turner d
2018_SC_House-4_REP,REP,William Timmons,37014,54.29,9,True,timmons w
2018_SC_House-4_REP,REP,Lee Bright,31170,45.71,9,False,bright l
2018_SC_House-5_DEM,DEM,Archie Parnell,16610,60.0,10,True,parnell a
2018_SC_House-5_DEM,DEM,Sidney Moore,4753,17.2,10,False,moore s
2018_SC_House-5_DEM,DEM,Mark Ali,3710,13.4,10,False,ali m
2018_SC_House-5_DEM,DEM,Steve Lough,2620,9.5,10,False,lough s
2018_SC_House-7_DEM,DEM,Robert Q. Williams,7702,51.4,12,True,williams r
2018_SC_House-7_DEM,DEM,Mal Hyman,7282,48.6,12,False,hyman m
2018_SC_House-7_REP,REP,Tom Rice,37926,83.6,13,True,rice t
2018_SC_House-7_REP,REP,Larry Guy Hammond,7438,16.4,13,False,hammond l
2018_SD_House-1_REP,REP,Dusty Johnson,47032,46.8,1,True,johnson d
2018_SD_House-1_REP,REP,Shantel Krebs,29442,29.3,1,False,krebs s
2018_SD_House-1_REP,REP,Neal Tapio,23980,24.0,1,False,tapio n
2018_TN_House-1_DEM,DEM,Marty Olsen,13275,100.0,2,True,olsen m
2018_TN_House-1_REP,REP,Phil Roe,71531,73.7,1,True,roe p
2018_TN_House-1_REP,REP,Todd McKinley,16173,16.7,1,False,mckinley t
2018_TN_House-1_REP,REP,James Brooks,5053,5.2,1,False,brooks j
2018_TN_House-1_REP,REP,Mickie Lou Banyas,4250,4.4,1,False,banyas m
2018_TN_House-2_DEM,DEM,Renee Hoyos,22203,72.4,4,True,hoyos r
2018_TN_House-2_DEM,DEM,Joshua Williams,7076,23.1,4,False,williams j
2018_TN_House-2_DEM,DEM,Joseph Schenkenfelder,1382,4.5,4,False,schenkenfelder j
2018_TN_House-2_REP,REP,Tim Burchett,47914,48.2,3,True,burchett t
2018_TN_House-2_REP,REP,Jimmy Matlock,35845,36.1,3,False,matlock j
2018_TN_House-2_REP,REP,Sarah Ashley Nickloes,10955,11.0,3,False,nickloes s
2018_TN_House-2_REP,REP,Jason Emert,2274,2.3,3,False,emert j
2018_TN_House-2_REP,REP,Hank Hamblin,855,0.9,3,False,hamblin h
2018_TN_House-2_REP,REP,Vito Sagliano,844,0.8,3,False,sagliano v
2018_TN_House-2_REP,REP,C. David Stansberry,656,0.7,3,False,stansberry c
2018_TN_House-3_DEM,DEM,Danielle Mitchell,30462,100.0,6,True,mitchell d
2018_TN_House-3_REP,REP,Chuck Fleischmann,67779,79.4,5,True,fleischmann c
2018_TN_House-3_REP,REP,Jeremy Massengale,10212,12.0,5,False,massengale j
2018_TN_House-3_REP,REP,William Spurlock Sr.,5352,6.3,5,False,spurlock w
2018_TN_House-3_REP,REP,Harold Shevlin,2055,2.4,5,False,shevlin h
2018_TN_House-4_DEM,DEM,Mariah Phillips,15468,47.5,8,True,phillips m
2018_TN_House-4_DEM,DEM,Christopher Hale,11305,34.7,8,False,hale c
2018_TN_House-4_DEM,DEM,Steven Reynolds,5786,17.8,8,False,reynolds s
2018_TN_House-4_REP,REP,Scott DesJarlais,61990,70.0,7,True,desjarlais s
2018_TN_House-4_REP,REP,Jack Maddux,26572,30.0,7,False,maddux j
2018_TN_House-5_DEM,DEM,Jim Cooper,69937,100.0,9,True,cooper j
2018_TN_House-5_REP,REP,Jody Ball,20125,55.8,10,True,ball j
2018_TN_House-5_REP,REP,Glen Dean,15959,44.2,10,False,dean g
2018_TN_House-6_DEM,DEM,Dawn Barlow,16875,54.5,12,True,barlow d
2018_TN_House-6_DEM,DEM,Merrilee Wineinger,6828,22.0,12,False,wineinger m
2018_TN_House-6_DEM,DEM,Christopher Finley,4662,15.1,12,False,finley c
2018_TN_House-6_DEM,DEM,Peter Heffernan,2590,8.4,12,False,heffernan p
2018_TN_House-6_REP,REP,John Rose,43788,41.3,11,True,rose j
2018_TN_House-6_REP,REP,Bob Corlew,33088,31.2,11,False,corlew b
2018_TN_House-6_REP,REP,Judd Matheny,16753,15.9,11,False,matheny j
2018_TN_House-6_REP,REP,Lavern Vivio,9506,9.0,11,False,vivio l
2018_TN_House-6_REP,REP,Christopher Monday,3021,2.9,11,False,monday c
2018_TN_House-7_DEM,DEM,Justin Kanew,20810,62.0,14,True,kanew j
2018_TN_House-7_DEM,DEM,Matt Reel,12741,38.0,14,False,reel m
2018_TN_House-7_REP,REP,Mark Green,79393,100.0,13,True,green m
2018_TN_House-8_DEM,DEM,Erika Stotts Pearson,16973,50.3,16,True,pearson e
2018_TN_House-8_DEM,DEM,John Boatner Jr.,16802,49.7,16,False,boatner j
2018_TN_House-8_REP,REP,David Kustoff,57695,56.0,15,True,kustoff d
2018_TN_House-8_REP,REP,George Flinn Jr.,40869,39.7,15,False,flinn g
2018_TN_House-8_REP,REP,Colleen Owens,4452,4.3,15,False,owens c
2018_TN_House-9_DEM,DEM,Steve Cohen,66975,91.0,17,True,cohen s
2018_TN_House-9_DEM,DEM,Kasandra Smith,4698,6.4,17,False,smith k
2018_TN_House-9_DEM,DEM,Isaac Richmond,1951,2.6,17,False,richmond i
2018_TN_House-9_REP,REP,Charlotte Bergmann,17850,100.0,18,True,bergmann c
2018_TX_House-10_DEM,DEM,Mike Siegel,12274,69.9,26,True,siegel m
2018_TX_House-10_DEM,DEM,Tawana Walter-Cadien,5285,30.1,26,False,waltercadien t
2018_TX_House-10_REP,REP,Michael McCaul,41881,80.1,24,True,mccaul m
2018_TX_House-10_REP,REP,John W. Cook,10413,19.9,24,False,cook j
2018_TX_House-11_DEM,DEM,Jennie Lou Leeder,7264,82.7,28,True,leeder j
2018_TX_House-11_DEM,DEM,Eric Pfalzgraf,1520,17.3,28,False,pfalzgraf e
2018_TX_House-11_REP,REP,Mike Conaway,63410,82.9,27,True,conaway m
2018_TX_House-11_REP,REP,Paul Myers,13047,17.1,27,False,myers p
2018_TX_House-12_DEM,DEM,Vanessa Adia,21018,100.0,30,True,adia v
2018_TX_House-12_REP,REP,Kay Granger,49385,100.0,29,True,granger k
2018_TX_House-13_DEM,DEM,Greg Sagan,7322,100.0,32,True,sagan g
2018_TX_House-13_REP,REP,Mac Thornberry,71018,100.0,31,True,thornberry m
2018_TX_House-14_DEM,DEM,Adrienne Bell,19458,79.8,34,True,bell a
2018_TX_House-14_DEM,DEM,Levy Q. Barnes Jr.,4923,20.2,34,False,barnes l
2018_TX_House-14_REP,REP,Randy Weber,33509,75.2,33,True,weber r
2018_TX_House-14_REP,REP,"Bill ""Sarge"" Sargent",8742,19.6,33,False,sargent b
2018_TX_House-14_REP,REP,Keith Casey,2291,5.2,33,False,casey k
2018_TX_House-15_DEM,DEM,Vicente González,33549,100.0,35,True,gonzalez v
2018_TX_House-15_REP,REP,Tim Westley,14794,100.0,36,True,westley t
2018_TX_House-16_DEM,DEM,Veronica Escobar,30630,61.4,37,True,escobar v
2018_TX_House-16_DEM,DEM,Dori Fenenbock,10992,22.0,37,False,fenenbock d
2018_TX_House-16_DEM,DEM,Norma Chavez,3325,6.7,37,False,chavez n
2018_TX_House-16_DEM,DEM,Enrique Garcia,2661,5.3,37,False,garcia e
2018_TX_House-16_DEM,DEM,Jerome Tilghman,1489,3.0,37,False,tilghman j
2018_TX_House-16_DEM,DEM,John Carrillo,771,1.6,37,False,carrillo j
2018_TX_House-16_REP,REP,Rick Seeberger,7273,69.3,38,True,seeberger r
2018_TX_House-16_REP,REP,Alia Garcia-Ureste,3216,30.7,38,False,garciaureste a
2018_TX_House-17_DEM,DEM,Rick Kennedy,14343,63.3,40,True,kennedy r
2018_TX_House-17_DEM,DEM,Dale Mantey,8300,36.7,40,False,mantey d
2018_TX_House-17_REP,REP,Bill Flores,44388,100.0,39,True,flores b
2018_TX_House-18_DEM,DEM,Sheila Jackson Lee,34514,86.0,41,True,lee s
2018_TX_House-18_DEM,DEM,Richard Johnson,5604,14.0,41,False,johnson r
2018_TX_House-18_REP,REP,Ava Reynero Pate,7634,100.0,42,True,pate a
2018_TX_House-19_DEM,DEM,Miguel Levario,9648,100.0,44,True,levario m
2018_TX_House-19_REP,REP,Jodey Arrington,55433,100.0,43,True,arrington j
2018_TX_House-1_DEM,DEM,Shirley McKellar,9181,61.0,2,True,mckellar s
2018_TX_House-1_DEM,DEM,Brent Beal,5858,39.0,2,False,beal b
2018_TX_House-1_REP,REP,Louie Gohmert,64004,88.3,1,True,gohmert l
2018_TX_House-1_REP,REP,Anthony Culler,6504,9.0,1,False,culler a
2018_TX_House-1_REP,REP,Roshin Rowjee,1955,2.7,1,False,rowjee r
2018_TX_House-20_DEM,DEM,Joaquín Castro,32189,100.0,45,True,castro j
2018_TX_House-21_DEM,DEM,Joseph Kopser,14636,57.9,49,True,kopser j
2018_TX_House-21_DEM,DEM,Mary Street Wilson,10622,42.1,49,False,wilson m
2018_TX_House-21_REP,REP,Chip Roy,17856,52.6,47,True,roy c
2018_TX_House-21_REP,REP,Matt McCall,16081,47.4,47,False,mccall m
2018_TX_House-22_DEM,DEM,Sri Preston Kulkarni,9502,62.1,52,True,kulkarni s
2018_TX_House-22_DEM,DEM,Letitia Plummer,5794,37.9,52,False,plummer l
2018_TX_House-22_REP,REP,Pete Olson,35782,78.4,50,True,olson p
2018_TX_House-22_REP,REP,Danny Nguyen,6170,13.5,50,False,nguyen d
2018_TX_House-22_REP,REP,James Green,2521,5.5,50,False,green j
2018_TX_House-22_REP,REP,Eric Zmrhal,1174,2.6,50,False,zmrhal e
2018_TX_House-23_DEM,DEM,Gina Ortiz Jones,17538,67.9,55,True,jones g
2018_TX_House-23_DEM,DEM,Rick Treviño,8289,32.1,55,False,trevino r
2018_TX_House-23_REP,REP,Will Hurd,24866,80.2,53,True,hurd w
2018_TX_House-23_REP,REP,Alma Arredondo-Lynch,6126,19.8,53,False,arredondolynch a
2018_TX_House-24_DEM,DEM,Jan McDowell,14551,52.5,57,True,mcdowell j
2018_TX_House-24_DEM,DEM,John Biggan,5970,21.5,57,False,biggan j
2018_TX_House-24_DEM,DEM,"Edward ""Todd"" Allen",5556,20.0,57,False,allen e
2018_TX_House-24_DEM,DEM,Josh Imhoff,1663,6.0,57,False,imhoff j
2018_TX_House-24_REP,REP,Kenny Marchant,30310,74.4,56,True,marchant k
2018_TX_House-24_REP,REP,Johnathan Kyle Davidson,10425,25.6,56,False,davidson j
2018_TX_House-25_DEM,DEM,Julie Oliver,12005,52.2,60,True,oliver j
2018_TX_House-25_DEM,DEM,Chris Perri,10984,47.8,60,False,perri c
2018_TX_House-25_REP,REP,Roger Williams,51122,100.0,58,True,williams r
2018_TX_House-26_DEM,DEM,Linsey Fagan,13817,52.7,62,True,fagan l
2018_TX_House-26_DEM,DEM,Will Fisher,12402,47.3,62,False,fisher w
2018_TX_House-26_REP,REP,Michael C. Burgess,42290,76.9,61,True,burgess m
2018_TX_House-26_REP,REP,Veronica Birkenstock,12684,23.1,61,False,birkenstock v
2018_TX_House-27_DEM,DEM,Eric Holguin,6422,61.9,66,True,holguin e
2018_TX_House-27_DEM,DEM,Raul Barrera,3953,38.1,66,False,barrera r
2018_TX_House-27_REP,REP,Michael Cloud,15234,61.0,64,True,cloud m
2018_TX_House-27_REP,REP,Bech Bruun,9723,39.0,64,False,bruun b
2018_TX_House-28_DEM,DEM,Henry Cuellar,39221,100.0,67,True,cuellar h
2018_TX_House-29_DEM,DEM,Sylvia Garcia,11659,63.2,68,True,garcia s
2018_TX_House-29_DEM,DEM,Tahir Javed,3817,20.7,68,False,javed t
2018_TX_House-29_DEM,DEM,Roel Garcia,1217,6.6,68,False,garcia r
2018_TX_House-29_DEM,DEM,Hector Morales,562,3.0,68,False,morales h
2018_TX_House-29_DEM,DEM,Augustine H. Reyes,524,2.8,68,False,reyes a
2018_TX_House-29_DEM,DEM,Dominique Michelle Garcia,472,2.6,68,False,garcia d
2018_TX_House-29_DEM,DEM,Pedro Valencia,192,1.1,68,False,valencia p
2018_TX_House-29_REP,REP,Phillip Aronoff,1151,51.9,70,True,aronoff p
2018_TX_House-29_REP,REP,Carmen María Montiel,1068,48.1,70,False,montiel c
2018_TX_House-2_DEM,DEM,Todd Litton,15113,52.8,5,True,litton t
2018_TX_House-2_DEM,DEM,Darnell Jones,6308,22.1,5,False,jones d
2018_TX_House-2_DEM,DEM,Silky Malik,2770,9.7,5,False,malik s
2018_TX_House-2_DEM,DEM,H. P. Parvizian,2259,7.9,5,False,parvizian h
2018_TX_House-2_DEM,DEM,Ali Khorasani,2148,7.5,5,False,khorasani a
2018_TX_House-2_REP,REP,Dan Crenshaw,20322,69.9,4,True,crenshaw d
2018_TX_House-2_REP,REP,Kevin Roberts,8760,30.1,4,False,roberts k
2018_TX_House-30_DEM,DEM,Eddie Bernice Johnson,32415,63.6,71,True,johnson e
2018_TX_House-30_DEM,DEM,Barbara Mallory Caraway,11641,22.8,71,False,caraway b
2018_TX_House-30_DEM,DEM,Eric Williams,6931,13.6,71,False,williams e
2018_TX_House-31_DEM,DEM,MJ Hegar,8843,62.2,74,True,hegar m
2018_TX_House-31_DEM,DEM,Christine Eady Mann,5371,37.8,74,False,mann c
2018_TX_House-31_REP,REP,John Carter,34513,65.5,72,True,carter j
2018_TX_House-31_REP,REP,Mike Sweeney,18184,34.5,72,False,sweeney m
2018_TX_House-32_DEM,DEM,Colin Allred,15658,69.5,77,True,allred c
2018_TX_House-32_DEM,DEM,Lillian Salerno,6874,30.5,77,False,salerno l
2018_TX_House-32_REP,REP,Pete Sessions,32784,79.3,75,True,sessions p
2018_TX_House-32_REP,REP,Paul Brown,8575,20.7,75,False,brown p
2018_TX_House-33_DEM,DEM,Marc Veasey,14998,70.6,78,True,veasey m
2018_TX_House-33_DEM,DEM,Carlos Quintanilla,6233,29.7,78,False,quintanilla c
2018_TX_House-33_REP,REP,Willie Billups,5254,100.0,79,True,billups w
2018_TX_House-34_DEM,DEM,Filemon Vela Jr.,25344,100.0,80,True,vela f
2018_TX_House-34_REP,REP,Rey Gonzalez,10227,100.0,81,True,gonzalez r
2018_TX_House-35_DEM,DEM,Lloyd Doggett,32101,100.0,82,True,doggett l
2018_TX_House-35_REP,REP,David Smalling,7083,53.3,83,True,smalling d
2018_TX_House-35_REP,REP,Sherrill Kenneth Alexander,6198,46.7,83,False,alexander s
2018_TX_House-36_DEM,DEM,Dayna Steele,9848,72.0,85,True,steele d
2018_TX_House-36_DEM,DEM,Jon Powell,3827,28.0,85,False,powell j
2018_TX_House-36_REP,REP,Brian Babin,50317,100.0,84,True,babin b
2018_TX_House-3_DEM,DEM,Lorie Burch,9344,75.0,8,True,burch l
2018_TX_House-3_DEM,DEM,Sam Johnson,3107,25.0,8,False,johnson s
2018_TX_House-3_REP,REP,Van Taylor,45475,84.7,6,True,taylor v
2018_TX_House-3_REP,REP,David Niederkorn,5052,9.4,6,False,niederkorn d
2018_TX_House-3_REP,REP,Alex Donkervoet,3185,5.9,6,False,donkervoet a
2018_TX_House-4_DEM,DEM,Catherine Krantz,8995,68.6,10,True,krantz c
2018_TX_House-4_DEM,DEM,Lander Bethel,4109,31.4,10,False,bethel l
2018_TX_House-4_REP,REP,John Ratcliffe,63105,85.5,9,True,ratcliffe j
2018_TX_House-4_REP,REP,John Cooper,10699,14.5,9,False,cooper j
2018_TX_House-5_DEM,DEM,Dan Wood,16923,100.0,13,True,wood d
2018_TX_House-5_REP,REP,Lance Gooden,18364,54.0,12,True,gooden l
2018_TX_House-5_REP,REP,Bunni Pounds,15634,46.0,12,False,pounds b
2018_TX_House-6_DEM,DEM,Jana Lynne Sanchez,6103,53.1,17,True,sanchez j
2018_TX_House-6_DEM,DEM,Ruby Faye Woolridge,5386,46.9,17,False,woolridge r
2018_TX_House-6_REP,REP,Ron Wright,12747,52.2,15,True,wright r
2018_TX_House-6_REP,REP,Jake Ellzey,11686,47.8,15,False,ellzey j
2018_TX_House-7_DEM,DEM,Lizzie Fletcher,11423,67.1,20,True,fletcher l
2018_TX_House-7_DEM,DEM,Laura Moser,5605,32.9,20,False,moser l
2018_TX_House-7_REP,REP,John Culberson,28944,76.1,18,True,culberson j
2018_TX_House-7_REP,REP,Edward Ziegler,9088,23.9,18,False,ziegler e
2018_TX_House-8_DEM,DEM,Steven David,13183,100.0,22,True,david s
2018_TX_House-8_REP,REP,Kevin Brady,67593,100.0,21,True,brady k
2018_TX_House-9_DEM,DEM,Al Green,32881,100.0,23,True,green a
2018_UT_House-1_DEM,DEM,Lee Castillo,7273,57.21,1,True,castillo l
2018_UT_House-1_DEM,DEM,Kurt Weiland,5439,42.79,1,False,weiland k
2018_UT_House-3_REP,REP,John Curtis,66404,73.32,2,True,curtis j
2018_UT_House-3_REP,REP,Chris Herrod,24158,26.68,2,False,herrod c
2018_VA_House-10_DEM,DEM,Jennifer Wexton,22405,41.9,9,True,wexton j
2018_VA_House-10_DEM,DEM,Alison Friedman,12283,23.0,9,False,friedman a
2018_VA_House-10_DEM,DEM,Lindsey Davis Stover,8567,16.0,9,False,stover l
2018_VA_House-10_DEM,DEM,Dan Helmer,6712,12.5,9,False,helmer d
2018_VA_House-10_DEM,DEM,Paul Pelletier,2010,3.8,9,False,pelletier p
2018_VA_House-10_DEM,DEM,Julia Biggins,1513,2.8,9,False,biggins j
2018_VA_House-10_REP,REP,Barbara Comstock,28287,60.7,8,True,comstock b
2018_VA_House-10_REP,REP,Shak Hill,18311,39.3,8,False,hill s
2018_VA_House-1_DEM,DEM,Vangie Williams,11008,40.0,1,True,williams v
2018_VA_House-1_DEM,DEM,Edwin Santana,9059,32.9,1,False,santana e
2018_VA_House-1_DEM,DEM,John Suddarth,7471,27.1,1,False,suddarth j
2018_VA_House-2_DEM,DEM,Elaine Luria,17552,62.3,3,True,luria e
2018_VA_House-2_DEM,DEM,Karen Mallard,10610,37.7,3,False,mallard k
2018_VA_House-2_REP,REP,Scott Taylor,28515,76.1,2,True,taylor s
2018_VA_House-2_REP,REP,Mary Jones,8982,23.9,2,False,jones m
2018_VA_House-4_REP,REP,Ryan McAdams,17513,72.6,4,True,mcadams r
2018_VA_House-4_REP,REP,Shion Fenty,6621,27.4,4,False,fenty s
2018_VA_House-6_DEM,DEM,Jennifer Lewis,8202,47.7,5,True,lewis j
2018_VA_House-6_DEM,DEM,Peter Volosin,4678,27.2,5,False,volosin p
2018_VA_House-6_DEM,DEM,Charlotte Moore,3175,18.5,5,False,moore c
2018_VA_House-6_DEM,DEM,Sergio Coppola,1150,6.68,5,False,coppola s
2018_VA_House-7_DEM,DEM,Abigail Spanberger,33210,72.7,6,True,spanberger a
2018_VA_House-7_DEM,DEM,Daniel Ward,12483,27.3,6,False,ward d
2018_VA_House-9_DEM,DEM,Anthony Flaccavento,10756,78.6,7,True,flaccavento a
2018_VA_House-9_DEM,DEM,Justin Santopietro,2921,21.4,7,False,santopietro j
2018_VT_House-1_DEM,DEM,Peter Welch,55939,83.94,1,True,welch p
2018_VT_House-1_DEM,DEM,Daniel Freilich,7881,11.83,1,False,freilich d
2018_VT_House-1_DEM,DEM,Benjamin Mitchell,2676,4.02,1,False,mitchell b
2018_VT_House-1_DEM,DEM,Write-ins,142,0.21,1,False,writeins
2018_VT_House-1_REP,REP,H. Brooke Paige,14721,59.89,2,True,paige h
2018_VT_House-1_REP,REP,Anya Tynio,8485,34.52,2,False,tynio a
2018_VT_House-1_REP,REP,Peter Welch,923,3.76,2,False,welch p
2018_VT_House-1_REP,REP,Write-ins,450,1.83,2,False,writeins
2018_WA_House-2_DEM,DEM,Rick Larsen,101497,64.9,2,True,larsen r
2018_WA_House-2_DEM,DEM,Collin Richard Carlson,12058,7.7,2,False,carlson c
2018_WI_House-1_DEM,DEM,Randy Bryce,36397,59.6,2,True,bryce r
2018_WI_House-1_DEM,DEM,Cathy Myers,24690,40.4,2,False,myers c
2018_WI_House-1_REP,REP,Bryan Steil,30883,51.6,1,True,steil b
2018_WI_House-1_REP,REP,Nick Polce,8945,14.9,1,False,polce n
2018_WI_House-1_REP,REP,Paul Nehlen,6635,11.1,1,False,nehlen p
2018_WI_House-1_REP,REP,Kevin Adam Steen,6262,10.5,1,False,steen k
2018_WI_House-1_REP,REP,Jeremy Ryan,6221,10.4,1,False,ryan j
2018_WI_House-1_REP,REP,Brad Boivin,924,1.5,1,False,boivin b
2018_WI_House-2_DEM,DEM,Mark Pocan,115246,100.0,3,True,pocan m
2018_WI_House-3_DEM,DEM,Ron Kind,59643,100.0,4,True,kind r
2018_WI_House-3_REP,REP,Steve Toft,35768,100.0,5,True,toft s
2018_WI_House-4_DEM,DEM,Gwen Moore,76971,89.0,6,True,moore g
2018_WI_House-4_DEM,DEM,Gary George,9466,11.0,6,False,george g
2018_WI_House-4_REP,REP,Tim Rogers,8912,55.6,7,True,rogers t
2018_WI_House-4_REP,REP,Cindy Werner,7121,44.4,7,False,werner c
2018_WI_House-5_DEM,DEM,Tom Palzewicz,43192,100.0,9,True,palzewicz t
2018_WI_House-5_REP,REP,Jim Sensenbrenner,73397,81.2,8,True,sensenbrenner j
2018_WI_House-5_REP,REP,Jennifer Hoppe Vipond,17010,18.8,8,False,vipond j
2018_WI_House-6_DEM,DEM,Dan Kohl,41862,100.0,11,True,kohl d
2018_WI_House-6_REP,REP,Glenn Grothman,60485,100.0,10,True,grothman g
2018_WI_House-7_DEM,DEM,Margaret Ruth Engebretson,27179,57.3,13,True,engebretson m
2018_WI_House-7_DEM,DEM,Brian Ewert,20257,42.7,13,False,ewert b
2018_WI_House-7_REP,REP,Sean Duffy,60708,100.0,12,True,duffy s
2018_WI_House-8_DEM,DEM,Beau Liegeois,38450,100.0,15,True,liegeois b
2018_WI_House-8_REP,REP,Mike Gallagher,62524,100.0,14,True,gallagher m
2018_WV_House-1_DEM,DEM,Kendra Fershee,23030,47.3,1,True,fershee k
2018_WV_House-1_DEM,DEM,Ralph Baxter,18542,38.1,1,False,baxter r
2018_WV_House-1_DEM,DEM,Tom Payne,7131,14.6,1,False,payne t
2018_WV_House-1_REP,REP,David McKinley,40122,100.0,2,True,mckinley d
2018_WV_House-2_DEM,DEM,Talley Sergent,29296,62.5,3,True,sergent t
2018_WV_House-2_DEM,DEM,Aaron Scheinberg,17547,37.5,3,False,scheinberg a
2018_WV_House-2_REP,REP,Alex Mooney,36477,100.0,4,True,mooney a
2018_WV_House-3_DEM,DEM,Richard Ojeda,29837,52.0,5,True,ojeda r
2018_WV_House-3_DEM,DEM,Shirley Love,14251,24.9,5,False,love s
2018_WV_House-3_DEM,DEM,Paul Davis,9063,15.8,5,False,davis p
2018_WV_House-3_DEM,DEM,"Janice ""Byrd"" Hagerman",4176,7.3,5,False,hagerman j
2018_WV_House-3_REP,REP,Carol Miller,8936,23.8,6,True,miller c
2018_WV_House-3_REP,REP,Rupert Phillips,7320,19.5,6,False,phillips r
2018_WV_House-3_REP,REP,Marty Gearheart,6833,18.2,6,False,gearheart m
2018_WV_House-3_REP,REP,Conrad Lucas,6812,18.1,6,False,lucas c
2018_WV_House-3_REP,REP,Rick Snuffer,4032,10.7,6,False,snuffer r
2018_WV_House-3_REP,REP,Ayne Amjad,2791,7.4,6,False,amjad a
2018_WV_House-3_REP,REP,Philip Payton,861,2.3,6,False,payton p
2018_WY_House-1_DEM,DEM,Greg Hunter,10332,53.1,2,True,hunter g
2018_WY_House-1_DEM,DEM,Travis Helm,6527,33.5,2,False,helm t
2018_WY_House-1_DEM,DEM,Write-ins,100,0.5,2,False,writeins
2018_WY_House-1_REP,REP,Liz Cheney,75183,63.7,1,True,cheney l
2018_WY_House-1_REP,REP,Rod Miller,22045,18.7,1,False,miller r
2018_WY_House-1_REP,REP,Blake E. Stanley,13307,11.3,1,False,stanley b
2018_WY_House-1_REP,REP,Write-ins,478,0.4,1,False,writeins
2020_AK_House-1_DEM,DEM,Ray Tugatuk,4858,7.83,2,True,tugatuk r
2020_AK_House-1_DEM,DEM,Bill Hibler,3931,6.34,2,False,hibler b
2020_AK_House-1_REP,REP,Don Young,51972,76.13,1,True,young d
2020_AK_House-1_REP,REP,"Thomas ""John"" Nelson",12344,18.08,1,False,nelson t
2020_AK_House-1_REP,REP,Geral Heikes,3954,5.79,1,False,heikes g
2020_AL_House-1_DEM,DEM,James Averhart,15840,56.7,4,True,averhart j
2020_AL_House-1_DEM,DEM,Kiani Gardner,12102,43.3,4,False,gardner k
2020_AL_House-1_REP,REP,Jerry Carl,44421,52.3,2,True,carl j
2020_AL_House-1_REP,REP,Bill Hightower,40552,47.7,2,False,hightower b
2020_AL_House-2_DEM,DEM,Phyllis Harvey-Hall,27399,59.2,7,True,harveyhall p
2020_AL_House-2_DEM,DEM,Nathan Mathis,18898,40.8,7,False,mathis n
2020_AL_House-2_REP,REP,Barry Moore,52248,60.4,6,True,moore b
2020_AL_House-2_REP,REP,Jeff Coleman,34185,39.6,6,False,coleman j
2020_AL_House-5_REP,REP,Mo Brooks,83740,74.9,8,True,brooks m
2020_AL_House-5_REP,REP,Chris Lewis,28113,25.1,8,False,lewis c
2020_AZ_House-1_DEM,DEM,Tom O'Halleran,47083,58.6,1,True,ohalleran t
2020_AZ_House-1_DEM,DEM,Eva Putzova,33248,41.4,1,False,putzova e
2020_AZ_House-1_REP,REP,Tiffany Shedd,40310,54.7,2,True,shedd t
2020_AZ_House-1_REP,REP,Nolan Reidhead,33418,45.3,2,False,reidhead n
2020_AZ_House-2_DEM,DEM,Ann Kirkpatrick,77517,76.3,3,True,kirkpatrick a
2020_AZ_House-2_DEM,DEM,Peter Quilter,24035,23.7,3,False,quilter p
2020_AZ_House-2_REP,REP,Brandon Martin,31730,42.5,4,True,martin b
2020_AZ_House-2_REP,REP,Noran Ruden,25049,33.6,4,False,ruden n
2020_AZ_House-2_REP,REP,Joseph Morgan,17802,23.8,4,False,morgan j
2020_AZ_House-2_REP,REP,Jordan Flayer,52,0.1,4,False,flayer j
2020_AZ_House-3_DEM,DEM,Raúl Grijalva,63282,100.0,5,True,grijalva r
2020_AZ_House-3_REP,REP,Daniel Wood,29260,99.8,6,True,wood d
2020_AZ_House-3_REP,REP,Richard Jolley,44,0.2,6,False,jolley r
2020_AZ_House-4_DEM,DEM,Delina DiSanto,34345,74.3,8,True,disanto d
2020_AZ_House-4_DEM,DEM,Stu Starky,11852,25.7,8,False,starky s
2020_AZ_House-4_REP,REP,Paul Gosar,82370,63.1,7,True,gosar p
2020_AZ_House-4_REP,REP,Anne Marie Ward,48116,36.9,7,False,ward a
2020_AZ_House-5_DEM,DEM,Joan Greene,34070,50.0,10,True,greene j
2020_AZ_House-5_DEM,DEM,Javier Ramos,26818,39.4,10,False,ramos j
2020_AZ_House-5_DEM,DEM,Jonathan Ireland,7209,10.6,10,False,ireland j
2020_AZ_House-5_REP,REP,Andy Biggs,104888,99.6,9,True,biggs a
2020_AZ_House-5_REP,REP,Joe Vess,465,0.4,9,False,vess j
2020_AZ_House-6_DEM,DEM,Hiral Tipirneni,42538,53.2,12,True,tipirneni h
2020_AZ_House-6_DEM,DEM,Anita Malik,29218,36.5,12,False,malik a
2020_AZ_House-6_DEM,DEM,Stephanie Rimmer,4592,5.7,12,False,rimmer s
2020_AZ_House-6_DEM,DEM,Karl Gentles,3651,4.6,12,False,gentles k
2020_AZ_House-6_REP,REP,David Schweikert,94434,100.0,11,True,schweikert d
2020_AZ_House-7_DEM,DEM,Ruben Gallego,56037,100.0,13,True,gallego r
2020_AZ_House-7_REP,REP,Josh Barnett,15223,100.0,14,True,barnett j
2020_AZ_House-8_DEM,DEM,Michael Muscato,35898,54.3,16,True,muscato m
2020_AZ_House-8_DEM,DEM,Bob Olsen,20534,31.1,16,False,olsen b
2020_AZ_House-8_DEM,DEM,Bob Musselwhite,9575,14.5,16,False,musselwhite b
2020_AZ_House-8_DEM,DEM,Kyle Martin,45,0.1,16,False,martin k
2020_AZ_House-8_REP,REP,Debbie Lesko,105630,100.0,15,True,lesko d
2020_AZ_House-9_DEM,DEM,Greg Stanton,83443,100.0,17,True,stanton g
2020_AZ_House-9_REP,REP,Dave Giles,28461,53.7,18,True,giles d
2020_AZ_House-9_REP,REP,Sam Huang,12527,23.6,18,False,huang s
2020_AZ_House-9_REP,REP,Nicholas Tutora,12053,22.7,18,False,tutora n
2020_CO_House-1_DEM,DEM,Diana DeGette,187341,100.0,1,True,degette d
2020_CO_House-1_REP,REP,Shane Bolling,32176,100.0,2,True,bolling s
2020_CO_House-2_DEM,DEM,Joe Neguse,168393,100.0,3,True,neguse j
2020_CO_House-2_REP,REP,Charles Winn,66297,100.0,4,True,winn c
2020_CO_House-3_DEM,DEM,Diane Mitsch Bush,65377,61.3,6,True,bush d
2020_CO_House-3_DEM,DEM,James Iacino,41200,38.7,6,False,iacino j
2020_CO_House-3_REP,REP,Lauren Boebert,58678,54.6,5,True,boebert l
2020_CO_House-3_REP,REP,Scott Tipton,48805,45.4,5,False,tipton s
2020_CO_House-4_DEM,DEM,Ike McCorkle,81719,100.0,9,True,mccorkle i
2020_CO_House-4_REP,REP,Ken Buck,109230,100.0,8,True,buck k
2020_CO_House-5_DEM,DEM,Jillian Freeland,76033,100.0,11,True,freeland j
2020_CO_House-5_REP,REP,Doug Lamborn,104302,100.0,10,True,lamborn d
2020_CO_House-6_DEM,DEM,Jason Crow,122929,100.0,12,True,crow j
2020_CO_House-6_REP,REP,Steve House,63635,100.0,13,True,house s
2020_CO_House-7_DEM,DEM,Ed Perlmutter,125880,100.0,14,True,perlmutter e
2020_CO_House-7_REP,REP,Casper Stockham,52488,100.0,15,True,stockham c
2020_CT_House-1_REP,REP,Mary Fay,8908,57.3,1,True,fay m
2020_CT_House-1_REP,REP,Jim Griffin,6624,42.7,1,False,griffin j
2020_CT_House-2_REP,REP,Justin Anderson,9238,50.05,2,True,anderson j
2020_CT_House-2_REP,REP,Tom Gilmer,9221,49.95,2,False,gilmer t
2020_DE_House-1_REP,REP,Lee Murphy,39179,73.81,1,True,murphy l
2020_DE_House-1_REP,REP,Matthew Morris,13901,26.19,1,False,morris m
2020_FL_House-10_REP,REP,Vennia Francois,21485,65.1,11,True,francois v
2020_FL_House-10_REP,REP,Willie Montague,11498,34.9,11,False,montague w
2020_FL_House-13_REP,REP,Anna Paulina Luna,22941,36.1,12,True,luna a
2020_FL_House-13_REP,REP,Amanda Makki,17967,28.3,12,False,makki a
2020_FL_House-13_REP,REP,George Buck,16371,25.8,12,False,buck g
2020_FL_House-13_REP,REP,Sheila Griffin,4329,6.8,12,False,griffin s
2020_FL_House-13_REP,REP,Sharon Newby,1866,2.9,12,False,newby s
2020_FL_House-14_REP,REP,Christine Quinn,24077,64.5,13,True,quinn c
2020_FL_House-14_REP,REP,Paul Elliott,13257,35.5,13,False,elliott p
2020_FL_House-15_DEM,DEM,Alan Cohn,21079,41.0,15,True,cohn a
2020_FL_House-15_DEM,DEM,Adam Hattersley,16978,33.0,15,False,hattersley a
2020_FL_House-15_DEM,DEM,Jesse Philippe,13384,26.0,15,False,philippe j
2020_FL_House-15_REP,REP,Scott Franklin,30736,51.2,14,True,franklin s
2020_FL_House-15_REP,REP,Ross Spano,29265,48.8,14,False,spano r
2020_FL_House-18_DEM,DEM,Pam Keith,52921,79.8,17,True,keith p
2020_FL_House-18_DEM,DEM,Oz Vazquez,13385,20.2,17,False,vazquez o
2020_FL_House-18_REP,REP,Brian Mast,62121,86.0,16,True,mast b
2020_FL_House-18_REP,REP,Nick Vessio,10081,14.0,16,False,vessio n
2020_FL_House-19_DEM,DEM,Cindy Banyai,28765,57.6,19,True,banyai c
2020_FL_House-19_DEM,DEM,David Holden,21212,42.4,19,False,holden d
2020_FL_House-19_REP,REP,Byron Donalds,23492,22.6,18,True,donalds b
2020_FL_House-19_REP,REP,Dane Eagle,22715,21.9,18,False,eagle d
2020_FL_House-19_REP,REP,Casey Askar,20774,20.0,18,False,askar c
2020_FL_House-19_REP,REP,William Figlesthaler,19075,18.3,18,False,figlesthaler w
2020_FL_House-19_REP,REP,Randy Henderson,7858,7.6,18,False,henderson r
2020_FL_House-19_REP,REP,Christy McLaughlin,4245,4.1,18,False,mclaughlin c
2020_FL_House-19_REP,REP,Dan Severson,3197,3.1,18,False,severson d
2020_FL_House-19_REP,REP,Darren Aquino,1466,1.4,18,False,aquino d
2020_FL_House-19_REP,REP,Daniel Kowal,1135,1.1,18,False,kowal d
2020_FL_House-1_REP,REP,Matt Gaetz,87457,80.9,1,True,gaetz m
2020_FL_House-1_REP,REP,John Mills,10383,9.6,1,False,mills j
2020_FL_House-1_REP,REP,Greg Merk,10227,9.5,1,False,merk g
2020_FL_House-20_DEM,DEM,Alcee Hastings,62759,69.3,20,True,hastings a
2020_FL_House-20_DEM,DEM,Sheila Cherfilus-McCormick,27831,30.7,20,False,cherfilusmccormick s
2020_FL_House-20_REP,REP,Greg Musselwhite,5394,52.0,21,True,musselwhite g
2020_FL_House-20_REP,REP,Vic DeGrammont,4975,48.0,21,False,degrammont v
2020_FL_House-21_DEM,DEM,Lois Frankel,75504,86.0,22,True,frankel l
2020_FL_House-21_DEM,DEM,Guido Weiss,12308,14.0,22,False,weiss g
2020_FL_House-21_REP,REP,Laura Loomer,14526,42.5,23,True,loomer l
2020_FL_House-21_REP,REP,Christian Acosta,8724,25.5,23,False,acosta c
2020_FL_House-21_REP,REP,Michael Vilardi,4194,12.3,23,False,vilardi m
2020_FL_House-21_REP,REP,Aaron Scanlan,3221,9.4,23,False,scanlan a
2020_FL_House-21_REP,REP,Elizabeth Felton,2421,7.1,23,False,felton e
2020_FL_House-21_REP,REP,Reba Sherrill,1070,3.1,23,False,sherrill r
2020_FL_House-22_REP,REP,James Pruden,11840,35.6,24,True,pruden j
2020_FL_House-22_REP,REP,Jessica Melton,9969,30.0,24,False,melton j
2020_FL_House-22_REP,REP,Fran Flynn,8667,26.1,24,False,flynn f
2020_FL_House-22_REP,REP,Darlene Swaffar,2763,8.3,24,False,swaffar d
2020_FL_House-23_DEM,DEM,Debbie Wasserman Schultz,55729,72.0,25,True,schultz d
2020_FL_House-23_DEM,DEM,Jen Perelman,21631,28.0,25,False,perelman j
2020_FL_House-23_REP,REP,Carla Spalding,12751,51.3,26,True,spalding c
2020_FL_House-23_REP,REP,Michael Kroske,12116,48.7,26,False,kroske m
2020_FL_House-24_DEM,DEM,Frederica Wilson,68505,84.7,27,True,wilson f
2020_FL_House-24_DEM,DEM,Sakinah Lehtola,6267,7.7,27,False,lehtola s
2020_FL_House-24_DEM,DEM,Ricardo de La Fuente,6134,7.6,27,False,fuente r
2020_FL_House-26_REP,REP,Carlos A. Giménez,29480,59.9,28,True,gimenez c
2020_FL_House-26_REP,REP,Omar Blanco,19721,40.1,28,False,blanco o
2020_FL_House-27_REP,REP,Maria Elvira Salazar,39687,79.1,29,True,salazar m
2020_FL_House-27_REP,REP,Raymond Molina,5497,10.9,29,False,molina r
2020_FL_House-27_REP,REP,Juan Fiol,5018,10.0,29,False,fiol j
2020_FL_House-3_DEM,DEM,Adam Christensen,21073,34.5,3,True,christensen a
2020_FL_House-3_DEM,DEM,Tom Wells,20290,33.2,3,False,wells t
2020_FL_House-3_DEM,DEM,Philip Dodds,19730,32.3,3,False,dodds p
2020_FL_House-3_REP,REP,Kat Cammack,21679,25.2,2,True,cammack k
2020_FL_House-3_REP,REP,Judson Sapp,17180,20.0,2,False,sapp j
2020_FL_House-3_REP,REP,Gavin Rollins,13118,15.3,2,False,rollins g
2020_FL_House-3_REP,REP,James St. George,12125,14.1,2,False,george j
2020_FL_House-3_REP,REP,Todd Chase,8165,9.5,2,False,chase t
2020_FL_House-3_REP,REP,Ryan Chamberlin,5067,5.9,2,False,chamberlin r
2020_FL_House-3_REP,REP,Amy Pope Wells,3564,4.1,2,False,wells a
2020_FL_House-3_REP,REP,Bill Engelbrecht,2001,2.3,2,False,engelbrecht b
2020_FL_House-3_REP,REP,David Theus,1874,2.2,2,False,theus d
2020_FL_House-3_REP,REP,Joe Millado,1168,1.4,2,False,millado j
2020_FL_House-4_REP,REP,John Rutherford,80101,80.2,4,True,rutherford j
2020_FL_House-4_REP,REP,Erick Aguilar,19798,19.8,4,False,aguilar e
2020_FL_House-5_DEM,DEM,Al Lawson,52823,55.7,5,True,lawson a
2020_FL_House-5_DEM,DEM,Albert Chester,24579,25.9,5,False,chester a
2020_FL_House-5_DEM,DEM,"LaShonda ""LJ"" Holloway",17378,18.3,5,False,holloway l
2020_FL_House-5_REP,REP,Gary Adler,17433,52.1,6,True,adler g
2020_FL_House-5_REP,REP,Roger Wagoner,16012,47.9,6,False,wagoner r
2020_FL_House-6_DEM,DEM,Clint Curtis,30449,51.5,7,True,curtis c
2020_FL_House-6_DEM,DEM,Richard Thripp,28661,48.5,7,False,thripp r
2020_FL_House-7_REP,REP,Leo Valentín,19841,38.6,8,True,valentin l
2020_FL_House-7_REP,REP,Richard Goble,19187,37.4,8,False,goble r
2020_FL_House-7_REP,REP,Yukong Zhao,12330,24.0,8,False,zhao y
2020_FL_House-8_REP,REP,Bill Posey,54861,62.5,9,True,posey b
2020_FL_House-8_REP,REP,Scott Caine,32952,37.5,9,False,caine s
2020_FL_House-9_REP,REP,Bill Olson,20751,48.6,10,True,olson b
2020_FL_House-9_REP,REP,Christopher Wright,9677,22.7,10,False,wright c
2020_FL_House-9_REP,REP,Jose Castillo,8595,20.1,10,False,castillo j
2020_FL_House-9_REP,REP,Sergio E. Ortiz,3680,8.6,10,False,ortiz s
2020_GA_House-10_DEM,DEM,Tabitha Johnson-Green,48069,65.7,24,True,johnsongreen t
2020_GA_House-10_DEM,DEM,Andrew Ferguson,25048,34.3,24,False,ferguson a
2020_GA_House-10_REP,REP,Jody Hice,93506,100.0,23,True,hice j
2020_GA_House-11_DEM,DEM,Dana Barrett,65564,100.0,26,True,barrett d
2020_GA_House-11_REP,REP,Barry Loudermilk,86050,100.0,25,True,loudermilk b
2020_GA_House-12_DEM,DEM,Elizabeth Johnson,48685,83.6,28,True,johnson e
2020_GA_House-12_DEM,DEM,Dan Steiner,9525,16.4,28,False,steiner d
2020_GA_House-12_REP,REP,Rick W. Allen,74520,100.0,27,True,allen r
2020_GA_House-13_DEM,DEM,David Scott,77735,52.9,29,True,scott d
2020_GA_House-13_DEM,DEM,Keisha Waites,37447,25.5,29,False,waites k
2020_GA_House-13_DEM,DEM,Michael Owens,19415,13.2,29,False,owens m
2020_GA_House-13_DEM,DEM,Jannquell Peters,12308,8.4,29,False,peters j
2020_GA_House-13_REP,REP,Becky E. Hites,20076,68.7,30,True,hites b
2020_GA_House-13_REP,REP,Caesar Gonzales,9170,31.3,30,False,gonzales c
2020_GA_House-14_DEM,DEM,Kevin Van Ausdal,26615,100.0,33,True,ausdal k
2020_GA_House-14_REP,REP,Marjorie Taylor Greene,43813,57.0,32,True,greene m
2020_GA_House-14_REP,REP,John Cowan,32982,43.0,32,False,cowan j
2020_GA_House-1_DEM,DEM,Joyce Griggs,15958,55.9,3,True,griggs j
2020_GA_House-1_DEM,DEM,Lisa Ring,12594,44.1,3,False,ring l
2020_GA_House-1_REP,REP,Buddy Carter,65907,82.2,1,True,carter b
2020_GA_House-1_REP,REP,Daniel Merritt,13154,16.4,1,False,merritt d
2020_GA_House-1_REP,REP,Ken Yasger,1153,1.4,1,False,yasger k
2020_GA_House-2_DEM,DEM,Sanford Bishop,82964,100.0,4,True,bishop s
2020_GA_House-2_REP,REP,Don Cole,23528,53.4,5,True,cole d
2020_GA_House-2_REP,REP,Vivian Childs,20522,46.6,5,False,childs v
2020_GA_House-3_DEM,DEM,Val Almonord,56240,100.0,7,True,almonord v
2020_GA_House-3_REP,REP,Drew Ferguson,94166,100.0,6,True,ferguson d
2020_GA_House-4_DEM,DEM,Hank Johnson,102227,68.4,8,True,johnson h
2020_GA_House-4_DEM,DEM,Elaine Nietman,27376,18.3,8,False,nietman e
2020_GA_House-4_DEM,DEM,William Haston,19829,13.3,8,False,haston w
2020_GA_House-4_REP,REP,Johsie Cruz Ezammudeen,23115,100.0,9,True,ezammudeen j
2020_GA_House-5_DEM,DEM,John Lewis,142541,87.6,10,True,lewis j
2020_GA_House-5_DEM,DEM,Barrington D. Martin II,20096,12.4,10,False,martin b
2020_GA_House-5_REP,REP,Angela Stanton-King,8566,100.0,11,True,stantonking a
2020_GA_House-6_DEM,DEM,Lucy McBath,90660,100.0,12,True,mcbath l
2020_GA_House-6_REP,REP,Karen Handel,47986,74.3,13,True,handel k
2020_GA_House-6_REP,REP,Joe Profit,9528,14.8,13,False,profit j
2020_GA_House-6_REP,REP,Blake Harbin,3143,4.9,13,False,harbin b
2020_GA_House-6_REP,REP,Mykel Barthelemy,2780,4.3,13,False,barthelemy m
2020_GA_House-6_REP,REP,Paulette Smith,1103,1.7,13,False,smith p
2020_GA_House-7_DEM,DEM,Carolyn Bourdeaux,44710,52.8,15,True,bourdeaux c
2020_GA_House-7_DEM,DEM,Brenda Lopez Romero,10497,12.4,15,False,romero b
2020_GA_House-7_DEM,DEM,Nabilah Islam,10447,12.3,15,False,islam n
2020_GA_House-7_DEM,DEM,Rashid Malik,6780,8.0,15,False,malik r
2020_GA_House-7_DEM,DEM,John Eaves,6548,7.7,15,False,eaves j
2020_GA_House-7_DEM,DEM,Zahra Karinshak,5729,6.8,15,False,karinshak z
2020_GA_House-7_REP,REP,Rich McCormick,35280,55.1,14,True,mccormick r
2020_GA_House-7_REP,REP,Renee Unterman,11143,17.4,14,False,unterman r
2020_GA_House-7_REP,REP,Mark Gonsalves,4640,7.3,14,False,gonsalves m
2020_GA_House-7_REP,REP,Lynne Homrich,4567,7.1,14,False,homrich l
2020_GA_House-7_REP,REP,Eugene Yu,3856,6.0,14,False,yu e
2020_GA_House-7_REP,REP,Lisa Babbage,3336,5.2,14,False,babbage l
2020_GA_House-7_REP,REP,Zachary Kennemore,1195,1.9,14,False,kennemore z
2020_GA_House-8_DEM,DEM,"Lindsay ""Doc"" Holliday",44493,100.0,18,True,holliday l
2020_GA_House-8_REP,REP,Austin Scott,73671,89.8,17,True,scott a
2020_GA_House-8_REP,REP,Vance Dean,4692,5.7,17,False,dean v
2020_GA_House-8_REP,REP,Danny Ellyson,3668,4.5,17,False,ellyson d
2020_GA_House-9_DEM,DEM,Devin Pandy,8019,68.5,22,True,pandy d
2020_GA_House-9_DEM,DEM,Brooke Siskin,3692,31.5,22,False,siskin b
2020_GA_House-9_REP,REP,Andrew Clyde,50094,56.3,20,True,clyde a
2020_GA_House-9_REP,REP,Matt Gurtler,38865,43.7,20,False,gurtler m
2020_HI_House-1_DEM,DEM,Ed Case,131802,100.0,1,True,case e
2020_HI_House-1_REP,REP,Ron Curtis,13909,41.1,2,True,curtis r
2020_HI_House-1_REP,REP,James Dickens,7120,21.0,2,False,dickens j
2020_HI_House-1_REP,REP,Nancy Olson,6665,19.7,2,False,olson n
2020_HI_House-1_REP,REP,Arturo Reyes,4301,12.7,2,False,reyes a
2020_HI_House-1_REP,REP,Taylor Smith,1839,5.4,2,False,smith t
2020_HI_House-2_DEM,DEM,Kai Kahele,100841,76.5,4,True,kahele k
2020_HI_House-2_DEM,DEM,Brian Evans,12337,9.3,4,False,evans b
2020_HI_House-2_DEM,DEM,Brenda Lee,10694,8.1,4,False,lee b
2020_HI_House-2_DEM,DEM,Noelle Famera,7992,6.1,4,False,famera n
2020_HI_House-2_REP,REP,Joe Akana,15107,44.1,5,True,akana j
2020_HI_House-2_REP,REP,Elise Kaneshiro,5294,15.5,5,False,kaneshiro e
2020_HI_House-2_REP,REP,David Hamman,3430,10.0,5,False,hamman d
2020_HI_House-2_REP,REP,Robert Nagamine,2887,8.4,5,False,nagamine r
2020_HI_House-2_REP,REP,Nicholas Love,2616,7.6,5,False,love n
2020_HI_House-2_REP,REP,Steven Bond,2218,6.5,5,False,bond s
2020_HI_House-2_REP,REP,Felipe San Nicolas,1465,4.3,5,False,nicolas f
2020_HI_House-2_REP,REP,Karla Bart Gottschalk,953,2.8,5,False,gottschalk k
2020_HI_House-2_REP,REP,Raymond Quel,305,0.9,5,False,quel r
2020_IA_House-1_DEM,DEM,Abby Finkenauer,72474,99.3,1,True,finkenauer a
2020_IA_House-1_REP,REP,Ashley Hinson,38552,77.8,2,True,hinson a
2020_IA_House-1_REP,REP,Thomas Hansen,10845,21.9,2,False,hansen t
2020_IA_House-2_DEM,DEM,Rita Hart,67039,99.6,3,True,hart r
2020_IA_House-2_REP,REP,Mariannette Miller-Meeks,23052,47.6,4,True,millermeeks m
2020_IA_House-2_REP,REP,Bobby Schilling,17582,36.3,4,False,schilling b
2020_IA_House-2_REP,REP,Steven Everly,2806,5.8,4,False,everly s
2020_IA_House-2_REP,REP,Rick Phillips,2444,5.1,4,False,phillips r
2020_IA_House-2_REP,REP,Tim Borchardt,2370,4.9,4,False,borchardt t
2020_IA_House-3_DEM,DEM,Cindy Axne,76681,99.2,5,True,axne c
2020_IA_House-3_REP,REP,David Young,39103,69.5,6,True,young d
2020_IA_House-3_REP,REP,Bill Schafer,16904,30.1,6,False,schafer b
2020_IA_House-4_DEM,DEM,J. D. Scholten,46370,99.6,8,True,scholten j
2020_IA_House-4_REP,REP,Randy Feenstra,37329,45.5,7,True,feenstra r
2020_IA_House-4_REP,REP,Steve King,29366,35.9,7,False,king s
2020_IA_House-4_REP,REP,Jeremy Taylor,6418,7.8,7,False,taylor j
2020_IA_House-4_REP,REP,Bret Richards,6140,7.5,7,False,richards b
2020_IA_House-4_REP,REP,Steve Reeder,2528,3.1,7,False,reeder s
2020_ID_House-1_DEM,DEM,Rudy Soto,25112,65.8,2,True,soto r
2020_ID_House-1_DEM,DEM,Staniela Nikolova,13074,34.2,2,False,nikolova s
2020_ID_House-1_REP,REP,Russ Fulcher,93879,79.9,1,True,fulcher r
2020_ID_House-1_REP,REP,Nicholas Jones,23654,20.1,1,False,jones n
2020_ID_House-2_DEM,DEM,Aaron Swisher,37495,100.0,4,True,swisher a
2020_ID_House-2_REP,REP,Mike Simpson,68675,72.0,3,True,simpson m
2020_ID_House-2_REP,REP,Kevin Rhoades,26724,28.0,3,False,rhoades k
2020_IL_House-10_DEM,DEM,Brad Schneider,79126,99.9,19,True,schneider b
2020_IL_House-10_DEM,DEM,Adam Broad,115,0.1,19,False,broad a
2020_IL_House-10_REP,REP,Valerie Ramirez Mukherjee,14877,100.0,20,True,mukherjee v
2020_IL_House-11_DEM,DEM,Bill Foster,46116,58.7,21,True,foster b
2020_IL_House-11_DEM,DEM,Rachel Ventura,32422,41.3,21,False,ventura r
2020_IL_House-11_REP,REP,Rick Laib,12474,54.1,22,True,laib r
2020_IL_House-11_REP,REP,Krishna Bansal,10603,45.9,22,False,bansal k
2020_IL_House-12_DEM,DEM,Raymond Lenzi,27015,50.3,24,True,lenzi r
2020_IL_House-12_DEM,DEM,Joel Funk,26648,49.7,24,False,funk j
2020_IL_House-12_REP,REP,Mike Bost,40222,100.0,23,True,bost m
2020_IL_House-13_DEM,DEM,Betsy Dirksen Londrigan,48766,76.5,26,True,londrigan b
2020_IL_House-13_DEM,DEM,Stefanie Smith,15011,23.5,26,False,smith s
2020_IL_House-13_REP,REP,Rodney Davis,36668,100.0,25,True,davis r
2020_IL_House-14_DEM,DEM,Lauren Underwood,77707,100.0,27,True,underwood l
2020_IL_House-14_REP,REP,Jim Oberweis,13333,25.6,28,True,oberweis j
2020_IL_House-14_REP,REP,Sue Rezin,11879,22.8,28,False,rezin s
2020_IL_House-14_REP,REP,Catalina Lauf,10451,20.1,28,False,lauf c
2020_IL_House-14_REP,REP,Ted Gradel,6979,13.4,28,False,gradel t
2020_IL_House-14_REP,REP,Jim Marter,5724,11.0,28,False,marter j
2020_IL_House-14_REP,REP,Jerry Evans,2609,5.0,28,False,evans j
2020_IL_House-14_REP,REP,Anthony Catella,1118,2.1,28,False,catella a
2020_IL_House-15_DEM,DEM,Erika Weaver,17778,51.9,30,True,weaver e
2020_IL_House-15_DEM,DEM,Kevin Gaither,7653,22.3,30,False,gaither k
2020_IL_House-15_DEM,DEM,Craig Morton,6576,19.2,30,False,morton c
2020_IL_House-15_DEM,DEM,"John W. Hursey, Jr.",2244,6.5,30,False,hursey j
2020_IL_House-15_REP,REP,Mary Miller,48129,57.4,29,True,miller m
2020_IL_House-15_REP,REP,Darren Duncan,18309,21.8,29,False,duncan d
2020_IL_House-15_REP,REP,Kerry Wolff,11208,13.4,29,False,wolff k
2020_IL_House-15_REP,REP,Charles Ellington,6200,7.4,29,False,ellington c
2020_IL_House-16_DEM,DEM,Dani Brzozowski,50811,100.0,32,True,brzozowski d
2020_IL_House-16_REP,REP,Adam Kinzinger,45296,100.0,31,True,kinzinger a
2020_IL_House-17_DEM,DEM,Cheri Bustos,56388,99.7,33,True,bustos c
2020_IL_House-17_DEM,DEM,Spanky Edwards,189,0.3,33,False,edwards s
2020_IL_House-17_REP,REP,Esther Joy King,19464,65.1,34,True,king e
2020_IL_House-17_REP,REP,Bill Fawell,10423,34.9,34,False,fawell b
2020_IL_House-18_REP,REP,Darin LaHood,59542,100.0,35,True,lahood d
2020_IL_House-1_DEM,DEM,Bobby Rush,94863,71.5,1,True,rush b
2020_IL_House-1_DEM,DEM,Sarah Gad,13783,10.4,1,False,gad s
2020_IL_House-1_DEM,DEM,Robert Emmons Jr.,13628,10.3,1,False,emmons r
2020_IL_House-1_DEM,DEM,Ameena Matthews,10409,7.8,1,False,matthews a
2020_IL_House-1_REP,REP,Philanise White,10134,100.0,2,True,white p
2020_IL_House-1_REP,REP,Richard Mayers,1,0.0,2,False,mayers r
2020_IL_House-2_DEM,DEM,Robin Kelly,94767,84.8,3,True,kelly r
2020_IL_House-2_DEM,DEM,Marcus Lewis,16942,15.2,3,False,lewis m
2020_IL_House-2_REP,REP,Theresa Raborn,12181,100.0,4,True,raborn t
2020_IL_House-3_DEM,DEM,Marie Newman,52384,47.3,5,True,newman m
2020_IL_House-3_DEM,DEM,Dan Lipinski,49568,44.7,5,False,lipinski d
2020_IL_House-3_DEM,DEM,Rush Darwish,6351,5.7,5,False,darwish r
2020_IL_House-3_DEM,DEM,Charles Hughes,2549,2.3,5,False,hughes c
2020_IL_House-3_REP,REP,Mike Fricilone,9804,57.5,6,True,fricilone m
2020_IL_House-3_REP,REP,Catherine O'Shea,5541,32.5,6,False,oshea c
2020_IL_House-3_REP,REP,Arthur Jones,1708,10.0,6,False,jones a
2020_IL_House-3_REP,REP,Richard Mayers,2,0.0,6,False,mayers r
2020_IL_House-4_DEM,DEM,"Jesús ""Chuy"" García",88874,100.0,7,True,garcia j
2020_IL_House-4_REP,REP,Christopher Lasky,4059,100.0,8,True,lasky c
2020_IL_House-5_DEM,DEM,Mike Quigley,97865,75.1,9,True,quigley m
2020_IL_House-5_DEM,DEM,Brian Burns,32440,24.9,9,False,burns b
2020_IL_House-5_REP,REP,Tom Hanson,9764,83.1,10,True,hanson t
2020_IL_House-5_REP,REP,Kimball Ladien,1993,16.9,10,False,ladien k
2020_IL_House-6_DEM,DEM,Sean Casten,82909,100.0,11,True,casten s
2020_IL_House-6_REP,REP,Jeanne Ives,29144,70.9,12,True,ives j
2020_IL_House-6_REP,REP,Jay Kinzler,12017,29.1,12,False,kinzler j
2020_IL_House-6_REP,REP,Richard Mayers,1,0.0,12,False,mayers r
2020_IL_House-7_DEM,DEM,Danny K. Davis,79813,60.2,13,True,davis d
2020_IL_House-7_DEM,DEM,Kina Collins,18399,13.8,13,False,collins k
2020_IL_House-7_DEM,DEM,Anthony Clark,17206,13.0,13,False,clark a
2020_IL_House-7_DEM,DEM,Kristine Schanbacher,17187,13.0,13,False,schanbacher k
2020_IL_House-7_REP,REP,Craig Cameron,3799,100.0,14,True,cameron c
2020_IL_House-8_DEM,DEM,Raja Krishnamoorthi,51829,79.9,15,True,krishnamoorthi r
2020_IL_House-8_DEM,DEM,William Olson,8441,13.0,15,False,olson w
2020_IL_House-8_DEM,DEM,Inam Hussain,4563,7.1,15,False,hussain i
2020_IL_House-8_REP,REP,Joseph J Hantsch,211,99.1,16,True,hantsch j
2020_IL_House-8_REP,REP,Richard Mayers,2,0.9,16,False,mayers r
2020_IL_House-9_DEM,DEM,Jan Schakowsky,127467,99.7,17,True,schakowsky j
2020_IL_House-9_DEM,DEM,Andrew Heldut,355,0.3,17,False,heldut a
2020_IL_House-9_REP,REP,Sargis Sangari,11809,100.0,18,True,sangari s
2020_IL_House-9_REP,REP,Richard Mayers,1,0.0,18,False,mayers r
2020_IN_House-1_DEM,DEM,Frank J. Mrvan,29575,32.8,1,True,mrvan f
2020_IN_House-1_DEM,DEM,Thomas McDermott Jr.,25426,28.2,1,False,mcdermott t
2020_IN_House-1_DEM,DEM,Jim Harper,9133,10.1,1,False,harper j
2020_IN_House-1_DEM,DEM,Melissa Borom,7792,8.7,1,False,borom m
2020_IN_House-1_DEM,DEM,Mara Candelaria Reardon,6997,7.8,1,False,reardon m
2020_IN_House-1_DEM,DEM,Sabrina Haake,4365,4.8,1,False,haake s
2020_IN_House-1_DEM,DEM,Carrie Castro,1330,1.5,1,False,castro c
2020_IN_House-1_DEM,DEM,John Hall,1223,1.4,1,False,hall j
2020_IN_House-1_DEM,DEM,Scott Costello,1126,1.3,1,False,costello s
2020_IN_House-1_DEM,DEM,Tony Daggett,965,1.1,1,False,daggett t
2020_IN_House-1_DEM,DEM,Wendell Mosby,893,1.0,1,False,mosby w
2020_IN_House-1_DEM,DEM,Jayson Reeves,526,0.6,1,False,reeves j
2020_IN_House-1_DEM,DEM,Andrew Sylwestrowicz,396,0.4,1,False,sylwestrowicz a
2020_IN_House-1_DEM,DEM,Ryan Farrar,297,0.3,1,False,farrar r
2020_IN_House-1_REP,REP,Mark Leyva,10799,34.9,2,True,leyva m
2020_IN_House-1_REP,REP,Bill Powers,7073,22.9,2,False,powers b
2020_IN_House-1_REP,REP,Spencer Lemmons,4748,15.4,2,False,lemmons s
2020_IN_House-1_REP,REP,Mont Handley,3625,11.7,2,False,handley m
2020_IN_House-1_REP,REP,Dion Bergeron,3127,10.1,2,False,bergeron d
2020_IN_House-1_REP,REP,Delano Scaife,1552,5.0,2,False,scaife d
2020_IN_House-2_DEM,DEM,Patricia Hackett,32708,77.8,4,True,hackett p
2020_IN_House-2_DEM,DEM,Ellen Marks,9319,22.2,4,False,marks e
2020_IN_House-2_REP,REP,Jackie Walorski,39628,78.9,3,True,walorski j
2020_IN_House-2_REP,REP,Christopher Davis,10609,21.1,3,False,davis c
2020_IN_House-3_DEM,DEM,Chip Coldiron,13545,38.9,7,True,coldiron c
2020_IN_House-3_DEM,DEM,Carlos Marcano,10759,30.9,7,False,marcano c
2020_IN_House-3_DEM,DEM,Thomas Schrader,5570,16.0,7,False,schrader t
2020_IN_House-3_DEM,DEM,Jean-Paul Kalonji,4954,14.2,7,False,kalonji j
2020_IN_House-3_REP,REP,Jim Banks,64574,85.2,6,True,banks j
2020_IN_House-3_REP,REP,Chris Magiera,11200,14.8,6,False,magiera c
2020_IN_House-4_DEM,DEM,Joe Mackey,18086,53.9,9,True,mackey j
2020_IN_House-4_DEM,DEM,Veronikka Ziol,9630,28.7,9,False,ziol v
2020_IN_House-4_DEM,DEM,Ben Frederick,4484,13.4,9,False,frederick b
2020_IN_House-4_DEM,DEM,Howard Pollchik,1328,4.0,9,False,pollchik h
2020_IN_House-4_REP,REP,Jim Baird,65806,100.0,8,True,baird j
2020_IN_House-5_DEM,DEM,Christina Hale,30123,40.8,11,True,hale c
2020_IN_House-5_DEM,DEM,Dee Thornton,20049,27.1,11,False,thornton d
2020_IN_House-5_DEM,DEM,Jennifer Christie,13345,18.1,11,False,christie j
2020_IN_House-5_DEM,DEM,Andy Jacobs Jr.,9817,13.3,11,False,jacobs a
2020_IN_House-5_DEM,DEM,Ralph Spelbring,575,0.8,11,False,spelbring r
2020_IN_House-5_REP,REP,Victoria Spartz,34526,39.7,10,True,spartz v
2020_IN_House-5_REP,REP,Beth Henderson,15343,17.6,10,False,henderson b
2020_IN_House-5_REP,REP,Micah Beckwith,11063,12.7,10,False,beckwith m
2020_IN_House-5_REP,REP,Carl Brizzi,5619,6.5,10,False,brizzi c
2020_IN_House-5_REP,REP,Kent W. Abernathy,4901,5.6,10,False,abernathy k
2020_IN_House-5_REP,REP,Kelly Mitchell,4643,5.3,10,False,mitchell k
2020_IN_House-5_REP,REP,Chuck Dietzen,4071,4.7,10,False,dietzen c
2020_IN_House-5_REP,REP,Matt Hook,2147,2.5,10,False,hook m
2020_IN_House-5_REP,REP,Andrew Bales,1329,1.5,10,False,bales a
2020_IN_House-5_REP,REP,Mark Small,1057,1.2,10,False,small m
2020_IN_House-5_REP,REP,Danny Niederberger,675,0.8,10,False,niederberger d
2020_IN_House-5_REP,REP,Victor Wakley,465,0.5,10,False,wakley v
2020_IN_House-5_REP,REP,Allen Davidson,411,0.5,10,False,davidson a
2020_IN_House-5_REP,REP,Russell Stwalley,379,0.4,10,False,stwalley r
2020_IN_House-5_REP,REP,Matthew Hullinger,333,0.4,10,False,hullinger m
2020_IN_House-6_DEM,DEM,Jeannine Lee Lake,23900,70.3,14,True,lake j
2020_IN_House-6_DEM,DEM,Barry Welsh,5163,15.2,14,False,welsh b
2020_IN_House-6_DEM,DEM,George Holland,4923,14.5,14,False,holland g
2020_IN_House-6_REP,REP,Greg Pence,62346,83.6,13,True,pence g
2020_IN_House-6_REP,REP,Mike Campbell,12234,16.4,13,False,campbell m
2020_IN_House-7_DEM,DEM,André Carson,62117,91.8,15,True,carson a
2020_IN_House-7_DEM,DEM,Pierre Quincy Pullins,5572,8.2,15,False,pullins p
2020_IN_House-7_REP,REP,Susan Marie Smith,10705,43.1,16,True,smith s
2020_IN_House-7_REP,REP,Douglas L. Merrill,3519,14.2,16,False,merrill d
2020_IN_House-7_REP,REP,JD Miniear,3517,14.2,16,False,miniear j
2020_IN_House-7_REP,REP,Jon J. Davis,2712,10.9,16,False,davis j
2020_IN_House-7_REP,REP,Martin Ramey,2209,8.9,16,False,ramey m
2020_IN_House-7_REP,REP,Gerald Walters,2189,8.8,16,False,walters g
2020_IN_House-8_DEM,DEM,Thomasina Marsili,15097,36.3,18,True,marsili t
2020_IN_House-8_DEM,DEM,Mike Webster,13550,32.6,18,False,webster m
2020_IN_House-8_DEM,DEM,Ron Drake,12973,30.2,18,False,drake r
2020_IN_House-8_REP,REP,Larry Bucshon,51343,100.0,17,True,bucshon l
2020_IN_House-9_DEM,DEM,Andy Ruff,21626,43.7,20,True,ruff a
2020_IN_House-9_DEM,DEM,Mark Powell,9872,19.9,20,False,powell m
2020_IN_House-9_DEM,DEM,D. Liam Dorris,7813,15.8,20,False,dorris d
2020_IN_House-9_DEM,DEM,Brandon Hood,6899,13.9,20,False,hood b
2020_IN_House-9_DEM,DEM,James O’Gabhann,3306,6.7,20,False,ogabhann j
2020_IN_House-9_REP,REP,Trey Hollingsworth,62962,100.0,19,True,hollingsworth t
2020_KS_House-1_DEM,DEM,Kali Barnett,16671,62.6,2,True,barnett k
2020_KS_House-1_DEM,DEM,Christy Davis,9962,37.4,2,False,davis c
2020_KS_House-1_REP,REP,Tracey Mann,65373,54.2,1,True,mann t
2020_KS_House-1_REP,REP,Bill Clifford,39914,33.1,1,False,clifford b
2020_KS_House-1_REP,REP,Jerry Molstad,9545,7.9,1,False,molstad j
2020_KS_House-1_REP,REP,Michael Soetaert,5756,4.8,1,False,soetaert m
2020_KS_House-2_DEM,DEM,Michelle De La Isla,41050,75.0,4,True,isla m
2020_KS_House-2_DEM,DEM,James K. Windholz,13662,25.0,4,False,windholz j
2020_KS_House-2_REP,REP,Jake LaTurner,47898,49.1,3,True,laturner j
2020_KS_House-2_REP,REP,Steve Watkins,33053,33.9,3,False,watkins s
2020_KS_House-2_REP,REP,Dennis Taylor,16512,17.0,3,False,taylor d
2020_KS_House-3_DEM,DEM,Sharice Davids,74437,100.0,5,True,davids s
2020_KS_House-3_REP,REP,Amanda Adkins,29082,30.6,6,True,adkins a
2020_KS_House-3_REP,REP,Sara Hart Weir,21833,23.0,6,False,weir s
2020_KS_House-3_REP,REP,Adrienne Foster,19057,20.1,6,False,foster a
2020_KS_House-3_REP,REP,Mike Beehler,18399,19.4,6,False,beehler m
2020_KS_House-3_REP,REP,Tom Love,6533,6.9,6,False,love t
2020_KS_House-4_DEM,DEM,Laura Lombard,35437,100.0,8,True,lombard l
2020_KS_House-4_REP,REP,Ron Estes,87877,100.0,7,True,estes r
2020_KY_House-2_REP,REP,Brett Guthrie,65313,88.6,1,True,guthrie b
2020_KY_House-2_REP,REP,Kathleen Free,8380,11.4,1,False,free k
2020_KY_House-3_REP,REP,Rhonda Palazzo,19806,42.4,2,True,palazzo r
2020_KY_House-3_REP,REP,Mike Craven,19676,42.1,2,False,craven m
2020_KY_House-3_REP,REP,Waymen Eddings,7275,15.5,2,False,eddings w
2020_KY_House-4_DEM,DEM,Alexandra Owensby,41531,58.4,4,True,owensby a
2020_KY_House-4_DEM,DEM,Shannon Fabert,29557,41.6,4,False,fabert s
2020_KY_House-4_REP,REP,Thomas Massie,68591,81.0,3,True,massie t
2020_KY_House-4_REP,REP,Todd McMurtry,16092,19.0,3,False,mcmurtry t
2020_KY_House-5_REP,REP,Hal Rogers,76575,91.1,5,True,rogers h
2020_KY_House-5_REP,REP,Gerardo Serrano,7436,8.9,5,False,serrano g
2020_KY_House-6_DEM,DEM,Josh Hicks,81305,72.4,7,True,hicks j
2020_KY_House-6_DEM,DEM,Daniel Kemph,31064,27.6,7,False,kemph d
2020_KY_House-6_REP,REP,Andy Barr,62706,90.7,6,True,barr a
2020_KY_House-6_REP,REP,Chuck Eddy,3636,5.3,6,False,eddy c
2020_KY_House-6_REP,REP,Geoff Young,2765,4.0,6,False,young g
2020_LA_House-5_REP,REP,Luke Letlow,49183,62.0,2,True,letlow l
2020_LA_House-5_REP,REP,Lance Harris,30124,38.0,2,False,harris l
2020_MA_House-1_DEM,DEM,Richard Neal,84092,58.7,1,True,neal r
2020_MA_House-1_DEM,DEM,Alex Morse,59110,41.2,1,False,morse a
2020_MA_House-1_DEM,DEM,Write-ins,191,0.1,1,False,writeins
2020_MA_House-2_DEM,DEM,Jim McGovern,121645,99.4,2,True,mcgovern j
2020_MA_House-2_DEM,DEM,Write-ins,686,0.6,2,False,writeins
2020_MA_House-2_REP,REP,Tracy Lovvorn,26456,99.1,3,True,lovvorn t
2020_MA_House-2_REP,REP,Write-ins,241,0.9,3,False,writeins
2020_MA_House-3_DEM,DEM,Lori Trahan,115142,99.2,4,True,trahan l
2020_MA_House-3_DEM,DEM,Write-ins,880,0.8,4,False,writeins
2020_MA_House-4_DEM,DEM,Jake Auchincloss,35361,22.4,5,True,auchincloss j
2020_MA_House-4_DEM,DEM,Jesse Mermell,33216,21.0,5,False,mermell j
2020_MA_House-4_DEM,DEM,Becky Grossman,28578,18.1,5,False,grossman b
2020_MA_House-4_DEM,DEM,Natalia Linos,18364,11.6,5,False,linos n
2020_MA_House-4_DEM,DEM,Ihssane Leckey,17539,11.1,5,False,leckey i
2020_MA_House-4_DEM,DEM,Alan Khazei,14440,9.1,5,False,khazei a
2020_MA_House-4_DEM,DEM,Chris Zannetos,5135,3.3,5,False,zannetos c
2020_MA_House-4_DEM,DEM,David Cavell,2498,1.6,5,False,cavell d
2020_MA_House-4_DEM,DEM,Ben Sigel,2465,1.6,5,False,sigel b
2020_MA_House-4_DEM,DEM,Write-ins,242,0.2,5,False,writeins
2020_MA_House-4_REP,REP,Julie Hall,19394,62.8,6,True,hall j
2020_MA_House-4_REP,REP,David Rosa,11296,36.6,6,False,rosa d
2020_MA_House-4_REP,REP,Write-ins,182,0.6,6,False,writeins
2020_MA_House-5_DEM,DEM,Katherine Clark,162768,99.4,7,True,clark k
2020_MA_House-5_DEM,DEM,Write-ins,938,0.6,7,False,writeins
2020_MA_House-5_REP,REP,Caroline Colarusso,18818,98.2,8,True,colarusso c
2020_MA_House-5_REP,REP,Write-ins,336,1.8,8,False,writeins
2020_MA_House-6_DEM,DEM,Seth Moulton,124928,78.0,9,True,moulton s
2020_MA_House-6_DEM,DEM,Jamie Zahlaway Belsito,19492,12.2,9,False,belsito j
2020_MA_House-6_DEM,DEM,Angus McQuilken,15478,9.6,9,False,mcquilken a
2020_MA_House-6_DEM,DEM,Write-ins,268,0.2,9,False,writeins
2020_MA_House-6_REP,REP,John Paul Moran,32564,98.9,10,True,moran j
2020_MA_House-6_REP,REP,Write-ins,375,1.1,10,False,writeins
2020_MA_House-7_DEM,DEM,Ayanna Pressley,142108,98.6,11,True,pressley a
2020_MA_House-7_DEM,DEM,Write-ins,1979,1.4,11,False,writeins
2020_MA_House-7_REP,REP,Other Write-ins,1779,58.6,12,True,writeins o
2020_MA_House-7_REP,REP,Rayla Campbell,1202,39.6,12,False,campbell r
2020_MA_House-7_REP,REP,Rachel Miselman,55,1.8,12,False,miselman r
2020_MA_House-8_DEM,DEM,Stephen F. Lynch,111542,66.4,13,True,lynch s
2020_MA_House-8_DEM,DEM,Robbie Goldstein,56219,33.5,13,False,goldstein r
2020_MA_House-8_DEM,DEM,Write-ins,222,0.1,13,False,writeins
2020_MA_House-9_DEM,DEM,Bill Keating,125608,99.4,14,True,keating b
2020_MA_House-9_DEM,DEM,Write-ins,751,0.6,14,False,writeins
2020_MA_House-9_REP,REP,Helen Brady,36238,99.0,15,True,brady h
2020_MA_House-9_REP,REP,Write-ins,378,1.0,15,False,writeins
2020_MD_House-1_DEM,DEM,Mia Mason,25772,42.8,1,True,mason m
2020_MD_House-1_DEM,DEM,Allison Galbraith,22386,37.2,1,False,galbraith a
2020_MD_House-1_DEM,DEM,Jennifer Pingley,12040,20.0,1,False,pingley j
2020_MD_House-1_REP,REP,Andy Harris,72265,81.6,2,True,harris a
2020_MD_House-1_REP,REP,Jorge Delgado,16281,18.4,2,False,delgado j
2020_MD_House-2_DEM,DEM,Dutch Ruppersberger,82167,73.3,3,True,ruppersberger d
2020_MD_House-2_DEM,DEM,Michael Feldman,20222,18.0,3,False,feldman m
2020_MD_House-2_DEM,DEM,Jake Pretot,9780,8.7,3,False,pretot j
2020_MD_House-2_REP,REP,Johnny Ray Salling,5942,19.1,4,True,salling j
2020_MD_House-2_REP,REP,Genevieve Morris,5134,16.5,4,False,morris g
2020_MD_House-2_REP,REP,Tim Fazenbaker,5123,16.4,4,False,fazenbaker t
2020_MD_House-2_REP,REP,Richard Impallaria,5061,16.2,4,False,impallaria r
2020_MD_House-2_REP,REP,Jim Simpson,4764,15.3,4,False,simpson j
2020_MD_House-2_REP,REP,Scott M. Collier,3564,11.4,4,False,collier s
2020_MD_House-2_REP,REP,Blaine Taylor,1562,5.0,4,False,taylor b
2020_MD_House-3_DEM,DEM,John Sarbanes,110457,82.5,5,True,sarbanes j
2020_MD_House-3_DEM,DEM,Joseph C. Ardito,17877,13.4,5,False,ardito j
2020_MD_House-3_DEM,DEM,John M. Rea,5571,4.2,5,False,rea j
2020_MD_House-3_REP,REP,Charles Anthony,12040,41.7,6,True,anthony c
2020_MD_House-3_REP,REP,Reba A. Hawkins,6535,22.6,6,False,hawkins r
2020_MD_House-3_REP,REP,"Thomas E. ""Pinkston"" Harris",4623,16.0,6,False,harris t
2020_MD_House-3_REP,REP,Rob Seyfferth,3210,11.1,6,False,seyfferth r
2020_MD_House-3_REP,REP,Joshua M. Morales,2487,8.6,6,False,morales j
2020_MD_House-4_DEM,DEM,Anthony Brown,110232,77.6,7,True,brown a
2020_MD_House-4_DEM,DEM,Shelia Bryant,26735,18.8,7,False,bryant s
2020_MD_House-4_DEM,DEM,Kim A. Shelton,5044,3.6,7,False,shelton k
2020_MD_House-4_REP,REP,George E. McDermott,11131,56.4,8,True,mcdermott g
2020_MD_House-4_REP,REP,Nnabu Eze,4512,22.9,8,False,eze n
2020_MD_House-4_REP,REP,Eric Loeb,4098,20.8,8,False,loeb e
2020_MD_House-5_DEM,DEM,Steny Hoyer,96664,64.4,9,True,hoyer s
2020_MD_House-5_DEM,DEM,Mckayla Wilkes,40105,26.7,9,False,wilkes m
2020_MD_House-5_DEM,DEM,Vanessa Marie Hoffman,6357,4.2,9,False,hoffman v
2020_MD_House-5_DEM,DEM,Briana Urbina,4091,2.7,9,False,urbina b
2020_MD_House-5_DEM,DEM,William Devine,2851,1.9,9,False,devine w
2020_MD_House-5_REP,REP,Chris Palombi,11761,36.0,10,True,palombi c
2020_MD_House-5_REP,REP,Doug Sayers,9727,29.8,10,False,sayers d
2020_MD_House-5_REP,REP,Kenneth Lee,5008,15.3,10,False,lee k
2020_MD_House-5_REP,REP,Lee Havis,3593,11.0,10,False,havis l
2020_MD_House-5_REP,REP,Bryan DuVal Cubero,2585,7.9,10,False,cubero b
2020_MD_House-6_DEM,DEM,David Trone,65655,72.4,11,True,trone d
2020_MD_House-6_DEM,DEM,Maxwell Bero,25037,27.6,11,False,bero m
2020_MD_House-6_REP,REP,Neil Parrott,28804,65.2,12,True,parrott n
2020_MD_House-6_REP,REP,Kevin T. Caldwell,11258,25.5,12,False,caldwell k
2020_MD_House-6_REP,REP,Chris P. Meyyur,4113,9.3,12,False,meyyur c
2020_MD_House-7_DEM,DEM,Kweisi Mfume,113061,74.3,13,True,mfume k
2020_MD_House-7_DEM,DEM,Maya Rockeymoore Cummings,15208,10.0,13,False,cummings m
2020_MD_House-7_DEM,DEM,Jill P. Carter,13237,8.7,13,False,carter j
2020_MD_House-7_DEM,DEM,Alicia D. Brown,1841,1.2,13,False,brown a
2020_MD_House-7_DEM,DEM,Charles Stokes,1356,0.9,13,False,stokes c
2020_MD_House-7_DEM,DEM,T. Dan Baker,1141,0.7,13,False,baker t
2020_MD_House-7_DEM,DEM,Jay Jalisi,1056,0.7,13,False,jalisi j
2020_MD_House-7_DEM,DEM,Harry Spikes,1040,0.7,13,False,spikes h
2020_MD_House-7_DEM,DEM,Saafir Rabb,948,0.6,13,False,rabb s
2020_MD_House-7_DEM,DEM,Mark Gosnell,765,0.5,13,False,gosnell m
2020_MD_House-7_DEM,DEM,Darryl Gonzalez,501,0.3,13,False,gonzalez d
2020_MD_House-7_DEM,DEM,Jeff Woodard,368,0.2,13,False,woodard j
2020_MD_House-7_DEM,DEM,Gary Schuman,344,0.2,13,False,schuman g
2020_MD_House-7_DEM,DEM,Michael D. Howard Jr.,327,0.2,13,False,howard m
2020_MD_House-7_DEM,DEM,Michael Davidson,298,0.2,13,False,davidson m
2020_MD_House-7_DEM,DEM,Dan L. Hiegel,211,0.1,13,False,hiegel d
2020_MD_House-7_DEM,DEM,Charles U. Smith,189,0.1,13,False,smith c
2020_MD_House-7_DEM,DEM,Matko Lee Chullin,187,0.1,13,False,chullin m
2020_MD_House-7_DEM,DEM,Adrian Petrus,170,0.1,13,False,petrus a
2020_MD_House-7_REP,REP,Kimberly Klacik,16465,68.8,14,True,klacik k
2020_MD_House-7_REP,REP,Liz Matory,3401,14.2,14,False,matory l
2020_MD_House-7_REP,REP,William T. Newton,1271,5.3,14,False,newton w
2020_MD_House-7_REP,REP,Ray Bly,1234,5.2,14,False,bly r
2020_MD_House-7_REP,REP,Brian L. Brown,1134,4.7,14,False,brown b
2020_MD_House-7_REP,REP,M. J. Madwolf,442,1.8,14,False,madwolf m
2020_MD_House-8_DEM,DEM,Jamie Raskin,111894,86.8,15,True,raskin j
2020_MD_House-8_DEM,DEM,Marcia H. Morgan,10236,7.9,15,False,morgan m
2020_MD_House-8_DEM,DEM,Lih Young,4874,3.8,15,False,young l
2020_MD_House-8_DEM,DEM,Utam Paul,1885,1.5,15,False,paul u
2020_MD_House-8_REP,REP,Gregory Thomas Coll,13070,41.8,16,True,coll g
2020_MD_House-8_REP,REP,Bridgette L. Cooper,4831,15.4,16,False,cooper b
2020_MD_House-8_REP,REP,Nicholas Gladden,4019,12.8,16,False,gladden n
2020_MD_House-8_REP,REP,Patricia Rogers,3868,12.4,16,False,rogers p
2020_MD_House-8_REP,REP,Shelly Skolnick,2979,9.5,16,False,skolnick s
2020_MD_House-8_REP,REP,Michael Yadeta,2526,8.1,16,False,yadeta m
2020_ME_House-1_DEM,DEM,Chellie Pingree,102773,100.0,1,True,pingree c
2020_ME_House-1_REP,REP,Jay Allen,31124,100.0,2,True,allen j
2020_ME_House-2_DEM,DEM,Jared Golden,57718,100.0,3,True,golden j
2020_ME_House-2_REP,REP,Dale Crafts,23665,45.0,4,True,crafts d
2020_ME_House-2_REP,REP,Adrienne Bennett,16920,32.2,4,False,bennett a
2020_ME_House-2_REP,REP,Eric Brakey,11976,22.8,4,False,brakey e
2020_MI_House-10_DEM,DEM,Kimberly Bizon,27971,53.7,20,True,bizon k
2020_MI_House-10_DEM,DEM,Kelly Noland,24085,46.3,20,False,noland k
2020_MI_House-10_REP,REP,Lisa McClain,50927,41.7,19,True,mcclain l
2020_MI_House-10_REP,REP,Shane Hernandez,44526,36.4,19,False,hernandez s
2020_MI_House-10_REP,REP,Doug Slocum,26750,21.9,19,False,slocum d
2020_MI_House-11_DEM,DEM,Haley Stevens,105251,100.0,21,True,stevens h
2020_MI_House-11_REP,REP,Eric Esshaki,26991,31.0,22,True,esshaki e
2020_MI_House-11_REP,REP,Carmelita Greco,19869,22.9,22,False,greco c
2020_MI_House-11_REP,REP,Kerry Bentivolio,18794,21.6,22,False,bentivolio k
2020_MI_House-11_REP,REP,Frank Acosta,11030,12.7,22,False,acosta f
2020_MI_House-11_REP,REP,Whittney Williams,10251,11.8,22,False,williams w
2020_MI_House-11_REP,REP,Eric Sandberg,5,0.0,22,False,sandberg e
2020_MI_House-12_DEM,DEM,Debbie Dingell,103953,80.9,23,True,dingell d
2020_MI_House-12_DEM,DEM,Solomon Rajput,24497,19.1,23,False,rajput s
2020_MI_House-12_REP,REP,Jeff Jones,34718,100.0,24,True,jones j
2020_MI_House-13_DEM,DEM,Rashida Tlaib,71703,66.3,25,True,tlaib r
2020_MI_House-13_DEM,DEM,Brenda Jones,36493,33.7,25,False,jones b
2020_MI_House-13_REP,REP,David Dudenhoefer,6833,47.6,26,True,dudenhoefer d
2020_MI_House-13_REP,REP,Linda Sawyer,4955,34.5,26,False,sawyer l
2020_MI_House-13_REP,REP,Al Lemmo,2574,17.9,26,False,lemmo a
2020_MI_House-14_DEM,DEM,Brenda Lawrence,127006,93.2,27,True,lawrence b
2020_MI_House-14_DEM,DEM,Terrance Morrison,9264,6.8,27,False,morrison t
2020_MI_House-14_REP,REP,Robert Patrick,12481,65.4,28,True,patrick r
2020_MI_House-14_REP,REP,Daryle F. Houston,6597,34.6,28,False,houston d
2020_MI_House-1_DEM,DEM,Dana Ferguson,45565,64.2,2,True,ferguson d
2020_MI_House-1_DEM,DEM,Linda O'Dell,25388,35.8,2,False,odell l
2020_MI_House-1_REP,REP,Jack Bergman,100716,100.0,1,True,bergman j
2020_MI_House-2_DEM,DEM,Bryan Berghoef,59703,100.0,4,True,berghoef b
2020_MI_House-2_REP,REP,Bill Huizenga,88258,100.0,3,True,huizenga b
2020_MI_House-3_DEM,DEM,Hillary Scholten,65008,100.0,6,True,scholten h
2020_MI_House-3_REP,REP,Peter Meijer,47273,50.2,5,True,meijer p
2020_MI_House-3_REP,REP,Lynn Afendoulis,24579,26.1,5,False,afendoulis l
2020_MI_House-3_REP,REP,Tom Norton,14913,15.8,5,False,norton t
2020_MI_House-3_REP,REP,Joe Farrington,3966,4.2,5,False,farrington j
2020_MI_House-3_REP,REP,Emily Rafi,3462,3.7,5,False,rafi e
2020_MI_House-4_DEM,DEM,Jerry Hilliard,26616,54.1,8,True,hilliard j
2020_MI_House-4_DEM,DEM,Anthony Feig,22594,45.9,8,False,feig a
2020_MI_House-4_REP,REP,John Moolenaar,97653,100.0,7,True,moolenaar j
2020_MI_House-5_DEM,DEM,Dan Kildee,91288,100.0,9,True,kildee d
2020_MI_House-5_REP,REP,Tim Kelly,37545,79.3,10,True,kelly t
2020_MI_House-5_REP,REP,Earl Lackie,9822,20.7,10,False,lackie e
2020_MI_House-6_DEM,DEM,Jon Hoadley,33976,52.2,12,True,hoadley j
2020_MI_House-6_DEM,DEM,Jen Richardson,31061,47.8,12,False,richardson j
2020_MI_House-6_REP,REP,Fred Upton,53495,62.7,11,True,upton f
2020_MI_House-6_REP,REP,Elena Oelke,31884,37.3,11,False,oelke e
2020_MI_House-7_DEM,DEM,Gretchen Driskell,63470,100.0,14,True,driskell g
2020_MI_House-7_REP,REP,Tim Walberg,84397,100.0,13,True,walberg t
2020_MI_House-8_DEM,DEM,Elissa Slotkin,90570,100.0,15,True,slotkin e
2020_MI_House-8_REP,REP,Paul Junge,30525,35.1,16,True,junge p
2020_MI_House-8_REP,REP,Mike Detmer,24863,28.6,16,False,detmer m
2020_MI_House-8_REP,REP,Kristina Lyke,22093,25.4,16,False,lyke k
2020_MI_House-8_REP,REP,Alan Hoover,9461,10.9,16,False,hoover a
2020_MI_House-9_DEM,DEM,Andy Levin,103202,100.0,17,True,levin a
2020_MI_House-9_REP,REP,Charles Langworthy,32084,57.4,18,True,langworthy c
2020_MI_House-9_REP,REP,Gabi Grossbard,23846,42.6,18,False,grossbard g
2020_MI_House-9_REP,REP,Douglas Troszak,1,0.0,18,False,troszak d
2020_MN_House-3_REP,REP,Kendall Qualls,25405,75.9,2,True,qualls k
2020_MN_House-3_REP,REP,Leslie Davis,8060,24.1,2,False,davis l
2020_MN_House-4_REP,REP,Gene Rechtzigel,9182,50.9,4,True,rechtzigel g
2020_MN_House-4_REP,REP,Sia Lo,8866,49.1,4,False,lo s
2020_MN_House-5_REP,REP,Lacy Johnson,9188,76.6,7,True,johnson l
2020_MN_House-5_REP,REP,Danielle Stella,2236,18.7,7,False,stella d
2020_MN_House-5_REP,REP,Dalia al-Aqidi,568,4.7,7,False,alaqidi d
2020_MN_House-6_REP,REP,Tom Emmer,30654,87.2,9,True,emmer t
2020_MN_House-6_REP,REP,Patrick Munro,4518,12.8,9,False,munro p
2020_MN_House-7_REP,REP,Michelle Fischbach,26359,58.8,12,True,fischbach m
2020_MN_House-7_REP,REP,Dave Hughes,9948,22.2,12,False,hughes d
2020_MN_House-7_REP,REP,Noel Collis,6747,15.1,12,False,collis n
2020_MN_House-7_REP,REP,William Louwagie,989,2.2,12,False,louwagie w
2020_MN_House-7_REP,REP,Jayesun Sherman,757,1.7,12,False,sherman j
2020_MN_House-8_REP,REP,Pete Stauber,39060,93.7,15,True,stauber p
2020_MN_House-8_REP,REP,Harry Welty,2606,6.3,15,False,welty h
2020_MO_House-1_DEM,DEM,Cori Bush,73274,48.5,1,True,bush c
2020_MO_House-1_DEM,DEM,Lacy Clay,68887,45.6,1,False,clay l
2020_MO_House-1_DEM,DEM,Katherine Bruckner,8850,5.9,1,False,bruckner k
2020_MO_House-1_REP,REP,Anthony Rogers,6979,61.5,2,True,rogers a
2020_MO_House-1_REP,REP,Winnie Heartstrong,4367,38.5,2,False,heartstrong w
2020_MO_House-2_DEM,DEM,Jill Schupp,103164,100.0,5,True,schupp j
2020_MO_House-2_REP,REP,Ann Wagner,63686,100.0,4,True,wagner a
2020_MO_House-3_DEM,DEM,Megan Rezabek,27826,66.8,8,True,rezabek m
2020_MO_House-3_DEM,DEM,Dennis Oglesby,13801,33.2,8,False,oglesby d
2020_MO_House-3_REP,REP,Blaine Luetkemeyer,80627,74.8,7,True,luetkemeyer b
2020_MO_House-3_REP,REP,Brandon Wilkinson,15901,14.8,7,False,wilkinson b
2020_MO_House-3_REP,REP,Lynette Trares,4197,3.9,7,False,trares l
2020_MO_House-3_REP,REP,Jeffrey Nowak,3517,3.3,7,False,nowak j
2020_MO_House-3_REP,REP,Adela Wisdom,3485,3.2,7,False,wisdom a
2020_MO_House-4_DEM,DEM,Lindsey Simmons,38339,100.0,11,True,simmons l
2020_MO_House-4_REP,REP,Vicky Hartzler,80652,76.6,10,True,hartzler v
2020_MO_House-4_REP,REP,Neal Gist,24646,23.4,10,False,gist n
2020_MO_House-5_DEM,DEM,Emanuel Cleaver,75040,85.3,13,True,cleaver e
2020_MO_House-5_DEM,DEM,Maite Salazar,12923,14.7,13,False,salazar m
2020_MO_House-5_REP,REP,Ryan Derks,13832,34.0,14,True,derks r
2020_MO_House-5_REP,REP,Jerry W. Barham,12880,31.7,14,False,barham j
2020_MO_House-5_REP,REP,Clay Chastain,7519,18.5,14,False,chastain c
2020_MO_House-5_REP,REP,"Weldon ""Wilbur"" Woodward",2381,5.8,14,False,woodward w
2020_MO_House-5_REP,REP,R.H. Hess,2207,5.4,14,False,hess r
2020_MO_House-5_REP,REP,Richonda Oaks,1872,4.6,14,False,oaks r
2020_MO_House-6_DEM,DEM,Gena L. Ross,14503,32.8,17,True,ross g
2020_MO_House-6_DEM,DEM,Ramona Farris,11882,26.9,17,False,farris r
2020_MO_House-6_DEM,DEM,Henry Martin,9393,21.3,17,False,martin h
2020_MO_House-6_DEM,DEM,Charles West,6951,15.7,17,False,west c
2020_MO_House-6_DEM,DEM,Donald Robert Sartain,1447,3.3,17,False,sartain d
2020_MO_House-6_REP,REP,Sam Graves,81584,79.7,16,True,graves s
2020_MO_House-6_REP,REP,Chris Ryan,20826,20.3,16,False,ryan c
2020_MO_House-7_DEM,DEM,Teresa Montseny,30568,100.0,20,True,montseny t
2020_MO_House-7_REP,REP,Billy Long,69407,66.1,19,True,long b
2020_MO_House-7_REP,REP,Eric Harleman,11696,11.1,19,False,harleman e
2020_MO_House-7_REP,REP,Kevin VanStory,10486,10.0,19,False,vanstory k
2020_MO_House-7_REP,REP,Steve Chetnik,7407,7.1,19,False,chetnik s
2020_MO_House-7_REP,REP,Camille Lombardi-Olive,5969,5.7,19,False,lombardiolive c
2020_MO_House-8_DEM,DEM,Kathryn Ellis,20354,100.0,23,True,ellis k
2020_MO_House-8_REP,REP,Jason Smith,114074,100.0,22,True,smith j
2020_MS_House-1_DEM,DEM,Antonia Eliason,37830,100.0,2,True,eliason a
2020_MS_House-1_REP,REP,Trent Kelly,56501,100.0,1,True,kelly t
2020_MS_House-2_DEM,DEM,Bennie Thompson,97921,94.0,3,True,thompson b
2020_MS_House-2_DEM,DEM,Sonia Rathburn,6256,6.0,3,False,rathburn s
2020_MS_House-2_REP,REP,Brian Flowers,3747,70.0,5,True,flowers b
2020_MS_House-2_REP,REP,Thomas Carey,1607,30.0,5,False,carey t
2020_MS_House-3_DEM,DEM,"Dorothy ""Dot"" Benford",38967,64.0,7,True,benford d
2020_MS_House-3_DEM,DEM,Katelyn Lee,21951,36.0,7,False,lee k
2020_MS_House-3_REP,REP,Michael Guest,67269,89.8,6,True,guest m
2020_MS_House-3_REP,REP,James Tulp,7618,10.2,6,False,tulp j
2020_MS_House-4_REP,REP,Steven Palazzo,54318,66.8,8,True,palazzo s
2020_MS_House-4_REP,REP,Robert Deming,11463,14.1,8,False,deming r
2020_MS_House-4_REP,REP,Samuel Hickman,7981,9.8,8,False,hickman s
2020_MS_House-4_REP,REP,Carl Boyanton,7533,9.3,8,False,boyanton c
2020_MT_House-1_DEM,DEM,Kathleen Williams,133436,89.47,2,True,williams k
2020_MT_House-1_DEM,DEM,Tom Winter,15698,10.53,2,False,winter t
2020_MT_House-1_REP,REP,Matt Rosendale,104575,48.31,1,True,rosendale m
2020_MT_House-1_REP,REP,Corey Stapleton,71902,33.21,1,False,stapleton c
2020_MT_House-1_REP,REP,Debra Lamm,14462,6.68,1,False,lamm d
2020_MT_House-1_REP,REP,Joe Dooling,13726,6.34,1,False,dooling j
2020_MT_House-1_REP,REP,Mark McGinley,7818,3.61,1,False,mcginley m
2020_MT_House-1_REP,REP,John Evankovich,3983,1.84,1,False,evankovich j
2020_NC_House-10_REP,REP,Patrick McHenry,62661,71.7,10,True,mchenry p
2020_NC_House-10_REP,REP,David L. Johnson,14286,16.3,10,False,johnson d
2020_NC_House-10_REP,REP,Ralf Walters,10484,12.0,10,False,walters r
2020_NC_House-11_DEM,DEM,Moe Davis,52983,47.3,13,True,davis m
2020_NC_House-11_DEM,DEM,Gina Collias,25387,22.7,13,False,collias g
2020_NC_House-11_DEM,DEM,Phillip Price,12620,11.3,13,False,price p
2020_NC_House-11_DEM,DEM,Michael O'Shea,12523,11.2,13,False,oshea m
2020_NC_House-11_DEM,DEM,Steve Woodsmall,8439,7.5,13,False,woodsmall s
2020_NC_House-11_REP,REP,Madison Cawthorn,30636,65.8,12,True,cawthorn m
2020_NC_House-11_REP,REP,Lynda Bennett,15905,34.2,12,False,bennett l
2020_NC_House-12_DEM,DEM,Alma Adams,109009,88.1,14,True,adams a
2020_NC_House-12_DEM,DEM,Keith Cradle,14713,11.9,14,False,cradle k
2020_NC_House-1_REP,REP,Sandy Smith,31490,77.3,1,True,smith s
2020_NC_House-1_REP,REP,Michele Nix,4030,9.9,1,False,nix m
2020_NC_House-1_REP,REP,Jim Glisson,3031,7.4,1,False,glisson j
2020_NC_House-1_REP,REP,Ethan Baca,2206,5.5,1,False,baca e
2020_NC_House-2_DEM,DEM,Deborah Ross,103574,69.9,2,True,ross d
2020_NC_House-2_DEM,DEM,Monika Johnson-Hostler,33369,22.5,2,False,johnsonhostler m
2020_NC_House-2_DEM,DEM,Andy Terrell,8666,5.8,2,False,terrell a
2020_NC_House-2_DEM,DEM,Ollie Nelson,2677,1.8,2,False,nelson o
2020_NC_House-4_DEM,DEM,David Price,153322,86.7,3,True,price d
2020_NC_House-4_DEM,DEM,Daniel Ulysses Lockwood,23564,13.3,3,False,lockwood d
2020_NC_House-4_REP,REP,Robert Thomas,17474,48.3,4,True,thomas r
2020_NC_House-4_REP,REP,Debesh Sarkar,8320,23.0,4,False,sarkar d
2020_NC_House-4_REP,REP,Steve Von Loor,6283,17.3,4,False,loor s
2020_NC_House-4_REP,REP,Nasir Shaikh,4127,11.4,4,False,shaikh n
2020_NC_House-5_DEM,DEM,David Brown,34339,68.0,5,True,brown d
2020_NC_House-5_DEM,DEM,Eric Hughes,16139,32.0,5,False,hughes e
2020_NC_House-6_DEM,DEM,Kathy Manning,56986,48.3,7,True,manning k
2020_NC_House-6_DEM,DEM,Rhonda Foxx,23506,19.9,7,False,foxx r
2020_NC_House-6_DEM,DEM,Bruce Davis,17731,15.0,7,False,davis b
2020_NC_House-6_DEM,DEM,Derwin Montgomery,14705,12.5,7,False,montgomery d
2020_NC_House-6_DEM,DEM,Ed Hanes,5067,4.3,7,False,hanes e
2020_NC_House-6_REP,REP,Lee Haywood,28842,73.3,6,True,haywood l
2020_NC_House-6_REP,REP,Laura Pichardo,10529,26.7,6,False,pichardo l
2020_NC_House-7_DEM,DEM,Chris Ward,35224,46.3,8,True,ward c
2020_NC_House-7_DEM,DEM,Mark Judson,27640,36.4,8,False,judson m
2020_NC_House-7_DEM,DEM,Robert Colon,13183,17.3,8,False,colon r
2020_NC_House-9_DEM,DEM,Cynthia Wallace,45359,56.0,9,True,wallace c
2020_NC_House-9_DEM,DEM,Harry Southerland,13163,16.3,9,False,southerland h
2020_NC_House-9_DEM,DEM,Clayton Brooks,11913,14.7,9,False,brooks c
2020_NC_House-9_DEM,DEM,Marcus Williams,10527,13.0,9,False,williams m
2020_ND_House-1_REP,REP,Kelly Armstrong,99582,99.54,1,True,armstrong k
2020_ND_House-1_REP,REP,Write-in,461,0.46,1,False,writein
2020_NE_House-1_DEM,DEM,Kate Bolz,43400,77.6,2,True,bolz k
2020_NE_House-1_DEM,DEM,Barbara Ramsey,12497,22.4,2,False,ramsey b
2020_NE_House-1_REP,REP,Jeff Fortenberry,84017,100.0,1,True,fortenberry j
2020_NE_House-2_DEM,DEM,Kara Eastman,45953,62.1,5,True,eastman k
2020_NE_House-2_DEM,DEM,Ann Ashford,23059,31.2,5,False,ashford a
2020_NE_House-2_DEM,DEM,Gladys Harrison,4920,6.7,5,False,harrison g
2020_NE_House-2_REP,REP,Don Bacon,68531,90.6,4,True,bacon d
2020_NE_House-2_REP,REP,Paul Anderson,7106,9.4,4,False,anderson p
2020_NE_House-3_DEM,DEM,"Mark Elworth, Jr.",26772,100.0,9,True,elworth m
2020_NE_House-3_REP,REP,Adrian Smith,96260,82.6,8,True,smith a
2020_NE_House-3_REP,REP,Arron Kowalski,6424,5.5,8,False,kowalski a
2020_NE_House-3_REP,REP,Justin Moran,6374,5.5,8,False,moran j
2020_NE_House-3_REP,REP,William Elfgren,4063,3.5,8,False,elfgren w
2020_NE_House-3_REP,REP,Larry Lee Scott Bolinger,3389,2.9,8,False,bolinger l
2020_NH_House-1_DEM,DEM,Chris Pappas,70643,100.0,1,True,pappas c
2020_NH_House-1_REP,REP,Matt Mowers,41100,59.4,2,True,mowers m
2020_NH_House-1_REP,REP,Matt Mayberry,18479,26.7,2,False,mayberry m
2020_NH_House-1_REP,REP,Kevin Rondeau,4203,6.1,2,False,rondeau k
2020_NH_House-1_REP,REP,Jeff Denaro,2723,3.9,2,False,denaro j
2020_NH_House-1_REP,REP,Michael Callis,2703,3.9,2,False,callis m
2020_NH_House-2_DEM,DEM,Annie Kuster,71358,92.8,3,True,kuster a
2020_NH_House-2_DEM,DEM,Joseph Mirzoeff,5500,7.2,3,False,mirzoeff j
2020_NH_House-2_REP,REP,Steve Negron,30503,48.3,4,True,negron s
2020_NH_House-2_REP,REP,Lynne Blankenbeker,24464,38.7,4,False,blankenbeker l
2020_NH_House-2_REP,REP,Matthew Bjelobrk,4381,6.9,4,False,bjelobrk m
2020_NH_House-2_REP,REP,Eli Clemmer,3850,6.1,4,False,clemmer e
2020_NJ_House-10_DEM,DEM,Donald Payne Jr.,83436,88.5,19,True,payne d
2020_NJ_House-10_DEM,DEM,Eugene Mazo,6653,7.0,19,False,mazo e
2020_NJ_House-10_DEM,DEM,John J. Flora,4239,4.5,19,False,flora j
2020_NJ_House-10_REP,REP,Jennifer Zinone,3113,100.0,20,True,zinone j
2020_NJ_House-11_DEM,DEM,Mikie Sherrill,79961,100.0,21,True,sherrill m
2020_NJ_House-11_REP,REP,Rosemary Becchi,46774,100.0,22,True,becchi r
2020_NJ_House-12_DEM,DEM,Bonnie Watson Coleman,81936,89.2,23,True,coleman b
2020_NJ_House-12_DEM,DEM,Lisa McCormick,9928,10.8,23,False,mccormick l
2020_NJ_House-12_REP,REP,Mark Razzoli,19992,100.0,24,True,razzoli m
2020_NJ_House-1_DEM,DEM,Donald Norcross,94084,100.0,1,True,norcross d
2020_NJ_House-1_REP,REP,Claire Gustafson,27616,100.0,2,True,gustafson c
2020_NJ_House-2_DEM,DEM,Amy Kennedy,43414,62.1,4,True,kennedy a
2020_NJ_House-2_DEM,DEM,Brigid Callahan Harrison,15560,22.3,4,False,harrison b
2020_NJ_House-2_DEM,DEM,William Cunningham,8946,12.8,4,False,cunningham w
2020_NJ_House-2_DEM,DEM,John Francis,1061,1.5,4,False,francis j
2020_NJ_House-2_DEM,DEM,Robert Turkavage,938,1.3,4,False,turkavage r
2020_NJ_House-2_REP,REP,Jeff Van Drew,45226,82.4,3,True,drew j
2020_NJ_House-2_REP,REP,Bob Patterson,9691,17.6,3,False,patterson b
2020_NJ_House-3_DEM,DEM,Andy Kim,79417,100.0,5,True,kim a
2020_NJ_House-3_REP,REP,David Richter,35824,61.1,6,True,richter d
2020_NJ_House-3_REP,REP,Kate Gibbs,22768,38.9,6,False,gibbs k
2020_NJ_House-4_DEM,DEM,Stephanie Schmid,38444,67.4,8,True,schmid s
2020_NJ_House-4_DEM,DEM,Christine Conforti,14331,25.1,8,False,conforti c
2020_NJ_House-4_DEM,DEM,David Applefield,4244,7.5,8,False,applefield d
2020_NJ_House-4_REP,REP,Chris Smith,51636,94.8,7,True,smith c
2020_NJ_House-4_REP,REP,Alter Richter,2853,5.2,7,False,richter a
2020_NJ_House-5_DEM,DEM,Josh Gottheimer,52406,66.5,9,True,gottheimer j
2020_NJ_House-5_DEM,DEM,Arati Kreibich,26418,33.5,9,False,kreibich a
2020_NJ_House-5_REP,REP,Frank Pallotta,25834,51.7,10,True,pallotta f
2020_NJ_House-5_REP,REP,John McCann,16220,32.4,10,False,mccann j
2020_NJ_House-5_REP,REP,James Baldini,5126,10.3,10,False,baldini j
2020_NJ_House-5_REP,REP,Hector Castillo,2814,5.6,10,False,castillo h
2020_NJ_House-6_DEM,DEM,Frank Pallone Jr.,56660,79.2,11,True,pallone f
2020_NJ_House-6_DEM,DEM,Russ Cirincione,12139,17.0,11,False,cirincione r
2020_NJ_House-6_DEM,DEM,Amani al-Khatahtbeh,2743,3.8,11,False,alkhatahtbeh a
2020_NJ_House-6_REP,REP,Christian Onuoha,508,100.0,12,True,onuoha c
2020_NJ_House-7_DEM,DEM,Tom Malinowski,80334,100.0,13,True,malinowski t
2020_NJ_House-7_REP,REP,Thomas H. Kean Jr.,45395,79.4,14,True,kean t
2020_NJ_House-7_REP,REP,Raafat Barsoom,6151,10.8,14,False,barsoom r
2020_NJ_House-7_REP,REP,Tom Phillips,5631,9.8,14,False,phillips t
2020_NJ_House-8_DEM,DEM,Albio Sires,47814,70.3,15,True,sires a
2020_NJ_House-8_DEM,DEM,Hector Oseguera,18557,27.3,15,False,oseguera h
2020_NJ_House-8_DEM,DEM,Will Sheehan,1612,2.4,15,False,sheehan w
2020_NJ_House-8_REP,REP,Jason Mushnick,5899,100.0,16,True,mushnick j
2020_NJ_House-9_DEM,DEM,Bill Pascrell Jr.,52422,80.6,17,True,pascrell b
2020_NJ_House-9_DEM,DEM,Zinovia Spezakis,10998,16.9,17,False,spezakis z
2020_NJ_House-9_DEM,DEM,Alp Basaran,1592,2.5,17,False,basaran a
2020_NJ_House-9_REP,REP,Billy Prempeh,10055,74.2,18,True,prempeh b
2020_NJ_House-9_REP,REP,Tim Walsh,3500,25.8,18,False,walsh t
2020_NM_House-1_DEM,DEM,Deb Haaland,83032,100.0,1,True,haaland d
2020_NM_House-1_REP,REP,Michelle Garcia Holmes,23783,48.1,2,True,holmes m
2020_NM_House-1_REP,REP,Jared Vanderdussen,19847,40.2,2,False,vanderdussen j
2020_NM_House-1_REP,REP,Brett Kokinadis,5798,11.7,2,False,kokinadis b
2020_NM_House-2_DEM,DEM,Xochitl Torres Small,48095,100.0,3,True,small x
2020_NM_House-2_REP,REP,Yvette Herrell,26968,44.7,4,True,herrell y
2020_NM_House-2_REP,REP,Claire Chase,19017,31.5,4,False,chase c
2020_NM_House-2_REP,REP,Chris Mathys,14378,23.8,4,False,mathys c
2020_NM_House-3_DEM,DEM,Teresa Leger Fernandez,44480,42.8,6,True,fernandez t
2020_NM_House-3_DEM,DEM,Valerie Plame,25775,24.8,6,False,plame v
2020_NM_House-3_DEM,DEM,Joseph L. Sanchez,12292,11.8,6,False,sanchez j
2020_NM_House-3_DEM,DEM,Marco Serna,8292,8.0,6,False,serna m
2020_NM_House-3_DEM,DEM,Laura M. Montoya,6380,6.1,6,False,montoya l
2020_NM_House-3_DEM,DEM,John Blair,4533,4.4,6,False,blair j
2020_NM_House-3_DEM,DEM,Kyle Tisdel,2176,2.1,6,False,tisdel k
2020_NM_House-3_REP,REP,Alexis Johnson,16512,36.7,7,True,johnson a
2020_NM_House-3_REP,REP,Harry Montoya,15919,35.4,7,False,montoya h
2020_NM_House-3_REP,REP,Karen Bedonie,12477,27.8,7,False,bedonie k
2020_NM_House-3_REP,REP,Angela Gale Morales,30,0.1,7,False,morales a
2020_NV_House-1_DEM,DEM,Dina Titus,31916,82.6,1,True,titus d
2020_NV_House-1_DEM,DEM,Anthony Thomas Jr.,4324,11.2,1,False,thomas a
2020_NV_House-1_DEM,DEM,Allen Rheinhart,2382,6.2,1,False,rheinhart a
2020_NV_House-1_REP,REP,Joyce Bentley,5565,35.9,2,True,bentley j
2020_NV_House-1_REP,REP,Josh Elliott Jr.,4549,29.3,2,False,elliott j
2020_NV_House-1_REP,REP,Citlaly Larios-Elias,3151,19.8,2,False,larioselias c
2020_NV_House-1_REP,REP,Eddie Hamilton,2347,15.0,2,False,hamilton e
2020_NV_House-2_DEM,DEM,Patricia Ackerman,26411,48.9,4,True,ackerman p
2020_NV_House-2_DEM,DEM,Clint Koble,12315,22.8,4,False,koble c
2020_NV_House-2_DEM,DEM,Ed Cohen,7186,13.3,4,False,cohen e
2020_NV_House-2_DEM,DEM,Rick Shepherd,3998,7.4,4,False,shepherd r
2020_NV_House-2_DEM,DEM,Reynaldo Hernandez,2790,5.2,4,False,hernandez r
2020_NV_House-2_DEM,DEM,Steve Schiffman,974,1.8,4,False,schiffman s
2020_NV_House-2_DEM,DEM,Ian Luetkehans,338,0.6,4,False,luetkehans i
2020_NV_House-2_REP,REP,Mark Amodei,61462,80.8,3,True,amodei m
2020_NV_House-2_REP,REP,Joel Beck,11308,14.9,3,False,beck j
2020_NV_House-2_REP,REP,Jesse Douglas Hurley,3307,4.3,3,False,hurley j
2020_NV_House-3_DEM,DEM,Susie Lee,49223,82.8,5,True,lee s
2020_NV_House-3_DEM,DEM,Dennis Sullivan,5830,9.8,5,False,sullivan d
2020_NV_House-3_DEM,DEM,Tiffany Watson,4411,7.4,5,False,watson t
2020_NV_House-3_REP,REP,Dan Rodimer,25143,49.8,6,True,rodimer d
2020_NV_House-3_REP,REP,Dan Schwartz,13667,27.1,6,False,schwartz d
2020_NV_House-3_REP,REP,Mindy Robinson,6659,13.2,6,False,robinson m
2020_NV_House-3_REP,REP,Brian Nadell,1971,3.9,6,False,nadell b
2020_NV_House-3_REP,REP,Cory Newberry,1913,3.8,6,False,newberry c
2020_NV_House-3_REP,REP,Victor Willert,1116,2.2,6,False,willert v
2020_NV_House-4_DEM,DEM,Steven Horsford,39656,75.1,8,True,horsford s
2020_NV_House-4_DEM,DEM,Jennifer Eason,4968,9.4,8,False,eason j
2020_NV_House-4_DEM,DEM,Gabrielle D'Ayr,3847,7.3,8,False,dayr g
2020_NV_House-4_DEM,DEM,Gregory Kempton,1507,2.8,8,False,kempton g
2020_NV_House-4_DEM,DEM,Chris Colley,1431,2.7,8,False,colley c
2020_NV_House-4_DEM,DEM,George Brucato,1424,2.7,8,False,brucato g
2020_NV_House-4_REP,REP,Jim Marchant,15760,34.8,9,True,marchant j
2020_NV_House-4_REP,REP,Sam Peters,12755,28.1,9,False,peters s
2020_NV_House-4_REP,REP,Lisa Song Sutton,6846,15.1,9,False,sutton l
2020_NV_House-4_REP,REP,Charles Navarro,2870,6.3,9,False,navarro c
2020_NV_House-4_REP,REP,Rebecca Wood,2847,6.3,9,False,wood r
2020_NV_House-4_REP,REP,Leo Blundo,1923,4.2,9,False,blundo l
2020_NV_House-4_REP,REP,Rosalie Bingham,1331,2.9,9,False,bingham r
2020_NV_House-4_REP,REP,Randi Reed,1023,2.3,9,False,reed r
2020_NY_House-10_DEM,DEM,Jerry Nadler,51054,67.7,10,True,nadler j
2020_NY_House-10_DEM,DEM,Lindsey Boylan,16511,21.9,10,False,boylan l
2020_NY_House-10_DEM,DEM,Jonathan Herzog,7829,10.4,10,False,herzog j
2020_NY_House-11_REP,REP,Nicole Malliotakis,15697,69.0,11,True,malliotakis n
2020_NY_House-11_REP,REP,Joe Caldarera,7046,31.0,11,False,caldarera j
2020_NY_House-12_DEM,DEM,Carolyn Maloney,40362,42.8,12,True,maloney c
2020_NY_House-12_DEM,DEM,Suraj Patel,37106,39.4,12,False,patel s
2020_NY_House-12_DEM,DEM,Lauren Ashcraft,12810,13.6,12,False,ashcraft l
2020_NY_House-12_DEM,DEM,Peter Harrison,4001,4.2,12,False,harrison p
2020_NY_House-13_DEM,DEM,Adriano Espaillat,46066,59.3,13,True,espaillat a
2020_NY_House-13_DEM,DEM,James Felton Keith,19799,25.5,13,False,keith j
2020_NY_House-13_DEM,DEM,Ramon Rodriguez,11859,15.2,13,False,rodriguez r
2020_NY_House-14_DEM,DEM,Alexandria Ocasio-Cortez,46582,74.6,14,True,ocasiocortez a
2020_NY_House-14_DEM,DEM,Michelle Caruso-Cabrera,11339,18.2,14,False,carusocabrera m
2020_NY_House-14_DEM,DEM,Badrun Khan,3119,5.0,14,False,khan b
2020_NY_House-14_DEM,DEM,Sam Sloan,1406,2.2,14,False,sloan s
2020_NY_House-15_DEM,DEM,Ritchie Torres,19090,32.2,15,True,torres r
2020_NY_House-15_DEM,DEM,Michael Blake,10725,18.1,15,False,blake m
2020_NY_House-15_DEM,DEM,Rubén Díaz Sr.,8559,14.4,15,False,diaz r
2020_NY_House-15_DEM,DEM,Samelys López,8272,13.9,15,False,lopez s
2020_NY_House-15_DEM,DEM,Ydanis Rodríguez,6291,10.6,15,False,rodriguez y
2020_NY_House-15_DEM,DEM,Melissa Mark-Viverito,2561,4.3,15,False,markviverito m
2020_NY_House-15_DEM,DEM,Tomás Ramos,1442,2.4,15,False,ramos t
2020_NY_House-15_DEM,DEM,Chivona Newsome,1366,2.3,15,False,newsome c
2020_NY_House-15_DEM,DEM,Marlene Tapper,392,0.7,15,False,tapper m
2020_NY_House-15_DEM,DEM,Julio Pabon,244,0.4,15,False,pabon j
2020_NY_House-15_DEM,DEM,Frangell Basora,189,0.3,15,False,basora f
2020_NY_House-15_DEM,DEM,Mark Escoffery-Bay,153,0.3,15,False,escofferybay m
2020_NY_House-16_DEM,DEM,Jamaal Bowman,49367,55.4,16,True,bowman j
2020_NY_House-16_DEM,DEM,Eliot Engel,36149,40.6,16,False,engel e
2020_NY_House-16_DEM,DEM,Christopher Fink,1625,1.8,16,False,fink c
2020_NY_House-16_DEM,DEM,Sammy Ravelo,1139,1.3,16,False,ravelo s
2020_NY_House-16_DEM,DEM,Andom Ghebreghiorgis,761,0.9,16,False,ghebreghiorgis a
2020_NY_House-17_DEM,DEM,Mondaire Jones,32796,41.9,17,True,jones m
2020_NY_House-17_DEM,DEM,Adam Schleifer,12732,16.3,17,False,schleifer a
2020_NY_House-17_DEM,DEM,Evelyn Farkas,12210,15.6,17,False,farkas e
2020_NY_House-17_DEM,DEM,David Carlucci,8649,11.1,17,False,carlucci d
2020_NY_House-17_DEM,DEM,David Buchwald,6673,8.5,17,False,buchwald d
2020_NY_House-17_DEM,DEM,Asha Castleberry-Hernandez,2062,2.6,17,False,castleberryhernandez a
2020_NY_House-17_DEM,DEM,Allison Fine,1588,2.0,17,False,fine a
2020_NY_House-17_DEM,DEM,Catherine Parker,1539,2.0,17,False,parker c
2020_NY_House-17_REP,REP,Maureen McArdle-Schulman,8492,78.4,18,True,mcardleschulman m
2020_NY_House-17_REP,REP,Yehudis Gottesfeld,2338,21.6,18,False,gottesfeld y
2020_NY_House-19_REP,REP,Kyle Van De Water,12138,57.5,19,True,water k
2020_NY_House-19_REP,REP,Ola Hawatmeh,8988,42.5,19,False,hawatmeh o
2020_NY_House-1_DEM,DEM,Nancy Goroff,17970,36.1,1,True,goroff n
2020_NY_House-1_DEM,DEM,Perry Gershon,17303,34.8,1,False,gershon p
2020_NY_House-1_DEM,DEM,Bridget Fleming,13718,27.6,1,False,fleming b
2020_NY_House-1_DEM,DEM,Gregory-John Fischer,775,1.5,1,False,fischer g
2020_NY_House-22_REP,REP,Claudia Tenney,23784,59.6,20,True,tenney c
2020_NY_House-22_REP,REP,George Phillips,16151,40.4,20,False,phillips g
2020_NY_House-24_DEM,DEM,Dana Balter,29531,63.1,21,True,balter d
2020_NY_House-24_DEM,DEM,Francis Conole,17254,36.9,21,False,conole f
2020_NY_House-25_DEM,DEM,Joseph Morelle,42955,68.2,22,True,morelle j
2020_NY_House-25_DEM,DEM,Robin Wilt,20070,31.8,22,False,wilt r
2020_NY_House-27_REP,REP,Chris Jacobs,40459,59.6,23,True,jacobs c
2020_NY_House-27_REP,REP,Beth Parlato,14805,21.8,23,False,parlato b
2020_NY_House-27_REP,REP,Stefan Mychajliw,12650,18.6,23,False,mychajliw s
2020_NY_House-2_DEM,DEM,Jackie Gordon,25317,72.8,3,True,gordon j
2020_NY_House-2_DEM,DEM,Patricia Maher,9475,27.2,3,False,maher p
2020_NY_House-2_REP,REP,Andrew Garbarino,17462,63.9,2,True,garbarino a
2020_NY_House-2_REP,REP,Mike LiPetri,9867,36.1,2,False,lipetri m
2020_NY_House-3_DEM,DEM,Tom Suozzi,36812,66.5,4,True,suozzi t
2020_NY_House-3_DEM,DEM,Melanie D'Arrigo,14269,25.8,4,False,darrigo m
2020_NY_House-3_DEM,DEM,Michael Weinstock,4284,7.7,4,False,weinstock m
2020_NY_House-4_REP,REP,Douglas Tuman,10898,71.7,5,True,tuman d
2020_NY_House-4_REP,REP,Cindy Grosz,4292,28.3,5,False,grosz c
2020_NY_House-5_DEM,DEM,Gregory Meeks,50044,75.8,6,True,meeks g
2020_NY_House-5_DEM,DEM,Shaniyat Chowdhury,15951,24.2,6,False,chowdhury s
2020_NY_House-6_DEM,DEM,Grace Meng,30759,65.5,7,True,meng g
2020_NY_House-6_DEM,DEM,Mel Gagarin,9447,20.1,7,False,gagarin m
2020_NY_House-6_DEM,DEM,Sandra Choi,6757,14.4,7,False,choi s
2020_NY_House-7_DEM,DEM,Nydia Velázquez,56698,80.1,8,True,velazquez n
2020_NY_House-7_DEM,DEM,Paperboy Love Prince,14120,19.9,8,False,prince p
2020_NY_House-9_DEM,DEM,Yvette Clarke,52293,54.3,9,True,clarke y
2020_NY_House-9_DEM,DEM,Adem Bunkeddeko,23819,24.7,9,False,bunkeddeko a
2020_NY_House-9_DEM,DEM,Isiah James,10010,10.4,9,False,james i
2020_NY_House-9_DEM,DEM,Chaim Deutsch,9383,9.7,9,False,deutsch c
2020_NY_House-9_DEM,DEM,Lutchi Gayot,843,0.9,9,False,gayot l
2020_OH_House-10_DEM,DEM,Desiree Tims,32388,70.0,25,True,tims d
2020_OH_House-10_DEM,DEM,Eric Moyer,13846,30.0,25,False,moyer e
2020_OH_House-10_REP,REP,Mike Turner,44704,86.4,24,True,turner m
2020_OH_House-10_REP,REP,John Anderson,4110,7.9,24,False,anderson j
2020_OH_House-10_REP,REP,Kathi Flanders,2944,5.7,24,False,flanders k
2020_OH_House-11_DEM,DEM,Marcia Fudge,70379,90.5,27,True,fudge m
2020_OH_House-11_DEM,DEM,Tariq Shabazz,2813,3.6,27,False,shabazz t
2020_OH_House-11_DEM,DEM,Michael Hood,2641,3.4,27,False,hood m
2020_OH_House-11_DEM,DEM,James Jerome Bell,1963,2.5,27,False,bell j
2020_OH_House-11_REP,REP,Laverne Gore,4589,47.3,28,True,gore l
2020_OH_House-11_REP,REP,Jonah Schulz,4027,41.5,28,False,schulz j
2020_OH_House-11_REP,REP,Shalira Taylor,1083,11.2,28,False,taylor s
2020_OH_House-12_DEM,DEM,Alaina Shearer,34103,58.4,30,True,shearer a
2020_OH_House-12_DEM,DEM,Jenny Bell,24263,41.6,30,False,bell j
2020_OH_House-12_REP,REP,Troy Balderson,51412,83.9,29,True,balderson t
2020_OH_House-12_REP,REP,Tim Day,9877,16.1,29,False,day t
2020_OH_House-13_DEM,DEM,Tim Ryan,61813,100.0,31,True,ryan t
2020_OH_House-13_REP,REP,Christina Hagan,19327,65.8,32,True,hagan c
2020_OH_House-13_REP,REP,Lou Lyras,3483,11.9,32,False,lyras l
2020_OH_House-13_REP,REP,Robert Santos,3358,11.4,32,False,santos r
2020_OH_House-13_REP,REP,Donald Truex,1034,3.5,32,False,truex d
2020_OH_House-13_REP,REP,Duane Hennen,1032,3.5,32,False,hennen d
2020_OH_House-13_REP,REP,Richard Morckel,763,2.6,32,False,morckel r
2020_OH_House-13_REP,REP,Jason Mormado,389,1.3,32,False,mormado j
2020_OH_House-14_DEM,DEM,Hillary O'Connor Mueri,48107,100.0,35,True,mueri h
2020_OH_House-14_REP,REP,David Joyce,43970,83.1,34,True,joyce d
2020_OH_House-14_REP,REP,Mark Pitrone,8932,16.9,34,False,pitrone m
2020_OH_House-15_DEM,DEM,Joel Newby,28503,65.6,37,True,newby j
2020_OH_House-15_DEM,DEM,Daniel Kilgore,14916,34.4,37,False,kilgore d
2020_OH_House-15_REP,REP,Steve Stivers,41749,88.1,36,True,stivers s
2020_OH_House-15_REP,REP,Shelby Hunt,5627,11.9,36,False,hunt s
2020_OH_House-16_DEM,DEM,Aaron Paul Godfrey,32024,67.7,39,True,godfrey a
2020_OH_House-16_DEM,DEM,Ronald Karpus III,15244,32.3,39,False,karpus r
2020_OH_House-16_REP,REP,Anthony Gonzalez,43026,100.0,38,True,gonzalez a
2020_OH_House-1_DEM,DEM,Kate Schroder,36579,67.6,2,True,schroder k
2020_OH_House-1_DEM,DEM,Nikki Foster,17520,32.4,2,False,foster n
2020_OH_House-1_REP,REP,Steve Chabot,44746,100.0,1,True,chabot s
2020_OH_House-2_DEM,DEM,Jaime Castle,40956,100.0,6,True,castle j
2020_OH_House-2_REP,REP,Brad Wenstrup,53674,94.2,5,True,wenstrup b
2020_OH_House-2_REP,REP,H. Robert Harris,3326,5.8,5,False,harris h
2020_OH_House-3_DEM,DEM,Joyce Beatty,44995,68.1,7,True,beatty j
2020_OH_House-3_DEM,DEM,Morgan Harper,21057,31.9,7,False,harper m
2020_OH_House-3_REP,REP,Mark Richardson,11451,86.4,8,True,richardson m
2020_OH_House-3_REP,REP,Cleophus Dulaney,1797,13.6,8,False,dulaney c
2020_OH_House-4_DEM,DEM,Shannon Freshour,18078,47.5,11,True,freshour s
2020_OH_House-4_DEM,DEM,Jeffrey Sites,11037,29.0,11,False,sites j
2020_OH_House-4_DEM,DEM,Mike Larsen,8944,23.5,11,False,larsen m
2020_OH_House-4_REP,REP,Jim Jordan,64695,100.0,10,True,jordan j
2020_OH_House-5_DEM,DEM,Nick Rubando,17902,51.4,14,True,rubando n
2020_OH_House-5_DEM,DEM,Gene Redinger,9079,26.1,14,False,redinger g
2020_OH_House-5_DEM,DEM,M. Xavier Carrigan,7843,22.5,14,False,carrigan m
2020_OH_House-5_REP,REP,Bob Latta,57537,100.0,13,True,latta b
2020_OH_House-6_DEM,DEM,Shawna Roberts,30628,100.0,16,True,roberts s
2020_OH_House-6_REP,REP,Bill Johnson,57790,86.9,15,True,johnson b
2020_OH_House-6_REP,REP,Kenneth Morgan,8721,13.1,15,False,morgan k
2020_OH_House-7_DEM,DEM,Quentin Potter,2356,100.0,18,True,potter q
2020_OH_House-7_REP,REP,Bob Gibbs,55009,100.0,17,True,gibbs b
2020_OH_House-8_DEM,DEM,Vanessa Enoch,24297,79.5,21,True,enoch v
2020_OH_House-8_DEM,DEM,Matthew J. Guyette,6269,20.5,21,False,guyette m
2020_OH_House-8_REP,REP,Warren Davidson,53542,91.3,20,True,davidson w
2020_OH_House-8_REP,REP,Edward Meer,5125,8.7,20,False,meer e
2020_OH_House-9_DEM,DEM,Marcy Kaptur,52433,90.7,22,True,kaptur m
2020_OH_House-9_DEM,DEM,Peter Rosewicz,5370,9.3,22,False,rosewicz p
2020_OH_House-9_REP,REP,Rob Weber,10863,59.8,23,True,weber r
2020_OH_House-9_REP,REP,Timothy P. Corrigan,3873,21.3,23,False,corrigan t
2020_OH_House-9_REP,REP,Tim Connors,2064,11.4,23,False,connors t
2020_OH_House-9_REP,REP,Charles W. Barrett,1376,7.6,23,False,barrett c
2020_OK_House-1_DEM,DEM,Kojo Asamoa-Caesar,34868,63.6,1,True,asamoacaesar k
2020_OK_House-1_DEM,DEM,Mark A. Keeter,19924,36.4,1,False,keeter m
2020_OK_House-2_REP,REP,Markwayne Mullin,53149,79.9,2,True,mullin m
2020_OK_House-2_REP,REP,Joseph Silk,8445,12.7,2,False,silk j
2020_OK_House-2_REP,REP,Rhonda Hopkins,4917,7.4,2,False,hopkins r
2020_OK_House-4_DEM,DEM,Mary Brannon,32199,63.9,4,True,brannon m
2020_OK_House-4_DEM,DEM,David R. Slemmons,9793,19.4,4,False,slemmons d
2020_OK_House-4_DEM,DEM,John D. Argo,8436,16.7,4,False,argo j
2020_OK_House-4_REP,REP,Tom Cole,55699,76.3,3,True,cole t
2020_OK_House-4_REP,REP,James Taylor,11081,15.2,3,False,taylor j
2020_OK_House-4_REP,REP,Trevor Sipes,4357,6.0,3,False,sipes t
2020_OK_House-4_REP,REP,Gilbert O. Sanders,1833,2.5,3,False,sanders g
2020_OK_House-5_DEM,DEM,Kendra Horn,60168,85.7,5,True,horn k
2020_OK_House-5_DEM,DEM,Tom Guild,10050,14.3,5,False,guild t
2020_OK_House-5_REP,REP,Stephanie Bice,27402,52.9,7,True,bice s
2020_OK_House-5_REP,REP,Terry Neese,24369,47.1,7,False,neese t
2020_OR_House-1_DEM,DEM,Suzanne Bonamici,100733,83.6,1,True,bonamici s
2020_OR_House-1_DEM,DEM,Heidi Briones,8260,6.9,1,False,briones h
2020_OR_House-1_DEM,DEM,Amanda Siebe,8055,6.7,1,False,siebe a
2020_OR_House-1_DEM,DEM,Ricky Barajas,2948,2.4,1,False,barajas r
2020_OR_House-1_DEM,DEM,Write-in,523,0.4,1,False,writein
2020_OR_House-1_REP,REP,Christopher Christensen,27417,55.8,2,True,christensen c
2020_OR_House-1_REP,REP,Army Murray,20509,41.8,2,False,murray a
2020_OR_House-1_REP,REP,Write-in,1162,2.4,2,False,writein
2020_OR_House-2_DEM,DEM,Alex Spenser,23482,32.1,4,True,spenser a
2020_OR_House-2_DEM,DEM,Nick L. Heurtz,22685,31.0,4,False,heurtz n
2020_OR_House-2_DEM,DEM,Chris Vaughn,13351,18.2,4,False,vaughn c
2020_OR_House-2_DEM,DEM,Jack Howard,6047,8.3,4,False,howard j
2020_OR_House-2_DEM,DEM,John P. Holm,5908,8.1,4,False,holm j
2020_OR_House-2_DEM,DEM,Write-in,1734,2.4,4,False,writein
2020_OR_House-2_REP,REP,Cliff Bentz,37488,31.3,3,True,bentz c
2020_OR_House-2_REP,REP,Knute Buehler,26405,22.1,3,False,buehler k
2020_OR_House-2_REP,REP,Jason Atkinson,23274,19.5,3,False,atkinson j
2020_OR_House-2_REP,REP,Jimmy Crumpacker,21507,18.0,3,False,crumpacker j
2020_OR_House-2_REP,REP,Travis A. Fager,4265,3.6,3,False,fager t
2020_OR_House-2_REP,REP,Jeff Smith,2539,2.1,3,False,smith j
2020_OR_House-2_REP,REP,Justin Livingston,1350,1.1,3,False,livingston j
2020_OR_House-2_REP,REP,Mark R. Roberts,1336,1.1,3,False,roberts m
2020_OR_House-2_REP,REP,Write-in,450,0.4,3,False,writein
2020_OR_House-2_REP,REP,David R. Campbell,418,0.3,3,False,campbell d
2020_OR_House-2_REP,REP,Glenn Carey,283,0.2,3,False,carey g
2020_OR_House-2_REP,REP,Kenneth W. Medenbach,267,0.2,3,False,medenbach k
2020_OR_House-3_DEM,DEM,Earl Blumenauer,140812,80.5,5,True,blumenauer e
2020_OR_House-3_DEM,DEM,Albert Lee,29311,16.8,5,False,lee a
2020_OR_House-3_DEM,DEM,Dane Wilcox,1966,1.1,5,False,wilcox d
2020_OR_House-3_DEM,DEM,Matthew S. Davis,1101,0.6,5,False,davis m
2020_OR_House-3_DEM,DEM,Charles Rand Barnett,953,0.5,5,False,barnett c
2020_OR_House-3_DEM,DEM,Write-in,714,0.4,5,False,writein
2020_OR_House-3_REP,REP,Joanna Harbour,21114,62.8,6,True,harbour j
2020_OR_House-3_REP,REP,Tom Harrison,7751,23.1,6,False,harrison t
2020_OR_House-3_REP,REP,Frank Hecker,4147,12.3,6,False,hecker f
2020_OR_House-3_REP,REP,Write-in,612,1.8,6,False,writein
2020_OR_House-4_DEM,DEM,Peter DeFazio,96077,83.7,7,True,defazio p
2020_OR_House-4_DEM,DEM,Doyle Elizabeth Canning,17701,15.4,7,False,canning d
2020_OR_House-4_DEM,DEM,Write-in,974,0.9,7,False,writein
2020_OR_House-4_REP,REP,Alek Skarlatos,70599,86.4,8,True,skarlatos a
2020_OR_House-4_REP,REP,Nelson Ijih,10325,12.6,8,False,ijih n
2020_OR_House-4_REP,REP,Write-in,780,1.0,8,False,writein
2020_OR_House-5_DEM,DEM,Kurt Schrader,73060,68.8,9,True,schrader k
2020_OR_House-5_DEM,DEM,Mark Gamba,24327,22.9,9,False,gamba m
2020_OR_House-5_DEM,DEM,Blair G. Reynolds,7910,7.5,9,False,reynolds b
2020_OR_House-5_DEM,DEM,Write-in,841,0.8,9,False,writein
2020_OR_House-5_REP,REP,Amy Ryan Courser,41417,53.3,10,True,courser a
2020_OR_House-5_REP,REP,G. Shane Dinkel,15626,20.1,10,False,dinkel g
2020_OR_House-5_REP,REP,Joey Nations,13534,17.4,10,False,nations j
2020_OR_House-5_REP,REP,Angela Roman,6155,7.9,10,False,roman a
2020_OR_House-5_REP,REP,Write-in,1003,1.3,10,False,writein
2020_PA_House-10_DEM,DEM,Eugene DePasquale,45453,57.4,20,True,depasquale e
2020_PA_House-10_DEM,DEM,Tom Brier,33661,42.6,20,False,brier t
2020_PA_House-10_REP,REP,Scott Perry,79365,100.0,19,True,perry s
2020_PA_House-11_DEM,DEM,Sarah Hammond,39038,72.3,22,True,hammond s
2020_PA_House-11_DEM,DEM,Paul Daigle,14936,27.7,22,False,daigle p
2020_PA_House-11_REP,REP,Lloyd Smucker,78842,100.0,21,True,smucker l
2020_PA_House-12_DEM,DEM,Lee Griffin,41313,100.0,24,True,griffin l
2020_PA_House-12_REP,REP,Fred Keller,87886,100.0,23,True,keller f
2020_PA_House-13_DEM,DEM,Todd Rowley,41988,100.0,26,True,rowley t
2020_PA_House-13_REP,REP,John Joyce,94171,100.0,25,True,joyce j
2020_PA_House-14_DEM,DEM,Bill Marx,70468,100.0,28,True,marx b
2020_PA_House-14_REP,REP,Guy Reschenthaler,66671,100.0,27,True,reschenthaler g
2020_PA_House-15_DEM,DEM,Robert Williams,48714,100.0,30,True,williams r
2020_PA_House-15_REP,REP,Glenn Thompson,88364,100.0,29,True,thompson g
2020_PA_House-16_DEM,DEM,Kristy Gnibus,63640,100.0,32,True,gnibus k
2020_PA_House-16_REP,REP,Mike Kelly,68199,100.0,31,True,kelly m
2020_PA_House-17_DEM,DEM,Conor Lamb,111828,100.0,33,True,lamb c
2020_PA_House-17_REP,REP,Sean Parnell,60253,100.0,34,True,parnell s
2020_PA_House-18_DEM,DEM,Mike Doyle,90353,67.2,35,True,doyle m
2020_PA_House-18_DEM,DEM,Jerry Dickinson,44170,32.8,35,False,dickinson j
2020_PA_House-18_REP,REP,Luke Negron,30497,100.0,36,True,negron l
2020_PA_House-1_DEM,DEM,Christina Finello,71571,77.53,2,True,finello c
2020_PA_House-1_DEM,DEM,Skylar Hurwitz,20737,22.47,2,False,hurwitz s
2020_PA_House-1_REP,REP,Brian Fitzpatrick,48017,63.25,1,True,fitzpatrick b
2020_PA_House-1_REP,REP,Andy Meehan,27895,36.75,1,False,meehan a
2020_PA_House-2_DEM,DEM,Brendan Boyle,73980,100.0,3,True,boyle b
2020_PA_House-2_REP,REP,David Torres,14010,100.0,4,True,torres d
2020_PA_House-3_DEM,DEM,Dwight Evans,164871,100.0,5,True,evans d
2020_PA_House-3_REP,REP,Michael Harvey,5020,100.0,6,True,harvey m
2020_PA_House-4_DEM,DEM,Madeleine Dean,122657,100.0,7,True,dean m
2020_PA_House-4_REP,REP,Kathy Barnette,58571,100.0,8,True,barnette k
2020_PA_House-5_DEM,DEM,Mary Gay Scanlon,103194,100.0,9,True,scanlon m
2020_PA_House-5_REP,REP,Dasha Pruett,31734,61.5,10,True,pruett d
2020_PA_House-5_REP,REP,Rob Jordan,19890,38.5,10,False,jordan r
2020_PA_House-6_DEM,DEM,Chrissy Houlahan,89411,100.0,11,True,houlahan c
2020_PA_House-6_REP,REP,John Emmons,56928,100.0,12,True,emmons j
2020_PA_House-7_DEM,DEM,Susan Wild,76878,100.0,13,True,wild s
2020_PA_House-7_REP,REP,Lisa Scheller,29673,52.1,14,True,scheller l
2020_PA_House-7_REP,REP,Dean Browning,27260,47.9,14,False,browning d
2020_PA_House-8_DEM,DEM,Matt Cartwright,75101,100.0,15,True,cartwright m
2020_PA_House-8_REP,REP,Jim Bognet,16281,28.4,16,True,bognet j
2020_PA_House-8_REP,REP,Teddy Daniels,13560,23.7,16,False,daniels t
2020_PA_House-8_REP,REP,Earl Granville,13283,23.2,16,False,granville e
2020_PA_House-8_REP,REP,Mike Marsciano,7404,12.9,16,False,marsciano m
2020_PA_House-8_REP,REP,Harry Haas,5369,9.4,16,False,haas h
2020_PA_House-8_REP,REP,Mike Cammisa,1367,2.4,16,False,cammisa m
2020_PA_House-9_DEM,DEM,Gary Wegman,27451,51.0,18,True,wegman g
2020_PA_House-9_DEM,DEM,Laura Quick,26385,49.0,18,False,quick l
2020_PA_House-9_REP,REP,Dan Meuser,77350,100.0,17,True,meuser d
2020_RI_House-1_DEM,DEM,David Cicilline,25224,100.0,1,True,cicilline d
2020_RI_House-2_DEM,DEM,James Langevin,31599,70.1,2,True,langevin j
2020_RI_House-2_DEM,DEM,Dylan Conley,13482,29.8,2,False,conley d
2020_RI_House-2_REP,REP,Robert Lancia,7484,73.5,3,True,lancia r
2020_RI_House-2_REP,REP,Donald Robbio,2705,26.5,3,False,robbio d
2020_SC_House-1_REP,REP,Nancy Mace,48411,57.5,1,True,mace n
2020_SC_House-1_REP,REP,Kathy Landing,21835,25.9,1,False,landing k
2020_SC_House-1_REP,REP,Chris Cox,8179,9.7,1,False,cox c
2020_SC_House-1_REP,REP,Brad Mole,5800,6.9,1,False,mole b
2020_SC_House-2_REP,REP,Joe Wilson,55557,74.1,2,True,wilson j
2020_SC_House-2_REP,REP,Michael Bishop,19397,25.9,2,False,bishop m
2020_SC_House-3_DEM,DEM,Hosea Cleveland,11769,57.3,3,True,cleveland h
2020_SC_House-3_DEM,DEM,Mark D. Welch,8753,42.7,3,False,welch m
2020_SC_House-5_DEM,DEM,Moe Brown,32018,67.9,4,True,brown m
2020_SC_House-5_DEM,DEM,Sidney A. Moore,15127,32.1,4,False,moore s
2020_SC_House-7_DEM,DEM,Melissa Watson,27200,51.2,5,True,watson m
2020_SC_House-7_DEM,DEM,Robert Williams,21923,41.3,5,False,williams r
2020_SC_House-7_DEM,DEM,William H. Williams,3965,7.5,5,False,williams w
2020_SD_House-1_REP,REP,Dusty Johnson,71496,76.65,1,True,johnson d
2020_SD_House-1_REP,REP,Liz Marty May,21779,23.35,1,False,may l
2020_TN_House-1_DEM,DEM,Blair Walsingham,6076,52.7,2,True,walsingham b
2020_TN_House-1_DEM,DEM,Chris Rowe,3869,33.6,2,False,rowe c
2020_TN_House-1_DEM,DEM,Larry Smith,1572,13.7,2,False,smith l
2020_TN_House-1_DEM,DEM,Anthony Rock,3,0.0,2,False,rock a
2020_TN_House-1_REP,REP,Diana Harshbarger,18074,19.2,1,True,harshbarger d
2020_TN_House-1_REP,REP,Timothy Hill,15731,16.7,1,False,hill t
2020_TN_House-1_REP,REP,Rusty Crowe,15179,16.1,1,False,crowe r
2020_TN_House-1_REP,REP,Josh Gapp,13379,14.2,1,False,gapp j
2020_TN_House-1_REP,REP,Steve Darden,11647,12.4,1,False,darden s
2020_TN_House-1_REP,REP,John Clark,8826,9.4,1,False,clark j
2020_TN_House-1_REP,REP,David B. Hawk,4717,5.0,1,False,hawk d
2020_TN_House-1_REP,REP,Nicole Williams,2803,3.0,1,False,williams n
2020_TN_House-1_REP,REP,Jay Adkins,1635,1.7,1,False,adkins j
2020_TN_House-1_REP,REP,Carter M. Quillen,853,0.9,1,False,quillen c
2020_TN_House-1_REP,REP,Richard Baker,298,0.3,1,False,baker r
2020_TN_House-1_REP,REP,Chad Fleenor,282,0.3,1,False,fleenor c
2020_TN_House-1_REP,REP,Phil Arlinghaus,274,0.3,1,False,arlinghaus p
2020_TN_House-1_REP,REP,Robert D. Franklin,229,0.2,1,False,franklin r
2020_TN_House-1_REP,REP,Chuck Miller,189,0.2,1,False,miller c
2020_TN_House-1_REP,REP,Chance Cansler,147,0.2,1,False,cansler c
2020_TN_House-2_DEM,DEM,Renee Hoyos,30287,87.1,4,True,hoyos r
2020_TN_House-2_DEM,DEM,Chance Brown,4479,12.9,4,False,brown c
2020_TN_House-2_REP,REP,Tim Burchett,78990,100.0,3,True,burchett t
2020_TN_House-3_DEM,DEM,Meg Gorman,28578,100.0,6,True,gorman m
2020_TN_House-3_REP,REP,Chuck Fleischmann,69890,100.0,5,True,fleischmann c
2020_TN_House-4_DEM,DEM,Christopher Hale,16152,58.9,8,True,hale c
2020_TN_House-4_DEM,DEM,Noelle Bivens,11249,41.1,8,False,bivens n
2020_TN_House-4_REP,REP,Scott DesJarlais,55194,71.0,7,True,desjarlais s
2020_TN_House-4_REP,REP,Doug Meyer,14184,18.3,7,False,meyer d
2020_TN_House-4_REP,REP,Randy Sharp,8298,10.7,7,False,sharp r
2020_TN_House-4_REP,REP,Andrew Kingsolver,2,0.0,7,False,kingsolver a
2020_TN_House-5_DEM,DEM,Jim Cooper,50752,57.1,9,True,cooper j
2020_TN_House-5_DEM,DEM,Keeda Haynes,35472,39.9,9,False,haynes k
2020_TN_House-5_DEM,DEM,Joshua Rawlings,2681,3.0,9,False,rawlings j
2020_TN_House-6_DEM,DEM,Christopher Finley,21375,100.0,11,True,finley c
2020_TN_House-6_REP,REP,John Rose,78340,100.0,10,True,rose j
2020_TN_House-7_DEM,DEM,Kiran Sreepada,23390,100.0,13,True,sreepada k
2020_TN_House-7_REP,REP,Mark Green,73540,100.0,12,True,green m
2020_TN_House-8_DEM,DEM,Erika Stotts Pearson,14510,51.1,15,True,pearson e
2020_TN_House-8_DEM,DEM,Savannah Williamson,5788,20.4,15,False,williamson s
2020_TN_House-8_DEM,DEM,Lawrence Pivnick,4685,16.5,15,False,pivnick l
2020_TN_House-8_DEM,DEM,Hollis Skinner,3389,12.0,15,False,skinner h
2020_TN_House-8_REP,REP,David Kustoff,70677,100.0,14,True,kustoff d
2020_TN_House-9_DEM,DEM,Steve Cohen,56312,84.0,16,True,cohen s
2020_TN_House-9_DEM,DEM,Corey Strong,9994,14.9,16,False,strong c
2020_TN_House-9_DEM,DEM,Leo Awgowhat,768,1.1,16,False,awgowhat l
2020_TN_House-9_REP,REP,Charlotte Bergmann,12160,100.0,17,True,bergmann c
2020_TX_House-10_DEM,DEM,Mike Siegel,26799,54.2,22,True,siegel m
2020_TX_House-10_DEM,DEM,Pritesh Gandhi,22629,45.8,22,False,gandhi p
2020_TX_House-10_REP,REP,Michael McCaul,60323,100.0,20,True,mccaul m
2020_TX_House-11_DEM,DEM,Jon Mark Hogg,16644,100.0,25,True,hogg j
2020_TX_House-11_REP,REP,August Pfluger,56093,52.2,24,True,pfluger a
2020_TX_House-11_REP,REP,Brandon Batch,16224,15.1,24,False,batch b
2020_TX_House-11_REP,REP,Wesley W. Virdell,7672,7.1,24,False,virdell w
2020_TX_House-11_REP,REP,Jamie Berryhill,7496,7.0,24,False,berryhill j
2020_TX_House-11_REP,REP,J. Ross Lacy,4785,4.4,24,False,lacy j
2020_TX_House-11_REP,REP,J.D. Faircloth,4257,4.0,24,False,faircloth j
2020_TX_House-11_REP,REP,Casey Gray,4064,3.8,24,False,gray c
2020_TX_House-11_REP,REP,Robert Tucker,3137,2.9,24,False,tucker r
2020_TX_House-11_REP,REP,Ned Luscombe,2066,1.9,24,False,luscombe n
2020_TX_House-11_REP,REP,Gene Barber,1641,1.5,24,False,barber g
2020_TX_House-12_DEM,DEM,Lisa Welch,36750,81.1,27,True,welch l
2020_TX_House-12_DEM,DEM,Danny Anderson,8588,18.9,27,False,anderson d
2020_TX_House-12_REP,REP,Kay Granger,43240,58.0,26,True,granger k
2020_TX_House-12_REP,REP,Chris Putnam,31420,42.0,26,False,putnam c
2020_TX_House-13_DEM,DEM,Gus Trujillo,4988,66.4,31,True,trujillo g
2020_TX_House-13_DEM,DEM,Greg Sagan,2529,33.6,31,False,sagan g
2020_TX_House-13_REP,REP,Ronny Jackson,36684,55.6,29,True,jackson r
2020_TX_House-13_REP,REP,Josh Winegarner,29327,44.4,29,False,winegarner j
2020_TX_House-14_DEM,DEM,Adrienne Bell,26152,61.8,33,True,bell a
2020_TX_House-14_DEM,DEM,Eddie Fisher,4967,11.7,33,False,fisher e
2020_TX_House-14_DEM,DEM,Sanjanetta Barnes,4482,10.6,33,False,barnes s
2020_TX_House-14_DEM,DEM,Mikal Williams,4055,9.6,33,False,williams m
2020_TX_House-14_DEM,DEM,Robert Thomas,2640,6.2,33,False,thomas r
2020_TX_House-14_REP,REP,Randy Weber,51837,85.4,32,True,weber r
2020_TX_House-14_REP,REP,Joshua Foxworth,8856,14.6,32,False,foxworth j
2020_TX_House-15_DEM,DEM,Vicente Gonzalez,44444,100.0,34,True,gonzalez v
2020_TX_House-15_REP,REP,Monica De La Cruz,7423,76.0,36,True,cruz m
2020_TX_House-15_REP,REP,Ryan Krause,2350,24.0,36,False,krause r
2020_TX_House-16_DEM,DEM,Veronica Escobar,54910,100.0,37,True,escobar v
2020_TX_House-16_REP,REP,Irene Armendariz-Jackson,5170,65.4,39,True,armendarizjackson i
2020_TX_House-16_REP,REP,Samuel Williams,2731,34.6,39,False,williams s
2020_TX_House-17_DEM,DEM,Rick Kennedy,13496,57.3,43,True,kennedy r
2020_TX_House-17_DEM,DEM,David Anthony Jaramillo,10054,42.7,43,False,jaramillo d
2020_TX_House-17_REP,REP,Pete Sessions,18524,53.5,41,True,sessions p
2020_TX_House-17_REP,REP,Renée Swann,16096,46.5,41,False,swann r
2020_TX_House-18_DEM,DEM,Sheila Jackson Lee,49729,77.1,44,True,lee s
2020_TX_House-18_DEM,DEM,Marc Flores,5353,8.3,44,False,flores m
2020_TX_House-18_DEM,DEM,Bimal Patel,2456,3.8,44,False,patel b
2020_TX_House-18_DEM,DEM,Jerry Ford Sr.,2417,3.7,44,False,ford j
2020_TX_House-18_DEM,DEM,Stevens Orozco,2180,3.4,44,False,orozco s
2020_TX_House-18_DEM,DEM,Michael Allen,1672,2.6,44,False,allen m
2020_TX_House-18_DEM,DEM,Donovan Boson,709,1.1,44,False,boson d
2020_TX_House-18_REP,REP,Wendell Champion,4000,71.8,46,True,champion w
2020_TX_House-18_REP,REP,Robert Cadena,1570,28.2,46,False,cadena r
2020_TX_House-19_DEM,DEM,Tom Watson,19993,100.0,48,True,watson t
2020_TX_House-19_REP,REP,Jodey Arrington,71234,89.4,47,True,arrington j
2020_TX_House-19_REP,REP,Vance Boyd,8410,10.6,47,False,boyd v
2020_TX_House-1_DEM,DEM,Hank Gilbert,25037,100.0,2,True,gilbert h
2020_TX_House-1_REP,REP,Louie Gohmert,83887,89.7,1,True,gohmert l
2020_TX_House-1_REP,REP,Johnathan Davidson,9659,10.3,1,False,davidson j
2020_TX_House-20_DEM,DEM,Joaquín Castro,61861,92.1,49,True,castro j
2020_TX_House-20_DEM,DEM,Justin Lecea,3047,4.5,49,False,lecea j
2020_TX_House-20_DEM,DEM,Rob Hostetler,2252,3.4,49,False,hostetler r
2020_TX_House-20_REP,REP,Mauro Garza,7162,60.1,51,True,garza m
2020_TX_House-20_REP,REP,Gary Allen,4762,39.9,51,False,allen g
2020_TX_House-21_DEM,DEM,Wendy Davis,84593,86.3,53,True,davis w
2020_TX_House-21_DEM,DEM,Jennie Lou Leeder,13485,13.7,53,False,leeder j
2020_TX_House-21_REP,REP,Chip Roy,75389,100.0,52,True,roy c
2020_TX_House-22_DEM,DEM,Sri Preston Kulkarni,34664,53.1,56,True,kulkarni s
2020_TX_House-22_DEM,DEM,Derrick Reed,16126,24.7,56,False,reed d
2020_TX_House-22_DEM,DEM,Nyanza Davis Moore,9449,14.5,56,False,moore n
2020_TX_House-22_DEM,DEM,Carmine Petricco III,5074,7.8,56,False,petricco c
2020_TX_House-22_REP,REP,Troy Nehls,36132,69.9,55,True,nehls t
2020_TX_House-22_REP,REP,Kathaleen Wall,15547,30.1,55,False,wall k
2020_TX_House-23_DEM,DEM,Gina Ortiz Jones,41718,66.4,59,True,jones g
2020_TX_House-23_DEM,DEM,Efrain Valdez,6964,11.1,59,False,valdez e
2020_TX_House-23_DEM,DEM,Rosalinda Ramos Abuabara,6896,11.0,59,False,abuabara r
2020_TX_House-23_DEM,DEM,Ricardo Madrid,4518,7.2,59,False,madrid r
2020_TX_House-23_DEM,DEM,Jaime Escuder,2725,4.3,59,False,escuder j
2020_TX_House-23_REP,REP,Tony Gonzales,12342,50.09,58,True,gonzales t
2020_TX_House-23_REP,REP,Raul Reyes,12297,49.91,58,False,reyes r
2020_TX_House-24_DEM,DEM,Candace Valenzuela,20003,60.4,63,True,valenzuela c
2020_TX_House-24_DEM,DEM,Kim Olson,13131,39.6,63,False,olson k
2020_TX_House-24_REP,REP,Beth Van Duyne,32067,64.3,61,True,duyne b
2020_TX_House-24_REP,REP,David Fegan,10295,20.7,61,False,fegan d
2020_TX_House-24_REP,REP,Desi Maes,2867,5.7,61,False,maes d
2020_TX_House-24_REP,REP,Sunny Chaparala,2808,5.6,61,False,chaparala s
2020_TX_House-24_REP,REP,Jeron Liverman,1809,3.6,61,False,liverman j
2020_TX_House-25_DEM,DEM,Julie Oliver,56151,69.6,66,True,oliver j
2020_TX_House-25_DEM,DEM,Heidi Sloan,24512,30.4,66,False,sloan h
2020_TX_House-25_REP,REP,Roger Williams,63146,87.6,65,True,williams r
2020_TX_House-25_REP,REP,Keith Neuendorff,8965,12.4,65,False,neuendorff k
2020_TX_House-26_DEM,DEM,Carol Iannuzzi,31019,55.3,68,True,iannuzzi c
2020_TX_House-26_DEM,DEM,Mat Pruneda,15701,28.0,68,False,pruneda m
2020_TX_House-26_DEM,DEM,Neil Durrance,9329,16.7,68,False,durrance n
2020_TX_House-26_REP,REP,Michael C. Burgess,51312,73.6,67,True,burgess m
2020_TX_House-26_REP,REP,Jack Wyman,7816,11.2,67,False,wyman j
2020_TX_House-26_REP,REP,Michael Armstrong,5745,8.2,67,False,armstrong m
2020_TX_House-26_REP,REP,Jason Mrochek,4846,7.0,67,False,mrochek j
2020_TX_House-27_DEM,DEM,"Ricardo ""Rick"" De La Fuente",20767,61.5,70,True,fuente r
2020_TX_House-27_DEM,DEM,Charlie Jackson,13030,38.5,70,False,jackson c
2020_TX_House-27_REP,REP,Michael Cloud,60945,100.0,69,True,cloud m
2020_TX_House-28_DEM,DEM,Henry Cuellar,38834,51.8,71,True,cuellar h
2020_TX_House-28_DEM,DEM,Jessica Cisneros,36144,48.2,71,False,cisneros j
2020_TX_House-28_REP,REP,Sandra Whitten,20656,100.0,72,True,whitten s
2020_TX_House-29_DEM,DEM,Sylvia Garcia,28180,100.0,73,True,garcia s
2020_TX_House-29_REP,REP,Jaimy Z. Blanco,4336,56.9,74,True,blanco j
2020_TX_House-29_REP,REP,Robert Schafranek,3286,43.1,74,False,schafranek r
2020_TX_House-2_DEM,DEM,Sima Ladjevardian,26536,47.6,4,True,ladjevardian s
2020_TX_House-2_DEM,DEM,Elisa Cardnell,17279,31.0,4,False,cardnell e
2020_TX_House-2_DEM,DEM,Travis Olsen,11881,21.4,4,False,olsen t
2020_TX_House-2_REP,REP,Dan Crenshaw,53938,100.0,3,True,crenshaw d
2020_TX_House-30_DEM,DEM,Eddie Bernice Johnson,58804,70.6,75,True,johnson e
2020_TX_House-30_DEM,DEM,Shenita Cleveland,11358,13.6,75,False,cleveland s
2020_TX_House-30_DEM,DEM,Barbara Mallory Caraway,10452,12.6,75,False,caraway b
2020_TX_House-30_DEM,DEM,Hasani Burton,2638,3.2,75,False,burton h
2020_TX_House-30_REP,REP,Tre Pennie,9928,100.0,76,True,pennie t
2020_TX_House-31_DEM,DEM,Donna Imam,21026,56.6,79,True,imam d
2020_TX_House-31_DEM,DEM,Christine Eady Mann,16109,43.4,79,False,mann c
2020_TX_House-31_REP,REP,John Carter,53070,82.3,77,True,carter j
2020_TX_House-31_REP,REP,Mike Williams,5560,8.6,77,False,williams m
2020_TX_House-31_REP,REP,Christopher Wall,3155,4.9,77,False,wall c
2020_TX_House-31_REP,REP,Abhiram Garapati,2717,4.2,77,False,garapati a
2020_TX_House-32_DEM,DEM,Colin Allred,72761,100.0,81,True,allred c
2020_TX_House-32_REP,REP,Genevieve Collins,22908,52.9,82,True,collins g
2020_TX_House-32_REP,REP,Floyd McLendon,14699,33.9,82,False,mclendon f
2020_TX_House-32_REP,REP,Jon Hollis,1945,4.5,82,False,hollis j
2020_TX_House-32_REP,REP,Mark Sackett,1892,4.4,82,False,sackett m
2020_TX_House-32_REP,REP,Jeff Tokar,1846,4.4,82,False,tokar j
2020_TX_House-33_DEM,DEM,Marc Veasey,23869,63.6,83,True,veasey m
2020_TX_House-33_DEM,DEM,Sean Paul Segura,13678,36.4,83,False,segura s
2020_TX_House-33_REP,REP,Fabian Vasquez,7317,100.0,84,True,vasquez f
2020_TX_House-34_DEM,DEM,Filemon Vela,39484,75.1,85,True,vela f
2020_TX_House-34_DEM,DEM,Diego Zavala,9707,18.4,85,False,zavala d
2020_TX_House-34_DEM,DEM,Osbert Rodriguez Haro III,3413,6.5,85,False,haro o
2020_TX_House-34_REP,REP,Rey Gonzalez,10665,56.3,86,True,gonzalez r
2020_TX_House-34_REP,REP,Rod Lingsch,8271,43.7,86,False,lingsch r
2020_TX_House-35_DEM,DEM,Lloyd Doggett,51169,73.0,87,True,doggett l
2020_TX_House-35_DEM,DEM,Rafael Alcoser,18922,27.0,87,False,alcoser r
2020_TX_House-35_REP,REP,Jennifer Garcia Sharon,4138,53.2,89,True,sharon j
2020_TX_House-35_REP,REP,William Hayward,3645,46.8,89,False,hayward w
2020_TX_House-36_DEM,DEM,Rashad Lewis,22422,100.0,91,True,lewis r
2020_TX_House-36_REP,REP,Brian Babin,75277,89.6,90,True,babin b
2020_TX_House-36_REP,REP,RJ Boatman,8774,10.4,90,False,boatman r
2020_TX_House-3_DEM,DEM,Lulu Seikaly,20617,60.7,7,True,seikaly l
2020_TX_House-3_DEM,DEM,Sean McCaffity,13339,39.3,7,False,mccaffity s
2020_TX_House-3_REP,REP,Van Taylor,53938,100.0,5,True,taylor v
2020_TX_House-4_DEM,DEM,Russell Foster,24970,100.0,9,True,foster r
2020_TX_House-4_REP,REP,John Ratcliffe,92373,100.0,8,True,ratcliffe j
2020_TX_House-5_DEM,DEM,Carolyn Salter,34641,100.0,11,True,salter c
2020_TX_House-5_REP,REP,Lance Gooden,57253,83.4,10,True,gooden l
2020_TX_House-5_REP,REP,Don Hill,11372,16.6,10,False,hill d
2020_TX_House-6_DEM,DEM,Stephen Daniel,47996,100.0,13,True,daniel s
2020_TX_House-6_REP,REP,Ron Wright,55759,100.0,12,True,wright r
2020_TX_House-7_DEM,DEM,Lizzie Fletcher,55253,100.0,14,True,fletcher l
2020_TX_House-7_REP,REP,Wesley Hunt,28060,61.0,15,True,hunt w
2020_TX_House-7_REP,REP,Cindy Siegel,12497,27.2,15,False,siegel c
2020_TX_House-7_REP,REP,Maria Espinoza,2716,5.9,15,False,espinoza m
2020_TX_House-7_REP,REP,Kyle Preston,1363,3.0,15,False,preston k
2020_TX_House-7_REP,REP,Jim Noteware,937,2.0,15,False,noteware j
2020_TX_House-7_REP,REP,Laique Rehman,424,0.9,15,False,rehman l
2020_TX_House-8_DEM,DEM,Elizabeth Hernandez,18660,59.8,17,True,hernandez e
2020_TX_House-8_DEM,DEM,Laura Jones,12519,40.2,17,False,jones l
2020_TX_House-8_REP,REP,Kevin Brady,75044,80.7,16,True,brady k
2020_TX_House-8_REP,REP,Kirk Osborn,15048,16.2,16,False,osborn k
2020_TX_House-8_REP,REP,Melissa Esparza-Mathis,2860,3.1,16,False,esparzamathis m
2020_TX_House-9_DEM,DEM,Al Green,48387,83.6,18,True,green a
2020_TX_House-9_DEM,DEM,Melissa Wilson-Williams,9511,16.4,18,False,wilsonwilliams m
2020_TX_House-9_REP,REP,Johnny Teague,6149,58.7,19,True,teague j
2020_TX_House-9_REP,REP,Jon Menefee,2519,24.0,19,False,menefee j
2020_TX_House-9_REP,REP,Julian Martinez,1809,17.3,19,False,martinez j
2020_UT_House-1_DEM,DEM,Darren Parry,11667,50.9,3,True,parry d
2020_UT_House-1_DEM,DEM,Jamie Cheek,11242,49.1,3,False,cheek j
2020_UT_House-1_REP,REP,Blake Moore,39260,31.0,2,True,moore b
2020_UT_House-1_REP,REP,Bob Stevenson,36288,28.6,2,False,stevenson b
2020_UT_House-1_REP,REP,Kerry Gibson,29991,23.6,2,False,gibson k
2020_UT_House-1_REP,REP,Katie Witt,21317,16.8,2,False,witt k
2020_UT_House-4_REP,REP,Burgess Owens,49456,43.5,5,True,owens b
2020_UT_House-4_REP,REP,Kim Coleman,27575,24.3,5,False,coleman k
2020_UT_House-4_REP,REP,Jay McFarland,24456,21.5,5,False,mcfarland j
2020_UT_House-4_REP,REP,Trent Christensen,12165,10.7,5,False,christensen t
2020_VA_House-11_DEM,DEM,Gerry Connolly,50626,77.6,6,True,connolly g
2020_VA_House-11_DEM,DEM,Zainab Mohsini,14610,22.4,6,False,mohsini z
2020_VA_House-1_DEM,DEM,Qasim Rashid,21625,52.5,1,True,rashid q
2020_VA_House-1_DEM,DEM,Vangie Williams,19545,47.5,1,False,williams v
2020_VA_House-2_REP,REP,Scott Taylor,25478,48.5,2,True,taylor s
2020_VA_House-2_REP,REP,Ben Loyola,15420,29.4,2,False,loyola b
2020_VA_House-2_REP,REP,Jarome Bell,10616,22.1,2,False,bell j
2020_VA_House-3_REP,REP,John Collick,9004,39.7,3,True,collick j
2020_VA_House-3_REP,REP,Madison Downs,7816,34.5,3,False,downs m
2020_VA_House-3_REP,REP,George Yacus,5853,25.8,3,False,yacus g
2020_VA_House-4_DEM,DEM,Donald McEachin,45083,80.0,4,True,mceachin d
2020_VA_House-4_DEM,DEM,R. Cazel Levine,11287,20.0,4,False,levine r
2020_VA_House-5_DEM,DEM,Cameron Webb,35965,66.6,5,True,webb c
2020_VA_House-5_DEM,DEM,Claire Russo,9833,18.2,5,False,russo c
2020_VA_House-5_DEM,DEM,Roger Dean Huffstetler,5337,9.9,5,False,huffstetler r
2020_VA_House-5_DEM,DEM,John Lesinski,2902,5.4,5,False,lesinski j
2020_VT_House-1_DEM,DEM,Peter Welch,101566,95.45,1,True,welch p
2020_VT_House-1_DEM,DEM,Ralph Corbo,4599,4.32,1,False,corbo r
2020_VT_House-1_REP,REP,Miriam Berry,14368,32.51,2,True,berry m
2020_VT_House-1_REP,REP,Justin Tuthill,10915,24.7,2,False,tuthill j
2020_VT_House-1_REP,REP,Anya Tynio,8830,19.98,2,False,tynio a
2020_VT_House-1_REP,REP,Jimmy Rodriguez,8290,18.76,2,False,rodriguez j
2020_WI_House-1_DEM,DEM,Roger Polack,28698,58.2,2,True,polack r
2020_WI_House-1_DEM,DEM,Josh Pade,20608,41.8,2,False,pade j
2020_WI_House-1_REP,REP,Bryan Steil,40273,100.0,1,True,steil b
2020_WI_House-2_DEM,DEM,Mark Pocan,120353,100.0,3,True,pocan m
2020_WI_House-2_REP,REP,Peter Theron,18812,100.0,4,True,theron p
2020_WI_House-3_DEM,DEM,Ron Kind,53064,80.6,5,True,kind r
2020_WI_House-3_DEM,DEM,Mark Neumann,12765,19.4,5,False,neumann m
2020_WI_House-3_REP,REP,Derrick Van Orden,36395,65.9,6,True,orden d
2020_WI_House-3_REP,REP,Jessi Ebben,18835,34.1,6,False,ebben j
2020_WI_House-4_DEM,DEM,Gwen Moore,68898,100.0,7,True,moore g
2020_WI_House-4_REP,REP,Tim Rogers,6685,50.3,8,True,rogers t
2020_WI_House-4_REP,REP,Cindy Werner,6598,49.7,8,False,werner c
2020_WI_House-5_DEM,DEM,Tom Palzewicz,43710,100.0,10,True,palzewicz t
2020_WI_House-5_REP,REP,Scott Fitzgerald,60676,77.3,9,True,fitzgerald s
2020_WI_House-5_REP,REP,Cliff DeTemple,17829,22.7,9,False,detemple c
2020_WI_House-6_DEM,DEM,Jessica King,38043,75.9,12,True,king j
2020_WI_House-6_DEM,DEM,Miachael Beardsley,7896,15.8,12,False,beardsley m
2020_WI_House-6_DEM,DEM,Matt Boor,4165,8.3,12,False,boor m
2020_WI_House-6_REP,REP,Glenn Grothman,52247,100.0,11,True,grothman g
2020_WI_House-7_DEM,DEM,Tricia Zunker,51139,100.0,14,True,zunker t
2020_WI_House-7_REP,REP,Tom Tiffany,62142,100.0,13,True,tiffany t
2020_WI_House-8_DEM,DEM,Amanda Stuck,44793,100.0,16,True,stuck a
2020_WI_House-8_REP,REP,Mike Gallagher,50176,100.0,15,True,gallagher m
2020_WV_House-1_DEM,DEM,Natalie Cline,46052,74.7,2,True,cline n
2020_WV_House-1_DEM,DEM,Tom Payne,15559,25.3,2,False,payne t
2020_WV_House-1_REP,REP,David McKinley,64789,100.0,1,True,mckinley d
2020_WV_House-2_DEM,DEM,Cathy Kunkel,53745,100.0,5,True,kunkel c
2020_WV_House-2_REP,REP,Alex Mooney,51184,71.7,4,True,mooney a
2020_WV_House-2_REP,REP,Matt Hahn,20186,28.3,4,False,hahn m
2020_WV_House-3_DEM,DEM,Hilary Turner,16862,29.5,7,True,turner h
2020_WV_House-3_DEM,DEM,Lacy Watson,16760,29.3,7,False,watson l
2020_WV_House-3_DEM,DEM,Paul E. Davis,14020,24.5,7,False,davis p
2020_WV_House-3_DEM,DEM,Jeff Lewis,9542,16.7,7,False,lewis j
2020_WV_House-3_REP,REP,Carol Miller,40226,70.3,6,True,miller c
2020_WV_House-3_REP,REP,Russell Siegel,17024,29.7,6,False,siegel r
2020_WY_House-1_DEM,DEM,Lynnette Grey Bull,14153,60.03,2,True,bull l
2020_WY_House-1_DEM,DEM,Carol Hafner,5172,21.94,2,False,hafner c
2020_WY_House-1_DEM,DEM,Carl Beach,4107,17.42,2,False,beach c
2020_WY_House-1_REP,REP,Liz Cheney,78870,73.46,1,True,cheney l
2020_WY_House-1_REP,REP,Blake Stanley,28039,26.12,1,False,stanley b
2022_AL_House-2_DEM,DEM,Phyllis Harvey-Hall,16884,68.8,1,True,harveyhall p
2022_AL_House-2_DEM,DEM,Vimal Patel,7667,31.2,1,False,patel v
2022_AL_House-3_REP,REP,Mike Rogers,70843,81.9,3,True,rogers m
2022_AL_House-3_REP,REP,Michael Joiner,15618,18.1,3,False,joiner m
2022_AL_House-4_DEM,DEM,Rick Neighbors,4500,54.1,5,True,neighbors r
2022_AL_House-4_DEM,DEM,Rhonda Gore,3823,45.9,5,False,gore r
2022_AL_House-5_DEM,DEM,Kathy Warner-Stanton,9010,57.2,8,True,warnerstanton k
2022_AL_House-5_DEM,DEM,Charlie Thompson III,6739,42.8,8,False,thompson c
2022_AL_House-5_REP,REP,Dale Strong,48138,63.4,7,True,strong d
2022_AL_House-5_REP,REP,Casey Wardynski,27794,36.6,7,False,wardynski c
2022_AR_House-1_REP,REP,Rick Crawford,64102,74.6,1,True,crawford r
2022_AR_House-1_REP,REP,Brandt Smith,11981,13.9,1,False,smith b
2022_AR_House-1_REP,REP,Jody Shackelford,9837,11.5,1,False,shackelford j
2022_AR_House-2_REP,REP,French Hill,49488,58.5,2,True,hill f
2022_AR_House-2_REP,REP,Conrad Reynolds,35078,41.5,2,False,reynolds c
2022_AR_House-3_REP,REP,Steve Womack,60814,78.7,3,True,womack s
2022_AR_House-3_REP,REP,Neil Robinson Kumar,16414,21.3,3,False,kumar n
2022_AZ_House-1_DEM,DEM,Jevin Hodge,46144,61.9,2,True,hodge j
2022_AZ_House-1_DEM,DEM,Adam Metzendorf,28267,37.9,2,False,metzendorf a
2022_AZ_House-1_DEM,DEM,Delina DiSanto,175,0.2,2,False,disanto d
2022_AZ_House-1_REP,REP,David Schweikert,52067,43.6,1,True,schweikert d
2022_AZ_House-1_REP,REP,Elijah Norton,39435,33.0,1,False,norton e
2022_AZ_House-1_REP,REP,Josh Barnett,27999,23.4,1,False,barnett j
2022_AZ_House-2_DEM,DEM,Tom O'Halleran,71391,100.0,3,True,ohalleran t
2022_AZ_House-2_REP,REP,Eli Crane,38681,35.8,4,True,crane e
2022_AZ_House-2_REP,REP,Walter Blackman,26399,24.4,4,False,blackman w
2022_AZ_House-2_REP,REP,Mark DeLuzio,18515,17.1,4,False,deluzio m
2022_AZ_House-2_REP,REP,Andy Yates,7467,6.9,4,False,yates a
2022_AZ_House-2_REP,REP,John Moore,7327,6.8,4,False,moore j
2022_AZ_House-2_REP,REP,Steven Krystofiak,5905,5.5,4,False,krystofiak s
2022_AZ_House-2_REP,REP,Ron Watkins,3810,3.5,4,False,watkins r
2022_AZ_House-3_DEM,DEM,Ruben Gallego,47972,100.0,5,True,gallego r
2022_AZ_House-3_REP,REP,Jeff Zink,13894,100.0,6,True,zink j
2022_AZ_House-4_DEM,DEM,Greg Stanton,61319,100.0,7,True,stanton g
2022_AZ_House-4_REP,REP,Kelly Cooper,20281,28.4,8,True,cooper k
2022_AZ_House-4_REP,REP,Tanya Contreras Wheeless,18166,25.4,8,False,wheeless t
2022_AZ_House-4_REP,REP,Dave Giles,13348,18.7,8,False,giles d
2022_AZ_House-4_REP,REP,Rene Lopez,10149,14.2,8,False,lopez r
2022_AZ_House-4_REP,REP,Jerone Davison,9502,13.3,8,False,davison j
2022_AZ_House-5_DEM,DEM,Javier Ramos,50647,100.0,10,True,ramos j
2022_AZ_House-5_REP,REP,Andy Biggs,98114,99.5,9,True,biggs a
2022_AZ_House-6_DEM,DEM,Kirsten Engel,54060,59.1,11,True,engel k
2022_AZ_House-6_DEM,DEM,Daniel Hernandez Jr.,31815,34.8,11,False,hernandez d
2022_AZ_House-6_DEM,DEM,Avery Anderson,5639,6.2,11,False,anderson a
2022_AZ_House-6_REP,REP,Juan Ciscomani,49559,47.1,12,True,ciscomani j
2022_AZ_House-6_REP,REP,Brandon Martin,21987,20.9,12,False,martin b
2022_AZ_House-6_REP,REP,Kathleen Winn,19635,18.7,12,False,winn k
2022_AZ_House-6_REP,REP,Young Mayberry,8942,8.5,12,False,mayberry y
2022_AZ_House-6_REP,REP,Lucretia Free,5029,4.8,12,False,free l
2022_AZ_House-6_REP,REP,Jordan Flayer,32,0.0,12,False,flayer j
2022_AZ_House-7_DEM,DEM,Raúl Grijalva,62547,100.0,13,True,grijalva r
2022_AZ_House-7_REP,REP,Luis Pozzolo,20413,69.0,14,True,pozzolo l
2022_AZ_House-7_REP,REP,Nina Becker,9064,30.6,14,False,becker n
2022_AZ_House-7_REP,REP,David Reetz,103,0.4,14,False,reetz d
2022_AZ_House-8_REP,REP,Debbie Lesko,100629,100.0,15,True,lesko d
2022_AZ_House-9_DEM,DEM,David Lucier,1319,72.7,17,True,lucier d
2022_AZ_House-9_DEM,DEM,Gene Scharer,496,27.3,17,False,scharer g
2022_AZ_House-9_REP,REP,Paul Gosar,67340,65.9,16,True,gosar p
2022_AZ_House-9_REP,REP,Randy Kutz,13387,13.1,16,False,kutz r
2022_AZ_House-9_REP,REP,Adam Morgan,12508,12.2,16,False,morgan a
2022_AZ_House-9_REP,REP,Sandra Dowling,8851,8.7,16,False,dowling s
2022_AZ_House-9_REP,REP,Jack Harper,76,0.1,16,False,harper j
2022_CO_House-1_DEM,DEM,Diana DeGette,79391,81.1,1,True,degette d
2022_CO_House-1_DEM,DEM,Neal Walia,18472,18.9,1,False,walia n
2022_CO_House-1_REP,REP,Jennifer Qualteri,18568,100.0,2,True,qualteri j
2022_CO_House-2_DEM,DEM,Joe Neguse,91793,100.0,3,True,neguse j
2022_CO_House-2_REP,REP,Marshall Dawson,43164,100.0,4,True,dawson m
2022_CO_House-3_DEM,DEM,Adam Frisch,25751,42.4,6,True,frisch a
2022_CO_House-3_DEM,DEM,Sol Sandoval,25462,41.9,6,False,sandoval s
2022_CO_House-3_DEM,DEM,Alex Walker,9504,15.7,6,False,walker a
2022_CO_House-3_REP,REP,Lauren Boebert,86322,66.0,5,True,boebert l
2022_CO_House-3_REP,REP,Don Coram,44486,34.0,5,False,coram d
2022_CO_House-4_DEM,DEM,Ike McCorkle,42238,100.0,8,True,mccorkle i
2022_CO_House-4_REP,REP,Ken Buck,90070,74.0,7,True,buck k
2022_CO_House-4_REP,REP,Robert Lewis,31585,26.0,7,False,lewis r
2022_CO_House-5_DEM,DEM,David Torres,24413,54.7,10,True,torres d
2022_CO_House-5_DEM,DEM,Michael C. Colombe,20237,45.3,10,False,colombe m
2022_CO_House-5_REP,REP,Doug Lamborn,46178,47.3,9,True,lamborn d
2022_CO_House-5_REP,REP,Dave Williams,32669,33.5,9,False,williams d
2022_CO_House-5_REP,REP,Rebecca Keltie,12631,12.9,9,False,keltie r
2022_CO_House-5_REP,REP,Andrew Heaton,6121,6.3,9,False,heaton a
2022_CO_House-6_DEM,DEM,Jason Crow,61074,100.0,11,True,crow j
2022_CO_House-6_REP,REP,Steve Monahan,47556,100.0,12,True,monahan s
2022_CO_House-7_DEM,DEM,Brittany Pettersen,71497,100.0,13,True,pettersen b
2022_CO_House-7_REP,REP,Erik Aadland,43469,47.9,14,True,aadland e
2022_CO_House-7_REP,REP,Timothy Reichert,32583,35.9,14,False,reichert t
2022_CO_House-7_REP,REP,Laurel Imer,14665,16.2,14,False,imer l
2022_CO_House-8_DEM,DEM,Yadira Caraveo,38837,100.0,15,True,caraveo y
2022_CO_House-8_REP,REP,Barbara Kirkmeyer,22724,39.0,16,True,kirkmeyer b
2022_CO_House-8_REP,REP,Jan Kulmann,13398,23.0,16,False,kulmann j
2022_CO_House-8_REP,REP,Lori Saine,12357,21.2,16,False,saine l
2022_CO_House-8_REP,REP,Tyler Allcorn,9743,16.7,16,False,allcorn t
2022_CT_House-4_REP,REP,Jayme Stevenson,9962,60.3,1,True,stevenson j
2022_CT_House-4_REP,REP,Michael Goldstein,6655,39.7,1,False,goldstein m
2022_FL_House-10_DEM,DEM,Maxwell Alejandro Frost,19288,34.8,13,True,frost m
2022_FL_House-10_DEM,DEM,Randolph Bracy,13677,24.7,13,False,bracy r
2022_FL_House-10_DEM,DEM,Alan Grayson,8526,15.4,13,False,grayson a
2022_FL_House-10_DEM,DEM,Corrine Brown,5274,9.5,13,False,brown c
2022_FL_House-10_DEM,DEM,Natalie Jackson,3872,7.0,13,False,jackson n
2022_FL_House-10_DEM,DEM,Teresa Tachon,1301,2.4,13,False,tachon t
2022_FL_House-10_DEM,DEM,Jeffrey Boone,1181,2.1,13,False,boone j
2022_FL_House-10_DEM,DEM,Terence Gray,1032,1.9,13,False,gray t
2022_FL_House-10_DEM,DEM,Jack Achenbach,714,1.3,13,False,achenbach j
2022_FL_House-10_DEM,DEM,Khalid Muneer,604,1.1,13,False,muneer k
2022_FL_House-10_REP,REP,Calvin Wimbish,12103,44.4,14,True,wimbish c
2022_FL_House-10_REP,REP,Tuan Le,3601,13.2,14,False,le t
2022_FL_House-10_REP,REP,Peter Weed,3541,13.0,14,False,weed p
2022_FL_House-10_REP,REP,Thuy Lowe,3201,11.8,14,False,lowe t
2022_FL_House-10_REP,REP,Willie Montague,3176,11.7,14,False,montague w
2022_FL_House-10_REP,REP,Lateressa Jones,1614,5.9,14,False,jones l
2022_FL_House-11_REP,REP,Daniel Webster,43469,51.0,15,True,webster d
2022_FL_House-11_REP,REP,Laura Loomer,37647,44.2,15,False,loomer l
2022_FL_House-11_REP,REP,Gavriel Soriano,4072,4.8,15,False,soriano g
2022_FL_House-12_REP,REP,Gus Bilirakis,67189,79.7,16,True,bilirakis g
2022_FL_House-12_REP,REP,Jack Martin,7790,9.2,16,False,martin j
2022_FL_House-12_REP,REP,Chris Leiser,4000,4.7,16,False,leiser c
2022_FL_House-12_REP,REP,Brian Perras,3217,3.8,16,False,perras b
2022_FL_House-12_REP,REP,Sid Preskitt,2142,2.5,16,False,preskitt s
2022_FL_House-13_REP,REP,Anna Paulina Luna,37156,44.5,17,True,luna a
2022_FL_House-13_REP,REP,Kevin Hayslett,28108,33.7,17,False,hayslett k
2022_FL_House-13_REP,REP,Amanda Makki,14159,17.0,17,False,makki a
2022_FL_House-13_REP,REP,Christine Quinn,2510,3.0,17,False,quinn c
2022_FL_House-13_REP,REP,Moneer Khiereddine,1599,1.9,17,False,khiereddine m
2022_FL_House-14_DEM,DEM,Kathy Castor,62562,90.3,18,True,castor k
2022_FL_House-14_DEM,DEM,Christopher Bradley,6684,9.7,18,False,bradley c
2022_FL_House-14_REP,REP,James Judge,20466,53.1,19,True,judge j
2022_FL_House-14_REP,REP,Jerry Torres,11398,29.6,19,False,torres j
2022_FL_House-14_REP,REP,Sam Nashagh,6650,17.3,19,False,nashagh s
2022_FL_House-15_DEM,DEM,Alan M. Cohn,14928,33.1,21,True,cohn a
2022_FL_House-15_DEM,DEM,Gavin Brown,10034,22.3,21,False,brown g
2022_FL_House-15_DEM,DEM,Eddie Geller,9859,21.9,21,False,geller e
2022_FL_House-15_DEM,DEM,Cesar Ramirez,7817,17.3,21,False,ramirez c
2022_FL_House-15_DEM,DEM,William VanHorn,2435,5.4,21,False,vanhorn w
2022_FL_House-15_REP,REP,Laurel Lee,22481,41.5,20,True,lee l
2022_FL_House-15_REP,REP,Kelli Stargel,15072,27.8,20,False,stargel k
2022_FL_House-15_REP,REP,Jackie Toledo,6307,11.6,20,False,toledo j
2022_FL_House-15_REP,REP,Demetries Grimes,5629,10.4,20,False,grimes d
2022_FL_House-15_REP,REP,Kevin McGovern,4713,8.7,20,False,mcgovern k
2022_FL_House-16_REP,REP,Vern Buchanan,64028,86.2,22,True,buchanan v
2022_FL_House-16_REP,REP,Martin Hyde,10219,13.8,22,False,hyde m
2022_FL_House-18_REP,REP,Scott Franklin,167429,74.7,24,True,franklin s
2022_FL_House-19_REP,REP,Byron Donalds,76192,83.7,25,True,donalds b
2022_FL_House-19_REP,REP,Jim Huff,14795,16.3,25,False,huff j
2022_FL_House-1_DEM,DEM,Rebekah Jones,21875,62.6,2,True,jones r
2022_FL_House-1_DEM,DEM,Peggy Schiller,13091,37.4,2,False,schiller p
2022_FL_House-1_REP,REP,Matt Gaetz,73374,69.7,1,True,gaetz m
2022_FL_House-1_REP,REP,Mark Lombardo,25720,24.4,1,False,lombardo m
2022_FL_House-1_REP,REP,Greg Merk,6170,5.9,1,False,merk g
2022_FL_House-20_DEM,DEM,Sheila Cherfilus-McCormick,47601,65.6,26,True,cherfilusmccormick s
2022_FL_House-20_DEM,DEM,Dale Holness,20783,28.6,26,False,holness d
2022_FL_House-20_DEM,DEM,Anika Omphroy,4197,5.8,26,False,omphroy a
2022_FL_House-21_REP,REP,Brian Mast,56535,78.1,27,True,mast b
2022_FL_House-21_REP,REP,Jeff Buongiorno,8850,12.2,27,False,buongiorno j
2022_FL_House-21_REP,REP,Melissa Martz,6186,8.5,27,False,martz m
2022_FL_House-21_REP,REP,Ljubo Skrbic,853,1.2,27,False,skrbic l
2022_FL_House-22_REP,REP,Dan Franzese,11972,34.7,28,True,franzese d
2022_FL_House-22_REP,REP,Deborah Adeimy,11842,34.3,28,False,adeimy d
2022_FL_House-22_REP,REP,Rod Dorilas,6594,19.1,28,False,dorilas r
2022_FL_House-22_REP,REP,Peter Steven Arianas,2082,6.0,28,False,arianas p
2022_FL_House-22_REP,REP,Carrie Lawlor,2055,6.0,28,False,lawlor c
2022_FL_House-23_DEM,DEM,Jared Moskowitz,38822,61.1,29,True,moskowitz j
2022_FL_House-23_DEM,DEM,Ben Sorensen,13012,20.5,29,False,sorensen b
2022_FL_House-23_DEM,DEM,Hava Holzhauer,5276,8.3,29,False,holzhauer h
2022_FL_House-23_DEM,DEM,Allen Ellison,3960,6.2,29,False,ellison a
2022_FL_House-23_DEM,DEM,Mike Trout,1390,2.2,29,False,trout m
2022_FL_House-23_DEM,DEM,Michaelangelo Collins Hamilton,1064,1.7,29,False,hamilton m
2022_FL_House-23_REP,REP,Joe Budd,12592,37.6,30,True,budd j
2022_FL_House-23_REP,REP,Jim Pruden,7399,22.1,30,False,pruden j
2022_FL_House-23_REP,REP,Darlene Cerezo Swaffar,3872,11.6,30,False,swaffar d
2022_FL_House-23_REP,REP,Christy McLaughlin,3832,11.5,30,False,mclaughlin c
2022_FL_House-23_REP,REP,Steven Chess,2840,8.5,30,False,chess s
2022_FL_House-23_REP,REP,Ira Weinstein,2297,6.9,30,False,weinstein i
2022_FL_House-23_REP,REP,Myles Perrone,639,1.9,30,False,perrone m
2022_FL_House-24_DEM,DEM,Frederica Wilson,56776,89.3,31,True,wilson f
2022_FL_House-24_DEM,DEM,Kevin Harris,6816,10.7,31,False,harris k
2022_FL_House-24_REP,REP,Jesus Navarro,6373,64.5,32,True,navarro j
2022_FL_House-24_REP,REP,Lavern Spicer,3506,35.5,32,False,spicer l
2022_FL_House-25_DEM,DEM,Debbie Wasserman Schultz,50554,89.0,33,True,schultz d
2022_FL_House-25_DEM,DEM,Robert Millwee,6241,11.0,33,False,millwee r
2022_FL_House-25_REP,REP,Carla Spalding,16425,71.6,34,True,spalding c
2022_FL_House-25_REP,REP,Rubin Young,6511,28.4,34,False,young r
2022_FL_House-26_REP,REP,Mario Díaz-Balart,36861,84.3,35,True,diazbalart m
2022_FL_House-26_REP,REP,Darren Aquino,6885,15.7,35,False,aquino d
2022_FL_House-27_DEM,DEM,Annette Taddeo,27015,67.8,37,True,taddeo a
2022_FL_House-27_DEM,DEM,Ken Russell,10337,25.9,37,False,russell k
2022_FL_House-27_DEM,DEM,Angel Montalvo,2493,6.3,37,False,montalvo a
2022_FL_House-27_REP,REP,Maria Elvira Salazar,33760,80.8,36,True,salazar m
2022_FL_House-27_REP,REP,Frank Polo,8023,19.2,36,False,polo f
2022_FL_House-28_DEM,DEM,Robert Asencio,18504,69.3,39,True,asencio r
2022_FL_House-28_DEM,DEM,Juan Parades,8217,30.8,39,False,parades j
2022_FL_House-28_REP,REP,Carlos Giménez,28762,73.4,38,True,gimenez c
2022_FL_House-28_REP,REP,Carlos Garin,6048,15.4,38,False,garin c
2022_FL_House-28_REP,REP,KW Miller,4395,11.2,38,False,miller k
2022_FL_House-3_DEM,DEM,Danielle Hawk,37181,67.6,4,True,hawk d
2022_FL_House-3_DEM,DEM,Tom Wells,17799,32.4,4,False,wells t
2022_FL_House-3_REP,REP,Kat Cammack,63279,85.2,3,True,cammack k
2022_FL_House-3_REP,REP,Justin Waters,11022,14.8,3,False,waters j
2022_FL_House-4_DEM,DEM,LaShonda Holloway,29352,50.2,5,True,holloway l
2022_FL_House-4_DEM,DEM,Tony Hill,29145,49.8,5,False,hill t
2022_FL_House-4_REP,REP,Aaron Bean,49060,68.1,6,True,bean a
2022_FL_House-4_REP,REP,Erick Aguilar,18605,25.8,6,False,aguilar e
2022_FL_House-4_REP,REP,Jon Chuba,4388,6.1,6,False,chuba j
2022_FL_House-5_REP,REP,John Rutherford,87720,65.7,7,True,rutherford j
2022_FL_House-5_REP,REP,Mara Macie,23607,17.7,7,False,macie m
2022_FL_House-5_REP,REP,Luna Lopez,22283,16.7,7,False,lopez l
2022_FL_House-6_REP,REP,Michael Waltz,65694,77.4,8,True,waltz m
2022_FL_House-6_REP,REP,Charles Davis,19175,22.6,8,False,davis c
2022_FL_House-7_DEM,DEM,Karen Green,23051,44.9,9,True,green k
2022_FL_House-7_DEM,DEM,Al Krulick,10787,21.0,9,False,krulick a
2022_FL_House-7_DEM,DEM,Tatiana Fernandez,10261,20.0,9,False,fernandez t
2022_FL_House-7_DEM,DEM,Allek Pastrana,7289,14.2,9,False,pastrana a
2022_FL_House-7_REP,REP,Cory Mills,27757,37.9,10,True,mills c
2022_FL_House-7_REP,REP,Anthony Sabatini,17332,23.7,10,False,sabatini a
2022_FL_House-7_REP,REP,Brady Duke,11221,15.3,10,False,duke b
2022_FL_House-7_REP,REP,Ted Edwards,4259,5.8,10,False,edwards t
2022_FL_House-7_REP,REP,Rusty Roberts,4031,5.5,10,False,roberts r
2022_FL_House-7_REP,REP,Erika Benfield,3964,5.4,10,False,benfield e
2022_FL_House-7_REP,REP,Scott Sturgill,3094,4.2,10,False,sturgill s
2022_FL_House-7_REP,REP,Armando Santos,1504,2.1,10,False,santos a
2022_FL_House-8_DEM,DEM,Joanne Terry,29542,54.6,11,True,terry j
2022_FL_House-8_DEM,DEM,Danielle Dodge,24592,45.4,11,False,dodge d
2022_FL_House-9_REP,REP,Scotty Moore,16971,55.9,12,True,moore s
2022_FL_House-9_REP,REP,Jose Castillo,7537,24.8,12,False,castillo j
2022_FL_House-9_REP,REP,Adianis Morales,3969,13.1,12,False,morales a
2022_FL_House-9_REP,REP,Sergio Oritz,1900,6.3,12,False,oritz s
2022_GA_House-10_DEM,DEM,Tabitha Johnson-Green,9070,64.4,26,True,johnsongreen t
2022_GA_House-10_DEM,DEM,Jessica Fore,5024,35.6,26,False,fore j
2022_GA_House-10_REP,REP,Mike Collins,30536,74.5,24,True,collins m
2022_GA_House-10_REP,REP,Vernon Jones,10469,25.5,24,False,jones v
2022_GA_House-11_DEM,DEM,Antonio Daza-Fernandez,33470,100.0,28,True,dazafernandez a
2022_GA_House-11_REP,REP,Barry Loudermilk,99073,100.0,27,True,loudermilk b
2022_GA_House-12_DEM,DEM,Elizabeth Johnson,44537,100.0,30,True,johnson e
2022_GA_House-12_REP,REP,Rick Allen,81151,100.0,29,True,allen r
2022_GA_House-13_DEM,DEM,David Scott,60544,65.7,31,True,scott d
2022_GA_House-13_DEM,DEM,Mark Baker,11581,12.6,31,False,baker m
2022_GA_House-13_DEM,DEM,Shastity Driscoll,10906,11.8,31,False,driscoll s
2022_GA_House-13_DEM,DEM,Vincent Fort,9108,9.9,31,False,fort v
2022_GA_House-13_REP,REP,Caesar Gonzales,12659,57.2,32,True,gonzales c
2022_GA_House-13_REP,REP,Calina Plotky,5022,22.7,32,False,plotky c
2022_GA_House-13_REP,REP,Dominika Hawkins,4450,20.1,32,False,hawkins d
2022_GA_House-14_DEM,DEM,Marcus Flowers,20082,74.7,34,True,flowers m
2022_GA_House-14_DEM,DEM,Wendy Davis,5141,19.1,34,False,davis w
2022_GA_House-14_DEM,DEM,Holly McCormack,1662,6.2,34,False,mccormack h
2022_GA_House-14_REP,REP,Marjorie Taylor Greene,72215,69.5,33,True,greene m
2022_GA_House-14_REP,REP,Jennifer Strahan,17595,16.9,33,False,strahan j
2022_GA_House-14_REP,REP,Eric Cunningham,6390,6.2,33,False,cunningham e
2022_GA_House-14_REP,REP,James Haygood,3790,3.7,33,False,haygood j
2022_GA_House-14_REP,REP,Charles Lutin,2304,2.2,33,False,lutin c
2022_GA_House-14_REP,REP,Seth Synstelien,1547,1.5,33,False,synstelien s
2022_GA_House-1_DEM,DEM,Wade Herring,12880,61.9,3,True,herring w
2022_GA_House-1_DEM,DEM,Joyce Marie Griggs,7918,38.1,3,False,griggs j
2022_GA_House-1_REP,REP,Buddy Carter,80757,100.0,1,True,carter b
2022_GA_House-2_DEM,DEM,Sanford Bishop,54991,93.5,4,True,bishop s
2022_GA_House-2_DEM,DEM,Joseph O'Hara,3814,6.5,4,False,ohara j
2022_GA_House-2_REP,REP,Chris West,14622,51.3,6,True,west c
2022_GA_House-2_REP,REP,Jeremy Hunt,13875,48.7,6,False,hunt j
2022_GA_House-3_DEM,DEM,Val Almonord,32207,100.0,8,True,almonord v
2022_GA_House-3_REP,REP,Drew Ferguson,96314,82.7,7,True,ferguson d
2022_GA_House-3_REP,REP,Jared Benjamin Craig,20175,17.3,7,False,craig j
2022_GA_House-4_DEM,DEM,Hank Johnson,84773,100.0,9,True,johnson h
2022_GA_House-4_REP,REP,Jonathan Chavez,21924,78.3,10,True,chavez j
2022_GA_House-4_REP,REP,Surrea Ivy,6078,21.7,10,False,ivy s
2022_GA_House-5_DEM,DEM,Nikema Williams,78440,86.3,11,True,williams n
2022_GA_House-5_DEM,DEM,Valencia Stovall,8701,9.6,11,False,stovall v
2022_GA_House-5_DEM,DEM,Charlotte Macbagito,3791,4.2,11,False,macbagito c
2022_GA_House-5_REP,REP,Christian Zimm,21540,100.0,12,True,zimm c
2022_GA_House-6_DEM,DEM,Bob Christian,18776,55.6,15,True,christian b
2022_GA_House-6_DEM,DEM,Wayne White,15025,44.4,15,False,white w
2022_GA_House-6_REP,REP,Rich McCormick,27455,66.5,14,True,mccormick r
2022_GA_House-6_REP,REP,Jake Evans,13808,33.5,14,False,evans j
2022_GA_House-7_DEM,DEM,Lucy McBath,33607,63.1,16,True,mcbath l
2022_GA_House-7_DEM,DEM,Carolyn Bourdeaux,16310,30.6,16,False,bourdeaux c
2022_GA_House-7_DEM,DEM,Donna McLeod,3352,6.3,16,False,mcleod d
2022_GA_House-7_REP,REP,Mark Gonsalves,8591,70.1,18,True,gonsalves m
2022_GA_House-7_REP,REP,Michael Corbin,3666,29.9,18,False,corbin m
2022_GA_House-8_DEM,DEM,Darrius Butler,30655,100.0,20,True,butler d
2022_GA_House-8_REP,REP,Austin Scott,90426,100.0,19,True,scott a
2022_GA_House-9_DEM,DEM,Michael Ford,21434,100.0,22,True,ford m
2022_GA_House-9_REP,REP,Andrew Clyde,90535,76.4,21,True,clyde a
2022_GA_House-9_REP,REP,Ben Souther,17922,15.1,21,False,souther b
2022_GA_House-9_REP,REP,Michael Boggus,4230,3.6,21,False,boggus m
2022_GA_House-9_REP,REP,Gregory Howard,3463,2.9,21,False,howard g
2022_GA_House-9_REP,REP,John London,2359,2.0,21,False,london j
2022_HI_House-1_DEM,DEM,Ed Case,100667,83.2,1,True,case e
2022_HI_House-1_DEM,DEM,Sergio Alcubilla,20364,16.8,1,False,alcubilla s
2022_HI_House-1_REP,REP,Conrad Kress,13449,50.4,2,True,kress c
2022_HI_House-1_REP,REP,Arturo Reyes,7465,28.0,2,False,reyes a
2022_HI_House-1_REP,REP,Patrick Largey,5785,21.7,2,False,largey p
2022_HI_House-2_DEM,DEM,Jill Tokuda,62275,57.6,4,True,tokuda j
2022_HI_House-2_DEM,DEM,Patrick Branco,27057,25.0,4,False,branco p
2022_HI_House-2_DEM,DEM,Kyle Yoshida,6624,6.1,4,False,yoshida k
2022_HI_House-2_DEM,DEM,Brendan Schultz,6115,5.7,4,False,schultz b
2022_HI_House-2_DEM,DEM,Nicole Gi,3937,3.6,4,False,gi n
2022_HI_House-2_DEM,DEM,Steven Sparks,2137,2.0,4,False,sparks s
2022_HI_House-2_REP,REP,Joe Akana,28200,83.9,5,True,akana j
2022_HI_House-2_REP,REP,Joe Webster,5403,16.1,5,False,webster j
2022_IA_House-1_DEM,DEM,Christina Bohannan,37475,99.7,2,True,bohannan c
2022_IA_House-1_REP,REP,Mariannette Miller-Meeks,41260,98.7,1,True,millermeeks m
2022_IA_House-2_DEM,DEM,Liz Mathis,40737,99.6,4,True,mathis l
2022_IA_House-2_REP,REP,Ashley Hinson,39897,99.3,3,True,hinson a
2022_IA_House-3_DEM,DEM,Cindy Axne,47710,99.5,5,True,axne c
2022_IA_House-3_REP,REP,Zach Nunn,30502,65.8,6,True,nunn z
2022_IA_House-3_REP,REP,Nicole Hasso,8991,19.4,6,False,hasso n
2022_IA_House-3_REP,REP,Gary Leffler,6800,14.7,6,False,leffler g
2022_IA_House-4_DEM,DEM,Ryan Melton,20794,99.7,8,True,melton r
2022_IA_House-4_REP,REP,Randy Feenstra,51271,98.9,7,True,feenstra r
2022_ID_House-1_DEM,DEM,Kaylee Peterson,15057,100.0,2,True,peterson k
2022_ID_House-1_REP,REP,Russ Fulcher,126528,100.0,1,True,fulcher r
2022_ID_House-2_DEM,DEM,Wendy Norman,17150,100.0,5,True,norman w
2022_ID_House-2_REP,REP,Mike Simpson,67177,54.6,4,True,simpson m
2022_ID_House-2_REP,REP,Bryan Smith,40267,32.7,4,False,smith b
2022_ID_House-2_REP,REP,Flint Christensen,7113,5.8,4,False,christensen f
2022_ID_House-2_REP,REP,Chris Porter,6357,5.2,4,False,porter c
2022_ID_House-2_REP,REP,Daniel Levy,2185,1.8,4,False,levy d
2022_IL_House-10_DEM,DEM,Brad Schneider,52624,100.0,19,True,schneider b
2022_IL_House-10_REP,REP,Joseph Severino,33708,100.0,20,True,severino j
2022_IL_House-11_DEM,DEM,Bill Foster,44096,100.0,21,True,foster b
2022_IL_House-11_REP,REP,Catalina Lauf,15360,31.0,22,True,lauf c
2022_IL_House-11_REP,REP,Jerry Evans,11158,22.5,22,False,evans j
2022_IL_House-11_REP,REP,Mark Joseph Carroll,9955,20.1,22,False,carroll m
2022_IL_House-11_REP,REP,Susan L. Hathaway-Altman,6017,12.1,22,False,hathawayaltman s
2022_IL_House-11_REP,REP,Cassandra Tanner Miller,3730,7.5,22,False,miller c
2022_IL_House-11_REP,REP,Andrea Heeg,3334,6.7,22,False,heeg a
2022_IL_House-12_DEM,DEM,Chip Markel,11068,56.7,24,True,markel c
2022_IL_House-12_DEM,DEM,Joshua Qualls,8438,43.3,24,False,qualls j
2022_IL_House-12_REP,REP,Mike Bost,88681,100.0,23,True,bost m
2022_IL_House-13_DEM,DEM,Nikki Budzinski,31593,75.6,26,True,budzinski n
2022_IL_House-13_DEM,DEM,David Palmer,10216,24.4,26,False,palmer d
2022_IL_House-13_REP,REP,Regan Deering,14885,34.6,25,True,deering r
2022_IL_House-13_REP,REP,Jesse Reising,14184,32.9,25,False,reising j
2022_IL_House-13_REP,REP,Matt Hausman,10289,23.9,25,False,hausman m
2022_IL_House-13_REP,REP,Terry Martin,3694,8.6,25,False,martin t
2022_IL_House-14_DEM,DEM,Lauren Underwood,37780,100.0,28,True,underwood l
2022_IL_House-14_REP,REP,Scott Gryder,13998,30.9,29,True,gryder s
2022_IL_House-14_REP,REP,James Marter,10950,24.2,29,False,marter j
2022_IL_House-14_REP,REP,Mike Koolidge,9378,20.7,29,False,koolidge m
2022_IL_House-14_REP,REP,Jack Lombardi II,6372,14.1,29,False,lombardi j
2022_IL_House-14_REP,REP,Jaime Milton,4612,10.2,29,False,milton j
2022_IL_House-15_DEM,DEM,Paul Lange,21433,100.0,31,True,lange p
2022_IL_House-15_REP,REP,Mary Miller,64549,57.4,30,True,miller m
2022_IL_House-15_REP,REP,Rodney Davis,47852,42.6,30,False,davis r
2022_IL_House-16_REP,REP,Darin LaHood,56582,66.4,32,True,lahood d
2022_IL_House-16_REP,REP,Walt Peters,11278,13.2,32,False,peters w
2022_IL_House-16_REP,REP,JoAnne Guillemette,10476,12.3,32,False,guillemette j
2022_IL_House-16_REP,REP,Michael Rebresh,6911,8.1,32,False,rebresh m
2022_IL_House-17_DEM,DEM,Eric Sorensen,14702,37.7,33,True,sorensen e
2022_IL_House-17_DEM,DEM,Litesa Wallace,9103,23.3,33,False,wallace l
2022_IL_House-17_DEM,DEM,Jonathan Logemann,5628,14.4,33,False,logemann j
2022_IL_House-17_DEM,DEM,Angie Normoyle,4818,12.4,33,False,normoyle a
2022_IL_House-17_DEM,DEM,Marsha Williams,2701,6.9,33,False,williams m
2022_IL_House-17_DEM,DEM,Jacqueline McGowan,2040,5.2,33,False,mcgowan j
2022_IL_House-17_REP,REP,Esther Joy King,31065,68.5,34,True,king e
2022_IL_House-17_REP,REP,Charlie Helmick,14274,31.5,34,False,helmick c
2022_IL_House-1_DEM,DEM,Jonathan Jackson,21607,28.2,1,True,jackson j
2022_IL_House-1_DEM,DEM,Pat Dowell,14594,19.0,1,False,dowell p
2022_IL_House-1_DEM,DEM,Karin Norington-Reaves,10825,14.1,1,False,noringtonreaves k
2022_IL_House-1_DEM,DEM,Jacqueline Collins,9299,12.1,1,False,collins j
2022_IL_House-1_DEM,DEM,Chris Butler,4141,5.4,1,False,butler c
2022_IL_House-1_DEM,DEM,Jahmal Cole,4045,5.3,1,False,cole j
2022_IL_House-1_DEM,DEM,Jonathan Swain,2554,3.3,1,False,swain j
2022_IL_House-1_DEM,DEM,Michael Thompson,1680,2.2,1,False,thompson m
2022_IL_House-1_DEM,DEM,Charise A. Williams,1601,2.1,1,False,williams c
2022_IL_House-1_DEM,DEM,Cassandra Goodrum,1422,1.9,1,False,goodrum c
2022_IL_House-1_DEM,DEM,Marcus Lewis,901,1.2,1,False,lewis m
2022_IL_House-1_DEM,DEM,Robert Palmer,899,1.2,1,False,palmer r
2022_IL_House-1_DEM,DEM,Nykea Pippion McGriff,892,1.2,1,False,mcgriff n
2022_IL_House-1_DEM,DEM,Terre Layng Rosner,780,1.0,1,False,rosner t
2022_IL_House-1_DEM,DEM,Ameena Matthews,686,0.9,1,False,matthews a
2022_IL_House-1_DEM,DEM,Kirby Birgans,511,0.7,1,False,birgans k
2022_IL_House-1_DEM,DEM,Steven DeJoie,251,0.3,1,False,dejoie s
2022_IL_House-1_REP,REP,Eric Carlson,10755,40.5,2,True,carlson e
2022_IL_House-1_REP,REP,Jeff Regnier,10375,39.0,2,False,regnier j
2022_IL_House-1_REP,REP,Geno Young,3853,14.5,2,False,young g
2022_IL_House-1_REP,REP,Philanise White,1598,6.0,2,False,white p
2022_IL_House-2_DEM,DEM,Robin Kelly,56606,100.0,4,True,kelly r
2022_IL_House-2_REP,REP,Thomas Lynch,10289,37.2,5,True,lynch t
2022_IL_House-2_REP,REP,Shane Cultra,9869,35.7,5,False,cultra s
2022_IL_House-2_REP,REP,Ashley Ramos,7524,27.2,5,False,ramos a
2022_IL_House-3_DEM,DEM,Delia Ramirez,37296,66.4,6,True,ramirez d
2022_IL_House-3_DEM,DEM,Gilbert Villegas,12990,23.1,6,False,villegas g
2022_IL_House-3_DEM,DEM,Iymen Chehade,3719,6.6,6,False,chehade i
2022_IL_House-3_DEM,DEM,Juan Aguirre,2175,3.9,6,False,aguirre j
2022_IL_House-3_REP,REP,Justin Burau,18997,100.0,7,True,burau j
2022_IL_House-4_DEM,DEM,"Jesús ""Chuy"" García",37499,100.0,8,True,garcia j
2022_IL_House-4_REP,REP,James Falakos,12192,100.0,9,True,falakos j
2022_IL_House-5_DEM,DEM,Mike Quigley,82490,100.0,10,True,quigley m
2022_IL_House-5_REP,REP,Tommy Hanson,14806,55.4,11,True,hanson t
2022_IL_House-5_REP,REP,Malgorzata McGonigal,11916,44.6,11,False,mcgonigal m
2022_IL_House-6_DEM,DEM,Sean Casten,45654,67.7,12,True,casten s
2022_IL_House-6_DEM,DEM,Marie Newman,19726,29.2,12,False,newman m
2022_IL_House-6_DEM,DEM,Charles M. Hughes,2085,3.1,12,False,hughes c
2022_IL_House-6_REP,REP,Keith Pekau,20178,38.7,13,True,pekau k
2022_IL_House-6_REP,REP,Gary Grasso,14150,27.2,13,False,grasso g
2022_IL_House-6_REP,REP,Niki Conforti,5947,11.4,13,False,conforti n
2022_IL_House-6_REP,REP,Catherine A. O'Shea,5243,10.1,13,False,oshea c
2022_IL_House-6_REP,REP,Scott R. Kaspar,3573,6.9,13,False,kaspar s
2022_IL_House-6_REP,REP,"Robert ""Rob"" Cruz",3003,5.8,13,False,cruz r
2022_IL_House-7_DEM,DEM,Danny Davis,39230,51.9,14,True,davis d
2022_IL_House-7_DEM,DEM,Kina Collins,34574,45.7,14,False,collins k
2022_IL_House-7_DEM,DEM,Denarvis Mendenhall,1808,2.4,14,False,mendenhall d
2022_IL_House-8_DEM,DEM,Raja Krishnamoorthi,29933,70.3,15,True,krishnamoorthi r
2022_IL_House-8_DEM,DEM,Junaid Ahmed,12627,29.7,15,False,ahmed j
2022_IL_House-8_REP,REP,Chris Dargis,11055,32.0,16,True,dargis c
2022_IL_House-8_REP,REP,Phillip Owen Wood,6529,18.9,16,False,wood p
2022_IL_House-8_REP,REP,Peter Kopsaftis,6101,17.6,16,False,kopsaftis p
2022_IL_House-8_REP,REP,Karen Kolodziej,6017,17.4,16,False,kolodziej k
2022_IL_House-8_REP,REP,Chad Koppie,4886,14.1,16,False,koppie c
2022_IL_House-9_DEM,DEM,Jan Schakowsky,76956,100.0,17,True,schakowsky j
2022_IL_House-9_REP,REP,Max Rice,22751,100.0,18,True,rice m
2022_IN_House-1_DEM,DEM,Frank J. Mrvan,34489,86.4,1,True,mrvan f
2022_IN_House-1_DEM,DEM,Richard Fantin,5413,13.6,1,False,fantin r
2022_IN_House-1_REP,REP,Jennifer-Ruth Green,14616,47.1,2,True,green j
2022_IN_House-1_REP,REP,Blair Milo,6964,22.4,2,False,milo b
2022_IN_House-1_REP,REP,Mark Leyva,4173,13.5,2,False,leyva m
2022_IN_House-1_REP,REP,Nicholas Pappas,2409,7.8,2,False,pappas n
2022_IN_House-1_REP,REP,Martin Lucas,1114,3.6,2,False,lucas m
2022_IN_House-1_REP,REP,Ben Ruiz,1054,3.4,2,False,ruiz b
2022_IN_House-1_REP,REP,Aaron Storer,692,2.2,2,False,storer a
2022_IN_House-2_DEM,DEM,Paul Steury,11708,100.0,5,True,steury p
2022_IN_House-2_REP,REP,Jackie Walorski,36928,100.0,4,True,walorski j
2022_IN_House-3_DEM,DEM,Gary Snyder,6794,56.2,7,True,snyder g
2022_IN_House-3_DEM,DEM,A. J. Calkins,2894,23.9,7,False,calkins a
2022_IN_House-3_DEM,DEM,Phillip Beachy,2400,19.9,7,False,beachy p
2022_IN_House-3_REP,REP,Jim Banks,54033,100.0,6,True,banks j
2022_IN_House-4_DEM,DEM,Roger Day,5680,68.2,9,True,day r
2022_IN_House-4_DEM,DEM,Howard Pollchik,2648,31.8,9,False,pollchik h
2022_IN_House-4_REP,REP,Jim Baird,50342,100.0,8,True,baird j
2022_IN_House-5_DEM,DEM,Jeanine Lee Lake,10192,60.0,11,True,lake j
2022_IN_House-5_DEM,DEM,Matthew Hall,6799,40.0,11,False,hall m
2022_IN_House-5_REP,REP,Victoria Spartz,47128,100.0,10,True,spartz v
2022_IN_House-6_DEM,DEM,Cinde Wirth,9057,73.1,13,True,wirth c
2022_IN_House-6_DEM,DEM,George Holland,3337,26.9,13,False,holland g
2022_IN_House-6_REP,REP,Greg Pence,44893,77.6,12,True,pence g
2022_IN_House-6_REP,REP,James Alspach,12923,22.4,12,False,alspach j
2022_IN_House-7_DEM,DEM,André Carson,36242,93.9,14,True,carson a
2022_IN_House-7_DEM,DEM,Curtis Godfrey,1526,4.0,14,False,godfrey c
2022_IN_House-7_DEM,DEM,Pierre Pullins,830,2.2,14,False,pullins p
2022_IN_House-7_REP,REP,Angela Grabovsky,6886,53.6,15,True,grabovsky a
2022_IN_House-7_REP,REP,Rusty Johnson,2185,17.0,15,False,johnson r
2022_IN_House-7_REP,REP,Jennifer Pace,1556,12.1,15,False,pace j
2022_IN_House-7_REP,REP,Bill Allen,1505,11.7,15,False,allen b
2022_IN_House-7_REP,REP,Gerald Walters,722,5.6,15,False,walters g
2022_IN_House-8_DEM,DEM,Ray McCormick,16465,69.7,17,True,mccormick r
2022_IN_House-8_DEM,DEM,Adnan Dhahir,4429,18.7,17,False,dhahir a
2022_IN_House-8_DEM,DEM,Peter Priest,2731,11.6,17,False,priest p
2022_IN_House-8_REP,REP,Larry Bucshon,47557,100.0,16,True,bucshon l
2022_IN_House-9_DEM,DEM,Matthew Fyfe,12240,56.8,19,True,fyfe m
2022_IN_House-9_DEM,DEM,Isak Nti Asare,6305,29.2,19,False,asare i
2022_IN_House-9_DEM,DEM,Liam Dorris,3023,14.0,19,False,dorris l
2022_IN_House-9_REP,REP,Erin Houchin,21697,37.3,18,True,houchin e
2022_IN_House-9_REP,REP,Mike Sodrel,15008,25.8,18,False,sodrel m
2022_IN_House-9_REP,REP,Stu Barnes-Israel,12193,21.0,18,False,barnesisrael s
2022_IN_House-9_REP,REP,Jim Baker,2946,5.1,18,False,baker j
2022_IN_House-9_REP,REP,J. Michael Davisson,1597,2.7,18,False,davisson j
2022_IN_House-9_REP,REP,Eric Schansberg,1559,2.7,18,False,schansberg e
2022_IN_House-9_REP,REP,Brian Tibbs,1461,2.5,18,False,tibbs b
2022_IN_House-9_REP,REP,Dan Heiwig,919,1.6,18,False,heiwig d
2022_IN_House-9_REP,REP,Bill Thomas,756,1.3,18,False,thomas b
2022_KS_House-1_DEM,DEM,Jimmy Beard,42589,100.0,2,True,beard j
2022_KS_House-1_REP,REP,Tracey Mann,117899,100.0,1,True,mann t
2022_KS_House-2_DEM,DEM,Patrick Schmidt,54439,100.0,4,True,schmidt p
2022_KS_House-2_REP,REP,Jake LaTurner,94578,100.0,3,True,laturner j
2022_KS_House-3_DEM,DEM,Sharice Davids,103945,100.0,5,True,davids s
2022_KS_House-3_REP,REP,Amanda Adkins,96896,77.2,6,True,adkins a
2022_KS_House-3_REP,REP,John McCaughrean,28573,22.8,6,False,mccaughrean j
2022_KS_House-4_DEM,DEM,Bob Hernandez,42222,100.0,8,True,hernandez b
2022_KS_House-4_REP,REP,Ron Estes,102915,100.0,7,True,estes r
2022_KY_House-2_DEM,DEM,Hank Linderman,20174,58.2,2,True,linderman h
2022_KY_House-2_DEM,DEM,William Compton,14465,41.8,2,False,compton w
2022_KY_House-2_REP,REP,Brett Guthrie,52265,78.1,1,True,guthrie b
2022_KY_House-2_REP,REP,Lee Watts,11996,17.9,1,False,watts l
2022_KY_House-2_REP,REP,Brent Feher,2681,4.0,1,False,feher b
2022_KY_House-3_DEM,DEM,Morgan McGarvey,52157,63.3,3,True,mcgarvey m
2022_KY_House-3_DEM,DEM,Attica Scott,30183,36.7,3,False,scott a
2022_KY_House-3_REP,REP,Stuart Ray,9703,29.5,4,True,ray s
2022_KY_House-3_REP,REP,Rhonda Palazzo,9645,29.4,4,False,palazzo r
2022_KY_House-3_REP,REP,Mike Craven,6488,19.7,4,False,craven m
2022_KY_House-3_REP,REP,Gregory Puccetti,2980,9.1,4,False,puccetti g
2022_KY_House-3_REP,REP,Daniel Cobble,1539,4.7,4,False,cobble d
2022_KY_House-3_REP,REP,Justin Gregory,1293,3.9,4,False,gregory j
2022_KY_House-3_REP,REP,Darien Moreno,1212,3.7,4,False,moreno d
2022_KY_House-4_REP,REP,Thomas Massie,50301,75.2,6,True,massie t
2022_KY_House-4_REP,REP,Claire Wirth,10521,15.7,6,False,wirth c
2022_KY_House-4_REP,REP,Alyssa Dara McDowell,3446,5.2,6,False,mcdowell a
2022_KY_House-4_REP,REP,George Washington,2606,3.9,6,False,washington g
2022_KY_House-5_REP,REP,Hal Rogers,77050,82.6,7,True,rogers h
2022_KY_House-5_REP,REP,Gerardo Serrano,5460,5.8,7,False,serrano g
2022_KY_House-5_REP,REP,Jeannette Andrews,4160,4.5,7,False,andrews j
2022_KY_House-5_REP,REP,Brandon Monhollen,3831,4.1,7,False,monhollen b
2022_KY_House-5_REP,REP,Richard Van Dam,2784,3.0,7,False,dam r
2022_KY_House-6_DEM,DEM,Geoff Young,25722,51.7,9,True,young g
2022_KY_House-6_DEM,DEM,Christopher Preece,24007,48.3,9,False,preece c
2022_KY_House-6_REP,REP,Andy Barr,47660,87.8,8,True,barr a
2022_KY_House-6_REP,REP,Derek Petteys,6593,12.2,8,False,petteys d
2022_MA_House-1_DEM,DEM,Richard Neal,71928,99.2,1,True,neal r
2022_MA_House-1_REP,REP,Dean Martilli,23256,99.2,2,True,martilli d
2022_MA_House-2_DEM,DEM,Jim McGovern,69839,99.7,3,True,mcgovern j
2022_MA_House-2_REP,REP,Jeffrey Sossa-Paquette,22675,99.4,4,True,sossapaquette j
2022_MA_House-3_DEM,DEM,Lori Trahan,64190,99.6,5,True,trahan l
2022_MA_House-3_REP,REP,Dean Tran,24087,99.3,6,True,tran d
2022_MA_House-4_DEM,DEM,Jake Auchincloss,67738,99.3,7,True,auchincloss j
2022_MA_House-4_REP,REP,Other Write-ins,1457,57.2,8,True,writeins o
2022_MA_House-4_REP,REP,David Cannata,1091,42.8,8,False,cannata d
2022_MA_House-5_DEM,DEM,Katherine Clark,84845,99.6,9,True,clark k
2022_MA_House-5_REP,REP,Caroline Colarusso,16184,99.0,10,True,colarusso c
2022_MA_House-6_DEM,DEM,Seth Moulton,84860,99.3,11,True,moulton s
2022_MA_House-6_REP,REP,Robert May,29503,99.2,12,True,may r
2022_MA_House-7_DEM,DEM,Ayanna Pressley,69227,98.7,13,True,pressley a
2022_MA_House-7_REP,REP,Donnie Palmer,4657,97.6,14,True,palmer d
2022_MA_House-8_DEM,DEM,Stephen Lynch,73191,99.0,15,True,lynch s
2022_MA_House-8_REP,REP,Robert Burke,19173,73.0,16,True,burke r
2022_MA_House-8_REP,REP,Hamilton Rodrigues,6977,26.5,16,False,rodrigues h
2022_MA_House-9_DEM,DEM,Bill Keating,81530,99.7,17,True,keating b
2022_MA_House-9_REP,REP,Jesse Brown,24384,51.3,18,True,brown j
2022_MA_House-9_REP,REP,Dan Sullivan,23002,48.4,18,False,sullivan d
2022_MD_House-1_DEM,DEM,Heather Mizeur,34549,68.8,2,True,mizeur h
2022_MD_House-1_DEM,DEM,R. David Harden,15683,31.2,2,False,harden r
2022_MD_House-1_REP,REP,Andy Harris,67933,100.0,1,True,harris a
2022_MD_House-2_DEM,DEM,Dutch Ruppersberger,62896,75.4,3,True,ruppersberger d
2022_MD_House-2_DEM,DEM,George Croom,8465,10.2,3,False,croom g
2022_MD_House-2_DEM,DEM,Marques Dent,7728,9.3,3,False,dent m
2022_MD_House-2_DEM,DEM,Liri Fusha,4218,5.1,3,False,fusha l
2022_MD_House-2_REP,REP,Nicolee Ambrose,12201,32.3,4,True,ambrose n
2022_MD_House-2_REP,REP,David D. Wallace,7643,20.2,4,False,wallace d
2022_MD_House-2_REP,REP,Michael A. Geppi,5595,14.8,4,False,geppi m
2022_MD_House-2_REP,REP,Berney Flowers,4983,13.2,4,False,flowers b
2022_MD_House-2_REP,REP,"Ellen ""EJ"" McNulty",4204,11.1,4,False,mcnulty e
2022_MD_House-2_REP,REP,Lance Griffin,3192,8.4,4,False,griffin l
2022_MD_House-3_DEM,DEM,John Sarbanes,63790,84.6,5,True,sarbanes j
2022_MD_House-3_DEM,DEM,Ben R. Beardsley,6854,9.1,5,False,beardsley b
2022_MD_House-3_DEM,DEM,Jake Pretot,4728,6.3,5,False,pretot j
2022_MD_House-3_REP,REP,Yuripzy Morgan,13198,33.6,6,True,morgan y
2022_MD_House-3_REP,REP,Joe Kelley,8924,22.7,6,False,kelley j
2022_MD_House-3_REP,REP,Antonio Pitocco,8041,20.5,6,False,pitocco a
2022_MD_House-3_REP,REP,"Thomas E. ""Pinkston"" Harris",4966,12.6,6,False,harris t
2022_MD_House-3_REP,REP,Amal Torres,4171,10.6,6,False,torres a
2022_MD_House-4_DEM,DEM,Glenn Ivey,42791,51.8,7,True,ivey g
2022_MD_House-4_DEM,DEM,Donna Edwards,29114,35.2,7,False,edwards d
2022_MD_House-4_DEM,DEM,Angela Angel,4678,5.7,7,False,angel a
2022_MD_House-4_DEM,DEM,Tammy Allison,1726,2.1,7,False,allison t
2022_MD_House-4_DEM,DEM,Kim A. Shelton,1354,1.6,7,False,shelton k
2022_MD_House-4_DEM,DEM,Gregory Holmes,1024,1.2,7,False,holmes g
2022_MD_House-4_DEM,DEM,James Curtis Jr.,763,0.9,7,False,curtis j
2022_MD_House-4_DEM,DEM,Matthew Fogg,663,0.8,7,False,fogg m
2022_MD_House-4_DEM,DEM,Robert K. McGhee,549,0.7,7,False,mcghee r
2022_MD_House-4_REP,REP,Jeff Warner,2414,58.7,8,True,warner j
2022_MD_House-4_REP,REP,George McDermott,1091,26.5,8,False,mcdermott g
2022_MD_House-4_REP,REP,Eric Loeb,607,14.8,8,False,loeb e
2022_MD_House-5_DEM,DEM,Steny Hoyer,68729,71.3,9,True,hoyer s
2022_MD_House-5_DEM,DEM,Mckayla Wilkes,18403,19.1,9,False,wilkes m
2022_MD_House-5_DEM,DEM,Keith Washington,9222,9.6,9,False,washington k
2022_MD_House-5_REP,REP,Chris Palombi,24423,67.5,10,True,palombi c
2022_MD_House-5_REP,REP,Vanessa Marie Hoffman,3538,9.8,10,False,hoffman v
2022_MD_House-5_REP,REP,Tannis Villanova,2445,6.8,10,False,villanova t
2022_MD_House-5_REP,REP,Michael S. Lemon,1818,5.0,10,False,lemon m
2022_MD_House-5_REP,REP,Toni Jarboe-Duley,1578,4.4,10,False,jarboeduley t
2022_MD_House-5_REP,REP,Patrick Stevens,1344,3.7,10,False,stevens p
2022_MD_House-5_REP,REP,Bryan DuVal Cubero,1024,2.8,10,False,cubero b
2022_MD_House-6_DEM,DEM,David Trone,44370,79.0,11,True,trone d
2022_MD_House-6_DEM,DEM,Ben Smilowitz,8995,16.0,11,False,smilowitz b
2022_MD_House-6_DEM,DEM,George Gluck,2789,5.0,11,False,gluck g
2022_MD_House-6_REP,REP,Neil Parrott,31665,62.6,12,True,parrott n
2022_MD_House-6_REP,REP,Matthew Foldi,7497,14.8,12,False,foldi m
2022_MD_House-6_REP,REP,Mariela Roca,3858,7.6,12,False,roca m
2022_MD_House-6_REP,REP,Colt M. Black,3789,7.5,12,False,black c
2022_MD_House-6_REP,REP,Jonathan Jenkins,3406,6.7,12,False,jenkins j
2022_MD_House-6_REP,REP,Robert Poissonnier,400,0.8,12,False,poissonnier r
2022_MD_House-7_DEM,DEM,Kweisi Mfume,80118,85.2,14,True,mfume k
2022_MD_House-7_DEM,DEM,Tashi Kimandus Davis,7141,7.6,14,False,davis t
2022_MD_House-7_DEM,DEM,Wayne McNeal,4890,5.2,14,False,mcneal w
2022_MD_House-7_DEM,DEM,Elihu Eli El,1885,2.0,14,False,el e
2022_MD_House-7_REP,REP,Scott M. Collier,2873,34.6,15,True,collier s
2022_MD_House-7_REP,REP,Lorrie Sigley,2245,27.1,15,False,sigley l
2022_MD_House-7_REP,REP,Michael Pearson,1906,23.0,15,False,pearson m
2022_MD_House-7_REP,REP,Ray Bly,1271,15.3,15,False,bly r
2022_MD_House-8_DEM,DEM,Jamie Raskin,109055,93.9,16,True,raskin j
2022_MD_House-8_DEM,DEM,Andalib Odulate,7075,6.1,16,False,odulate a
2022_MD_House-8_REP,REP,Gregory Thomas Coll,11445,83.6,17,True,coll g
2022_MD_House-8_REP,REP,Michael Mihirate Yadeta,2245,16.4,17,False,yadeta m
2022_ME_House-1_DEM,DEM,Chellie Pingree,43007,100.0,1,True,pingree c
2022_ME_House-1_REP,REP,Ed Thelander,22346,100.0,2,True,thelander e
2022_ME_House-2_DEM,DEM,Jared Golden,25684,100.0,3,True,golden j
2022_ME_House-2_REP,REP,Bruce Poliquin,22149,60.1,4,True,poliquin b
2022_ME_House-2_REP,REP,Elizabeth Caruso,14699,39.9,4,False,caruso e
2022_MI_House-10_DEM,DEM,Carl Marlinga,32653,47.8,20,True,marlinga c
2022_MI_House-10_DEM,DEM,Rhonda Powell,11396,16.7,20,False,powell r
2022_MI_House-10_DEM,DEM,Angela Rogensues,9503,13.9,20,False,rogensues a
2022_MI_House-10_DEM,DEM,Huwaida Arraf,8846,13.0,20,False,arraf h
2022_MI_House-10_DEM,DEM,Henry Yanez,5891,8.6,20,False,yanez h
2022_MI_House-10_REP,REP,John James,63417,86.3,21,True,james j
2022_MI_House-10_REP,REP,Tony Marcinkewciz,10079,13.7,21,False,marcinkewciz t
2022_MI_House-11_DEM,DEM,Haley Stevens,70508,59.9,23,True,stevens h
2022_MI_House-11_DEM,DEM,Andy Levin,47117,40.1,23,False,levin a
2022_MI_House-11_REP,REP,Mark Ambrose,42270,70.5,24,True,ambrose m
2022_MI_House-11_REP,REP,Matthew DenOtter,17702,29.5,24,False,denotter m
2022_MI_House-12_DEM,DEM,Rashida Tlaib,61635,63.8,25,True,tlaib r
2022_MI_House-12_DEM,DEM,Janice Winfrey,21636,22.4,25,False,winfrey j
2022_MI_House-12_DEM,DEM,Kelly Garrett,8334,8.6,25,False,garrett k
2022_MI_House-12_DEM,DEM,Shanelle Jackson,4927,5.1,25,False,jackson s
2022_MI_House-12_REP,REP,Steven Elliott,14431,52.9,26,True,elliott s
2022_MI_House-12_REP,REP,James Hooper,9651,35.4,26,False,hooper j
2022_MI_House-12_REP,REP,Hassan Nehme,3196,11.7,26,False,nehme h
2022_MI_House-13_DEM,DEM,Shri Thanedar,22314,28.3,27,True,thanedar s
2022_MI_House-13_DEM,DEM,Adam Hollier,18517,23.5,27,False,hollier a
2022_MI_House-13_DEM,DEM,Portia Roberson,13318,16.9,27,False,roberson p
2022_MI_House-13_DEM,DEM,John Conyers III,6778,8.6,27,False,conyers j
2022_MI_House-13_DEM,DEM,Sherry Gay-Dagnogo,6440,8.2,27,False,gaydagnogo s
2022_MI_House-13_DEM,DEM,Sharon McPhail,5043,6.4,27,False,mcphail s
2022_MI_House-13_DEM,DEM,Michael Griffie,3636,4.6,27,False,griffie m
2022_MI_House-13_DEM,DEM,Sam Riddle,1841,2.3,27,False,riddle s
2022_MI_House-13_DEM,DEM,Lorrie Rutledge,916,1.2,27,False,rutledge l
2022_MI_House-13_REP,REP,Martell Bivings,19618,100.0,28,True,bivings m
2022_MI_House-1_DEM,DEM,Bob Lorinser,67251,100.0,2,True,lorinser b
2022_MI_House-1_REP,REP,Jack Bergman,111911,100.0,1,True,bergman j
2022_MI_House-2_DEM,DEM,Jerry Hilliard,40952,100.0,4,True,hilliard j
2022_MI_House-2_REP,REP,John Moolenaar,77394,65.2,3,True,moolenaar j
2022_MI_House-2_REP,REP,Tom Norton,41273,34.8,3,False,norton t
2022_MI_House-3_DEM,DEM,Hillary Scholten,59661,100.0,6,True,scholten h
2022_MI_House-3_REP,REP,John Gibbs,54136,51.8,5,True,gibbs j
2022_MI_House-3_REP,REP,Peter Meijer,50440,48.2,5,False,meijer p
2022_MI_House-4_DEM,DEM,Joseph Alfonso,10992,100.0,8,True,alfonso j
2022_MI_House-4_REP,REP,Bill Huizenga,88851,100.0,7,True,huizenga b
2022_MI_House-5_DEM,DEM,Bart Goldberg,39971,100.0,10,True,goldberg b
2022_MI_House-5_REP,REP,Tim Walberg,67582,67.2,9,True,walberg t
2022_MI_House-5_REP,REP,Sherry O'Donnell,32886,32.7,9,False,odonnell s
2022_MI_House-6_DEM,DEM,Debbie Dingell,102859,100.0,11,True,dingell d
2022_MI_House-6_REP,REP,Whittney Williams,30564,53.7,12,True,williams w
2022_MI_House-6_REP,REP,Hima Kolanagireddy,26371,46.3,12,False,kolanagireddy h
2022_MI_House-7_DEM,DEM,Elissa Slotkin,77826,100.0,13,True,slotkin e
2022_MI_House-7_REP,REP,Tom Barrett,75491,96.1,14,True,barrett t
2022_MI_House-7_REP,REP,Jake Hagg,3108,3.9,14,False,hagg j
2022_MI_House-8_DEM,DEM,Dan Kildee,70791,100.0,16,True,kildee d
2022_MI_House-8_REP,REP,Paul Junge,42363,53.7,17,True,junge p
2022_MI_House-8_REP,REP,Matthew Seely,18658,23.6,17,False,seely m
2022_MI_House-8_REP,REP,Candice Miller,17879,22.7,17,False,miller c
2022_MI_House-9_DEM,DEM,Brian Jaye,48802,100.0,19,True,jaye b
2022_MI_House-9_REP,REP,Lisa McClain,97017,78.7,18,True,mcclain l
2022_MI_House-9_REP,REP,Michelle Donovan,26215,21.3,18,False,donovan m
2022_MN_House-1_REP,REP,Brad Finstad,48252,76.0,1,True,finstad b
2022_MN_House-1_REP,REP,Jeremy Munson,15207,24.0,1,False,munson j
2022_MN_House-4_REP,REP,May Lor Xiong,9574,44.1,6,True,xiong m
2022_MN_House-4_REP,REP,Jerry Silver,7399,34.1,6,False,silver j
2022_MN_House-4_REP,REP,Gene Rechtzigel,4753,21.9,6,False,rechtzigel g
2022_MN_House-5_REP,REP,Cicely Davis,4765,48.0,8,True,davis c
2022_MN_House-5_REP,REP,Royce White,3689,37.2,8,False,white r
2022_MN_House-5_REP,REP,Guy Gaskin,1476,14.9,8,False,gaskin g
2022_MN_House-7_REP,REP,Michelle Fischbach,59429,100.0,9,True,fischbach m
2022_MN_House-8_REP,REP,Pete Stauber,51410,91.0,12,True,stauber p
2022_MN_House-8_REP,REP,Harry Robb Welty,5075,9.0,12,False,welty h
2022_MO_House-1_DEM,DEM,Cori Bush,65326,69.5,1,True,bush c
2022_MO_House-1_DEM,DEM,Steve Roberts,25015,26.6,1,False,roberts s
2022_MO_House-1_DEM,DEM,Michael Daniels,1683,1.8,1,False,daniels m
2022_MO_House-1_DEM,DEM,Ron Harshaw,1065,1.1,1,False,harshaw r
2022_MO_House-1_DEM,DEM,Earl Childress,929,1.0,1,False,childress e
2022_MO_House-1_REP,REP,Andrew Jones,6937,42.4,2,True,jones a
2022_MO_House-1_REP,REP,Steven Jordan,5153,31.5,2,False,jordan s
2022_MO_House-1_REP,REP,Laura Mitchell-Riley,4260,26.1,2,False,mitchellriley l
2022_MO_House-2_DEM,DEM,Trish Gunby,50457,85.2,5,True,gunby t
2022_MO_House-2_DEM,DEM,Ray Reed,8741,14.8,5,False,reed r
2022_MO_House-2_REP,REP,Ann Wagner,54440,67.1,4,True,wagner a
2022_MO_House-2_REP,REP,Tony Salvatore,12516,15.4,4,False,salvatore t
2022_MO_House-2_REP,REP,Wesley Smith,7317,9.0,4,False,smith w
2022_MO_House-2_REP,REP,Paul Berry III,6888,8.5,4,False,berry p
2022_MO_House-3_DEM,DEM,Bethany Mann,22638,62.2,8,True,mann b
2022_MO_House-3_DEM,DEM,Jon Karlen,7349,20.2,8,False,karlen j
2022_MO_House-3_DEM,DEM,Andrew Daly,5184,14.3,8,False,daly a
2022_MO_House-3_DEM,DEM,Dylan Durrwachter,1197,3.3,8,False,durrwachter d
2022_MO_House-3_REP,REP,Blaine Luetkemeyer,66430,69.6,7,True,luetkemeyer b
2022_MO_House-3_REP,REP,Brandon Wilkinson,15796,16.5,7,False,wilkinson b
2022_MO_House-3_REP,REP,Dustin Hill,11610,12.2,7,False,hill d
2022_MO_House-3_REP,REP,Richard Skwira Jr.,1616,1.7,7,False,skwira r
2022_MO_House-4_DEM,DEM,Jack Truman,25641,100.0,10,True,truman j
2022_MO_House-4_REP,REP,Mark Alford,36981,35.2,9,True,alford m
2022_MO_House-4_REP,REP,Rick Brattin,22509,21.4,9,False,brattin r
2022_MO_House-4_REP,REP,Kalena Bruce,16677,15.9,9,False,bruce k
2022_MO_House-4_REP,REP,Taylor Burks,10624,10.1,9,False,burks t
2022_MO_House-4_REP,REP,Bill Irwin,9648,9.2,9,False,irwin b
2022_MO_House-4_REP,REP,Jim Campbell,4642,4.4,9,False,campbell j
2022_MO_House-4_REP,REP,Kyle LaBrue,4026,3.8,9,False,labrue k
2022_MO_House-5_DEM,DEM,Emanuel Cleaver,60399,85.6,13,True,cleaver e
2022_MO_House-5_DEM,DEM,Maite Salazar,10147,14.4,13,False,salazar m
2022_MO_House-5_REP,REP,Jacob Turk,20475,51.8,14,True,turk j
2022_MO_House-5_REP,REP,Jerry Barham,13246,33.5,14,False,barham j
2022_MO_House-5_REP,REP,Herschel L. Young,5833,14.7,14,False,young h
2022_MO_House-6_DEM,DEM,Henry Martin,13488,46.2,17,True,martin h
2022_MO_House-6_DEM,DEM,Charles West,9761,33.4,17,False,west c
2022_MO_House-6_DEM,DEM,Michael Howard,5959,20.4,17,False,howard m
2022_MO_House-6_REP,REP,Sam Graves,72996,75.7,16,True,graves s
2022_MO_House-6_REP,REP,Christopher Ryan,7848,8.1,16,False,ryan c
2022_MO_House-6_REP,REP,Brandon Kleinmeyer,7414,7.7,16,False,kleinmeyer b
2022_MO_House-6_REP,REP,Dakota Shultz,5902,6.1,16,False,shultz d
2022_MO_House-6_REP,REP,John Dady,2309,2.4,16,False,dady j
2022_MO_House-7_DEM,DEM,Kristen Radaker-Sheafer,13680,63.3,20,True,radakersheafer k
2022_MO_House-7_DEM,DEM,John M. Woodman,5493,25.4,20,False,woodman j
2022_MO_House-7_DEM,DEM,Bryce F. Lockwood,2430,11.2,20,False,lockwood b
2022_MO_House-7_REP,REP,Eric Burlison,39443,38.2,19,True,burlison e
2022_MO_House-7_REP,REP,Jay Wasson,23253,22.5,19,False,wasson j
2022_MO_House-7_REP,REP,Alex Bryant,18522,17.9,19,False,bryant a
2022_MO_House-7_REP,REP,Mike Moon,8957,8.7,19,False,moon m
2022_MO_House-7_REP,REP,Sam Alexander,5665,5.5,19,False,alexander s
2022_MO_House-7_REP,REP,Audrey Richards,3095,3.0,19,False,richards a
2022_MO_House-7_REP,REP,Paul Walker,3028,2.9,19,False,walker p
2022_MO_House-7_REP,REP,Camille Lombardi-Olive,1363,1.3,19,False,lombardiolive c
2022_MO_House-8_DEM,DEM,Randi McCallian,16691,100.0,24,True,mccallian r
2022_MO_House-8_REP,REP,Jason Smith,78342,82.0,23,True,smith j
2022_MO_House-8_REP,REP,Jacob Turner,17242,18.0,23,False,turner j
2022_MS_House-1_DEM,DEM,Dianne Black,8268,79.0,2,True,black d
2022_MS_House-1_DEM,DEM,Hunter Kyle Avery,2203,21.0,2,False,avery h
2022_MS_House-1_REP,REP,Trent Kelly,27447,89.8,1,True,kelly t
2022_MS_House-1_REP,REP,Mark D. Strauss,3109,10.2,1,False,strauss m
2022_MS_House-2_DEM,DEM,Bennie Thompson,49907,96.3,3,True,thompson b
2022_MS_House-2_DEM,DEM,Jerry Kerner,1927,3.7,3,False,kerner j
2022_MS_House-2_REP,REP,Brian Flowers,6224,58.5,5,True,flowers b
2022_MS_House-2_REP,REP,Ronald Eller,4418,41.5,5,False,eller r
2022_MS_House-3_REP,REP,Michael Guest,47007,67.4,7,True,guest m
2022_MS_House-3_REP,REP,Michael Cassidy,22713,32.6,7,False,cassidy m
2022_MS_House-4_DEM,DEM,Johnny DuPree,9952,84.9,10,True,dupree j
2022_MS_House-4_DEM,DEM,David Sellers,1766,15.1,10,False,sellers d
2022_MS_House-4_REP,REP,Mike Ezell,31225,53.8,9,True,ezell m
2022_MS_House-4_REP,REP,Steven Palazzo,26849,46.2,9,False,palazzo s
2022_MT_House-1_DEM,DEM,Monica Tranel,37138,64.9,2,True,tranel m
2022_MT_House-1_DEM,DEM,Cora Neumann,15396,26.9,2,False,neumann c
2022_MT_House-1_DEM,DEM,Tom Winter,4723,8.2,2,False,winter t
2022_MT_House-1_REP,REP,Ryan Zinke,35601,41.7,1,True,zinke r
2022_MT_House-1_REP,REP,Albert Olszewski,33927,39.7,1,False,olszewski a
2022_MT_House-1_REP,REP,Mary Todd,8915,10.4,1,False,todd m
2022_MT_House-1_REP,REP,Matthew Jette,4973,5.8,1,False,jette m
2022_MT_House-1_REP,REP,Mitch Heuer,1953,2.3,1,False,heuer m
2022_MT_House-2_DEM,DEM,Penny Ronning,21983,58.5,4,True,ronning p
2022_MT_House-2_DEM,DEM,Mark Sweeney,8586,22.8,4,False,sweeney m
2022_MT_House-2_DEM,DEM,Skylar Williams,7029,18.7,4,False,williams s
2022_MT_House-2_REP,REP,Matt Rosendale,73453,75.7,3,True,rosendale m
2022_MT_House-2_REP,REP,Kyle Austin,11930,12.3,3,False,austin k
2022_MT_House-2_REP,REP,Charles Walking Child,5909,6.1,3,False,child c
2022_MT_House-2_REP,REP,James Boyette,5712,5.9,3,False,boyette j
2022_NC_House-10_DEM,DEM,Pam Genant,13028,77.5,14,True,genant p
2022_NC_House-10_DEM,DEM,Michael Felder,3790,22.5,14,False,felder m
2022_NC_House-10_REP,REP,Patrick McHenry,49973,68.1,13,True,mchenry p
2022_NC_House-10_REP,REP,Gary Robinson,11671,15.9,13,False,robinson g
2022_NC_House-10_REP,REP,Michael Magnotta,4703,6.4,13,False,magnotta m
2022_NC_House-10_REP,REP,Jeff Gregory,3649,5.0,13,False,gregory j
2022_NC_House-10_REP,REP,Richard Speer,3381,4.6,13,False,speer r
2022_NC_House-11_DEM,DEM,Jasmine Beach-Ferrara,32478,59.7,16,True,beachferrara j
2022_NC_House-11_DEM,DEM,Katie Dean,13957,25.6,16,False,dean k
2022_NC_House-11_DEM,DEM,Jay Carey,3858,7.1,16,False,carey j
2022_NC_House-11_DEM,DEM,Bo Hess,2082,3.8,16,False,hess b
2022_NC_House-11_DEM,DEM,Marco Gutierrez,1040,1.9,16,False,gutierrez m
2022_NC_House-11_DEM,DEM,Bynum Lunsford,1002,1.8,16,False,lunsford b
2022_NC_House-11_REP,REP,Chuck Edwards,29496,33.4,15,True,edwards c
2022_NC_House-11_REP,REP,Madison Cawthorn,28112,31.9,15,False,cawthorn m
2022_NC_House-11_REP,REP,Matthew Burril,8341,9.5,15,False,burril m
2022_NC_House-11_REP,REP,Bruce O'Connell,6037,6.8,15,False,oconnell b
2022_NC_House-11_REP,REP,Rod Honeycutt,5775,6.5,15,False,honeycutt r
2022_NC_House-11_REP,REP,Michele Woodhouse,4668,5.3,15,False,woodhouse m
2022_NC_House-11_REP,REP,Wendy Nevarez,4525,5.1,15,False,nevarez w
2022_NC_House-11_REP,REP,Kristie Sluder,1304,1.5,15,False,sluder k
2022_NC_House-12_DEM,DEM,Alma Adams,37984,91.7,17,True,adams a
2022_NC_House-12_DEM,DEM,John Sharkey,3460,8.3,17,False,sharkey j
2022_NC_House-12_REP,REP,Tyler Lee,10388,42.9,18,True,lee t
2022_NC_House-12_REP,REP,Andrew Huffman,8311,34.3,18,False,huffman a
2022_NC_House-12_REP,REP,Nalini Joseph,5543,22.9,18,False,joseph n
2022_NC_House-13_DEM,DEM,Wiley Nickel,23155,51.6,20,True,nickel w
2022_NC_House-13_DEM,DEM,Sam Searcy,10284,22.9,20,False,searcy s
2022_NC_House-13_DEM,DEM,Jamie Campbell Bowles,4217,9.4,20,False,bowles j
2022_NC_House-13_DEM,DEM,Nathan Click,3866,8.6,20,False,click n
2022_NC_House-13_DEM,DEM,Denton Lee,3311,7.4,20,False,lee d
2022_NC_House-13_REP,REP,Bo Hines,17602,32.1,19,True,hines b
2022_NC_House-13_REP,REP,DeVan Barbour,12426,22.6,19,False,barbour d
2022_NC_House-13_REP,REP,Kelly Daughtry,9300,16.9,19,False,daughtry k
2022_NC_House-13_REP,REP,Kent Keirsey,6223,11.3,19,False,keirsey k
2022_NC_House-13_REP,REP,Renee Ellmers,5176,9.4,19,False,ellmers r
2022_NC_House-13_REP,REP,Chad Slotta,3074,5.6,19,False,slotta c
2022_NC_House-13_REP,REP,Jessica Morel,738,1.3,19,False,morel j
2022_NC_House-13_REP,REP,Kevin Alan Wolff,344,0.6,19,False,wolff k
2022_NC_House-14_DEM,DEM,Jeff Jackson,34724,86.1,21,True,jackson j
2022_NC_House-14_DEM,DEM,Ramin Mammadov,5598,13.9,21,False,mammadov r
2022_NC_House-14_REP,REP,Pat Harrigan,27638,75.6,22,True,harrigan p
2022_NC_House-14_REP,REP,Jonathan Simpson,8909,24.4,22,False,simpson j
2022_NC_House-1_DEM,DEM,Don Davis,42693,63.2,1,True,davis d
2022_NC_House-1_DEM,DEM,Erica D. Smith,21012,31.1,1,False,smith e
2022_NC_House-1_DEM,DEM,Jason Spriggs,2123,3.1,1,False,spriggs j
2022_NC_House-1_DEM,DEM,Julian Bishop Sr.,1752,2.6,1,False,bishop j
2022_NC_House-1_REP,REP,Sandy Smith,13621,31.4,2,True,smith s
2022_NC_House-1_REP,REP,Sandy Roberson,11603,26.7,2,False,roberson s
2022_NC_House-1_REP,REP,Billy Strickland,6050,13.9,2,False,strickland b
2022_NC_House-1_REP,REP,Brent Roberson,5992,13.8,2,False,roberson b
2022_NC_House-1_REP,REP,Brad Murphy,4128,9.5,2,False,murphy b
2022_NC_House-1_REP,REP,Will Aiken,1285,3.0,2,False,aiken w
2022_NC_House-1_REP,REP,Ernest Reeves,523,1.2,2,False,reeves e
2022_NC_House-1_REP,REP,Henry Williams II,202,0.5,2,False,williams h
2022_NC_House-2_REP,REP,Christine Villaverde,19650,55.1,3,True,villaverde c
2022_NC_House-2_REP,REP,Max Ganorkar,9133,25.6,3,False,ganorkar m
2022_NC_House-2_REP,REP,Adina Safta,6872,19.3,3,False,safta a
2022_NC_House-3_DEM,DEM,Barbara Gaskins,23051,80.8,5,True,gaskins b
2022_NC_House-3_DEM,DEM,Joe Swartz,5495,19.2,5,False,swartz j
2022_NC_House-3_REP,REP,Greg Murphy,50123,75.7,4,True,murphy g
2022_NC_House-3_REP,REP,Tony Cowden,9332,14.1,4,False,cowden t
2022_NC_House-3_REP,REP,Eric Earhart,3274,4.9,4,False,earhart e
2022_NC_House-3_REP,REP,George Papastrat,1789,2.7,4,False,papastrat g
2022_NC_House-3_REP,REP,Brian Michael Friend,1698,2.6,4,False,friend b
2022_NC_House-4_DEM,DEM,Valerie Foushee,40806,46.07,6,True,foushee v
2022_NC_House-4_DEM,DEM,Nida Allam,32731,36.95,6,False,allam n
2022_NC_House-4_DEM,DEM,Clay Aiken,6529,7.37,6,False,aiken c
2022_NC_House-4_DEM,DEM,Ashley Ward,4767,5.38,6,False,ward a
2022_NC_House-4_DEM,DEM,Richard Watkins III,1155,1.3,6,False,watkins r
2022_NC_House-4_DEM,DEM,Crystal Cavalier,1116,1.26,6,False,cavalier c
2022_NC_House-4_DEM,DEM,Stephen Valentine,1023,1.55,6,False,valentine s
2022_NC_House-4_DEM,DEM,Matt Grooms,435,0.49,6,False,grooms m
2022_NC_House-4_REP,REP,Courtney Geels,19645,64.5,7,True,geels c
2022_NC_House-4_REP,REP,Robert Thomas,10793,35.5,7,False,thomas r
2022_NC_House-5_REP,REP,Virginia Foxx,61680,76.6,8,True,foxx v
2022_NC_House-5_REP,REP,Michael Ackerman,18868,23.4,8,False,ackerman m
2022_NC_House-6_REP,REP,Christian Castelli,15450,36.2,9,True,castelli c
2022_NC_House-6_REP,REP,Lee Haywood,14390,33.7,9,False,haywood l
2022_NC_House-6_REP,REP,Mary Ann Contogiannis,5211,12.2,9,False,contogiannis m
2022_NC_House-6_REP,REP,Gerry Austin,2568,6.0,9,False,austin g
2022_NC_House-6_REP,REP,Laura Pichardo,1889,4.4,9,False,pichardo l
2022_NC_House-6_REP,REP,Marvin Boguslawski,1716,4.0,9,False,boguslawski m
2022_NC_House-6_REP,REP,Bill Schuch,1452,3.4,9,False,schuch b
2022_NC_House-7_DEM,DEM,Charles Graham,13054,31.2,11,True,graham c
2022_NC_House-7_DEM,DEM,Charles E. Evans,12263,29.3,11,False,evans c
2022_NC_House-7_DEM,DEM,Steve Miller,9744,23.3,11,False,miller s
2022_NC_House-7_DEM,DEM,Yushonda Midgette,6738,16.1,11,False,midgette y
2022_NC_House-7_REP,REP,David Rouzer,39203,79.2,10,True,rouzer d
2022_NC_House-7_REP,REP,Max Southworth-Beckwith,10300,20.8,10,False,southworthbeckwith m
2022_NC_House-9_REP,REP,Richard Hudson,38117,79.2,12,True,hudson r
2022_NC_House-9_REP,REP,Jennyfer Bucardo,4175,8.7,12,False,bucardo j
2022_NC_House-9_REP,REP,Michael Adriani,3950,8.2,12,False,adriani m
2022_NC_House-9_REP,REP,Francisco Rios,1891,3.9,12,False,rios f
2022_ND_House-1_REP,REP,Kelly Armstrong,148399,62.2,3,True,armstrong k
2022_NE_House-1_DEM,DEM,Patty Pansing Brooks,31808,86.6,2,True,brooks p
2022_NE_House-1_DEM,DEM,Jazari Kual,4944,13.4,2,False,kual j
2022_NE_House-1_REP,REP,Mike Flood,61265,73.9,1,True,flood m
2022_NE_House-1_REP,REP,Jeff Fortenberry,9807,11.8,1,False,fortenberry j
2022_NE_House-1_REP,REP,John Glen Weaver,5470,6.6,1,False,weaver j
2022_NE_House-1_REP,REP,Thireena Yuki Connely,3353,4.0,1,False,connely t
2022_NE_House-1_REP,REP,Curtis Huffman,3062,3.7,1,False,huffman c
2022_NE_House-2_DEM,DEM,Tony Vargas,31930,68.6,4,True,vargas t
2022_NE_House-2_DEM,DEM,Alisha Shelton,14585,31.4,4,False,shelton a
2022_NE_House-2_REP,REP,Don Bacon,53824,77.2,3,True,bacon d
2022_NE_House-2_REP,REP,Steve Kuehl,15945,22.8,3,False,kuehl s
2022_NE_House-3_DEM,DEM,David Else,8701,52.2,6,True,else d
2022_NE_House-3_DEM,DEM,Daniel Wik,7968,47.8,6,False,wik d
2022_NE_House-3_REP,REP,Adrian Smith,89453,76.0,5,True,smith a
2022_NE_House-3_REP,REP,Mike Calhoun,28243,24.0,5,False,calhoun m
2022_NH_House-1_DEM,DEM,Chris Pappas,41990,100.0,1,True,pappas c
2022_NH_House-1_REP,REP,Karoline Leavitt,25931,34.6,2,True,leavitt k
2022_NH_House-1_REP,REP,Matt Mowers,19072,25.4,2,False,mowers m
2022_NH_House-1_REP,REP,Gail Huff Brown,12999,17.3,2,False,brown g
2022_NH_House-1_REP,REP,Russell Prescott,7551,10.1,2,False,prescott r
2022_NH_House-1_REP,REP,Tim Baxter,6970,9.3,2,False,baxter t
2022_NH_House-1_REP,REP,Mary Maxwell,673,0.9,2,False,maxwell m
2022_NH_House-1_REP,REP,Kevin Rondeau,610,0.8,2,False,rondeau k
2022_NH_House-1_REP,REP,Gilead Towne,466,0.6,2,False,towne g
2022_NH_House-1_REP,REP,Mark Kilbane,347,0.5,2,False,kilbane m
2022_NH_House-1_REP,REP,Tom Alciere,342,0.5,2,False,alciere t
2022_NH_House-2_DEM,DEM,Annie Kuster,48630,100.0,3,True,kuster a
2022_NH_House-2_REP,REP,Robert Burns,21065,33.3,4,True,burns r
2022_NH_House-2_REP,REP,George Hansel,19024,30.1,4,False,hansel g
2022_NH_House-2_REP,REP,Lily Tang Williams,15729,24.9,4,False,williams l
2022_NH_House-2_REP,REP,Scott Black,2211,3.5,4,False,black s
2022_NH_House-2_REP,REP,Jay Mercer,2085,3.3,4,False,mercer j
2022_NH_House-2_REP,REP,Dean Poirier,2047,3.2,4,False,poirier d
2022_NH_House-2_REP,REP,Michael Callis,1133,1.8,4,False,callis m
2022_NJ_House-10_DEM,DEM,Donald Payne Jr.,29680,83.3,21,True,payne d
2022_NJ_House-10_DEM,DEM,Imani Oakley,3764,10.6,21,False,oakley i
2022_NJ_House-10_DEM,DEM,Akil Khafani,2169,6.1,21,False,khafani a
2022_NJ_House-10_REP,REP,David Pinckney,3581,82.5,22,True,pinckney d
2022_NJ_House-10_REP,REP,Garth Stewart,760,17.5,22,False,stewart g
2022_NJ_House-11_DEM,DEM,Mikie Sherrill,37948,100.0,23,True,sherrill m
2022_NJ_House-11_REP,REP,Paul DeGroot,12644,39.3,24,True,degroot p
2022_NJ_House-11_REP,REP,Tayfun Selen,11364,35.3,24,False,selen t
2022_NJ_House-11_REP,REP,Toby Anderson,6385,19.9,24,False,anderson t
2022_NJ_House-11_REP,REP,Ruth McAndrew,1325,4.1,24,False,mcandrew r
2022_NJ_House-11_REP,REP,Alexander Halter,443,1.4,24,False,halter a
2022_NJ_House-12_DEM,DEM,Bonnie Watson Coleman,37440,100.0,25,True,coleman b
2022_NJ_House-12_REP,REP,Darius Mayfield,13514,100.0,26,True,mayfield d
2022_NJ_House-1_DEM,DEM,Donald Norcross,44985,76.7,1,True,norcross d
2022_NJ_House-1_DEM,DEM,Mario DeSantis,13696,23.3,1,False,desantis m
2022_NJ_House-1_REP,REP,Claire Gustafson,13411,69.0,2,True,gustafson c
2022_NJ_House-1_REP,REP,Damon Galdo,6034,31.0,2,False,galdo d
2022_NJ_House-2_DEM,DEM,Tim Alexander,17199,61.7,4,True,alexander t
2022_NJ_House-2_DEM,DEM,Carolyn Rush,10667,38.3,4,False,rush c
2022_NJ_House-2_REP,REP,Jeff Van Drew,35843,86.0,3,True,drew j
2022_NJ_House-2_REP,REP,John Barker,3217,7.7,3,False,barker j
2022_NJ_House-2_REP,REP,Sean Pignatelli,2601,6.2,3,False,pignatelli s
2022_NJ_House-3_DEM,DEM,Andy Kim,39433,92.8,5,True,kim a
2022_NJ_House-3_DEM,DEM,Reuven Hendler,3062,7.2,5,False,hendler r
2022_NJ_House-3_REP,REP,Bob Healey,17560,52.9,6,True,healey b
2022_NJ_House-3_REP,REP,Ian Smith,12709,38.3,6,False,smith i
2022_NJ_House-3_REP,REP,Nicholas Ferrara,2956,8.9,6,False,ferrara n
2022_NJ_House-4_DEM,DEM,Matthew Jenkins,20655,100.0,8,True,jenkins m
2022_NJ_House-4_REP,REP,Chris Smith,33136,57.8,7,True,smith c
2022_NJ_House-4_REP,REP,Mike Crispi,21115,36.8,7,False,crispi m
2022_NJ_House-4_REP,REP,Steve Gray,2305,4.0,7,False,gray s
2022_NJ_House-4_REP,REP,Mike Blasi,751,1.3,7,False,blasi m
2022_NJ_House-5_DEM,DEM,Josh Gottheimer,31142,100.0,9,True,gottheimer j
2022_NJ_House-5_REP,REP,Frank Pallotta,16021,50.2,10,True,pallotta f
2022_NJ_House-5_REP,REP,Nick de Gregorio,14560,45.6,10,False,gregorio n
2022_NJ_House-5_REP,REP,Sab Skenderi,712,2.2,10,False,skenderi s
2022_NJ_House-5_REP,REP,Fred Schneiderman,629,2.0,10,False,schneiderman f
2022_NJ_House-6_DEM,DEM,Frank Pallone,30534,100.0,13,True,pallone f
2022_NJ_House-6_REP,REP,Susan Kiley,10076,56.8,14,True,kiley s
2022_NJ_House-6_REP,REP,Rik Mehta,4735,26.7,14,False,mehta r
2022_NJ_House-6_REP,REP,Thomas Toomey,2913,16.4,14,False,toomey t
2022_NJ_House-7_DEM,DEM,Tom Malinowski,37304,94.5,15,True,malinowski t
2022_NJ_House-7_DEM,DEM,Roger Bacon,2185,5.5,15,False,bacon r
2022_NJ_House-7_REP,REP,Thomas Kean Jr.,25111,45.6,16,True,kean t
2022_NJ_House-7_REP,REP,Phil Rizzo,12988,23.6,16,False,rizzo p
2022_NJ_House-7_REP,REP,Erik Peterson,8493,15.4,16,False,peterson e
2022_NJ_House-7_REP,REP,John Flora,3051,5.5,16,False,flora j
2022_NJ_House-7_REP,REP,John Henry Isemann,2732,5.0,16,False,isemann j
2022_NJ_House-7_REP,REP,Kevin Dorlon,2237,4.1,16,False,dorlon k
2022_NJ_House-7_REP,REP,Sterling Schwab,429,0.8,16,False,schwab s
2022_NJ_House-8_DEM,DEM,Robert J. Menendez,26490,83.0,17,True,menendez r
2022_NJ_House-8_DEM,DEM,David Ocampo Grajales,3749,11.7,17,False,grajales d
2022_NJ_House-8_DEM,DEM,Ane Roseborough-Eberhard,1668,5.2,17,False,roseborougheberhard a
2022_NJ_House-8_REP,REP,Marcos Arroyo,3127,100.0,18,True,arroyo m
2022_NJ_House-9_DEM,DEM,Bill Pascrell,19524,100.0,19,True,pascrell b
2022_NJ_House-9_REP,REP,Billy Prempeh,10724,100.0,20,True,prempeh b
2022_NM_House-1_DEM,DEM,Melanie Stansbury,44223,100.0,1,True,stansbury m
2022_NM_House-1_REP,REP,Michelle Garcia Holmes,25822,58.7,2,True,holmes m
2022_NM_House-1_REP,REP,Louie Sanchez,18171,41.3,2,False,sanchez l
2022_NM_House-2_DEM,DEM,Gabe Vasquez,24010,76.1,4,True,vasquez g
2022_NM_House-2_DEM,DEM,Darshan Patel,7534,23.9,4,False,patel d
2022_NM_House-2_REP,REP,Yvette Herrell,28623,100.0,3,True,herrell y
2022_NM_House-3_DEM,DEM,Teresa Leger Fernandez,46940,100.0,5,True,fernandez t
2022_NM_House-3_REP,REP,Alexis Martinez Johnson,28729,100.0,6,True,johnson a
2022_NV_House-1_DEM,DEM,Dina Titus,33565,79.8,1,True,titus d
2022_NV_House-1_DEM,DEM,Amy Vilela,8482,20.2,1,False,vilela a
2022_NV_House-1_REP,REP,Mark Robertson,12375,30.1,2,True,robertson m
2022_NV_House-1_REP,REP,David Brog,7226,17.6,2,False,brog d
2022_NV_House-1_REP,REP,Carolina Serrano,7050,17.1,2,False,serrano c
2022_NV_House-1_REP,REP,Cresent Hardy,4790,11.6,2,False,hardy c
2022_NV_House-1_REP,REP,Cynthia Steel,4782,11.6,2,False,steel c
2022_NV_House-1_REP,REP,Jane Adams,2081,5.1,2,False,adams j
2022_NV_House-1_REP,REP,Morgun Sholty,1998,4.9,2,False,sholty m
2022_NV_House-1_REP,REP,Jessie Turner,845,2.0,2,False,turner j
2022_NV_House-2_DEM,DEM,Elizabeth Mercedes Krause,22072,49.0,4,True,krause e
2022_NV_House-2_DEM,DEM,Tim Hanifan,6440,14.3,4,False,hanifan t
2022_NV_House-2_DEM,DEM,Michael Doucette,5478,12.2,4,False,doucette m
2022_NV_House-2_DEM,DEM,Rahul Joshi,3613,8.0,4,False,joshi r
2022_NV_House-2_DEM,DEM,Brian Hansen,3276,7.3,4,False,hansen b
2022_NV_House-2_DEM,DEM,Joseph Afzal,3117,6.9,4,False,afzal j
2022_NV_House-2_DEM,DEM,Gerald Gorman,1034,2.3,4,False,gorman g
2022_NV_House-2_REP,REP,Mark Amodei,49779,54.9,3,True,amodei m
2022_NV_House-2_REP,REP,Danny Tarkanian,29563,32.6,3,False,tarkanian d
2022_NV_House-2_REP,REP,Joel Beck,6744,7.4,3,False,beck j
2022_NV_House-2_REP,REP,Catherine Sampson,3010,3.3,3,False,sampson c
2022_NV_House-2_REP,REP,Brian Nadell,1614,1.8,3,False,nadell b
2022_NV_House-3_DEM,DEM,Susie Lee,37069,89.7,5,True,lee s
2022_NV_House-3_DEM,DEM,Randy Hynes,4265,10.3,5,False,hynes r
2022_NV_House-3_REP,REP,April Becker,28260,64.9,6,True,becker a
2022_NV_House-3_REP,REP,John Kovacs,4857,11.2,6,False,kovacs j
2022_NV_House-3_REP,REP,Clark Bossert,4553,10.4,6,False,bossert c
2022_NV_House-3_REP,REP,Noah Malgeri,3981,9.1,6,False,malgeri n
2022_NV_House-3_REP,REP,Albert Goldberg,1920,4.4,6,False,goldberg a
2022_NV_House-4_REP,REP,Sam Peters,20956,47.7,7,True,peters s
2022_NV_House-4_REP,REP,Annie Black,18249,41.5,7,False,black a
2022_NV_House-4_REP,REP,Chance Bonaventura,4748,10.8,7,False,bonaventura c
2022_NY_House-10_DEM,DEM,Dan Goldman,16686,25.8,10,True,goldman d
2022_NY_House-10_DEM,DEM,Yuh-Line Niou,15380,23.7,10,False,niou y
2022_NY_House-10_DEM,DEM,Mondaire Jones,11777,18.2,10,False,jones m
2022_NY_House-10_DEM,DEM,Carlina Rivera,10985,17.0,10,False,rivera c
2022_NY_House-10_DEM,DEM,Jo Anne Simon,3991,6.2,10,False,simon j
2022_NY_House-10_DEM,DEM,Elizabeth Holtzman,2845,4.4,10,False,holtzman e
2022_NY_House-10_DEM,DEM,Jimmy Li,777,1.2,10,False,li j
2022_NY_House-10_DEM,DEM,Yan Xiong,686,1.1,10,False,xiong y
2022_NY_House-10_DEM,DEM,Maud Maron,578,0.9,10,False,maron m
2022_NY_House-10_DEM,DEM,Bill de Blasio,477,0.7,10,False,blasio b
2022_NY_House-10_DEM,DEM,Brian Robinson,322,0.5,10,False,robinson b
2022_NY_House-10_DEM,DEM,Peter Gleason,147,0.2,10,False,gleason p
2022_NY_House-10_DEM,DEM,Quanda Francis,121,0.2,10,False,francis q
2022_NY_House-11_DEM,DEM,Max Rose,15871,75.0,12,True,rose m
2022_NY_House-11_DEM,DEM,Brittany Ramos DeBarros,4399,20.8,12,False,debarros b
2022_NY_House-11_DEM,DEM,Komi Agoda-Koussema,899,4.2,12,False,agodakoussema k
2022_NY_House-11_REP,REP,Nicole Malliotakis,12212,78.5,11,True,malliotakis n
2022_NY_House-11_REP,REP,John Matland,3348,21.5,11,False,matland j
2022_NY_House-12_DEM,DEM,Jerry Nadler,45545,55.4,13,True,nadler j
2022_NY_House-12_DEM,DEM,Carolyn Maloney,20038,24.4,13,False,maloney c
2022_NY_House-12_DEM,DEM,Suraj Patel,15744,19.2,13,False,patel s
2022_NY_House-12_DEM,DEM,Ashmi Sheth,832,1.0,13,False,sheth a
2022_NY_House-13_DEM,DEM,Adriano Espaillat,29782,81.0,14,True,espaillat a
2022_NY_House-13_DEM,DEM,Michael Hano,4709,12.8,14,False,hano m
2022_NY_House-13_DEM,DEM,Francisco Spies,2286,6.2,14,False,spies f
2022_NY_House-14_REP,REP,Tina Forte,1530,67.9,15,True,forte t
2022_NY_House-14_REP,REP,Desi Cuellar,722,32.1,15,False,cuellar d
2022_NY_House-16_DEM,DEM,Jamaal Bowman,21643,54.2,16,True,bowman j
2022_NY_House-16_DEM,DEM,Vedat Gashi,10009,25.0,16,False,gashi v
2022_NY_House-16_DEM,DEM,Catherine Parker,7503,18.8,16,False,parker c
2022_NY_House-16_DEM,DEM,Mark Jaffee,608,1.5,16,False,jaffee m
2022_NY_House-17_DEM,DEM,Sean Patrick Maloney,21525,66.7,17,True,maloney s
2022_NY_House-17_DEM,DEM,Alessandra Biaggi,10752,33.3,17,False,biaggi a
2022_NY_House-17_REP,REP,Mike Lawler,11603,75.8,18,True,lawler m
2022_NY_House-17_REP,REP,William Faulkner,1772,11.6,18,False,faulkner w
2022_NY_House-17_REP,REP,Charles Falciglia,1310,8.6,18,False,falciglia c
2022_NY_House-17_REP,REP,Shoshana David,444,2.9,18,False,david s
2022_NY_House-17_REP,REP,Jack Schrepel,176,1.1,18,False,schrepel j
2022_NY_House-18_DEM,DEM,Pat Ryan,29400,84.1,20,True,ryan p
2022_NY_House-18_DEM,DEM,Aisha Mills,4603,13.2,20,False,mills a
2022_NY_House-18_DEM,DEM,Moses Mugulusi,966,2.8,20,False,mugulusi m
2022_NY_House-19_DEM,DEM,Josh Riley,30538,63.5,21,True,riley j
2022_NY_House-19_DEM,DEM,Jamie Cheney,17533,36.5,21,False,cheney j
2022_NY_House-1_REP,REP,Nick LaLota,12368,47.2,1,True,lalota n
2022_NY_House-1_REP,REP,Michelle Bond,7289,27.8,1,False,bond m
2022_NY_House-1_REP,REP,Anthony Figliola,6569,25.0,1,False,figliola a
2022_NY_House-20_DEM,DEM,Paul Tonko,17846,88.3,22,True,tonko p
2022_NY_House-20_DEM,DEM,Rostov Rar,2358,11.7,22,False,rar r
2022_NY_House-21_DEM,DEM,Matt Castelli,18949,81.1,23,True,castelli m
2022_NY_House-21_DEM,DEM,Matt Putorti,4407,18.9,23,False,putorti m
2022_NY_House-22_DEM,DEM,Francis Conole,10644,39.1,25,True,conole f
2022_NY_House-22_DEM,DEM,Sarah Klee Hood,9562,35.5,25,False,hood s
2022_NY_House-22_DEM,DEM,Sam Roberts,3543,13.2,25,False,roberts s
2022_NY_House-22_DEM,DEM,Chol Majok,3186,11.8,25,False,majok c
2022_NY_House-22_REP,REP,Brandon Williams,14129,57.7,24,True,williams b
2022_NY_House-22_REP,REP,Steve Wells,10351,42.3,24,False,wells s
2022_NY_House-23_REP,REP,Nick Langworthy,24275,52.1,26,True,langworthy n
2022_NY_House-23_REP,REP,Carl Paladino,22283,47.9,26,False,paladino c
2022_NY_House-24_REP,REP,Claudia Tenney,17470,53.9,27,True,tenney c
2022_NY_House-24_REP,REP,Mario Fratto,13025,40.2,27,False,fratto m
2022_NY_House-24_REP,REP,George Phillips,1939,6.0,27,False,phillips g
2022_NY_House-26_DEM,DEM,Brian Higgins,27598,91.3,28,True,higgins b
2022_NY_House-26_DEM,DEM,Emin Egriu,2628,8.7,28,False,egriu e
2022_NY_House-2_REP,REP,Andrew Garbarino,10425,53.7,3,True,garbarino a
2022_NY_House-2_REP,REP,Robert Cornicelli,7302,37.6,3,False,cornicelli r
2022_NY_House-2_REP,REP,Mike Rakebrandt,1679,8.7,3,False,rakebrandt m
2022_NY_House-3_DEM,DEM,Robert Zimmerman,9482,35.8,5,True,zimmerman r
2022_NY_House-3_DEM,DEM,Jon Kaiman,6884,26.0,5,False,kaiman j
2022_NY_House-3_DEM,DEM,Josh Lafazan,5296,20.0,5,False,lafazan j
2022_NY_House-3_DEM,DEM,Melanie D'Arrigo,4197,15.8,5,False,darrigo m
2022_NY_House-3_DEM,DEM,Reema Rasool,661,2.5,5,False,rasool r
2022_NY_House-4_DEM,DEM,Laura Gillen,12432,63.1,7,True,gillen l
2022_NY_House-4_DEM,DEM,Carrié Solages,4811,24.4,7,False,solages c
2022_NY_House-4_DEM,DEM,Keith Corbett,2169,11.0,7,False,corbett k
2022_NY_House-4_DEM,DEM,Muzibul Huq,297,1.5,7,False,huq m
2022_NY_House-7_DEM,DEM,Nydia Velázquez,21470,84.3,8,True,velazquez n
2022_NY_House-7_DEM,DEM,Paperboy Prince,4006,15.7,8,False,prince p
2022_NY_House-8_DEM,DEM,Hakeem Jeffries,22196,87.4,9,True,jeffries h
2022_NY_House-8_DEM,DEM,Queen Johnson,3214,12.6,9,False,johnson q
2022_OH_House-10_DEM,DEM,David Esrati,10473,31.4,20,True,esrati d
2022_OH_House-10_DEM,DEM,Jeff Hardenbrook,8633,25.9,20,False,hardenbrook j
2022_OH_House-10_DEM,DEM,Baxter Stapleton,8529,25.5,20,False,stapleton b
2022_OH_House-10_DEM,DEM,Kirk Benjamin,5760,17.2,20,False,benjamin k
2022_OH_House-10_REP,REP,Mike Turner,65734,100.0,19,True,turner m
2022_OH_House-11_DEM,DEM,Shontel Brown,44841,66.3,21,True,brown s
2022_OH_House-11_DEM,DEM,Nina Turner,22830,33.7,21,False,turner n
2022_OH_House-11_REP,REP,Eric J. Brewer,8240,57.6,22,True,brewer e
2022_OH_House-11_REP,REP,James Hemphill,6062,42.4,22,False,hemphill j
2022_OH_House-12_DEM,DEM,Amy Rippel-Elton,12712,56.7,24,True,rippelelton a
2022_OH_House-12_DEM,DEM,Michael Fletcher,9717,43.3,24,False,fletcher m
2022_OH_House-12_REP,REP,Troy Balderson,66181,82.3,23,True,balderson t
2022_OH_House-12_REP,REP,Brandon Michael Lape,14196,17.7,23,False,lape b
2022_OH_House-13_DEM,DEM,Emilia Sykes,36251,100.0,25,True,sykes e
2022_OH_House-13_REP,REP,Madison Gesiotto Gilbert,16211,28.6,26,True,gilbert m
2022_OH_House-13_REP,REP,Greg Wheeler,13284,23.4,26,False,wheeler g
2022_OH_House-13_REP,REP,Janet Porter,9402,16.6,26,False,porter j
2022_OH_House-13_REP,REP,Shay Hawkins,6468,11.4,26,False,hawkins s
2022_OH_House-13_REP,REP,Ryan Saylor,5261,9.3,26,False,saylor r
2022_OH_House-13_REP,REP,Dante N. Sabatucci,4740,8.4,26,False,sabatucci d
2022_OH_House-13_REP,REP,Santana F. King,1338,2.4,26,False,king s
2022_OH_House-14_DEM,DEM,Matt Kilboy,34499,100.0,28,True,kilboy m
2022_OH_House-14_REP,REP,David Joyce,58042,75.7,27,True,joyce d
2022_OH_House-14_REP,REP,Patrick Awtrey,12296,16.0,27,False,awtrey p
2022_OH_House-14_REP,REP,Bevin Cormack,6364,8.3,27,False,cormack b
2022_OH_House-15_DEM,DEM,Gary Josephson,9047,97.0,30,True,josephson g
2022_OH_House-15_DEM,DEM,Danny O'Connor,284,3.0,30,False,oconnor d
2022_OH_House-15_REP,REP,Mike Carey,48938,100.0,29,True,carey m
2022_OH_House-1_DEM,DEM,Greg Landsman,28330,100.0,2,True,landsman g
2022_OH_House-1_REP,REP,Steve Chabot,45450,100.0,1,True,chabot s
2022_OH_House-2_DEM,DEM,Samantha Meadows,11694,72.0,4,True,meadows s
2022_OH_House-2_DEM,DEM,Alan Darnowsky,4541,28.0,4,False,darnowsky a
2022_OH_House-2_REP,REP,Brad Wenstrup,56805,77.4,3,True,wenstrup b
2022_OH_House-2_REP,REP,"James J. Condit, Jr.",9250,12.6,3,False,condit j
2022_OH_House-2_REP,REP,David J. Windisch,7382,10.1,3,False,windisch d
2022_OH_House-3_DEM,DEM,Joyce Beatty,48241,100.0,5,True,beatty j
2022_OH_House-3_REP,REP,Lee Stahley,30250,100.0,6,True,stahley l
2022_OH_House-4_DEM,DEM,Tamie Wilson,10804,51.5,8,True,wilson t
2022_OH_House-4_DEM,DEM,Jeffrey Sites,10160,48.5,8,False,sites j
2022_OH_House-4_REP,REP,Jim Jordan,86576,100.0,7,True,jordan j
2022_OH_House-5_DEM,DEM,Craig Swartz,14590,55.3,10,True,swartz c
2022_OH_House-5_DEM,DEM,Martin Heberling,11812,44.7,10,False,heberling m
2022_OH_House-5_REP,REP,Bob Latta,69981,100.0,9,True,latta b
2022_OH_House-6_DEM,DEM,Louis Lyras,8607,37.64,12,True,lyras l
2022_OH_House-6_DEM,DEM,Eric Scott Jones,6972,30.49,12,False,jones e
2022_OH_House-6_DEM,DEM,Martin Alexander,5062,22.14,12,False,alexander m
2022_OH_House-6_DEM,DEM,Shawna Roberts,2226,9.73,12,False,roberts s
2022_OH_House-6_REP,REP,Bill Johnson,57189,77.32,11,True,johnson b
2022_OH_House-6_REP,REP,John Anderson,9212,12.49,11,False,anderson j
2022_OH_House-6_REP,REP,Michael Morgenstern,4926,6.66,11,False,morgenstern m
2022_OH_House-6_REP,REP,Gregory Zelenitz,2632,3.56,11,False,zelenitz g
2022_OH_House-7_DEM,DEM,Matthew Diemer,12636,62.8,14,True,diemer m
2022_OH_House-7_DEM,DEM,Tristan Rader,7500,37.2,14,False,rader t
2022_OH_House-7_REP,REP,Max Miller,43158,71.8,13,True,miller m
2022_OH_House-7_REP,REP,Jonah Schulz,8325,13.9,13,False,schulz j
2022_OH_House-7_REP,REP,Charlie Gaddis,5581,9.3,13,False,gaddis c
2022_OH_House-7_REP,REP,Anthony Leon Alexander,3033,5.0,13,False,alexander a
2022_OH_House-8_DEM,DEM,Vanessa Enoch,18290,100.0,16,True,enoch v
2022_OH_House-8_REP,REP,Warren Davidson,50372,72.4,15,True,davidson w
2022_OH_House-8_REP,REP,Phil Heimlich,19230,27.6,15,False,heimlich p
2022_OH_House-9_DEM,DEM,Marcy Kaptur,32968,100.0,17,True,kaptur m
2022_OH_House-9_REP,REP,J.R. Majewski,21850,35.8,18,True,majewski
2022_OH_House-9_REP,REP,Craig Riedel,18757,30.7,18,False,riedel c
2022_OH_House-9_REP,REP,Theresa Gavarone,17542,28.7,18,False,gavarone t
2022_OH_House-9_REP,REP,Beth Deck,2931,4.8,18,False,deck b
2022_OK_House-2_REP,REP,Josh Brecheen,33517,52.2,2,True,brecheen j
2022_OK_House-2_REP,REP,Avery Frix,30686,47.8,2,False,frix a
2022_OK_House-3_REP,REP,Frank Lucas,44442,61.1,3,True,lucas f
2022_OK_House-3_REP,REP,Wade Burleson,22258,30.6,3,False,burleson w
2022_OK_House-3_REP,REP,Stephen Butler,5997,8.2,3,False,butler s
2022_OK_House-4_REP,REP,Tom Cole,43894,69.8,4,True,cole t
2022_OK_House-4_REP,REP,James Taylor,16980,27.0,4,False,taylor j
2022_OK_House-4_REP,REP,Frank Blacke,2038,3.2,4,False,blacke f
2022_OK_House-5_REP,REP,Stephanie Bice,51612,68.4,5,True,bice s
2022_OK_House-5_REP,REP,Subrina Banks,23891,31.6,5,False,banks s
2022_OR_House-1_DEM,DEM,Suzanne Bonamici,80317,88.5,1,True,bonamici s
2022_OR_House-1_DEM,DEM,Scott Phillips,7832,8.6,1,False,phillips s
2022_OR_House-1_DEM,DEM,Christian Robertson,2625,2.9,1,False,robertson c
2022_OR_House-1_REP,REP,Christopher Mann,19605,68.4,2,True,mann c
2022_OR_House-1_REP,REP,"Armidia ""Army"" Murray",9047,31.6,2,False,murray a
2022_OR_House-2_DEM,DEM,Joseph Yetter III,27814,70.4,4,True,yetter j
2022_OR_House-2_DEM,DEM,Adam Prine,11669,29.6,4,False,prine a
2022_OR_House-2_REP,REP,Cliff Bentz,67051,75.3,3,True,bentz c
2022_OR_House-2_REP,REP,Mark Cavener,17372,19.5,3,False,cavener m
2022_OR_House-2_REP,REP,Katherine Gallant,4598,5.2,3,False,gallant k
2022_OR_House-3_DEM,DEM,Earl Blumenauer,96386,94.7,5,True,blumenauer e
2022_OR_House-3_DEM,DEM,Jonathan E. Polhemus,5392,5.3,5,False,polhemus j
2022_OR_House-3_REP,REP,Joanna Harbour,18031,100.0,6,True,harbour j
2022_OR_House-4_DEM,DEM,Val Hoyle,56153,64.0,7,True,hoyle v
2022_OR_House-4_DEM,DEM,Doyle Canning,14245,16.2,7,False,canning d
2022_OR_House-4_DEM,DEM,Sami Al-Abdrabbuh,6080,6.9,7,False,alabdrabbuh s
2022_OR_House-4_DEM,DEM,John Selker,4738,5.4,7,False,selker j
2022_OR_House-4_DEM,DEM,Andrew Kalloch,4322,4.9,7,False,kalloch a
2022_OR_House-4_DEM,DEM,G. Tommy Smith,1278,1.5,7,False,smith g
2022_OR_House-4_DEM,DEM,Jake Matthews,607,0.7,7,False,matthews j
2022_OR_House-4_DEM,DEM,Steve Laible,292,0.3,7,False,laible s
2022_OR_House-4_REP,REP,Alek Skarlatos,58655,100.0,8,True,skarlatos a
2022_OR_House-5_DEM,DEM,Jamie McLeod-Skinner,47148,54.9,9,True,mcleodskinner j
2022_OR_House-5_DEM,DEM,Kurt Schrader,38726,45.1,9,False,schrader k
2022_OR_House-5_REP,REP,Lori Chavez-DeRemer,30438,42.8,10,True,chavezderemer l
2022_OR_House-5_REP,REP,Jimmy Crumpacker,20631,29.0,10,False,crumpacker j
2022_OR_House-5_REP,REP,John Di Paola,11486,16.1,10,False,paola j
2022_OR_House-5_REP,REP,Laurel L. Roses,6321,8.9,10,False,roses l
2022_OR_House-5_REP,REP,Madison Oatman,1863,2.6,10,False,oatman m
2022_OR_House-5_REP,REP,Write-in,429,0.6,10,False,writein
2022_OR_House-6_DEM,DEM,Andrea Salinas,26101,37.0,11,True,salinas a
2022_OR_House-6_DEM,DEM,Carrick Flynn,13052,18.5,11,False,flynn c
2022_OR_House-6_DEM,DEM,Cody Reynolds,7951,11.3,11,False,reynolds c
2022_OR_House-6_DEM,DEM,Loretta Smith,7064,10.0,11,False,smith l
2022_OR_House-6_DEM,DEM,Matt West,5658,8.0,11,False,west m
2022_OR_House-6_DEM,DEM,Kathleen Harder,5510,7.8,11,False,harder k
2022_OR_House-6_DEM,DEM,Teresa Alonso Leon,4626,6.6,11,False,leon t
2022_OR_House-6_DEM,DEM,Ricky Barajas,292,0.4,11,False,barajas r
2022_OR_House-6_DEM,DEM,Greg Goodwin,217,0.3,11,False,goodwin g
2022_OR_House-6_REP,REP,Mike Erickson,21675,34.9,12,True,erickson m
2022_OR_House-6_REP,REP,Ron Noble,10980,17.7,12,False,noble r
2022_OR_House-6_REP,REP,Amy Ryan Courser,10176,16.4,12,False,courser a
2022_OR_House-6_REP,REP,Angela Plowhead,8271,13.3,12,False,plowhead a
2022_OR_House-6_REP,REP,Jim Bunn,6340,10.2,12,False,bunn j
2022_OR_House-6_REP,REP,David Russ,2398,3.9,12,False,russ d
2022_OR_House-6_REP,REP,Nate Sandvig,2222,3.6,12,False,sandvig n
2022_PA_House-10_DEM,DEM,Shamaine Daniels,32260,52.6,23,True,daniels s
2022_PA_House-10_DEM,DEM,Rick Coplen,29128,47.4,23,False,coplen r
2022_PA_House-12_DEM,DEM,Summer Lee,48002,41.9,27,True,lee s
2022_PA_House-12_DEM,DEM,Steve Irwin,47014,41.0,27,False,irwin s
2022_PA_House-12_DEM,DEM,Jerry Dickinson,12440,10.9,27,False,dickinson j
2022_PA_House-12_DEM,DEM,Jeff Woodard,5454,4.8,27,False,woodard j
2022_PA_House-12_DEM,DEM,William Parker,1670,1.5,27,False,parker w
2022_PA_House-13_DEM,DEM,Mark Critz,967,100.0,31,True,critz m
2022_PA_House-16_DEM,DEM,Dan Pastore,44262,69.1,35,True,pastore d
2022_PA_House-16_DEM,DEM,Rick Telesz,19788,30.9,35,False,telesz r
2022_PA_House-17_DEM,DEM,Chris Deluzio,62389,63.6,36,True,deluzio c
2022_PA_House-17_DEM,DEM,Sean Meloy,35638,36.4,36,False,meloy s
2022_PA_House-17_REP,REP,Jeremy Shaffer,40965,58.7,37,True,shaffer j
2022_PA_House-17_REP,REP,Jason Killmeyer,16801,24.0,37,False,killmeyer j
2022_PA_House-17_REP,REP,Kathy Coder,12079,17.3,37,False,coder k
2022_PA_House-1_DEM,DEM,Ashley Ehasz,79546,100.0,2,True,ehasz a
2022_PA_House-1_REP,REP,Brian Fitzpatrick,60502,65.57,1,True,fitzpatrick b
2022_PA_House-1_REP,REP,Alex Entin,31772,34.43,1,False,entin a
2022_PA_House-3_DEM,DEM,Dwight Evans,97709,75.7,6,True,evans d
2022_PA_House-3_DEM,DEM,Alexandra Hunt,25712,19.9,6,False,hunt a
2022_PA_House-3_DEM,DEM,Michael Cogbill,5728,4.4,6,False,cogbill m
2022_PA_House-4_REP,REP,Christian Nascimento,47192,68.8,8,True,nascimento c
2022_PA_House-4_REP,REP,Daniel Burton,21378,31.2,8,False,burton d
2022_PA_House-6_REP,REP,Guy Ciarrochi,23369,33.1,13,True,ciarrochi g
2022_PA_House-6_REP,REP,Steve Fanelli,21146,29.9,13,False,fanelli s
2022_PA_House-6_REP,REP,Ron Vogel,15628,22.1,13,False,vogel r
2022_PA_House-6_REP,REP,Regina Mauro,10565,14.9,13,False,mauro r
2022_PA_House-7_REP,REP,Lisa Scheller,34504,51.3,16,True,scheller l
2022_PA_House-7_REP,REP,Kevin Dellicker,32713,48.7,16,False,dellicker k
2022_PA_House-8_REP,REP,Jim Bognet,47097,68.7,18,True,bognet j
2022_PA_House-8_REP,REP,Michael Marsicano,21436,31.3,18,False,marsicano m
2022_RI_House-1_DEM,DEM,David Cicilline,46610,100.0,1,True,cicilline d
2022_RI_House-1_REP,REP,Allen Waters,6975,100.0,2,True,waters a
2022_RI_House-2_DEM,DEM,Seth Magaziner,30309,54.0,3,True,magaziner s
2022_RI_House-2_DEM,DEM,David Segal,9067,16.2,3,False,segal d
2022_RI_House-2_DEM,DEM,Sarah Morgenthau,6696,11.9,3,False,morgenthau s
2022_RI_House-2_DEM,DEM,Joy Fox,6112,10.9,3,False,fox j
2022_RI_House-2_DEM,DEM,Omar Bah,2600,4.6,3,False,bah o
2022_RI_House-2_DEM,DEM,Spencer Dickinson,1318,2.3,3,False,dickinson s
2022_RI_House-2_REP,REP,Allan Fung,12113,100.0,4,True,fung a
2022_SC_House-1_REP,REP,Nancy Mace,39470,53.1,1,True,mace n
2022_SC_House-1_REP,REP,Katie Arrington,33589,45.2,1,False,arrington k
2022_SC_House-1_REP,REP,Lynz Piper-Loomis,1221,1.6,1,False,piperloomis l
2022_SC_House-4_REP,REP,William Timmons,24800,52.7,2,True,timmons w
2022_SC_House-4_REP,REP,Mark Burns,11214,23.8,2,False,burns m
2022_SC_House-4_REP,REP,Michael LaPierre,8029,17.1,2,False,lapierre m
2022_SC_House-4_REP,REP,George Abuzeid,3024,6.4,2,False,abuzeid g
2022_SC_House-5_DEM,DEM,Evangeline Hundley,11257,57.6,3,True,hundley e
2022_SC_House-5_DEM,DEM,Kevin Eckert,8274,42.4,3,False,eckert k
2022_SC_House-6_DEM,DEM,Jim Clyburn,48729,87.9,4,True,clyburn j
2022_SC_House-6_DEM,DEM,Michael Addison,4203,7.6,4,False,addison m
2022_SC_House-6_DEM,DEM,Gregg Marcel Dixon,2503,4.5,4,False,dixon g
2022_SC_House-6_REP,REP,Duke Buckner,15638,74.4,5,True,buckner d
2022_SC_House-6_REP,REP,A. Sonia Morris,5374,25.6,5,False,morris a
2022_SC_House-7_REP,REP,Russell Fry,43509,51.1,6,True,fry r
2022_SC_House-7_REP,REP,Tom Rice,20927,24.6,6,False,rice t
2022_SC_House-7_REP,REP,Barbara Arthur,10481,12.3,6,False,arthur b
2022_SC_House-7_REP,REP,Ken Richardson,6021,7.1,6,False,richardson k
2022_SC_House-7_REP,REP,Garrett Barton,2154,2.5,6,False,barton g
2022_SC_House-7_REP,REP,Mark McBride,1676,2.0,6,False,mcbride m
2022_SC_House-7_REP,REP,Spencer Morris,444,0.5,6,False,morris s
2022_SD_House-1_REP,REP,Dusty Johnson,70728,59.25,1,True,johnson d
2022_SD_House-1_REP,REP,Taffy Howard,48645,40.75,1,False,howard t
2022_TN_House-1_DEM,DEM,Cameron Parsons,6099,100.0,2,True,parsons c
2022_TN_House-1_REP,REP,Diana Harshbarger,43761,100.0,1,True,harshbarger d
2022_TN_House-2_DEM,DEM,Mark Harmon,24879,100.0,4,True,harmon m
2022_TN_House-2_REP,REP,Tim Burchett,56880,100.0,3,True,burchett t
2022_TN_House-3_DEM,DEM,Meg Gorman,22208,100.0,6,True,gorman m
2022_TN_House-3_REP,REP,Chuck Fleischmann,52073,79.28,5,True,fleischmann c
2022_TN_House-3_REP,REP,Sandy Casey,13609,20.72,5,False,casey s
2022_TN_House-4_DEM,DEM,Wayne Steele,11168,65.07,8,True,steele w
2022_TN_House-4_DEM,DEM,Arnold White,5994,34.93,8,False,white a
2022_TN_House-4_REP,REP,Scott DesJarlais,60699,100.0,7,True,desjarlais s
2022_TN_House-5_DEM,DEM,Heidi Campbell,30830,100.0,9,True,campbell h
2022_TN_House-5_REP,REP,Andy Ogles,21325,35.4,10,True,ogles a
2022_TN_House-5_REP,REP,Beth Harwell,15021,24.93,10,False,harwell b
2022_TN_House-5_REP,REP,Kurt Winstead,12721,21.12,10,False,winstead k
2022_TN_House-5_REP,REP,Jeff Beierlien,4093,6.79,10,False,beierlien j
2022_TN_House-5_REP,REP,"Robby ""Starbuck"" Newsom",2492,4.14,10,False,newsom r
2022_TN_House-5_REP,REP,Natisha Brooks,1747,2.9,10,False,brooks n
2022_TN_House-5_REP,REP,Geni Batchelor,1017,1.69,10,False,batchelor g
2022_TN_House-5_REP,REP,Timothy Bruce Lee,845,1.4,10,False,lee t
2022_TN_House-5_REP,REP,Stewart T. Parks,586,0.97,10,False,parks s
2022_TN_House-5_REP,REP,Tres Wittum,398,0.66,10,False,wittum t
2022_TN_House-6_DEM,DEM,Randal Cooper,17332,74.7,12,True,cooper r
2022_TN_House-6_DEM,DEM,Clay Faircloth,5870,25.3,12,False,faircloth c
2022_TN_House-6_REP,REP,John Rose,57162,100.0,11,True,rose j
2022_TN_House-7_DEM,DEM,Odessa Kelly,24854,100.0,14,True,kelly o
2022_TN_House-7_REP,REP,Mark Green,48968,100.0,13,True,green m
2022_TN_House-8_DEM,DEM,Lynnette Williams,15819,63.26,16,True,williams l
2022_TN_House-8_DEM,DEM,Tim McDonald,9187,36.74,16,False,mcdonald t
2022_TN_House-8_REP,REP,David Kustoff,69538,83.73,15,True,kustoff d
2022_TN_House-8_REP,REP,Bob Hendry,6990,8.42,15,False,hendry b
2022_TN_House-8_REP,REP,Danny Ray Bridger Jr.,4233,5.1,15,False,bridger d
2022_TN_House-8_REP,REP,Gary Clouse,2291,2.76,15,False,clouse g
2022_TN_House-9_DEM,DEM,Steve Cohen,62055,88.02,17,True,cohen s
2022_TN_House-9_DEM,DEM,M. Latory Alexandira-Williams,8449,11.98,17,False,alexandirawilliams m
2022_TN_House-9_REP,REP,Charlotte Bergmann,10380,51.54,18,True,bergmann c
2022_TN_House-9_REP,REP,Brown Dudley,8760,43.5,18,False,dudley b
2022_TN_House-9_REP,REP,Leo AwGoWhat,1000,4.97,18,False,awgowhat l
2022_TX_House-10_DEM,DEM,Linda Nuno,20537,100.0,21,True,nuno l
2022_TX_House-10_REP,REP,Michael McCaul,63920,100.0,20,True,mccaul m
2022_TX_House-11_REP,REP,August Pfluger,61479,100.0,22,True,pfluger a
2022_TX_House-12_DEM,DEM,Trey Hunt,20561,100.0,24,True,hunt t
2022_TX_House-12_REP,REP,Kay Granger,46779,75.2,23,True,granger k
2022_TX_House-12_REP,REP,Ryan Catala,8759,14.1,23,False,catala r
2022_TX_House-12_REP,REP,Alysia Rieg,6662,10.7,23,False,rieg a
2022_TX_House-13_DEM,DEM,Kathleen Brown,10807,100.0,26,True,brown k
2022_TX_House-13_REP,REP,Ronny Jackson,71554,100.0,25,True,jackson r
2022_TX_House-14_DEM,DEM,Mikal Williams,10691,50.2,28,True,williams m
2022_TX_House-14_DEM,DEM,Eugene Howard,10619,49.8,28,False,howard e
2022_TX_House-14_REP,REP,Randy Weber,58439,89.3,27,True,weber r
2022_TX_House-14_REP,REP,Keith Casey,5178,7.9,27,False,casey k
2022_TX_House-14_REP,REP,Ruben Landon Dante,1854,2.8,27,False,dante r
2022_TX_House-15_DEM,DEM,Michelle Vallejo,6079,50.1,30,True,vallejo m
2022_TX_House-15_DEM,DEM,Ruben Ramirez,6049,49.9,30,False,ramirez r
2022_TX_House-15_REP,REP,Monica de la Cruz,16835,56.5,31,True,cruz m
2022_TX_House-15_REP,REP,Mauro Garza,4544,15.3,31,False,garza m
2022_TX_House-15_REP,REP,Sara Canady,2741,9.2,31,False,canady s
2022_TX_House-15_REP,REP,Ryan Krause,2728,9.2,31,False,krause r
2022_TX_House-15_REP,REP,Steve Schmuker,1064,3.6,31,False,schmuker s
2022_TX_House-15_REP,REP,John Lerma,658,2.2,31,False,lerma j
2022_TX_House-15_REP,REP,Aizar Cavazos,504,1.7,31,False,cavazos a
2022_TX_House-15_REP,REP,Angela Juarez,416,1.4,31,False,juarez a
2022_TX_House-15_REP,REP,Vangela Churchill,298,1.0,31,False,churchill v
2022_TX_House-16_DEM,DEM,Veronica Escobar,30954,88.0,32,True,escobar v
2022_TX_House-16_DEM,DEM,Deliris Montanez Berrios,4235,12.0,32,False,berrios d
2022_TX_House-16_REP,REP,Irene Armendariz-Jackson,12623,100.0,33,True,armendarizjackson i
2022_TX_House-17_DEM,DEM,Mary Jo Woods,17085,100.0,36,True,woods m
2022_TX_House-17_REP,REP,Pete Sessions,48222,70.0,35,True,sessions p
2022_TX_House-17_REP,REP,"Jason ""Stormchaser"" Nelson",8371,12.1,35,False,nelson j
2022_TX_House-17_REP,REP,Paulette Carson,7246,10.5,35,False,carson p
2022_TX_House-17_REP,REP,Rob Rosenberger,5100,7.4,35,False,rosenberger r
2022_TX_House-18_DEM,DEM,Sheila Jackson Lee,35194,100.0,37,True,lee s
2022_TX_House-18_REP,REP,Carmen Maria Montiel,11087,100.0,38,True,montiel c
2022_TX_House-19_REP,REP,Jodey Arrington,68503,100.0,39,True,arrington j
2022_TX_House-1_DEM,DEM,Jrmar Jefferson,5607,75.9,3,True,jefferson j
2022_TX_House-1_DEM,DEM,Victor Dunn,1783,24.1,3,False,dunn v
2022_TX_House-1_REP,REP,Nathaniel Moran,51312,63.0,1,True,moran n
2022_TX_House-1_REP,REP,Joe McDaniel II,19708,24.2,1,False,mcdaniel j
2022_TX_House-1_REP,REP,Aditya Atholi,6186,7.6,1,False,atholi a
2022_TX_House-1_REP,REP,John Porro,4238,5.2,1,False,porro j
2022_TX_House-20_DEM,DEM,Joaquin Castro,33214,100.0,40,True,castro j
2022_TX_House-20_REP,REP,Kyle Sinclair,15846,100.0,41,True,sinclair k
2022_TX_House-21_DEM,DEM,Claudia Zapata,13886,63.5,44,True,zapata c
2022_TX_House-21_DEM,DEM,Ricardo Villareal,7996,36.5,44,False,villareal r
2022_TX_House-21_REP,REP,Chip Roy,78087,83.2,42,True,roy c
2022_TX_House-21_REP,REP,Robert Lowry,7642,8.2,42,False,lowry r
2022_TX_House-21_REP,REP,Dana Zavorka,4206,4.5,42,False,zavorka d
2022_TX_House-21_REP,REP,Michael French,3886,4.1,42,False,french m
2022_TX_House-22_DEM,DEM,Jamie Kaye Jordan,20818,100.0,46,True,jordan j
2022_TX_House-22_REP,REP,Troy Nehls,50281,87.2,45,True,nehls t
2022_TX_House-22_REP,REP,Gregory Thorne,7378,12.8,45,False,thorne g
2022_TX_House-23_DEM,DEM,John Lira,19816,55.9,48,True,lira j
2022_TX_House-23_DEM,DEM,Priscilla Golden,15664,44.1,48,False,golden p
2022_TX_House-23_REP,REP,Tony Gonzales,37212,78.0,47,True,gonzales t
2022_TX_House-23_REP,REP,Alma Arredondo-Lynch,7261,15.2,47,False,arredondolynch a
2022_TX_House-23_REP,REP,Alia Garcia,3235,6.8,47,False,garcia a
2022_TX_House-24_DEM,DEM,Jan McDowell,7118,51.2,51,True,mcdowell j
2022_TX_House-24_DEM,DEM,Derrik Gay,6788,48.8,51,False,gay d
2022_TX_House-24_REP,REP,Beth Van Duyne,61768,85.0,49,True,duyne b
2022_TX_House-24_REP,REP,Nate Weymouth,10868,15.0,49,False,weymouth n
2022_TX_House-25_REP,REP,Roger Williams,69418,100.0,52,True,williams r
2022_TX_House-26_REP,REP,Michael Burgess,42006,66.8,53,True,burgess m
2022_TX_House-26_REP,REP,Vincent Gallo,6437,10.2,53,False,gallo v
2022_TX_House-26_REP,REP,Brian Brazeal,5892,9.4,53,False,brazeal b
2022_TX_House-26_REP,REP,Isaac Smith,5085,8.1,53,False,smith i
2022_TX_House-26_REP,REP,Raven Harrison,3427,5.5,53,False,harrison r
2022_TX_House-27_DEM,DEM,Maclovio Perez,13044,59.1,55,True,perez m
2022_TX_House-27_DEM,DEM,Anthony Tristan,5733,26.0,55,False,tristan a
2022_TX_House-27_DEM,DEM,Victor Melgoza,3289,14.9,55,False,melgoza v
2022_TX_House-27_REP,REP,Michael Cloud,45741,72.5,54,True,cloud m
2022_TX_House-27_REP,REP,A.J. Louderback,7704,12.2,54,False,louderback a
2022_TX_House-27_REP,REP,Chris Mapp,4542,7.2,54,False,mapp c
2022_TX_House-27_REP,REP,Andrew Alvarez,2648,4.2,54,False,alvarez a
2022_TX_House-27_REP,REP,Eric Mireles,2478,3.9,54,False,mireles e
2022_TX_House-28_DEM,DEM,Henry Cuellar,22895,50.3,57,True,cuellar h
2022_TX_House-28_DEM,DEM,Jessica Cisneros,22614,49.7,57,False,cisneros j
2022_TX_House-28_REP,REP,Cassy Garcia,8485,57.0,59,True,garcia c
2022_TX_House-28_REP,REP,Sandra Whitten,6413,43.0,59,False,whitten s
2022_TX_House-29_DEM,DEM,Sylvia Garcia,19402,100.0,60,True,garcia s
2022_TX_House-29_REP,REP,Robert Schafranek,2875,60.7,62,True,schafranek r
2022_TX_House-29_REP,REP,Julio Garza,1859,39.3,62,False,garza j
2022_TX_House-2_DEM,DEM,Robin Fulford,17160,100.0,5,True,fulford r
2022_TX_House-2_REP,REP,Dan Crenshaw,45863,74.5,4,True,crenshaw d
2022_TX_House-2_REP,REP,Jameson Ellis,10195,16.6,4,False,ellis j
2022_TX_House-2_REP,REP,Martin Etwop,2785,4.5,4,False,etwop m
2022_TX_House-2_REP,REP,Milam Langella,2741,4.5,4,False,langella m
2022_TX_House-30_DEM,DEM,Jasmine Crockett,17462,60.6,64,True,crockett j
2022_TX_House-30_DEM,DEM,Jane Hope Hamilton,11369,39.4,64,False,hamilton j
2022_TX_House-30_REP,REP,James Rodgers,3090,56.9,66,True,rodgers j
2022_TX_House-30_REP,REP,James Harris,2339,43.1,66,False,harris j
2022_TX_House-31_REP,REP,John Carter,50887,71.1,67,True,carter j
2022_TX_House-31_REP,REP,Mike Williams,14115,19.7,67,False,williams m
2022_TX_House-31_REP,REP,Abhiram Garapati,6590,9.2,67,False,garapati a
2022_TX_House-32_DEM,DEM,Colin Allred,31805,100.0,68,True,allred c
2022_TX_House-32_REP,REP,Antonio Swad,6929,57.0,70,True,swad a
2022_TX_House-32_REP,REP,Justin Webb,5226,43.0,70,False,webb j
2022_TX_House-33_DEM,DEM,Marc Veasey,16806,69.5,71,True,veasey m
2022_TX_House-33_DEM,DEM,Carlos Quintanilla,7373,30.5,71,False,quintanilla c
2022_TX_House-33_REP,REP,Patrick Gillespie,5709,63.5,72,True,gillespie p
2022_TX_House-33_REP,REP,Robert Glafin,3284,36.5,72,False,glafin r
2022_TX_House-34_DEM,DEM,Vicente Gonzalez,23531,64.8,74,True,gonzalez v
2022_TX_House-34_DEM,DEM,Laura Cisneros,8456,23.3,74,False,cisneros l
2022_TX_House-34_DEM,DEM,Beatriz Reynoso,1287,3.5,74,False,reynoso b
2022_TX_House-34_DEM,DEM,William Thompson,1085,3.0,74,False,thompson w
2022_TX_House-34_DEM,DEM,Filemon Meza,920,2.5,74,False,meza f
2022_TX_House-34_DEM,DEM,Diego Zavala,718,2.0,74,False,zavala d
2022_TX_House-34_DEM,DEM,Osbert Rodriguez Haro,331,0.9,74,False,haro o
2022_TX_House-34_REP,REP,Mayra Flores,9490,60.4,73,True,flores m
2022_TX_House-34_REP,REP,Frank McCaffrey,3444,21.9,73,False,mccaffrey f
2022_TX_House-34_REP,REP,Gregory Kunkle,1677,10.7,73,False,kunkle g
2022_TX_House-34_REP,REP,Juana Cantu-Cabrera,1115,7.1,73,False,cantucabrera j
2022_TX_House-35_DEM,DEM,Greg Casar,25505,61.1,75,True,casar g
2022_TX_House-35_DEM,DEM,Eddie Rodriguez,6526,15.6,75,False,rodriguez e
2022_TX_House-35_DEM,DEM,Rebecca Viagran,6511,15.6,75,False,viagran r
2022_TX_House-35_DEM,DEM,Carla-Joy Sisco,3190,7.6,75,False,sisco c
2022_TX_House-35_REP,REP,Dan McQueen,4161,61.3,77,True,mcqueen d
2022_TX_House-35_REP,REP,Michael Rodriguez,2632,38.7,77,False,rodriguez m
2022_TX_House-36_DEM,DEM,Jon Haire,16589,100.0,79,True,haire j
2022_TX_House-36_REP,REP,Brian Babin,59381,100.0,78,True,babin b
2022_TX_House-37_DEM,DEM,Lloyd Doggett,60007,79.3,80,True,doggett l
2022_TX_House-37_DEM,DEM,Donna Imam,13385,17.7,80,False,imam d
2022_TX_House-37_DEM,DEM,Chris Jones,1503,2.0,80,False,jones c
2022_TX_House-37_DEM,DEM,Quinton Beaubouef,804,1.1,80,False,beaubouef q
2022_TX_House-37_REP,REP,Jenny Sharon,6923,59.1,82,True,sharon j
2022_TX_House-37_REP,REP,Rod Lingsch,4791,40.9,82,False,lingsch r
2022_TX_House-38_DEM,DEM,Duncan Klussmann,6449,61.1,85,True,klussmann d
2022_TX_House-38_DEM,DEM,Diana Martinez Alexander,4111,38.9,85,False,alexander d
2022_TX_House-38_REP,REP,Wesley Hunt,35291,55.3,83,True,hunt w
2022_TX_House-38_REP,REP,Mark Ramsey,19352,30.3,83,False,ramsey m
2022_TX_House-38_REP,REP,David Hogan,3125,4.9,83,False,hogan d
2022_TX_House-38_REP,REP,Ronald Lopez,2048,3.2,83,False,lopez r
2022_TX_House-38_REP,REP,Brett Guillroy,1416,2.2,83,False,guillroy b
2022_TX_House-38_REP,REP,"Jerry Ford, Sr.",997,1.6,83,False,ford j
2022_TX_House-38_REP,REP,Richard Welch,633,1.0,83,False,welch r
2022_TX_House-38_REP,REP,Alex Cross,460,0.7,83,False,cross a
2022_TX_House-38_REP,REP,Damien Mockus,249,0.4,83,False,mockus d
2022_TX_House-38_REP,REP,Philip Covarrubias,228,0.4,83,False,covarrubias p
2022_TX_House-3_DEM,DEM,Sandeep Srivastava,13865,61.9,7,True,srivastava s
2022_TX_House-3_DEM,DEM,Doc Shelby,8531,38.1,7,False,shelby d
2022_TX_House-3_REP,REP,Van Taylor,31489,48.8,6,True,taylor v
2022_TX_House-3_REP,REP,Keith Self,17058,26.5,6,False,self k
2022_TX_House-3_REP,REP,Suzanne Harp,13375,20.8,6,False,harp s
2022_TX_House-3_REP,REP,Rickey Williams,1731,2.7,6,False,williams r
2022_TX_House-3_REP,REP,Jeremy Ivanovskis,818,1.3,6,False,ivanovskis j
2022_TX_House-4_DEM,DEM,Iro Omere,16404,100.0,9,True,omere i
2022_TX_House-4_REP,REP,Pat Fallon,41297,59.0,8,True,fallon p
2022_TX_House-4_REP,REP,Dan Thomas,21168,30.2,8,False,thomas d
2022_TX_House-4_REP,REP,John Harper,7576,10.8,8,False,harper j
2022_TX_House-5_DEM,DEM,Tartisha Hill,10689,52.7,11,True,hill t
2022_TX_House-5_DEM,DEM,Kathleen Bailey,9605,47.3,11,False,bailey k
2022_TX_House-5_REP,REP,Lance Gooden,47692,100.0,10,True,gooden l
2022_TX_House-6_REP,REP,Jake Ellzey,38683,71.2,12,True,ellzey j
2022_TX_House-6_REP,REP,James Buford,8636,15.9,12,False,buford j
2022_TX_House-6_REP,REP,Bill Payne,7008,12.9,12,False,payne b
2022_TX_House-7_DEM,DEM,Lizzie Fletcher,29579,100.0,13,True,fletcher l
2022_TX_House-7_REP,REP,Johnny Teague,9152,63.6,15,True,teague j
2022_TX_House-7_REP,REP,Tim Stroud,5239,36.4,15,False,stroud t
2022_TX_House-8_DEM,DEM,Laura Jones,14496,100.0,17,True,jones l
2022_TX_House-8_REP,REP,Morgan Luttrell,34271,52.2,16,True,luttrell m
2022_TX_House-8_REP,REP,Christian Collins,14659,22.3,16,False,collins c
2022_TX_House-8_REP,REP,Jonathan Hullihan,8296,12.6,16,False,hullihan j
2022_TX_House-8_REP,REP,Dan McKaughan,1585,2.4,16,False,mckaughan d
2022_TX_House-8_REP,REP,Jessica Wellington,1550,2.4,16,False,wellington j
2022_TX_House-8_REP,REP,Candice Burrows,1519,2.3,16,False,burrows c
2022_TX_House-8_REP,REP,Chuck Montgomery,1169,1.8,16,False,montgomery c
2022_TX_House-8_REP,REP,Michael Philips,871,1.3,16,False,philips m
2022_TX_House-8_REP,REP,Jonathan Mitchell,791,1.2,16,False,mitchell j
2022_TX_House-8_REP,REP,Betsy Bates,712,1.1,16,False,bates b
2022_TX_House-8_REP,REP,Taylor Whichard,295,0.5,16,False,whichard t
2022_TX_House-9_DEM,DEM,Al Green,42782,100.0,18,True,green a
2022_TX_House-9_REP,REP,Jimmy Leon,10503,100.0,19,True,leon j
2022_UT_House-1_REP,REP,Blake Moore,58408,57.6,1,True,moore b
2022_UT_House-1_REP,REP,Andrew Badger,28437,28.0,1,False,badger a
2022_UT_House-1_REP,REP,Tina Cannon,14577,14.4,1,False,cannon t
2022_UT_House-2_REP,REP,Chris Stewart,75586,72.6,2,True,stewart c
2022_UT_House-2_REP,REP,Erin Rider,28480,27.4,2,False,rider e
2022_UT_House-3_REP,REP,John Curtis,78341,69.6,3,True,curtis j
2022_UT_House-3_REP,REP,Chris Herrod,34204,30.4,3,False,herrod c
2022_UT_House-4_REP,REP,Burgess Owens,56397,61.9,4,True,owens b
2022_UT_House-4_REP,REP,Jake Hunsaker,34728,38.1,4,False,hunsaker j
2022_VA_House-2_REP,REP,Jen Kiggans,23300,55.7,1,True,kiggans j
2022_VA_House-2_REP,REP,Jarome Bell,11330,27.1,1,False,bell j
2022_VA_House-2_REP,REP,Tommy Altman,5972,14.3,1,False,altman t
2022_VA_House-2_REP,REP,Andy Baan,1237,3.0,1,False,baan a
2022_VA_House-3_REP,REP,Terry Namkung,6293,60.5,2,True,namkung t
2022_VA_House-3_REP,REP,"Theodore ""Ted"" Engquist",4116,39.5,2,False,engquist t
2022_VA_House-6_REP,REP,Ben Cline,19620,82.1,4,True,cline b
2022_VA_House-6_REP,REP,Merritt Hale,4264,17.9,4,False,hale m
2022_VA_House-7_REP,REP,Yesli Vega,10913,28.9,5,True,vega y
2022_VA_House-7_REP,REP,Derrick Anderson,8966,23.8,5,False,anderson d
2022_VA_House-7_REP,REP,Bryce Reeves,7580,20.1,5,False,reeves b
2022_VA_House-7_REP,REP,Crystal Vanuch,6400,17.0,5,False,vanuch c
2022_VA_House-7_REP,REP,David Ross,2284,6.1,5,False,ross d
2022_VA_House-7_REP,REP,Gina Ciarcia,1565,4.2,5,False,ciarcia g
2022_VA_House-8_DEM,DEM,Don Beyer,39062,77.1,6,True,beyer d
2022_VA_House-8_DEM,DEM,Victoria Virasingh,11583,22.9,6,False,virasingh v
2022_VA_House-8_REP,REP,Karina Lipsman,440,61.5,7,True,lipsman k
2022_VA_House-8_REP,REP,Kezia Tunnell,137,19.1,7,False,tunnell k
2022_VA_House-8_REP,REP,Jeff Jordan,114,15.9,7,False,jordan j
2022_VA_House-8_REP,REP,Heerak Christian Kim,17,2.4,7,False,kim h
2022_VA_House-8_REP,REP,Monica Carpio,8,1.1,7,False,carpio m
2022_VT_House-1_DEM,DEM,Becca Balint,61025,60.6,1,True,balint b
2022_VT_House-1_DEM,DEM,Molly Gray,37266,37.0,1,False,gray m
2022_VT_House-1_DEM,DEM,Louis Meyers,1593,1.6,1,False,meyers l
2022_VT_House-1_DEM,DEM,Sianay Chase Clifford,885,0.9,1,False,clifford s
2022_VT_House-1_REP,REP,Liam Madden,10701,41.4,2,True,madden l
2022_VT_House-1_REP,REP,Ericka Bundy Redic,8255,31.9,2,False,redic e
2022_VT_House-1_REP,REP,Anya Tynio,6908,26.7,2,False,tynio a
2022_WI_House-1_DEM,DEM,Ann Roe,48148,99.8,2,True,roe a
2022_WI_House-1_REP,REP,Bryan Steil,73191,99.2,1,True,steil b
2022_WI_House-2_DEM,DEM,Mark Pocan,106595,99.8,3,True,pocan m
2022_WI_House-2_REP,REP,Erik Olsen,21774,49.8,4,True,olsen e
2022_WI_House-2_REP,REP,Charity Barry,21711,49.7,4,False,barry c
2022_WI_House-3_DEM,DEM,Brad Pfaff,24041,39.0,5,True,pfaff b
2022_WI_House-3_DEM,DEM,Rebecca Cooke,19221,31.2,5,False,cooke r
2022_WI_House-3_DEM,DEM,Deb McGrath,11770,19.1,5,False,mcgrath d
2022_WI_House-3_DEM,DEM,Mark Neumann,6672,10.8,5,False,neumann m
2022_WI_House-3_REP,REP,Derrick Van Orden,65164,99.3,6,True,orden d
2022_WI_House-4_DEM,DEM,Gwen Moore,72845,99.6,7,True,moore g
2022_WI_House-4_REP,REP,Tim Rogers,16528,74.3,8,True,rogers t
2022_WI_House-4_REP,REP,Travis Clark,5583,25.1,8,False,clark t
2022_WI_House-5_DEM,DEM,Mike Van Someren,44305,99.9,10,True,someren m
2022_WI_House-5_REP,REP,Scott Fitzgerald,118411,99.4,9,True,fitzgerald s
2022_WI_House-6_REP,REP,Glenn Grothman,84056,82.5,11,True,grothman g
2022_WI_House-6_REP,REP,Douglas Mullenix,17773,17.4,11,False,mullenix d
2022_WI_House-7_DEM,DEM,Richard Ausman,43265,99.8,13,True,ausman r
2022_WI_House-7_REP,REP,Tom Tiffany,80675,86.6,12,True,tiffany t
2022_WI_House-7_REP,REP,David Kunelius,12456,13.4,12,False,kunelius d
2022_WI_House-8_REP,REP,Mike Gallagher,79096,84.6,14,True,gallagher m
2022_WI_House-8_REP,REP,Shaun Clarmont,14377,15.4,14,False,clarmont s
2022_WV_House-1_DEM,DEM,Lacy Watson,32686,100.0,2,True,watson l
2022_WV_House-1_REP,REP,Carol Miller,41852,66.3,1,True,miller c
2022_WV_House-1_REP,REP,Scott Fuller,6197,9.8,1,False,fuller s
2022_WV_House-1_REP,REP,Zane Lawhorn,5530,8.8,1,False,lawhorn z
2022_WV_House-1_REP,REP,James Houser,4877,7.7,1,False,houser j
2022_WV_House-1_REP,REP,Kent Stevens,4658,7.4,1,False,stevens k
2022_WV_House-2_DEM,DEM,Barry Lee Wendell,22139,57.1,4,True,wendell b
2022_WV_House-2_DEM,DEM,Angela Dwyer,16653,42.9,4,False,dwyer a
2022_WV_House-2_REP,REP,Alex Mooney,45164,54.2,3,True,mooney a
2022_WV_House-2_REP,REP,David McKinley,29619,35.6,3,False,mckinley d
2022_WV_House-2_REP,REP,Susan Buchser-Lochocki,3329,4.0,3,False,buchserlochocki s
2022_WV_House-2_REP,REP,Mike Seckman,3076,3.7,3,False,seckman m
2022_WV_House-2_REP,REP,Rhonda Hercules,2083,2.5,3,False,hercules r
2022_WY_House-1_DEM,DEM,Lynnette Grey Bull,4507,62.3,2,True,bull l
2022_WY_House-1_DEM,DEM,Meghan Jensen,1833,25.3,2,False,jensen m
2022_WY_House-1_DEM,DEM,Steve Helling,897,12.4,2,False,helling s
2022_WY_House-1_REP,REP,Harriet Hageman,113079,66.3,1,True,hageman h
2022_WY_House-1_REP,REP,Liz Cheney,49339,28.9,1,False,cheney l
2022_WY_House-1_REP,REP,Anthony Bouchard,4508,2.6,1,False,bouchard a
2022_WY_House-1_REP,REP,Denton Knapp,2258,1.3,1,False,knapp d
2022_WY_House-1_REP,REP,Robyn Belinskey,1306,0.8,1,False,belinskey r
2024_AL_House-1_REP,REP,Barry Moore,53956,51.7,1,True,moore b
2024_AL_House-1_REP,REP,Jerry Carl,50312,48.3,1,False,carl j
2024_AL_House-2_DEM,DEM,Shomari Figures,21926,61.0,5,True,figures s
2024_AL_House-2_DEM,DEM,Anthony Daniels,13990,39.0,5,False,daniels a
2024_AL_House-2_REP,REP,Caroleene Dobson,14705,58.4,3,True,dobson c
2024_AL_House-2_REP,REP,Dick Brewbaker,10471,41.6,3,False,brewbaker d
2024_AL_House-3_REP,REP,Mike Rogers,71242,81.9,7,True,rogers m
2024_AL_House-3_REP,REP,Bryan Newell,10926,12.6,7,False,newell b
2024_AL_House-3_REP,REP,Barron Rae Bevels,4856,5.6,7,False,bevels b
2024_AL_House-4_REP,REP,Robert Aderholt,79083,79.8,8,True,aderholt r
2024_AL_House-4_REP,REP,Justin Holcomb,20025,20.2,8,False,holcomb j
2024_AL_House-6_REP,REP,Gary Palmer,76488,83.2,9,True,palmer g
2024_AL_House-6_REP,REP,Gerrick Wilkins,9701,10.6,9,False,wilkins g
2024_AL_House-6_REP,REP,Ken McFeeters,5705,6.2,9,False,mcfeeters k
2024_AL_House-7_DEM,DEM,Terri Sewell,59153,92.6,10,True,sewell t
2024_AL_House-7_DEM,DEM,Chris Davis,4715,7.4,10,False,davis c
2024_AL_House-7_REP,REP,Robin Litaker,12990,100.0,11,True,litaker r
2024_AR_House-3_REP,REP,Steve Womack,35768,53.9,1,True,womack s
2024_AR_House-3_REP,REP,Clint Penzo,30545,46.1,1,False,penzo c
2024_AZ_House-1_DEM,DEM,Amish Shah,17214,23.5,2,True,shah a
2024_AZ_House-1_DEM,DEM,Andrei Cherny,15596,21.3,2,False,cherny a
2024_AZ_House-1_DEM,DEM,Marlene Galán-Woods,15490,21.2,2,False,galanwoods m
2024_AZ_House-1_DEM,DEM,Conor O'Callaghan,13539,18.5,2,False,ocallaghan c
2024_AZ_House-1_DEM,DEM,Andrew Horne,8991,12.3,2,False,horne a
2024_AZ_House-1_DEM,DEM,Kurt Kroemer,2356,3.2,2,False,kroemer k
2024_AZ_House-1_REP,REP,David Schweikert,62811,62.7,1,True,schweikert d
2024_AZ_House-1_REP,REP,Kim George,27587,27.5,1,False,george k
2024_AZ_House-1_REP,REP,Robert Blackie,9854,9.8,1,False,blackie r
2024_AZ_House-2_DEM,DEM,Jonathan Nez,62033,100.0,4,True,nez j
2024_AZ_House-2_REP,REP,Eli Crane,89480,80.5,3,True,crane e
2024_AZ_House-2_REP,REP,Jack Smith,21637,19.5,3,False,smith j
2024_AZ_House-3_DEM,DEM,Yassamin Ansari,19087,44.6,6,True,ansari y
2024_AZ_House-3_DEM,DEM,Raquel Terán,19048,44.5,6,False,teran r
2024_AZ_House-3_DEM,DEM,Duane Wooten,4687,10.9,6,False,wooten d
2024_AZ_House-3_REP,REP,Jeff Zink,9243,65.6,7,True,zink j
2024_AZ_House-3_REP,REP,Jesus Mendoza,4840,34.4,7,False,mendoza j
2024_AZ_House-4_DEM,DEM,Greg Stanton,49178,100.0,8,True,stanton g
2024_AZ_House-4_REP,REP,Kelly Cooper,18902,32.0,9,True,cooper k
2024_AZ_House-4_REP,REP,Zuhdi Jasser,15929,27.0,9,False,jasser z
2024_AZ_House-4_REP,REP,Dave Giles,13575,23.0,9,False,giles d
2024_AZ_House-4_REP,REP,Jerone Davison,10664,18.1,9,False,davison j
2024_AZ_House-5_DEM,DEM,Katrina Schaffner,42396,100.0,11,True,schaffner k
2024_AZ_House-5_REP,REP,Andy Biggs,91820,100.0,10,True,biggs a
2024_AZ_House-6_DEM,DEM,Kirsten Engel,78178,100.0,13,True,engel k
2024_AZ_House-6_REP,REP,Juan Ciscomani,59021,59.2,12,True,ciscomani j
2024_AZ_House-6_REP,REP,Kathleen Winn,40625,40.8,12,False,winn k
2024_AZ_House-7_DEM,DEM,Raúl Grijalva,55133,100.0,14,True,grijalva r
2024_AZ_House-7_REP,REP,Daniel Butierez,24425,100.0,15,True,butierez d
2024_AZ_House-8_DEM,DEM,Greg Whitten,47406,100.0,17,True,whitten g
2024_AZ_House-8_REP,REP,Abraham Hamadeh,30686,29.9,16,True,hamadeh a
2024_AZ_House-8_REP,REP,Blake Masters,26422,25.7,16,False,masters b
2024_AZ_House-8_REP,REP,Ben Toma,21549,21.0,16,False,toma b
2024_AZ_House-8_REP,REP,Trent Franks,16714,16.3,16,False,franks t
2024_AZ_House-8_REP,REP,Anthony Kern,4922,4.8,16,False,kern a
2024_AZ_House-8_REP,REP,Pat Briody,2336,2.3,16,False,briody p
2024_AZ_House-9_DEM,DEM,Quacy Smith,33784,100.0,19,True,smith q
2024_AZ_House-9_REP,REP,Paul Gosar,89308,100.0,18,True,gosar p
2024_CO_House-1_DEM,DEM,Diana DeGette,78548,100.0,1,True,degette d
2024_CO_House-1_REP,REP,Valdamar Archuleta,11421,100.0,2,True,archuleta v
2024_CO_House-2_DEM,DEM,Joe Neguse,91218,100.0,3,True,neguse j
2024_CO_House-2_REP,REP,Marshall Dawson,30825,100.0,4,True,dawson m
2024_CO_House-3_DEM,DEM,Adam Frisch,51719,100.0,6,True,frisch a
2024_CO_House-3_REP,REP,Jeff Hurd,36505,41.24,5,True,hurd j
2024_CO_House-3_REP,REP,Ron Hanks,25211,28.48,5,False,hanks r
2024_CO_House-3_REP,REP,Stephen Varela,8638,9.76,5,False,varela s
2024_CO_House-3_REP,REP,Lew Webb,7094,8.01,5,False,webb l
2024_CO_House-3_REP,REP,Curtis McCrackin,5772,6.52,5,False,mccrackin c
2024_CO_House-3_REP,REP,Russ Andrews,5304,5.99,5,False,andrews r
2024_CO_House-4_DEM,DEM,Trisha Calvarese,22756,45.19,8,True,calvarese t
2024_CO_House-4_DEM,DEM,Ike McCorkle,20723,41.15,8,False,mccorkle i
2024_CO_House-4_DEM,DEM,John Padora,6882,13.67,8,False,padora j
2024_CO_House-4_REP,REP,Lauren Boebert,54605,43.66,7,True,boebert l
2024_CO_House-4_REP,REP,Jerry Sonnenberg,17791,14.23,7,False,sonnenberg j
2024_CO_House-4_REP,REP,Deborah Flora,17069,13.65,7,False,flora d
2024_CO_House-4_REP,REP,Richard Holtorf,13387,10.7,7,False,holtorf r
2024_CO_House-4_REP,REP,Mike Lynch,13357,10.68,7,False,lynch m
2024_CO_House-4_REP,REP,Peter Yu,8854,7.08,7,False,yu p
2024_CO_House-5_DEM,DEM,River Gassen,20802,50.59,10,True,gassen r
2024_CO_House-5_DEM,DEM,Joe Reagan,20313,49.41,10,False,reagan j
2024_CO_House-5_REP,REP,Jeff Crank,56585,65.16,9,True,crank j
2024_CO_House-5_REP,REP,Dave Williams,30257,34.84,9,False,williams d
2024_CO_House-6_DEM,DEM,Jason Crow,55837,100.0,11,True,crow j
2024_CO_House-6_REP,REP,John Fabbricatore,30895,100.0,12,True,fabbricatore j
2024_CO_House-7_DEM,DEM,Brittany Pettersen,71052,100.0,13,True,pettersen b
2024_CO_House-7_REP,REP,Sergei Matveyuk,46154,100.0,14,True,matveyuk s
2024_CO_House-8_DEM,DEM,Yadira Caraveo,35409,100.0,15,True,caraveo y
2024_CO_House-8_REP,REP,Gabe Evans,35393,77.47,16,True,evans g
2024_CO_House-8_REP,REP,Janak Joshi,10294,22.53,16,False,joshi j
2024_CT_House-4_REP,REP,Michael Goldstein,4312,53.7,1,True,goldstein m
2024_CT_House-4_REP,REP,Bob MacGuffie,3713,46.3,1,False,macguffie b
2024_DE_House-1_DEM,DEM,Sarah McBride,66764,79.9,1,True,mcbride s
2024_DE_House-1_DEM,DEM,Earl Cooper,13557,16.2,1,False,cooper e
2024_DE_House-1_DEM,DEM,Elias Weir,3286,3.9,1,False,weir e
2024_DE_House-1_REP,REP,John Whalen,19880,55.8,2,True,whalen j
2024_DE_House-1_REP,REP,Donyale Hall,15752,44.2,2,False,hall d
2024_FL_House-10_DEM,DEM,Maxwell Alejandro Frost,33208,81.8,11,True,frost m
2024_FL_House-10_DEM,DEM,Wade Darius,5106,12.6,11,False,darius w
2024_FL_House-10_DEM,DEM,Issa White,2295,5.7,11,False,white i
2024_FL_House-10_REP,REP,Willie Montague,11183,53.5,12,True,montague w
2024_FL_House-10_REP,REP,Tuan Le,9734,46.5,12,False,le t
2024_FL_House-11_REP,REP,Daniel Webster,55443,77.0,13,True,webster d
2024_FL_House-11_REP,REP,John McCloy,16567,23.0,13,False,mccloy j
2024_FL_House-12_REP,REP,Gus Bilirakis,59946,84.3,14,True,bilirakis g
2024_FL_House-12_REP,REP,Hank Dunlap,11182,15.7,14,False,dunlap h
2024_FL_House-13_DEM,DEM,Whitney Fox,29678,57.9,15,True,fox w
2024_FL_House-13_DEM,DEM,Sabrina Bousbar,8929,17.4,15,False,bousbar s
2024_FL_House-13_DEM,DEM,Liz Dahan,6904,13.5,15,False,dahan l
2024_FL_House-13_DEM,DEM,Mark Weinkrantz,3697,7.2,15,False,weinkrantz m
2024_FL_House-13_DEM,DEM,John Liccione,2013,3.9,15,False,liccione j
2024_FL_House-14_REP,REP,Robert Rochford,15575,54.1,16,True,rochford r
2024_FL_House-14_REP,REP,John Peters,7771,27.0,16,False,peters j
2024_FL_House-14_REP,REP,Ehsan Joarder,3837,13.3,16,False,joarder e
2024_FL_House-14_REP,REP,Neelam Taneja Perry,1594,5.5,16,False,perry n
2024_FL_House-15_REP,REP,Laurel Lee,28571,72.3,17,True,lee l
2024_FL_House-15_REP,REP,James Judge,7137,18.1,17,False,judge j
2024_FL_House-15_REP,REP,Jennifer Barbosa,3809,9.6,17,False,barbosa j
2024_FL_House-16_DEM,DEM,Jan Schneider,23701,65.7,20,True,schneider j
2024_FL_House-16_DEM,DEM,Trent Miller,12395,34.3,20,False,miller t
2024_FL_House-16_REP,REP,Vern Buchanan,38789,60.9,19,True,buchanan v
2024_FL_House-16_REP,REP,Eddie Speir,24868,39.1,19,False,speir e
2024_FL_House-17_DEM,DEM,Manny Lopez,25017,52.9,21,True,lopez m
2024_FL_House-17_DEM,DEM,Matthew Montavon,22244,47.1,21,False,montavon m
2024_FL_House-18_DEM,DEM,Andrea Doria Kale,16778,66.9,22,True,kale a
2024_FL_House-18_DEM,DEM,Peter Braunston,8291,33.1,22,False,braunston p
2024_FL_House-1_REP,REP,Matt Gaetz,70824,72.6,1,True,gaetz m
2024_FL_House-1_REP,REP,Aaron Dimmock,26788,27.4,1,False,dimmock a
2024_FL_House-21_REP,REP,Brian Mast,60395,85.8,23,True,mast b
2024_FL_House-21_REP,REP,Rick Wiles,9957,14.2,23,False,wiles r
2024_FL_House-22_REP,REP,Dan Franzese,16666,52.5,24,True,franzese d
2024_FL_House-22_REP,REP,Andrew Gutmann,8036,25.3,24,False,gutmann a
2024_FL_House-22_REP,REP,Deborah Adeimy,7038,22.2,24,False,adeimy d
2024_FL_House-23_REP,REP,Joe Kaufman,9503,35.4,25,True,kaufman j
2024_FL_House-23_REP,REP,Robert Weinroth,5524,20.6,25,False,weinroth r
2024_FL_House-23_REP,REP,Darlene Cerezo Swaffar,5118,19.1,25,False,swaffar d
2024_FL_House-23_REP,REP,Carla Spalding,2844,10.6,25,False,spalding c
2024_FL_House-23_REP,REP,Gary Barve,1923,7.2,25,False,barve g
2024_FL_House-23_REP,REP,Joe Thelusca,1923,7.2,25,False,thelusca j
2024_FL_House-24_REP,REP,Jesus Navarro,5755,56.8,26,True,navarro j
2024_FL_House-24_REP,REP,Patricia Gonzalez,4371,43.2,26,False,gonzalez p
2024_FL_House-25_DEM,DEM,Debbie Wasserman Schultz,36479,83.2,27,True,schultz d
2024_FL_House-25_DEM,DEM,Jen Perelman,7349,16.8,27,False,perelman j
2024_FL_House-25_REP,REP,Chris Eddy,13246,64.9,28,True,eddy c
2024_FL_House-25_REP,REP,Bryan Leib,7149,35.1,28,False,leib b
2024_FL_House-26_REP,REP,Mario Díaz-Balart,38334,83.5,29,True,diazbalart m
2024_FL_House-26_REP,REP,Johnny Fratto,4378,9.5,29,False,fratto j
2024_FL_House-26_REP,REP,Richard Evans,3178,6.9,29,False,evans r
2024_FL_House-27_DEM,DEM,Lucia Báez-Geller,18591,54.2,31,True,baezgeller l
2024_FL_House-27_DEM,DEM,Mike Davey,15738,45.8,31,False,davey m
2024_FL_House-27_REP,REP,María Elvira Salazar,38493,88.7,30,True,salazar m
2024_FL_House-27_REP,REP,Royland Lara,4908,11.3,30,False,lara r
2024_FL_House-2_REP,REP,Neal Dunn,69113,82.7,2,True,dunn n
2024_FL_House-2_REP,REP,Rhonda Woodward,14456,17.3,2,False,woodward r
2024_FL_House-3_REP,REP,Kat Cammack,69962,87.1,3,True,cammack k
2024_FL_House-3_REP,REP,Alec Stevens,10340,12.9,3,False,stevens a
2024_FL_House-5_REP,REP,John Rutherford,48628,67.1,4,True,rutherford j
2024_FL_House-5_REP,REP,Mara Macie,23792,32.9,4,False,macie m
2024_FL_House-6_REP,REP,Michael Waltz,65234,82.0,5,True,waltz m
2024_FL_House-6_REP,REP,John Grow,14280,18.0,5,False,grow j
2024_FL_House-7_DEM,DEM,Jennifer Adams,23191,62.6,7,True,adams j
2024_FL_House-7_DEM,DEM,Allek Pastrana,7844,21.2,7,False,pastrana a
2024_FL_House-7_DEM,DEM,Tatiana Fernandez,5982,16.2,7,False,fernandez t
2024_FL_House-7_REP,REP,Cory Mills,43096,80.9,6,True,mills c
2024_FL_House-7_REP,REP,Mike Johnson,10188,19.1,6,False,johnson m
2024_FL_House-8_DEM,DEM,Sandy Kennedy,24701,60.7,9,True,kennedy s
2024_FL_House-8_DEM,DEM,Dan McDow,15999,39.3,9,False,mcdow d
2024_FL_House-8_REP,REP,Mike Haridopolos,61710,72.1,8,True,haridopolos m
2024_FL_House-8_REP,REP,John Hearton,18604,21.7,8,False,hearton j
2024_FL_House-8_REP,REP,Joe Babits,5250,6.1,8,False,babits j
2024_FL_House-9_REP,REP,Thomas Chalifoux,12662,49.6,10,True,chalifoux t
2024_FL_House-9_REP,REP,John Quiñones,6557,25.7,10,False,quinones j
2024_FL_House-9_REP,REP,Jose Castillo,6294,24.7,10,False,castillo j
2024_GA_House-10_DEM,DEM,Lexy Doherty,18040,59.0,22,True,doherty l
2024_GA_House-10_DEM,DEM,Jessica Fore,12532,41.0,22,False,fore j
2024_GA_House-10_REP,REP,Mike Collins,62109,100.0,21,True,collins m
2024_GA_House-11_DEM,DEM,Kate Stamper,13615,56.6,24,True,stamper k
2024_GA_House-11_DEM,DEM,Antonio Daza,10449,43.4,24,False,daza a
2024_GA_House-11_REP,REP,Barry Loudermilk,46567,86.1,23,True,loudermilk b
2024_GA_House-11_REP,REP,Mike Pons,4912,9.1,23,False,pons m
2024_GA_House-11_REP,REP,Lori Pesta,2629,4.9,23,False,pesta l
2024_GA_House-12_DEM,DEM,Liz Johnson,23358,59.0,26,True,johnson l
2024_GA_House-12_DEM,DEM,Daniel Jackson,16238,41.0,26,False,jackson d
2024_GA_House-12_REP,REP,Rick Allen,49806,100.0,25,True,allen r
2024_GA_House-13_DEM,DEM,David Scott,37135,57.6,27,True,scott d
2024_GA_House-13_DEM,DEM,Mark Baker,7480,11.6,27,False,baker m
2024_GA_House-13_DEM,DEM,Marcus Flowers,6439,10.0,27,False,flowers m
2024_GA_House-13_DEM,DEM,Karen Rene,5859,9.1,27,False,rene k
2024_GA_House-13_DEM,DEM,Brian Johnson,3201,5.0,27,False,johnson b
2024_GA_House-13_DEM,DEM,Rashid Malik,3073,4.8,27,False,malik r
2024_GA_House-13_DEM,DEM,Uloma Kama,1274,2.0,27,False,kama u
2024_GA_House-13_REP,REP,Jonathan Chavez,10344,68.8,28,True,chavez j
2024_GA_House-13_REP,REP,Johsie Fletcher,4699,31.2,28,False,fletcher j
2024_GA_House-14_DEM,DEM,Shawn Harris,7219,69.0,31,True,harris s
2024_GA_House-14_DEM,DEM,Clarence Blalock,3245,31.0,31,False,blalock c
2024_GA_House-14_REP,REP,Marjorie Taylor Greene,56932,100.0,29,True,greene m
2024_GA_House-1_DEM,DEM,Patti Hewitt,25082,100.0,2,True,hewitt p
2024_GA_House-1_REP,REP,Buddy Carter,51629,100.0,1,True,carter b
2024_GA_House-2_DEM,DEM,Sanford Bishop,46379,100.0,3,True,bishop s
2024_GA_House-2_REP,REP,Wayne Johnson,7807,65.8,5,True,johnson w
2024_GA_House-2_REP,REP,Chuck Hand,4063,34.2,5,False,hand c
2024_GA_House-3_DEM,DEM,Maura Keller,13237,53.0,8,True,keller m
2024_GA_House-3_DEM,DEM,Val Almonord,11730,47.0,8,False,almonord v
2024_GA_House-3_REP,REP,Brian Jack,29654,62.6,7,True,jack b
2024_GA_House-3_REP,REP,Mike Dugan,17693,37.4,7,False,dugan m
2024_GA_House-4_DEM,DEM,Hank Johnson,53269,100.0,9,True,johnson h
2024_GA_House-4_REP,REP,Eugene Yu,9086,100.0,10,True,yu e
2024_GA_House-5_DEM,DEM,Nikema Williams,69116,100.0,11,True,williams n
2024_GA_House-5_REP,REP,John Salvesen,3939,100.0,12,True,salvesen j
2024_GA_House-6_DEM,DEM,Lucy McBath,60837,84.8,13,True,mcbath l
2024_GA_House-6_DEM,DEM,Jerica Richardson,6699,9.3,13,False,richardson j
2024_GA_House-6_DEM,DEM,Mandisha Thomas,4247,5.9,13,False,thomas m
2024_GA_House-6_REP,REP,Jeff Criswell,11983,100.0,14,True,criswell j
2024_GA_House-7_DEM,DEM,Bob Christian,20958,100.0,16,True,christian b
2024_GA_House-7_REP,REP,Rich McCormick,47063,100.0,15,True,mccormick r
2024_GA_House-8_DEM,DEM,Darrius Butler,15755,71.6,18,True,butler d
2024_GA_House-8_DEM,DEM,Vince Watkins,6236,28.4,18,False,watkins v
2024_GA_House-8_REP,REP,Austin Scott,59537,100.0,17,True,scott a
2024_GA_House-9_DEM,DEM,Tambrei Cash,16654,100.0,20,True,cash t
2024_GA_House-9_REP,REP,Andrew Clyde,71224,100.0,19,True,clyde a
2024_HI_House-1_DEM,DEM,Ed Case,84114,92.0,1,True,case e
2024_HI_House-1_DEM,DEM,Cecil Hale,7308,8.0,1,False,hale c
2024_HI_House-1_REP,REP,Patrick Largey,17368,100.0,2,True,largey p
2024_HI_House-2_DEM,DEM,Jill Tokuda,84978,100.0,4,True,tokuda j
2024_HI_House-2_REP,REP,Steve Bond,19627,100.0,5,True,bond s
2024_IA_House-1_DEM,DEM,Christina Bohannan,13870,100.0,2,True,bohannan c
2024_IA_House-1_REP,REP,Mariannette Miller-Meeks,16529,56.0,1,True,millermeeks m
2024_IA_House-1_REP,REP,David Pautsch,12981,44.0,1,False,pautsch d
2024_IA_House-2_DEM,DEM,Sarah Corkery,10479,100.0,4,True,corkery s
2024_IA_House-2_REP,REP,Ashley Hinson,22626,100.0,3,True,hinson a
2024_IA_House-3_DEM,DEM,Lanon Baccam,19357,84.2,6,True,baccam l
2024_IA_House-3_DEM,DEM,Melissa Vine,3642,15.8,6,False,vine m
2024_IA_House-3_REP,REP,Zach Nunn,21103,100.0,5,True,nunn z
2024_IA_House-4_DEM,DEM,Ryan Melton,6482,100.0,8,True,melton r
2024_IA_House-4_REP,REP,Randy Feenstra,26781,60.3,7,True,feenstra r
2024_IA_House-4_REP,REP,Kevin Virgil,17661,39.7,7,False,virgil k
2024_ID_House-1_DEM,DEM,Kaylee Peterson,13982,100.0,2,True,peterson k
2024_ID_House-1_REP,REP,Russ Fulcher,109067,100.0,1,True,fulcher r
2024_ID_House-2_DEM,DEM,David Roth,17234,100.0,4,True,roth d
2024_ID_House-2_REP,REP,Mike Simpson,53476,54.7,3,True,simpson m
2024_ID_House-2_REP,REP,Scott Cleveland,35036,35.8,3,False,cleveland s
2024_ID_House-2_REP,REP,Sean Higgins,9333,9.5,3,False,higgins s
2024_IL_House-10_DEM,DEM,Brad Schneider,37538,100.0,17,True,schneider b
2024_IL_House-10_REP,REP,Jim Carris,19771,100.0,18,True,carris j
2024_IL_House-11_DEM,DEM,Bill Foster,35159,76.6,19,True,foster b
2024_IL_House-11_DEM,DEM,Qasim Rashid,10754,23.4,19,False,rashid q
2024_IL_House-11_REP,REP,Jerry Evans,17814,50.7,20,True,evans j
2024_IL_House-11_REP,REP,Susan Hathaway-Altman,13032,37.1,20,False,hathawayaltman s
2024_IL_House-11_REP,REP,Kent Mercado,4312,12.3,20,False,mercado k
2024_IL_House-12_DEM,DEM,Brian Roberts,10775,60.1,22,True,roberts b
2024_IL_House-12_DEM,DEM,Preston Nelson,7151,39.9,22,False,nelson p
2024_IL_House-12_REP,REP,Mike Bost,48770,51.4,21,True,bost m
2024_IL_House-12_REP,REP,Darren Bailey,46035,48.6,21,False,bailey d
2024_IL_House-13_DEM,DEM,Nikki Budzinski,32314,100.0,23,True,budzinski n
2024_IL_House-13_REP,REP,Joshua Loyd,15633,55.9,24,True,loyd j
2024_IL_House-13_REP,REP,Thomas Clatterbuck,12320,44.1,24,False,clatterbuck t
2024_IL_House-14_DEM,DEM,Lauren Underwood,32400,100.0,25,True,underwood l
2024_IL_House-14_REP,REP,James Marter,24828,79.0,26,True,marter j
2024_IL_House-14_REP,REP,Charlie Kim,6571,21.0,26,False,kim c
2024_IL_House-15_REP,REP,Mary Miller,65205,100.0,27,True,miller m
2024_IL_House-16_REP,REP,Darin LaHood,59324,100.0,28,True,lahood d
2024_IL_House-17_DEM,DEM,Eric Sorensen,28533,100.0,29,True,sorensen e
2024_IL_House-17_REP,REP,Joseph McGraw,20223,67.6,30,True,mcgraw j
2024_IL_House-17_REP,REP,Scott Crowl,9696,32.4,30,False,crowl s
2024_IL_House-1_DEM,DEM,Jonathan Jackson,72420,100.0,1,True,jackson j
2024_IL_House-1_REP,REP,Marcus Lewis,15282,80.0,2,True,lewis m
2024_IL_House-1_REP,REP,Montelle Gaji,3814,20.0,2,False,gaji m
2024_IL_House-2_DEM,DEM,Robin Kelly,56732,100.0,3,True,kelly r
2024_IL_House-2_REP,REP,Ashley Ramos,20527,100.0,4,True,ramos a
2024_IL_House-3_DEM,DEM,Delia Ramirez,52644,100.0,5,True,ramirez d
2024_IL_House-3_REP,REP,John Booras,15468,100.0,6,True,booras j
2024_IL_House-4_DEM,DEM,Chuy García,30443,69.6,7,True,garcia c
2024_IL_House-4_DEM,DEM,Raymond Lopez,13286,30.4,7,False,lopez r
2024_IL_House-5_DEM,DEM,Mike Quigley,87002,100.0,8,True,quigley m
2024_IL_House-5_REP,REP,Tommy Hanson,18841,100.0,9,True,hanson t
2024_IL_House-6_DEM,DEM,Sean Casten,56750,77.1,10,True,casten s
2024_IL_House-6_DEM,DEM,Mahnoor Ahmad,10483,14.2,10,False,ahmad m
2024_IL_House-6_DEM,DEM,Charles Hughes,6366,8.7,10,False,hughes c
2024_IL_House-6_REP,REP,Niki Conforti,30543,100.0,11,True,conforti n
2024_IL_House-7_DEM,DEM,Danny Davis,42248,52.4,12,True,davis d
2024_IL_House-7_DEM,DEM,Melissa Conyears Ervin,17154,21.3,12,False,ervin m
2024_IL_House-7_DEM,DEM,Kina Collins,15188,18.9,12,False,collins k
2024_IL_House-7_DEM,DEM,Nikhil Bhatia,3808,4.7,12,False,bhatia n
2024_IL_House-7_DEM,DEM,Kouri Marshall,2156,2.7,12,False,marshall k
2024_IL_House-7_REP,REP,Chad Koppie,5604,100.0,13,True,koppie c
2024_IL_House-8_DEM,DEM,Raja Krishnamoorthi,34640,100.0,14,True,krishnamoorthi r
2024_IL_House-8_REP,REP,Mark Rice,24362,100.0,15,True,rice m
2024_IL_House-9_DEM,DEM,Janice Schakowsky,75106,100.0,16,True,schakowsky j
2024_IN_House-1_DEM,DEM,Frank J. Mrvan,31155,100.0,1,True,mrvan f
2024_IN_House-1_REP,REP,Randy Niemeyer,18449,60.8,2,True,niemeyer r
2024_IN_House-1_REP,REP,Mark Leyva,7509,24.8,2,False,leyva m
2024_IN_House-1_REP,REP,Ben Ruiz,4367,14.4,2,False,ruiz b
2024_IN_House-2_DEM,DEM,Lori Camp,13827,100.0,5,True,camp l
2024_IN_House-2_REP,REP,Rudy Yakym,50799,100.0,4,True,yakym r
2024_IN_House-3_DEM,DEM,Kiley Adolph,10286,62.8,7,True,adolph k
2024_IN_House-3_DEM,DEM,Phil Goss,6095,37.2,7,False,goss p
2024_IN_House-3_REP,REP,Marlin Stutzman,19507,24.2,6,True,stutzman m
2024_IN_House-3_REP,REP,Tim Smith,18204,22.6,6,False,smith t
2024_IN_House-3_REP,REP,Wendy Davis,15660,19.5,6,False,davis w
2024_IN_House-3_REP,REP,Andy Zay,13157,16.4,6,False,zay a
2024_IN_House-3_REP,REP,Grant Bucher,8259,10.3,6,False,bucher g
2024_IN_House-3_REP,REP,Jon Kenworthy,3064,3.8,6,False,kenworthy j
2024_IN_House-3_REP,REP,Mike Felker,1417,1.8,6,False,felker m
2024_IN_House-3_REP,REP,Eric Whalen,1189,1.5,6,False,whalen e
2024_IN_House-4_DEM,DEM,Derrick Holder,7709,63.5,9,True,holder d
2024_IN_House-4_DEM,DEM,Rimpi Girn,4436,36.5,9,False,girn r
2024_IN_House-4_REP,REP,Jim Baird,48723,64.72,8,True,baird j
2024_IN_House-4_REP,REP,Charles Bookwalter,20505,27.24,8,False,bookwalter c
2024_IN_House-4_REP,REP,John Piper,6052,8.04,8,False,piper j
2024_IN_House-5_DEM,DEM,Deborah Pickett,11858,59.5,11,True,pickett d
2024_IN_House-5_DEM,DEM,Ryan Pfenninger,8082,40.5,11,False,pfenninger r
2024_IN_House-5_REP,REP,Victoria Spartz,31674,39.1,10,True,spartz v
2024_IN_House-5_REP,REP,Chuck Goodrich,26865,33.2,10,False,goodrich c
2024_IN_House-5_REP,REP,Max Engling,7841,9.7,10,False,engling m
2024_IN_House-5_REP,REP,Raju Chinthala,5742,7.1,10,False,chinthala r
2024_IN_House-5_REP,REP,Mark Hurt,4431,5.5,10,False,hurt m
2024_IN_House-5_REP,REP,Larry Savage Jr.,1569,1.9,10,False,savage l
2024_IN_House-5_REP,REP,Matthew Peiffer,1379,1.7,10,False,peiffer m
2024_IN_House-5_REP,REP,Patrick Malayter,800,1.0,10,False,malayter p
2024_IN_House-5_REP,REP,L.D. Powell,729,0.9,10,False,powell l
2024_IN_House-6_DEM,DEM,Cynthia Wirth,11708,100.0,13,True,wirth c
2024_IN_House-6_REP,REP,Jefferson Shreve,20265,28.4,12,True,shreve j
2024_IN_House-6_REP,REP,Mike Speedy,15752,22.1,12,False,speedy m
2024_IN_House-6_REP,REP,Jamison Carrier,14386,20.1,12,False,carrier j
2024_IN_House-6_REP,REP,Bill Frazier,7110,10.0,12,False,frazier b
2024_IN_House-6_REP,REP,Jeff Raatz,6365,8.9,12,False,raatz j
2024_IN_House-6_REP,REP,John Jacob,5793,8.1,12,False,jacob j
2024_IN_House-6_REP,REP,Darin Childress,1737,2.4,12,False,childress d
2024_IN_House-7_DEM,DEM,André Carson,30868,91.1,15,True,carson a
2024_IN_House-7_DEM,DEM,Curtis Godfrey,1845,5.4,15,False,godfrey c
2024_IN_House-7_DEM,DEM,Pierre Pullins,1178,3.5,15,False,pullins p
2024_IN_House-7_REP,REP,Jennifer Pace †,7716,31.2,16,True,pace j
2024_IN_House-7_REP,REP,Catherine Ping,7390,29.9,16,False,ping c
2024_IN_House-7_REP,REP,Philip Davis,6364,25.7,16,False,davis p
2024_IN_House-7_REP,REP,Gabe Whitley,3249,13.1,16,False,whitley g
2024_IN_House-8_DEM,DEM,Erik Hurt,8204,45.1,18,True,hurt e
2024_IN_House-8_DEM,DEM,Edward Sein,4087,22.5,18,False,sein e
2024_IN_House-8_DEM,DEM,Michael Talarzyk,3796,20.9,18,False,talarzyk m
2024_IN_House-8_DEM,DEM,Peter Priest,2098,11.5,18,False,priest p
2024_IN_House-8_REP,REP,Mark Messmer,30668,38.5,17,True,messmer m
2024_IN_House-8_REP,REP,John Hostettler,15649,19.7,17,False,hostettler j
2024_IN_House-8_REP,REP,Richard Moss,11227,14.1,17,False,moss r
2024_IN_House-8_REP,REP,Dominick Kavanaugh,9397,11.8,17,False,kavanaugh d
2024_IN_House-8_REP,REP,Kristi Risk,7350,9.2,17,False,risk k
2024_IN_House-8_REP,REP,Luke Misner,2287,2.9,17,False,misner l
2024_IN_House-8_REP,REP,Jim Case,2107,2.6,17,False,case j
2024_IN_House-8_REP,REP,Jeremy Heath,944,1.2,17,False,heath j
2024_IN_House-9_DEM,DEM,Tim Peck,14606,66.1,20,True,peck t
2024_IN_House-9_DEM,DEM,Liam Dorris,7493,33.9,20,False,dorris l
2024_IN_House-9_REP,REP,Erin Houchin,55278,79.8,19,True,houchin e
2024_IN_House-9_REP,REP,Hugh Doty,13983,20.2,19,False,doty h
2024_KS_House-1_DEM,DEM,Paul Buskirk,15240,100.0,2,True,buskirk p
2024_KS_House-1_REP,REP,Tracey Mann,57219,87.5,1,True,mann t
2024_KS_House-1_REP,REP,Eric Bloom,8148,12.5,1,False,bloom e
2024_KS_House-2_DEM,DEM,Nancy Boyda,13571,51.7,4,True,boyda n
2024_KS_House-2_DEM,DEM,Matt Kleinmann,12670,48.3,4,False,kleinmann m
2024_KS_House-2_REP,REP,Derek Schmidt,34971,53.1,3,True,schmidt d
2024_KS_House-2_REP,REP,Shawn Tiffany,13013,19.8,3,False,tiffany s
2024_KS_House-2_REP,REP,Jeff Kahrs,11634,17.7,3,False,kahrs j
2024_KS_House-2_REP,REP,Chad Young,3412,5.2,3,False,young c
2024_KS_House-2_REP,REP,Michael Ogle,2858,4.3,3,False,ogle m
2024_KS_House-3_DEM,DEM,Sharice Davids,37837,100.0,5,True,davids s
2024_KS_House-3_REP,REP,Prasanth Reddy,26573,53.1,6,True,reddy p
2024_KS_House-3_REP,REP,Karen Crnkovich,23510,46.9,6,False,crnkovich k
2024_KS_House-4_DEM,DEM,Esau Freeman,10641,100.0,8,True,freeman e
2024_KS_House-4_REP,REP,Ron Estes,40100,100.0,7,True,estes r
2024_KY_House-2_DEM,DEM,Hank Linderman,12515,57.3,1,True,linderman h
2024_KY_House-2_DEM,DEM,William Compton,9313,42.7,1,False,compton w
2024_KY_House-3_DEM,DEM,Morgan McGarvey,44275,84.1,2,True,mcgarvey m
2024_KY_House-3_DEM,DEM,Geoff Young,5875,11.2,2,False,young g
2024_KY_House-3_DEM,DEM,Jared Randall,2491,4.7,2,False,randall j
2024_KY_House-3_REP,REP,Mike Craven,15397,75.2,3,True,craven m
2024_KY_House-3_REP,REP,Dennis Ormerod,5074,24.8,3,False,ormerod d
2024_KY_House-4_REP,REP,Thomas Massie,39929,75.9,4,True,massie t
2024_KY_House-4_REP,REP,Michael McGinnis,6604,12.6,4,False,mcginnis m
2024_KY_House-4_REP,REP,Eric Deters,6060,11.5,4,False,deters e
2024_KY_House-5_REP,REP,Hal Rogers,39423,81.8,5,True,rogers h
2024_KY_House-5_REP,REP,Dana Edwards,5112,10.6,5,False,edwards d
2024_KY_House-5_REP,REP,Brandon Monhollen,2673,5.5,5,False,monhollen b
2024_KY_House-5_REP,REP,David Kraftchak,997,2.1,5,False,kraftchak d
2024_KY_House-6_DEM,DEM,Randy Cravens,9305,26.0,6,True,cravens r
2024_KY_House-6_DEM,DEM,Todd Kelly,9104,25.4,6,False,kelly t
2024_KY_House-6_DEM,DEM,Shauna Rudd,8627,24.1,6,False,rudd s
2024_KY_House-6_DEM,DEM,Jonathan Richardson,4433,12.4,6,False,richardson j
2024_KY_House-6_DEM,DEM,Don B. Pratt,4335,12.1,6,False,pratt d
2024_MA_House-1_DEM,DEM,Richard Neal,56364,99.1,1,True,neal r
2024_MA_House-2_DEM,DEM,Jim McGovern,56343,99.6,2,True,mcgovern j
2024_MA_House-3_DEM,DEM,Lori Trahan,54612,99.4,3,True,trahan l
2024_MA_House-4_DEM,DEM,Jake Auchincloss,64238,98.9,4,True,auchincloss j
2024_MA_House-5_DEM,DEM,Katherine Clark,76806,99.2,5,True,clark k
2024_MA_House-6_DEM,DEM,Seth Moulton,62986,99.4,6,True,moulton s
2024_MA_House-7_DEM,DEM,Ayanna Pressley,57172,98.2,7,True,pressley a
2024_MA_House-8_DEM,DEM,Stephen Lynch,64761,98.7,8,True,lynch s
2024_MA_House-8_REP,REP,Robert Burke,10335,46.1,9,True,burke r
2024_MA_House-8_REP,REP,James Govatsos,6216,27.7,9,False,govatsos j
2024_MA_House-8_REP,REP,Daniel Kelly,5761,25.7,9,False,kelly d
2024_MA_House-9_DEM,DEM,Bill Keating,71814,99.6,10,True,keating b
2024_MA_House-9_REP,REP,Dan Sullivan,36888,98.5,11,True,sullivan d
2024_MD_House-1_DEM,DEM,Blane H. Miller III,26845,60.8,2,True,miller b
2024_MD_House-1_DEM,DEM,Blessing Oluwadare,17289,39.2,2,False,oluwadare b
2024_MD_House-1_REP,REP,Andy Harris,57010,77.4,1,True,harris a
2024_MD_House-1_REP,REP,Chris Bruneau,11946,16.2,1,False,bruneau c
2024_MD_House-1_REP,REP,Michael Scott Lemon,4714,6.4,1,False,lemon m
2024_MD_House-2_DEM,DEM,Johnny Olszewski,65995,78.7,3,True,olszewski j
2024_MD_House-2_DEM,DEM,Harry Bhandari,7150,8.5,3,False,bhandari h
2024_MD_House-2_DEM,DEM,Sia Kyriakakos,4080,4.9,3,False,kyriakakos s
2024_MD_House-2_DEM,DEM,Sharron Reed-Burns,3472,4.1,3,False,reedburns s
2024_MD_House-2_DEM,DEM,Jessica Sjoberg,1692,2.0,3,False,sjoberg j
2024_MD_House-2_DEM,DEM,Clint Spellman Jr.,1466,1.8,3,False,spellman c
2024_MD_House-2_REP,REP,Kimberly Klacik,25377,63.1,4,True,klacik k
2024_MD_House-2_REP,REP,Dave Wallace,9433,23.5,4,False,wallace d
2024_MD_House-2_REP,REP,John Thormann,5414,13.5,4,False,thormann j
2024_MD_House-3_DEM,DEM,Sarah Elfreth,29459,36.2,5,True,elfreth s
2024_MD_House-3_DEM,DEM,Harry Dunn,20380,25.0,5,False,dunn h
2024_MD_House-3_DEM,DEM,Clarence Lam,9548,11.7,5,False,lam c
2024_MD_House-3_DEM,DEM,Terri Hill,5318,6.5,5,False,hill t
2024_MD_House-3_DEM,DEM,Mark Chang,4106,5.0,5,False,chang m
2024_MD_House-3_DEM,DEM,Aisha Khan,2199,2.7,5,False,khan a
2024_MD_House-3_DEM,DEM,Mike Rogers,2147,2.6,5,False,rogers m
2024_MD_House-3_DEM,DEM,John Morse,1447,1.8,5,False,morse j
2024_MD_House-3_DEM,DEM,Abigail Diehl,1379,1.7,5,False,diehl a
2024_MD_House-3_DEM,DEM,Lindsay Donahue,1213,1.5,5,False,donahue l
2024_MD_House-3_DEM,DEM,Juan Dominguez,1205,1.3,5,False,dominguez j
2024_MD_House-3_DEM,DEM,Michael Coburn,583,0.7,5,False,coburn m
2024_MD_House-3_DEM,DEM,Malcolm Thomas Colombo,527,0.7,5,False,colombo m
2024_MD_House-3_DEM,DEM,Don Quinn,408,0.5,5,False,quinn d
2024_MD_House-3_DEM,DEM,Kristin Lyman Nabors,397,0.5,5,False,nabors k
2024_MD_House-3_DEM,DEM,Jeff Woodard,352,0.4,5,False,woodard j
2024_MD_House-3_DEM,DEM,Gary Schuman,286,0.4,5,False,schuman g
2024_MD_House-3_DEM,DEM,Mark Gosnell,221,0.3,5,False,gosnell m
2024_MD_House-3_DEM,DEM,Jake Pretot,162,0.2,5,False,pretot j
2024_MD_House-3_DEM,DEM,Matt Libber,159,0.2,5,False,libber m
2024_MD_House-3_DEM,DEM,Stewart Silver,78,0.1,5,False,silver s
2024_MD_House-3_DEM,DEM,Danny Rupli,34,0.1,5,False,rupli d
2024_MD_House-3_REP,REP,Robert Steinberger,8766,25.1,6,True,steinberger r
2024_MD_House-3_REP,REP,Arthur Baker Jr.,6931,19.9,6,False,baker a
2024_MD_House-3_REP,REP,Berney Flowers,6028,17.3,6,False,flowers b
2024_MD_House-3_REP,REP,Joshua Morales,3159,9.1,6,False,morales j
2024_MD_House-3_REP,REP,Jordan Mayo,2918,8.4,6,False,mayo j
2024_MD_House-3_REP,REP,"Thomas E. ""Pinkston"" Harris",2857,8.2,6,False,harris t
2024_MD_House-3_REP,REP,Ray Bly,2015,5.8,6,False,bly r
2024_MD_House-3_REP,REP,John Rea,1120,3.2,6,False,rea j
2024_MD_House-3_REP,REP,Naveed Mian,1085,3.1,6,False,mian n
2024_MD_House-4_DEM,DEM,Glenn Ivey,66659,84.9,7,True,ivey g
2024_MD_House-4_DEM,DEM,Gabriel Njinimbot,4366,5.6,7,False,njinimbot g
2024_MD_House-4_DEM,DEM,Emmett Johnson,3835,4.9,7,False,johnson e
2024_MD_House-4_DEM,DEM,Joseph Gomes,3673,4.7,7,False,gomes j
2024_MD_House-4_REP,REP,George McDermott,3563,100.0,8,True,mcdermott g
2024_MD_House-5_DEM,DEM,Steny Hoyer,69723,72.3,9,True,hoyer s
2024_MD_House-5_DEM,DEM,Quincy Bareebe,9970,10.3,9,False,bareebe q
2024_MD_House-5_DEM,DEM,McKayla Wilkes,9743,10.1,9,False,wilkes m
2024_MD_House-5_DEM,DEM,Andrea Crooms,6955,7.2,9,False,crooms a
2024_MD_House-5_REP,REP,Michelle Talkington,27202,100.0,10,True,talkington m
2024_MD_House-6_DEM,DEM,April McClain Delaney,22985,40.4,11,True,delaney a
2024_MD_House-6_DEM,DEM,Joe Vogel,14940,26.3,11,False,vogel j
2024_MD_House-6_DEM,DEM,Ashwani Jain,4750,8.3,11,False,jain a
2024_MD_House-6_DEM,DEM,Tekesha Martinez,3992,7.0,11,False,martinez t
2024_MD_House-6_DEM,DEM,Lesley Lopez,2600,4.6,11,False,lopez l
2024_MD_House-6_DEM,DEM,Laurie-Anne Sayles,1845,3.2,11,False,sayles l
2024_MD_House-6_DEM,DEM,Destiny Drake West,1086,1.9,11,False,west d
2024_MD_House-6_DEM,DEM,Mohammad Mozumder,1005,1.7,11,False,mozumder m
2024_MD_House-6_DEM,DEM,Joel Martin Rubin,820,1.4,11,False,rubin j
2024_MD_House-6_DEM,DEM,Peter Choharis,818,1.4,11,False,choharis p
2024_MD_House-6_DEM,DEM,Geoffrey Grammer,651,1.1,11,False,grammer g
2024_MD_House-6_DEM,DEM,George Gluck,437,0.8,11,False,gluck g
2024_MD_House-6_DEM,DEM,Kiambo White,401,0.7,11,False,white k
2024_MD_House-6_DEM,DEM,Stephen McDow,246,0.4,11,False,mcdow s
2024_MD_House-6_DEM,DEM,Altimont Wilks,179,0.3,11,False,wilks a
2024_MD_House-6_DEM,DEM,Adrian Petrus,166,0.3,11,False,petrus a
2024_MD_House-6_REP,REP,Neil Parrott,22604,45.9,12,True,parrott n
2024_MD_House-6_REP,REP,Dan Cox,14797,30.1,12,False,cox d
2024_MD_House-6_REP,REP,Mariela Roca,6071,12.3,12,False,roca m
2024_MD_House-6_REP,REP,Tom Royals,2060,4.2,12,False,royals t
2024_MD_House-6_REP,REP,Chris Hyser,1625,3.3,12,False,hyser c
2024_MD_House-6_REP,REP,Brenda Thiam,1607,3.3,12,False,thiam b
2024_MD_House-6_REP,REP,Todd Puglisi,446,0.9,12,False,puglisi t
2024_MD_House-7_DEM,DEM,Kweisi Mfume,88727,88.4,13,True,mfume k
2024_MD_House-7_DEM,DEM,Tashi Kimandus Davis,11640,11.6,13,False,davis t
2024_MD_House-7_REP,REP,Scott Collier,4289,47.4,14,True,collier s
2024_MD_House-7_REP,REP,Wayne McNeal,2804,31.0,14,False,mcneal w
2024_MD_House-7_REP,REP,Lorrie Sigley,1951,21.6,14,False,sigley l
2024_MD_House-8_DEM,DEM,Jamie Raskin,103071,94.8,15,True,raskin j
2024_MD_House-8_DEM,DEM,Eric Felber,5636,5.2,15,False,felber e
2024_MD_House-8_REP,REP,Cheryl Riley,9647,69.2,16,True,riley c
2024_MD_House-8_REP,REP,Michael Yadeta,4290,30.8,16,False,yadeta m
2024_ME_House-1_DEM,DEM,Chellie Pingree,46307,100.0,1,True,pingree c
2024_ME_House-1_REP,REP,Ronald Russell,16055,56.78,2,True,russell r
2024_ME_House-1_REP,REP,Andrew Piantidosi,12220,43.22,2,False,piantidosi a
2024_ME_House-2_DEM,DEM,Jared Golden,23183,100.0,3,True,golden j
2024_ME_House-2_REP,REP,Austin Theriault,26934,66.88,4,True,theriault a
2024_ME_House-2_REP,REP,Mike Soboleski,13340,33.12,4,False,soboleski m
2024_MI_House-10_DEM,DEM,Carl Marlinga,32561,49.1,21,True,marlinga c
2024_MI_House-10_DEM,DEM,Diane Young,16282,24.6,21,False,young d
2024_MI_House-10_DEM,DEM,Tiffany Tilley,8861,13.4,21,False,tilley t
2024_MI_House-10_DEM,DEM,Emily Busch,8541,12.9,21,False,busch e
2024_MI_House-10_REP,REP,John James,52871,100.0,20,True,james j
2024_MI_House-11_DEM,DEM,Haley Stevens,83571,87.1,22,True,stevens h
2024_MI_House-11_DEM,DEM,Ahmed Ghanim,12391,12.9,22,False,ghanim a
2024_MI_House-11_REP,REP,Nick Somberg,24222,60.6,23,True,somberg n
2024_MI_House-11_REP,REP,Charles Frangie,15755,39.4,23,False,frangie c
2024_MI_House-12_DEM,DEM,Rashida Tlaib,84138,100.0,24,True,tlaib r
2024_MI_House-12_REP,REP,James Hooper,12001,60.5,25,True,hooper j
2024_MI_House-12_REP,REP,Linda Sawyer,7828,39.5,25,False,sawyer l
2024_MI_House-13_DEM,DEM,Shri Thanedar,44546,54.9,26,True,thanedar s
2024_MI_House-13_DEM,DEM,Mary Waters,27408,33.8,26,False,waters m
2024_MI_House-13_DEM,DEM,Shakira Hawkins,9171,11.3,26,False,hawkins s
2024_MI_House-13_REP,REP,Martell Bivings,13419,100.0,27,True,bivings m
2024_MI_House-1_DEM,DEM,Callie Barr,40787,58.5,2,True,barr c
2024_MI_House-1_DEM,DEM,Bob Lorinser,28936,41.5,2,False,lorinser b
2024_MI_House-1_REP,REP,Jack Bergman,92498,79.3,1,True,bergman j
2024_MI_House-1_REP,REP,Josh Saul,24155,20.7,1,False,saul j
2024_MI_House-2_DEM,DEM,Michael Lynch,39503,100.0,4,True,lynch m
2024_MI_House-2_REP,REP,John Moolenaar,94937,100.0,3,True,moolenaar j
2024_MI_House-3_DEM,DEM,Hillary Scholten,64546,90.6,5,True,scholten h
2024_MI_House-3_DEM,DEM,Salim Al-Shatel,6665,9.4,5,False,alshatel s
2024_MI_House-3_REP,REP,Paul Hudson,39410,54.7,6,True,hudson p
2024_MI_House-3_REP,REP,Michael Markey,32678,45.3,6,False,markey m
2024_MI_House-4_DEM,DEM,Jessica Swartz,49169,100.0,8,True,swartz j
2024_MI_House-4_REP,REP,Bill Huizenga,67749,73.4,7,True,huizenga b
2024_MI_House-4_REP,REP,Brendan Muir,24580,26.6,7,False,muir b
2024_MI_House-5_DEM,DEM,Libbi Urban,36087,100.0,10,True,urban l
2024_MI_House-5_REP,REP,Tim Walberg,81651,100.0,9,True,walberg t
2024_MI_House-6_DEM,DEM,Debbie Dingell,101234,100.0,11,True,dingell d
2024_MI_House-6_REP,REP,Heather Smiley,37178,100.0,12,True,smiley h
2024_MI_House-7_DEM,DEM,Curtis Hertel Jr.,72083,100.0,13,True,hertel c
2024_MI_House-7_REP,REP,Tom Barrett,63399,100.0,14,True,barrett t
2024_MI_House-8_DEM,DEM,Kristen McDonald Rivet,43393,53.3,15,True,rivet k
2024_MI_House-8_DEM,DEM,Matthew Collier,21482,26.4,15,False,collier m
2024_MI_House-8_DEM,DEM,Pamela Pugh,16525,20.3,15,False,pugh p
2024_MI_House-8_REP,REP,Paul Junge,43204,74.8,16,True,junge p
2024_MI_House-8_REP,REP,Mary Draves,8688,15.1,16,False,draves m
2024_MI_House-8_REP,REP,Anthony Hudson,5851,10.1,16,False,hudson a
2024_MI_House-9_DEM,DEM,Clinton St. Mosley,41492,100.0,19,True,mosley c
2024_MI_House-9_REP,REP,Lisa McClain,97611,100.0,18,True,mcclain l
2024_MN_House-1_REP,REP,Brad Finstad,30057,90.9,1,True,finstad b
2024_MN_House-1_REP,REP,Shawn Tweten,1599,4.8,1,False,tweten s
2024_MN_House-1_REP,REP,Gregory Goetzman,1409,4.3,1,False,goetzman g
2024_MN_House-2_REP,REP,Joe Teirab,16748,76.0,4,True,teirab j
2024_MN_House-2_REP,REP,Tayler Rahm,5290,24.0,4,False,rahm t
2024_MN_House-4_REP,REP,May Lor Xiong,7777,63.0,6,True,xiong m
2024_MN_House-4_REP,REP,Gene Rechtzigel,4558,37.0,6,False,rechtzigel g
2024_MN_House-5_REP,REP,Dalia Al-Aqidi,3380,100.0,8,True,alaqidi d
2024_MN_House-6_REP,REP,Tom Emmer,21624,87.0,9,True,emmer t
2024_MN_House-6_REP,REP,Chris Corey,3218,13.0,9,False,corey c
2024_MN_House-7_REP,REP,Michelle Fischbach,30458,64.7,11,True,fischbach m
2024_MN_House-7_REP,REP,Steve Boyd,16645,35.3,11,False,boyd s
2024_MN_House-8_REP,REP,Pete Stauber,36928,90.5,13,True,stauber p
2024_MN_House-8_REP,REP,Harry Welty,3874,9.5,13,False,welty h
2024_MO_House-1_DEM,DEM,Wesley Bell,63521,51.12,1,True,bell w
2024_MO_House-1_DEM,DEM,Cori Bush,56723,45.65,1,False,bush c
2024_MO_House-1_DEM,DEM,Maria Chappelle-Nadal,3279,2.64,1,False,chappellenadal m
2024_MO_House-1_DEM,DEM,Ron Harshaw,735,0.59,1,False,harshaw r
2024_MO_House-1_REP,REP,Andrew Jones,4209,26.9,2,True,jones a
2024_MO_House-1_REP,REP,Stan Hall,4008,25.6,2,False,hall s
2024_MO_House-1_REP,REP,Mike Hebron,3247,20.7,2,False,hebron m
2024_MO_House-1_REP,REP,Laura Mitchell-Riley,3215,20.5,2,False,mitchellriley l
2024_MO_House-1_REP,REP,Timothy Gartin,996,6.4,2,False,gartin t
2024_MO_House-2_DEM,DEM,Ray Hartmann,42605,77.7,4,True,hartmann r
2024_MO_House-2_DEM,DEM,Chuck Summers,12200,22.3,4,False,summers c
2024_MO_House-2_REP,REP,Ann Wagner,56865,64.8,3,True,wagner a
2024_MO_House-2_REP,REP,Peter Pfeifer,30847,35.2,3,False,pfeifer p
2024_MO_House-3_DEM,DEM,Bethany Mann,25769,73.45,6,True,mann b
2024_MO_House-3_DEM,DEM,Andrew Daly,9313,26.55,6,False,daly a
2024_MO_House-3_REP,REP,Bob Onder,48833,47.37,5,True,onder b
2024_MO_House-3_REP,REP,Kurt Schaefer,38375,37.22,5,False,schaefer k
2024_MO_House-3_REP,REP,Bruce Bowman,4508,4.37,5,False,bowman b
2024_MO_House-3_REP,REP,Justin Hicks,4425,4.29,5,False,hicks j
2024_MO_House-3_REP,REP,Kyle Bone,3548,3.44,5,False,bone k
2024_MO_House-3_REP,REP,Chad Bicknell,1842,1.79,5,False,bicknell c
2024_MO_House-3_REP,REP,Arnie Dienoff,1560,1.51,5,False,dienoff a
2024_MO_House-4_DEM,DEM,Jeanette Cass,16077,61.5,8,True,cass j
2024_MO_House-4_DEM,DEM,Mike McCaffree,10053,38.5,8,False,mccaffree m
2024_MO_House-4_REP,REP,Mark Alford,99650,100.0,7,True,alford m
2024_MO_House-5_DEM,DEM,Emanuel Cleaver,65248,100.0,9,True,cleaver e
2024_MO_House-5_REP,REP,Sean Smith,32574,100.0,10,True,smith s
2024_MO_House-6_DEM,DEM,Pam May,20135,72.1,12,True,may p
2024_MO_House-6_DEM,DEM,Rich Gold,7781,27.9,12,False,gold r
2024_MO_House-6_REP,REP,Sam Graves,80531,78.1,11,True,graves s
2024_MO_House-6_REP,REP,Brandon Kleinmeyer,11086,10.7,11,False,kleinmeyer b
2024_MO_House-6_REP,REP,Freddie Griffin,8749,8.5,11,False,griffin f
2024_MO_House-6_REP,REP,Weldon Woodward,2776,2.7,11,False,woodward w
2024_MO_House-7_DEM,DEM,Missi Hesketh,21854,100.0,14,True,hesketh m
2024_MO_House-7_REP,REP,Eric Burlison,79755,83.1,13,True,burlison e
2024_MO_House-7_REP,REP,Audrey Richards,6444,6.7,13,False,richards a
2024_MO_House-7_REP,REP,John Adair,6358,6.6,13,False,adair j
2024_MO_House-7_REP,REP,Camille Lombardi-Olive,3400,3.5,13,False,lombardiolive c
2024_MO_House-8_DEM,DEM,Randi McCallian,12571,70.4,16,True,mccallian r
2024_MO_House-8_DEM,DEM,Denny Roth,5283,29.6,16,False,roth d
2024_MO_House-8_REP,REP,Jason Smith,98171,82.3,15,True,smith j
2024_MO_House-8_REP,REP,James Snider,10987,9.2,15,False,snider j
2024_MO_House-8_REP,REP,Grant Heithold,10149,8.5,15,False,heithold g
2024_MS_House-1_DEM,DEM,Dianne Black,12147,85.0,1,True,black d
2024_MS_House-1_DEM,DEM,Bronco Williams,2138,15.0,1,False,williams b
2024_MS_House-2_REP,REP,Ron Eller,4837,76.8,3,True,eller r
2024_MS_House-2_REP,REP,Andrew Smith,1459,23.2,3,False,smith a
2024_MS_House-4_REP,REP,Mike Ezell,52028,73.3,4,True,ezell m
2024_MS_House-4_REP,REP,Carl Boyanton,13432,18.9,4,False,boyanton c
2024_MS_House-4_REP,REP,Michael McGill,5493,7.7,4,False,mcgill m
2024_MT_House-1_DEM,DEM,Monica Tranel,59806,100.0,2,True,tranel m
2024_MT_House-1_REP,REP,Ryan Zinke,66409,73.74,1,True,zinke r
2024_MT_House-1_REP,REP,Mary Todd,23647,26.26,1,False,todd m
2024_MT_House-2_DEM,DEM,John Driscoll,13420,33.31,5,True,driscoll j
2024_MT_House-2_DEM,DEM,Steve Held,10649,26.43,5,False,held s
2024_MT_House-2_DEM,DEM,Ming Cabrera,8408,20.87,5,False,cabrera m
2024_MT_House-2_DEM,DEM,Kevin Hamm,7813,19.39,5,False,hamm k
2024_MT_House-2_REP,REP,Troy Downing,36269,36.12,4,True,downing t
2024_MT_House-2_REP,REP,Denny Rehberg,17182,17.11,4,False,rehberg d
2024_MT_House-2_REP,REP,Stacy Zinn,13581,13.53,4,False,zinn s
2024_MT_House-2_REP,REP,Elsie Arntzen,9468,9.43,4,False,arntzen e
2024_MT_House-2_REP,REP,Kenneth Bogner,9026,8.99,4,False,bogner k
2024_MT_House-2_REP,REP,Ric Holden,7108,7.08,4,False,holden r
2024_MT_House-2_REP,REP,Joel Krautter,3432,3.42,4,False,krautter j
2024_MT_House-2_REP,REP,Kyle Austin,3177,3.16,4,False,austin k
2024_MT_House-2_REP,REP,Ed Walker,1168,1.16,4,False,walker e
2024_NC_House-10_REP,REP,Pat Harrigan,36028,41.2,9,True,harrigan p
2024_NC_House-10_REP,REP,Grey Mills,34000,38.9,9,False,mills g
2024_NC_House-10_REP,REP,Brooke McGowan,8795,10.1,9,False,mcgowan b
2024_NC_House-10_REP,REP,Charles Eller,6076,6.9,9,False,eller c
2024_NC_House-10_REP,REP,Diana Jimison,2535,2.9,9,False,jimison d
2024_NC_House-11_REP,REP,Chuck Edwards,66717,68.9,10,True,edwards c
2024_NC_House-11_REP,REP,Christian Reagan,30095,31.1,10,False,reagan c
2024_NC_House-13_REP,REP,Brad Knott,19632,90.8,12,True,knott b
2024_NC_House-13_REP,REP,Kelly Daughtry,1998,9.2,12,False,daughtry k
2024_NC_House-14_DEM,DEM,Pam Genant,20389,60.8,13,True,genant p
2024_NC_House-14_DEM,DEM,Brendan Maginnis,13121,39.2,13,False,maginnis b
2024_NC_House-14_REP,REP,Tim Moore,55644,75.0,14,True,moore t
2024_NC_House-14_REP,REP,Jeff Gregory,9562,12.9,14,False,gregory j
2024_NC_House-14_REP,REP,Lillian Joseph,8996,12.1,14,False,joseph l
2024_NC_House-1_REP,REP,Laurie Buckhout,33893,53.5,1,True,buckhout l
2024_NC_House-1_REP,REP,Sandy Smith,29471,46.5,1,False,smith s
2024_NC_House-2_DEM,DEM,Deborah Ross,69564,93.6,2,True,ross d
2024_NC_House-2_DEM,DEM,Micheal Camero,4761,6.4,2,False,camero m
2024_NC_House-2_REP,REP,Alan Swain,25759,59.5,3,True,swain a
2024_NC_House-2_REP,REP,Eugene Douglass,9751,22.5,3,False,douglass e
2024_NC_House-2_REP,REP,Robert Morales,7747,17.9,3,False,morales r
2024_NC_House-4_REP,REP,Eric Blankenburg,25254,70.4,4,True,blankenburg e
2024_NC_House-4_REP,REP,Mahesh Ganorkar,10597,29.6,4,False,ganorkar m
2024_NC_House-5_REP,REP,Virginia Foxx,62120,67.8,5,True,foxx v
2024_NC_House-5_REP,REP,Ryan Mayberry,29457,32.2,5,False,mayberry r
2024_NC_House-6_REP,REP,Addison McDowell,21285,26.1,6,True,mcdowell a
2024_NC_House-6_REP,REP,Mark Walker,19633,24.1,6,False,walker m
2024_NC_House-6_REP,REP,Christian Castelli,17171,21.1,6,False,castelli c
2024_NC_House-6_REP,REP,Bo Hines,11746,14.4,6,False,hines b
2024_NC_House-6_REP,REP,Jay Wagner,7462,9.2,6,False,wagner j
2024_NC_House-6_REP,REP,Mary Ann Contogiannis,4195,5.1,6,False,contogiannis m
2024_NC_House-8_REP,REP,Mark Harris,24764,30.4,7,True,harris m
2024_NC_House-8_REP,REP,Allan Baucom,21964,27.0,7,False,baucom a
2024_NC_House-8_REP,REP,John Bradford,14458,17.8,7,False,bradford j
2024_NC_House-8_REP,REP,Don Brown,8519,10.5,7,False,brown d
2024_NC_House-8_REP,REP,Leigh Brown,7845,9.6,7,False,brown l
2024_NC_House-8_REP,REP,Chris Maples,3787,4.6,7,False,maples c
2024_NC_House-9_REP,REP,Richard Hudson,56543,83.3,8,True,hudson r
2024_NC_House-9_REP,REP,Troy Tarazon,11307,16.7,8,False,tarazon t
2024_ND_House-1_REP,REP,Julie Fedorchak,249101,69.24,3,True,fedorchak j
2024_NE_House-1_DEM,DEM,Carol Blood,34888,100.0,2,True,blood c
2024_NE_House-1_REP,REP,Mike Flood,56846,81.53,1,True,flood m
2024_NE_House-1_REP,REP,Michael Connely,12884,18.48,1,False,connely m
2024_NE_House-2_DEM,DEM,Tony Vargas,39038,100.0,4,True,vargas t
2024_NE_House-2_REP,REP,Don Bacon,35748,61.96,3,True,bacon d
2024_NE_House-2_REP,REP,Dan Frei,21946,38.04,3,False,frei d
2024_NE_House-3_DEM,DEM,Daniel Ebers,7841,52.9,6,True,ebers d
2024_NE_House-3_DEM,DEM,David Else,6982,47.1,6,False,else d
2024_NE_House-3_REP,REP,Adrian Smith,68056,74.16,5,True,smith a
2024_NE_House-3_REP,REP,John Walz,17060,18.59,5,False,walz j
2024_NE_House-3_REP,REP,Robert McCuiston,6654,7.25,5,False,mccuiston r
2024_NH_House-1_DEM,DEM,Chris Pappas,54950,95.2,1,True,pappas c
2024_NH_House-1_DEM,DEM,Kevin Rondeau,2783,4.8,1,False,rondeau k
2024_NH_House-1_REP,REP,Russell Prescott,17408,26.1,2,True,prescott r
2024_NH_House-1_REP,REP,Hollie Noveletsky,15896,23.8,2,False,noveletsky h
2024_NH_House-1_REP,REP,Joseph Levasseur,15418,23.1,2,False,levasseur j
2024_NH_House-1_REP,REP,Chris Bright,8823,13.2,2,False,bright c
2024_NH_House-1_REP,REP,Walter McFarlane,5421,8.1,2,False,mcfarlane w
2024_NH_House-1_REP,REP,Max Abramson,2180,3.3,2,False,abramson m
2024_NH_House-1_REP,REP,Andy Martin,1563,2.3,2,False,martin a
2024_NH_House-2_DEM,DEM,Maggie Goodlander,42960,64.0,3,True,goodlander m
2024_NH_House-2_DEM,DEM,Colin Van Ostern,24174,36.0,3,False,ostern c
2024_NH_House-2_REP,REP,Lily Tang Williams,22040,35.9,4,True,williams l
2024_NH_House-2_REP,REP,Vikram Mansharamani,16565,27.0,4,False,mansharamani v
2024_NH_House-2_REP,REP,Bill Hamlen,9860,16.1,4,False,hamlen b
2024_NH_House-2_REP,REP,Paul Wagner,2329,3.8,4,False,wagner p
2024_NH_House-2_REP,REP,Casey Crane,2046,3.3,4,False,crane c
2024_NH_House-2_REP,REP,Randall Clark,1866,3.0,4,False,clark r
2024_NH_House-2_REP,REP,William Harvey,1743,2.8,4,False,harvey w
2024_NH_House-2_REP,REP,Jay Mercer,1573,2.6,4,False,mercer j
2024_NH_House-2_REP,REP,Jason Riddle,869,1.4,4,False,riddle j
2024_NH_House-2_REP,REP,Robert D'Arcy,714,1.2,4,False,darcy r
2024_NH_House-2_REP,REP,Michael Callis,632,1.0,4,False,callis m
2024_NH_House-2_REP,REP,Tom Alciere,623,1.0,4,False,alciere t
2024_NH_House-2_REP,REP,Gerard Belloin,552,0.9,4,False,belloin g
2024_NJ_House-10_DEM,DEM,LaMonica McIver,337,79.1,30,True,mciver l
2024_NJ_House-10_DEM,DEM,Derek Armstead,43,10.1,30,False,armstead d
2024_NJ_House-10_DEM,DEM,Jerry Walker,18,4.2,30,False,walker j
2024_NJ_House-10_DEM,DEM,Craig Stanley,13,3.1,30,False,stanley c
2024_NJ_House-10_DEM,DEM,John Flora,6,1.4,30,False,flora j
2024_NJ_House-10_DEM,DEM,Shana Melius,5,1.2,30,False,melius s
2024_NJ_House-10_DEM,DEM,Sheila Montague,4,0.9,30,False,montague s
2024_NJ_House-10_REP,REP,Carmen Bucco,5264,100.0,31,True,bucco c
2024_NJ_House-11_DEM,DEM,Mikie Sherrill,48539,93.6,32,True,sherrill m
2024_NJ_House-11_DEM,DEM,Mark De Lotto,3309,6.4,32,False,lotto m
2024_NJ_House-11_REP,REP,Joseph Belnome,25608,86.8,33,True,belnome j
2024_NJ_House-11_REP,REP,John Sauers,2425,8.2,33,False,sauers j
2024_NJ_House-11_REP,REP,Raafat Barsoom,1464,5.0,33,False,barsoom r
2024_NJ_House-12_DEM,DEM,Bonnie Watson Coleman,43510,86.8,34,True,coleman b
2024_NJ_House-12_DEM,DEM,Daniel Dart,6623,13.2,34,False,dart d
2024_NJ_House-12_REP,REP,Darius Mayfield,14753,84.4,35,True,mayfield d
2024_NJ_House-12_REP,REP,Thomas Jones Jr.,2732,15.6,35,False,jones t
2024_NJ_House-1_DEM,DEM,Donald Norcross,61308,100.0,1,True,norcross d
2024_NJ_House-1_REP,REP,Teddy Liddell,10843,47.3,2,True,liddell t
2024_NJ_House-1_REP,REP,Claire Gustafson,8687,37.9,2,False,gustafson c
2024_NJ_House-1_REP,REP,Damon Galdo,3410,14.9,2,False,galdo d
2024_NJ_House-2_DEM,DEM,Joe Salerno,14060,38.3,7,True,salerno j
2024_NJ_House-2_DEM,DEM,Tim Alexander,13621,37.1,7,False,alexander t
2024_NJ_House-2_DEM,DEM,Carolyn Rush,7836,21.3,7,False,rush c
2024_NJ_House-2_DEM,DEM,Rodney Dean,1235,3.4,7,False,dean r
2024_NJ_House-2_REP,REP,Jeff Van Drew,41749,100.0,3,True,drew j
2024_NJ_House-3_DEM,DEM,Herb Conaway,27528,49.6,11,True,conaway h
2024_NJ_House-3_DEM,DEM,Carol Murphy,14049,25.3,11,False,murphy c
2024_NJ_House-3_DEM,DEM,Joe Cohn,6517,11.7,11,False,cohn j
2024_NJ_House-3_DEM,DEM,Sarah Schoengood,5524,10.0,11,False,schoengood s
2024_NJ_House-3_DEM,DEM,Brian Schkeeper,1862,3.4,11,False,schkeeper b
2024_NJ_House-3_REP,REP,Rajesh Mohan,13011,38.1,13,True,mohan r
2024_NJ_House-3_REP,REP,Shirley Maia-Cusick,10507,30.6,13,False,maiacusick s
2024_NJ_House-3_REP,REP,Michael Faccone,5812,16.9,13,False,faccone m
2024_NJ_House-3_REP,REP,Gregory Sobocinski,4947,14.3,13,False,sobocinski g
2024_NJ_House-4_DEM,DEM,Matthew Jenkins,25389,100.0,16,True,jenkins m
2024_NJ_House-4_REP,REP,Chris Smith,36897,84.9,14,True,smith c
2024_NJ_House-4_REP,REP,David Schmidt,6538,15.1,14,False,schmidt d
2024_NJ_House-5_DEM,DEM,Josh Gottheimer,42819,100.0,17,True,gottheimer j
2024_NJ_House-5_REP,REP,Mary Jo-Ann Guinchard,21321,69.8,19,True,guinchard m
2024_NJ_House-5_REP,REP,George Song,9238,30.2,19,False,song g
2024_NJ_House-6_DEM,DEM,Frank Pallone,36649,84.0,20,True,pallone f
2024_NJ_House-6_DEM,DEM,John Hsu,6992,16.0,20,False,hsu j
2024_NJ_House-6_REP,REP,Scott Fegler,15215,81.6,22,True,fegler s
2024_NJ_House-6_REP,REP,Gregg Mele,3440,18.4,22,False,mele g
2024_NJ_House-7_DEM,DEM,Sue Altman,38030,100.0,24,True,altman s
2024_NJ_House-7_REP,REP,Thomas Kean Jr.,37623,78.2,23,True,kean t
2024_NJ_House-7_REP,REP,Roger Bacon,10460,21.8,23,False,bacon r
2024_NJ_House-8_DEM,DEM,Rob Menendez,22465,52.0,25,True,menendez r
2024_NJ_House-8_DEM,DEM,Ravinder Bhalla,16218,37.5,25,False,bhalla r
2024_NJ_House-8_DEM,DEM,Kyle Jasey,4528,10.5,25,False,jasey k
2024_NJ_House-8_REP,REP,Anthony Valdes,4905,100.0,26,True,valdes a
2024_NJ_House-9_DEM,DEM,Bill Pascrell,26514,76.1,27,True,pascrell b
2024_NJ_House-9_DEM,DEM,Mohamed Khairullah,8328,23.9,27,False,khairullah m
2024_NJ_House-9_REP,REP,Billy Prempeh,11504,72.6,28,True,prempeh b
2024_NJ_House-9_REP,REP,Hector Castillo,4352,27.4,28,False,castillo h
2024_NM_House-1_DEM,DEM,Melanie Stansbury,47157,100.0,1,True,stansbury m
2024_NM_House-1_REP,REP,Steve Jones,16889,51.4,2,True,jones s
2024_NM_House-1_REP,REP,Louie Sanchez,15980,48.6,2,False,sanchez l
2024_NM_House-2_DEM,DEM,Gabe Vasquez,29613,100.0,3,True,vasquez g
2024_NM_House-2_REP,REP,Yvette Herrell,23216,100.0,4,True,herrell y
2024_NM_House-3_DEM,DEM,Teresa Leger Fernandez,46008,100.0,5,True,fernandez t
2024_NM_House-3_REP,REP,Sharon Clahchischilliage,24959,100.0,6,True,clahchischilliage s
2024_NV_House-1_REP,REP,Mark Robertson,14102,48.2,1,True,robertson m
2024_NV_House-1_REP,REP,Flemming Larsen,11434,39.1,1,False,larsen f
2024_NV_House-1_REP,REP,Jim Blockey,1487,5.1,1,False,blockey j
2024_NV_House-1_REP,REP,Michael Boris,1279,4.4,1,False,boris m
2024_NV_House-1_REP,REP,Evan Stone,950,3.2,1,False,stone e
2024_NV_House-2_REP,REP,Mark Amodei,44098,64.2,2,True,amodei m
2024_NV_House-2_REP,REP,Fred Simon,24592,35.8,2,False,simon f
2024_NV_House-3_DEM,DEM,Susie Lee,33901,91.8,3,True,lee s
2024_NV_House-3_DEM,DEM,RockAthena Brittain,3036,8.2,3,False,brittain r
2024_NV_House-3_REP,REP,Drew Johnson,10519,32.0,4,True,johnson d
2024_NV_House-3_REP,REP,Dan Schwartz,7351,22.3,4,False,schwartz d
2024_NV_House-3_REP,REP,Elizabeth Helgelien,6784,20.6,4,False,helgelien e
2024_NV_House-3_REP,REP,Martin O'Donnell,6727,20.4,4,False,odonnell m
2024_NV_House-3_REP,REP,Steven Schiffman,594,1.8,4,False,schiffman s
2024_NV_House-3_REP,REP,Steve London,495,1.5,4,False,london s
2024_NV_House-3_REP,REP,Brian Nadell,446,1.4,4,False,nadell b
2024_NV_House-4_DEM,DEM,Steven Horsford,34861,89.5,5,True,horsford s
2024_NV_House-4_DEM,DEM,Levy Shultz,4084,10.5,5,False,shultz l
2024_NV_House-4_REP,REP,John Lee,16699,48.2,6,True,lee j
2024_NV_House-4_REP,REP,David Flippo,15678,45.3,6,False,flippo d
2024_NV_House-4_REP,REP,Bruce Frazey,2241,6.5,6,False,frazey b
2024_NY_House-10_DEM,DEM,Dan Goldman,22708,66.1,2,True,goldman d
2024_NY_House-10_DEM,DEM,Evan Hutchison,8073,23.5,2,False,hutchison e
2024_NY_House-10_DEM,DEM,Bruno Grandsard,3599,10.5,2,False,grandsard b
2024_NY_House-14_DEM,DEM,Alexandria Ocasio-Cortez,19070,82.1,3,True,ocasiocortez a
2024_NY_House-14_DEM,DEM,Marty Dolan,4149,17.9,3,False,dolan m
2024_NY_House-16_DEM,DEM,George Latimer,45909,58.6,4,True,latimer g
2024_NY_House-16_DEM,DEM,Jamaal Bowman,32440,41.4,4,False,bowman j
2024_NY_House-1_DEM,DEM,John Avlon,19026,70.3,1,True,avlon j
2024_NY_House-1_DEM,DEM,Nancy Goroff,8053,29.7,1,False,goroff n
2024_NY_House-22_DEM,DEM,John Mannion,16624,61.6,6,True,mannion j
2024_NY_House-22_DEM,DEM,Sarah Klee Hood,10373,38.4,6,False,hood s
2024_NY_House-24_REP,REP,Claudia Tenney,19485,61.4,7,True,tenney c
2024_NY_House-24_REP,REP,Mario Fratto,12233,38.6,7,False,fratto m
2024_OH_House-10_DEM,DEM,Amy Cox,22640,63.3,20,True,cox a
2024_OH_House-10_DEM,DEM,David Esrati,7767,21.7,20,False,esrati d
2024_OH_House-10_DEM,DEM,Tony Pombo,3296,9.2,20,False,pombo t
2024_OH_House-10_DEM,DEM,Joseph Kuzniar,2046,5.7,20,False,kuzniar j
2024_OH_House-10_REP,REP,Mike Turner,61941,100.0,19,True,turner m
2024_OH_House-11_DEM,DEM,Shontel Brown,61573,100.0,21,True,brown s
2024_OH_House-11_REP,REP,Alan Rapoport,8385,56.8,22,True,rapoport a
2024_OH_House-11_REP,REP,James Hemphill,3350,22.7,22,False,hemphill j
2024_OH_House-11_REP,REP,Landry Simmons,3024,20.5,22,False,simmons l
2024_OH_House-12_DEM,DEM,Jerrad Christian,22809,100.0,24,True,christian j
2024_OH_House-12_REP,REP,Troy Balderson,81263,100.0,23,True,balderson t
2024_OH_House-13_DEM,DEM,Emilia Sykes,41257,100.0,25,True,sykes e
2024_OH_House-13_REP,REP,Kevin Coughlin,39378,65.0,26,True,coughlin k
2024_OH_House-13_REP,REP,Chris Banweg,16703,27.6,26,False,banweg c
2024_OH_House-13_REP,REP,Richard Morckel,4496,7.4,26,False,morckel r
2024_OH_House-14_DEM,DEM,Brian Kenderes,33769,100.0,28,True,kenderes b
2024_OH_House-14_REP,REP,David Joyce,61785,76.7,27,True,joyce d
2024_OH_House-14_REP,REP,Elayne Cross,10562,13.1,27,False,cross e
2024_OH_House-14_REP,REP,Ken Polke,8257,10.2,27,False,polke k
2024_OH_House-15_DEM,DEM,Adam Miller,18648,64.2,30,True,miller a
2024_OH_House-15_DEM,DEM,Zerqa Abid,10399,35.8,30,False,abid z
2024_OH_House-15_REP,REP,Mike Carey,51073,100.0,29,True,carey m
2024_OH_House-1_DEM,DEM,Greg Landsman,28025,100.0,1,True,landsman g
2024_OH_House-1_REP,REP,Orlando Sonza,43554,100.0,2,True,sonza o
2024_OH_House-2_DEM,DEM,Samantha Meadows,15022,100.0,4,True,meadows s
2024_OH_House-2_REP,REP,David Taylor,26247,25.5,3,True,taylor d
2024_OH_House-2_REP,REP,Tim O'Hara,22626,22.0,3,False,ohara t
2024_OH_House-2_REP,REP,Larry Kidd,19583,19.0,3,False,kidd l
2024_OH_House-2_REP,REP,Shane Wilkin,9932,9.6,3,False,wilkin s
2024_OH_House-2_REP,REP,Ron Hood,9020,8.8,3,False,hood r
2024_OH_House-2_REP,REP,Phil Heimlich,5080,4.9,3,False,heimlich p
2024_OH_House-2_REP,REP,Tom Hwang,3202,3.1,3,False,hwang t
2024_OH_House-2_REP,REP,Kim Georgeton,2311,2.2,3,False,georgeton k
2024_OH_House-2_REP,REP,Charles Tassell,1737,1.7,3,False,tassell c
2024_OH_House-2_REP,REP,Niraj Antani,1700,1.7,3,False,antani n
2024_OH_House-2_REP,REP,Derek Myers,1565,1.5,3,False,myers d
2024_OH_House-3_DEM,DEM,Joyce Beatty,46733,100.0,5,True,beatty j
2024_OH_House-3_REP,REP,Michael Young,22066,100.0,6,True,young m
2024_OH_House-4_DEM,DEM,Tamie Wilson,15149,63.4,8,True,wilson t
2024_OH_House-4_DEM,DEM,Steve Thomas,8748,36.6,8,False,thomas s
2024_OH_House-4_REP,REP,Jim Jordan,94294,100.0,7,True,jordan j
2024_OH_House-5_DEM,DEM,Keith Mundy,26920,100.0,10,True,mundy k
2024_OH_House-5_REP,REP,Bob Latta,70077,82.9,9,True,latta b
2024_OH_House-5_REP,REP,Robert Owsiak,14478,17.1,9,False,owsiak r
2024_OH_House-6_DEM,DEM,Michael Kripchak,20632,66.3,12,True,kripchak m
2024_OH_House-6_DEM,DEM,Rylan Finzer,10480,33.7,12,False,finzer r
2024_OH_House-6_REP,REP,Michael Rulli,43857,49.5,11,True,rulli m
2024_OH_House-6_REP,REP,Reggie Stoltzfus,36033,40.7,11,False,stoltzfus r
2024_OH_House-6_REP,REP,Rick Tsai,8641,9.8,11,False,tsai r
2024_OH_House-7_DEM,DEM,Matthew Diemer,33765,81.7,14,True,diemer m
2024_OH_House-7_DEM,DEM,Doug Bugie,7540,18.3,14,False,bugie d
2024_OH_House-7_REP,REP,Max Miller,62075,100.0,13,True,miller m
2024_OH_House-8_DEM,DEM,Vanessa Enoch,15650,72.0,16,True,enoch v
2024_OH_House-8_DEM,DEM,Nathaniel Hawkins,3689,17.0,16,False,hawkins n
2024_OH_House-8_DEM,DEM,David Gelb,2407,11.1,16,False,gelb d
2024_OH_House-8_REP,REP,Warren Davidson,59712,80.0,15,True,davidson w
2024_OH_House-8_REP,REP,Kay Rogers,14933,20.0,15,False,rogers k
2024_OH_House-9_DEM,DEM,Marcy Kaptur,38398,100.0,17,True,kaptur m
2024_OH_House-9_REP,REP,Derek Merrin,27632,52.5,18,True,merrin d
2024_OH_House-9_REP,REP,Craig Riedel,18072,34.3,18,False,riedel c
2024_OH_House-9_REP,REP,Steve Lankenau,6946,13.2,18,False,lankenau s
2024_OK_House-1_DEM,DEM,Dennis Baker,8527,59.2,2,True,baker d
2024_OK_House-1_DEM,DEM,Evelyn Rogers,5871,40.8,2,False,rogers e
2024_OK_House-1_REP,REP,Kevin Hern,30244,87.0,1,True,hern k
2024_OK_House-1_REP,REP,Paul Royse,4504,13.0,1,False,royse p
2024_OK_House-3_REP,REP,Frank Lucas,37158,73.0,3,True,lucas f
2024_OK_House-3_REP,REP,Darren Hamilton,7087,13.9,3,False,hamilton d
2024_OK_House-3_REP,REP,Robin Carder,6651,13.1,3,False,carder r
2024_OK_House-4_DEM,DEM,Mary Brannon,8532,60.7,5,True,brannon m
2024_OK_House-4_DEM,DEM,Kody Macaulay,5530,39.3,5,False,macaulay k
2024_OK_House-4_REP,REP,Tom Cole,40393,64.6,4,True,cole t
2024_OK_House-4_REP,REP,Paul Bondar,16127,25.8,4,False,bondar p
2024_OK_House-4_REP,REP,Andrew Hayes,2551,4.1,4,False,hayes a
2024_OK_House-4_REP,REP,Rick Harris,2171,3.5,4,False,harris r
2024_OK_House-4_REP,REP,Nick Hankins,1257,2.0,4,False,hankins n
2024_OR_House-1_DEM,DEM,Suzanne Bonamici,75577,91.0,1,True,bonamici s
2024_OR_House-1_DEM,DEM,Jamil Ahmad,5007,6.0,1,False,ahmad j
2024_OR_House-1_DEM,DEM,Courtney Casgraux,2500,3.0,1,False,casgraux c
2024_OR_House-1_REP,REP,Bob Todd,23993,100.0,2,True,todd b
2024_OR_House-2_DEM,DEM,Dan Ruby,33585,86.3,4,True,ruby d
2024_OR_House-2_DEM,DEM,Steve Laible,5325,13.7,4,False,laible s
2024_OR_House-2_REP,REP,Cliff Bentz,73031,81.7,3,True,bentz c
2024_OR_House-2_REP,REP,Jason Beebe,16403,18.3,3,False,beebe j
2024_OR_House-3_DEM,DEM,Maxine Dexter,47254,47.5,5,True,dexter m
2024_OR_House-3_DEM,DEM,Susheela Jayapal,32793,33.0,5,False,jayapal s
2024_OR_House-3_DEM,DEM,Eddy Morales,13391,13.5,5,False,morales e
2024_OR_House-3_DEM,DEM,Michael Jonas,2359,2.4,5,False,jonas m
2024_OR_House-3_DEM,DEM,Nolan Bylenga,2138,2.2,5,False,bylenga n
2024_OR_House-3_DEM,DEM,Rachel Lydia Rand,856,0.9,5,False,rand r
2024_OR_House-3_DEM,DEM,Ricardo Barajas,649,0.7,5,False,barajas r
2024_OR_House-3_REP,REP,Joanna Harbour,13948,55.5,6,True,harbour j
2024_OR_House-3_REP,REP,Gary Dye,6869,27.3,6,False,dye g
2024_OR_House-3_REP,REP,Teresa Orwig,4303,17.1,6,False,orwig t
2024_OR_House-4_DEM,DEM,Val Hoyle,73444,100.0,7,True,hoyle v
2024_OR_House-4_REP,REP,Monique DeSpain,31436,58.4,8,True,despain m
2024_OR_House-4_REP,REP,Amy Ryan Courser,22418,41.6,8,False,courser a
2024_OR_House-5_DEM,DEM,Janelle Bynum,55473,69.9,10,True,bynum j
2024_OR_House-5_DEM,DEM,Jamie McLeod-Skinner,23905,30.1,10,False,mcleodskinner j
2024_OR_House-5_REP,REP,Lori Chavez-DeRemer,54458,100.0,9,True,chavezderemer l
2024_OR_House-6_DEM,DEM,Andrea Salinas,52509,87.6,11,True,salinas a
2024_OR_House-6_DEM,DEM,Cody Reynolds,7463,12.4,11,False,reynolds c
2024_OR_House-6_REP,REP,Mike Erickson,37497,74.3,12,True,erickson m
2024_OR_House-6_REP,REP,David Russ,10908,21.6,12,False,russ d
2024_OR_House-6_REP,REP,David Burch,1447,2.9,12,False,burch d
2024_OR_House-6_REP,REP,Conrad Herold,628,1.2,12,False,herold c
2024_PA_House-10_DEM,DEM,Janelle Stelson,26591,43.8,19,True,stelson j
2024_PA_House-10_DEM,DEM,Mike O'Brien,14103,23.3,19,False,obrien m
2024_PA_House-10_DEM,DEM,Shamaine Daniels,8773,14.5,19,False,daniels s
2024_PA_House-10_DEM,DEM,Rick Coplen,5464,9.0,19,False,coplen r
2024_PA_House-10_DEM,DEM,Blake Lynch,3388,5.6,19,False,lynch b
2024_PA_House-10_DEM,DEM,John Broadhurst,2322,3.8,19,False,broadhurst j
2024_PA_House-10_REP,REP,Scott Perry,61596,100.0,18,True,perry s
2024_PA_House-11_DEM,DEM,Jim Atkinson,38559,100.0,22,True,atkinson j
2024_PA_House-11_REP,REP,Lloyd Smucker,68039,100.0,21,True,smucker l
2024_PA_House-12_DEM,DEM,Summer Lee,64594,60.65,23,True,lee s
2024_PA_House-12_DEM,DEM,Bhavini Patel,41902,39.35,23,False,patel b
2024_PA_House-12_REP,REP,James Hayes,34759,100.0,24,True,hayes j
2024_PA_House-13_DEM,DEM,Beth Farnham,32568,100.0,26,True,farnham b
2024_PA_House-13_REP,REP,John Joyce,82675,100.0,25,True,joyce j
2024_PA_House-14_DEM,DEM,Chris Dziados,29268,51.8,28,True,dziados c
2024_PA_House-14_DEM,DEM,Ken Bach,27193,48.2,28,False,bach k
2024_PA_House-14_REP,REP,Guy Reschenthaler,63162,100.0,27,True,reschenthaler g
2024_PA_House-15_DEM,DEM,Zacheray Womer,35574,100.0,30,True,womer z
2024_PA_House-15_REP,REP,Glenn Thompson,75645,100.0,29,True,thompson g
2024_PA_House-16_DEM,DEM,Preston Nouri,49283,100.0,32,True,nouri p
2024_PA_House-16_REP,REP,Mike Kelly,60255,100.0,31,True,kelly m
2024_PA_House-17_DEM,DEM,Chris Deluzio,85265,100.0,33,True,deluzio c
2024_PA_House-17_REP,REP,Rob Mercuri,46974,100.0,34,True,mercuri r
2024_PA_House-1_DEM,DEM,Ashley Ehasz,68489,100.0,2,True,ehasz a
2024_PA_House-1_REP,REP,Brian Fitzpatrick,45052,61.52,1,True,fitzpatrick b
2024_PA_House-1_REP,REP,Mark Houck,28180,38.48,1,False,houck m
2024_PA_House-2_DEM,DEM,Brendan Boyle,43997,100.0,3,True,boyle b
2024_PA_House-2_REP,REP,Haroon Bashir,9748,100.0,4,True,bashir h
2024_PA_House-3_DEM,DEM,Dwight Evans,93974,87.7,5,True,evans d
2024_PA_House-3_DEM,DEM,Tracey Gordon,13169,12.3,5,False,gordon t
2024_PA_House-4_DEM,DEM,Madeleine Dean,78235,100.0,6,True,dean m
2024_PA_House-4_REP,REP,David Winkler,43625,100.0,7,True,winkler d
2024_PA_House-5_DEM,DEM,Mary Gay Scanlon,70068,100.0,8,True,scanlon m
2024_PA_House-5_REP,REP,Alfeia DeVaughn-Goodwin,37361,100.0,9,True,devaughngoodwin a
2024_PA_House-6_DEM,DEM,Chrissy Houlahan,58552,100.0,10,True,houlahan c
2024_PA_House-6_REP,REP,Neil Young Jr.,45072,100.0,11,True,young n
2024_PA_House-7_DEM,DEM,Susan Wild,55259,100.0,12,True,wild s
2024_PA_House-7_REP,REP,Ryan Mackenzie,23557,42.6,13,True,mackenzie r
2024_PA_House-7_REP,REP,Kevin Dellicker,18835,34.0,13,False,dellicker k
2024_PA_House-7_REP,REP,Maria Montero,12952,23.4,13,False,montero m
2024_PA_House-8_DEM,DEM,Matt Cartwright,58573,100.0,14,True,cartwright m
2024_PA_House-8_REP,REP,Rob Bresnahan Jr.,42365,100.0,15,True,bresnahan r
2024_PA_House-9_DEM,DEM,Amanda Waldman,34851,100.0,17,True,waldman a
2024_PA_House-9_REP,REP,Dan Meuser,77943,100.0,16,True,meuser d
2024_RI_House-1_DEM,DEM,Gabe Amo,26696,100.0,1,True,amo g
2024_RI_House-1_REP,REP,Allen Waters,5033,100.0,2,True,waters a
2024_RI_House-2_DEM,DEM,Seth Magaziner,25157,100.0,3,True,magaziner s
2024_RI_House-2_REP,REP,Steve Corvi,10542,100.0,4,True,corvi s
2024_SC_House-1_DEM,DEM,Michael B. Moore,10893,51.6,2,True,moore m
2024_SC_House-1_DEM,DEM,Mac Deford,10209,48.4,2,False,deford m
2024_SC_House-1_REP,REP,Nancy Mace,28300,56.8,1,True,mace n
2024_SC_House-1_REP,REP,Catherine Templeton,14849,29.8,1,False,templeton c
2024_SC_House-1_REP,REP,Bill Young,6691,13.4,1,False,young b
2024_SC_House-2_DEM,DEM,David Robinson,16299,84.1,4,True,robinson d
2024_SC_House-2_DEM,DEM,Daniel Shrief,3093,15.9,4,False,shrief d
2024_SC_House-2_REP,REP,Joe Wilson,34292,73.9,3,True,wilson j
2024_SC_House-2_REP,REP,Hamp Redmond,12085,26.1,3,False,redmond h
2024_SC_House-3_DEM,DEM,Bryon Best,5188,62.4,7,True,best b
2024_SC_House-3_DEM,DEM,Frances Guldner,3129,37.6,7,False,guldner f
2024_SC_House-3_REP,REP,Sheri Biggs,28130,51.0,6,True,biggs s
2024_SC_House-3_REP,REP,Mark Burns,27043,49.0,6,False,burns m
2024_SC_House-4_REP,REP,William Timmons,36533,51.6,8,True,timmons w
2024_SC_House-4_REP,REP,Adam Morgan,34269,48.4,8,False,morgan a
2024_SC_House-6_REP,REP,Duke Buckner,10145,55.8,9,True,buckner d
2024_SC_House-6_REP,REP,Justin Scott,8050,44.2,9,False,scott j
2024_SC_House-7_DEM,DEM,Mal Hyman,12617,50.8,10,True,hyman m
2024_SC_House-7_DEM,DEM,Daryl Scott,12218,49.2,10,False,scott d
2024_TN_House-1_DEM,DEM,Kevin Jenkins,5179,67.8,2,True,jenkins k
2024_TN_House-1_DEM,DEM,Bennett Lapides,2460,32.2,2,False,lapides b
2024_TN_House-1_REP,REP,Diana Harshbarger,52190,100.0,1,True,harshbarger d
2024_TN_House-2_DEM,DEM,Jane George,25910,100.0,4,True,george j
2024_TN_House-2_REP,REP,Tim Burchett,54617,100.0,3,True,burchett t
2024_TN_House-3_DEM,DEM,Jack Allen,17918,100.0,6,True,allen j
2024_TN_House-3_REP,REP,Chuck Fleischmann,44990,100.0,5,True,fleischmann c
2024_TN_House-4_DEM,DEM,Victoria Broderick,11708,100.0,8,True,broderick v
2024_TN_House-4_REP,REP,Scott DesJarlais,30425,72.53,7,True,desjarlais s
2024_TN_House-4_REP,REP,Thomas Davis,7988,19.04,7,False,davis t
2024_TN_House-4_REP,REP,Joshua James,3535,8.43,7,False,james j
2024_TN_House-5_DEM,DEM,Maryam Abolfazli,29242,100.0,10,True,abolfazli m
2024_TN_House-5_REP,REP,Andy Ogles,32062,56.54,9,True,ogles a
2024_TN_House-5_REP,REP,Courtney Johnston,24646,43.46,9,False,johnston c
2024_TN_House-6_DEM,DEM,Lore Bergman,8684,42.2,12,True,bergman l
2024_TN_House-6_DEM,DEM,Clay Faircloth,7474,36.32,12,False,faircloth c
2024_TN_House-6_DEM,DEM,Cyril Focht,4422,21.49,12,False,focht c
2024_TN_House-6_REP,REP,John Rose,38607,100.0,11,True,rose j
2024_TN_House-7_DEM,DEM,Megan Barry,22512,100.0,14,True,barry m
2024_TN_House-7_REP,REP,Mark Green,31871,100.0,13,True,green m
2024_TN_House-8_DEM,DEM,Sarah Freeman,5552,33.73,16,True,freeman s
2024_TN_House-8_DEM,DEM,Brenda Woods,4580,27.83,16,False,woods b
2024_TN_House-8_DEM,DEM,Lynnette Williams,2887,17.54,16,False,williams l
2024_TN_House-8_DEM,DEM,Leonard Perkins,2160,13.12,16,False,perkins l
2024_TN_House-8_DEM,DEM,Lawrence Pivnick,1279,7.77,16,False,pivnick l
2024_TN_House-8_REP,REP,David Kustoff,55809,100.0,15,True,kustoff d
2024_TN_House-9_DEM,DEM,Steve Cohen,30042,73.71,17,True,cohen s
2024_TN_House-9_DEM,DEM,Corey Strong,7258,17.81,17,False,strong c
2024_TN_House-9_DEM,DEM,Marion Latroy Alexandria-Williams,1936,4.75,17,False,alexandriawilliams m
2024_TN_House-9_DEM,DEM,Kasandra Smith,1523,3.74,17,False,smith k
2024_TN_House-9_REP,REP,Charlotte Bergmann,10148,100.0,18,True,bergmann c
2024_TX_House-10_DEM,DEM,Theresa Boisseau,14702,72.2,19,True,boisseau t
2024_TX_House-10_DEM,DEM,Keith McPhail,5661,27.8,19,False,mcphail k
2024_TX_House-10_REP,REP,Michael McCaul,59998,72.1,18,True,mccaul m
2024_TX_House-10_REP,REP,Jared Lovelace,23175,27.9,18,False,lovelace j
2024_TX_House-11_REP,REP,August Pfluger,67637,100.0,20,True,pfluger a
2024_TX_House-12_DEM,DEM,Trey Hunt,11935,58.0,23,True,hunt t
2024_TX_House-12_DEM,DEM,Sebastian Gehrig,8638,42.0,23,False,gehrig s
2024_TX_House-12_REP,REP,Craig Goldman,16787,62.9,22,True,goldman c
2024_TX_House-12_REP,REP,John O'Shea,9903,37.1,22,False,oshea j
2024_TX_House-13_REP,REP,Ronny Jackson,81844,100.0,24,True,jackson r
2024_TX_House-14_DEM,DEM,Rhonda Hart,15357,100.0,26,True,hart r
2024_TX_House-14_REP,REP,Randy Weber,69321,100.0,25,True,weber r
2024_TX_House-15_DEM,DEM,Michelle Vallejo,21456,74.7,28,True,vallejo m
2024_TX_House-15_DEM,DEM,John Rigney,7268,25.3,28,False,rigney j
2024_TX_House-15_REP,REP,Monica De La Cruz,30972,88.2,27,True,cruz m
2024_TX_House-15_REP,REP,Vangela Churchill,4140,11.8,27,False,churchill v
2024_TX_House-16_DEM,DEM,Veronica Escobar,28129,86.3,29,True,escobar v
2024_TX_House-16_DEM,DEM,Leeland White,4470,13.7,29,False,white l
2024_TX_House-16_REP,REP,Irene Armendariz-Jackson,15553,100.0,30,True,armendarizjackson i
2024_TX_House-17_DEM,DEM,Mark Lorenzen,13925,100.0,32,True,lorenzen m
2024_TX_House-17_REP,REP,Pete Sessions,67798,84.9,31,True,sessions p
2024_TX_House-17_REP,REP,Joseph Langone,12052,15.1,31,False,langone j
2024_TX_House-18_DEM,DEM,Sheila Jackson Lee,23629,60.0,33,True,lee s
2024_TX_House-18_DEM,DEM,Amanda Edwards,14668,37.3,33,False,edwards a
2024_TX_House-18_DEM,DEM,Robert Slater Jr.,1059,2.7,33,False,slater r
2024_TX_House-18_REP,REP,Lana Centonze,6202,53.3,35,True,centonze l
2024_TX_House-18_REP,REP,Aaron Hermes,5438,46.7,35,False,hermes a
2024_TX_House-19_REP,REP,Jodey Arrington,70705,83.5,36,True,arrington j
2024_TX_House-19_REP,REP,Chance Ferguson,6316,7.5,36,False,ferguson c
2024_TX_House-19_REP,REP,Vance Boyd,5116,6.0,36,False,boyd v
2024_TX_House-19_REP,REP,Ryan Zink,2586,3.1,36,False,zink r
2024_TX_House-1_REP,REP,Nathaniel Moran,84442,100.0,1,True,moran n
2024_TX_House-20_DEM,DEM,Joaquin Castro,25018,100.0,37,True,castro j
2024_TX_House-21_DEM,DEM,Kristin Hook,28579,100.0,39,True,hook k
2024_TX_House-21_REP,REP,Chip Roy,96610,100.0,38,True,roy c
2024_TX_House-22_DEM,DEM,Marquette Greene-Scott,17290,81.7,41,True,greenescott m
2024_TX_House-22_DEM,DEM,Wayne Raasch,3877,18.3,41,False,raasch w
2024_TX_House-22_REP,REP,Troy Nehls,62862,100.0,40,True,nehls t
2024_TX_House-23_DEM,DEM,Santos Limon,16316,58.5,44,True,limon s
2024_TX_House-23_DEM,DEM,Lee Bausinger,11577,41.5,44,False,bausinger l
2024_TX_House-23_REP,REP,Tony Gonzales,15023,50.6,43,True,gonzales t
2024_TX_House-23_REP,REP,Brandon Herrera,14669,49.4,43,False,herrera b
2024_TX_House-24_DEM,DEM,Sam Eppler,17451,58.6,46,True,eppler s
2024_TX_House-24_DEM,DEM,Francine Ly,12314,41.4,46,False,ly f
2024_TX_House-24_REP,REP,Beth Van Duyne,75982,100.0,45,True,duyne b
2024_TX_House-25_REP,REP,Roger Williams,66345,78.0,47,True,williams r
2024_TX_House-25_REP,REP,Matthew Lucci,11929,14.0,47,False,lucci m
2024_TX_House-25_REP,REP,Vince Crabb,6738,7.9,47,False,crabb v
2024_TX_House-26_DEM,DEM,Ernest Lineberger,18308,100.0,49,True,lineberger e
2024_TX_House-26_REP,REP,Brandon Gill,49876,58.4,48,True,gill b
2024_TX_House-26_REP,REP,Scott Armey,12400,14.5,48,False,armey s
2024_TX_House-26_REP,REP,John Huffman,8559,10.0,48,False,huffman j
2024_TX_House-26_REP,REP,Luisa del Rosal,3949,4.6,48,False,rosal l
2024_TX_House-26_REP,REP,Doug Robison,2999,3.5,48,False,robison d
2024_TX_House-26_REP,REP,Mark Rutledge,2130,2.5,48,False,rutledge m
2024_TX_House-26_REP,REP,Joel Krause,1959,2.3,48,False,krause j
2024_TX_House-26_REP,REP,Neena Biswas,1665,1.9,48,False,biswas n
2024_TX_House-26_REP,REP,Burt Thakur,975,1.1,48,False,thakur b
2024_TX_House-26_REP,REP,Vlad de Franceschi,572,0.7,48,False,franceschi v
2024_TX_House-26_REP,REP,Jason Kergosien,366,0.4,48,False,kergosien j
2024_TX_House-27_DEM,DEM,Tanya Lloyd,10305,53.3,51,True,lloyd t
2024_TX_House-27_DEM,DEM,AJ Tristan,9013,46.7,51,False,tristan a
2024_TX_House-27_REP,REP,Michael Cloud,53304,74.6,50,True,cloud m
2024_TX_House-27_REP,REP,Scott Mandell,10791,15.1,50,False,mandell s
2024_TX_House-27_REP,REP,Luis Espindola,3838,5.4,50,False,espindola l
2024_TX_House-27_REP,REP,Chris Mapp,3553,5.0,50,False,mapp c
2024_TX_House-28_DEM,DEM,Henry Cuellar,35550,100.0,52,True,cuellar h
2024_TX_House-28_REP,REP,Jay Furman,8297,65.3,54,True,furman j
2024_TX_House-28_REP,REP,Lazaro Garza Jr.,4410,34.7,54,False,garza l
2024_TX_House-29_DEM,DEM,Sylvia Garcia,17297,100.0,55,True,garcia s
2024_TX_House-29_REP,REP,Alan Garza,421,53.8,57,True,garza a
2024_TX_House-29_REP,REP,Christian Garcia,362,46.2,57,False,garcia c
2024_TX_House-2_DEM,DEM,Peter Filler,17044,100.0,3,True,filler p
2024_TX_House-2_REP,REP,Dan Crenshaw,40379,59.5,2,True,crenshaw d
2024_TX_House-2_REP,REP,Jameson Ellis,27482,40.5,2,False,ellis j
2024_TX_House-30_DEM,DEM,Jasmine Crockett,43059,91.5,58,True,crockett j
2024_TX_House-30_DEM,DEM,Jarred Davis,3982,8.5,58,False,davis j
2024_TX_House-31_DEM,DEM,Stuart Whitlow,3512,68.5,61,True,whitlow s
2024_TX_House-31_DEM,DEM,Brian Walbridge,1614,31.5,61,False,walbridge b
2024_TX_House-31_REP,REP,John Carter,55092,65.3,59,True,carter j
2024_TX_House-31_REP,REP,Mike Williams,9355,11.1,59,False,williams m
2024_TX_House-31_REP,REP,Mack Latimer,6593,7.8,59,False,latimer m
2024_TX_House-31_REP,REP,Abhiram Garapati,6256,7.4,59,False,garapati a
2024_TX_House-31_REP,REP,William Abel,4362,5.2,59,False,abel w
2024_TX_House-31_REP,REP,John Anderson,2732,3.2,59,False,anderson j
2024_TX_House-32_DEM,DEM,Julie Johnson,17633,50.4,62,True,johnson j
2024_TX_House-32_DEM,DEM,Brian Williams,6704,19.2,62,False,williams b
2024_TX_House-32_DEM,DEM,Justin Moore,2483,7.1,62,False,moore j
2024_TX_House-32_DEM,DEM,Jan McDowell,1722,4.9,62,False,mcdowell j
2024_TX_House-32_DEM,DEM,Zachariah Manning,1617,4.6,62,False,manning z
2024_TX_House-32_DEM,DEM,Raja Chaudhry,1258,3.6,62,False,chaudhry r
2024_TX_House-32_DEM,DEM,Callie Butcher,1169,3.3,62,False,butcher c
2024_TX_House-32_DEM,DEM,Kevin Felder,1101,3.1,62,False,felder k
2024_TX_House-32_DEM,DEM,Alex Cornwallis,909,2.6,62,False,cornwallis a
2024_TX_House-32_DEM,DEM,Chris Panayiotou,361,1.0,62,False,panayiotou c
2024_TX_House-32_REP,REP,Darrell Day,3394,64.8,64,True,day d
2024_TX_House-32_REP,REP,David Blewett,1842,35.2,64,False,blewett d
2024_TX_House-33_DEM,DEM,Marc Veasey,15313,68.3,65,True,veasey m
2024_TX_House-33_DEM,DEM,Carlos Quintanilla,7102,31.7,65,False,quintanilla c
2024_TX_House-33_REP,REP,Patrick Gillespie,6144,61.6,66,True,gillespie p
2024_TX_House-33_REP,REP,Kurt Schwab,3833,38.4,66,False,schwab k
2024_TX_House-34_DEM,DEM,Vicente Gonzalez,27745,100.0,67,True,gonzalez v
2024_TX_House-34_REP,REP,Mayra Flores,18307,81.2,68,True,flores m
2024_TX_House-34_REP,REP,Laura Cisneros,1991,8.8,68,False,cisneros l
2024_TX_House-34_REP,REP,Mauro Garza,1388,6.2,68,False,garza m
2024_TX_House-34_REP,REP,Gregory Kunkle,863,3.8,68,False,kunkle g
2024_TX_House-35_DEM,DEM,Greg Casar,28830,100.0,69,True,casar g
2024_TX_House-35_REP,REP,Steven Wright,1082,50.1,71,True,wright s
2024_TX_House-35_REP,REP,Michael Rodriguez,1077,49.9,71,False,rodriguez m
2024_TX_House-36_DEM,DEM,Dayna Steele,14973,100.0,73,True,steele d
2024_TX_House-36_REP,REP,Brian Babin,58635,81.3,72,True,babin b
2024_TX_House-36_REP,REP,Jonathan Mitchell,13448,18.7,72,False,mitchell j
2024_TX_House-37_DEM,DEM,Lloyd Doggett,57762,86.1,74,True,doggett l
2024_TX_House-37_DEM,DEM,Christopher McNerney,5279,7.9,74,False,mcnerney c
2024_TX_House-37_DEM,DEM,Eduardo Romero,4048,6.0,74,False,romero e
2024_TX_House-37_REP,REP,Jenny Garcia Sharon,16304,100.0,75,True,sharon j
2024_TX_House-38_DEM,DEM,Melissa McDonough,18486,82.5,77,True,mcdonough m
2024_TX_House-38_DEM,DEM,Gion Thomas,3910,17.5,77,False,thomas g
2024_TX_House-38_REP,REP,Wesley Hunt,62340,100.0,76,True,hunt w
2024_TX_House-3_DEM,DEM,Sandeep Srivastava,17422,100.0,5,True,srivastava s
2024_TX_House-3_REP,REP,Keith Self,55888,72.8,4,True,self k
2024_TX_House-3_REP,REP,Suzanne Harp,14215,18.5,4,False,harp s
2024_TX_House-3_REP,REP,Tre Pennie,2797,3.6,4,False,pennie t
2024_TX_House-3_REP,REP,John Porro,2634,3.4,4,False,porro j
2024_TX_House-3_REP,REP,Jeremy Ivanovskis,1224,1.6,4,False,ivanovskis j
2024_TX_House-4_DEM,DEM,Simon Cardell,14954,100.0,7,True,cardell s
2024_TX_House-4_REP,REP,Pat Fallon,70801,80.3,6,True,fallon p
2024_TX_House-4_REP,REP,Don Horn,17396,19.7,6,False,horn d
2024_TX_House-5_DEM,DEM,Ruth Torres,17145,100.0,9,True,torres r
2024_TX_House-5_REP,REP,Lance Gooden,59069,100.0,8,True,gooden l
2024_TX_House-6_DEM,DEM,John Love III,13813,100.0,11,True,love j
2024_TX_House-6_REP,REP,Jake Ellzey,38143,60.8,10,True,ellzey j
2024_TX_House-6_REP,REP,James Buford,12782,20.4,10,False,buford j
2024_TX_House-6_REP,REP,Cliff Wiley,11843,18.9,10,False,wiley c
2024_TX_House-7_DEM,DEM,Lizzie Fletcher,27902,74.2,12,True,fletcher l
2024_TX_House-7_DEM,DEM,Pervez Agwan,9679,25.8,12,False,agwan p
2024_TX_House-7_REP,REP,Caroline Kane,2539,50.4,14,True,kane c
2024_TX_House-7_REP,REP,Kenneth Omoruyi,2495,49.6,14,False,omoruyi k
2024_TX_House-8_DEM,DEM,Laura Jones,14390,100.0,16,True,jones l
2024_TX_House-8_REP,REP,Morgan Luttrell,69419,100.0,15,True,luttrell m
2024_TX_House-9_DEM,DEM,Al Green,42191,100.0,17,True,green a
2024_UT_House-1_REP,REP,Blake Moore,72702,71.0,2,True,moore b
2024_UT_House-1_REP,REP,Paul Miller,29640,29.0,2,False,miller p
2024_UT_House-2_REP,REP,Celeste Maloy,53777,50.1,3,True,maloy c
2024_UT_House-2_REP,REP,Colby Jenkins,53601,49.9,3,False,jenkins c
2024_UT_House-3_REP,REP,Mike Kennedy,43618,38.8,5,True,kennedy m
2024_UT_House-3_REP,REP,Case Lawrence,24884,22.1,5,False,lawrence c
2024_UT_House-3_REP,REP,Rod Bird,17207,15.3,5,False,bird r
2024_UT_House-3_REP,REP,Stewart Peay,15954,14.2,5,False,peay s
2024_UT_House-3_REP,REP,John Dougall,10800,9.6,5,False,dougall j
2024_VA_House-10_DEM,DEM,Suhas Subramanyam,13504,30.4,11,True,subramanyam s
2024_VA_House-10_DEM,DEM,Dan Helmer,11784,26.6,11,False,helmer d
2024_VA_House-10_DEM,DEM,Atif Qarni,4768,10.7,11,False,qarni a
2024_VA_House-10_DEM,DEM,Eileen Filler-Corn,4131,9.3,11,False,fillercorn e
2024_VA_House-10_DEM,DEM,Jennifer Boysko,4016,9.0,11,False,boysko j
2024_VA_House-10_DEM,DEM,David Reid,1419,3.2,11,False,reid d
2024_VA_House-10_DEM,DEM,Michelle Maldonado,1412,3.2,11,False,maldonado m
2024_VA_House-10_DEM,DEM,Adrian Pokharel,1028,2.3,11,False,pokharel a
2024_VA_House-10_DEM,DEM,Krystle Kaul,982,2.2,11,False,kaul k
2024_VA_House-10_DEM,DEM,Travis Nembhard,722,1.6,11,False,nembhard t
2024_VA_House-10_DEM,DEM,Marion Devoe,386,0.9,11,False,devoe m
2024_VA_House-10_DEM,DEM,Mark Leighton,224,0.5,11,False,leighton m
2024_VA_House-10_REP,REP,Mike Clancy,17434,64.2,12,True,clancy m
2024_VA_House-10_REP,REP,Aliscia Andrews,5832,21.5,12,False,andrews a
2024_VA_House-10_REP,REP,Alexander Isaac Jr.,2544,9.4,12,False,isaac a
2024_VA_House-10_REP,REP,Manga Anantatmula,1327,4.9,12,False,anantatmula m
2024_VA_House-11_DEM,DEM,Gerry Connolly,37378,85.6,14,True,connolly g
2024_VA_House-11_DEM,DEM,Ahsan Nasar,6270,14.4,14,False,nasar a
2024_VA_House-1_DEM,DEM,Leslie Mehta,15253,66.6,1,True,mehta l
2024_VA_House-1_DEM,DEM,Herb Jones,7653,33.4,1,False,jones h
2024_VA_House-2_DEM,DEM,Missy Cotter Smasal,20480,70.1,2,True,smasal m
2024_VA_House-2_DEM,DEM,Jake Denton,8732,29.9,2,False,denton j
2024_VA_House-5_DEM,DEM,Gloria Witt,14188,57.2,6,True,witt g
2024_VA_House-5_DEM,DEM,Gary Terry,5566,22.4,6,False,terry g
2024_VA_House-5_DEM,DEM,Paul Riley,5063,20.4,6,False,riley p
2024_VA_House-5_REP,REP,John McGuire,31583,50.3,5,True,mcguire j
2024_VA_House-5_REP,REP,Bob Good,31209,49.7,5,False,good b
2024_VA_House-7_DEM,DEM,Eugene Vindman,17263,49.3,8,True,vindman e
2024_VA_House-7_DEM,DEM,Elizabeth Guzmán,5283,15.1,8,False,guzman e
2024_VA_House-7_DEM,DEM,Briana Sewell,4706,13.4,8,False,sewell b
2024_VA_House-7_DEM,DEM,Andrea Bailey,4381,12.5,8,False,bailey a
2024_VA_House-7_DEM,DEM,Margaret Franklin,2034,5.8,8,False,franklin m
2024_VA_House-7_DEM,DEM,Carl Bedell,738,2.1,8,False,bedell c
2024_VA_House-7_DEM,DEM,Clifford Heinzer,621,1.8,8,False,heinzer c
2024_VA_House-7_REP,REP,Derrick Anderson,16338,45.2,9,True,anderson d
2024_VA_House-7_REP,REP,Cameron Hamilton,13448,37.2,9,False,hamilton c
2024_VA_House-7_REP,REP,Jon Myers,4660,12.9,9,False,myers j
2024_VA_House-7_REP,REP,John Prabhudoss,729,2.0,9,False,prabhudoss j
2024_VA_House-7_REP,REP,Maria Martin,625,1.7,9,False,martin m
2024_VA_House-7_REP,REP,Terris Todd,373,1.0,9,False,todd t
2024_VT_House-1_DEM,DEM,Becca Balint,47638,100.0,1,True,balint b
2024_VT_House-1_REP,REP,Mark Coester,19459,100.0,2,True,coester m
2024_WI_House-1_DEM,DEM,Peter Barca,59758,99.8,2,True,barca p
2024_WI_House-1_REP,REP,Bryan Steil,52253,99.4,1,True,steil b
2024_WI_House-2_DEM,DEM,Mark Pocan,149581,99.8,3,True,pocan m
2024_WI_House-2_REP,REP,Erik Olsen,23035,56.1,4,True,olsen e
2024_WI_House-2_REP,REP,Charity Barry,17897,43.6,4,False,barry c
2024_WI_House-3_DEM,DEM,Rebecca Cooke,42316,50.5,6,True,cooke r
2024_WI_House-3_DEM,DEM,Katrina Shankland,34812,41.6,6,False,shankland k
2024_WI_House-3_DEM,DEM,Eric Wilson,6624,7.9,6,False,wilson e
2024_WI_House-3_REP,REP,Derrick Van Orden,52533,99.6,5,True,orden d
2024_WI_House-4_DEM,DEM,Gwen Moore,85017,99.5,8,True,moore g
2024_WI_House-4_REP,REP,Tim Rogers,13382,71.2,9,True,rogers t
2024_WI_House-4_REP,REP,Purnima Nath,5348,28.4,9,False,nath p
2024_WI_House-5_DEM,DEM,Ben Steinhoff,57039,99.8,11,True,steinhoff b
2024_WI_House-5_REP,REP,Scott Fitzgerald,100916,99.3,10,True,fitzgerald s
2024_WI_House-6_DEM,DEM,John Zarbano,54212,99.9,13,True,zarbano j
2024_WI_House-6_REP,REP,Glenn Grothman,75113,99.2,12,True,grothman g
2024_WI_House-7_DEM,DEM,Kyle Kilbourn,32917,58.0,15,True,kilbourn k
2024_WI_House-7_DEM,DEM,Elsa Duranceau,23795,41.9,15,False,duranceau e
2024_WI_House-7_REP,REP,Tom Tiffany,78503,99.4,14,True,tiffany t
2024_WI_House-8_DEM,DEM,Kristin Lyerly,56469,100.0,17,True,lyerly k
2024_WI_House-8_REP,REP,Tony Wied,41937,42.1,16,True,wied t
2024_WI_House-8_REP,REP,Roger Roth,34344,34.5,16,False,roth r
2024_WI_House-8_REP,REP,André Jacque,23186,23.3,16,False,jacque a
2024_WV_House-1_DEM,DEM,Chris Reed,27509,56.4,2,True,reed c
2024_WV_House-1_DEM,DEM,Jim Umberger,21253,43.6,2,False,umberger j
2024_WV_House-1_REP,REP,Carol Miller,65343,62.95,1,True,miller c
2024_WV_House-1_REP,REP,Derrick Evans,38466,37.05,1,False,evans d
2024_WV_House-2_DEM,DEM,Steven Wendelin,39832,100.0,4,True,wendelin s
2024_WV_House-2_REP,REP,Riley Moore,47033,45.0,3,True,moore r
2024_WV_House-2_REP,REP,Joseph Earley,21176,20.3,3,False,earley j
2024_WV_House-2_REP,REP,Chris Walker,15203,14.5,3,False,walker c
2024_WV_House-2_REP,REP,Nate Cain,13625,13.0,3,False,cain n
2024_WV_House-2_REP,REP,Alexander Gaaserud,7453,7.1,3,False,gaaserud a
2024_WY_House-1_DEM,DEM,Kyle Cameron,10047,100.0,2,True,cameron k
2024_WY_House-1_REP,REP,Harriet Hageman,82783,80.7,1,True,hageman h
2024_WY_House-1_REP,REP,Steven Helling,19743,19.3,1,False,helling s
