year,state,office,district,candidate,party_std,pct,end_date,sample_size,pollster,poll_id,election_date,cand_key,display_party,race_id,days_to_elec
2026,ME,Senate,,Susan M. Collins,REP,46.0,2026-07-20,1178.0,University of New Hampshire,f1a66eab-67e9-4c28-bb4b-7bc27b8c131d,2026-11-03,collins s,REP,2026_ME_Senate,106
2026,ME,Senate,,Troy Jackson,DEM,49.0,2026-07-20,1178.0,University of New Hampshire,f1a66eab-67e9-4c28-bb4b-7bc27b8c131d,2026-11-03,jackson t,DEM,2026_ME_Senate,106
2026,MT,Senate,,Alani Bankhead,DEM,43.0,2026-06-24,800.0,Hart Research Associates,19633ac9-910b-4625-a33a-4febf87202dc,2026-11-03,bankhead a,DEM,2026_MT_Senate,132
2026,MT,Senate,,Kurt Alme,REP,49.0,2026-06-24,800.0,Hart Research Associates,19633ac9-910b-4625-a33a-4febf87202dc,2026-11-03,alme k,REP,2026_MT_Senate,132
2026,MT,Senate,,Seth Bodnar,OTH,45.0,2026-06-24,800.0,Hart Research Associates,19633ac9-910b-4625-a33a-4febf87202dc,2026-11-03,bodnar s,OTH,2026_MT_Senate,132
2026,FL,Senate,S,Angie Nixon,DEM,41.6,2026-07-17,848.0,University of North Florida,b7344ec9-d1d2-459e-a5ad-16965b6345e8,2026-11-03,nixon a,DEM,2026_FL_Senate-S,109
2026,FL,Senate,S,Ashley Moody,REP,50.0,2026-07-17,848.0,University of North Florida,b7344ec9-d1d2-459e-a5ad-16965b6345e8,2026-11-03,moody a,REP,2026_FL_Senate-S,109
2026,FL,Senate,S,Alexander Vindman,DEM,40.2,2026-07-17,848.0,University of North Florida,b7344ec9-d1d2-459e-a5ad-16965b6345e8,2026-11-03,vindman a,DEM,2026_FL_Senate-S,109
2026,NC,Senate,,Michael Whatley,REP,44.0,2026-07-11,759.0,Public Policy Polling,f744b6a4-6d46-4db9-81f4-136e1d25501c,2026-11-03,whatley m,REP,2026_NC_Senate,115
2026,NC,Senate,,Roy A. Cooper,DEM,48.0,2026-07-11,759.0,Public Policy Polling,f744b6a4-6d46-4db9-81f4-136e1d25501c,2026-11-03,cooper r,DEM,2026_NC_Senate,115
2026,MI,Senate,,Mike Rogers,REP,46.0,2026-06-22,709.0,Data for Progress,007278d5-49cd-4aa2-9400-8c95c5fc50c5,2026-11-03,rogers m,REP,2026_MI_Senate,134
2026,MI,Senate,,Haley Stevens,DEM,45.0,2026-06-22,709.0,Data for Progress,007278d5-49cd-4aa2-9400-8c95c5fc50c5,2026-11-03,stevens h,DEM,2026_MI_Senate,134
2026,MI,Senate,,Abdul El-Sayed,DEM,47.0,2026-06-22,709.0,Data for Progress,007278d5-49cd-4aa2-9400-8c95c5fc50c5,2026-11-03,elsayed a,DEM,2026_MI_Senate,134
2026,NH,Senate,,Chris Pappas,DEM,43.0,2026-06-27,500.0,Peak Insights,81a561d0-30fb-49a1-b168-19f24d658d06,2026-11-03,pappas c,DEM,2026_NH_Senate,129
2026,NH,Senate,,John E. Sununu,REP,42.0,2026-06-27,500.0,Peak Insights,81a561d0-30fb-49a1-b168-19f24d658d06,2026-11-03,sununu j,REP,2026_NH_Senate,129
2026,ME,Senate,,Susan M. Collins,REP,47.0,2026-07-07,785.0,Public Policy Polling,089a174b-74ee-4363-9ca1-60d01ed22eba,2026-11-03,collins s,REP,2026_ME_Senate,119
2026,ME,Senate,,Jordan Wood,DEM,38.0,2026-07-07,785.0,Public Policy Polling,089a174b-74ee-4363-9ca1-60d01ed22eba,2026-11-03,wood j,DEM,2026_ME_Senate,119
2026,ME,Senate,,Janet T. Mills,DEM,37.0,2026-07-07,785.0,Public Policy Polling,089a174b-74ee-4363-9ca1-60d01ed22eba,2026-11-03,mills j,DEM,2026_ME_Senate,119
2026,ME,Senate,,Nirav Shah,DEM,45.0,2026-07-07,785.0,Public Policy Polling,089a174b-74ee-4363-9ca1-60d01ed22eba,2026-11-03,shah n,DEM,2026_ME_Senate,119
2026,ME,Senate,,Shenna Bellows,DEM,47.0,2026-07-07,785.0,Public Policy Polling,089a174b-74ee-4363-9ca1-60d01ed22eba,2026-11-03,bellows s,DEM,2026_ME_Senate,119
2026,ME,Senate,,Troy Jackson,DEM,49.0,2026-07-07,785.0,Public Policy Polling,089a174b-74ee-4363-9ca1-60d01ed22eba,2026-11-03,jackson t,DEM,2026_ME_Senate,119
2026,ME,Senate,,Graham Platner,DEM,42.0,2026-07-07,785.0,Public Policy Polling,089a174b-74ee-4363-9ca1-60d01ed22eba,2026-11-03,platner g,DEM,2026_ME_Senate,119
2026,GA,Senate,,Mike Collins,REP,42.9,2026-06-30,1175.0,Wick,3eccfb66-aab7-475e-a672-bc7dd16272cc,2026-11-03,collins m,REP,2026_GA_Senate,126
2026,GA,Senate,,Jon Ossoff,DEM,46.7,2026-06-30,1175.0,Wick,3eccfb66-aab7-475e-a672-bc7dd16272cc,2026-11-03,ossoff j,DEM,2026_GA_Senate,126
2026,ME,Senate,,Janet T. Mills,DEM,47.0,2026-07-06,405.0,Wedgewood Polls,f151442b-b6f2-4e67-88fe-f982cd4677c1,2026-11-03,mills j,DEM,2026_ME_Senate,120
2026,ME,Senate,,Susan M. Collins,REP,47.0,2026-07-06,405.0,Wedgewood Polls,f151442b-b6f2-4e67-88fe-f982cd4677c1,2026-11-03,collins s,REP,2026_ME_Senate,120
2026,ME,Senate,,Troy Jackson,DEM,48.0,2026-07-06,405.0,Wedgewood Polls,f151442b-b6f2-4e67-88fe-f982cd4677c1,2026-11-03,jackson t,DEM,2026_ME_Senate,120
2026,ME,Senate,,Graham Platner,DEM,46.0,2026-07-06,405.0,Wedgewood Polls,f151442b-b6f2-4e67-88fe-f982cd4677c1,2026-11-03,platner g,DEM,2026_ME_Senate,120
2026,ME,Senate,,Graham Platner,DEM,52.0,2026-07-06,1074.0,Tavern Research,4017c7ce-c6f0-479c-b778-dcb8097a7766,2026-11-03,platner g,DEM,2026_ME_Senate,120
2026,ME,Senate,,Susan M. Collins,REP,48.0,2026-07-06,1074.0,Tavern Research,4017c7ce-c6f0-479c-b778-dcb8097a7766,2026-11-03,collins s,REP,2026_ME_Senate,120
2026,IA,Senate,,Ashley Hinson,REP,46.0,2026-06-27,1003.0,Beacon Research/Shaw & Company Research,29db67fd-4e3f-48b5-bc3e-a47216e0df73,2026-11-03,hinson a,REP,2026_IA_Senate,129
2026,IA,Senate,,Josh Turek,DEM,50.0,2026-06-27,1003.0,Beacon Research/Shaw & Company Research,29db67fd-4e3f-48b5-bc3e-a47216e0df73,2026-11-03,turek j,DEM,2026_IA_Senate,129
2026,GA,Senate,,Mike Collins,REP,43.0,2026-06-27,1002.0,Beacon Research/Shaw & Company Research,218f0f52-9f5d-4b50-ae1d-bae3778ef88e,2026-11-03,collins m,REP,2026_GA_Senate,129
2026,GA,Senate,,Jon Ossoff,DEM,56.0,2026-06-27,1002.0,Beacon Research/Shaw & Company Research,218f0f52-9f5d-4b50-ae1d-bae3778ef88e,2026-11-03,ossoff j,DEM,2026_GA_Senate,129
2026,MI,Senate,,Mike Rogers,REP,43.7,2026-06-30,947.0,Quantus Insights,edf376a8-2e75-4c89-bb0d-665392aae970,2026-11-03,rogers m,REP,2026_MI_Senate,126
2026,MI,Senate,,Haley Stevens,DEM,45.1,2026-06-30,947.0,Quantus Insights,edf376a8-2e75-4c89-bb0d-665392aae970,2026-11-03,stevens h,DEM,2026_MI_Senate,126
2026,MI,Senate,,Mallory McMorrow,DEM,44.4,2026-06-30,947.0,Quantus Insights,edf376a8-2e75-4c89-bb0d-665392aae970,2026-11-03,mcmorrow m,DEM,2026_MI_Senate,126
2026,MI,Senate,,Abdul El-Sayed,DEM,45.2,2026-06-30,947.0,Quantus Insights,edf376a8-2e75-4c89-bb0d-665392aae970,2026-11-03,elsayed a,DEM,2026_MI_Senate,126
2026,NH,Senate,,John E. Sununu,REP,41.0,2026-06-25,1614.0,St. Anselm,323ff676-e8d3-44aa-a932-d8cb8fbc0695,2026-11-03,sununu j,REP,2026_NH_Senate,131
2026,NH,Senate,,Chris Pappas,DEM,47.0,2026-06-25,1614.0,St. Anselm,323ff676-e8d3-44aa-a932-d8cb8fbc0695,2026-11-03,pappas c,DEM,2026_NH_Senate,131
2026,NH,Senate,,Scott Brown,REP,36.0,2026-06-25,1614.0,St. Anselm,323ff676-e8d3-44aa-a932-d8cb8fbc0695,2026-11-03,brown s,REP,2026_NH_Senate,131
2026,NH,Senate,,John E. Sununu,REP,44.0,2026-06-23,2157.0,University of New Hampshire,efcc0bd7-9216-4651-8c14-726b8f5916bb,2026-11-03,sununu j,REP,2026_NH_Senate,133
2026,NH,Senate,,Chris Pappas,DEM,47.0,2026-06-23,2157.0,University of New Hampshire,efcc0bd7-9216-4651-8c14-726b8f5916bb,2026-11-03,pappas c,DEM,2026_NH_Senate,133
2026,NH,Senate,,Scott Brown,REP,38.0,2026-06-23,1980.0,University of New Hampshire,efcc0bd7-9216-4651-8c14-726b8f5916bb,2026-11-03,brown s,REP,2026_NH_Senate,133
2026,AK,Senate,,Dan Sullivan,REP,47.5,2026-06-29,593.0,The New York Times/Siena University,8e054071-9b5e-46d0-a921-ecc4f3c1737e,2026-11-03,sullivan d,REP,2026_AK_Senate,127
2026,AK,Senate,,Mary S. Peltola,DEM,45.1,2026-06-29,593.0,The New York Times/Siena University,8e054071-9b5e-46d0-a921-ecc4f3c1737e,2026-11-03,peltola m,DEM,2026_AK_Senate,127
2026,NC,Senate,,Michael Whatley,REP,43.2,2026-06-27,601.0,The New York Times/Siena University,089fc166-61e3-41b2-bd4e-45650b667195,2026-11-03,whatley m,REP,2026_NC_Senate,129
2026,NC,Senate,,Roy A. Cooper,DEM,50.0,2026-06-27,601.0,The New York Times/Siena University,089fc166-61e3-41b2-bd4e-45650b667195,2026-11-03,cooper r,DEM,2026_NC_Senate,129
2026,OH,Senate,S,Jon Husted,REP,49.8,2026-06-28,601.0,The New York Times/Siena University,e5903ad0-d21c-4e69-9e02-750ec22f2ad3,2026-11-03,husted j,REP,2026_OH_Senate-S,128
2026,OH,Senate,S,Sherrod Brown,DEM,47.0,2026-06-28,601.0,The New York Times/Siena University,e5903ad0-d21c-4e69-9e02-750ec22f2ad3,2026-11-03,brown s,DEM,2026_OH_Senate-S,128
2026,IA,Senate,,Ashley Hinson,REP,48.5,2026-06-27,600.0,The New York Times/Siena University,0adcbad6-4f3a-4ede-9d94-ab1ffe58c64f,2026-11-03,hinson a,REP,2026_IA_Senate,129
2026,IA,Senate,,Josh Turek,DEM,46.0,2026-06-27,600.0,The New York Times/Siena University,0adcbad6-4f3a-4ede-9d94-ab1ffe58c64f,2026-11-03,turek j,DEM,2026_IA_Senate,129
2026,MA,Senate,,John Deaton,REP,30.0,2026-06-23,600.0,University of New Hampshire,28aaca86-3405-459d-bde1-783a3c56eef3,2026-11-03,deaton j,REP,2026_MA_Senate,133
2026,MA,Senate,,Seth Moulton,DEM,50.0,2026-06-23,600.0,University of New Hampshire,28aaca86-3405-459d-bde1-783a3c56eef3,2026-11-03,moulton s,DEM,2026_MA_Senate,133
2026,MA,Senate,,Edward J. Markey,DEM,50.0,2026-06-23,618.0,University of New Hampshire,28aaca86-3405-459d-bde1-783a3c56eef3,2026-11-03,markey e,DEM,2026_MA_Senate,133
2026,ME,Senate,,Susan M. Collins,REP,50.0,2026-06-27,1003.0,Beacon Research/Shaw & Company Research,ae1179f5-1fe6-4bf7-8b9c-77cc2c2407a1,2026-11-03,collins s,REP,2026_ME_Senate,129
2026,ME,Senate,,Graham Platner,DEM,47.0,2026-06-27,1003.0,Beacon Research/Shaw & Company Research,ae1179f5-1fe6-4bf7-8b9c-77cc2c2407a1,2026-11-03,platner g,DEM,2026_ME_Senate,129
2026,TX,Senate,,James Talarico,DEM,48.4,2026-06-28,618.0,A2 Insights,e0e5bf96-ed99-404c-ade3-b826c801da06,2026-11-03,talarico j,DEM,2026_TX_Senate,128
2026,TX,Senate,,Ken Paxton,REP,46.1,2026-06-28,618.0,A2 Insights,e0e5bf96-ed99-404c-ade3-b826c801da06,2026-11-03,paxton k,REP,2026_TX_Senate,128
2026,RI,Senate,,Jack Reed,DEM,52.0,2026-06-23,627.0,University of New Hampshire,c901814f-4167-4e6e-b790-116ed4fe4878,2026-11-03,reed j,DEM,2026_RI_Senate,133
2026,RI,Senate,,Raymond McKay,REP,35.0,2026-06-23,627.0,University of New Hampshire,c901814f-4167-4e6e-b790-116ed4fe4878,2026-11-03,mckay r,REP,2026_RI_Senate,133
2026,SC,Senate,,Lindsey Graham,REP,48.0,2026-06-22,700.0,Impact Research,5f1537b6-b469-4c39-a43d-6d2f3119fc84,2026-11-03,graham l,REP,2026_SC_Senate,134
2026,SC,Senate,,Annie Andrews,DEM,45.0,2026-06-22,700.0,Impact Research,5f1537b6-b469-4c39-a43d-6d2f3119fc84,2026-11-03,andrews a,DEM,2026_SC_Senate,134
2026,MT,Senate,,Kyle Austin,OTH,4.0,2026-06-24,500.0,GrayHouse,bb82054e-a9e9-44d5-8fdd-ccdb1e0a7995,2026-11-03,austin k,OTH,2026_MT_Senate,132
2026,MT,Senate,,Seth Bodnar,OTH,17.0,2026-06-24,500.0,GrayHouse,bb82054e-a9e9-44d5-8fdd-ccdb1e0a7995,2026-11-03,bodnar s,OTH,2026_MT_Senate,132
2026,MT,Senate,,Alani Bankhead,DEM,25.0,2026-06-24,500.0,GrayHouse,bb82054e-a9e9-44d5-8fdd-ccdb1e0a7995,2026-11-03,bankhead a,DEM,2026_MT_Senate,132
2026,MT,Senate,,Kurt Alme,REP,41.0,2026-06-24,500.0,GrayHouse,bb82054e-a9e9-44d5-8fdd-ccdb1e0a7995,2026-11-03,alme k,REP,2026_MT_Senate,132
2026,TX,Senate,,Ken Paxton,REP,46.7,2026-06-27,656.0,The New York Times/Siena University,851dac34-603d-4d28-b7d1-a611785efb38,2026-11-03,paxton k,REP,2026_TX_Senate,129
2026,TX,Senate,,James Talarico,DEM,46.6,2026-06-27,656.0,The New York Times/Siena University,851dac34-603d-4d28-b7d1-a611785efb38,2026-11-03,talarico j,DEM,2026_TX_Senate,129
2026,MI,Senate,,Mallory McMorrow,DEM,41.0,2026-06-28,602.0,Wedgewood Polls,ac22743d-7975-4bd3-981b-d39a2d3c9051,2026-11-03,mcmorrow m,DEM,2026_MI_Senate,128
2026,MI,Senate,,Mike Rogers,REP,48.0,2026-06-28,602.0,Wedgewood Polls,ac22743d-7975-4bd3-981b-d39a2d3c9051,2026-11-03,rogers m,REP,2026_MI_Senate,128
2026,MI,Senate,,Haley Stevens,DEM,46.0,2026-06-28,602.0,Wedgewood Polls,ac22743d-7975-4bd3-981b-d39a2d3c9051,2026-11-03,stevens h,DEM,2026_MI_Senate,128
2026,MI,Senate,,Abdul El-Sayed,DEM,49.0,2026-06-28,602.0,Wedgewood Polls,ac22743d-7975-4bd3-981b-d39a2d3c9051,2026-11-03,elsayed a,DEM,2026_MI_Senate,128
2026,ME,Senate,,Susan M. Collins,REP,47.0,2026-06-26,608.0,The New York Times/Siena University,67b56c94-89a5-47e0-ace0-551879438390,2026-11-03,collins s,REP,2026_ME_Senate,130
2026,ME,Senate,,Graham Platner,DEM,49.2,2026-06-26,608.0,The New York Times/Siena University,67b56c94-89a5-47e0-ace0-551879438390,2026-11-03,platner g,DEM,2026_ME_Senate,130
2026,IA,Senate,,Josh Turek,DEM,44.2,2026-06-19,600.0,Cygnal,24dd386f-3111-4c4a-9e7e-08d902516a53,2026-11-03,turek j,DEM,2026_IA_Senate,137
2026,IA,Senate,,Ashley Hinson,REP,46.0,2026-06-19,600.0,Cygnal,24dd386f-3111-4c4a-9e7e-08d902516a53,2026-11-03,hinson a,REP,2026_IA_Senate,137
2026,OH,Senate,S,Jon Husted,REP,45.0,2026-06-16,800.0,Fabrizio Ward/Impact Research,e7429018-12b7-482f-8c30-3efded20d842,2026-11-03,husted j,REP,2026_OH_Senate-S,140
2026,OH,Senate,S,Sherrod Brown,DEM,48.0,2026-06-16,800.0,Fabrizio Ward/Impact Research,e7429018-12b7-482f-8c30-3efded20d842,2026-11-03,brown s,DEM,2026_OH_Senate-S,140
2026,NC,Senate,,Michael Whatley,REP,34.0,2026-06-10,905.0,YouGov,f6e3156e-154f-44b2-9274-6aa47b65ae00,2026-11-03,whatley m,REP,2026_NC_Senate,146
2026,NC,Senate,,Roy A. Cooper,DEM,47.7,2026-06-10,905.0,YouGov,f6e3156e-154f-44b2-9274-6aa47b65ae00,2026-11-03,cooper r,DEM,2026_NC_Senate,146
2026,TX,Senate,,James Talarico,DEM,42.0,2026-06-12,1200.0,YouGov,b06f9f02-67f3-4c3c-8af6-993ed3085bc5,2026-11-03,talarico j,DEM,2026_TX_Senate,144
2026,TX,Senate,,Ken Paxton,REP,43.0,2026-06-12,1200.0,YouGov,b06f9f02-67f3-4c3c-8af6-993ed3085bc5,2026-11-03,paxton k,REP,2026_TX_Senate,144
2026,TX,Senate,,James Talarico,DEM,47.0,2026-06-21,800.0,SoCal Strategies,bed33bca-5153-4b86-9bd7-fdc0ccc4232d,2026-11-03,talarico j,DEM,2026_TX_Senate,135
2026,TX,Senate,,Ken Paxton,REP,48.5,2026-06-21,800.0,SoCal Strategies,bed33bca-5153-4b86-9bd7-fdc0ccc4232d,2026-11-03,paxton k,REP,2026_TX_Senate,135
2026,IA,Senate,,Ashley Hinson,REP,45.0,2026-06-11,1000.0,Global Strategy Group,451d8bec-3834-470b-ac9a-1ba5e1a05a5b,2026-11-03,hinson a,REP,2026_IA_Senate,145
2026,IA,Senate,,Josh Turek,DEM,47.0,2026-06-11,1000.0,Global Strategy Group,451d8bec-3834-470b-ac9a-1ba5e1a05a5b,2026-11-03,turek j,DEM,2026_IA_Senate,145
2026,MT,Senate,,Kyle Austin,OTH,4.0,2026-06-11,500.0,Public Opinion Strategies,bf714d68-2d8d-416f-909e-af5f1c6bf6b1,2026-11-03,austin k,OTH,2026_MT_Senate,145
2026,MT,Senate,,Seth Bodnar,OTH,20.0,2026-06-11,500.0,Public Opinion Strategies,bf714d68-2d8d-416f-909e-af5f1c6bf6b1,2026-11-03,bodnar s,OTH,2026_MT_Senate,145
2026,MT,Senate,,Alani Bankhead,DEM,25.0,2026-06-11,500.0,Public Opinion Strategies,bf714d68-2d8d-416f-909e-af5f1c6bf6b1,2026-11-03,bankhead a,DEM,2026_MT_Senate,145
2026,MT,Senate,,Kurt Alme,REP,44.0,2026-06-11,500.0,Public Opinion Strategies,bf714d68-2d8d-416f-909e-af5f1c6bf6b1,2026-11-03,alme k,REP,2026_MT_Senate,145
2026,MI,Senate,,Mike Rogers,REP,42.0,2026-06-14,602.0,Zenith Research,71938f8f-5729-4080-8138-466f03f51516,2026-11-03,rogers m,REP,2026_MI_Senate,142
2026,MI,Senate,,Haley Stevens,DEM,43.0,2026-06-14,602.0,Zenith Research,71938f8f-5729-4080-8138-466f03f51516,2026-11-03,stevens h,DEM,2026_MI_Senate,142
2026,MI,Senate,,Mallory McMorrow,DEM,44.0,2026-06-14,602.0,Zenith Research,71938f8f-5729-4080-8138-466f03f51516,2026-11-03,mcmorrow m,DEM,2026_MI_Senate,142
2026,MI,Senate,,Abdul El-Sayed,DEM,45.0,2026-06-14,602.0,Zenith Research,71938f8f-5729-4080-8138-466f03f51516,2026-11-03,elsayed a,DEM,2026_MI_Senate,142
2026,OH,Senate,S,Jon Husted,REP,42.0,2026-06-04,600.0,Tulchin Research,3abe7c38-03f5-4972-ab6c-6562912cdf5f,2026-11-03,husted j,REP,2026_OH_Senate-S,152
2026,OH,Senate,S,Sherrod Brown,DEM,46.0,2026-06-04,600.0,Tulchin Research,3abe7c38-03f5-4972-ab6c-6562912cdf5f,2026-11-03,brown s,DEM,2026_OH_Senate-S,152
2026,FL,Senate,S,Alexander Vindman,DEM,46.0,2026-06-14,1015.0,Change Research,4d861c8b-85ec-4c48-b202-172e27f1f06d,2026-11-03,vindman a,DEM,2026_FL_Senate-S,142
2026,FL,Senate,S,Ashley Moody,REP,46.0,2026-06-14,1015.0,Change Research,4d861c8b-85ec-4c48-b202-172e27f1f06d,2026-11-03,moody a,REP,2026_FL_Senate-S,142
2026,MI,Senate,,Mike Rogers,REP,42.0,2026-06-13,827.0,Mitchell Research & Communications,65ba6cdf-2251-4329-92db-d3957baf9616,2026-11-03,rogers m,REP,2026_MI_Senate,143
2026,MI,Senate,,Abdul El-Sayed,DEM,47.0,2026-06-13,827.0,Mitchell Research & Communications,65ba6cdf-2251-4329-92db-d3957baf9616,2026-11-03,elsayed a,DEM,2026_MI_Senate,143
2026,MI,Senate,,Haley Stevens,DEM,41.0,2026-06-13,827.0,Mitchell Research & Communications,65ba6cdf-2251-4329-92db-d3957baf9616,2026-11-03,stevens h,DEM,2026_MI_Senate,143
2026,MI,Senate,,Mallory McMorrow,DEM,41.0,2026-06-13,827.0,Mitchell Research & Communications,65ba6cdf-2251-4329-92db-d3957baf9616,2026-11-03,mcmorrow m,DEM,2026_MI_Senate,143
2026,ME,Senate,,Graham Platner,DEM,47.6,2026-06-14,1008.0,Wick,6539644e-fc58-4f80-9d89-ed3a81a98bc6,2026-11-03,platner g,DEM,2026_ME_Senate,142
2026,ME,Senate,,Susan M. Collins,REP,45.4,2026-06-14,1008.0,Wick,6539644e-fc58-4f80-9d89-ed3a81a98bc6,2026-11-03,collins s,REP,2026_ME_Senate,142
2026,MA,Senate,,John Deaton,REP,26.2,2026-06-12,500.0,Suffolk University,47a39d12-58de-4b2d-914b-9a03d338c607,2026-11-03,deaton j,REP,2026_MA_Senate,144
2026,MA,Senate,,Seth Moulton,DEM,53.8,2026-06-12,500.0,Suffolk University,47a39d12-58de-4b2d-914b-9a03d338c607,2026-11-03,moulton s,DEM,2026_MA_Senate,144
2026,MA,Senate,,Edward J. Markey,DEM,55.0,2026-06-12,500.0,Suffolk University,47a39d12-58de-4b2d-914b-9a03d338c607,2026-11-03,markey e,DEM,2026_MA_Senate,144
2026,AK,Senate,,Dan Sullivan,REP,44.2,2026-06-07,1393.0,Alaska Survey Research,35cede46-c867-4b0b-ab55-934d055eccb1,2026-11-03,sullivan d,REP,2026_AK_Senate,149
2026,AK,Senate,,Mary S. Peltola,DEM,49.4,2026-06-07,1393.0,Alaska Survey Research,35cede46-c867-4b0b-ab55-934d055eccb1,2026-11-03,peltola m,DEM,2026_AK_Senate,149
2026,ME,Senate,,Susan M. Collins,REP,45.0,2026-06-11,870.0,Quantus Insights,1dc1cc06-a65f-46f1-a53b-c11769d634dd,2026-11-03,collins s,REP,2026_ME_Senate,145
2026,ME,Senate,,Graham Platner,DEM,46.0,2026-06-11,870.0,Quantus Insights,1dc1cc06-a65f-46f1-a53b-c11769d634dd,2026-11-03,platner g,DEM,2026_ME_Senate,145
2026,ID,Senate,,Matt Loesby,OTH,2.0,2026-06-07,500.0,Peak Insights,c122ad52-5f1f-4e63-adb5-0e3e0218943e,2026-11-03,loesby m,OTH,2026_ID_Senate,149
2026,ID,Senate,,Natalie Fleming,OTH,5.0,2026-06-07,500.0,Peak Insights,c122ad52-5f1f-4e63-adb5-0e3e0218943e,2026-11-03,fleming n,OTH,2026_ID_Senate,149
2026,ID,Senate,,Todd Achilles,OTH,7.0,2026-06-07,500.0,Peak Insights,c122ad52-5f1f-4e63-adb5-0e3e0218943e,2026-11-03,achilles t,OTH,2026_ID_Senate,149
2026,ID,Senate,,David Roth,DEM,15.0,2026-06-07,500.0,Peak Insights,c122ad52-5f1f-4e63-adb5-0e3e0218943e,2026-11-03,roth d,DEM,2026_ID_Senate,149
2026,ID,Senate,,James E. Risch,REP,55.0,2026-06-07,500.0,Peak Insights,c122ad52-5f1f-4e63-adb5-0e3e0218943e,2026-11-03,risch j,REP,2026_ID_Senate,149
2026,MI,Senate,,Mike Rogers,REP,41.0,2026-06-04,500.0,Tulchin Research,171c2baa-929a-4545-9980-55d6685168c3,2026-11-03,rogers m,REP,2026_MI_Senate,152
2026,MI,Senate,,Abdul El-Sayed,DEM,46.0,2026-06-04,500.0,Tulchin Research,171c2baa-929a-4545-9980-55d6685168c3,2026-11-03,elsayed a,DEM,2026_MI_Senate,152
2026,TX,Senate,,James Talarico,DEM,46.0,2026-06-04,807.0,Siena University,476ff6b9-434a-4db8-aca3-58fd8bc21cf2,2026-11-03,talarico j,DEM,2026_TX_Senate,152
2026,TX,Senate,,Ken Paxton,REP,46.0,2026-06-04,807.0,Siena University,476ff6b9-434a-4db8-aca3-58fd8bc21cf2,2026-11-03,paxton k,REP,2026_TX_Senate,152
2026,ME,Senate,,Susan M. Collins,REP,45.0,2026-06-08,1642.0,Tavern Research,2e2c0413-91b8-44b6-b805-5e2f8bc934a1,2026-11-03,collins s,REP,2026_ME_Senate,148
2026,ME,Senate,,Janet T. Mills,DEM,52.0,2026-06-08,1642.0,Tavern Research,2e2c0413-91b8-44b6-b805-5e2f8bc934a1,2026-11-03,mills j,DEM,2026_ME_Senate,148
2026,ME,Senate,,Graham Platner,DEM,51.0,2026-06-08,1642.0,Tavern Research,2e2c0413-91b8-44b6-b805-5e2f8bc934a1,2026-11-03,platner g,DEM,2026_ME_Senate,148
2026,SD,Senate,,Julian Beaudion,DEM,18.0,2026-05-30,726.0,Public Policy Polling,d67b23f2-1527-46ca-a7a0-952968287fc5,2026-11-03,beaudion j,DEM,2026_SD_Senate,157
2026,SD,Senate,,Brian L. Bengs,OTH,23.0,2026-05-30,726.0,Public Policy Polling,d67b23f2-1527-46ca-a7a0-952968287fc5,2026-11-03,bengs b,OTH,2026_SD_Senate,157
2026,SD,Senate,,Mike Rounds,REP,43.0,2026-05-30,726.0,Public Policy Polling,d67b23f2-1527-46ca-a7a0-952968287fc5,2026-11-03,rounds m,REP,2026_SD_Senate,157
2026,MT,Senate,,Seth Bodnar,OTH,35.1,2026-03-20,616.0,Change Research,5423bbdc-0218-4669-a4ca-59e24d0f2a93,2026-11-03,bodnar s,OTH,2026_MT_Senate,228
2026,MT,Senate,,Kurt Alme,REP,36.8,2026-03-20,616.0,Change Research,5423bbdc-0218-4669-a4ca-59e24d0f2a93,2026-11-03,alme k,REP,2026_MT_Senate,228
2026,IA,Senate,,Ashley Hinson,REP,46.0,2026-06-04,557.0,Public Policy Polling,f592df59-2938-4f60-9b35-8bb8c1797b2d,2026-11-03,hinson a,REP,2026_IA_Senate,152
2026,IA,Senate,,Josh Turek,DEM,46.0,2026-06-04,557.0,Public Policy Polling,f592df59-2938-4f60-9b35-8bb8c1797b2d,2026-11-03,turek j,DEM,2026_IA_Senate,152
2026,TX,Senate,,James Talarico,DEM,43.0,2026-06-04,800.0,Quantus Insights,060a5011-a4a0-4fb8-a2ec-a1d9e573ba7c,2026-11-03,talarico j,DEM,2026_TX_Senate,152
2026,TX,Senate,,Ken Paxton,REP,45.0,2026-06-04,800.0,Quantus Insights,060a5011-a4a0-4fb8-a2ec-a1d9e573ba7c,2026-11-03,paxton k,REP,2026_TX_Senate,152
2026,ME,Senate,,Graham Platner,DEM,46.0,2026-06-03,800.0,"Fabrizio, Lee & Associates",85d3f37d-3223-465e-8238-2007aa57b45b,2026-11-03,platner g,DEM,2026_ME_Senate,153
2026,ME,Senate,,Susan M. Collins,REP,46.0,2026-06-03,800.0,"Fabrizio, Lee & Associates",85d3f37d-3223-465e-8238-2007aa57b45b,2026-11-03,collins s,REP,2026_ME_Senate,153
2026,MN,Senate,,Michele Tafoya,REP,44.0,2026-05-28,808.0,Impact Research,fa307c88-2b80-406c-ab51-898ff492fe17,2026-11-03,tafoya m,REP,2026_MN_Senate,159
2026,MN,Senate,,Peggy Flanagan,DEM,51.0,2026-05-28,808.0,Impact Research,fa307c88-2b80-406c-ab51-898ff492fe17,2026-11-03,flanagan p,DEM,2026_MN_Senate,159
2026,MN,Senate,,Angie Craig,DEM,51.0,2026-05-28,808.0,Impact Research,fa307c88-2b80-406c-ab51-898ff492fe17,2026-11-03,craig a,DEM,2026_MN_Senate,159
2026,ME,Senate,,Susan M. Collins,REP,43.0,2026-05-26,650.0,University of Massachusetts Lowell Center for Public Opinion/YouGov,e6d59634-97b2-42cb-8244-7fc90f926784,2026-11-03,collins s,REP,2026_ME_Senate,161
2026,ME,Senate,,Graham Platner,DEM,48.0,2026-05-26,650.0,University of Massachusetts Lowell Center for Public Opinion/YouGov,e6d59634-97b2-42cb-8244-7fc90f926784,2026-11-03,platner g,DEM,2026_ME_Senate,161
2026,OH,Senate,S,Jon Husted,REP,45.0,2026-06-01,1015.0,Beacon Research/Shaw & Company Research,a7eab946-0bc0-41cb-bc12-8ae3b3f4b81c,2026-11-03,husted j,REP,2026_OH_Senate-S,155
2026,OH,Senate,S,Sherrod Brown,DEM,53.0,2026-06-01,1015.0,Beacon Research/Shaw & Company Research,a7eab946-0bc0-41cb-bc12-8ae3b3f4b81c,2026-11-03,brown s,DEM,2026_OH_Senate-S,155
2026,ME,Senate,,Susan M. Collins,REP,45.0,2026-06-03,670.0,Public Policy Polling,8b7b391c-981b-485f-89fa-35ace0cf3903,2026-11-03,collins s,REP,2026_ME_Senate,153
2026,ME,Senate,,Graham Platner,DEM,49.0,2026-06-03,670.0,Public Policy Polling,8b7b391c-981b-485f-89fa-35ace0cf3903,2026-11-03,platner g,DEM,2026_ME_Senate,153
2026,ID,Senate,,Todd Achilles,OTH,36.0,2026-06-01,774.0,The Bullfinch Group,2cefc24c-dab8-41e7-954c-c1e56215262b,2026-11-03,achilles t,OTH,2026_ID_Senate,155
2026,ID,Senate,,James E. Risch,REP,40.0,2026-06-01,774.0,The Bullfinch Group,2cefc24c-dab8-41e7-954c-c1e56215262b,2026-11-03,risch j,REP,2026_ID_Senate,155
2026,ID,Senate,,David Roth,DEM,33.0,2026-06-01,774.0,The Bullfinch Group,2cefc24c-dab8-41e7-954c-c1e56215262b,2026-11-03,roth d,DEM,2026_ID_Senate,155
2026,MI,Senate,,Mike Rogers,REP,41.6,2026-05-23,1163.0,TIPP Insights,4edb8181-1463-4c6b-b48d-17951e1158d0,2026-11-03,rogers m,REP,2026_MI_Senate,164
2026,MI,Senate,,Mallory McMorrow,DEM,45.2,2026-05-23,1163.0,TIPP Insights,4edb8181-1463-4c6b-b48d-17951e1158d0,2026-11-03,mcmorrow m,DEM,2026_MI_Senate,164
2026,MI,Senate,,Abdul El-Sayed,DEM,43.4,2026-05-23,1163.0,TIPP Insights,4edb8181-1463-4c6b-b48d-17951e1158d0,2026-11-03,elsayed a,DEM,2026_MI_Senate,164
2026,MI,Senate,,Haley Stevens,DEM,47.8,2026-05-23,1163.0,TIPP Insights,4edb8181-1463-4c6b-b48d-17951e1158d0,2026-11-03,stevens h,DEM,2026_MI_Senate,164
2026,TX,Senate,,James Talarico,DEM,47.0,2026-05-28,1670.0,Slingshot Strategies,48331063-1d9a-4a55-a585-6981c1b38e81,2026-11-03,talarico j,DEM,2026_TX_Senate,159
2026,TX,Senate,,Ken Paxton,REP,44.0,2026-05-28,1670.0,Slingshot Strategies,48331063-1d9a-4a55-a585-6981c1b38e81,2026-11-03,paxton k,REP,2026_TX_Senate,159
2026,FL,Senate,S,Ashley Moody,REP,46.0,2026-05-21,1000.0,Global Strategy Group,82abb093-a035-4baf-8454-9e8414a28e65,2026-11-03,moody a,REP,2026_FL_Senate-S,166
2026,FL,Senate,S,Alexander Vindman,DEM,43.0,2026-05-21,1000.0,Global Strategy Group,82abb093-a035-4baf-8454-9e8414a28e65,2026-11-03,vindman a,DEM,2026_FL_Senate-S,166
2026,ME,Senate,,Graham Platner,DEM,51.0,2026-05-25,1250.0,University of New Hampshire,7bac6163-a4b1-4378-872d-9e3247a9f447,2026-11-03,platner g,DEM,2026_ME_Senate,162
2026,ME,Senate,,Susan M. Collins,REP,42.0,2026-05-25,1250.0,University of New Hampshire,7bac6163-a4b1-4378-872d-9e3247a9f447,2026-11-03,collins s,REP,2026_ME_Senate,162
2026,TX,Senate,,Ken Paxton,REP,38.0,2026-05-23,643.0,Public Policy Polling,85cc4ac5-cb11-4b55-9888-56afabb87393,2026-11-03,paxton k,REP,2026_TX_Senate,164
2026,TX,Senate,,James Talarico,DEM,45.0,2026-05-23,643.0,Public Policy Polling,85cc4ac5-cb11-4b55-9888-56afabb87393,2026-11-03,talarico j,DEM,2026_TX_Senate,164
2026,AK,Senate,,Dan Sullivan,REP,43.8,2026-05-17,1401.0,Alaska Survey Research,24511bba-225f-4c6f-91fc-a51dcc039b64,2026-11-03,sullivan d,REP,2026_AK_Senate,170
2026,AK,Senate,,Mary S. Peltola,DEM,48.4,2026-05-17,1401.0,Alaska Survey Research,24511bba-225f-4c6f-91fc-a51dcc039b64,2026-11-03,peltola m,DEM,2026_AK_Senate,170
2026,ME,Senate,,Susan M. Collins,REP,41.0,2026-05-18,827.0,Pan Atlantic SMS Group,09a21c73-2dcf-4c37-8c14-fa62361b2c7e,2026-11-03,collins s,REP,2026_ME_Senate,169
2026,ME,Senate,,Graham Platner,DEM,48.0,2026-05-18,827.0,Pan Atlantic SMS Group,09a21c73-2dcf-4c37-8c14-fa62361b2c7e,2026-11-03,platner g,DEM,2026_ME_Senate,169
2026,MT,Senate,,Kurt Alme,REP,56.0,2026-05-18,607.0,Tavern Research,13612ecb-8f27-4a3c-942e-c134fd7cbf66,2026-11-03,alme k,REP,2026_MT_Senate,169
2026,MT,Senate,,Seth Bodnar,OTH,26.0,2026-05-18,607.0,Tavern Research,13612ecb-8f27-4a3c-942e-c134fd7cbf66,2026-11-03,bodnar s,OTH,2026_MT_Senate,169
2026,FL,Senate,S,Alexander Vindman,DEM,41.0,2026-05-16,2070.0,Change Research,d3c0332e-4eb3-40ce-9ca1-23424e5f5d79,2026-11-03,vindman a,DEM,2026_FL_Senate-S,171
2026,FL,Senate,S,Ashley Moody,REP,46.0,2026-05-16,2070.0,Change Research,d3c0332e-4eb3-40ce-9ca1-23424e5f5d79,2026-11-03,moody a,REP,2026_FL_Senate-S,171
2026,TX,Senate,,James Talarico,DEM,45.0,2026-05-06,1223.0,Barbara Jordan Public Policy Research and Survey Center,a13a661b-89be-4d2b-a371-09edc4fc4ea4,2026-11-03,talarico j,DEM,2026_TX_Senate,181
2026,TX,Senate,,Ken Paxton,REP,45.0,2026-05-06,1223.0,Barbara Jordan Public Policy Research and Survey Center,a13a661b-89be-4d2b-a371-09edc4fc4ea4,2026-11-03,paxton k,REP,2026_TX_Senate,181
2026,NC,Senate,,Michael Whatley,REP,42.4,2026-05-08,957.0,Change Research,1759647c-7327-4a19-9985-8ebc9ca0bc2b,2026-11-03,whatley m,REP,2026_NC_Senate,179
2026,NC,Senate,,Roy A. Cooper,DEM,49.3,2026-05-08,957.0,Change Research,1759647c-7327-4a19-9985-8ebc9ca0bc2b,2026-11-03,cooper r,DEM,2026_NC_Senate,179
2026,FL,Senate,S,Alexander Vindman,DEM,40.0,2026-05-09,604.0,Cherry Communications,fba38c00-600a-4853-8185-203913c2ab61,2026-11-03,vindman a,DEM,2026_FL_Senate-S,178
2026,FL,Senate,S,Ashley Moody,REP,48.0,2026-05-09,604.0,Cherry Communications,fba38c00-600a-4853-8185-203913c2ab61,2026-11-03,moody a,REP,2026_FL_Senate-S,178
2026,NC,Senate,,Michael Whatley,REP,41.4,2026-04-24,830.0,Opinion Diagnostics,17eb9dd9-8dc0-4319-80c9-638fe7b99c58,2026-11-03,whatley m,REP,2026_NC_Senate,193
2026,NC,Senate,,Roy A. Cooper,DEM,50.4,2026-04-24,830.0,Opinion Diagnostics,17eb9dd9-8dc0-4319-80c9-638fe7b99c58,2026-11-03,cooper r,DEM,2026_NC_Senate,193
2026,NC,Senate,,Roy A. Cooper,DEM,49.8,2026-05-11,600.0,Harper Polling,d9cf448e-160f-4950-adf4-1e4d5d837fd8,2026-11-03,cooper r,DEM,2026_NC_Senate,176
2026,NC,Senate,,Michael Whatley,REP,38.7,2026-05-11,600.0,Harper Polling,d9cf448e-160f-4950-adf4-1e4d5d837fd8,2026-11-03,whatley m,REP,2026_NC_Senate,176
2026,MI,Senate,,Haley Stevens,DEM,41.5,2026-05-01,600.0,"Glengariff Group, Inc.",1a46e29b-fef9-46bd-910c-0dc101930ec8,2026-11-03,stevens h,DEM,2026_MI_Senate,186
2026,MI,Senate,,Mike Rogers,REP,43.8,2026-05-01,600.0,"Glengariff Group, Inc.",1a46e29b-fef9-46bd-910c-0dc101930ec8,2026-11-03,rogers m,REP,2026_MI_Senate,186
2026,MI,Senate,,Mallory McMorrow,DEM,40.7,2026-05-01,600.0,"Glengariff Group, Inc.",1a46e29b-fef9-46bd-910c-0dc101930ec8,2026-11-03,mcmorrow m,DEM,2026_MI_Senate,186
2026,MI,Senate,,Abdul El-Sayed,DEM,39.8,2026-05-01,600.0,"Glengariff Group, Inc.",1a46e29b-fef9-46bd-910c-0dc101930ec8,2026-11-03,elsayed a,DEM,2026_MI_Senate,186
2026,MI,Senate,,Haley Stevens,DEM,39.0,2026-05-07,606.0,Mitchell Research & Communications,26ee4caa-20a1-4547-8faa-12fd3976299a,2026-11-03,stevens h,DEM,2026_MI_Senate,180
2026,MI,Senate,,Mike Rogers,REP,42.0,2026-05-07,606.0,Mitchell Research & Communications,26ee4caa-20a1-4547-8faa-12fd3976299a,2026-11-03,rogers m,REP,2026_MI_Senate,180
2026,MI,Senate,,Mallory McMorrow,DEM,41.0,2026-05-07,606.0,Mitchell Research & Communications,26ee4caa-20a1-4547-8faa-12fd3976299a,2026-11-03,mcmorrow m,DEM,2026_MI_Senate,180
2026,MI,Senate,,Abdul El-Sayed,DEM,41.0,2026-05-07,607.0,Mitchell Research & Communications,26ee4caa-20a1-4547-8faa-12fd3976299a,2026-11-03,elsayed a,DEM,2026_MI_Senate,180
2026,NE,Senate,,Pete Ricketts,REP,50.0,2026-05-11,1165.0,Tavern Research,cc32f509-8940-4dc1-a883-3b2cb93bda47,2026-11-03,ricketts p,REP,2026_NE_Senate,176
2026,NE,Senate,,Dan Osborn,DEM,47.0,2026-05-11,1165.0,Tavern Research,cc32f509-8940-4dc1-a883-3b2cb93bda47,2026-11-03,osborn d,IND,2026_NE_Senate,176
2026,KS,Senate,,Roger Marshall,REP,49.0,2026-04-27,500.0,GQR,db1fc453-f2fa-46e8-a6cf-dc61581e548b,2026-11-03,marshall r,REP,2026_KS_Senate,190
2026,KS,Senate,,Patrick Schmidt,DEM,45.0,2026-04-27,500.0,GQR,db1fc453-f2fa-46e8-a6cf-dc61581e548b,2026-11-03,schmidt p,DEM,2026_KS_Senate,190
2026,TX,Senate,,James Talarico,DEM,42.0,2026-04-20,1200.0,YouGov,8a818f07-3d18-4cc0-9d48-c37cf0ffe8f2,2026-11-03,talarico j,DEM,2026_TX_Senate,197
2026,TX,Senate,,Ken Paxton,REP,34.0,2026-04-20,1200.0,YouGov,8a818f07-3d18-4cc0-9d48-c37cf0ffe8f2,2026-11-03,paxton k,REP,2026_TX_Senate,197
2026,TX,Senate,,James Talarico,DEM,46.0,2026-04-20,1018.0,Slingshot Strategies,8cd789de-bb0c-4c26-869c-bfec1f070b0e,2026-11-03,talarico j,DEM,2026_TX_Senate,197
2026,TX,Senate,,Ken Paxton,REP,41.0,2026-04-20,1018.0,Slingshot Strategies,8cd789de-bb0c-4c26-869c-bfec1f070b0e,2026-11-03,paxton k,REP,2026_TX_Senate,197
2026,FL,Senate,S,Angie Nixon,DEM,38.0,2026-04-13,414.0,Stetson University Center for Public Opinion Research,e0c4d5f9-c97e-4b62-993b-32cda2a43ce8,2026-11-03,nixon a,DEM,2026_FL_Senate-S,204
2026,FL,Senate,S,Ashley Moody,REP,51.0,2026-04-13,414.0,Stetson University Center for Public Opinion Research,e0c4d5f9-c97e-4b62-993b-32cda2a43ce8,2026-11-03,moody a,REP,2026_FL_Senate-S,204
2026,FL,Senate,S,Alexander Vindman,DEM,42.0,2026-04-13,434.0,Stetson University Center for Public Opinion Research,e0c4d5f9-c97e-4b62-993b-32cda2a43ce8,2026-11-03,vindman a,DEM,2026_FL_Senate-S,204
2026,AK,Senate,,Dan Sullivan,REP,43.6,2026-04-19,1946.0,Alaska Survey Research,b613d76c-3e02-43de-aa2a-d6323fbd68fe,2026-11-03,sullivan d,REP,2026_AK_Senate,198
2026,AK,Senate,,Mary S. Peltola,DEM,50.2,2026-04-19,1946.0,Alaska Survey Research,b613d76c-3e02-43de-aa2a-d6323fbd68fe,2026-11-03,peltola m,DEM,2026_AK_Senate,198
2026,MA,Senate,,Seth Moulton,DEM,56.0,2026-04-20,600.0,University of New Hampshire,d402ce3b-830d-4b62-a170-3c6f99f55879,2026-11-03,moulton s,DEM,2026_MA_Senate,197
2026,MA,Senate,,John Deaton,REP,25.0,2026-04-20,600.0,University of New Hampshire,d402ce3b-830d-4b62-a170-3c6f99f55879,2026-11-03,deaton j,REP,2026_MA_Senate,197
2026,MA,Senate,,Edward J. Markey,DEM,55.0,2026-04-20,603.0,University of New Hampshire,d402ce3b-830d-4b62-a170-3c6f99f55879,2026-11-03,markey e,DEM,2026_MA_Senate,197
2026,NH,Senate,,John E. Sununu,REP,42.0,2026-04-21,1130.0,University of New Hampshire,cab70212-715f-4ec9-9b3b-dfc28a274f09,2026-11-03,sununu j,REP,2026_NH_Senate,196
2026,NH,Senate,,Chris Pappas,DEM,49.0,2026-04-21,1130.0,University of New Hampshire,cab70212-715f-4ec9-9b3b-dfc28a274f09,2026-11-03,pappas c,DEM,2026_NH_Senate,196
2026,NH,Senate,,Scott Brown,REP,38.0,2026-04-21,1115.0,University of New Hampshire,cab70212-715f-4ec9-9b3b-dfc28a274f09,2026-11-03,brown s,REP,2026_NH_Senate,196
2026,ME,Senate,,Janet T. Mills,DEM,48.0,2026-04-09,378.0,Echelon Insights,3b22cd8f-d6b6-40ac-8081-858b036bdb3a,2026-11-03,mills j,DEM,2026_ME_Senate,208
2026,ME,Senate,,Susan M. Collins,REP,46.0,2026-04-09,378.0,Echelon Insights,3b22cd8f-d6b6-40ac-8081-858b036bdb3a,2026-11-03,collins s,REP,2026_ME_Senate,208
2026,ME,Senate,,Graham Platner,DEM,51.0,2026-04-09,378.0,Echelon Insights,3b22cd8f-d6b6-40ac-8081-858b036bdb3a,2026-11-03,platner g,DEM,2026_ME_Senate,208
2026,IA,Senate,,Josh Turek,DEM,46.0,2026-04-09,377.0,Echelon Insights,bfdc9478-9560-4666-9689-c10a7f491db2,2026-11-03,turek j,DEM,2026_IA_Senate,208
2026,IA,Senate,,Ashley Hinson,REP,45.0,2026-04-09,377.0,Echelon Insights,bfdc9478-9560-4666-9689-c10a7f491db2,2026-11-03,hinson a,REP,2026_IA_Senate,208
2026,OH,Senate,S,Sherrod Brown,DEM,45.0,2026-04-09,413.0,Echelon Insights,4cd851f7-b47b-4f4a-a424-3670faff482a,2026-11-03,brown s,DEM,2026_OH_Senate-S,208
2026,OH,Senate,S,Jon Husted,REP,51.0,2026-04-09,413.0,Echelon Insights,4cd851f7-b47b-4f4a-a424-3670faff482a,2026-11-03,husted j,REP,2026_OH_Senate-S,208
2026,FL,Senate,S,Alexander Vindman,DEM,43.0,2026-04-09,406.0,Echelon Insights,49b05a6f-e105-4f0b-8a6e-a05e9b0bbeae,2026-11-03,vindman a,DEM,2026_FL_Senate-S,208
2026,FL,Senate,S,Ashley Moody,REP,50.0,2026-04-09,406.0,Echelon Insights,49b05a6f-e105-4f0b-8a6e-a05e9b0bbeae,2026-11-03,moody a,REP,2026_FL_Senate-S,208
2026,GA,Senate,,Jon Ossoff,DEM,51.0,2026-04-09,407.0,Echelon Insights,e154d9f8-b73d-4cec-b9db-b5df7f368768,2026-11-03,ossoff j,DEM,2026_GA_Senate,208
2026,GA,Senate,,Mike Collins,REP,44.0,2026-04-09,407.0,Echelon Insights,e154d9f8-b73d-4cec-b9db-b5df7f368768,2026-11-03,collins m,REP,2026_GA_Senate,208
2026,MS,Senate,,Ty Pinkins,OTH,6.0,2026-04-12,500.0,Impact Research,bb2c7efc-df3d-4cee-aef5-0db1bb547945,2026-11-03,pinkins t,OTH,2026_MS_Senate,205
2026,MS,Senate,,Cindy Hyde-Smith,REP,42.0,2026-04-12,500.0,Impact Research,bb2c7efc-df3d-4cee-aef5-0db1bb547945,2026-11-03,hydesmith c,REP,2026_MS_Senate,205
2026,MS,Senate,,Scott Colom,DEM,39.0,2026-04-12,500.0,Impact Research,bb2c7efc-df3d-4cee-aef5-0db1bb547945,2026-11-03,colom s,DEM,2026_MS_Senate,205
2026,OH,Senate,S,Sherrod Brown,DEM,47.0,2026-04-14,1000.0,Bowling Green State University Democracy and Public Policy Research Network/YouGov,b5910ed4-b6e9-4abc-a223-faf2fc268e09,2026-11-03,brown s,DEM,2026_OH_Senate-S,203
2026,OH,Senate,S,Jon Husted,REP,50.0,2026-04-14,1000.0,Bowling Green State University Democracy and Public Policy Research Network/YouGov,b5910ed4-b6e9-4abc-a223-faf2fc268e09,2026-11-03,husted j,REP,2026_OH_Senate-S,203
2026,KS,Senate,,Patrick Schmidt,DEM,46.0,2026-01-28,1013.0,Tavern Research,1609f740-bfac-4e97-967a-7a4609268938,2026-11-03,schmidt p,DEM,2026_KS_Senate,279
2026,KS,Senate,,Roger Marshall,REP,54.0,2026-01-28,1013.0,Tavern Research,1609f740-bfac-4e97-967a-7a4609268938,2026-11-03,marshall r,REP,2026_KS_Senate,279
2026,NC,Senate,,Michael Whatley,REP,39.0,2026-04-06,800.0,High Point University,6c46d010-b8cb-4466-9b1b-d8dd12613bab,2026-11-03,whatley m,REP,2026_NC_Senate,211
2026,NC,Senate,,Roy A. Cooper,DEM,49.0,2026-04-06,800.0,High Point University,6c46d010-b8cb-4466-9b1b-d8dd12613bab,2026-11-03,cooper r,DEM,2026_NC_Senate,211
2026,SD,Senate,,Brian L. Bengs,OTH,28.0,2025-07-31,552.0,Public Policy Polling,8c598746-c725-4214-9109-1646c37cfff4,2026-11-03,bengs b,OTH,2026_SD_Senate,460
2026,SD,Senate,,Mike Rounds,REP,41.0,2025-07-31,552.0,Public Policy Polling,8c598746-c725-4214-9109-1646c37cfff4,2026-11-03,rounds m,REP,2026_SD_Senate,460
2026,FL,Senate,S,Ashley Moody,REP,43.4,2026-04-03,1834.0,MDW Communications,6de9b68d-c895-4d9d-ae37-a4a63cc6e7da,2026-11-03,moody a,REP,2026_FL_Senate-S,214
2026,FL,Senate,S,Alexander Vindman,DEM,42.2,2026-04-03,1834.0,MDW Communications,6de9b68d-c895-4d9d-ae37-a4a63cc6e7da,2026-11-03,vindman a,DEM,2026_FL_Senate-S,214
2026,IA,Senate,,Ashley Hinson,REP,47.0,2026-03-16,1200.0,GBAO,e6cb5ea0-a482-40b1-aa49-45f7eef8eb57,2026-11-03,hinson a,REP,2026_IA_Senate,232
2026,IA,Senate,,Josh Turek,DEM,43.0,2026-03-16,1200.0,GBAO,e6cb5ea0-a482-40b1-aa49-45f7eef8eb57,2026-11-03,turek j,DEM,2026_IA_Senate,232
2026,FL,Senate,S,Ashley Moody,REP,43.0,2026-04-03,574.0,Public Policy Polling,cd9f4a7f-1185-4e27-89ae-9e8998e548b4,2026-11-03,moody a,REP,2026_FL_Senate-S,214
2026,FL,Senate,S,Alexander Vindman,DEM,40.0,2026-04-03,574.0,Public Policy Polling,cd9f4a7f-1185-4e27-89ae-9e8998e548b4,2026-11-03,vindman a,DEM,2026_FL_Senate-S,214
2026,ME,Senate,,Susan M. Collins,REP,45.0,2026-03-31,1167.0,Maine People's Resource Center,aa477250-005b-48ed-9b69-46af9f7611e8,2026-11-03,collins s,REP,2026_ME_Senate,217
2026,ME,Senate,,Janet T. Mills,DEM,41.9,2026-03-31,1167.0,Maine People's Resource Center,aa477250-005b-48ed-9b69-46af9f7611e8,2026-11-03,mills j,DEM,2026_ME_Senate,217
2026,ME,Senate,,Graham Platner,DEM,48.3,2026-03-31,1167.0,Maine People's Resource Center,aa477250-005b-48ed-9b69-46af9f7611e8,2026-11-03,platner g,DEM,2026_ME_Senate,217
2026,MN,Senate,,Michele Tafoya,REP,45.0,2025-07-11,604.0,Impact Research,6f8bb5af-f7e9-44e4-9add-cd24ab28b7c1,2026-11-03,tafoya m,REP,2026_MN_Senate,480
2026,MN,Senate,,Peggy Flanagan,DEM,48.0,2025-07-11,604.0,Impact Research,6f8bb5af-f7e9-44e4-9add-cd24ab28b7c1,2026-11-03,flanagan p,DEM,2026_MN_Senate,480
2026,MN,Senate,,Angie Craig,DEM,49.0,2025-07-11,604.0,Impact Research,6f8bb5af-f7e9-44e4-9add-cd24ab28b7c1,2026-11-03,craig a,DEM,2026_MN_Senate,480
2026,NC,Senate,,Michael Whatley,REP,43.8,2026-04-01,987.0,Quantus Insights,c0fcba01-5063-4e27-8510-929b048c6aa3,2026-11-03,whatley m,REP,2026_NC_Senate,216
2026,NC,Senate,,Roy A. Cooper,DEM,48.6,2026-04-01,987.0,Quantus Insights,c0fcba01-5063-4e27-8510-929b048c6aa3,2026-11-03,cooper r,DEM,2026_NC_Senate,216
2026,FL,Senate,S,Ashley Moody,REP,47.3,2026-03-31,1125.0,Emerson College,0c1d5568-d122-4047-b18a-d2ae1f2bc8c1,2026-11-03,moody a,REP,2026_FL_Senate-S,217
2026,FL,Senate,S,Angie Nixon,DEM,36.3,2026-03-31,1125.0,Emerson College,0c1d5568-d122-4047-b18a-d2ae1f2bc8c1,2026-11-03,nixon a,DEM,2026_FL_Senate-S,217
2026,FL,Senate,S,Alexander Vindman,DEM,38.0,2026-03-31,1125.0,Emerson College,0c1d5568-d122-4047-b18a-d2ae1f2bc8c1,2026-11-03,vindman a,DEM,2026_FL_Senate-S,217
2026,NC,Senate,,Michael Whatley,REP,34.0,2026-03-18,872.0,YouGov,513a5db1-b469-448f-91b9-915ea882aa6d,2026-11-03,whatley m,REP,2026_NC_Senate,230
2026,NC,Senate,,Roy A. Cooper,DEM,48.0,2026-03-18,872.0,YouGov,513a5db1-b469-448f-91b9-915ea882aa6d,2026-11-03,cooper r,DEM,2026_NC_Senate,230
2026,AK,Senate,,Dan Sullivan,REP,47.6,2026-03-22,1340.0,Alaska Survey Research,e8d83b3b-cf66-4eb1-a16d-49e053bc3698,2026-11-03,sullivan d,REP,2026_AK_Senate,226
2026,AK,Senate,,Mary S. Peltola,DEM,52.4,2026-03-22,1340.0,Alaska Survey Research,e8d83b3b-cf66-4eb1-a16d-49e053bc3698,2026-11-03,peltola m,DEM,2026_AK_Senate,226
2026,NC,Senate,,Michael Whatley,REP,41.1,2026-03-23,600.0,Harper Polling,fc1e0141-3430-4588-a4fe-ea86a30bea64,2026-11-03,whatley m,REP,2026_NC_Senate,225
2026,NC,Senate,,Roy A. Cooper,DEM,48.9,2026-03-23,600.0,Harper Polling,fc1e0141-3430-4588-a4fe-ea86a30bea64,2026-11-03,cooper r,DEM,2026_NC_Senate,225
2026,ME,Senate,,Susan M. Collins,REP,42.5,2026-03-23,1075.0,Emerson College,75d5f8bb-0e43-46ea-85f4-64709da26763,2026-11-03,collins s,REP,2026_ME_Senate,225
2026,ME,Senate,,Janet T. Mills,DEM,46.2,2026-03-23,1075.0,Emerson College,75d5f8bb-0e43-46ea-85f4-64709da26763,2026-11-03,mills j,DEM,2026_ME_Senate,225
2026,ME,Senate,,Graham Platner,DEM,47.8,2026-03-23,1075.0,Emerson College,75d5f8bb-0e43-46ea-85f4-64709da26763,2026-11-03,platner g,DEM,2026_ME_Senate,225
2026,NH,Senate,,Scott Brown,REP,39.3,2026-03-23,1100.0,Emerson College,9fc132c3-d608-47c4-b60f-9ecca73edf49,2026-11-03,brown s,REP,2026_NH_Senate,225
2026,NH,Senate,,Chris Pappas,DEM,47.8,2026-03-23,1100.0,Emerson College,9fc132c3-d608-47c4-b60f-9ecca73edf49,2026-11-03,pappas c,DEM,2026_NH_Senate,225
2026,NH,Senate,,John E. Sununu,REP,43.7,2026-03-23,1100.0,Emerson College,9fc132c3-d608-47c4-b60f-9ecca73edf49,2026-11-03,sununu j,REP,2026_NH_Senate,225
2026,NH,Senate,,Chris Pappas,DEM,46.0,2026-03-18,1491.0,St. Anselm,34dd8f45-0aed-4e65-bb57-a284d358ecf6,2026-11-03,pappas c,DEM,2026_NH_Senate,230
2026,NH,Senate,,Scott Brown,REP,38.0,2026-03-18,1491.0,St. Anselm,34dd8f45-0aed-4e65-bb57-a284d358ecf6,2026-11-03,brown s,REP,2026_NH_Senate,230
2026,ID,Senate,,James E. Risch,REP,48.0,2026-03-17,639.0,Public Policy Polling,ce0853bf-4a38-40f5-9911-70dbc617ed6a,2026-11-03,risch j,REP,2026_ID_Senate,231
2026,ID,Senate,,Todd Achilles,OTH,34.0,2026-03-17,639.0,Public Policy Polling,ce0853bf-4a38-40f5-9911-70dbc617ed6a,2026-11-03,achilles t,OTH,2026_ID_Senate,231
2026,MS,Senate,,Cindy Hyde-Smith,REP,38.0,2025-06-22,500.0,Impact Research,803968fc-40bf-4a44-936f-7fc711b46df3,2026-11-03,hydesmith c,REP,2026_MS_Senate,499
2026,TX,Senate,,Ken Paxton,REP,43.0,2026-03-17,900.0,Impact Research,9495e1a8-06aa-4f93-a43e-8fb527866254,2026-11-03,paxton k,REP,2026_TX_Senate,231
2026,TX,Senate,,James Talarico,DEM,44.0,2026-03-17,900.0,Impact Research,9495e1a8-06aa-4f93-a43e-8fb527866254,2026-11-03,talarico j,DEM,2026_TX_Senate,231
2026,SC,Senate,,Lindsey Graham,REP,47.0,2026-03-01,700.0,Impact Research,0fa96ba9-faec-4c39-8015-80b9565e6f66,2026-11-03,graham l,REP,2026_SC_Senate,247
2026,SC,Senate,,Annie Andrews,DEM,42.0,2026-03-01,700.0,Impact Research,0fa96ba9-faec-4c39-8015-80b9565e6f66,2026-11-03,andrews a,DEM,2026_SC_Senate,247
2026,NC,Senate,,Michael Whatley,REP,44.0,2026-03-14,556.0,Public Policy Polling,853ccd90-0763-41b2-b469-bcc02ef6752e,2026-11-03,whatley m,REP,2026_NC_Senate,234
2026,NC,Senate,,Roy A. Cooper,DEM,47.0,2026-03-14,556.0,Public Policy Polling,853ccd90-0763-41b2-b469-bcc02ef6752e,2026-11-03,cooper r,DEM,2026_NC_Senate,234
2026,OH,Senate,S,Jon Husted,REP,45.5,2026-03-14,784.0,Quantus Insights,fbfa3cb4-0981-4abe-8c3b-68a6e3863684,2026-11-03,husted j,REP,2026_OH_Senate-S,234
2026,OH,Senate,S,Sherrod Brown,DEM,44.4,2026-03-14,784.0,Quantus Insights,fbfa3cb4-0981-4abe-8c3b-68a6e3863684,2026-11-03,brown s,DEM,2026_OH_Senate-S,234
2026,OH,Senate,S,Jon Husted,REP,47.0,2026-02-22,1343.0,EMC Research,750c2f24-a09b-4b31-bbc0-91918a94afd2,2026-11-03,husted j,REP,2026_OH_Senate-S,254
2026,OH,Senate,S,Sherrod Brown,DEM,51.0,2026-02-22,1343.0,EMC Research,750c2f24-a09b-4b31-bbc0-91918a94afd2,2026-11-03,brown s,DEM,2026_OH_Senate-S,254
2026,OH,Senate,S,Jon Husted,REP,45.0,2026-03-08,600.0,OnMessage Inc.,995da4b4-5913-4aa3-bada-3c00887b1851,2026-11-03,husted j,REP,2026_OH_Senate-S,240
2026,OH,Senate,S,Sherrod Brown,DEM,47.0,2026-03-08,600.0,OnMessage Inc.,995da4b4-5913-4aa3-bada-3c00887b1851,2026-11-03,brown s,DEM,2026_OH_Senate-S,240
2026,ME,Senate,,Graham Platner,DEM,44.0,2026-03-08,600.0,OnMessage Inc.,75c19443-5507-4ead-b1ea-2dc8c5adf836,2026-11-03,platner g,DEM,2026_ME_Senate,240
2026,ME,Senate,,Susan M. Collins,REP,42.0,2026-03-08,600.0,OnMessage Inc.,75c19443-5507-4ead-b1ea-2dc8c5adf836,2026-11-03,collins s,REP,2026_ME_Senate,240
2026,ME,Senate,,Janet T. Mills,DEM,42.0,2026-03-08,600.0,OnMessage Inc.,75c19443-5507-4ead-b1ea-2dc8c5adf836,2026-11-03,mills j,DEM,2026_ME_Senate,240
2026,ME,Senate,,Susan M. Collins,REP,41.8,2026-03-05,800.0,Quantus Insights,3f93eb53-de86-4b13-a99b-bc6f52b4d504,2026-11-03,collins s,REP,2026_ME_Senate,243
2026,ME,Senate,,Graham Platner,DEM,48.6,2026-03-05,800.0,Quantus Insights,3f93eb53-de86-4b13-a99b-bc6f52b4d504,2026-11-03,platner g,DEM,2026_ME_Senate,243
2026,ME,Senate,,Janet T. Mills,DEM,43.0,2026-03-05,800.0,Quantus Insights,3f93eb53-de86-4b13-a99b-bc6f52b4d504,2026-11-03,mills j,DEM,2026_ME_Senate,243
2026,TX,Senate,,Ken Paxton,REP,45.0,2026-03-05,576.0,Public Policy Polling,06254561-fc56-4369-84ba-5bd863ff145c,2026-11-03,paxton k,REP,2026_TX_Senate,243
2026,TX,Senate,,James Talarico,DEM,47.0,2026-03-05,576.0,Public Policy Polling,06254561-fc56-4369-84ba-5bd863ff145c,2026-11-03,talarico j,DEM,2026_TX_Senate,243
2026,AR,Senate,,Hallie Shoffner,DEM,36.0,2026-02-09,550.0,GrayHouse,54e089ff-5f60-4aca-b00c-d93838450703,2026-11-03,shoffner h,DEM,2026_AR_Senate,267
2026,AR,Senate,,Tom Cotton,REP,58.0,2026-02-09,550.0,GrayHouse,54e089ff-5f60-4aca-b00c-d93838450703,2026-11-03,cotton t,REP,2026_AR_Senate,267
2026,GA,Senate,,Jon Ossoff,DEM,47.1,2026-03-02,1000.0,Emerson College,7720f3fa-d9be-461e-a9ab-0ddb661a7672,2026-11-03,ossoff j,DEM,2026_GA_Senate,246
2026,GA,Senate,,Mike Collins,REP,43.3,2026-03-02,1000.0,Emerson College,7720f3fa-d9be-461e-a9ab-0ddb661a7672,2026-11-03,collins m,REP,2026_GA_Senate,246
2026,ME,Senate,,Susan M. Collins,REP,40.0,2026-03-02,810.0,Pan Atlantic SMS Group,472d778a-24cc-484c-bf35-30b2de78c5b1,2026-11-03,collins s,REP,2026_ME_Senate,246
2026,ME,Senate,,Graham Platner,DEM,44.0,2026-03-02,810.0,Pan Atlantic SMS Group,472d778a-24cc-484c-bf35-30b2de78c5b1,2026-11-03,platner g,DEM,2026_ME_Senate,246
2026,ME,Senate,,Janet T. Mills,DEM,44.0,2026-03-02,810.0,Pan Atlantic SMS Group,472d778a-24cc-484c-bf35-30b2de78c5b1,2026-11-03,mills j,DEM,2026_ME_Senate,246
2026,FL,Senate,S,Angie Nixon,DEM,38.0,2026-03-02,768.0,University of North Florida,72690b9b-5fcd-43cc-9f2e-8b5dd041b889,2026-11-03,nixon a,DEM,2026_FL_Senate-S,246
2026,FL,Senate,S,Ashley Moody,REP,46.0,2026-03-02,768.0,University of North Florida,72690b9b-5fcd-43cc-9f2e-8b5dd041b889,2026-11-03,moody a,REP,2026_FL_Senate-S,246
2026,FL,Senate,S,Alexander Vindman,DEM,38.0,2026-03-02,772.0,University of North Florida,72690b9b-5fcd-43cc-9f2e-8b5dd041b889,2026-11-03,vindman a,DEM,2026_FL_Senate-S,246
2026,SD,Senate,,Julian Beaudion,DEM,32.0,2026-02-18,685.0,Public Policy Polling,b9e1ceba-6758-4b96-b726-3c084e115523,2026-11-03,beaudion j,DEM,2026_SD_Senate,258
2026,SD,Senate,,Mike Rounds,REP,49.0,2026-02-18,685.0,Public Policy Polling,b9e1ceba-6758-4b96-b726-3c084e115523,2026-11-03,rounds m,REP,2026_SD_Senate,258
2026,SD,Senate,,Brian L. Bengs,OTH,35.0,2026-02-18,685.0,Public Policy Polling,b9e1ceba-6758-4b96-b726-3c084e115523,2026-11-03,bengs b,OTH,2026_SD_Senate,258
2026,MT,Senate,,Seth Bodnar,OTH,15.0,2026-01-26,500.0,yes. every kid. foundation.,a4cdceed-7a8c-4b70-9ad1-d62e948b6530,2026-11-03,bodnar s,OTH,2026_MT_Senate,281
2026,ME,Senate,,Graham Platner,DEM,49.0,2026-02-16,1105.0,University of New Hampshire,bee4c333-68db-4b75-99ff-9e09ce897299,2026-11-03,platner g,DEM,2026_ME_Senate,260
2026,ME,Senate,,Susan M. Collins,REP,38.0,2026-02-16,1105.0,University of New Hampshire,bee4c333-68db-4b75-99ff-9e09ce897299,2026-11-03,collins s,REP,2026_ME_Senate,260
2026,ME,Senate,,Janet T. Mills,DEM,41.0,2026-02-16,1097.0,University of New Hampshire,bee4c333-68db-4b75-99ff-9e09ce897299,2026-11-03,mills j,DEM,2026_ME_Senate,260
2026,MA,Senate,,Seth Moulton,DEM,59.0,2026-02-16,611.0,University of New Hampshire,747b9db8-e140-45f5-b3ef-3ba1054bd8b1,2026-11-03,moulton s,DEM,2026_MA_Senate,260
2026,MA,Senate,,John Deaton,REP,23.0,2026-02-16,611.0,University of New Hampshire,747b9db8-e140-45f5-b3ef-3ba1054bd8b1,2026-11-03,deaton j,REP,2026_MA_Senate,260
2026,MA,Senate,,Edward J. Markey,DEM,56.0,2026-02-16,616.0,University of New Hampshire,747b9db8-e140-45f5-b3ef-3ba1054bd8b1,2026-11-03,markey e,DEM,2026_MA_Senate,260
2026,MT,Senate,,Seth Bodnar,DEM,40.0,2026-02-18,607.0,American Pulse Research & Polling,1454464f-c38a-44fc-96d8-bb09d7f9ae0c,2026-11-03,bodnar s,DEM,2026_MT_Senate,258
2026,NC,Senate,,Roy A. Cooper,DEM,50.0,2026-02-04,1069.0,Change Research,392456df-676f-485b-9887-b0b0c1565c50,2026-11-03,cooper r,DEM,2026_NC_Senate,272
2026,NC,Senate,,Michael Whatley,REP,40.0,2026-02-04,1069.0,Change Research,392456df-676f-485b-9887-b0b0c1565c50,2026-11-03,whatley m,REP,2026_NC_Senate,272
2026,IA,Senate,,Ashley Hinson,REP,44.0,2026-01-11,1108.0,Change Research,9a2b0ab0-8dd8-452c-8846-9a8d620d9d01,2026-11-03,hinson a,REP,2026_IA_Senate,296
2026,IA,Senate,,Josh Turek,DEM,41.0,2026-01-11,1108.0,Change Research,9a2b0ab0-8dd8-452c-8846-9a8d620d9d01,2026-11-03,turek j,DEM,2026_IA_Senate,296
2026,NE,Senate,,Dan Osborn,DEM,45.0,2025-04-01,524.0,Change Research,9efb685a-2477-4ec2-8818-14084a35948b,2026-11-03,osborn d,IND,2026_NE_Senate,581
2026,NE,Senate,,Pete Ricketts,REP,46.0,2025-04-01,524.0,Change Research,9efb685a-2477-4ec2-8818-14084a35948b,2026-11-03,ricketts p,REP,2026_NE_Senate,581
2026,MA,Senate,,Edward J. Markey,DEM,54.0,2026-01-25,800.0,Cygnal Political,32777793-8991-4605-8ee2-872a809cb7bd,2026-11-03,markey e,DEM,2026_MA_Senate,282
2026,MA,Senate,,John Deaton,REP,30.0,2026-01-25,800.0,Cygnal Political,32777793-8991-4605-8ee2-872a809cb7bd,2026-11-03,deaton j,REP,2026_MA_Senate,282
2026,NE,Senate,,Dan Osborn,DEM,47.0,2026-02-05,600.0,Impact Research,c4d67e47-34a9-42af-a5b7-65ad7a7ec824,2026-11-03,osborn d,IND,2026_NE_Senate,271
2026,NE,Senate,,Pete Ricketts,REP,48.0,2026-02-05,600.0,Impact Research,c4d67e47-34a9-42af-a5b7-65ad7a7ec824,2026-11-03,ricketts p,REP,2026_NE_Senate,271
2026,TX,Senate,,Ken Paxton,REP,45.0,2026-02-12,803.0,Hart Research Associates,cc6257b5-f146-47bd-b110-40923109c687,2026-11-03,paxton k,REP,2026_TX_Senate,264
2026,NH,Senate,,John E. Sununu,REP,41.0,2026-01-29,563.0,yes. every kid. foundation.,302e9979-627b-4b96-8d16-f9779504f5d2,2026-11-03,sununu j,REP,2026_NH_Senate,278
2026,NH,Senate,,Chris Pappas,DEM,45.0,2026-01-29,563.0,yes. every kid. foundation.,302e9979-627b-4b96-8d16-f9779504f5d2,2026-11-03,pappas c,DEM,2026_NH_Senate,278
2026,MN,Senate,,Michele Tafoya,REP,40.2,2026-02-08,1000.0,Emerson College,bafbd131-89f2-4a74-ac51-2ac4798b40e4,2026-11-03,tafoya m,REP,2026_MN_Senate,268
2026,MN,Senate,,Angie Craig,DEM,46.6,2026-02-08,1000.0,Emerson College,bafbd131-89f2-4a74-ac51-2ac4798b40e4,2026-11-03,craig a,DEM,2026_MN_Senate,268
2026,MN,Senate,,Peggy Flanagan,DEM,47.1,2026-02-08,1000.0,Emerson College,bafbd131-89f2-4a74-ac51-2ac4798b40e4,2026-11-03,flanagan p,DEM,2026_MN_Senate,268
2026,TX,Senate,,James Talarico,DEM,42.0,2026-01-31,1502.0,University of Houston Hobby School of Public Affairs,591bd54a-2b34-44c1-88c4-4b163fcdb749,2026-11-03,talarico j,DEM,2026_TX_Senate,276
2026,TX,Senate,,Ken Paxton,REP,46.0,2026-01-31,1502.0,University of Houston Hobby School of Public Affairs,591bd54a-2b34-44c1-88c4-4b163fcdb749,2026-11-03,paxton k,REP,2026_TX_Senate,276
2026,ME,Senate,,Janet T. Mills,DEM,44.0,2026-01-24,800.0,"Fabrizio, Lee & Associates",23d4dab6-450d-401f-98a1-cb40e23c57d0,2026-11-03,mills j,DEM,2026_ME_Senate,283
2026,ME,Senate,,Susan M. Collins,REP,45.0,2026-01-24,800.0,"Fabrizio, Lee & Associates",23d4dab6-450d-401f-98a1-cb40e23c57d0,2026-11-03,collins s,REP,2026_ME_Senate,283
2026,ME,Senate,,Graham Platner,DEM,44.0,2026-01-24,800.0,"Fabrizio, Lee & Associates",23d4dab6-450d-401f-98a1-cb40e23c57d0,2026-11-03,platner g,DEM,2026_ME_Senate,283
2026,MI,Senate,,Mike Rogers,REP,45.0,2025-06-16,700.0,"Normington, Petts & Associates",056c5919-461b-4fd7-bb50-e04c47588d89,2026-11-03,rogers m,REP,2026_MI_Senate,505
2026,MI,Senate,,Haley Stevens,DEM,47.0,2025-06-16,700.0,"Normington, Petts & Associates",056c5919-461b-4fd7-bb50-e04c47588d89,2026-11-03,stevens h,DEM,2026_MI_Senate,505
2026,MI,Senate,,Mallory McMorrow,DEM,44.0,2025-06-16,700.0,"Normington, Petts & Associates",056c5919-461b-4fd7-bb50-e04c47588d89,2026-11-03,mcmorrow m,DEM,2026_MI_Senate,505
2026,MI,Senate,,Mike Rogers,REP,42.8,2026-01-25,1000.0,Emerson College,ad15c7d5-e8e0-4525-b45a-3fc93cc72455,2026-11-03,rogers m,REP,2026_MI_Senate,282
2026,MI,Senate,,Abdul El-Sayed,DEM,42.5,2026-01-25,1000.0,Emerson College,ad15c7d5-e8e0-4525-b45a-3fc93cc72455,2026-11-03,elsayed a,DEM,2026_MI_Senate,282
2026,MI,Senate,,Mallory McMorrow,DEM,45.7,2026-01-25,1000.0,Emerson College,ad15c7d5-e8e0-4525-b45a-3fc93cc72455,2026-11-03,mcmorrow m,DEM,2026_MI_Senate,282
2026,MI,Senate,,Haley Stevens,DEM,47.3,2026-01-25,1000.0,Emerson College,ad15c7d5-e8e0-4525-b45a-3fc93cc72455,2026-11-03,stevens h,DEM,2026_MI_Senate,282
2026,NH,Senate,,Scott Brown,REP,42.0,2026-01-19,2017.0,University of New Hampshire,595a8c5c-ca0e-46db-b6f7-75559cf68bbc,2026-11-03,brown s,REP,2026_NH_Senate,288
2026,NH,Senate,,Chris Pappas,DEM,52.0,2026-01-19,2017.0,University of New Hampshire,595a8c5c-ca0e-46db-b6f7-75559cf68bbc,2026-11-03,pappas c,DEM,2026_NH_Senate,288
2026,NH,Senate,,John E. Sununu,REP,45.0,2026-01-19,2038.0,University of New Hampshire,595a8c5c-ca0e-46db-b6f7-75559cf68bbc,2026-11-03,sununu j,REP,2026_NH_Senate,288
2026,AK,Senate,,Dan Sullivan,REP,47.0,2026-01-17,611.0,Public Policy Polling,02747cb8-c9f8-4c09-b283-67fcf0ec90b0,2026-11-03,sullivan d,REP,2026_AK_Senate,290
2026,AK,Senate,,Mary S. Peltola,DEM,49.0,2026-01-17,611.0,Public Policy Polling,02747cb8-c9f8-4c09-b283-67fcf0ec90b0,2026-11-03,peltola m,DEM,2026_AK_Senate,290
2026,NC,Senate,,Michael Whatley,REP,42.0,2026-01-07,1105.0,Change Research,e556e0f6-57b0-4389-ad0a-43949e8103e3,2026-11-03,whatley m,REP,2026_NC_Senate,300
2026,NC,Senate,,Roy A. Cooper,DEM,47.0,2026-01-07,1105.0,Change Research,e556e0f6-57b0-4389-ad0a-43949e8103e3,2026-11-03,cooper r,DEM,2026_NC_Senate,300
2026,NC,Senate,,Michael Whatley,REP,24.2,2026-01-15,1512.0,TIPP Insights,840ed27c-1672-416a-b784-f55f12b4bc4e,2026-11-03,whatley m,REP,2026_NC_Senate,292
2026,NC,Senate,,Roy A. Cooper,DEM,48.4,2026-01-15,1512.0,TIPP Insights,840ed27c-1672-416a-b784-f55f12b4bc4e,2026-11-03,cooper r,DEM,2026_NC_Senate,292
2026,TX,Senate,,James Talarico,DEM,43.6,2026-01-12,1165.0,Emerson College,2ef0604a-7949-4374-8e47-a88e5e37df35,2026-11-03,talarico j,DEM,2026_TX_Senate,295
2026,TX,Senate,,Ken Paxton,REP,45.6,2026-01-12,1165.0,Emerson College,2ef0604a-7949-4374-8e47-a88e5e37df35,2026-11-03,paxton k,REP,2026_TX_Senate,295
2026,MI,Senate,,Mike Rogers,REP,48.0,2026-01-06,600.0,"Glengariff Group, Inc.",28660620-44e6-4e18-999f-6b06d90e282b,2026-11-03,rogers m,REP,2026_MI_Senate,301
2026,MI,Senate,,Abdul El-Sayed,DEM,41.6,2026-01-06,600.0,"Glengariff Group, Inc.",28660620-44e6-4e18-999f-6b06d90e282b,2026-11-03,elsayed a,DEM,2026_MI_Senate,301
2026,MI,Senate,,Mallory McMorrow,DEM,42.4,2026-01-06,600.0,"Glengariff Group, Inc.",28660620-44e6-4e18-999f-6b06d90e282b,2026-11-03,mcmorrow m,DEM,2026_MI_Senate,301
2026,MI,Senate,,Haley Stevens,DEM,43.7,2026-01-06,600.0,"Glengariff Group, Inc.",28660620-44e6-4e18-999f-6b06d90e282b,2026-11-03,stevens h,DEM,2026_MI_Senate,301
2026,AK,Senate,,Dan Sullivan,REP,46.4,2026-01-11,1681.0,Alaska Survey Research,738d7b99-da3b-4c01-8c34-1ad6bd19e307,2026-11-03,sullivan d,REP,2026_AK_Senate,296
2026,AK,Senate,,Mary S. Peltola,DEM,48.0,2026-01-11,1681.0,Alaska Survey Research,738d7b99-da3b-4c01-8c34-1ad6bd19e307,2026-11-03,peltola m,DEM,2026_AK_Senate,296
2026,ME,Senate,,Susan M. Collins,REP,51.4,2025-12-16,900.0,Workbench Strategy,701549bc-b2f6-46ff-82cc-b85549b7bc2e,2026-11-03,collins s,REP,2026_ME_Senate,322
2026,ME,Senate,,Janet T. Mills,DEM,48.6,2025-12-16,900.0,Workbench Strategy,701549bc-b2f6-46ff-82cc-b85549b7bc2e,2026-11-03,mills j,DEM,2026_ME_Senate,322
2026,ME,Senate,,Graham Platner,DEM,50.4,2025-12-16,900.0,Workbench Strategy,701549bc-b2f6-46ff-82cc-b85549b7bc2e,2026-11-03,platner g,DEM,2026_ME_Senate,322
2026,NH,Senate,,Chris Pappas,DEM,49.0,2025-12-11,600.0,Guidant Polling and Strategy,66c43a54-fa87-4831-b7d6-89f03928e7fe,2026-11-03,pappas c,DEM,2026_NH_Senate,327
2026,NH,Senate,,Scott Brown,REP,38.0,2025-12-11,600.0,Guidant Polling and Strategy,66c43a54-fa87-4831-b7d6-89f03928e7fe,2026-11-03,brown s,REP,2026_NH_Senate,327
2026,NH,Senate,,John E. Sununu,REP,44.0,2025-12-11,600.0,Guidant Polling and Strategy,66c43a54-fa87-4831-b7d6-89f03928e7fe,2026-11-03,sununu j,REP,2026_NH_Senate,327
2026,NH,Senate,,Chris Pappas,DEM,42.3,2025-12-28,603.0,Praecones Analytica,3067d655-e84a-4bc7-b9a5-3c35ad8b499d,2026-11-03,pappas c,DEM,2026_NH_Senate,310
2026,NH,Senate,,John E. Sununu,REP,35.6,2025-12-28,603.0,Praecones Analytica,3067d655-e84a-4bc7-b9a5-3c35ad8b499d,2026-11-03,sununu j,REP,2026_NH_Senate,310
2026,NH,Senate,,Scott Brown,REP,28.0,2025-12-28,603.0,Praecones Analytica,3067d655-e84a-4bc7-b9a5-3c35ad8b499d,2026-11-03,brown s,REP,2026_NH_Senate,310
2026,KY,Senate,,Amy McGrath,DEM,35.0,2025-12-19,648.0,Public Policy Polling,0b7fff34-7e98-4953-92ba-f7035a5f7e8f,2026-11-03,mcgrath a,DEM,2026_KY_Senate,319
2026,KY,Senate,,Charles Booker,DEM,36.0,2025-12-19,649.0,Public Policy Polling,0b7fff34-7e98-4953-92ba-f7035a5f7e8f,2026-11-03,booker c,DEM,2026_KY_Senate,319
2026,KY,Senate,,Nate Morris,REP,41.0,2025-12-19,650.0,Public Policy Polling,0b7fff34-7e98-4953-92ba-f7035a5f7e8f,2026-11-03,morris n,REP,2026_KY_Senate,319
2026,KY,Senate,,Daniel Cameron,REP,46.0,2025-12-19,650.0,Public Policy Polling,0b7fff34-7e98-4953-92ba-f7035a5f7e8f,2026-11-03,cameron d,REP,2026_KY_Senate,319
2026,KY,Senate,,Andy Barr,REP,49.0,2025-12-19,650.0,Public Policy Polling,0b7fff34-7e98-4953-92ba-f7035a5f7e8f,2026-11-03,barr a,REP,2026_KY_Senate,319
2026,SD,Senate,,Brian L. Bengs,OTH,31.0,2025-11-14,814.0,Public Policy Polling,17580110-cf2c-4c74-91cb-86b18ae9f258,2026-11-03,bengs b,OTH,2026_SD_Senate,354
2026,SD,Senate,,Mike Rounds,REP,44.0,2025-11-14,814.0,Public Policy Polling,17580110-cf2c-4c74-91cb-86b18ae9f258,2026-11-03,rounds m,REP,2026_SD_Senate,354
2026,SD,Senate,,Julian Beaudion,DEM,30.0,2025-11-14,814.0,Public Policy Polling,17580110-cf2c-4c74-91cb-86b18ae9f258,2026-11-03,beaudion j,DEM,2026_SD_Senate,354
2026,ME,Senate,,Susan M. Collins,REP,41.0,2025-11-11,600.0,Cygnal Political,0c313589-1867-4fc7-a570-e124dc20fd0f,2026-11-03,collins s,REP,2026_ME_Senate,357
2026,SC,Senate,,Annie Andrews,DEM,36.0,2025-11-22,704.0,Public Policy Polling,5d4f7a59-62b2-47b4-bda1-7b6588322378,2026-11-03,andrews a,DEM,2026_SC_Senate,346
2026,SC,Senate,,Lindsey Graham,REP,42.0,2025-11-22,704.0,Public Policy Polling,5d4f7a59-62b2-47b4-bda1-7b6588322378,2026-11-03,graham l,REP,2026_SC_Senate,346
2026,OH,Senate,S,Jon Husted,REP,48.8,2025-12-08,850.0,Emerson College,ab841ffd-0c5c-4a2a-a036-3949bb4e6d67,2026-11-03,husted j,REP,2026_OH_Senate-S,330
2026,OH,Senate,S,Sherrod Brown,DEM,46.3,2025-12-08,850.0,Emerson College,ab841ffd-0c5c-4a2a-a036-3949bb4e6d67,2026-11-03,brown s,DEM,2026_OH_Senate-S,330
2026,ME,Senate,,Susan M. Collins,REP,42.0,2025-12-07,820.0,Pan Atlantic SMS Group,2acdb89c-0b1e-44ea-9b77-f6bb833e2766,2026-11-03,collins s,REP,2026_ME_Senate,331
2026,ME,Senate,,Graham Platner,DEM,43.0,2025-12-07,820.0,Pan Atlantic SMS Group,2acdb89c-0b1e-44ea-9b77-f6bb833e2766,2026-11-03,platner g,DEM,2026_ME_Senate,331
2026,ME,Senate,,Janet T. Mills,DEM,43.0,2025-12-07,820.0,Pan Atlantic SMS Group,2acdb89c-0b1e-44ea-9b77-f6bb833e2766,2026-11-03,mills j,DEM,2026_ME_Senate,331
2026,MI,Senate,,Haley Stevens,DEM,40.0,2025-11-21,616.0,Mitchell Research & Communications,f5b58ace-3cac-4876-a31f-7422705bbdfb,2026-11-03,stevens h,DEM,2026_MI_Senate,347
2026,MI,Senate,,Mike Rogers,REP,42.0,2025-11-21,616.0,Mitchell Research & Communications,f5b58ace-3cac-4876-a31f-7422705bbdfb,2026-11-03,rogers m,REP,2026_MI_Senate,347
2026,MI,Senate,,Mallory McMorrow,DEM,38.0,2025-11-21,616.0,Mitchell Research & Communications,f5b58ace-3cac-4876-a31f-7422705bbdfb,2026-11-03,mcmorrow m,DEM,2026_MI_Senate,347
2026,MI,Senate,,Abdul El-Sayed,DEM,38.0,2025-11-21,616.0,Mitchell Research & Communications,f5b58ace-3cac-4876-a31f-7422705bbdfb,2026-11-03,elsayed a,DEM,2026_MI_Senate,347
2026,TX,Senate,,Ken Paxton,REP,50.0,2025-11-26,1189.0,Change Research,bfb57500-15ff-4484-8eb1-6fb058ea71d4,2026-11-03,paxton k,REP,2026_TX_Senate,342
2026,MA,Senate,,John Deaton,REP,29.0,2025-11-23,500.0,Suffolk University,2c6268e3-dccd-438f-9b60-9f9ecdb3f9ae,2026-11-03,deaton j,REP,2026_MA_Senate,345
2026,MA,Senate,,Seth Moulton,DEM,52.0,2025-11-23,500.0,Suffolk University,2c6268e3-dccd-438f-9b60-9f9ecdb3f9ae,2026-11-03,moulton s,DEM,2026_MA_Senate,345
2026,MA,Senate,,Edward J. Markey,DEM,54.0,2025-11-23,500.0,Suffolk University,2c6268e3-dccd-438f-9b60-9f9ecdb3f9ae,2026-11-03,markey e,DEM,2026_MA_Senate,345
2026,NH,Senate,,John E. Sununu,REP,41.0,2025-11-19,2212.0,St. Anselm,c324b6c3-914d-4fbd-b735-c519ccee91bf,2026-11-03,sununu j,REP,2026_NH_Senate,349
2026,NH,Senate,,Chris Pappas,DEM,44.0,2025-11-19,2212.0,St. Anselm,c324b6c3-914d-4fbd-b735-c519ccee91bf,2026-11-03,pappas c,DEM,2026_NH_Senate,349
2026,NH,Senate,,Scott Brown,REP,36.0,2025-11-19,2212.0,St. Anselm,c324b6c3-914d-4fbd-b735-c519ccee91bf,2026-11-03,brown s,REP,2026_NH_Senate,349
2026,TX,Senate,,James Talarico,DEM,44.0,2025-11-17,1000.0,Ragnar Research Partners,f12f6ad1-a392-4605-af0d-978d301997d9,2026-11-03,talarico j,DEM,2026_TX_Senate,351
2026,TX,Senate,,Ken Paxton,REP,44.0,2025-11-17,1000.0,Ragnar Research Partners,f12f6ad1-a392-4605-af0d-978d301997d9,2026-11-03,paxton k,REP,2026_TX_Senate,351
2026,MI,Senate,,Mike Rogers,REP,42.0,2025-11-11,600.0,EPIC-MRA,a6499282-cd16-4daa-badb-f81d769f5087,2026-11-03,rogers m,REP,2026_MI_Senate,357
2026,MI,Senate,,Mallory McMorrow,DEM,43.0,2025-11-11,600.0,EPIC-MRA,a6499282-cd16-4daa-badb-f81d769f5087,2026-11-03,mcmorrow m,DEM,2026_MI_Senate,357
2026,MI,Senate,,Haley Stevens,DEM,44.0,2025-11-11,600.0,EPIC-MRA,a6499282-cd16-4daa-badb-f81d769f5087,2026-11-03,stevens h,DEM,2026_MI_Senate,357
2026,AK,Senate,,Dan Sullivan,REP,39.0,2025-11-13,600.0,The Tyson Group,4d33f950-ca95-4b26-b961-c02b133cbfcd,2026-11-03,sullivan d,REP,2026_AK_Senate,355
2026,NC,Senate,,Roy A. Cooper,DEM,47.3,2025-11-10,600.0,Harper Polling,16d84a0b-d452-486a-ad67-bf1270a19b6c,2026-11-03,cooper r,DEM,2026_NC_Senate,358
2026,NC,Senate,,Michael Whatley,REP,38.6,2025-11-10,600.0,Harper Polling,16d84a0b-d452-486a-ad67-bf1270a19b6c,2026-11-03,whatley m,REP,2026_NC_Senate,358
2026,ME,Senate,,Janet T. Mills,DEM,41.7,2025-10-29,783.0,Maine People's Resource Center,07f68eff-7e26-4d5d-a77f-1194be2dbd43,2026-11-03,mills j,DEM,2026_ME_Senate,370
2026,ME,Senate,,Susan M. Collins,REP,45.8,2025-10-29,783.0,Maine People's Resource Center,07f68eff-7e26-4d5d-a77f-1194be2dbd43,2026-11-03,collins s,REP,2026_ME_Senate,370
2026,ME,Senate,,Graham Platner,DEM,44.8,2025-10-29,783.0,Maine People's Resource Center,07f68eff-7e26-4d5d-a77f-1194be2dbd43,2026-11-03,platner g,DEM,2026_ME_Senate,370
2026,MI,Senate,,Haley Stevens,DEM,40.0,2025-10-25,637.0,Rosetta Stone,87756c91-078b-4414-b782-ae65c23e4e14,2026-11-03,stevens h,DEM,2026_MI_Senate,374
2026,MI,Senate,,Mike Rogers,REP,47.0,2025-10-25,637.0,Rosetta Stone,87756c91-078b-4414-b782-ae65c23e4e14,2026-11-03,rogers m,REP,2026_MI_Senate,374
2026,MI,Senate,,Mallory McMorrow,DEM,39.0,2025-10-25,637.0,Rosetta Stone,87756c91-078b-4414-b782-ae65c23e4e14,2026-11-03,mcmorrow m,DEM,2026_MI_Senate,374
2026,MI,Senate,,Abdul El-Sayed,DEM,31.0,2025-10-25,637.0,Rosetta Stone,87756c91-078b-4414-b782-ae65c23e4e14,2026-11-03,elsayed a,DEM,2026_MI_Senate,374
2026,AK,Senate,,Dan Sullivan,REP,45.0,2025-10-23,823.0,Data for Progress,2abdc064-3a16-4478-a841-23467c99f334,2026-11-03,sullivan d,REP,2026_AK_Senate,376
2026,AK,Senate,,Mary S. Peltola,DEM,46.0,2025-10-23,823.0,Data for Progress,2abdc064-3a16-4478-a841-23467c99f334,2026-11-03,peltola m,DEM,2026_AK_Senate,376
2026,OH,Senate,S,Sherrod Brown,DEM,49.0,2025-10-14,800.0,Bowling Green State University Democracy and Public Policy Research Network/YouGov,684724e8-ac36-4d8b-8d84-ba6fbd786ca7,2026-11-03,brown s,DEM,2026_OH_Senate-S,385
2026,OH,Senate,S,Jon Husted,REP,48.0,2025-10-14,800.0,Bowling Green State University Democracy and Public Policy Research Network/YouGov,684724e8-ac36-4d8b-8d84-ba6fbd786ca7,2026-11-03,husted j,REP,2026_OH_Senate-S,385
2026,FL,Senate,S,Ashley Moody,REP,49.0,2025-10-25,728.0,University of North Florida,85470c38-3966-469e-b79c-0d6aa57b08b8,2026-11-03,moody a,REP,2026_FL_Senate-S,374
2026,AK,Senate,,Dan Sullivan,REP,45.9,2025-10-15,1708.0,Alaska Survey Research,6db448bf-8b33-4a4d-ad4d-d758aa373626,2026-11-03,sullivan d,REP,2026_AK_Senate,384
2026,AK,Senate,,Mary S. Peltola,DEM,47.7,2025-10-15,1708.0,Alaska Survey Research,6db448bf-8b33-4a4d-ad4d-d758aa373626,2026-11-03,peltola m,DEM,2026_AK_Senate,384
2026,TX,Senate,,James Talarico,DEM,37.0,2025-09-24,1032.0,University of Texas at Tyler Center for Opinion Research,7484b844-89d5-44af-a1d8-cc79f3daf16d,2026-11-03,talarico j,DEM,2026_TX_Senate,405
2026,TX,Senate,,Ken Paxton,REP,38.0,2025-09-24,1032.0,University of Texas at Tyler Center for Opinion Research,7484b844-89d5-44af-a1d8-cc79f3daf16d,2026-11-03,paxton k,REP,2026_TX_Senate,405
2026,NH,Senate,,Scott Brown,REP,39.0,2025-10-13,1034.0,co/efficient,e88447b9-f7d0-4b4f-8e64-299d1b347ab3,2026-11-03,brown s,REP,2026_NH_Senate,386
2026,NH,Senate,,Chris Pappas,DEM,49.0,2025-10-13,1034.0,co/efficient,e88447b9-f7d0-4b4f-8e64-299d1b347ab3,2026-11-03,pappas c,DEM,2026_NH_Senate,386
2026,NH,Senate,,John E. Sununu,REP,42.0,2025-10-13,1034.0,co/efficient,e88447b9-f7d0-4b4f-8e64-299d1b347ab3,2026-11-03,sununu j,REP,2026_NH_Senate,386
2026,ME,Senate,,Susan M. Collins,REP,37.0,2025-10-10,501.0,Zenith Research,b5100979-2740-4faa-bf28-7177a120bbce,2026-11-03,collins s,REP,2026_ME_Senate,389
2026,ME,Senate,,Janet T. Mills,DEM,42.0,2025-10-10,501.0,Zenith Research,b5100979-2740-4faa-bf28-7177a120bbce,2026-11-03,mills j,DEM,2026_ME_Senate,389
2026,ME,Senate,,Graham Platner,DEM,38.0,2025-10-10,501.0,Zenith Research,b5100979-2740-4faa-bf28-7177a120bbce,2026-11-03,platner g,DEM,2026_ME_Senate,389
2026,MN,Senate,,Angie Craig,DEM,47.0,2025-09-16,1015.0,Public Policy Polling,fc2fd45e-d709-4a74-97c0-95c14d5b67a0,2026-11-03,craig a,DEM,2026_MN_Senate,413
2026,MN,Senate,,Peggy Flanagan,DEM,46.0,2025-09-16,1015.0,Public Policy Polling,fc2fd45e-d709-4a74-97c0-95c14d5b67a0,2026-11-03,flanagan p,DEM,2026_MN_Senate,413
2026,TX,Senate,,Ken Paxton,REP,48.0,2025-10-01,1183.0,University of Houston Hobby School of Public Affairs/Texas Southern University School of Public Affairs,1e338f1a-f895-4af7-b0c7-f24c8688daf9,2026-11-03,paxton k,REP,2026_TX_Senate,398
2026,TX,Senate,,James Talarico,DEM,46.0,2025-10-01,1183.0,University of Houston Hobby School of Public Affairs/Texas Southern University School of Public Affairs,1e338f1a-f895-4af7-b0c7-f24c8688daf9,2026-11-03,talarico j,DEM,2026_TX_Senate,398
2026,FL,Senate,S,Ashley Moody,REP,44.0,2025-10-03,800.0,The Tyson Group,20d8d9f1-7024-43b0-8013-fb723d409219,2026-11-03,moody a,REP,2026_FL_Senate-S,396
2026,NH,Senate,,Scott Brown,REP,37.0,2025-09-23,1213.0,University of New Hampshire,88470d41-7365-473e-990d-13285f72b5a9,2026-11-03,brown s,REP,2026_NH_Senate,406
2026,NH,Senate,,Chris Pappas,DEM,52.0,2025-09-23,1213.0,University of New Hampshire,88470d41-7365-473e-990d-13285f72b5a9,2026-11-03,pappas c,DEM,2026_NH_Senate,406
2026,NH,Senate,,John E. Sununu,REP,43.0,2025-09-04,500.0,1892 Polling,fbae8ab4-91e8-45c6-8740-61ebdf4a2ad6,2026-11-03,sununu j,REP,2026_NH_Senate,425
2026,NH,Senate,,Chris Pappas,DEM,45.0,2025-09-04,500.0,1892 Polling,fbae8ab4-91e8-45c6-8740-61ebdf4a2ad6,2026-11-03,pappas c,DEM,2026_NH_Senate,425
2026,NC,Senate,,Roy A. Cooper,DEM,46.1,2025-09-15,600.0,Harper Polling,d6e9f7d4-5473-4c58-9b56-58db42092ad2,2026-11-03,cooper r,DEM,2026_NC_Senate,414
2026,NC,Senate,,Michael Whatley,REP,41.9,2025-09-15,600.0,Harper Polling,d6e9f7d4-5473-4c58-9b56-58db42092ad2,2026-11-03,whatley m,REP,2026_NC_Senate,414
2026,ME,Senate,,Susan M. Collins,REP,35.0,2025-09-09,642.0,Public Policy Polling,44968742-8516-466f-906e-85dfe3e195a9,2026-11-03,collins s,REP,2026_ME_Senate,420
2026,NH,Senate,,Chris Pappas,DEM,48.0,2025-09-12,904.0,co/efficient,cbb19403-422b-4623-948b-f91fa51eda99,2026-11-03,pappas c,DEM,2026_NH_Senate,417
2026,NH,Senate,,Scott Brown,REP,40.0,2025-09-12,904.0,co/efficient,cbb19403-422b-4623-948b-f91fa51eda99,2026-11-03,brown s,REP,2026_NH_Senate,417
2026,NH,Senate,,John E. Sununu,REP,43.0,2025-09-12,904.0,co/efficient,cbb19403-422b-4623-948b-f91fa51eda99,2026-11-03,sununu j,REP,2026_NH_Senate,417
2026,GA,Senate,,Jon Ossoff,DEM,42.1,2025-09-12,624.0,Quantus Insights,46ad4875-aab2-462d-a5e7-0b60d3965034,2026-11-03,ossoff j,DEM,2026_GA_Senate,417
2026,GA,Senate,,Mike Collins,REP,37.7,2025-09-12,624.0,Quantus Insights,46ad4875-aab2-462d-a5e7-0b60d3965034,2026-11-03,collins m,REP,2026_GA_Senate,417
2026,NC,Senate,,Michael Whatley,REP,41.0,2025-09-08,855.0,Change Research,36fb875b-82e7-4b6d-bb73-d54ddfbd84be,2026-11-03,whatley m,REP,2026_NC_Senate,421
2026,NC,Senate,,Roy A. Cooper,DEM,48.0,2025-09-08,855.0,Change Research,36fb875b-82e7-4b6d-bb73-d54ddfbd84be,2026-11-03,cooper r,DEM,2026_NC_Senate,421
2026,NH,Senate,,Chris Pappas,DEM,48.0,2025-08-27,1776.0,St. Anselm,0d1b4016-4ff9-4cc6-abb6-a0e96683189c,2026-11-03,pappas c,DEM,2026_NH_Senate,433
2026,NH,Senate,,Scott Brown,REP,37.0,2025-08-27,1776.0,St. Anselm,0d1b4016-4ff9-4cc6-abb6-a0e96683189c,2026-11-03,brown s,REP,2026_NH_Senate,433
2026,IA,Senate,,Josh Turek,DEM,43.0,2025-08-19,572.0,Public Policy Polling,721758b1-a6cd-45d9-a764-99959b17c7a2,2026-11-03,turek j,DEM,2026_IA_Senate,441
2026,AK,Senate,,Mary S. Peltola,DEM,42.5,2025-08-01,1613.0,Alaska Survey Research,155a2fd2-d990-44fd-a147-09a14779f962,2026-11-03,peltola m,DEM,2026_AK_Senate,459
2026,AK,Senate,,Dan Sullivan,REP,46.7,2025-08-01,1613.0,Alaska Survey Research,155a2fd2-d990-44fd-a147-09a14779f962,2026-11-03,sullivan d,REP,2026_AK_Senate,459
2026,NC,Senate,,Michael Whatley,REP,43.5,2025-07-30,600.0,Victory Insights,b30fc9ac-94ed-4f2b-82ef-daf8685636ce,2026-11-03,whatley m,REP,2026_NC_Senate,461
2026,NC,Senate,,Roy A. Cooper,DEM,44.4,2025-07-30,600.0,Victory Insights,b30fc9ac-94ed-4f2b-82ef-daf8685636ce,2026-11-03,cooper r,DEM,2026_NC_Senate,461
2026,OH,Senate,S,Jon Husted,REP,49.5,2025-08-19,1000.0,Emerson College,4876645d-d0af-47b2-8e22-02fdee4faf0c,2026-11-03,husted j,REP,2026_OH_Senate-S,441
2026,OH,Senate,S,Sherrod Brown,DEM,43.7,2025-08-19,1000.0,Emerson College,4876645d-d0af-47b2-8e22-02fdee4faf0c,2026-11-03,brown s,DEM,2026_OH_Senate-S,441
2026,TX,Senate,,Ken Paxton,REP,47.0,2025-08-18,800.0,GBAO,fb657395-5eaa-4028-b455-db3b0bf35502,2026-11-03,paxton k,REP,2026_TX_Senate,442
2026,TX,Senate,,Ken Paxton,REP,45.9,2025-08-12,1000.0,Emerson College,1dbdb927-75ef-4490-b487-85e21083176c,2026-11-03,paxton k,REP,2026_TX_Senate,448
2026,NC,Senate,,Michael Whatley,REP,39.1,2025-08-12,600.0,Harper Polling,ac767c3a-36bf-4615-81d8-871500f8d4e5,2026-11-03,whatley m,REP,2026_NC_Senate,448
2026,NC,Senate,,Roy A. Cooper,DEM,47.3,2025-08-12,600.0,Harper Polling,ac767c3a-36bf-4615-81d8-871500f8d4e5,2026-11-03,cooper r,DEM,2026_NC_Senate,448
2026,ME,Senate,,Jordan Wood,DEM,42.0,2025-03-25,600.0,Upswing Research,5aee4b52-8287-4385-ae50-de34900fb9ac,2026-11-03,wood j,DEM,2026_ME_Senate,588
2026,ME,Senate,,Susan M. Collins,REP,43.0,2025-03-25,600.0,Upswing Research,5aee4b52-8287-4385-ae50-de34900fb9ac,2026-11-03,collins s,REP,2026_ME_Senate,588
2026,AK,Senate,,Dan Sullivan,REP,46.0,2025-07-27,678.0,Data for Progress,20ef28e6-5dec-48e3-8573-f26aaf7b91c1,2026-11-03,sullivan d,REP,2026_AK_Senate,464
2026,AK,Senate,,Mary S. Peltola,DEM,45.0,2025-07-27,678.0,Data for Progress,20ef28e6-5dec-48e3-8573-f26aaf7b91c1,2026-11-03,peltola m,DEM,2026_AK_Senate,464
2026,GA,Senate,,Jon Ossoff,DEM,45.2,2025-08-01,2395.0,TIPP Insights,9cad2382-393f-45bb-8603-a0e7328c7393,2026-11-03,ossoff j,DEM,2026_GA_Senate,459
2026,GA,Senate,,Mike Collins,REP,44.1,2025-08-01,2395.0,TIPP Insights,9cad2382-393f-45bb-8603-a0e7328c7393,2026-11-03,collins m,REP,2026_GA_Senate,459
2026,NC,Senate,,Michael Whatley,REP,41.4,2025-07-30,1000.0,Emerson College,667b6c9d-261b-488d-ab92-bffab687463f,2026-11-03,whatley m,REP,2026_NC_Senate,461
2026,NC,Senate,,Roy A. Cooper,DEM,46.7,2025-07-30,1000.0,Emerson College,667b6c9d-261b-488d-ab92-bffab687463f,2026-11-03,cooper r,DEM,2026_NC_Senate,461
2026,GA,Senate,,Jon Ossoff,DEM,49.8,2025-06-18,610.0,Cygnal Political,813bd1f1-6548-48db-99c0-f776354028e1,2026-11-03,ossoff j,DEM,2026_GA_Senate,503
2026,TX,Senate,,Ken Paxton,REP,48.0,2025-05-19,1200.0,Barbara Jordan Public Policy Research and Survey Center,bf4bb7b9-306f-4620-9b2f-79743d75224a,2026-11-03,paxton k,REP,2026_TX_Senate,533
2026,GA,Senate,,Jon Ossoff,DEM,44.7,2025-05-17,800.0,Cygnal Political,ee7a9f19-c33f-487e-bd2e-18ab99fd67a4,2026-11-03,ossoff j,DEM,2026_GA_Senate,535
2026,GA,Senate,,Mike Collins,REP,43.3,2025-05-17,800.0,Cygnal Political,ee7a9f19-c33f-487e-bd2e-18ab99fd67a4,2026-11-03,collins m,REP,2026_GA_Senate,535
2026,GA,Senate,,Jon Ossoff,DEM,48.4,2025-04-24,1000.0,University of Georgia,88cf1205-1d9c-4264-8a4f-5464d6681ae6,2026-11-03,ossoff j,DEM,2026_GA_Senate,558
2026,MI,Senate,,Haley Stevens,DEM,45.1,2025-05-08,600.0,"Glengariff Group, Inc.",4a00a654-caa2-47c4-99ed-f35d446ec88b,2026-11-03,stevens h,DEM,2026_MI_Senate,544
2026,MI,Senate,,Mallory McMorrow,DEM,41.4,2025-05-08,600.0,"Glengariff Group, Inc.",4a00a654-caa2-47c4-99ed-f35d446ec88b,2026-11-03,mcmorrow m,DEM,2026_MI_Senate,544
2026,MI,Senate,,Abdul El-Sayed,DEM,40.5,2025-05-08,600.0,"Glengariff Group, Inc.",4a00a654-caa2-47c4-99ed-f35d446ec88b,2026-11-03,elsayed a,DEM,2026_MI_Senate,544
2026,MI,Senate,,Mike Rogers,REP,43.8,2025-05-08,600.0,"Glengariff Group, Inc.",4a00a654-caa2-47c4-99ed-f35d446ec88b,2026-11-03,rogers m,REP,2026_MI_Senate,544
2026,GA,Senate,,Jon Ossoff,DEM,46.4,2025-04-27,1426.0,Trafalgar Group,d58ed767-bc6f-4924-a6a9-fca28ac2e4f6,2026-11-03,ossoff j,DEM,2026_GA_Senate,555
2026,GA,Senate,,Mike Collins,REP,42.8,2025-04-27,1426.0,Trafalgar Group,d58ed767-bc6f-4924-a6a9-fca28ac2e4f6,2026-11-03,collins m,REP,2026_GA_Senate,555
2026,OH,Senate,S,Jon Husted,REP,50.0,2025-04-24,800.0,Bowling Green State University Democracy and Public Policy Research Network/YouGov,36ad1b65-797e-4b91-b5cb-1efc70a55299,2026-11-03,husted j,REP,2026_OH_Senate-S,558
2026,OH,Senate,S,Sherrod Brown,DEM,46.0,2025-04-24,800.0,Bowling Green State University Democracy and Public Policy Research Network/YouGov,36ad1b65-797e-4b91-b5cb-1efc70a55299,2026-11-03,brown s,DEM,2026_OH_Senate-S,558
2026,NC,Senate,,Roy A. Cooper,DEM,48.0,2025-04-04,867.0,Change Research,1f2d4e0d-a5e0-44fa-9125-d865b1b3e98b,2026-11-03,cooper r,DEM,2026_NC_Senate,578
2026,NH,Senate,,Chris Pappas,DEM,44.0,2025-03-19,650.0,Quantus Insights,2f286e9d-0343-4d30-bd6c-4c3b549e3265,2026-11-03,pappas c,DEM,2026_NH_Senate,594
2026,GA,Senate,,Jon Ossoff,DEM,43.7,2025-03-10,600.0,Cygnal Political,4594c46a-f4c3-435f-9e7a-2fbfd4545209,2026-11-03,ossoff j,DEM,2026_GA_Senate,603
2026,NC,Senate,,Roy A. Cooper,DEM,47.0,2025-03-05,662.0,Public Policy Polling,475bec54-489d-4cd6-acc6-1effe6738652,2026-11-03,cooper r,DEM,2026_NC_Senate,608
2026,MI,Senate,,Mike Rogers,REP,44.0,2025-03-06,600.0,Target Insyght,2ed1c72b-17c8-4799-9a38-7367695df329,2026-11-03,rogers m,REP,2026_MI_Senate,607
2026,MI,Senate,,Haley Stevens,DEM,35.0,2025-03-06,600.0,Target Insyght,2ed1c72b-17c8-4799-9a38-7367695df329,2026-11-03,stevens h,DEM,2026_MI_Senate,607
2026,NH,Senate,,Scott Brown,REP,44.9,2025-03-01,626.0,Praecones Analytica,7baaa8e1-ecf8-5806-902f-7ca98b0c7412,2026-11-03,brown s,REP,2026_NH_Senate,612
2026,OH,Senate,S,Jon Husted,REP,45.0,2025-02-21,800.0,Bowling Green State University Democracy and Public Policy Research Network/YouGov,af7801de-ff24-4caa-b87b-bb753ab9d473,2026-11-03,husted j,REP,2026_OH_Senate-S,620
2026,OH,Senate,S,Sherrod Brown,DEM,41.0,2025-02-21,800.0,Bowling Green State University Democracy and Public Policy Research Network/YouGov,af7801de-ff24-4caa-b87b-bb753ab9d473,2026-11-03,brown s,DEM,2026_OH_Senate-S,620
2026,MA,Senate,,Edward J. Markey,DEM,35.0,2025-02-20,700.0,University of Massachusetts Department of Political Science/YouGov,29d3584e-4df8-5947-9540-b9433f7bb0a1,2026-11-03,markey e,DEM,2026_MA_Senate,621
2026,GA,Senate,,Jon Ossoff,DEM,44.5,2025-02-13,800.0,Quantus Insights,6b809f01-b50c-5e36-829e-2beeeeb8b6d7,2026-11-03,ossoff j,DEM,2026_GA_Senate,628
2026,GA,Senate,,Jon Ossoff,DEM,51.0,2025-01-31,600.0,The Tyson Group,94664497-4ecc-5101-99f0-9312c1c742a5,2026-11-03,ossoff j,DEM,2026_GA_Senate,641
2026,GA,Senate,,Jon Ossoff,DEM,45.0,2025-01-15,500.0,WPA Intelligence,3d0cc21f-86f0-5d6b-97a9-a9ed929600b5,2026-11-03,ossoff j,DEM,2026_GA_Senate,657
2026,GA,Senate,,Mike Collins,REP,34.0,2025-01-15,500.0,WPA Intelligence,3d0cc21f-86f0-5d6b-97a9-a9ed929600b5,2026-11-03,collins m,REP,2026_GA_Senate,657
2026,NC,Senate,,Roy A. Cooper,DEM,45.1,2024-11-29,800.0,Victory Insights,24848e76-9a63-59b3-a881-a7a9add7cd32,2026-11-03,cooper r,DEM,2026_NC_Senate,704
2026,MA,Senate,,Edward J. Markey,DEM,34.0,2024-11-01,582.0,MassINC Polling Group,9e28ae65-9223-53c4-b97f-b3c086eb8593,2026-11-03,markey e,DEM,2026_MA_Senate,732
2026,MA,Senate,,Edward J. Markey,DEM,45.0,2025-03-04,775.0,SurveyUSA,ca567a7a-3461-4a1f-b293-0446e1b77369,2026-11-03,markey e,DEM,2026_MA_Senate,609
2026,MA,Senate,,John Deaton,REP,26.0,2025-03-04,775.0,SurveyUSA,ca567a7a-3461-4a1f-b293-0446e1b77369,2026-11-03,deaton j,REP,2026_MA_Senate,609
2026,AK,Senate,,Dan Sullivan,REP,41.0,2023-04-25,1261.0,Alaska Survey Research,137c2cec-0d62-5313-9713-581181f3024d,2026-11-03,sullivan d,REP,2026_AK_Senate,1288
2026,AK,Senate,,Mary S. Peltola,DEM,44.0,2023-04-25,1261.0,Alaska Survey Research,137c2cec-0d62-5313-9713-581181f3024d,2026-11-03,peltola m,DEM,2026_AK_Senate,1288
2026,VT,House,1,Adam Ortiz,OTH,2.0,2026-07-20,948.0,University of New Hampshire,6390a575-055a-4ac5-a568-71517869d2b6,2026-11-03,ortiz a,OTH,2026_VT_House-1,106
2026,VT,House,1,Mark Coester,REP,25.0,2026-07-20,948.0,University of New Hampshire,6390a575-055a-4ac5-a568-71517869d2b6,2026-11-03,coester m,REP,2026_VT_House-1,106
2026,VT,House,1,Becca Balint,DEM,64.0,2026-07-20,948.0,University of New Hampshire,6390a575-055a-4ac5-a568-71517869d2b6,2026-11-03,balint b,DEM,2026_VT_House-1,106
2026,VT,House,1,Gerald Malloy,REP,25.0,2026-07-20,949.0,University of New Hampshire,6390a575-055a-4ac5-a568-71517869d2b6,2026-11-03,malloy g,REP,2026_VT_House-1,106
2026,CA,House,22,David G. Valadao,REP,44.0,2026-06-21,800.0,Tulchin Research,373346ea-30c4-4943-b4f9-eabdced655fc,2026-11-03,valadao d,REP,2026_CA_House-22,135
2026,CA,House,22,Randy Villegas,DEM,48.0,2026-06-21,800.0,Tulchin Research,373346ea-30c4-4943-b4f9-eabdced655fc,2026-11-03,villegas r,DEM,2026_CA_House-22,135
2026,ME,House,2,Paul R. LePage,REP,48.0,2026-07-16,600.0,Tulchin Research,323bf26d-5b35-4615-bfab-ae10a8f170a1,2026-11-03,lepage p,REP,2026_ME_House-2,110
2026,ME,House,2,Matt Dunlap,DEM,49.0,2026-07-16,600.0,Tulchin Research,323bf26d-5b35-4615-bfab-ae10a8f170a1,2026-11-03,dunlap m,DEM,2026_ME_House-2,110
2026,FL,House,14,Kathy Castor,DEM,46.2,2026-07-15,469.0,St. Pete Polls,8625996e-08c9-473c-8330-f5afadd9dd6e,2026-11-03,castor k,DEM,2026_FL_House-14,111
2026,FL,House,14,Kevin Steele,REP,38.5,2026-07-15,469.0,St. Pete Polls,8625996e-08c9-473c-8330-f5afadd9dd6e,2026-11-03,steele k,REP,2026_FL_House-14,111
2026,FL,House,14,Mike Beltran,REP,37.5,2026-07-15,469.0,St. Pete Polls,8625996e-08c9-473c-8330-f5afadd9dd6e,2026-11-03,beltran m,REP,2026_FL_House-14,111
2026,NV,House,2,David Flippo,REP,46.0,2026-07-12,350.0,Wedgewood Polls,4cad4c84-d015-49ef-b046-404cbc081d2a,2026-11-03,flippo d,REP,2026_NV_House-2,114
2026,NV,House,2,Teresa Benitez-Thompson,DEM,48.0,2026-07-12,350.0,Wedgewood Polls,4cad4c84-d015-49ef-b046-404cbc081d2a,2026-11-03,benitezthompson t,DEM,2026_NV_House-2,114
2026,WA,House,3,Marie Gluesenkamp Perez,DEM,42.0,2026-07-10,500.0,Emerson College,6e479a7e-3f3a-41aa-b7dd-611ae4aa5215,2026-11-03,perez m,DEM,2026_WA_House-3,116
2026,WA,House,3,John Braun,REP,43.0,2026-07-10,500.0,Emerson College,6e479a7e-3f3a-41aa-b7dd-611ae4aa5215,2026-11-03,braun j,REP,2026_WA_House-3,116
2026,KY,House,6,Ralph Alvarado,REP,42.0,2026-06-28,,GQR,ce844147-e0fc-47cb-bb72-f56747f82bce,2026-11-03,alvarado r,REP,2026_KY_House-6,128
2026,KY,House,6,Zach Dembo,DEM,39.0,2026-06-28,,GQR,ce844147-e0fc-47cb-bb72-f56747f82bce,2026-11-03,dembo z,DEM,2026_KY_House-6,128
2026,FL,House,25,George Moraitis,REP,34.0,2026-05-06,576.0,Middle Seat,87c42ce2-22e9-43b2-9cac-325c035f136c,2026-11-03,moraitis g,REP,2026_FL_House-25,181
2026,FL,House,25,Oliver Larkin,DEM,43.0,2026-05-06,576.0,Middle Seat,87c42ce2-22e9-43b2-9cac-325c035f136c,2026-11-03,larkin o,DEM,2026_FL_House-25,181
2026,FL,House,25,Scott Singer,REP,33.0,2026-05-06,576.0,Middle Seat,87c42ce2-22e9-43b2-9cac-325c035f136c,2026-11-03,singer s,REP,2026_FL_House-25,181
2026,PA,House,7,Ryan E. Mackenzie,REP,43.0,2026-07-02,,GBAO,71d6acce-6fa2-449e-b896-2211ce9a6e22,2026-11-03,mackenzie r,REP,2026_PA_House-7,124
2026,PA,House,7,Bob Brooks,DEM,47.0,2026-07-02,,GBAO,71d6acce-6fa2-449e-b896-2211ce9a6e22,2026-11-03,brooks b,DEM,2026_PA_House-7,124
2026,NY,House,17,Mike Lawler,REP,45.0,2026-07-01,509.0,FM3 Research,e8f5db76-80c8-4a5b-bf5b-9ee27abb069f,2026-11-03,lawler m,REP,2026_NY_House-17,125
2026,NY,House,17,Cait Conley,DEM,51.0,2026-07-01,509.0,FM3 Research,e8f5db76-80c8-4a5b-bf5b-9ee27abb069f,2026-11-03,conley c,DEM,2026_NY_House-17,125
2026,AL,House,2,Rhett Marques,REP,45.0,2026-06-25,400.0,Impact Research,c51b7de5-0b90-464c-8778-459c24d25b3b,2026-11-03,marques r,REP,2026_AL_House-2,131
2026,AL,House,2,Shomari Figures,DEM,44.0,2026-06-25,400.0,Impact Research,c51b7de5-0b90-464c-8778-459c24d25b3b,2026-11-03,figures s,DEM,2026_AL_House-2,131
2026,WI,House,3,Rebecca Cooke,DEM,50.0,2026-06-25,535.0,FM3 Research,d17e1b79-4fa9-455b-8be5-4fe6cfa9124e,2026-11-03,cooke r,DEM,2026_WI_House-3,131
2026,WI,House,3,Derrick Van Orden,REP,46.0,2026-06-25,535.0,FM3 Research,d17e1b79-4fa9-455b-8be5-4fe6cfa9124e,2026-11-03,orden d,REP,2026_WI_House-3,131
2026,TX,House,15,Monica De La Cruz,REP,46.0,2026-05-25,802.0,Applecart,f31fd054-0b5b-45af-8a80-fe99659f44e8,2026-11-03,cruz m,REP,2026_TX_House-15,162
2026,TX,House,15,Bobby Pulido,DEM,48.0,2026-05-25,802.0,Applecart,f31fd054-0b5b-45af-8a80-fe99659f44e8,2026-11-03,pulido b,DEM,2026_TX_House-15,162
2026,MI,House,7,Tom Barrett,REP,47.0,2026-06-30,772.0,Data for Progress,ec803372-f88f-42cf-a8ed-822786ebc5dd,2026-11-03,barrett t,REP,2026_MI_House-7,126
2026,MI,House,7,Matt Maasdam,DEM,46.0,2026-06-30,772.0,Data for Progress,ec803372-f88f-42cf-a8ed-822786ebc5dd,2026-11-03,maasdam m,DEM,2026_MI_House-7,126
2026,MI,House,7,Bridget Brink,DEM,45.0,2026-06-30,772.0,Data for Progress,ec803372-f88f-42cf-a8ed-822786ebc5dd,2026-11-03,brink b,DEM,2026_MI_House-7,126
2026,MI,House,7,William Lawrence,DEM,48.0,2026-06-30,772.0,Data for Progress,ec803372-f88f-42cf-a8ed-822786ebc5dd,2026-11-03,lawrence w,DEM,2026_MI_House-7,126
2026,FL,House,25,George Moraitis,REP,38.5,2026-05-02,461.0,Beacon Insights,833f0191-74b7-458f-9669-a6ec11f8c0bc,2026-11-03,moraitis g,REP,2026_FL_House-25,185
2026,FL,House,25,Jared Moskowitz,DEM,40.1,2026-05-02,461.0,Beacon Insights,833f0191-74b7-458f-9669-a6ec11f8c0bc,2026-11-03,moskowitz j,DEM,2026_FL_House-25,185
2026,FL,House,25,Scott Singer,REP,32.7,2026-05-02,461.0,Beacon Insights,833f0191-74b7-458f-9669-a6ec11f8c0bc,2026-11-03,singer s,REP,2026_FL_House-25,185
2026,TX,House,34,Vicente Gonzalez,DEM,41.0,2026-06-16,400.0,Ragnar Research Partners,d5b554f2-6096-4817-af0f-a547187b0a4f,2026-11-03,gonzalez v,DEM,2026_TX_House-34,140
2026,TX,House,34,Eric Flores,REP,44.0,2026-06-16,400.0,Ragnar Research Partners,d5b554f2-6096-4817-af0f-a547187b0a4f,2026-11-03,flores e,REP,2026_TX_House-34,140
2026,NC,House,1,Laurie Buckhout,REP,41.0,2026-06-28,500.0,GQR,3c5c743c-3463-46e1-9458-155142adf214,2026-11-03,buckhout l,REP,2026_NC_House-1,128
2026,NC,House,1,Don Davis,DEM,45.0,2026-06-28,500.0,GQR,3c5c743c-3463-46e1-9458-155142adf214,2026-11-03,davis d,DEM,2026_NC_House-1,128
2026,TX,House,28,Other named candidates,OTH,9.0,2026-06-23,400.0,Pulse Decision Science,85260468-cf88-4a08-926d-b0e7174754f9,2026-11-03,candidates o,OTH,2026_TX_House-28,133
2026,TX,House,28,Henry Cuellar,DEM,33.0,2026-06-23,400.0,Pulse Decision Science,85260468-cf88-4a08-926d-b0e7174754f9,2026-11-03,cuellar h,DEM,2026_TX_House-28,133
2026,TX,House,28,Tano Tijerina,REP,42.0,2026-06-23,400.0,Pulse Decision Science,85260468-cf88-4a08-926d-b0e7174754f9,2026-11-03,tijerina t,REP,2026_TX_House-28,133
2026,NH,House,2,Lily Tang Williams,REP,31.0,2026-06-25,802.0,St. Anselm,323ff676-e8d3-44aa-a932-d8cb8fbc0695,2026-11-03,williams l,REP,2026_NH_House-2,131
2026,NH,House,2,Maggie Goodlander,DEM,50.0,2026-06-25,802.0,St. Anselm,323ff676-e8d3-44aa-a932-d8cb8fbc0695,2026-11-03,goodlander m,DEM,2026_NH_House-2,131
2026,AK,House,1,Nick Begich,REP,51.1,2026-06-29,593.0,The New York Times/Siena University,8e054071-9b5e-46d0-a921-ecc4f3c1737e,2026-11-03,begich n,REP,2026_AK_House-1,127
2026,AK,House,1,Matt Schultz,DEM,39.2,2026-06-29,593.0,The New York Times/Siena University,8e054071-9b5e-46d0-a921-ecc4f3c1737e,2026-11-03,schultz m,DEM,2026_AK_House-1,127
2026,VT,House,1,Adam Ortiz,OTH,1.0,2026-06-23,871.0,University of New Hampshire,a2347bc3-cbf9-483a-9af1-cdb901440ffe,2026-11-03,ortiz a,OTH,2026_VT_House-1,133
2026,VT,House,1,Mark Coester,REP,26.0,2026-06-23,871.0,University of New Hampshire,a2347bc3-cbf9-483a-9af1-cdb901440ffe,2026-11-03,coester m,REP,2026_VT_House-1,133
2026,VT,House,1,Becca Balint,DEM,57.0,2026-06-23,871.0,University of New Hampshire,a2347bc3-cbf9-483a-9af1-cdb901440ffe,2026-11-03,balint b,DEM,2026_VT_House-1,133
2026,VT,House,1,Gerald Malloy,REP,26.0,2026-06-23,872.0,University of New Hampshire,a2347bc3-cbf9-483a-9af1-cdb901440ffe,2026-11-03,malloy g,REP,2026_VT_House-1,133
2026,MT,House,1,Tim Sheehy,REP,5.0,2026-06-25,500.0,Impact Research,6f4f65a0-437e-4ea3-b0c0-06ebc4e20386,2026-11-03,sheehy t,REP,2026_MT_House-1,131
2026,MT,House,1,Aaron Flint,REP,44.0,2026-06-25,500.0,Impact Research,6f4f65a0-437e-4ea3-b0c0-06ebc4e20386,2026-11-03,flint a,REP,2026_MT_House-1,131
2026,MT,House,1,Sam Forstag,DEM,44.0,2026-06-25,500.0,Impact Research,6f4f65a0-437e-4ea3-b0c0-06ebc4e20386,2026-11-03,forstag s,DEM,2026_MT_House-1,131
2026,PA,House,8,Rob Bresnahan Jr.,REP,45.0,2026-06-23,400.0,Lake Research Partners,af754860-bd3b-457b-a877-1be608dc44ac,2026-11-03,bresnahan r,REP,2026_PA_House-8,133
2026,PA,House,8,Paige Cognetti,DEM,47.0,2026-06-23,400.0,Lake Research Partners,af754860-bd3b-457b-a877-1be608dc44ac,2026-11-03,cognetti p,DEM,2026_PA_House-8,133
2026,NY,House,21,Anthony Constantino,REP,45.0,2026-05-31,500.0,Impact Research,17e30dbf-7008-483a-84fd-e02591081557,2026-11-03,constantino a,REP,2026_NY_House-21,156
2026,NY,House,21,Blake Gendebien,DEM,44.0,2026-05-31,500.0,Impact Research,17e30dbf-7008-483a-84fd-e02591081557,2026-11-03,gendebien b,DEM,2026_NY_House-21,156
2026,FL,House,7,Cory Mills,REP,39.0,2026-05-21,570.0,Public Policy Polling,0ca4d70b-5fab-4b8f-b3f8-0dfc93bb3d53,2026-11-03,mills c,REP,2026_FL_House-7,166
2026,FL,House,7,Bale Dalton,DEM,41.0,2026-05-21,570.0,Public Policy Polling,0ca4d70b-5fab-4b8f-b3f8-0dfc93bb3d53,2026-11-03,dalton b,DEM,2026_FL_House-7,166
2026,AZ,House,2,Curtis Goodwin,OTH,7.0,2026-06-15,500.0,GBAO,d9369344-95ac-4a59-9545-fe3e2a488c79,2026-11-03,goodwin c,OTH,2026_AZ_House-2,141
2026,AZ,House,2,Jonathan Nez,DEM,41.0,2026-06-15,500.0,GBAO,d9369344-95ac-4a59-9545-fe3e2a488c79,2026-11-03,nez j,DEM,2026_AZ_House-2,141
2026,AZ,House,2,Eli Crane,REP,44.0,2026-06-15,500.0,GBAO,d9369344-95ac-4a59-9545-fe3e2a488c79,2026-11-03,crane e,REP,2026_AZ_House-2,141
2026,PA,House,8,Rob Bresnahan Jr.,REP,45.0,2026-06-11,500.0,Impact Research,2532e8f9-f9bf-4cfa-8b5e-b03c097b3d93,2026-11-03,bresnahan r,REP,2026_PA_House-8,145
2026,PA,House,8,Paige Cognetti,DEM,46.0,2026-06-11,500.0,Impact Research,2532e8f9-f9bf-4cfa-8b5e-b03c097b3d93,2026-11-03,cognetti p,DEM,2026_PA_House-8,145
2026,OH,House,7,Max Miller,REP,44.0,2026-06-20,500.0,GBAO,1e7dc593-8095-4a9e-9cd7-fcdd03fa26b8,2026-11-03,miller m,REP,2026_OH_House-7,136
2026,OH,House,7,Brian Poindexter,DEM,43.0,2026-06-20,500.0,GBAO,1e7dc593-8095-4a9e-9cd7-fcdd03fa26b8,2026-11-03,poindexter b,DEM,2026_OH_House-7,136
2026,AZ,House,6,Juan Ciscomani,REP,45.0,2026-06-11,500.0,"Normington, Petts & Associates",826d7413-1536-4249-8d2a-1ee10804babd,2026-11-03,ciscomani j,REP,2026_AZ_House-6,145
2026,AZ,House,6,JoAnna Mendoza,DEM,47.0,2026-06-11,500.0,"Normington, Petts & Associates",826d7413-1536-4249-8d2a-1ee10804babd,2026-11-03,mendoza j,DEM,2026_AZ_House-6,145
2026,TN,House,5,Andy Ogles,REP,47.0,2026-05-13,558.0,Impact Research,3166ee62-19f9-451f-9085-8ce50172d076,2026-11-03,ogles a,REP,2026_TN_House-5,174
2026,TN,House,5,Chaz Molder,DEM,41.0,2026-05-13,558.0,Impact Research,3166ee62-19f9-451f-9085-8ce50172d076,2026-11-03,molder c,DEM,2026_TN_House-5,174
2026,MI,House,4,Bill Huizenga,REP,45.0,2026-06-01,500.0,GBAO,f98ec1dd-17e0-4c51-891e-20c76fabcc89,2026-11-03,huizenga b,REP,2026_MI_House-4,155
2026,MI,House,4,Sean McCann,DEM,48.0,2026-06-01,500.0,GBAO,f98ec1dd-17e0-4c51-891e-20c76fabcc89,2026-11-03,mccann s,DEM,2026_MI_House-4,155
2026,WI,House,6,Michael Thurow,OTH,37.7,2026-03-20,640.0,Change Research,0840530f-7c2b-41b5-92b9-ef27256e294b,2026-11-03,thurow m,OTH,2026_WI_House-6,228
2026,WI,House,6,Glenn Grothman,REP,41.7,2026-03-20,640.0,Change Research,0840530f-7c2b-41b5-92b9-ef27256e294b,2026-11-03,grothman g,REP,2026_WI_House-6,228
2026,AK,House,1,Matt Schultz,DEM,17.4,2026-03-20,624.0,Change Research,edef3b32-7941-4cf6-9094-3096d38ad838,2026-11-03,schultz m,DEM,2026_AK_House-1,228
2026,AK,House,1,Nick Begich,REP,44.8,2026-03-20,624.0,Change Research,edef3b32-7941-4cf6-9094-3096d38ad838,2026-11-03,begich n,REP,2026_AK_House-1,228
2026,WI,House,3,Derrick Van Orden,REP,46.0,2026-05-31,500.0,Impact Research,647eb819-a3a9-4319-8bfd-2b1593b783c9,2026-11-03,orden d,REP,2026_WI_House-3,156
2026,WI,House,3,Rebecca Cooke,DEM,50.0,2026-05-31,500.0,Impact Research,647eb819-a3a9-4319-8bfd-2b1593b783c9,2026-11-03,cooke r,DEM,2026_WI_House-3,156
2026,MO,House,2,Don't know/Someone else,OTH,15.0,2026-05-31,600.0,FM3 Research,8bbed3f3-5cce-4c2f-8715-207b7d0ff53b,2026-11-03,else d,OTH,2026_MO_House-2,156
2026,MO,House,2,Ann Wagner,REP,44.0,2026-05-31,600.0,FM3 Research,8bbed3f3-5cce-4c2f-8715-207b7d0ff53b,2026-11-03,wagner a,REP,2026_MO_House-2,156
2026,MO,House,2,Fred Wellman,DEM,41.0,2026-05-31,600.0,FM3 Research,8bbed3f3-5cce-4c2f-8715-207b7d0ff53b,2026-11-03,wellman f,DEM,2026_MO_House-2,156
2026,WA,House,5,Michael Baumgartner,REP,53.0,2026-05-25,578.0,Tavern Research,b005e604-d823-4b0c-b673-a50ba5d8415d,2026-11-03,baumgartner m,REP,2026_WA_House-5,162
2026,WA,House,5,David Womack,DEM,46.0,2026-05-25,578.0,Tavern Research,b005e604-d823-4b0c-b673-a50ba5d8415d,2026-11-03,womack d,DEM,2026_WA_House-5,162
2026,WA,House,5,Bajun Mavalwalla,DEM,46.0,2026-05-25,578.0,Tavern Research,b005e604-d823-4b0c-b673-a50ba5d8415d,2026-11-03,mavalwalla b,DEM,2026_WA_House-5,162
2026,WA,House,5,Carmela Conroy,DEM,47.0,2026-05-25,578.0,Tavern Research,b005e604-d823-4b0c-b673-a50ba5d8415d,2026-11-03,conroy c,DEM,2026_WA_House-5,162
2026,WA,House,5,Nate Powell,OTH,53.0,2026-05-25,578.0,Tavern Research,b005e604-d823-4b0c-b673-a50ba5d8415d,2026-11-03,powell n,OTH,2026_WA_House-5,162
2026,AK,House,1,Nick Begich,REP,55.0,2026-05-27,452.0,Tavern Research,4526fc3d-7f56-4e8f-9b98-5981c216ed79,2026-11-03,begich n,REP,2026_AK_House-1,160
2026,AK,House,1,Matt Schultz,DEM,45.0,2026-05-27,452.0,Tavern Research,4526fc3d-7f56-4e8f-9b98-5981c216ed79,2026-11-03,schultz m,DEM,2026_AK_House-1,160
2026,WI,House,6,Glenn Grothman,REP,61.0,2026-05-28,437.0,Tavern Research,93b5b0d0-5b89-49cd-b6eb-7c9a911ef204,2026-11-03,grothman g,REP,2026_WI_House-6,159
2026,WI,House,6,Brad Smith,DEM,39.0,2026-05-28,437.0,Tavern Research,93b5b0d0-5b89-49cd-b6eb-7c9a911ef204,2026-11-03,smith b,DEM,2026_WI_House-6,159
2026,WI,House,6,Michael Thurow,OTH,45.0,2026-05-28,437.0,Tavern Research,93b5b0d0-5b89-49cd-b6eb-7c9a911ef204,2026-11-03,thurow m,OTH,2026_WI_House-6,159
2026,NJ,House,7,Don't know/Would not vote,OTH,10.0,2026-05-26,430.0,Z to A Research,7cf4ffbe-1c0e-4672-a077-1f3ca0aed5ba,2026-11-03,vote d,OTH,2026_NJ_House-7,161
2026,NJ,House,7,Thomas H. Kean Jr.,REP,43.0,2026-05-26,430.0,Z to A Research,7cf4ffbe-1c0e-4672-a077-1f3ca0aed5ba,2026-11-03,kean t,REP,2026_NJ_House-7,161
2026,NJ,House,7,Rebecca Bennett,DEM,47.0,2026-05-26,430.0,Z to A Research,7cf4ffbe-1c0e-4672-a077-1f3ca0aed5ba,2026-11-03,bennett r,DEM,2026_NJ_House-7,161
2026,NJ,House,7,Tina Shah,DEM,46.0,2026-05-26,430.0,Z to A Research,7cf4ffbe-1c0e-4672-a077-1f3ca0aed5ba,2026-11-03,shah t,DEM,2026_NJ_House-7,161
2026,FL,House,13,Leela Gray,DEM,39.0,2026-05-20,616.0,Public Policy Polling,86570a3c-00fa-42da-9bfa-1ae9113e94ec,2026-11-03,gray l,DEM,2026_FL_House-13,167
2026,FL,House,13,Anna Paulina Luna,REP,41.0,2026-05-20,616.0,Public Policy Polling,86570a3c-00fa-42da-9bfa-1ae9113e94ec,2026-11-03,luna a,REP,2026_FL_House-13,167
2026,ME,House,2,Paul R. LePage,REP,41.0,2026-05-18,418.0,Pan Atlantic SMS Group,09a21c73-2dcf-4c37-8c14-fa62361b2c7e,2026-11-03,lepage p,REP,2026_ME_House-2,169
2026,PA,House,10,Scott Perry,REP,45.0,2026-04-23,400.0,"Normington, Petts & Associates",2313858e-5711-4c83-abf7-5a9fb713fa32,2026-11-03,perry s,REP,2026_PA_House-10,194
2026,PA,House,10,Janelle Stelson,DEM,51.0,2026-04-23,400.0,"Normington, Petts & Associates",2313858e-5711-4c83-abf7-5a9fb713fa32,2026-11-03,stelson j,DEM,2026_PA_House-10,194
2026,OH,House,9,David Gedert,OTH,3.0,2026-04-20,400.0,McLaughlin & Associates,fd68275a-5c7e-4660-9427-3c284559935b,2026-11-03,gedert d,OTH,2026_OH_House-9,197
2026,OH,House,9,Marcy Kaptur,DEM,43.0,2026-04-20,400.0,McLaughlin & Associates,fd68275a-5c7e-4660-9427-3c284559935b,2026-11-03,kaptur m,DEM,2026_OH_House-9,197
2026,OH,House,9,Derek Merrin,REP,47.0,2026-04-20,400.0,McLaughlin & Associates,fd68275a-5c7e-4660-9427-3c284559935b,2026-11-03,merrin d,REP,2026_OH_House-9,197
2026,NE,House,1,Austin Ahlman,OTH,36.0,2026-05-11,401.0,Zenith Research,4a7696a0-ee2f-40a1-816e-9d3ad6f0d0da,2026-11-03,ahlman a,OTH,2026_NE_House-1,176
2026,NE,House,1,Mike Flood,REP,44.0,2026-05-11,401.0,Zenith Research,4a7696a0-ee2f-40a1-816e-9d3ad6f0d0da,2026-11-03,flood m,REP,2026_NE_House-1,176
2026,NE,House,1,Chris Backemeyer,DEM,38.0,2026-05-11,401.0,Zenith Research,4a7696a0-ee2f-40a1-816e-9d3ad6f0d0da,2026-11-03,backemeyer c,DEM,2026_NE_House-1,176
2026,MT,House,1,Aaron Flint,REP,48.0,2026-05-05,401.0,Upswing Research,f55d29d1-a799-4b26-8406-120005160eee,2026-11-03,flint a,REP,2026_MT_House-1,182
2026,MT,House,1,Sam Forstag,DEM,43.0,2026-05-05,401.0,Upswing Research,f55d29d1-a799-4b26-8406-120005160eee,2026-11-03,forstag s,DEM,2026_MT_House-1,182
2026,MI,House,7,Tom Barrett,REP,45.0,2026-04-25,519.0,Public Policy Polling,a919c435-cee7-4097-ae27-b4a8b4d9d094,2026-11-03,barrett t,REP,2026_MI_House-7,192
2026,MI,House,7,Bridget Brink,DEM,46.0,2026-04-25,519.0,Public Policy Polling,a919c435-cee7-4097-ae27-b4a8b4d9d094,2026-11-03,brink b,DEM,2026_MI_House-7,192
2026,MI,House,7,Matt Maasdam,DEM,45.0,2026-04-25,519.0,Public Policy Polling,a919c435-cee7-4097-ae27-b4a8b4d9d094,2026-11-03,maasdam m,DEM,2026_MI_House-7,192
2026,KY,House,6,Zach Dembo,DEM,38.0,2026-04-25,675.0,Public Policy Polling,06ea0f7c-6312-40e6-becc-56fc917c0a38,2026-11-03,dembo z,DEM,2026_KY_House-6,192
2026,KY,House,6,Ralph Alvarado,REP,37.0,2026-04-25,675.0,Public Policy Polling,06ea0f7c-6312-40e6-becc-56fc917c0a38,2026-11-03,alvarado r,REP,2026_KY_House-6,192
2026,NC,House,1,Don Davis,DEM,41.0,2026-04-29,842.0,co/efficient,f50b80ab-4b2b-4f4e-85a2-893560d1be1e,2026-11-03,davis d,DEM,2026_NC_House-1,188
2026,NC,House,1,Laurie Buckhout,REP,41.0,2026-04-29,842.0,co/efficient,f50b80ab-4b2b-4f4e-85a2-893560d1be1e,2026-11-03,buckhout l,REP,2026_NC_House-1,188
2026,NM,House,2,Gabe Vasquez,DEM,43.0,2026-04-28,879.0,co/efficient,06bcf2dd-2622-4984-9d26-992e75d54d69,2026-11-03,vasquez g,DEM,2026_NM_House-2,189
2026,NM,House,2,Greg Cunningham,REP,41.0,2026-04-28,879.0,co/efficient,06bcf2dd-2622-4984-9d26-992e75d54d69,2026-11-03,cunningham g,REP,2026_NM_House-2,189
2026,TX,House,34,Vicente Gonzalez,DEM,40.0,2026-04-29,777.0,co/efficient,5df9368e-24c6-47b9-935f-7665f09d1e01,2026-11-03,gonzalez v,DEM,2026_TX_House-34,188
2026,TX,House,34,Eric Flores,REP,41.0,2026-04-29,777.0,co/efficient,5df9368e-24c6-47b9-935f-7665f09d1e01,2026-11-03,flores e,REP,2026_TX_House-34,188
2026,WA,House,3,Marie Gluesenkamp Perez,DEM,34.0,2026-04-29,982.0,co/efficient,30ae9257-d4e9-483b-be47-2f2241f25f9f,2026-11-03,perez m,DEM,2026_WA_House-3,188
2026,WA,House,3,John Braun,REP,41.0,2026-04-29,982.0,co/efficient,30ae9257-d4e9-483b-be47-2f2241f25f9f,2026-11-03,braun j,REP,2026_WA_House-3,188
2026,ME,House,2,Matt Dunlap,DEM,40.0,2026-04-28,918.0,co/efficient,ac03c1df-2f0d-4fca-b638-ba251f92c128,2026-11-03,dunlap m,DEM,2026_ME_House-2,189
2026,ME,House,2,Paul R. LePage,REP,50.0,2026-04-28,918.0,co/efficient,ac03c1df-2f0d-4fca-b638-ba251f92c128,2026-11-03,lepage p,REP,2026_ME_House-2,189
2026,IA,House,2,Joe Mitchell,REP,33.0,2026-04-14,673.0,Public Policy Polling,97b470d5-8f93-40aa-84d0-ee987957190f,2026-11-03,mitchell j,REP,2026_IA_House-2,203
2026,IA,House,2,Lindsay James,DEM,36.0,2026-04-14,673.0,Public Policy Polling,97b470d5-8f93-40aa-84d0-ee987957190f,2026-11-03,james l,DEM,2026_IA_House-2,203
2026,MI,House,4,Sean McCann,DEM,42.0,2026-03-14,400.0,Ragnar Research Partners,4bb2d1b7-92d7-483f-a42f-600217a627e3,2026-11-03,mccann s,DEM,2026_MI_House-4,234
2026,MI,House,4,Bill Huizenga,REP,48.0,2026-03-14,400.0,Ragnar Research Partners,4bb2d1b7-92d7-483f-a42f-600217a627e3,2026-11-03,huizenga b,REP,2026_MI_House-4,234
2026,IA,House,3,Sarah Trone Garriott,DEM,42.0,2026-03-14,400.0,Ragnar Research Partners,81e0fd68-8ee5-4c75-b333-de5c2fe8c73f,2026-11-03,garriott s,DEM,2026_IA_House-3,234
2026,IA,House,3,Zach Nunn,REP,48.0,2026-03-14,400.0,Ragnar Research Partners,81e0fd68-8ee5-4c75-b333-de5c2fe8c73f,2026-11-03,nunn z,REP,2026_IA_House-3,234
2026,CO,House,3,Jeff Hurd,REP,46.0,2026-03-12,400.0,Ragnar Research Partners,bc1c815a-0646-4533-93c6-c0a8d0561b23,2026-11-03,hurd j,REP,2026_CO_House-3,236
2026,CO,House,3,Alex Kelloff,DEM,41.0,2026-03-12,400.0,Ragnar Research Partners,bc1c815a-0646-4533-93c6-c0a8d0561b23,2026-11-03,kelloff a,DEM,2026_CO_House-3,236
2026,AZ,House,6,JoAnna Mendoza,DEM,47.0,2026-03-14,400.0,Ragnar Research Partners,88f080b6-7ea1-41ee-a50a-ea1ee78f439c,2026-11-03,mendoza j,DEM,2026_AZ_House-6,234
2026,AZ,House,6,Juan Ciscomani,REP,44.0,2026-03-14,400.0,Ragnar Research Partners,88f080b6-7ea1-41ee-a50a-ea1ee78f439c,2026-11-03,ciscomani j,REP,2026_AZ_House-6,234
2026,MN,House,1,Jake Johnson,DEM,42.0,2026-03-14,400.0,Ragnar Research Partners,f9f97bf0-b593-4acb-bfc6-e9203f235552,2026-11-03,johnson j,DEM,2026_MN_House-1,234
2026,MN,House,1,Brad Finstad,REP,52.0,2026-03-14,400.0,Ragnar Research Partners,f9f97bf0-b593-4acb-bfc6-e9203f235552,2026-11-03,finstad b,REP,2026_MN_House-1,234
2026,NC,House,10,Pat Harrigan,REP,52.0,2026-03-12,400.0,Ragnar Research Partners,80390dd0-7a40-4a6b-832a-14be558af9cd,2026-11-03,harrigan p,REP,2026_NC_House-10,236
2026,NC,House,10,Ashley Bell,DEM,37.0,2026-03-12,400.0,Ragnar Research Partners,80390dd0-7a40-4a6b-832a-14be558af9cd,2026-11-03,bell a,DEM,2026_NC_House-10,236
2026,NC,House,14,LaKesha Womack,DEM,40.0,2026-03-12,400.0,Ragnar Research Partners,608e65ee-c82b-443e-9bb7-d652fad9b2d4,2026-11-03,womack l,DEM,2026_NC_House-14,236
2026,NC,House,14,Tim Moore,REP,48.0,2026-03-12,400.0,Ragnar Research Partners,608e65ee-c82b-443e-9bb7-d652fad9b2d4,2026-11-03,moore t,REP,2026_NC_House-14,236
2026,VA,House,1,Shannon Taylor,DEM,42.0,2026-03-12,400.0,Ragnar Research Partners,e654526e-74e0-4231-9e4d-f6db1751ccae,2026-11-03,taylor s,DEM,2026_VA_House-1,236
2026,VA,House,1,Robert J. Wittman,REP,46.0,2026-03-12,400.0,Ragnar Research Partners,e654526e-74e0-4231-9e4d-f6db1751ccae,2026-11-03,wittman r,REP,2026_VA_House-1,236
2026,WI,House,1,Mitchell Berman,DEM,41.0,2026-03-16,400.0,Ragnar Research Partners,7433659d-603b-43ac-bb37-f6f564962143,2026-11-03,berman m,DEM,2026_WI_House-1,232
2026,WI,House,1,Bryan Steil,REP,50.0,2026-03-16,400.0,Ragnar Research Partners,7433659d-603b-43ac-bb37-f6f564962143,2026-11-03,steil b,REP,2026_WI_House-1,232
2026,ME,House,2,Paul R. LePage,REP,52.0,2026-02-27,403.0,Upswing Research,e15731a0-b008-4f62-bbbb-eb3f3eb62701,2026-11-03,lepage p,REP,2026_ME_House-2,249
2026,FL,House,28,Hector Mujica,DEM,40.0,2026-03-07,514.0,MDW Communications,c757ecb7-94f9-474d-b3e6-5966f7426513,2026-11-03,mujica h,DEM,2026_FL_House-28,241
2026,FL,House,28,Carlos A. Gimenez,REP,46.0,2026-03-07,514.0,MDW Communications,c757ecb7-94f9-474d-b3e6-5966f7426513,2026-11-03,gimenez c,REP,2026_FL_House-28,241
2026,PA,House,1,Bob Harvie,DEM,42.0,2026-03-22,400.0,Global Strategy Group,5d96c614-598b-4b8c-8aff-d5f8fdb5edcf,2026-11-03,harvie b,DEM,2026_PA_House-1,226
2026,PA,House,1,Brian Fitzpatrick,REP,48.0,2026-03-22,400.0,Global Strategy Group,5d96c614-598b-4b8c-8aff-d5f8fdb5edcf,2026-11-03,fitzpatrick b,REP,2026_PA_House-1,226
2026,WI,House,3,Derrick Van Orden,REP,48.0,2026-02-17,500.0,Impact Research,bce726e0-e48f-4680-bd8d-e922ebfed748,2026-11-03,orden d,REP,2026_WI_House-3,259
2026,WI,House,3,Rebecca Cooke,DEM,49.0,2026-02-17,500.0,Impact Research,bce726e0-e48f-4680-bd8d-e922ebfed748,2026-11-03,cooke r,DEM,2026_WI_House-3,259
2026,NH,House,2,Maggie Goodlander,DEM,48.0,2026-03-18,739.0,St. Anselm,d7616879-a233-45d2-ac0f-5d506dbc64a3,2026-11-03,goodlander m,DEM,2026_NH_House-2,230
2026,NH,House,2,Lily Tang Williams,REP,36.0,2026-03-18,739.0,St. Anselm,d7616879-a233-45d2-ac0f-5d506dbc64a3,2026-11-03,williams l,REP,2026_NH_House-2,230
2026,FL,House,27,María Elvira Salazar,REP,46.0,2026-03-08,451.0,Blueprint Polling,ef9c9a62-8338-48a1-9a39-3840a96b72ad,2026-11-03,salazar m,REP,2026_FL_House-27,240
2026,FL,House,27,Eliott Rodriguez,DEM,43.0,2026-03-08,451.0,Blueprint Polling,ef9c9a62-8338-48a1-9a39-3840a96b72ad,2026-11-03,rodriguez e,DEM,2026_FL_House-27,240
2026,FL,House,27,Robin Peguero,DEM,40.0,2026-03-08,451.0,Blueprint Polling,ef9c9a62-8338-48a1-9a39-3840a96b72ad,2026-11-03,peguero r,DEM,2026_FL_House-27,240
2026,TX,House,23,Brandon Herrera,REP,42.0,2026-03-11,521.0,Public Policy Polling,06f1b1a2-e085-4f27-a4f3-c7f346bdc6c3,2026-11-03,herrera b,REP,2026_TX_House-23,237
2026,TX,House,23,Katy Padilla Stout,DEM,40.0,2026-03-11,521.0,Public Policy Polling,06f1b1a2-e085-4f27-a4f3-c7f346bdc6c3,2026-11-03,stout k,DEM,2026_TX_House-23,237
2026,NC,House,1,Thomas Aaron Bailey,OTH,9.0,2026-02-02,500.0,GQR,3440fa4a-0c67-43d6-a61b-504c00357db0,2026-11-03,bailey t,OTH,2026_NC_House-1,274
2026,NC,House,1,Laurie Buckhout,REP,39.0,2026-02-02,500.0,GQR,3440fa4a-0c67-43d6-a61b-504c00357db0,2026-11-03,buckhout l,REP,2026_NC_House-1,274
2026,NC,House,1,Don Davis,DEM,42.0,2026-02-02,500.0,GQR,3440fa4a-0c67-43d6-a61b-504c00357db0,2026-11-03,davis d,DEM,2026_NC_House-1,274
2026,ME,House,2,Paul R. LePage,REP,48.0,2026-02-16,520.0,University of New Hampshire,5689d9df-5f0f-4060-bbe2-6543a6a67a9e,2026-11-03,lepage p,REP,2026_ME_House-2,260
2026,ME,House,2,Matt Dunlap,DEM,46.0,2026-02-16,520.0,University of New Hampshire,5689d9df-5f0f-4060-bbe2-6543a6a67a9e,2026-11-03,dunlap m,DEM,2026_ME_House-2,260
2026,AK,House,1,Nick Begich,REP,46.0,2026-02-12,600.0,Public Policy Polling,9cb6e02e-12c1-4147-b7a0-1f4dbd94529e,2026-11-03,begich n,REP,2026_AK_House-1,264
2026,AK,House,1,Matt Schultz,DEM,39.0,2026-02-12,600.0,Public Policy Polling,9cb6e02e-12c1-4147-b7a0-1f4dbd94529e,2026-11-03,schultz m,DEM,2026_AK_House-1,264
2026,CA,House,3,Kevin Kiley,REP,47.0,2025-07-10,400.0,Tulchin Research,7538894c-e0a4-4f00-ae7a-7596508ebd31,2026-11-03,kiley k,REP,2026_CA_House-3,481
2026,CA,House,3,Heidi Hall,DEM,45.0,2025-07-10,400.0,Tulchin Research,7538894c-e0a4-4f00-ae7a-7596508ebd31,2026-11-03,hall h,DEM,2026_CA_House-3,481
2026,FL,House,27,María Elvira Salazar,REP,45.0,2025-07-27,804.0,Kaplan Strategies,ad170747-6130-4ec6-ae24-b2f8acfa724d,2026-11-03,salazar m,REP,2026_FL_House-27,464
2026,MI,House,10,Mike Bouchard,REP,43.0,2026-01-17,592.0,Public Policy Polling,24a6bdc7-2392-455c-95c2-e4dcf914df16,2026-11-03,bouchard m,REP,2026_MI_House-10,290
2026,MI,House,10,Eric Chung,DEM,41.0,2026-01-17,592.0,Public Policy Polling,24a6bdc7-2392-455c-95c2-e4dcf914df16,2026-11-03,chung e,DEM,2026_MI_House-10,290
2026,MI,House,10,Tim Greimel,DEM,42.0,2026-01-17,592.0,Public Policy Polling,24a6bdc7-2392-455c-95c2-e4dcf914df16,2026-11-03,greimel t,DEM,2026_MI_House-10,290
2026,MI,House,10,Christina Hines,DEM,44.0,2026-01-17,592.0,Public Policy Polling,24a6bdc7-2392-455c-95c2-e4dcf914df16,2026-11-03,hines c,DEM,2026_MI_House-10,290
2026,CA,House,40,Young Kim,REP,44.0,2026-01-19,800.0,Tulchin Research,43bcce59-3f82-4738-874d-6928c996d13e,2026-11-03,kim y,REP,2026_CA_House-40,288
2026,CA,House,40,Esther Kim-Varet,DEM,43.0,2026-01-19,800.0,Tulchin Research,43bcce59-3f82-4738-874d-6928c996d13e,2026-11-03,kimvaret e,DEM,2026_CA_House-40,288
2026,CA,House,40,Ken Calvert,REP,44.0,2026-01-19,800.0,Tulchin Research,43bcce59-3f82-4738-874d-6928c996d13e,2026-11-03,calvert k,REP,2026_CA_House-40,288
2026,MN,House,1,Jake Johnson,DEM,41.0,2026-02-03,708.0,Public Policy Polling,20012cfb-ab35-4259-9d47-328c107cf770,2026-11-03,johnson j,DEM,2026_MN_House-1,273
2026,MN,House,1,Brad Finstad,REP,44.0,2026-02-03,708.0,Public Policy Polling,20012cfb-ab35-4259-9d47-328c107cf770,2026-11-03,finstad b,REP,2026_MN_House-1,273
2026,AK,House,1,Nick Begich,REP,46.0,2025-03-07,1008.0,Data for Progress,1cb7cec3-d3fa-4974-9c0d-32629c10d681,2026-11-03,begich n,REP,2026_AK_House-1,606
2026,MT,House,1,Sam Forstag,DEM,38.0,2026-01-15,400.0,Peak Insights,0245de88-747f-4893-9c92-fd35eb70f977,2026-11-03,forstag s,DEM,2026_MT_House-1,292
2026,CO,House,3,Jeff Hurd,REP,48.0,2026-01-12,400.0,Expedition Strategies,edf8bf05-3a02-4b59-b8ba-154c23aca139,2026-11-03,hurd j,REP,2026_CO_House-3,295
2026,CO,House,3,Alex Kelloff,DEM,39.0,2026-01-12,400.0,Expedition Strategies,edf8bf05-3a02-4b59-b8ba-154c23aca139,2026-11-03,kelloff a,DEM,2026_CO_House-3,295
2026,NH,House,2,Lily Tang Williams,REP,40.0,2026-01-19,1094.0,University of New Hampshire,f93e7e0b-ac53-45cd-b753-fb628b1246d0,2026-11-03,williams l,REP,2026_NH_House-2,288
2026,NH,House,2,Maggie Goodlander,DEM,54.0,2026-01-19,1094.0,University of New Hampshire,f93e7e0b-ac53-45cd-b753-fb628b1246d0,2026-11-03,goodlander m,DEM,2026_NH_House-2,288
2026,NH,House,2,Lily Tang Williams,REP,31.0,2025-08-27,881.0,St. Anselm,24096bf7-3cb0-468d-8b3a-ffd12207d155,2026-11-03,williams l,REP,2026_NH_House-2,433
2026,NH,House,2,Maggie Goodlander,DEM,49.0,2025-08-27,881.0,St. Anselm,24096bf7-3cb0-468d-8b3a-ffd12207d155,2026-11-03,goodlander m,DEM,2026_NH_House-2,433
2026,NH,House,2,Lily Tang Williams,REP,35.0,2025-11-19,1102.0,St. Anselm,0208a971-f1c8-4f04-aae8-2acbc265a583,2026-11-03,williams l,REP,2026_NH_House-2,349
2026,NH,House,2,Maggie Goodlander,DEM,40.0,2025-11-19,1102.0,St. Anselm,0208a971-f1c8-4f04-aae8-2acbc265a583,2026-11-03,goodlander m,DEM,2026_NH_House-2,349
2026,ME,House,2,Paul R. LePage,REP,49.0,2025-10-21,521.0,University of New Hampshire,1e9d1390-8461-48d8-a0e7-a9b01e6c8dd9,2026-11-03,lepage p,REP,2026_ME_House-2,378
2026,NH,House,2,Lily Tang Williams,REP,39.0,2025-09-23,508.0,University of New Hampshire,ee58b3cf-d675-4c2c-be68-38bb27afb90b,2026-11-03,williams l,REP,2026_NH_House-2,406
2026,NH,House,2,Maggie Goodlander,DEM,51.0,2025-09-23,508.0,University of New Hampshire,ee58b3cf-d675-4c2c-be68-38bb27afb90b,2026-11-03,goodlander m,DEM,2026_NH_House-2,406
2026,NY,House,1,Nicholas J. LaLota,REP,41.0,2025-12-11,579.0,Public Policy Polling,c4ac660b-506e-4108-8384-f898c7ca6c39,2026-11-03,lalota n,REP,2026_NY_House-1,327
2026,NY,House,1,Chris Gallant,DEM,38.0,2025-12-11,579.0,Public Policy Polling,c4ac660b-506e-4108-8384-f898c7ca6c39,2026-11-03,gallant c,DEM,2026_NY_House-1,327
2026,ME,House,2,Paul R. LePage,REP,44.0,2025-12-07,387.0,Pan Atlantic SMS Group,15757c4d-b890-4852-b6f8-3011deda6800,2026-11-03,lepage p,REP,2026_ME_House-2,331
2026,SC,House,1,Mark Smith,REP,39.0,2025-12-06,645.0,Public Policy Polling,7e3caa82-e87f-46b0-a319-bf64684a896d,2026-11-03,smith m,REP,2026_SC_House-1,332
2026,SC,House,1,Mac Deford,DEM,36.0,2025-12-06,645.0,Public Policy Polling,7e3caa82-e87f-46b0-a319-bf64684a896d,2026-11-03,deford m,DEM,2026_SC_House-1,332
2026,PA,House,10,Scott Perry,REP,44.0,2025-11-19,549.0,Public Policy Polling,db1320e1-5ce9-4b6f-ad1f-2ea125a9b89c,2026-11-03,perry s,REP,2026_PA_House-10,349
2026,PA,House,10,Janelle Stelson,DEM,48.0,2025-11-19,549.0,Public Policy Polling,db1320e1-5ce9-4b6f-ad1f-2ea125a9b89c,2026-11-03,stelson j,DEM,2026_PA_House-10,349
2026,MI,House,4,Sean McCann,DEM,42.0,2025-11-21,559.0,Public Policy Polling,f33c3514-2271-4179-93da-6545ef164594,2026-11-03,mccann s,DEM,2026_MI_House-4,347
2026,MI,House,4,Bill Huizenga,REP,44.0,2025-11-21,559.0,Public Policy Polling,f33c3514-2271-4179-93da-6545ef164594,2026-11-03,huizenga b,REP,2026_MI_House-4,347
2026,AZ,House,1,Gina Swoboda,REP,40.0,2025-11-17,500.0,GrayHouse,e251a4a0-a480-477f-84ea-392b35c58b52,2026-11-03,swoboda g,REP,2026_AZ_House-1,351
2026,AZ,House,1,Thomas (Jay) Feely,REP,42.0,2025-11-17,500.0,GrayHouse,e251a4a0-a480-477f-84ea-392b35c58b52,2026-11-03,feely t,REP,2026_AZ_House-1,351
2026,CA,House,48,Darrell Issa,REP,40.0,2025-10-26,517.0,Blueprint Polling,7646a549-0add-41ca-8f97-eb9999119af6,2026-11-03,issa d,REP,2026_CA_House-48,373
2026,CA,House,48,Ammar Campa-Najjar,DEM,43.0,2025-10-26,517.0,Blueprint Polling,7646a549-0add-41ca-8f97-eb9999119af6,2026-11-03,campanajjar a,DEM,2026_CA_House-48,373
2026,CO,House,5,Matt Cavanaugh,OTH,5.0,2025-11-03,450.0,Global Strategy Group,f54b098e-2666-4e2c-acc7-adb7f2312cce,2026-11-03,cavanaugh m,OTH,2026_CO_House-5,365
2026,CO,House,5,Jeff Crank,REP,43.0,2025-11-03,450.0,Global Strategy Group,f54b098e-2666-4e2c-acc7-adb7f2312cce,2026-11-03,crank j,REP,2026_CO_House-5,365
2026,CO,House,5,Jessica Killin,DEM,40.0,2025-11-03,450.0,Global Strategy Group,f54b098e-2666-4e2c-acc7-adb7f2312cce,2026-11-03,killin j,DEM,2026_CO_House-5,365
2026,MI,House,7,Tom Barrett,REP,41.0,2025-10-28,557.0,Public Policy Polling,e626001c-b2c8-4127-a807-304326b6bbfa,2026-11-03,barrett t,REP,2026_MI_House-7,371
2026,MI,House,7,Bridget Brink,DEM,45.0,2025-10-28,557.0,Public Policy Polling,e626001c-b2c8-4127-a807-304326b6bbfa,2026-11-03,brink b,DEM,2026_MI_House-7,371
2026,MI,House,7,Matt Maasdam,DEM,43.0,2025-10-28,557.0,Public Policy Polling,e626001c-b2c8-4127-a807-304326b6bbfa,2026-11-03,maasdam m,DEM,2026_MI_House-7,371
2026,AK,House,1,Nick Begich,REP,48.0,2025-10-23,823.0,Data for Progress,2abdc064-3a16-4478-a841-23467c99f334,2026-11-03,begich n,REP,2026_AK_House-1,376
2026,AK,House,1,Matt Schultz,DEM,37.0,2025-10-23,823.0,Data for Progress,2abdc064-3a16-4478-a841-23467c99f334,2026-11-03,schultz m,DEM,2026_AK_House-1,376
2026,NE,House,2,John Cavanaugh,DEM,46.0,2025-10-23,594.0,Public Policy Polling,490a2251-4e5b-42c6-95ab-be674de75ad4,2026-11-03,cavanaugh j,DEM,2026_NE_House-2,376
2026,NE,House,2,Denise Powell,DEM,44.0,2025-10-23,594.0,Public Policy Polling,490a2251-4e5b-42c6-95ab-be674de75ad4,2026-11-03,powell d,DEM,2026_NE_House-2,376
2026,AZ,House,6,JoAnna Mendoza,DEM,42.0,2025-10-15,581.0,Public Policy Polling,98ca77f6-ec80-4dfa-930b-89b1260ee9c3,2026-11-03,mendoza j,DEM,2026_AZ_House-6,384
2026,AZ,House,6,Juan Ciscomani,REP,41.0,2025-10-15,581.0,Public Policy Polling,98ca77f6-ec80-4dfa-930b-89b1260ee9c3,2026-11-03,ciscomani j,REP,2026_AZ_House-6,384
2026,WI,House,3,Derrick Van Orden,REP,42.0,2025-10-15,609.0,Public Policy Polling,3b163a5c-b7cc-4b36-a82c-77aa3f721cd3,2026-11-03,orden d,REP,2026_WI_House-3,384
2026,WI,House,3,Rebecca Cooke,DEM,44.0,2025-10-15,609.0,Public Policy Polling,3b163a5c-b7cc-4b36-a82c-77aa3f721cd3,2026-11-03,cooke r,DEM,2026_WI_House-3,384
2026,PA,House,1,Brian Fitzpatrick,REP,41.0,2025-10-11,585.0,Public Policy Polling,b8d528af-4b84-445f-ad55-b588dc1734df,2026-11-03,fitzpatrick b,REP,2026_PA_House-1,388
2026,PA,House,1,Bob Harvie,DEM,41.0,2025-10-11,585.0,Public Policy Polling,b8d528af-4b84-445f-ad55-b588dc1734df,2026-11-03,harvie b,DEM,2026_PA_House-1,388
2026,CA,House,11,Saikat Chakrabarti,DEM,34.0,2025-09-20,600.0,Beacon Research,51d6beee-6fab-4c97-9d83-2ba5200e1b18,2026-11-03,chakrabarti s,DEM,2026_CA_House-11,409
2026,CA,House,11,Nancy Pelosi,DEM,47.0,2025-09-20,600.0,Beacon Research,51d6beee-6fab-4c97-9d83-2ba5200e1b18,2026-11-03,pelosi n,DEM,2026_CA_House-11,409
2026,IA,House,3,Zach Nunn,REP,44.0,2025-09-18,717.0,Public Policy Polling,8cb6ba34-5d90-40ff-9ae9-ca8bb6cbc364,2026-11-03,nunn z,REP,2026_IA_House-3,411
2026,TX,House,15,Bobby Pulido,DEM,38.0,2025-09-11,533.0,Public Policy Polling,9c41309c-d9ef-4b24-8421-b17206e116a6,2026-11-03,pulido b,DEM,2026_TX_House-15,418
2026,TX,House,15,Monica De La Cruz,REP,41.0,2025-09-11,533.0,Public Policy Polling,9c41309c-d9ef-4b24-8421-b17206e116a6,2026-11-03,cruz m,REP,2026_TX_House-15,418
2026,VA,House,1,Shannon Taylor,DEM,40.0,2025-08-09,541.0,Public Policy Polling,988f8763-1876-4645-9553-f90af842077c,2026-11-03,taylor s,DEM,2026_VA_House-1,451
2026,VA,House,1,Robert J. Wittman,REP,41.0,2025-08-09,541.0,Public Policy Polling,988f8763-1876-4645-9553-f90af842077c,2026-11-03,wittman r,REP,2026_VA_House-1,451
2026,PA,House,8,Paige Cognetti,DEM,45.0,2025-08-28,615.0,Public Policy Polling,8048696d-561b-4a0c-9e5b-9d98927e1a94,2026-11-03,cognetti p,DEM,2026_PA_House-8,432
2026,PA,House,8,Rob Bresnahan Jr.,REP,43.0,2025-08-28,615.0,Public Policy Polling,8048696d-561b-4a0c-9e5b-9d98927e1a94,2026-11-03,bresnahan r,REP,2026_PA_House-8,432
2026,CA,House,22,David G. Valadao,REP,42.0,2025-08-08,547.0,Public Policy Polling,4b470bba-9ec2-488b-b4e0-6af05b9ee162,2026-11-03,valadao d,REP,2026_CA_House-22,452
2026,PA,House,10,Scott Perry,REP,43.0,2025-07-11,559.0,Public Policy Polling,09e9ea7a-1660-4fd4-bcc9-43f9692170b8,2026-11-03,perry s,REP,2026_PA_House-10,480
2026,PA,House,10,Janelle Stelson,DEM,46.0,2025-07-11,559.0,Public Policy Polling,09e9ea7a-1660-4fd4-bcc9-43f9692170b8,2026-11-03,stelson j,DEM,2026_PA_House-10,480
2026,ME,House,2,Paul R. LePage,REP,50.0,2025-06-23,394.0,University of New Hampshire,1a3cbc7a-9ae3-4bcd-a2dc-3a59cfc406c8,2026-11-03,lepage p,REP,2026_ME_House-2,498
2026,IA,House,1,Mariannette Miller-Meeks,REP,39.0,2025-06-19,555.0,Public Policy Polling,0dfde340-4dea-40c1-8e1c-eba2fefde7ce,2026-11-03,millermeeks m,REP,2026_IA_House-1,502
2026,IA,House,1,Christina Bohannan,DEM,43.0,2025-06-19,555.0,Public Policy Polling,0dfde340-4dea-40c1-8e1c-eba2fefde7ce,2026-11-03,bohannan c,DEM,2026_IA_House-1,502
2026,ME,House,2,Paul R. LePage,REP,43.0,2025-06-10,400.0,Mellman Group,61637f40-79d4-4b9a-9b0b-256aec63804e,2026-11-03,lepage p,REP,2026_ME_House-2,511
2026,NJ,House,2,Jeff Van Drew,REP,46.0,2025-05-22,505.0,Public Policy Polling,1f1d93d8-d35a-4c69-ac7d-93f2eb120b0a,2026-11-03,drew j,REP,2026_NJ_House-2,530
2026,ME,House,2,Paul R. LePage,REP,48.0,2025-04-15,400.0,Ragnar Research Partners,fb7e172d-fdbc-4ef1-b4b9-de046036c933,2026-11-03,lepage p,REP,2026_ME_House-2,567
2026,NV,Governor,,Joe Lombardo,REP,44.0,2026-07-16,558.0,Public Policy Polling,6a1c46a6-49ab-4009-aeea-bc66b96656db,2026-11-03,lombardo j,REP,2026_NV_Governor,110
2026,NV,Governor,,Aaron Ford,DEM,44.0,2026-07-16,558.0,Public Policy Polling,6a1c46a6-49ab-4009-aeea-bc66b96656db,2026-11-03,ford a,DEM,2026_NV_Governor,110
2026,VT,Governor,,Phil Scott,REP,43.0,2026-07-20,925.0,University of New Hampshire,6390a575-055a-4ac5-a568-71517869d2b6,2026-11-03,scott p,REP,2026_VT_Governor,106
2026,VT,Governor,,Dean Roy,OTH,1.0,2026-07-20,925.0,University of New Hampshire,6390a575-055a-4ac5-a568-71517869d2b6,2026-11-03,roy d,OTH,2026_VT_Governor,106
2026,VT,Governor,,Aly Richards,DEM,35.0,2026-07-20,925.0,University of New Hampshire,6390a575-055a-4ac5-a568-71517869d2b6,2026-11-03,richards a,DEM,2026_VT_Governor,106
2026,VT,Governor,,June Goodband,OTH,2.0,2026-07-20,925.0,University of New Hampshire,6390a575-055a-4ac5-a568-71517869d2b6,2026-11-03,goodband j,OTH,2026_VT_Governor,106
2026,VT,Governor,,Amanda Janoo,DEM,33.0,2026-07-20,925.0,University of New Hampshire,6390a575-055a-4ac5-a568-71517869d2b6,2026-11-03,janoo a,DEM,2026_VT_Governor,106
2026,ME,Governor,,Hannah Pingree,DEM,49.0,2026-07-20,1150.0,University of New Hampshire,f1a66eab-67e9-4c28-bb4b-7bc27b8c131d,2026-11-03,pingree h,DEM,2026_ME_Governor,106
2026,ME,Governor,,Bobby Charles,REP,35.0,2026-07-20,1150.0,University of New Hampshire,f1a66eab-67e9-4c28-bb4b-7bc27b8c131d,2026-11-03,charles b,REP,2026_ME_Governor,106
2026,ME,Governor,,Rick Bennett,OTH,6.0,2026-07-20,1150.0,University of New Hampshire,f1a66eab-67e9-4c28-bb4b-7bc27b8c131d,2026-11-03,bennett r,OTH,2026_ME_Governor,106
2026,FL,Governor,,David W. Jolly,DEM,41.4,2026-07-17,848.0,University of North Florida,b7344ec9-d1d2-459e-a5ad-16965b6345e8,2026-11-03,jolly d,DEM,2026_FL_Governor,109
2026,FL,Governor,,Byron Donalds,REP,46.1,2026-07-17,848.0,University of North Florida,b7344ec9-d1d2-459e-a5ad-16965b6345e8,2026-11-03,donalds b,REP,2026_FL_Governor,109
2026,GA,Governor,,Rick Jackson,REP,44.0,2026-07-13,448.0,State Navigate,e58a82a9-fa43-4e6a-8a68-a5c338afdb38,2026-11-03,jackson r,REP,2026_GA_Governor,113
2026,GA,Governor,,Keisha Lance Bottoms,DEM,51.0,2026-07-13,448.0,State Navigate,e58a82a9-fa43-4e6a-8a68-a5c338afdb38,2026-11-03,bottoms k,DEM,2026_GA_Governor,113
2026,CA,Governor,,Neither/would not vote,OTH,1.0,2026-07-06,1003.0,Public Policy Institute of California,b2d69b28-af24-46e1-948f-3c5768cd0e60,2026-11-03,vote n,OTH,2026_CA_Governor,120
2026,CA,Governor,,Steve Hilton,REP,36.0,2026-07-06,1003.0,Public Policy Institute of California,b2d69b28-af24-46e1-948f-3c5768cd0e60,2026-11-03,hilton s,REP,2026_CA_Governor,120
2026,CA,Governor,,Xavier Becerra,DEM,61.0,2026-07-06,1003.0,Public Policy Institute of California,b2d69b28-af24-46e1-948f-3c5768cd0e60,2026-11-03,becerra x,DEM,2026_CA_Governor,120
2026,PA,Governor,,Stacy Garrity,REP,40.0,2026-07-13,895.0,Quinnipiac University,099d533d-85c7-47ba-9591-108720a94320,2026-11-03,garrity s,REP,2026_PA_Governor,113
2026,PA,Governor,,Josh Shapiro,DEM,53.0,2026-07-13,895.0,Quinnipiac University,099d533d-85c7-47ba-9591-108720a94320,2026-11-03,shapiro j,DEM,2026_PA_Governor,113
2026,NV,Governor,,Aaron Ford,DEM,47.0,2026-07-12,700.0,Wedgewood Polls,4cad4c84-d015-49ef-b046-404cbc081d2a,2026-11-03,ford a,DEM,2026_NV_Governor,114
2026,NV,Governor,,Joe Lombardo,REP,50.0,2026-07-12,700.0,Wedgewood Polls,4cad4c84-d015-49ef-b046-404cbc081d2a,2026-11-03,lombardo j,REP,2026_NV_Governor,114
2026,OR,Governor,,Tina Kotek,DEM,44.0,2026-06-24,600.0,Public Opinion Strategies,d13e5872-52f7-4775-a9af-a77ded150eac,2026-11-03,kotek t,DEM,2026_OR_Governor,132
2026,OR,Governor,,Christine Drazan,REP,48.0,2026-06-24,600.0,Public Opinion Strategies,d13e5872-52f7-4775-a9af-a77ded150eac,2026-11-03,drazan c,REP,2026_OR_Governor,132
2026,AK,Governor,,Bill Walker,OTH,10.5,2026-07-01,,Alaska Survey Research,20f27607-a8b9-472f-bc31-aca78c152dae,2026-11-03,walker b,OTH,2026_AK_Governor,125
2026,AK,Governor,,Click Bishop,REP,13.2,2026-07-01,,Alaska Survey Research,20f27607-a8b9-472f-bc31-aca78c152dae,2026-11-03,bishop c,REP,2026_AK_Governor,125
2026,AK,Governor,,Jonathan Kreiss-Tomkins,DEM,15.5,2026-07-01,,Alaska Survey Research,20f27607-a8b9-472f-bc31-aca78c152dae,2026-11-03,kreisstomkins j,DEM,2026_AK_Governor,125
2026,AK,Governor,,Dave Bronson,REP,16.9,2026-07-01,,Alaska Survey Research,20f27607-a8b9-472f-bc31-aca78c152dae,2026-11-03,bronson d,REP,2026_AK_Governor,125
2026,AK,Governor,,Bernadette Wilson,REP,21.8,2026-07-01,,Alaska Survey Research,20f27607-a8b9-472f-bc31-aca78c152dae,2026-11-03,wilson b,REP,2026_AK_Governor,125
2026,AK,Governor,,Tom Begich,DEM,22.1,2026-07-01,,Alaska Survey Research,20f27607-a8b9-472f-bc31-aca78c152dae,2026-11-03,begich t,DEM,2026_AK_Governor,125
2026,GA,Governor,,Keisha Lance Bottoms,DEM,42.7,2026-06-30,1175.0,Wick,3eccfb66-aab7-475e-a672-bc7dd16272cc,2026-11-03,bottoms k,DEM,2026_GA_Governor,126
2026,GA,Governor,,Rick Jackson,REP,43.2,2026-06-30,1175.0,Wick,3eccfb66-aab7-475e-a672-bc7dd16272cc,2026-11-03,jackson r,REP,2026_GA_Governor,126
2026,NY,Governor,,Bruce Blakeman,REP,41.0,2026-07-02,1085.0,co/efficient,7a9e85af-ad95-47c8-a442-282c44efe238,2026-11-03,blakeman b,REP,2026_NY_Governor,124
2026,NY,Governor,,Kathy C. Hochul,DEM,47.0,2026-07-02,1085.0,co/efficient,7a9e85af-ad95-47c8-a442-282c44efe238,2026-11-03,hochul k,DEM,2026_NY_Governor,124
2026,WI,Governor,,Tom Tiffany,REP,42.0,2026-07-04,707.0,Wedgewood Polls,533478ac-e858-40f8-b829-74bd62922419,2026-11-03,tiffany t,REP,2026_WI_Governor,122
2026,WI,Governor,,Sara Rodriguez,DEM,47.0,2026-07-04,707.0,Wedgewood Polls,533478ac-e858-40f8-b829-74bd62922419,2026-11-03,rodriguez s,DEM,2026_WI_Governor,122
2026,WI,Governor,,Mandela Barnes,DEM,48.0,2026-07-04,707.0,Wedgewood Polls,533478ac-e858-40f8-b829-74bd62922419,2026-11-03,barnes m,DEM,2026_WI_Governor,122
2026,WI,Governor,,Francesca Hong,DEM,47.0,2026-07-04,707.0,Wedgewood Polls,533478ac-e858-40f8-b829-74bd62922419,2026-11-03,hong f,DEM,2026_WI_Governor,122
2026,IA,Governor,,Zach Lahn,REP,44.0,2026-06-27,1003.0,Beacon Research/Shaw & Company Research,29db67fd-4e3f-48b5-bc3e-a47216e0df73,2026-11-03,lahn z,REP,2026_IA_Governor,129
2026,IA,Governor,,Rob Sand,DEM,53.0,2026-06-27,1003.0,Beacon Research/Shaw & Company Research,29db67fd-4e3f-48b5-bc3e-a47216e0df73,2026-11-03,sand r,DEM,2026_IA_Governor,129
2026,GA,Governor,,Rick Jackson,REP,47.0,2026-06-27,1002.0,Beacon Research/Shaw & Company Research,218f0f52-9f5d-4b50-ae1d-bae3778ef88e,2026-11-03,jackson r,REP,2026_GA_Governor,129
2026,GA,Governor,,Keisha Lance Bottoms,DEM,52.0,2026-06-27,1002.0,Beacon Research/Shaw & Company Research,218f0f52-9f5d-4b50-ae1d-bae3778ef88e,2026-11-03,bottoms k,DEM,2026_GA_Governor,129
2026,PA,Governor,,Josh Shapiro,DEM,48.0,2026-06-11,600.0,MAD Global Strategy,588348cc-dde0-4938-bf24-c7c26c94e32e,2026-11-03,shapiro j,DEM,2026_PA_Governor,145
2026,PA,Governor,,Stacy Garrity,REP,31.0,2026-06-11,600.0,MAD Global Strategy,588348cc-dde0-4938-bf24-c7c26c94e32e,2026-11-03,garrity s,REP,2026_PA_Governor,145
2026,NH,Governor,,Cinde Warmington,DEM,37.0,2026-06-25,1614.0,St. Anselm,323ff676-e8d3-44aa-a932-d8cb8fbc0695,2026-11-03,warmington c,DEM,2026_NH_Governor,131
2026,NH,Governor,,Kelly Ayotte,REP,45.0,2026-06-25,1614.0,St. Anselm,323ff676-e8d3-44aa-a932-d8cb8fbc0695,2026-11-03,ayotte k,REP,2026_NH_Governor,131
2026,NH,Governor,,Cinde Warmington,DEM,39.0,2026-06-23,2221.0,University of New Hampshire,efcc0bd7-9216-4651-8c14-726b8f5916bb,2026-11-03,warmington c,DEM,2026_NH_Governor,133
2026,NH,Governor,,Kelly Ayotte,REP,44.0,2026-06-23,2221.0,University of New Hampshire,efcc0bd7-9216-4651-8c14-726b8f5916bb,2026-11-03,ayotte k,REP,2026_NH_Governor,133
2026,OH,Governor,,Vivek G. Ramaswamy,REP,46.8,2026-06-28,601.0,The New York Times/Siena University,e5903ad0-d21c-4e69-9e02-750ec22f2ad3,2026-11-03,ramaswamy v,REP,2026_OH_Governor,128
2026,OH,Governor,,Amy Acton,DEM,46.7,2026-06-28,601.0,The New York Times/Siena University,e5903ad0-d21c-4e69-9e02-750ec22f2ad3,2026-11-03,acton a,DEM,2026_OH_Governor,128
2026,IA,Governor,,Zach Lahn,REP,46.5,2026-06-27,600.0,The New York Times/Siena University,0adcbad6-4f3a-4ede-9d94-ab1ffe58c64f,2026-11-03,lahn z,REP,2026_IA_Governor,129
2026,IA,Governor,,Rob Sand,DEM,48.2,2026-06-27,600.0,The New York Times/Siena University,0adcbad6-4f3a-4ede-9d94-ab1ffe58c64f,2026-11-03,sand r,DEM,2026_IA_Governor,129
2026,MA,Governor,,Brian Shortsleeve,REP,32.0,2026-06-23,608.0,University of New Hampshire,28aaca86-3405-459d-bde1-783a3c56eef3,2026-11-03,shortsleeve b,REP,2026_MA_Governor,133
2026,MA,Governor,,Maura Healey,DEM,50.0,2026-06-23,608.0,University of New Hampshire,28aaca86-3405-459d-bde1-783a3c56eef3,2026-11-03,healey m,DEM,2026_MA_Governor,133
2026,MA,Governor,,Mike Minogue,REP,32.0,2026-06-23,608.0,University of New Hampshire,28aaca86-3405-459d-bde1-783a3c56eef3,2026-11-03,minogue m,REP,2026_MA_Governor,133
2026,ME,Governor,,Bobby Charles,REP,42.0,2026-06-27,1003.0,Beacon Research/Shaw & Company Research,ae1179f5-1fe6-4bf7-8b9c-77cc2c2407a1,2026-11-03,charles b,REP,2026_ME_Governor,129
2026,ME,Governor,,Hannah Pingree,DEM,53.0,2026-06-27,1003.0,Beacon Research/Shaw & Company Research,ae1179f5-1fe6-4bf7-8b9c-77cc2c2407a1,2026-11-03,pingree h,DEM,2026_ME_Governor,129
2026,VT,Governor,,Phil Scott,REP,41.0,2026-06-23,867.0,University of New Hampshire,a2347bc3-cbf9-483a-9af1-cdb901440ffe,2026-11-03,scott p,REP,2026_VT_Governor,133
2026,VT,Governor,,Dean Roy,OTH,1.0,2026-06-23,867.0,University of New Hampshire,a2347bc3-cbf9-483a-9af1-cdb901440ffe,2026-11-03,roy d,OTH,2026_VT_Governor,133
2026,VT,Governor,,Aly Richards,DEM,25.0,2026-06-23,867.0,University of New Hampshire,a2347bc3-cbf9-483a-9af1-cdb901440ffe,2026-11-03,richards a,DEM,2026_VT_Governor,133
2026,VT,Governor,,June Goodband,OTH,6.0,2026-06-23,867.0,University of New Hampshire,a2347bc3-cbf9-483a-9af1-cdb901440ffe,2026-11-03,goodband j,OTH,2026_VT_Governor,133
2026,VT,Governor,,Amanda Janoo,DEM,27.0,2026-06-23,867.0,University of New Hampshire,a2347bc3-cbf9-483a-9af1-cdb901440ffe,2026-11-03,janoo a,DEM,2026_VT_Governor,133
2026,CT,Governor,,Ned Lamont,DEM,49.0,2026-06-23,821.0,University of New Hampshire,d51bef7e-c180-471e-b007-4b52ed80f222,2026-11-03,lamont n,DEM,2026_CT_Governor,133
2026,CT,Governor,,Ryan Fazio,REP,36.0,2026-06-23,821.0,University of New Hampshire,d51bef7e-c180-471e-b007-4b52ed80f222,2026-11-03,fazio r,REP,2026_CT_Governor,133
2026,TX,Governor,,Greg Abbott,REP,50.6,2026-06-27,656.0,The New York Times/Siena University,851dac34-603d-4d28-b7d1-a611785efb38,2026-11-03,abbott g,REP,2026_TX_Governor,129
2026,TX,Governor,,Gina Hinojosa,DEM,44.2,2026-06-27,656.0,The New York Times/Siena University,851dac34-603d-4d28-b7d1-a611785efb38,2026-11-03,hinojosa g,DEM,2026_TX_Governor,129
2026,PA,Governor,,Stacy Garrity,REP,29.3,2026-06-25,644.0,Bravo Group,0b1dfde7-98e7-4239-a56d-7e74bb4bab3b,2026-11-03,garrity s,REP,2026_PA_Governor,131
2026,PA,Governor,,Josh Shapiro,DEM,53.7,2026-06-25,644.0,Bravo Group,0b1dfde7-98e7-4239-a56d-7e74bb4bab3b,2026-11-03,shapiro j,DEM,2026_PA_Governor,131
2026,ME,Governor,,Rick Bennett,OTH,8.1,2026-06-26,608.0,The New York Times/Siena University,67b56c94-89a5-47e0-ace0-551879438390,2026-11-03,bennett r,OTH,2026_ME_Governor,130
2026,ME,Governor,,Bobby Charles,REP,36.4,2026-06-26,608.0,The New York Times/Siena University,67b56c94-89a5-47e0-ace0-551879438390,2026-11-03,charles b,REP,2026_ME_Governor,130
2026,ME,Governor,,Hannah Pingree,DEM,49.6,2026-06-26,608.0,The New York Times/Siena University,67b56c94-89a5-47e0-ace0-551879438390,2026-11-03,pingree h,DEM,2026_ME_Governor,130
2026,IA,Governor,,Rob Sand,DEM,47.7,2026-06-19,600.0,Cygnal,24dd386f-3111-4c4a-9e7e-08d902516a53,2026-11-03,sand r,DEM,2026_IA_Governor,137
2026,IA,Governor,,Zach Lahn,REP,43.4,2026-06-19,600.0,Cygnal,24dd386f-3111-4c4a-9e7e-08d902516a53,2026-11-03,lahn z,REP,2026_IA_Governor,137
2026,OH,Governor,,Vivek G. Ramaswamy,REP,44.0,2026-06-16,800.0,Fabrizio Ward/Impact Research,e7429018-12b7-482f-8c30-3efded20d842,2026-11-03,ramaswamy v,REP,2026_OH_Governor,140
2026,OH,Governor,,Amy Acton,DEM,47.0,2026-06-16,800.0,Fabrizio Ward/Impact Research,e7429018-12b7-482f-8c30-3efded20d842,2026-11-03,acton a,DEM,2026_OH_Governor,140
2026,NY,Governor,,Bruce Blakeman,REP,32.0,2026-06-23,1120.0,Siena University,a2e9cc79-0b94-46f8-9c63-f2d3dd0431d0,2026-11-03,blakeman b,REP,2026_NY_Governor,133
2026,NY,Governor,,Kathy C. Hochul,DEM,52.0,2026-06-23,1120.0,Siena University,a2e9cc79-0b94-46f8-9c63-f2d3dd0431d0,2026-11-03,hochul k,DEM,2026_NY_Governor,133
2026,TX,Governor,,Gina Hinojosa,DEM,40.0,2026-06-12,1200.0,YouGov,b06f9f02-67f3-4c3c-8af6-993ed3085bc5,2026-11-03,hinojosa g,DEM,2026_TX_Governor,144
2026,TX,Governor,,Greg Abbott,REP,47.0,2026-06-12,1200.0,YouGov,b06f9f02-67f3-4c3c-8af6-993ed3085bc5,2026-11-03,abbott g,REP,2026_TX_Governor,144
2026,TX,Governor,,Gina Hinojosa,DEM,42.2,2026-06-21,800.0,SoCal Strategies,bed33bca-5153-4b86-9bd7-fdc0ccc4232d,2026-11-03,hinojosa g,DEM,2026_TX_Governor,135
2026,TX,Governor,,Greg Abbott,REP,53.9,2026-06-21,800.0,SoCal Strategies,bed33bca-5153-4b86-9bd7-fdc0ccc4232d,2026-11-03,abbott g,REP,2026_TX_Governor,135
2026,CA,Governor,,Xavier Becerra,DEM,58.0,2026-06-17,900.0,Kreate Strategies,dcd15a6d-fa87-4fdc-9b8d-6950782e9970,2026-11-03,becerra x,DEM,2026_CA_Governor,139
2026,CA,Governor,,Steve Hilton,REP,33.0,2026-06-17,900.0,Kreate Strategies,dcd15a6d-fa87-4fdc-9b8d-6950782e9970,2026-11-03,hilton s,REP,2026_CA_Governor,139
2026,PA,Governor,,Stacy Garrity,REP,28.0,2026-06-14,546.0,Franklin & Marshall College,3493eedc-8f8c-4f18-9857-cb66de51c272,2026-11-03,garrity s,REP,2026_PA_Governor,142
2026,PA,Governor,,Josh Shapiro,DEM,50.0,2026-06-14,546.0,Franklin & Marshall College,3493eedc-8f8c-4f18-9857-cb66de51c272,2026-11-03,shapiro j,DEM,2026_PA_Governor,142
2026,OH,Governor,,Vivek G. Ramaswamy,REP,44.0,2026-06-04,600.0,Tulchin Research,3abe7c38-03f5-4972-ab6c-6562912cdf5f,2026-11-03,ramaswamy v,REP,2026_OH_Governor,152
2026,OH,Governor,,Amy Acton,DEM,47.0,2026-06-04,600.0,Tulchin Research,3abe7c38-03f5-4972-ab6c-6562912cdf5f,2026-11-03,acton a,DEM,2026_OH_Governor,152
2026,MI,Governor,,John James,REP,40.0,2026-06-13,827.0,Mitchell Research & Communications,65ba6cdf-2251-4329-92db-d3957baf9616,2026-11-03,james j,REP,2026_MI_Governor,143
2026,MI,Governor,,Jocelyn Benson,DEM,51.0,2026-06-13,827.0,Mitchell Research & Communications,65ba6cdf-2251-4329-92db-d3957baf9616,2026-11-03,benson j,DEM,2026_MI_Governor,143
2026,MI,Governor,,Perry Johnson,REP,42.0,2026-06-13,827.0,Mitchell Research & Communications,65ba6cdf-2251-4329-92db-d3957baf9616,2026-11-03,johnson p,REP,2026_MI_Governor,143
2026,MI,Governor,,Mike Cox,REP,41.0,2026-06-13,827.0,Mitchell Research & Communications,65ba6cdf-2251-4329-92db-d3957baf9616,2026-11-03,cox m,REP,2026_MI_Governor,143
2026,GA,Governor,,Rick Jackson,REP,38.0,2026-06-02,510.0,Concord Public Opinion Partners,0e593d7b-c6db-4e3e-9971-2ca674972da1,2026-11-03,jackson r,REP,2026_GA_Governor,154
2026,GA,Governor,,Keisha Lance Bottoms,DEM,53.0,2026-06-02,510.0,Concord Public Opinion Partners,0e593d7b-c6db-4e3e-9971-2ca674972da1,2026-11-03,bottoms k,DEM,2026_GA_Governor,154
2026,MA,Governor,,Brian Shortsleeve,REP,29.4,2026-06-12,500.0,Suffolk University,47a39d12-58de-4b2d-914b-9a03d338c607,2026-11-03,shortsleeve b,REP,2026_MA_Governor,144
2026,MA,Governor,,Maura Healey,DEM,56.4,2026-06-12,500.0,Suffolk University,47a39d12-58de-4b2d-914b-9a03d338c607,2026-11-03,healey m,DEM,2026_MA_Governor,144
2026,MA,Governor,,Mike Minogue,REP,31.0,2026-06-12,500.0,Suffolk University,47a39d12-58de-4b2d-914b-9a03d338c607,2026-11-03,minogue m,REP,2026_MA_Governor,144
2026,FL,Governor,,David W. Jolly,DEM,29.8,2026-06-09,668.0,Kaplan Strategies,cf8a97a9-9e76-43b9-9ea5-b8f605a65cc1,2026-11-03,jolly d,DEM,2026_FL_Governor,147
2026,FL,Governor,,Byron Donalds,REP,34.9,2026-06-09,668.0,Kaplan Strategies,cf8a97a9-9e76-43b9-9ea5-b8f605a65cc1,2026-11-03,donalds b,REP,2026_FL_Governor,147
2026,MN,Governor,,Kendall Qualls,REP,37.0,2026-06-10,800.0,"Mason-Dixon Polling & Research, Inc.",b8ceed2d-4813-4108-a300-24a6dc39d81b,2026-11-03,qualls k,REP,2026_MN_Governor,146
2026,MN,Governor,,Amy Klobuchar,DEM,48.0,2026-06-10,800.0,"Mason-Dixon Polling & Research, Inc.",b8ceed2d-4813-4108-a300-24a6dc39d81b,2026-11-03,klobuchar a,DEM,2026_MN_Governor,146
2026,MN,Governor,,Michael James Lindell,REP,36.0,2026-06-10,800.0,"Mason-Dixon Polling & Research, Inc.",b8ceed2d-4813-4108-a300-24a6dc39d81b,2026-11-03,lindell m,REP,2026_MN_Governor,146
2026,MN,Governor,,Lisa Demuth,REP,40.0,2026-06-10,800.0,"Mason-Dixon Polling & Research, Inc.",b8ceed2d-4813-4108-a300-24a6dc39d81b,2026-11-03,demuth l,REP,2026_MN_Governor,146
2026,NV,Governor,,Joe Lombardo,REP,45.0,2026-05-11,700.0,Global Strategy Group,6688a39b-f0f4-4b43-a56b-028126a98357,2026-11-03,lombardo j,REP,2026_NV_Governor,176
2026,NV,Governor,,Aaron Ford,DEM,42.0,2026-05-11,700.0,Global Strategy Group,6688a39b-f0f4-4b43-a56b-028126a98357,2026-11-03,ford a,DEM,2026_NV_Governor,176
2026,TX,Governor,,Gina Hinojosa,DEM,43.0,2026-06-04,807.0,Siena University,476ff6b9-434a-4db8-aca3-58fd8bc21cf2,2026-11-03,hinojosa g,DEM,2026_TX_Governor,152
2026,TX,Governor,,Greg Abbott,REP,49.0,2026-06-04,807.0,Siena University,476ff6b9-434a-4db8-aca3-58fd8bc21cf2,2026-11-03,abbott g,REP,2026_TX_Governor,152
2026,MA,Governor,,Brian Shortsleeve,REP,30.0,2026-05-07,608.0,Polity Research Consulting,bf0901ac-25b5-40c3-b526-3fa10c20dbcf,2026-11-03,shortsleeve b,REP,2026_MA_Governor,180
2026,MA,Governor,,Maura Healey,DEM,59.0,2026-05-07,608.0,Polity Research Consulting,bf0901ac-25b5-40c3-b526-3fa10c20dbcf,2026-11-03,healey m,DEM,2026_MA_Governor,180
2026,MA,Governor,,Mike Minogue,REP,31.0,2026-05-07,608.0,Polity Research Consulting,bf0901ac-25b5-40c3-b526-3fa10c20dbcf,2026-11-03,minogue m,REP,2026_MA_Governor,180
2026,IA,Governor,,Zach Lahn,REP,41.0,2026-04-28,,Global Strategy Group,bd892042-2c29-4d6c-8bed-1af4d4368916,2026-11-03,lahn z,REP,2026_IA_Governor,189
2026,IA,Governor,,Rob Sand,DEM,50.0,2026-04-28,,Global Strategy Group,bd892042-2c29-4d6c-8bed-1af4d4368916,2026-11-03,sand r,DEM,2026_IA_Governor,189
2026,TX,Governor,,Gina Hinojosa,DEM,41.0,2026-06-04,800.0,Quantus Insights,060a5011-a4a0-4fb8-a2ec-a1d9e573ba7c,2026-11-03,hinojosa g,DEM,2026_TX_Governor,152
2026,TX,Governor,,Greg Abbott,REP,49.0,2026-06-04,800.0,Quantus Insights,060a5011-a4a0-4fb8-a2ec-a1d9e573ba7c,2026-11-03,abbott g,REP,2026_TX_Governor,152
2026,OH,Governor,,Vivek G. Ramaswamy,REP,49.0,2026-06-01,1015.0,Beacon Research/Shaw & Company Research,a7eab946-0bc0-41cb-bc12-8ae3b3f4b81c,2026-11-03,ramaswamy v,REP,2026_OH_Governor,155
2026,OH,Governor,,Amy Acton,DEM,50.0,2026-06-01,1015.0,Beacon Research/Shaw & Company Research,a7eab946-0bc0-41cb-bc12-8ae3b3f4b81c,2026-11-03,acton a,DEM,2026_OH_Governor,155
2026,CA,Governor,,Xavier Becerra,DEM,42.0,2026-05-26,735.0,University of Southern California/California State University Long Beach Center for Urban Politics and Policy/Cal Poly Pomona,1ca5915e-9c60-4f3d-89e9-7785ea4e5ee8,2026-11-03,becerra x,DEM,2026_CA_Governor,161
2026,CA,Governor,,Steve Hilton,REP,35.0,2026-05-26,735.0,University of Southern California/California State University Long Beach Center for Urban Politics and Policy/Cal Poly Pomona,1ca5915e-9c60-4f3d-89e9-7785ea4e5ee8,2026-11-03,hilton s,REP,2026_CA_Governor,161
2026,PA,Governor,,Stacy Garrity,REP,28.8,2026-05-24,684.0,Bravo Group,605876ff-2942-4ecc-90a4-3c039d0b5cff,2026-11-03,garrity s,REP,2026_PA_Governor,163
2026,PA,Governor,,Josh Shapiro,DEM,53.4,2026-05-24,684.0,Bravo Group,605876ff-2942-4ecc-90a4-3c039d0b5cff,2026-11-03,shapiro j,DEM,2026_PA_Governor,163
2026,MI,Governor,,John James,REP,38.0,2026-05-23,1163.0,TIPP Insights,4edb8181-1463-4c6b-b48d-17951e1158d0,2026-11-03,james j,REP,2026_MI_Governor,164
2026,MI,Governor,,Jocelyn Benson,DEM,48.9,2026-05-23,1163.0,TIPP Insights,4edb8181-1463-4c6b-b48d-17951e1158d0,2026-11-03,benson j,DEM,2026_MI_Governor,164
2026,TX,Governor,,Greg Abbott,REP,46.0,2026-05-28,1670.0,Slingshot Strategies,48331063-1d9a-4a55-a585-6981c1b38e81,2026-11-03,abbott g,REP,2026_TX_Governor,159
2026,TX,Governor,,Gina Hinojosa,DEM,41.0,2026-05-28,1670.0,Slingshot Strategies,48331063-1d9a-4a55-a585-6981c1b38e81,2026-11-03,hinojosa g,DEM,2026_TX_Governor,159
2026,CA,Governor,,Steve Hilton,REP,31.0,2026-05-24,8578.0,University of California Berkeley Institute of Governmental Studies,ef4b0770-080f-41bc-8455-d0406e8a13e9,2026-11-03,hilton s,REP,2026_CA_Governor,163
2026,CA,Governor,,Xavier Becerra,DEM,52.0,2026-05-24,8578.0,University of California Berkeley Institute of Governmental Studies,ef4b0770-080f-41bc-8455-d0406e8a13e9,2026-11-03,becerra x,DEM,2026_CA_Governor,163
2026,TX,Governor,,Greg Abbott,REP,48.0,2026-05-23,643.0,Public Policy Polling,85cc4ac5-cb11-4b55-9888-56afabb87393,2026-11-03,abbott g,REP,2026_TX_Governor,164
2026,TX,Governor,,Gina Hinojosa,DEM,44.0,2026-05-23,643.0,Public Policy Polling,85cc4ac5-cb11-4b55-9888-56afabb87393,2026-11-03,hinojosa g,DEM,2026_TX_Governor,164
2026,FL,Governor,,David W. Jolly,DEM,41.0,2026-05-16,2070.0,Change Research,d3c0332e-4eb3-40ce-9ca1-23424e5f5d79,2026-11-03,jolly d,DEM,2026_FL_Governor,171
2026,FL,Governor,,Byron Donalds,REP,43.0,2026-05-16,2070.0,Change Research,d3c0332e-4eb3-40ce-9ca1-23424e5f5d79,2026-11-03,donalds b,REP,2026_FL_Governor,171
2026,TX,Governor,,Gina Hinojosa,DEM,43.0,2026-05-06,1223.0,Barbara Jordan Public Policy Research and Survey Center,a13a661b-89be-4d2b-a371-09edc4fc4ea4,2026-11-03,hinojosa g,DEM,2026_TX_Governor,181
2026,TX,Governor,,Greg Abbott,REP,49.0,2026-05-06,1223.0,Barbara Jordan Public Policy Research and Survey Center,a13a661b-89be-4d2b-a371-09edc4fc4ea4,2026-11-03,abbott g,REP,2026_TX_Governor,181
2026,AZ,Governor,,Hugh Lytle,OTH,6.0,2026-05-07,996.0,Noble Predictive Insights,b12e716c-8ade-4de5-bcdb-51d77e1aa07c,2026-11-03,lytle h,OTH,2026_AZ_Governor,180
2026,AZ,Governor,,David Schweikert,REP,35.0,2026-05-07,996.0,Noble Predictive Insights,b12e716c-8ade-4de5-bcdb-51d77e1aa07c,2026-11-03,schweikert d,REP,2026_AZ_Governor,180
2026,AZ,Governor,,Katie Hobbs,DEM,42.0,2026-05-07,996.0,Noble Predictive Insights,b12e716c-8ade-4de5-bcdb-51d77e1aa07c,2026-11-03,hobbs k,DEM,2026_AZ_Governor,180
2026,AZ,Governor,,Andy Biggs,REP,37.0,2026-05-07,996.0,Noble Predictive Insights,b12e716c-8ade-4de5-bcdb-51d77e1aa07c,2026-11-03,biggs a,REP,2026_AZ_Governor,180
2026,OR,Governor,,Tina Kotek,DEM,45.0,2026-05-12,603.0,Hoffman Research Group,6d03f69f-26d3-44f4-9667-0cead4760720,2026-11-03,kotek t,DEM,2026_OR_Governor,175
2026,OR,Governor,,Christine Drazan,REP,45.0,2026-05-12,603.0,Hoffman Research Group,6d03f69f-26d3-44f4-9667-0cead4760720,2026-11-03,drazan c,REP,2026_OR_Governor,175
2026,FL,Governor,,Byron Donalds,REP,48.0,2026-05-09,604.0,Cherry Communications,fba38c00-600a-4853-8185-203913c2ab61,2026-11-03,donalds b,REP,2026_FL_Governor,178
2026,FL,Governor,,David W. Jolly,DEM,39.0,2026-05-09,604.0,Cherry Communications,fba38c00-600a-4853-8185-203913c2ab61,2026-11-03,jolly d,DEM,2026_FL_Governor,178
2026,MI,Governor,,Perry Johnson,REP,26.0,2026-05-01,600.0,"Glengariff Group, Inc.",1a46e29b-fef9-46bd-910c-0dc101930ec8,2026-11-03,johnson p,REP,2026_MI_Governor,186
2026,MI,Governor,,Jocelyn Benson,DEM,34.0,2026-05-01,600.0,"Glengariff Group, Inc.",1a46e29b-fef9-46bd-910c-0dc101930ec8,2026-11-03,benson j,DEM,2026_MI_Governor,186
2026,MI,Governor,,John James,REP,29.2,2026-05-01,600.0,"Glengariff Group, Inc.",1a46e29b-fef9-46bd-910c-0dc101930ec8,2026-11-03,james j,REP,2026_MI_Governor,186
2026,MI,Governor,,John James,REP,30.0,2026-05-07,606.0,Mitchell Research & Communications,26ee4caa-20a1-4547-8faa-12fd3976299a,2026-11-03,james j,REP,2026_MI_Governor,180
2026,MI,Governor,,Jocelyn Benson,DEM,42.0,2026-05-07,606.0,Mitchell Research & Communications,26ee4caa-20a1-4547-8faa-12fd3976299a,2026-11-03,benson j,DEM,2026_MI_Governor,180
2026,MI,Governor,,Perry Johnson,REP,32.0,2026-05-07,606.0,Mitchell Research & Communications,26ee4caa-20a1-4547-8faa-12fd3976299a,2026-11-03,johnson p,REP,2026_MI_Governor,180
2026,MI,Governor,,Mike Cox,REP,30.0,2026-05-07,606.0,Mitchell Research & Communications,26ee4caa-20a1-4547-8faa-12fd3976299a,2026-11-03,cox m,REP,2026_MI_Governor,180
2026,TN,Governor,,Don't know/Someone else,OTH,22.0,2026-04-27,1157.0,Targoz Market Research,4dfe7012-62ea-4b36-9493-87337aa9aa46,2026-11-03,else d,OTH,2026_TN_Governor,190
2026,TN,Governor,,Jerri Green,DEM,27.0,2026-04-27,1157.0,Targoz Market Research,4dfe7012-62ea-4b36-9493-87337aa9aa46,2026-11-03,green j,DEM,2026_TN_Governor,190
2026,TN,Governor,,Marsha Blackburn,REP,51.0,2026-04-27,1157.0,Targoz Market Research,4dfe7012-62ea-4b36-9493-87337aa9aa46,2026-11-03,blackburn m,REP,2026_TN_Governor,190
2026,NY,Governor,,Bruce Blakeman,REP,33.0,2026-04-30,806.0,Siena University,46acc6e1-fd8e-4bfe-9b77-9997ac2f3245,2026-11-03,blakeman b,REP,2026_NY_Governor,187
2026,NY,Governor,,Kathy C. Hochul,DEM,49.0,2026-04-30,806.0,Siena University,46acc6e1-fd8e-4bfe-9b77-9997ac2f3245,2026-11-03,hochul k,DEM,2026_NY_Governor,187
2026,AZ,Governor,,Katie Hobbs,DEM,48.4,2026-04-24,1159.0,TIPP Insights,6cfa73be-571b-4f20-b8b6-b5d26c55c6ad,2026-11-03,hobbs k,DEM,2026_AZ_Governor,193
2026,AZ,Governor,,Andy Biggs,REP,37.6,2026-04-24,1159.0,TIPP Insights,6cfa73be-571b-4f20-b8b6-b5d26c55c6ad,2026-11-03,biggs a,REP,2026_AZ_Governor,193
2026,TX,Governor,,Gina Hinojosa,DEM,38.0,2026-04-20,1200.0,YouGov,8a818f07-3d18-4cc0-9d48-c37cf0ffe8f2,2026-11-03,hinojosa g,DEM,2026_TX_Governor,197
2026,TX,Governor,,Greg Abbott,REP,44.0,2026-04-20,1200.0,YouGov,8a818f07-3d18-4cc0-9d48-c37cf0ffe8f2,2026-11-03,abbott g,REP,2026_TX_Governor,197
2026,TX,Governor,,Gina Hinojosa,DEM,43.0,2026-04-20,1018.0,Slingshot Strategies,8cd789de-bb0c-4c26-869c-bfec1f070b0e,2026-11-03,hinojosa g,DEM,2026_TX_Governor,197
2026,TX,Governor,,Greg Abbott,REP,48.0,2026-04-20,1018.0,Slingshot Strategies,8cd789de-bb0c-4c26-869c-bfec1f070b0e,2026-11-03,abbott g,REP,2026_TX_Governor,197
2026,FL,Governor,,Byron Donalds,REP,46.0,2026-04-13,848.0,Stetson University Center for Public Opinion Research,e0c4d5f9-c97e-4b62-993b-32cda2a43ce8,2026-11-03,donalds b,REP,2026_FL_Governor,204
2026,FL,Governor,,David W. Jolly,DEM,40.0,2026-04-13,848.0,Stetson University Center for Public Opinion Research,e0c4d5f9-c97e-4b62-993b-32cda2a43ce8,2026-11-03,jolly d,DEM,2026_FL_Governor,204
2026,AK,Governor,,Bernadette Wilson,REP,46.1,2026-04-19,,Alaska Survey Research,b613d76c-3e02-43de-aa2a-d6323fbd68fe,2026-11-03,wilson b,REP,2026_AK_Governor,198
2026,AK,Governor,,Tom Begich,DEM,53.9,2026-04-19,,Alaska Survey Research,b613d76c-3e02-43de-aa2a-d6323fbd68fe,2026-11-03,begich t,DEM,2026_AK_Governor,198
2026,AK,Governor,,Dave Bronson,REP,18.6,2026-04-19,,Alaska Survey Research,b613d76c-3e02-43de-aa2a-d6323fbd68fe,2026-11-03,bronson d,REP,2026_AK_Governor,198
2026,AK,Governor,,Click Bishop,REP,18.7,2026-04-19,,Alaska Survey Research,b613d76c-3e02-43de-aa2a-d6323fbd68fe,2026-11-03,bishop c,REP,2026_AK_Governor,198
2026,MA,Governor,,Mike Minogue,REP,32.0,2026-04-20,599.0,University of New Hampshire,d402ce3b-830d-4b62-a170-3c6f99f55879,2026-11-03,minogue m,REP,2026_MA_Governor,197
2026,MA,Governor,,Maura Healey,DEM,52.0,2026-04-20,599.0,University of New Hampshire,d402ce3b-830d-4b62-a170-3c6f99f55879,2026-11-03,healey m,DEM,2026_MA_Governor,197
2026,MA,Governor,,Brian Shortsleeve,REP,29.0,2026-04-20,603.0,University of New Hampshire,d402ce3b-830d-4b62-a170-3c6f99f55879,2026-11-03,shortsleeve b,REP,2026_MA_Governor,197
2026,NH,Governor,,Cinde Warmington,DEM,39.0,2026-04-21,1117.0,University of New Hampshire,cab70212-715f-4ec9-9b3b-dfc28a274f09,2026-11-03,warmington c,DEM,2026_NH_Governor,196
2026,NH,Governor,,Kelly Ayotte,REP,47.0,2026-04-21,1117.0,University of New Hampshire,cab70212-715f-4ec9-9b3b-dfc28a274f09,2026-11-03,ayotte k,REP,2026_NH_Governor,196
2026,IA,Governor,,Rob Sand,DEM,51.0,2026-04-09,377.0,Echelon Insights,bfdc9478-9560-4666-9689-c10a7f491db2,2026-11-03,sand r,DEM,2026_IA_Governor,208
2026,OH,Governor,,Amy Acton,DEM,44.0,2026-04-09,413.0,Echelon Insights,4cd851f7-b47b-4f4a-a424-3670faff482a,2026-11-03,acton a,DEM,2026_OH_Governor,208
2026,OH,Governor,,Vivek G. Ramaswamy,REP,49.0,2026-04-09,413.0,Echelon Insights,4cd851f7-b47b-4f4a-a424-3670faff482a,2026-11-03,ramaswamy v,REP,2026_OH_Governor,208
2026,FL,Governor,,Byron Donalds,REP,48.0,2026-04-09,406.0,Echelon Insights,49b05a6f-e105-4f0b-8a6e-a05e9b0bbeae,2026-11-03,donalds b,REP,2026_FL_Governor,208
2026,FL,Governor,,David W. Jolly,DEM,43.0,2026-04-09,406.0,Echelon Insights,49b05a6f-e105-4f0b-8a6e-a05e9b0bbeae,2026-11-03,jolly d,DEM,2026_FL_Governor,208
2026,GA,Governor,,Keisha Lance Bottoms,DEM,46.0,2026-04-09,407.0,Echelon Insights,e154d9f8-b73d-4cec-b9db-b5df7f368768,2026-11-03,bottoms k,DEM,2026_GA_Governor,208
2026,GA,Governor,,Rick Jackson,REP,43.0,2026-04-09,407.0,Echelon Insights,e154d9f8-b73d-4cec-b9db-b5df7f368768,2026-11-03,jackson r,REP,2026_GA_Governor,208
2026,MI,Governor,,John James,REP,22.7,2026-03-24,1000.0,Michigan State University Institute for Public Policy and Social Research/YouGov,4ed4999a-c1ff-4c0c-b320-d63a0df8a5af,2026-11-03,james j,REP,2026_MI_Governor,224
2026,MI,Governor,,Jocelyn Benson,DEM,29.5,2026-03-24,1000.0,Michigan State University Institute for Public Policy and Social Research/YouGov,4ed4999a-c1ff-4c0c-b320-d63a0df8a5af,2026-11-03,benson j,DEM,2026_MI_Governor,224
2026,OH,Governor,,Amy Acton,DEM,47.0,2026-04-14,1000.0,Bowling Green State University Democracy and Public Policy Research Network/YouGov,b5910ed4-b6e9-4abc-a223-faf2fc268e09,2026-11-03,acton a,DEM,2026_OH_Governor,203
2026,OH,Governor,,Vivek G. Ramaswamy,REP,48.0,2026-04-14,1000.0,Bowling Green State University Democracy and Public Policy Research Network/YouGov,b5910ed4-b6e9-4abc-a223-faf2fc268e09,2026-11-03,ramaswamy v,REP,2026_OH_Governor,203
2026,NE,Governor,,Lynne Walz,DEM,33.0,2026-04-07,670.0,Public Policy Polling,fff26d55-a4f8-4e32-889b-c15d79e8138e,2026-11-03,walz l,DEM,2026_NE_Governor,210
2026,NE,Governor,,Jim Pillen,REP,38.0,2026-04-07,670.0,Public Policy Polling,fff26d55-a4f8-4e32-889b-c15d79e8138e,2026-11-03,pillen j,REP,2026_NE_Governor,210
2026,MI,Governor,,John James,REP,36.0,2026-03-29,800.0,Impact Research,7d044e9f-6b2c-44ca-8091-477f88814fa9,2026-11-03,james j,REP,2026_MI_Governor,219
2026,MI,Governor,,Jocelyn Benson,DEM,40.0,2026-03-29,800.0,Impact Research,7d044e9f-6b2c-44ca-8091-477f88814fa9,2026-11-03,benson j,DEM,2026_MI_Governor,219
2026,FL,Governor,,Byron Donalds,REP,41.2,2026-04-03,1834.0,MDW Communications,6de9b68d-c895-4d9d-ae37-a4a63cc6e7da,2026-11-03,donalds b,REP,2026_FL_Governor,214
2026,FL,Governor,,David W. Jolly,DEM,40.5,2026-04-03,1834.0,MDW Communications,6de9b68d-c895-4d9d-ae37-a4a63cc6e7da,2026-11-03,jolly d,DEM,2026_FL_Governor,214
2026,IA,Governor,,Rob Sand,DEM,50.0,2026-03-16,1200.0,GBAO,e6cb5ea0-a482-40b1-aa49-45f7eef8eb57,2026-11-03,sand r,DEM,2026_IA_Governor,232
2026,FL,Governor,,David W. Jolly,DEM,39.6,2026-03-31,1125.0,Emerson College,0c1d5568-d122-4047-b18a-d2ae1f2bc8c1,2026-11-03,jolly d,DEM,2026_FL_Governor,217
2026,FL,Governor,,Byron Donalds,REP,45.2,2026-03-31,1125.0,Emerson College,0c1d5568-d122-4047-b18a-d2ae1f2bc8c1,2026-11-03,donalds b,REP,2026_FL_Governor,217
2026,PA,Governor,,Stacy Garrity,REP,36.0,2026-03-29,700.0,"Susquehanna Polling & Research, Inc.",7097efaf-3d5a-4c01-9aa2-f49c938f6801,2026-11-03,garrity s,REP,2026_PA_Governor,219
2026,PA,Governor,,Josh Shapiro,DEM,58.0,2026-03-29,700.0,"Susquehanna Polling & Research, Inc.",7097efaf-3d5a-4c01-9aa2-f49c938f6801,2026-11-03,shapiro j,DEM,2026_PA_Governor,219
2026,NY,Governor,,Kathy C. Hochul,DEM,55.0,2026-03-26,500.0,Echelon Insights,05fe3660-a54d-4b95-ae71-76ffcf8ab2c1,2026-11-03,hochul k,DEM,2026_NY_Governor,222
2026,NY,Governor,,Bruce Blakeman,REP,40.0,2026-03-26,500.0,Echelon Insights,05fe3660-a54d-4b95-ae71-76ffcf8ab2c1,2026-11-03,blakeman b,REP,2026_NY_Governor,222
2026,NY,Governor,,Bruce Blakeman,REP,34.0,2026-03-26,804.0,Siena University,9ff953c1-dc3f-4ad4-87eb-ad126f443530,2026-11-03,blakeman b,REP,2026_NY_Governor,222
2026,NY,Governor,,Kathy C. Hochul,DEM,47.0,2026-03-26,804.0,Siena University,9ff953c1-dc3f-4ad4-87eb-ad126f443530,2026-11-03,hochul k,DEM,2026_NY_Governor,222
2026,NV,Governor,,Joe Lombardo,REP,46.0,2026-02-17,800.0,Hart Research Associates,ee5ae2ab-e88b-45f3-a331-b7768af93af6,2026-11-03,lombardo j,REP,2026_NV_Governor,259
2026,NV,Governor,,Aaron Ford,DEM,43.0,2026-02-17,800.0,Hart Research Associates,ee5ae2ab-e88b-45f3-a331-b7768af93af6,2026-11-03,ford a,DEM,2026_NV_Governor,259
2026,NV,Governor,,Aaron Ford,DEM,37.0,2026-03-13,845.0,Noble Predictive Insights,d318da4a-e303-4b25-a48a-9d7476525ce8,2026-11-03,ford a,DEM,2026_NV_Governor,235
2026,NV,Governor,,Joe Lombardo,REP,39.0,2026-03-13,845.0,Noble Predictive Insights,d318da4a-e303-4b25-a48a-9d7476525ce8,2026-11-03,lombardo j,REP,2026_NV_Governor,235
2026,WI,Governor,,Francesca Hong,DEM,42.0,2026-03-16,812.0,Patriot Polling,180b1cfb-2e6d-4a7b-a5e6-8a2ada88e9aa,2026-11-03,hong f,DEM,2026_WI_Governor,232
2026,WI,Governor,,Tom Tiffany,REP,46.0,2026-03-16,812.0,Patriot Polling,180b1cfb-2e6d-4a7b-a5e6-8a2ada88e9aa,2026-11-03,tiffany t,REP,2026_WI_Governor,232
2026,NY,Governor,,Bruce Blakeman,REP,43.0,2026-03-08,800.0,McLaughlin & Associates,14302708-d80e-4ef3-b0e3-1ab8c3d82939,2026-11-03,blakeman b,REP,2026_NY_Governor,240
2026,NY,Governor,,Kathy C. Hochul,DEM,52.0,2026-03-08,800.0,McLaughlin & Associates,14302708-d80e-4ef3-b0e3-1ab8c3d82939,2026-11-03,hochul k,DEM,2026_NY_Governor,240
2026,WI,Governor,,Francesca Hong,DEM,40.3,2026-03-19,1168.0,TIPP Insights,16873a4f-6f75-4558-a1c1-56bfd327c1fa,2026-11-03,hong f,DEM,2026_WI_Governor,229
2026,WI,Governor,,Tom Tiffany,REP,42.7,2026-03-19,1168.0,TIPP Insights,16873a4f-6f75-4558-a1c1-56bfd327c1fa,2026-11-03,tiffany t,REP,2026_WI_Governor,229
2026,WI,Governor,,Sara Rodriguez,DEM,43.8,2026-03-19,1168.0,TIPP Insights,16873a4f-6f75-4558-a1c1-56bfd327c1fa,2026-11-03,rodriguez s,DEM,2026_WI_Governor,229
2026,WI,Governor,,Mandela Barnes,DEM,43.0,2026-03-19,1168.0,TIPP Insights,16873a4f-6f75-4558-a1c1-56bfd327c1fa,2026-11-03,barnes m,DEM,2026_WI_Governor,229
2026,NH,Governor,,Cinde Warmington,DEM,39.0,2026-03-18,1491.0,St. Anselm,34dd8f45-0aed-4e65-bb57-a284d358ecf6,2026-11-03,warmington c,DEM,2026_NH_Governor,230
2026,NH,Governor,,Kelly Ayotte,REP,46.0,2026-03-18,1491.0,St. Anselm,34dd8f45-0aed-4e65-bb57-a284d358ecf6,2026-11-03,ayotte k,REP,2026_NH_Governor,230
2026,OH,Governor,,Vivek G. Ramaswamy,REP,44.9,2026-03-14,809.0,Quantus Insights,fbfa3cb4-0981-4abe-8c3b-68a6e3863684,2026-11-03,ramaswamy v,REP,2026_OH_Governor,234
2026,OH,Governor,,Amy Acton,DEM,45.9,2026-03-14,809.0,Quantus Insights,fbfa3cb4-0981-4abe-8c3b-68a6e3863684,2026-11-03,acton a,DEM,2026_OH_Governor,234
2026,OH,Governor,,Vivek G. Ramaswamy,REP,43.0,2026-02-22,1343.0,EMC Research,750c2f24-a09b-4b31-bbc0-91918a94afd2,2026-11-03,ramaswamy v,REP,2026_OH_Governor,254
2026,OH,Governor,,Amy Acton,DEM,53.0,2026-02-22,1343.0,EMC Research,750c2f24-a09b-4b31-bbc0-91918a94afd2,2026-11-03,acton a,DEM,2026_OH_Governor,254
2026,FL,Governor,,David W. Jolly,DEM,40.1,2026-02-20,124.0,The Public Sentiment Institute,dd707c4b-ee2d-4cbe-8c41-75897ae3d196,2026-11-03,jolly d,DEM,2026_FL_Governor,256
2026,FL,Governor,,Byron Donalds,REP,35.8,2026-02-20,124.0,The Public Sentiment Institute,dd707c4b-ee2d-4cbe-8c41-75897ae3d196,2026-11-03,donalds b,REP,2026_FL_Governor,256
2026,PA,Governor,,Stacy Garrity,REP,28.0,2026-03-01,834.0,Franklin & Marshall College,aa72a795-9afd-47e9-9acc-d1a4d4c7bea5,2026-11-03,garrity s,REP,2026_PA_Governor,247
2026,PA,Governor,,Josh Shapiro,DEM,48.0,2026-03-01,834.0,Franklin & Marshall College,aa72a795-9afd-47e9-9acc-d1a4d4c7bea5,2026-11-03,shapiro j,DEM,2026_PA_Governor,247
2026,AZ,Governor,,David Schweikert,REP,35.0,2026-02-26,1023.0,Noble Predictive Insights,8f53f257-b53a-49f4-80cc-8ed45498f4c6,2026-11-03,schweikert d,REP,2026_AZ_Governor,250
2026,AZ,Governor,,Katie Hobbs,DEM,44.0,2026-02-26,1023.0,Noble Predictive Insights,8f53f257-b53a-49f4-80cc-8ed45498f4c6,2026-11-03,hobbs k,DEM,2026_AZ_Governor,250
2026,AZ,Governor,,Andy Biggs,REP,37.0,2026-02-26,1023.0,Noble Predictive Insights,8f53f257-b53a-49f4-80cc-8ed45498f4c6,2026-11-03,biggs a,REP,2026_AZ_Governor,250
2026,NY,Governor,,Bruce Blakeman,REP,31.0,2026-02-26,805.0,Siena University,697f18fc-5d1b-44e7-9bf0-2f878d982007,2026-11-03,blakeman b,REP,2026_NY_Governor,250
2026,NY,Governor,,Kathy C. Hochul,DEM,51.0,2026-02-26,805.0,Siena University,697f18fc-5d1b-44e7-9bf0-2f878d982007,2026-11-03,hochul k,DEM,2026_NY_Governor,250
2026,FL,Governor,,Byron Donalds,REP,43.0,2026-03-02,773.0,University of North Florida,72690b9b-5fcd-43cc-9f2e-8b5dd041b889,2026-11-03,donalds b,REP,2026_FL_Governor,246
2026,FL,Governor,,David W. Jolly,DEM,36.0,2026-03-02,776.0,University of North Florida,72690b9b-5fcd-43cc-9f2e-8b5dd041b889,2026-11-03,jolly d,DEM,2026_FL_Governor,246
2026,TX,Governor,,Greg Abbott,REP,51.0,2026-02-22,1117.0,University of Texas at Tyler Center for Opinion Research,899ebae0-f0e3-4ae6-b7e0-a851b3fe79ca,2026-11-03,abbott g,REP,2026_TX_Governor,254
2026,TX,Governor,,Gina Hinojosa,DEM,41.0,2026-02-22,1117.0,University of Texas at Tyler Center for Opinion Research,899ebae0-f0e3-4ae6-b7e0-a851b3fe79ca,2026-11-03,hinojosa g,DEM,2026_TX_Governor,254
2026,FL,Governor,,David W. Jolly,DEM,36.0,2026-02-16,,Targoz Market Research,9717bb62-87de-4da2-a173-9d0772e46664,2026-11-03,jolly d,DEM,2026_FL_Governor,260
2026,FL,Governor,,Byron Donalds,REP,41.0,2026-02-16,,Targoz Market Research,9717bb62-87de-4da2-a173-9d0772e46664,2026-11-03,donalds b,REP,2026_FL_Governor,260
2026,NY,Governor,,Bruce Blakeman,REP,33.0,2026-02-19,1442.0,Marist University,ba386d0d-5936-421e-8973-1eb96e6ade2e,2026-11-03,blakeman b,REP,2026_NY_Governor,257
2026,NY,Governor,,Kathy C. Hochul,DEM,50.0,2026-02-19,1442.0,Marist University,ba386d0d-5936-421e-8973-1eb96e6ade2e,2026-11-03,hochul k,DEM,2026_NY_Governor,257
2026,PA,Governor,,Stacy Garrity,REP,37.0,2026-02-23,836.0,Quinnipiac University,4519c428-f67b-46bc-9201-df5d74ca0d8f,2026-11-03,garrity s,REP,2026_PA_Governor,253
2026,PA,Governor,,Josh Shapiro,DEM,55.0,2026-02-23,836.0,Quinnipiac University,4519c428-f67b-46bc-9201-df5d74ca0d8f,2026-11-03,shapiro j,DEM,2026_PA_Governor,253
2026,OR,Governor,,Tina Kotek,DEM,45.0,2026-02-04,1065.0,FM3 Research,a2722ecb-81fd-4f7a-98d1-264edcfbaaca,2026-11-03,kotek t,DEM,2026_OR_Governor,272
2026,OR,Governor,,Christine Drazan,REP,40.0,2026-02-04,1065.0,FM3 Research,a2722ecb-81fd-4f7a-98d1-264edcfbaaca,2026-11-03,drazan c,REP,2026_OR_Governor,272
2026,MA,Governor,,Mike Minogue,REP,27.0,2026-02-16,612.0,University of New Hampshire,747b9db8-e140-45f5-b3ef-3ba1054bd8b1,2026-11-03,minogue m,REP,2026_MA_Governor,260
2026,MA,Governor,,Maura Healey,DEM,56.0,2026-02-16,612.0,University of New Hampshire,747b9db8-e140-45f5-b3ef-3ba1054bd8b1,2026-11-03,healey m,DEM,2026_MA_Governor,260
2026,MA,Governor,,Brian Shortsleeve,REP,28.0,2026-02-16,612.0,University of New Hampshire,747b9db8-e140-45f5-b3ef-3ba1054bd8b1,2026-11-03,shortsleeve b,REP,2026_MA_Governor,260
2026,MI,Governor,,Jocelyn Benson,DEM,28.0,2026-02-02,,"Glengariff Group, Inc.",7e8fd334-bd1b-4b57-9e1e-b3540c61cd3b,2026-11-03,benson j,DEM,2026_MI_Governor,274
2026,MI,Governor,,John James,REP,28.9,2026-02-02,,"Glengariff Group, Inc.",7e8fd334-bd1b-4b57-9e1e-b3540c61cd3b,2026-11-03,james j,REP,2026_MI_Governor,274
2026,AK,Governor,,Click Bishop,REP,8.0,2026-02-11,600.0,Lake Research Partners,399dc078-5577-4de2-8894-d5a534d1bdd3,2026-11-03,bishop c,REP,2026_AK_Governor,265
2026,AK,Governor,,Dave Bronson,REP,13.0,2026-02-11,600.0,Lake Research Partners,399dc078-5577-4de2-8894-d5a534d1bdd3,2026-11-03,bronson d,REP,2026_AK_Governor,265
2026,AK,Governor,,Bernadette Wilson,REP,16.0,2026-02-11,600.0,Lake Research Partners,399dc078-5577-4de2-8894-d5a534d1bdd3,2026-11-03,wilson b,REP,2026_AK_Governor,265
2026,AK,Governor,,Tom Begich,DEM,38.0,2026-02-11,600.0,Lake Research Partners,399dc078-5577-4de2-8894-d5a534d1bdd3,2026-11-03,begich t,DEM,2026_AK_Governor,265
2026,NY,Governor,,Bruce Blakeman,REP,34.0,2026-02-04,600.0,MAD Global Strategy,405a023a-7bdf-44a2-b2c6-d0badfe648a7,2026-11-03,blakeman b,REP,2026_NY_Governor,272
2026,NY,Governor,,Kathy C. Hochul,DEM,47.0,2026-02-04,600.0,MAD Global Strategy,405a023a-7bdf-44a2-b2c6-d0badfe648a7,2026-11-03,hochul k,DEM,2026_NY_Governor,272
2026,MI,Governor,,John James,REP,36.0,2026-02-16,800.0,Impact Research,67ff6f0b-e140-4d8a-b0d6-4673fd0eb3e9,2026-11-03,james j,REP,2026_MI_Governor,260
2026,MI,Governor,,Jocelyn Benson,DEM,39.0,2026-02-16,800.0,Impact Research,67ff6f0b-e140-4d8a-b0d6-4673fd0eb3e9,2026-11-03,benson j,DEM,2026_MI_Governor,260
2026,NH,Governor,,Kelly Ayotte,REP,47.0,2026-01-29,563.0,yes. every kid. foundation.,302e9979-627b-4b96-8d16-f9779504f5d2,2026-11-03,ayotte k,REP,2026_NH_Governor,278
2026,TX,Governor,,Greg Abbott,REP,46.0,2026-02-03,1000.0,GBAO,0c4520d9-b63e-44e8-8964-5b39a8d26803,2026-11-03,abbott g,REP,2026_TX_Governor,273
2026,TX,Governor,,Gina Hinojosa,DEM,43.0,2026-02-03,1000.0,GBAO,0c4520d9-b63e-44e8-8964-5b39a8d26803,2026-11-03,hinojosa g,DEM,2026_TX_Governor,273
2026,MN,Governor,,Michael James Lindell,REP,30.9,2026-02-08,1000.0,Emerson College,bafbd131-89f2-4a74-ac51-2ac4798b40e4,2026-11-03,lindell m,REP,2026_MN_Governor,268
2026,MN,Governor,,Amy Klobuchar,DEM,52.8,2026-02-08,1000.0,Emerson College,bafbd131-89f2-4a74-ac51-2ac4798b40e4,2026-11-03,klobuchar a,DEM,2026_MN_Governor,268
2026,MN,Governor,,Lisa Demuth,REP,37.7,2026-02-08,1000.0,Emerson College,bafbd131-89f2-4a74-ac51-2ac4798b40e4,2026-11-03,demuth l,REP,2026_MN_Governor,268
2026,TX,Governor,,Gina Hinojosa,DEM,42.0,2026-01-31,1502.0,University of Houston Hobby School of Public Affairs,591bd54a-2b34-44c1-88c4-4b163fcdb749,2026-11-03,hinojosa g,DEM,2026_TX_Governor,276
2026,TX,Governor,,Greg Abbott,REP,49.0,2026-01-31,1502.0,University of Houston Hobby School of Public Affairs,591bd54a-2b34-44c1-88c4-4b163fcdb749,2026-11-03,abbott g,REP,2026_TX_Governor,276
2026,NY,Governor,,Bruce Blakeman,REP,28.0,2026-01-28,802.0,Siena University,f4358d6d-f701-457f-be9e-6e78edc433ff,2026-11-03,blakeman b,REP,2026_NY_Governor,279
2026,NY,Governor,,Kathy C. Hochul,DEM,54.0,2026-01-28,802.0,Siena University,f4358d6d-f701-457f-be9e-6e78edc433ff,2026-11-03,hochul k,DEM,2026_NY_Governor,279
2026,MN,Governor,,Amy Klobuchar,OTH,50.0,2026-01-30,575.0,SurveyUSA,eec53a71-0b41-4918-9b80-4dec1e076b76,2026-11-03,klobuchar a,OTH,2026_MN_Governor,277
2026,MN,Governor,,Michael James Lindell,REP,32.0,2026-01-30,575.0,SurveyUSA,eec53a71-0b41-4918-9b80-4dec1e076b76,2026-11-03,lindell m,REP,2026_MN_Governor,277
2026,MN,Governor,,Kendall Qualls,REP,33.0,2026-01-30,575.0,SurveyUSA,eec53a71-0b41-4918-9b80-4dec1e076b76,2026-11-03,qualls k,REP,2026_MN_Governor,277
2026,MN,Governor,,Lisa Demuth,REP,34.0,2026-01-30,575.0,SurveyUSA,eec53a71-0b41-4918-9b80-4dec1e076b76,2026-11-03,demuth l,REP,2026_MN_Governor,277
2026,NH,Governor,,Kelly Ayotte,REP,49.0,2026-01-19,2027.0,University of New Hampshire,595a8c5c-ca0e-46db-b6f7-75559cf68bbc,2026-11-03,ayotte k,REP,2026_NH_Governor,288
2026,TX,Governor,,Greg Abbott,REP,50.2,2026-01-12,1165.0,Emerson College,2ef0604a-7949-4374-8e47-a88e5e37df35,2026-11-03,abbott g,REP,2026_TX_Governor,295
2026,TX,Governor,,Gina Hinojosa,DEM,42.3,2026-01-12,1165.0,Emerson College,2ef0604a-7949-4374-8e47-a88e5e37df35,2026-11-03,hinojosa g,DEM,2026_TX_Governor,295
2026,MI,Governor,,Jocelyn Benson,DEM,34.0,2026-01-06,600.0,"Glengariff Group, Inc.",28660620-44e6-4e18-999f-6b06d90e282b,2026-11-03,benson j,DEM,2026_MI_Governor,301
2026,MI,Governor,,Mike Cox,REP,28.0,2026-01-06,600.0,"Glengariff Group, Inc.",28660620-44e6-4e18-999f-6b06d90e282b,2026-11-03,cox m,REP,2026_MI_Governor,301
2026,MI,Governor,,John James,REP,45.0,2026-01-06,600.0,"Glengariff Group, Inc.",28660620-44e6-4e18-999f-6b06d90e282b,2026-11-03,james j,REP,2026_MI_Governor,301
2026,NY,Governor,,Bruce Blakeman,REP,34.0,2026-01-08,844.0,John Zogby Strategies,3217e4ea-de2e-4dca-9b01-b138e21c14b8,2026-11-03,blakeman b,REP,2026_NY_Governor,299
2026,NY,Governor,,Kathy C. Hochul,DEM,49.0,2026-01-08,844.0,John Zogby Strategies,3217e4ea-de2e-4dca-9b01-b138e21c14b8,2026-11-03,hochul k,DEM,2026_NY_Governor,299
2026,OH,Governor,,Vivek G. Ramaswamy,REP,45.0,2025-12-08,603.0,Data Targeting,ee8f77c2-b6e1-4d39-ba69-566cb03cef6c,2026-11-03,ramaswamy v,REP,2026_OH_Governor,330
2026,OH,Governor,,Amy Acton,DEM,43.0,2025-12-08,603.0,Data Targeting,ee8f77c2-b6e1-4d39-ba69-566cb03cef6c,2026-11-03,acton a,DEM,2026_OH_Governor,330
2026,AZ,Governor,,Katie Hobbs,DEM,51.0,2025-12-17,2725.0,Nextgen P,3a4cd071-53e4-48a9-8ec0-3b7853d002f1,2026-11-03,hobbs k,DEM,2026_AZ_Governor,321
2026,AZ,Governor,,Andy Biggs,REP,32.0,2025-12-17,2725.0,Nextgen P,3a4cd071-53e4-48a9-8ec0-3b7853d002f1,2026-11-03,biggs a,REP,2026_AZ_Governor,321
2026,NY,Governor,,Bruce Blakeman,REP,25.0,2025-12-12,801.0,Siena University,7fcd2c58-5a88-4108-8eb7-0c17e639fce8,2026-11-03,blakeman b,REP,2026_NY_Governor,326
2026,NY,Governor,,Kathy C. Hochul,DEM,50.0,2025-12-12,801.0,Siena University,7fcd2c58-5a88-4108-8eb7-0c17e639fce8,2026-11-03,hochul k,DEM,2026_NY_Governor,326
2026,OH,Governor,,Vivek G. Ramaswamy,REP,45.2,2025-12-08,850.0,Emerson College,ab841ffd-0c5c-4a2a-a036-3949bb4e6d67,2026-11-03,ramaswamy v,REP,2026_OH_Governor,330
2026,OH,Governor,,Amy Acton,DEM,45.9,2025-12-08,850.0,Emerson College,ab841ffd-0c5c-4a2a-a036-3949bb4e6d67,2026-11-03,acton a,DEM,2026_OH_Governor,330
2026,MI,Governor,,Jocelyn Benson,DEM,32.0,2025-11-21,616.0,Mitchell Research & Communications,f5b58ace-3cac-4876-a31f-7422705bbdfb,2026-11-03,benson j,DEM,2026_MI_Governor,347
2026,MI,Governor,,Mike Cox,REP,32.0,2025-11-21,616.0,Mitchell Research & Communications,f5b58ace-3cac-4876-a31f-7422705bbdfb,2026-11-03,cox m,REP,2026_MI_Governor,347
2026,MI,Governor,,John James,REP,37.0,2025-11-21,616.0,Mitchell Research & Communications,f5b58ace-3cac-4876-a31f-7422705bbdfb,2026-11-03,james j,REP,2026_MI_Governor,347
2026,IL,Governor,,Darren Bailey,REP,34.0,2025-11-24,1200.0,Victory Research,8fe3ba32-52bc-45e8-b8c2-2fc650cd2e1c,2026-11-03,bailey d,REP,2026_IL_Governor,344
2026,IL,Governor,,J.B. Pritzker,DEM,54.3,2025-11-24,1200.0,Victory Research,8fe3ba32-52bc-45e8-b8c2-2fc650cd2e1c,2026-11-03,pritzker j,DEM,2026_IL_Governor,344
2026,NV,Governor,,Joe Lombardo,REP,41.1,2025-11-18,800.0,Emerson College,31a83377-2935-4ca9-aad9-54cfa7c068c3,2026-11-03,lombardo j,REP,2026_NV_Governor,350
2026,NV,Governor,,Aaron Ford,DEM,41.1,2025-11-18,800.0,Emerson College,31a83377-2935-4ca9-aad9-54cfa7c068c3,2026-11-03,ford a,DEM,2026_NV_Governor,350
2026,NY,Governor,,Kathy C. Hochul,DEM,52.0,2025-11-12,802.0,Siena University,343f81cd-f3af-466c-b86b-cd6699b0e9b2,2026-11-03,hochul k,DEM,2026_NY_Governor,356
2026,AL,Governor,,Doug Jones,DEM,34.1,2025-11-13,605.0,Cygnal Political,4d581320-daef-4dfa-b5f4-150ed5aa8d9a,2026-11-03,jones d,DEM,2026_AL_Governor,355
2026,AL,Governor,,Tommy Tuberville,REP,52.6,2025-11-13,605.0,Cygnal Political,4d581320-daef-4dfa-b5f4-150ed5aa8d9a,2026-11-03,tuberville t,REP,2026_AL_Governor,355
2026,MI,Governor,,Jocelyn Benson,DEM,33.0,2025-11-11,600.0,EPIC-MRA,a6499282-cd16-4daa-badb-f81d769f5087,2026-11-03,benson j,DEM,2026_MI_Governor,357
2026,MI,Governor,,John James,REP,34.0,2025-11-11,600.0,EPIC-MRA,a6499282-cd16-4daa-badb-f81d769f5087,2026-11-03,james j,REP,2026_MI_Governor,357
2026,AZ,Governor,,Katie Hobbs,DEM,44.0,2025-11-10,850.0,Emerson College,0a572103-51f1-4822-aae8-cf2d473a7f0f,2026-11-03,hobbs k,DEM,2026_AZ_Governor,358
2026,AZ,Governor,,David Schweikert,REP,39.0,2025-11-10,850.0,Emerson College,0a572103-51f1-4822-aae8-cf2d473a7f0f,2026-11-03,schweikert d,REP,2026_AZ_Governor,358
2026,AZ,Governor,,Andy Biggs,REP,43.4,2025-11-10,850.0,Emerson College,0a572103-51f1-4822-aae8-cf2d473a7f0f,2026-11-03,biggs a,REP,2026_AZ_Governor,358
2026,NY,Governor,,Kathy C. Hochul,DEM,46.0,2025-11-10,500.0,J.L. Partners,1b92bd0d-2bb8-44e3-8ed8-9fce0e0d02a0,2026-11-03,hochul k,DEM,2026_NY_Governor,358
2026,NY,Governor,,Bruce Blakeman,REP,36.0,2025-11-10,500.0,J.L. Partners,1b92bd0d-2bb8-44e3-8ed8-9fce0e0d02a0,2026-11-03,blakeman b,REP,2026_NY_Governor,358
2026,AZ,Governor,,Katie Hobbs,DEM,40.0,2025-10-28,744.0,GrayHouse,fecf3a6b-b178-4d0b-9d08-2ed73b6c109b,2026-11-03,hobbs k,DEM,2026_AZ_Governor,371
2026,MI,Governor,,Jocelyn Benson,DEM,34.0,2025-10-25,637.0,Rosetta Stone,87756c91-078b-4414-b782-ae65c23e4e14,2026-11-03,benson j,DEM,2026_MI_Governor,374
2026,MI,Governor,,John James,REP,39.0,2025-10-25,637.0,Rosetta Stone,87756c91-078b-4414-b782-ae65c23e4e14,2026-11-03,james j,REP,2026_MI_Governor,374
2026,MI,Governor,,Mike Cox,REP,33.0,2025-10-25,637.0,Rosetta Stone,87756c91-078b-4414-b782-ae65c23e4e14,2026-11-03,cox m,REP,2026_MI_Governor,374
2026,AK,Governor,,Tom Begich,DEM,50.6,2025-10-14,1748.0,Alaska Survey Research,b55efd06-30f8-4790-a594-5610c44fc1fb,2026-11-03,begich t,DEM,2026_AK_Governor,385
2026,AK,Governor,,Bernadette Wilson,REP,19.2,2025-10-14,1748.0,Alaska Survey Research,b55efd06-30f8-4790-a594-5610c44fc1fb,2026-11-03,wilson b,REP,2026_AK_Governor,385
2026,AK,Governor,,Click Bishop,REP,20.1,2025-10-14,1748.0,Alaska Survey Research,b55efd06-30f8-4790-a594-5610c44fc1fb,2026-11-03,bishop c,REP,2026_AK_Governor,385
2026,AK,Governor,,Dave Bronson,REP,33.0,2025-10-23,582.0,Data for Progress,2abdc064-3a16-4478-a841-23467c99f334,2026-11-03,bronson d,REP,2026_AK_Governor,376
2026,AK,Governor,,Click Bishop,REP,4.0,2025-10-23,710.0,Data for Progress,2abdc064-3a16-4478-a841-23467c99f334,2026-11-03,bishop c,REP,2026_AK_Governor,376
2026,AK,Governor,,Bernadette Wilson,REP,11.0,2025-10-23,710.0,Data for Progress,2abdc064-3a16-4478-a841-23467c99f334,2026-11-03,wilson b,REP,2026_AK_Governor,376
2026,MA,Governor,,Mike Minogue,REP,26.0,2025-10-29,800.0,YouGov,50ae1ae8-f389-430b-a43a-db848b697b56,2026-11-03,minogue m,REP,2026_MA_Governor,370
2026,MA,Governor,,Maura Healey,DEM,51.0,2025-10-29,800.0,YouGov,50ae1ae8-f389-430b-a43a-db848b697b56,2026-11-03,healey m,DEM,2026_MA_Governor,370
2026,MA,Governor,,Brian Shortsleeve,REP,27.0,2025-10-29,800.0,YouGov,50ae1ae8-f389-430b-a43a-db848b697b56,2026-11-03,shortsleeve b,REP,2026_MA_Governor,370
2026,OH,Governor,,Vivek G. Ramaswamy,REP,49.0,2025-10-14,800.0,Bowling Green State University Democracy and Public Policy Research Network/YouGov,684724e8-ac36-4d8b-8d84-ba6fbd786ca7,2026-11-03,ramaswamy v,REP,2026_OH_Governor,385
2026,OH,Governor,,Amy Acton,DEM,47.0,2025-10-14,800.0,Bowling Green State University Democracy and Public Policy Research Network/YouGov,684724e8-ac36-4d8b-8d84-ba6fbd786ca7,2026-11-03,acton a,DEM,2026_OH_Governor,385
2026,FL,Governor,,Byron Donalds,REP,45.0,2025-10-25,728.0,University of North Florida,85470c38-3966-469e-b79c-0d6aa57b08b8,2026-11-03,donalds b,REP,2026_FL_Governor,374
2026,FL,Governor,,David W. Jolly,DEM,34.0,2025-10-25,728.0,University of North Florida,85470c38-3966-469e-b79c-0d6aa57b08b8,2026-11-03,jolly d,DEM,2026_FL_Governor,374
2026,NY,Governor,,Kathy C. Hochul,DEM,42.0,2025-10-26,900.0,Manhattan Institute,95446184-2eac-4658-ac89-112d27253a82,2026-11-03,hochul k,DEM,2026_NY_Governor,373
2026,WI,Governor,,Mandela Barnes,DEM,51.0,2025-10-08,500.0,Impact Research,4864dd42-02e5-409f-ba82-e027c93fd7e4,2026-11-03,barnes m,DEM,2026_WI_Governor,391
2026,WI,Governor,,Tom Tiffany,REP,44.0,2025-10-08,500.0,Impact Research,4864dd42-02e5-409f-ba82-e027c93fd7e4,2026-11-03,tiffany t,REP,2026_WI_Governor,391
2026,OH,Governor,,Vivek G. Ramaswamy,REP,45.0,2025-09-22,800.0,Hart Research Associates,264fd801-0eb2-4865-8106-e96c2d48f65d,2026-11-03,ramaswamy v,REP,2026_OH_Governor,407
2026,OH,Governor,,Amy Acton,DEM,46.0,2025-09-22,800.0,Hart Research Associates,264fd801-0eb2-4865-8106-e96c2d48f65d,2026-11-03,acton a,DEM,2026_OH_Governor,407
2026,MI,Governor,,John James,REP,29.0,2025-10-14,600.0,Schoen Cooperman Research,a8f2d041-6059-4ab6-a4ae-b671521bee6d,2026-11-03,james j,REP,2026_MI_Governor,385
2026,MI,Governor,,Jocelyn Benson,DEM,30.0,2025-10-14,600.0,Schoen Cooperman Research,a8f2d041-6059-4ab6-a4ae-b671521bee6d,2026-11-03,benson j,DEM,2026_MI_Governor,385
2026,NV,Governor,,Aaron Ford,DEM,37.0,2025-10-13,766.0,Noble Predictive Insights,eedcc32c-983c-4b8e-8231-f61eafbbc9ac,2026-11-03,ford a,DEM,2026_NV_Governor,386
2026,NV,Governor,,Joe Lombardo,REP,40.0,2025-10-13,766.0,Noble Predictive Insights,eedcc32c-983c-4b8e-8231-f61eafbbc9ac,2026-11-03,lombardo j,REP,2026_NV_Governor,386
2026,NH,Governor,,Kelly Ayotte,REP,43.0,2025-10-13,1034.0,co/efficient,e88447b9-f7d0-4b4f-8e64-299d1b347ab3,2026-11-03,ayotte k,REP,2026_NH_Governor,386
2026,MI,Governor,,Mike Cox,REP,28.0,2025-10-09,600.0,The Tyson Group,3c7c7f13-97c7-4e24-8837-46aa7c4167a2,2026-11-03,cox m,REP,2026_MI_Governor,390
2026,MI,Governor,,John James,REP,35.0,2025-10-09,600.0,The Tyson Group,3c7c7f13-97c7-4e24-8837-46aa7c4167a2,2026-11-03,james j,REP,2026_MI_Governor,390
2026,NY,Governor,,Kathy C. Hochul,DEM,48.0,2025-09-26,1250.0,GrayHouse,64414a14-db3d-4b66-a17c-a7a6500fcce8,2026-11-03,hochul k,DEM,2026_NY_Governor,403
2026,PA,Governor,,Stacy Garrity,REP,36.0,2025-09-28,700.0,"Susquehanna Polling & Research, Inc.",d8049a30-a3e0-41a0-9376-3cbb90dba3e4,2026-11-03,garrity s,REP,2026_PA_Governor,401
2026,PA,Governor,,Josh Shapiro,DEM,54.0,2025-09-28,700.0,"Susquehanna Polling & Research, Inc.",d8049a30-a3e0-41a0-9376-3cbb90dba3e4,2026-11-03,shapiro j,DEM,2026_PA_Governor,401
2026,PA,Governor,,Josh Shapiro,DEM,56.0,2025-09-29,1579.0,Quinnipiac University,1a6fabc3-ebbb-4d4f-9cfc-34699a67b0a9,2026-11-03,shapiro j,DEM,2026_PA_Governor,400
2026,PA,Governor,,Stacy Garrity,REP,39.0,2025-09-29,1579.0,Quinnipiac University,1a6fabc3-ebbb-4d4f-9cfc-34699a67b0a9,2026-11-03,garrity s,REP,2026_PA_Governor,400
2026,MA,Governor,,Brian Shortsleeve,REP,31.3,2025-09-25,750.0,Advantage Inc.,b45b423a-6030-4efe-aa55-b1c0226839ac,2026-11-03,shortsleeve b,REP,2026_MA_Governor,404
2026,MA,Governor,,Maura Healey,DEM,46.0,2025-09-25,750.0,Advantage Inc.,b45b423a-6030-4efe-aa55-b1c0226839ac,2026-11-03,healey m,DEM,2026_MA_Governor,404
2026,FL,Governor,,David W. Jolly,DEM,33.0,2025-09-18,1123.0,Targoz Market Research,6ec1fd19-7b62-4dce-bcd4-747ad71317e5,2026-11-03,jolly d,DEM,2026_FL_Governor,411
2026,FL,Governor,,Byron Donalds,REP,36.0,2025-09-18,1118.0,Targoz Market Research,6ec1fd19-7b62-4dce-bcd4-747ad71317e5,2026-11-03,donalds b,REP,2026_FL_Governor,411
2026,MN,Governor,,Kendall Qualls,REP,37.0,2025-09-18,568.0,SurveyUSA,18cabd47-c578-4efa-9785-6ac3f31abeee,2026-11-03,qualls k,REP,2026_MN_Governor,411
2026,NY,Governor,,Kathy C. Hochul,DEM,52.0,2025-09-10,802.0,Siena University,6bf20b82-c88e-49e9-a145-4be574cfcc9c,2026-11-03,hochul k,DEM,2026_NY_Governor,419
2026,FL,Governor,,David W. Jolly,DEM,40.0,2025-09-09,631.0,Bendixen & Amandi International,3a7cb664-86d2-4f50-8a18-0b59eaf4b042,2026-11-03,jolly d,DEM,2026_FL_Governor,420
2026,FL,Governor,,Byron Donalds,REP,40.0,2025-09-09,631.0,Bendixen & Amandi International,3a7cb664-86d2-4f50-8a18-0b59eaf4b042,2026-11-03,donalds b,REP,2026_FL_Governor,420
2026,FL,Governor,,Byron Donalds,REP,49.0,2025-08-27,800.0,McLaughlin & Associates,741611b9-5f7f-41cc-ad74-566576a2b38d,2026-11-03,donalds b,REP,2026_FL_Governor,433
2026,FL,Governor,,David W. Jolly,DEM,41.0,2025-08-27,800.0,McLaughlin & Associates,741611b9-5f7f-41cc-ad74-566576a2b38d,2026-11-03,jolly d,DEM,2026_FL_Governor,433
2026,AZ,Governor,,Andy Biggs,REP,37.0,2025-08-18,948.0,Noble Predictive Insights,25e7c75d-095a-4011-981b-44d14d8f88ec,2026-11-03,biggs a,REP,2026_AZ_Governor,442
2026,AZ,Governor,,Katie Hobbs,DEM,39.0,2025-08-18,948.0,Noble Predictive Insights,25e7c75d-095a-4011-981b-44d14d8f88ec,2026-11-03,hobbs k,DEM,2026_AZ_Governor,442
2026,CT,Governor,,Ned Lamont,DEM,50.0,2025-08-14,600.0,OnMessage Inc.,748f1fff-2f81-4cca-a789-071e7ab88c52,2026-11-03,lamont n,DEM,2026_CT_Governor,446
2026,OH,Governor,,Vivek G. Ramaswamy,REP,48.7,2025-08-19,1000.0,Emerson College,4876645d-d0af-47b2-8e22-02fdee4faf0c,2026-11-03,ramaswamy v,REP,2026_OH_Governor,441
2026,OH,Governor,,Amy Acton,DEM,39.4,2025-08-19,1000.0,Emerson College,4876645d-d0af-47b2-8e22-02fdee4faf0c,2026-11-03,acton a,DEM,2026_OH_Governor,441
2026,NY,Governor,,Kathy C. Hochul,DEM,45.0,2025-08-07,813.0,Siena University,356b8b98-85ef-43ae-8370-0853a3831429,2026-11-03,hochul k,DEM,2026_NY_Governor,453
2026,OH,Governor,,Vivek G. Ramaswamy,REP,47.0,2025-07-28,800.0,Impact Research,887d5876-b487-49e7-9753-87159f2032af,2026-11-03,ramaswamy v,REP,2026_OH_Governor,463
2026,OH,Governor,,Amy Acton,DEM,46.0,2025-07-28,800.0,Impact Research,887d5876-b487-49e7-9753-87159f2032af,2026-11-03,acton a,DEM,2026_OH_Governor,463
2026,TN,Governor,,Jerri Green,DEM,28.0,2025-08-07,600.0,Quantus Insights,d8edb13a-0c05-4787-8150-1def76f6708a,2026-11-03,green j,DEM,2026_TN_Governor,453
2026,TN,Governor,,Marsha Blackburn,REP,49.0,2025-08-07,600.0,Quantus Insights,d8edb13a-0c05-4787-8150-1def76f6708a,2026-11-03,blackburn m,REP,2026_TN_Governor,453
2026,AK,Governor,,Tom Begich,DEM,8.0,2025-07-27,584.0,Data for Progress,20ef28e6-5dec-48e3-8573-f26aaf7b91c1,2026-11-03,begich t,DEM,2026_AK_Governor,464
2026,AK,Governor,,Click Bishop,REP,8.0,2025-07-27,584.0,Data for Progress,20ef28e6-5dec-48e3-8573-f26aaf7b91c1,2026-11-03,bishop c,REP,2026_AK_Governor,464
2026,AK,Governor,,Bernadette Wilson,REP,13.0,2025-07-27,584.0,Data for Progress,20ef28e6-5dec-48e3-8573-f26aaf7b91c1,2026-11-03,wilson b,REP,2026_AK_Governor,464
2026,TN,Governor,,Marsha Blackburn,REP,51.0,2025-08-01,1173.0,Targoz Market Research,bb855818-f27e-4233-a7c8-c07064a7a665,2026-11-03,blackburn m,REP,2026_TN_Governor,459
2026,NY,Governor,,Kathy C. Hochul,DEM,47.0,2025-06-26,800.0,Siena University,905007ec-2eb2-4980-9b1b-ffc94ea41349,2026-11-03,hochul k,DEM,2026_NY_Governor,495
2026,NY,Governor,,Bruce Blakeman,REP,19.0,2025-06-26,800.0,Siena University,905007ec-2eb2-4980-9b1b-ffc94ea41349,2026-11-03,blakeman b,REP,2026_NY_Governor,495
2026,NY,Governor,,Kathy C. Hochul,DEM,50.1,2025-05-09,600.0,Harper Polling,ad1b87ac-0b02-4d40-80fb-b5a81f80d866,2026-11-03,hochul k,DEM,2026_NY_Governor,543
2026,FL,Governor,,David W. Jolly,DEM,31.4,2025-06-10,600.0,Victory Insights,b0a26e46-dc11-47cd-9343-71a417d661e7,2026-11-03,jolly d,DEM,2026_FL_Governor,511
2026,FL,Governor,,Byron Donalds,REP,36.7,2025-06-10,600.0,Victory Insights,b0a26e46-dc11-47cd-9343-71a417d661e7,2026-11-03,donalds b,REP,2026_FL_Governor,511
2026,AZ,Governor,,Katie Hobbs,DEM,40.0,2025-05-16,1026.0,Noble Predictive Insights,95df1759-cdf5-4e40-8953-6a3e495a7861,2026-11-03,hobbs k,DEM,2026_AZ_Governor,536
2026,AZ,Governor,,Andy Biggs,REP,38.0,2025-05-16,1026.0,Noble Predictive Insights,95df1759-cdf5-4e40-8953-6a3e495a7861,2026-11-03,biggs a,REP,2026_AZ_Governor,536
2026,NY,Governor,,Kathy C. Hochul,DEM,43.0,2025-05-02,1163.0,co/efficient,45da70cd-2bfa-43e5-a40d-ec5589427107,2026-11-03,hochul k,DEM,2026_NY_Governor,550
2026,NY,Governor,,Kathy C. Hochul,DEM,36.0,2025-05-15,805.0,Siena University,ca413089-ca75-4826-87a6-7447a9897a8d,2026-11-03,hochul k,DEM,2026_NY_Governor,537
2026,MI,Governor,,Jocelyn Benson,DEM,36.2,2025-05-08,600.0,"Glengariff Group, Inc.",4a00a654-caa2-47c4-99ed-f35d446ec88b,2026-11-03,benson j,DEM,2026_MI_Governor,544
2026,MI,Governor,,Mike Cox,REP,27.0,2025-05-08,600.0,"Glengariff Group, Inc.",4a00a654-caa2-47c4-99ed-f35d446ec88b,2026-11-03,cox m,REP,2026_MI_Governor,544
2026,MI,Governor,,John James,REP,34.5,2025-05-08,600.0,"Glengariff Group, Inc.",4a00a654-caa2-47c4-99ed-f35d446ec88b,2026-11-03,james j,REP,2026_MI_Governor,544
2026,FL,Governor,,Byron Donalds,REP,38.0,2025-05-07,1153.0,Targoz Market Research,8ba070e8-794b-4e22-b62b-396576ec6d94,2026-11-03,donalds b,REP,2026_FL_Governor,545
2026,OH,Governor,,Vivek G. Ramaswamy,REP,51.0,2025-04-24,800.0,Bowling Green State University Democracy and Public Policy Research Network/YouGov,36ad1b65-797e-4b91-b5cb-1efc70a55299,2026-11-03,ramaswamy v,REP,2026_OH_Governor,558
2026,OH,Governor,,Amy Acton,DEM,45.0,2025-04-24,800.0,Bowling Green State University Democracy and Public Policy Research Network/YouGov,36ad1b65-797e-4b91-b5cb-1efc70a55299,2026-11-03,acton a,DEM,2026_OH_Governor,558
2026,NY,Governor,,Kathy C. Hochul,DEM,44.0,2025-04-24,600.0,GrayHouse,fb487d74-3abb-44dc-8102-73f71a4d5b21,2026-11-03,hochul k,DEM,2026_NY_Governor,558
2026,NY,Governor,,Kathy C. Hochul,DEM,39.0,2025-04-16,802.0,Siena University,1d225850-b9db-4a47-9aa6-801d5303a18e,2026-11-03,hochul k,DEM,2026_NY_Governor,566
2026,AZ,Governor,,Katie Hobbs,DEM,47.0,2025-04-09,501.0,Pulse Decision Science,07b5c502-08e5-42b2-a87c-67f3152926f3,2026-11-03,hobbs k,DEM,2026_AZ_Governor,573
2026,AZ,Governor,,Andy Biggs,REP,42.0,2025-04-09,501.0,Pulse Decision Science,07b5c502-08e5-42b2-a87c-67f3152926f3,2026-11-03,biggs a,REP,2026_AZ_Governor,573
2026,MI,Governor,,John James,REP,34.0,2025-03-13,688.0,Mitchell Research & Communications,843c4867-4786-4521-b919-9fbad66846fc,2026-11-03,james j,REP,2026_MI_Governor,600
2026,MI,Governor,,Jocelyn Benson,DEM,37.0,2025-03-13,688.0,Mitchell Research & Communications,843c4867-4786-4521-b919-9fbad66846fc,2026-11-03,benson j,DEM,2026_MI_Governor,600
2026,MI,Governor,,Mike Cox,REP,35.0,2025-03-13,688.0,Mitchell Research & Communications,843c4867-4786-4521-b919-9fbad66846fc,2026-11-03,cox m,REP,2026_MI_Governor,600
2026,NY,Governor,,Kathy C. Hochul,DEM,34.0,2025-03-06,806.0,Siena University,2143463d-8389-4259-8f93-3ed3f2c15867,2026-11-03,hochul k,DEM,2026_NY_Governor,607
2026,MI,Governor,,John James,REP,30.0,2025-03-06,600.0,Target Insyght,2ed1c72b-17c8-4799-9a38-7367695df329,2026-11-03,james j,REP,2026_MI_Governor,607
2026,MI,Governor,,Jocelyn Benson,DEM,42.0,2025-03-06,600.0,Target Insyght,2ed1c72b-17c8-4799-9a38-7367695df329,2026-11-03,benson j,DEM,2026_MI_Governor,607
2026,AZ,Governor,,Katie Hobbs,DEM,37.0,2025-02-13,1006.0,Noble Predictive Insights,76031070-e5b3-4204-89eb-e37ed7063081,2026-11-03,hobbs k,DEM,2026_AZ_Governor,628
2026,AZ,Governor,,Andy Biggs,REP,38.0,2025-02-13,1006.0,Noble Predictive Insights,76031070-e5b3-4204-89eb-e37ed7063081,2026-11-03,biggs a,REP,2026_AZ_Governor,628
2026,OH,Governor,,Vivek G. Ramaswamy,REP,48.0,2025-02-20,642.0,Public Policy Polling,f48c4408-c612-4ed8-a111-17380a5a03ce,2026-11-03,ramaswamy v,REP,2026_OH_Governor,621
2026,OH,Governor,,Amy Acton,DEM,45.0,2025-02-20,642.0,Public Policy Polling,f48c4408-c612-4ed8-a111-17380a5a03ce,2026-11-03,acton a,DEM,2026_OH_Governor,621
2026,MA,Governor,,Maura Healey,DEM,41.0,2025-02-20,700.0,YouGov,732db927-e4bc-43f7-abcb-17a12248964a,2026-11-03,healey m,DEM,2026_MA_Governor,621
2026,MA,Governor,,Brian Shortsleeve,REP,12.0,2025-02-20,700.0,YouGov,732db927-e4bc-43f7-abcb-17a12248964a,2026-11-03,shortsleeve b,REP,2026_MA_Governor,621
2026,NY,Governor,,Kathy C. Hochul,DEM,46.0,2025-02-10,1000.0,Citizen Data,123c585e-0f4c-4178-b03b-6dfb54965f4b,2026-11-03,hochul k,DEM,2026_NY_Governor,631
2026,AZ,Governor,,Katie Hobbs,DEM,40.0,2025-02-07,924.0,Kreate Strategies,23e35f2b-75f0-4d81-9683-937d845f6e8b,2026-11-03,hobbs k,DEM,2026_AZ_Governor,634
2026,AZ,Governor,,Andy Biggs,REP,44.0,2025-02-07,924.0,Kreate Strategies,23e35f2b-75f0-4d81-9683-937d845f6e8b,2026-11-03,biggs a,REP,2026_AZ_Governor,634
2026,NY,Governor,,Kathy C. Hochul,DEM,31.0,2025-01-30,803.0,Siena University,1766a196-e43b-4d48-8de2-73a72ec33e3d,2026-11-03,hochul k,DEM,2026_NY_Governor,642
2026,NY,Governor,,Kathy C. Hochul,DEM,33.0,2024-12-05,834.0,Siena University,691dbbf8-7eb6-4752-9260-f87c430cdf08,2026-11-03,hochul k,DEM,2026_NY_Governor,698
2026,FL,Senate,S,Alexander Vindman,DEM,42.0,2026-07-11,1004.0,Change Research,d92d971c-b00c-462f-a29b-5b864b42d5d1,2026-11-03,vindman a,DEM,2026_FL_Senate-S,115
2026,FL,Senate,S,Ashley Moody,REP,46.0,2026-07-11,1004.0,Change Research,d92d971c-b00c-462f-a29b-5b864b42d5d1,2026-11-03,moody a,REP,2026_FL_Senate-S,115
2026,FL,Governor,,Desmond Meade,OTH,4.0,2026-07-11,1004.0,Change Research,d92d971c-b00c-462f-a29b-5b864b42d5d1,2026-11-03,meade d,OTH,2026_FL_Governor,115
2026,FL,Governor,,Byron Donalds,REP,38.0,2026-07-11,1004.0,Change Research,d92d971c-b00c-462f-a29b-5b864b42d5d1,2026-11-03,donalds b,REP,2026_FL_Governor,115
2026,FL,Governor,,David W. Jolly,DEM,41.0,2026-07-11,1004.0,Change Research,d92d971c-b00c-462f-a29b-5b864b42d5d1,2026-11-03,jolly d,DEM,2026_FL_Governor,115
2026,IA,House,3,Zach Nunn,REP,40.0,2025-10-27,638.0,Change Research,6d0afbbc-6513-448d-9dca-d5389a793d59,2026-11-03,nunn z,REP,2026_IA_House-3,372
2026,IA,House,3,Sarah Trone Garriott,DEM,53.0,2025-10-27,638.0,Change Research,6d0afbbc-6513-448d-9dca-d5389a793d59,2026-11-03,garriott s,DEM,2026_IA_House-3,372
2026,AZ,House,6,Juan Ciscomani,REP,45.0,2026-06-11,500.0,Normington Petts,10f19b212e75f858b899984b,2026-11-03,ciscomani j,REP,2026_AZ_House-6,145
2026,AZ,House,6,JoAnna Mendoza,DEM,47.0,2026-06-11,500.0,Normington Petts,10f19b212e75f858b899984b,2026-11-03,mendoza j,DEM,2026_AZ_House-6,145
2026,CA,House,14,Victor Aguilar Jr.,DEM,1.0,2026-04-04,,David Binder Research,d2e309ca34ec1c52170c40de,2026-11-03,aguilar v,DEM,2026_CA_House-14,213
2026,CA,House,14,Suzanne Chenault,OTH,1.0,2026-04-04,,David Binder Research,d2e309ca34ec1c52170c40de,2026-11-03,chenault s,OTH,2026_CA_House-14,213
2026,CA,House,14,Carin Elam,DEM,0.0,2026-04-04,,David Binder Research,d2e309ca34ec1c52170c40de,2026-11-03,elam c,DEM,2026_CA_House-14,213
2026,CA,House,14,Melissa Hernandez,DEM,9.0,2026-04-04,,David Binder Research,d2e309ca34ec1c52170c40de,2026-11-03,hernandez m,DEM,2026_CA_House-14,213
2026,CA,House,14,Wendy Huang,REP,9.0,2026-04-04,,David Binder Research,d2e309ca34ec1c52170c40de,2026-11-03,huang w,REP,2026_CA_House-14,213
2026,CA,House,14,Dena Maldonado,REP,8.0,2026-04-04,,David Binder Research,d2e309ca34ec1c52170c40de,2026-11-03,maldonado d,REP,2026_CA_House-14,213
2026,CA,House,14,Matt Ortega,DEM,2.0,2026-04-04,,David Binder Research,d2e309ca34ec1c52170c40de,2026-11-03,ortega m,DEM,2026_CA_House-14,213
2026,CA,House,14,Rakhi Singh,DEM,2.0,2026-04-04,,David Binder Research,d2e309ca34ec1c52170c40de,2026-11-03,singh r,DEM,2026_CA_House-14,213
2026,CA,House,14,Aisha Wahab,DEM,29.0,2026-04-04,,David Binder Research,d2e309ca34ec1c52170c40de,2026-11-03,wahab a,DEM,2026_CA_House-14,213
2026,FL,House,27,María Elvira Salazar,REP,46.0,2025-04-12,555.0,MDW Communications,f2a0280963c15d73ee7acd92,2026-11-03,salazar m,REP,2026_FL_House-27,570
2026,ME,House,2,Matt Dunlap,DEM,37.0,2025-06-10,400.0,The Mellman Group,f8e74a905e6d3867c4143bbc,2026-11-03,dunlap m,DEM,2026_ME_House-2,511
2026,ME,House,2,Paul LePage,REP,47.0,2025-06-10,400.0,The Mellman Group,f8e74a905e6d3867c4143bbc,2026-11-03,lepage p,REP,2026_ME_House-2,511
2026,ME,House,2,Paul LePage,REP,41.0,2026-05-18,418.0,Pan Atlantic Research,c5c57c51b9881a8b9aaf6790,2026-11-03,lepage p,REP,2026_ME_House-2,169
2026,ME,House,2,Paul LePage,REP,44.0,2025-12-07,387.0,Pan Atlantic Research,bc6e793431ccc414b7f529da,2026-11-03,lepage p,REP,2026_ME_House-2,331
2026,MI,House,7,Tom Barrett,REP,45.0,2026-04-26,519.0,Public Policy Polling,335a2aa1e822a9b703df2b2c,2026-11-03,barrett t,REP,2026_MI_House-7,191
2026,MI,House,7,Bridget Brink,DEM,46.0,2026-04-26,519.0,Public Policy Polling,335a2aa1e822a9b703df2b2c,2026-11-03,brink b,DEM,2026_MI_House-7,191
2026,MI,House,7,Matt Maasdam,DEM,45.0,2026-04-26,519.0,Public Policy Polling,335a2aa1e822a9b703df2b2c,2026-11-03,maasdam m,DEM,2026_MI_House-7,191
2026,MO,House,2,Ann Wagner,REP,46.0,2025-05-22,584.0,Public Policy Polling,c54afa27f0e5d496381076bd,2026-11-03,wagner a,REP,2026_MO_House-2,530
2026,NC,House,1,Tom Bailey,OTH,8.0,2026-06-28,500.0,GQR,ae679011def73118ad2531f9,2026-11-03,bailey t,OTH,2026_NC_House-1,128
2026,NC,House,11,Chuck Edwards,REP,44.0,2025-12-17,500.0,Impact Research,12de54f807456027241276d7,2026-11-03,edwards c,REP,2026_NC_House-11,321
2026,NC,House,11,Jamie Ager,DEM,45.0,2025-12-17,500.0,Impact Research,12de54f807456027241276d7,2026-11-03,ager j,DEM,2026_NC_House-11,321
2026,NE,House,1,Mike Flood,REP,41.0,2026-05-19,1079.0,Tavern Research,a80b564defad7f8ae8929d03,2026-11-03,flood m,REP,2026_NE_House-1,168
2026,NE,House,1,Chris Backemeyer,DEM,33.0,2026-05-19,1079.0,Tavern Research,a80b564defad7f8ae8929d03,2026-11-03,backemeyer c,DEM,2026_NE_House-1,168
2026,NE,House,1,Austin Ahlman,OTH,9.0,2026-05-19,1079.0,Tavern Research,a80b564defad7f8ae8929d03,2026-11-03,ahlman a,OTH,2026_NE_House-1,168
2026,NH,House,2,Maggie Goodlander,DEM,48.0,2026-03-18,739.0,Saint Anselm College,8dee957796f554c956ab249c,2026-11-03,goodlander m,DEM,2026_NH_House-2,230
2026,NH,House,2,Lily Tang Williams,REP,36.0,2026-03-18,739.0,Saint Anselm College,8dee957796f554c956ab249c,2026-11-03,williams l,REP,2026_NH_House-2,230
2026,NH,House,2,Lily Tang Williams,REP,35.0,2025-11-19,1102.0,Saint Anselm College,a5726fb9d0c47ca1f758b2d9,2026-11-03,williams l,REP,2026_NH_House-2,349
2026,NH,House,2,Maggie Goodlander,DEM,49.0,2025-08-27,881.0,Saint Anselm College,ae8d53276572de37356e467f,2026-11-03,goodlander m,DEM,2026_NH_House-2,433
2026,NH,House,2,Lily Tang Williams,REP,31.0,2025-08-27,881.0,Saint Anselm College,ae8d53276572de37356e467f,2026-11-03,williams l,REP,2026_NH_House-2,433
2026,PA,House,10,Scott Perry,REP,45.0,2026-04-23,400.0,Normington Petts,d56b2d2a79c456a476c8aef5,2026-11-03,perry s,REP,2026_PA_House-10,194
2026,PA,House,10,Janelle Stelson,DEM,51.0,2026-04-23,400.0,Normington Petts,d56b2d2a79c456a476c8aef5,2026-11-03,stelson j,DEM,2026_PA_House-10,194
2026,TX,House,28,Henry Cuellar,DEM,38.0,2026-06-23,400.0,Pulse Science Decision,35ee96c2c070d32267a097e2,2026-11-03,cuellar h,DEM,2026_TX_House-28,133
2026,TX,House,28,Tano Tijerina,REP,46.0,2026-06-23,400.0,Pulse Science Decision,35ee96c2c070d32267a097e2,2026-11-03,tijerina t,REP,2026_TX_House-28,133
2026,WA,House,3,Brent Hennrich,DEM,11.0,2026-07-10,500.0,Emerson College,8937f617540ad8b4da6a27c1,2026-11-03,hennrich b,DEM,2026_WA_House-3,116
2026,WA,House,3,John Braun,REP,33.0,2025-11-12,752.0,Gravis Marketing,5ff98cf6c2ca221f780d7126,2026-11-03,braun j,REP,2026_WA_House-3,356
2026,WA,House,3,Marie Gluesenkamp Perez,DEM,24.0,2025-11-12,752.0,Gravis Marketing,5ff98cf6c2ca221f780d7126,2026-11-03,perez m,DEM,2026_WA_House-3,356
2026,WA,House,3,Brent Hennrich,DEM,14.0,2025-11-12,752.0,Gravis Marketing,5ff98cf6c2ca221f780d7126,2026-11-03,hennrich b,DEM,2026_WA_House-3,356
2026,WA,House,3,Marie Gluesenkamp Perez,DEM,41.0,2025-08-01,,Voter Sciences,2188af6657c7d7afb51c56e8,2026-11-03,perez m,DEM,2026_WA_House-3,459
2026,WA,House,3,John Braun,REP,48.0,2025-08-01,,Voter Sciences,2188af6657c7d7afb51c56e8,2026-11-03,braun j,REP,2026_WA_House-3,459
2026,WA,House,4,Matt Boehnke,REP,7.0,2026-02-05,400.0,"Fabrizio, Lee & Associates",f0cb75209c1fe42ef7b2be8d,2026-11-03,boehnke m,REP,2026_WA_House-4,271
2026,WA,House,4,John Duresky,DEM,25.0,2026-02-05,400.0,"Fabrizio, Lee & Associates",f0cb75209c1fe42ef7b2be8d,2026-11-03,duresky j,DEM,2026_WA_House-4,271
2026,WA,House,4,Amanda McKinney,REP,20.0,2026-02-05,400.0,"Fabrizio, Lee & Associates",f0cb75209c1fe42ef7b2be8d,2026-11-03,mckinney a,REP,2026_WA_House-4,271
2026,WA,House,4,Wesley Meier,REP,1.0,2026-02-05,400.0,"Fabrizio, Lee & Associates",f0cb75209c1fe42ef7b2be8d,2026-11-03,meier w,REP,2026_WA_House-4,271
2026,WA,House,4,Devin Pooré (C),OTH,5.0,2026-02-05,400.0,"Fabrizio, Lee & Associates",f0cb75209c1fe42ef7b2be8d,2026-11-03,c d,OTH,2026_WA_House-4,271
2026,WA,House,4,Jerrod Sessler,REP,14.0,2026-02-05,400.0,"Fabrizio, Lee & Associates",f0cb75209c1fe42ef7b2be8d,2026-11-03,sessler j,REP,2026_WA_House-4,271
2026,WA,House,5,Michael Baumgartner,REP,39.0,2026-03-19,617.0,Change Research,41759b20c161aedb48ba19fd,2026-11-03,baumgartner m,REP,2026_WA_House-5,229
2026,WA,House,5,Carmela Conroy,DEM,9.0,2026-03-19,617.0,Change Research,41759b20c161aedb48ba19fd,2026-11-03,conroy c,DEM,2026_WA_House-5,229
2026,WA,House,5,Bajun Mavalwalla,DEM,2.0,2026-03-19,617.0,Change Research,41759b20c161aedb48ba19fd,2026-11-03,mavalwalla b,DEM,2026_WA_House-5,229
2026,WA,House,5,Nate Powell,OTH,4.0,2026-03-19,617.0,Change Research,41759b20c161aedb48ba19fd,2026-11-03,powell n,OTH,2026_WA_House-5,229
2026,WA,House,5,David Womack,DEM,2.0,2026-03-19,617.0,Change Research,41759b20c161aedb48ba19fd,2026-11-03,womack d,DEM,2026_WA_House-5,229
2026,AK,Senate,,Dan S. Sullivan,REP,47.0,2026-06-29,593.0,New York Times / Siena University,3e77cc84a1f496c52e0a0a01,2026-11-03,sullivan d,REP,2026_AK_Senate,127
2026,AK,Senate,,Mary Peltola,DEM,45.0,2026-06-29,593.0,New York Times / Siena University,3e77cc84a1f496c52e0a0a01,2026-11-03,peltola m,DEM,2026_AK_Senate,127
2026,FL,Senate,,Ashley Moody,REP,50.0,2026-07-17,848.0,University of North Florida,3121e679fac58be32534a525,2026-11-03,moody a,REP,2026_FL_Senate,109
2026,FL,Senate,,Angie Nixon,DEM,42.0,2026-07-17,848.0,University of North Florida,3121e679fac58be32534a525,2026-11-03,nixon a,DEM,2026_FL_Senate,109
2026,FL,Senate,,Ashley Moody,REP,51.0,2026-04-13,848.0,Stetson University,1ec94a07dd33b3fc18d58907,2026-11-03,moody a,REP,2026_FL_Senate,204
2026,FL,Senate,,Angie Nixon,DEM,38.0,2026-04-13,848.0,Stetson University,1ec94a07dd33b3fc18d58907,2026-11-03,nixon a,DEM,2026_FL_Senate,204
2026,FL,Senate,,Ashley Moody,REP,47.0,2026-03-31,1125.0,Emerson College,51b77871b1ca85e6b92d853b,2026-11-03,moody a,REP,2026_FL_Senate,217
2026,FL,Senate,,Angie Nixon,DEM,36.0,2026-03-31,1125.0,Emerson College,51b77871b1ca85e6b92d853b,2026-11-03,nixon a,DEM,2026_FL_Senate,217
2026,FL,Senate,,Ashley Moody,REP,46.0,2026-03-02,786.0,University of North Florida,23f62f7bcca2df2bf8f15110,2026-11-03,moody a,REP,2026_FL_Senate,246
2026,FL,Senate,,Angie Nixon,DEM,38.0,2026-03-02,786.0,University of North Florida,23f62f7bcca2df2bf8f15110,2026-11-03,nixon a,DEM,2026_FL_Senate,246
2026,FL,Senate,,Alexander Vindman,DEM,40.0,2026-07-17,848.0,University of North Florida,3121e679fac58be32534a525,2026-11-03,vindman a,DEM,2026_FL_Senate,109
2026,FL,Senate,,Ashley Moody,REP,45.0,2026-07-11,1348.0,Change Research,8ce9f00b6d0e0a8d3fbd263e,2026-11-03,moody a,REP,2026_FL_Senate,115
2026,FL,Senate,,Alexander Vindman,DEM,37.0,2026-07-11,1348.0,Change Research,8ce9f00b6d0e0a8d3fbd263e,2026-11-03,vindman a,DEM,2026_FL_Senate,115
2026,FL,Senate,,Ashley Moody,REP,47.0,2026-06-07,800.0,McLaughlin & Associates,0861708572001b5432531454,2026-11-03,moody a,REP,2026_FL_Senate,149
2026,FL,Senate,,Alexander Vindman,DEM,40.0,2026-06-07,800.0,McLaughlin & Associates,0861708572001b5432531454,2026-11-03,vindman a,DEM,2026_FL_Senate,149
2026,FL,Senate,,Ashley Moody,REP,46.0,2026-05-21,1000.0,Global Strategy Group,c35e23dd4d7b596228a93801,2026-11-03,moody a,REP,2026_FL_Senate,166
2026,FL,Senate,,Alexander Vindman,DEM,43.0,2026-05-21,1000.0,Global Strategy Group,c35e23dd4d7b596228a93801,2026-11-03,vindman a,DEM,2026_FL_Senate,166
2026,FL,Senate,,Ashley Moody,REP,45.0,2026-05-16,1593.0,Change Research,731478c901b0e358855dc2e9,2026-11-03,moody a,REP,2026_FL_Senate,171
2026,FL,Senate,,Alexander Vindman,DEM,47.0,2026-05-16,1593.0,Change Research,731478c901b0e358855dc2e9,2026-11-03,vindman a,DEM,2026_FL_Senate,171
2026,FL,Senate,,Ashley Moody,REP,48.0,2026-05-09,604.0,Cherry Communications,68707cb14fc1699781cd4e9c,2026-11-03,moody a,REP,2026_FL_Senate,178
2026,FL,Senate,,Alexander Vindman,DEM,40.0,2026-05-09,604.0,Cherry Communications,68707cb14fc1699781cd4e9c,2026-11-03,vindman a,DEM,2026_FL_Senate,178
2026,FL,Senate,,Alexander Vindman,DEM,42.0,2026-04-13,848.0,Stetson University,1ec94a07dd33b3fc18d58907,2026-11-03,vindman a,DEM,2026_FL_Senate,204
2026,FL,Senate,,Ashley Moody,REP,50.0,2026-04-09,406.0,Echelon Insights,c422a5476c913cb11e8aa040,2026-11-03,moody a,REP,2026_FL_Senate,208
2026,FL,Senate,,Alexander Vindman,DEM,43.0,2026-04-09,406.0,Echelon Insights,c422a5476c913cb11e8aa040,2026-11-03,vindman a,DEM,2026_FL_Senate,208
2026,FL,Senate,,Ashley Moody,REP,43.0,2026-04-03,1834.0,MDW,02d5b5bff698c9f625c153b1,2026-11-03,moody a,REP,2026_FL_Senate,214
2026,FL,Senate,,Alexander Vindman,DEM,42.0,2026-04-03,1834.0,MDW,02d5b5bff698c9f625c153b1,2026-11-03,vindman a,DEM,2026_FL_Senate,214
2026,FL,Senate,,Ashley Moody,REP,43.0,2026-04-03,574.0,Public Policy Polling,12c9f0cb598b334bcfc138db,2026-11-03,moody a,REP,2026_FL_Senate,214
2026,FL,Senate,,Alexander Vindman,DEM,40.0,2026-04-03,574.0,Public Policy Polling,12c9f0cb598b334bcfc138db,2026-11-03,vindman a,DEM,2026_FL_Senate,214
2026,FL,Senate,,Alexander Vindman,DEM,38.0,2026-03-31,1125.0,Emerson College,51b77871b1ca85e6b92d853b,2026-11-03,vindman a,DEM,2026_FL_Senate,217
2026,FL,Senate,,Alexander Vindman,DEM,38.0,2026-03-02,786.0,University of North Florida,23f62f7bcca2df2bf8f15110,2026-11-03,vindman a,DEM,2026_FL_Senate,246
2026,FL,Senate,,Ashley Moody,REP,49.0,2025-10-25,728.0,University of North Florida,e67722d02f797a76e165e733,2026-11-03,moody a,REP,2026_FL_Senate,374
2026,FL,Senate,,Ashley Moody,REP,44.0,2025-10-03,800.0,The Tyson Group,d3a1b1c6f9d17b79837c0e71,2026-11-03,moody a,REP,2026_FL_Senate,396
2026,GA,Senate,,Jon Ossoff,DEM,56.0,2026-06-27,1002.0,Beacon Research (D)/Shaw & Co. Research,b3b5cffdc446f7621e6d0098,2026-11-03,ossoff j,DEM,2026_GA_Senate,129
2026,GA,Senate,,Mike Collins,REP,43.0,2026-06-27,1002.0,Beacon Research (D)/Shaw & Co. Research,b3b5cffdc446f7621e6d0098,2026-11-03,collins m,REP,2026_GA_Senate,129
2026,GA,Senate,,Jon Ossoff,DEM,46.0,2025-05-17,800.0,Cygnal,538dabe851842ef25cc4d267,2026-11-03,ossoff j,DEM,2026_GA_Senate,535
2026,GA,Senate,,Mike Collins,REP,43.0,2025-05-17,800.0,Cygnal,538dabe851842ef25cc4d267,2026-11-03,collins m,REP,2026_GA_Senate,535
2026,GA,Senate,,Jon Ossoff,DEM,50.0,2025-06-18,610.0,Cygnal,78c84c7e95d6802e8718cfc0,2026-11-03,ossoff j,DEM,2026_GA_Senate,503
2026,GA,Senate,,Jon Ossoff,DEM,47.0,2025-01-31,600.0,Tyson Group,532ec8e8c1aec1d2d03256ac,2026-11-03,ossoff j,DEM,2026_GA_Senate,641
2026,GA,Senate,,Jon Ossoff,DEM,48.0,2025-04-24,1000.0,Atlanta Journal-Constitution,a6a8106bf0bbcffdc9e72cf8,2026-11-03,ossoff j,DEM,2026_GA_Senate,558
2026,GA,Senate,,Jon Ossoff,DEM,44.0,2025-03-10,600.0,Cygnal,2946255e6217b3e88ac7f66b,2026-11-03,ossoff j,DEM,2026_GA_Senate,603
2026,MA,Senate,,Ed Markey,DEM,54.0,2026-01-25,800.0,Cygnal,affe34718848df01f3fb8d17,2026-11-03,markey e,DEM,2026_MA_Senate,282
2026,MA,Senate,,John Deaton,REP,30.0,2026-01-25,800.0,Cygnal,affe34718848df01f3fb8d17,2026-11-03,deaton j,REP,2026_MA_Senate,282
2026,MA,Senate,,Ed Markey,DEM,35.0,2025-02-20,700.0,UMass Amherst / YouGov,c707ed8d1c892e7d7ee279aa,2026-11-03,markey e,DEM,2026_MA_Senate,621
2026,MI,Senate,,Mike Rogers,REP,42.0,2026-05-07,607.0,Mitchell Research,ed5d432a5a4438894b78af8e,2026-11-03,rogers m,REP,2026_MI_Senate,180
2026,MI,Senate,,Abdul El-Sayed,DEM,40.0,2026-05-01,600.0,Glengariff Group,2b5bc2aaed7ee3bd65c94f95,2026-11-03,elsayed a,DEM,2026_MI_Senate,186
2026,MI,Senate,,Mike Rogers,REP,45.0,2026-05-01,600.0,Glengariff Group,2b5bc2aaed7ee3bd65c94f95,2026-11-03,rogers m,REP,2026_MI_Senate,186
2026,MI,Senate,,Abdul El-Sayed,DEM,47.0,2026-01-06,600.0,Glengariff Group,ee1bbbb9c16f643e2fb476d6,2026-11-03,elsayed a,DEM,2026_MI_Senate,301
2026,MI,Senate,,Mike Rogers,REP,43.0,2026-01-06,600.0,Glengariff Group,ee1bbbb9c16f643e2fb476d6,2026-11-03,rogers m,REP,2026_MI_Senate,301
2026,MI,Senate,,Mike Rogers,REP,45.0,2025-10-25,637.0,Rosetta Stone Communications,08b545d43851ae38d4475713,2026-11-03,rogers m,REP,2026_MI_Senate,374
2026,MI,Senate,,Haley Stevens,DEM,42.0,2026-05-01,600.0,Glengariff Group,2b5bc2aaed7ee3bd65c94f95,2026-11-03,stevens h,DEM,2026_MI_Senate,186
2026,MI,Senate,,Haley Stevens,DEM,47.0,2026-01-06,600.0,Glengariff Group,ee1bbbb9c16f643e2fb476d6,2026-11-03,stevens h,DEM,2026_MI_Senate,301
2026,MI,Senate,,Haley Stevens,DEM,47.0,2025-06-16,700.0,Normington Petts,5618a87c4b165fabc11b1969,2026-11-03,stevens h,DEM,2026_MI_Senate,505
2026,MI,Senate,,Mike Rogers,REP,45.0,2025-06-16,700.0,Normington Petts,5618a87c4b165fabc11b1969,2026-11-03,rogers m,REP,2026_MI_Senate,505
2026,MI,Senate,,Mallory McMorrow,DEM,41.0,2026-05-01,600.0,Glengariff Group,2b5bc2aaed7ee3bd65c94f95,2026-11-03,mcmorrow m,DEM,2026_MI_Senate,186
2026,MI,Senate,,Mallory McMorrow,DEM,46.0,2026-01-06,600.0,Glengariff Group,ee1bbbb9c16f643e2fb476d6,2026-11-03,mcmorrow m,DEM,2026_MI_Senate,301
2026,MI,Senate,,Mallory McMorrow,DEM,44.0,2025-06-16,700.0,Normington Petts,5618a87c4b165fabc11b1969,2026-11-03,mcmorrow m,DEM,2026_MI_Senate,505
2026,MI,Senate,,Mike Rogers,REP,47.0,2025-02-08,600.0,EPIC-MRA,3ec888f4d14cab7381751b09,2026-11-03,rogers m,REP,2026_MI_Senate,633
2026,MN,Senate,,Angie Craig (DFL),OTH,51.0,2026-05-28,808.0,Impact Research,3b961024015329633a06ac3a,2026-11-03,dfl a,OTH,2026_MN_Senate,159
2026,MN,Senate,,Angie Craig (DFL),OTH,47.0,2026-02-08,1000.0,Emerson College,d5a159e35301fbfea7a02f19,2026-11-03,dfl a,OTH,2026_MN_Senate,268
2026,MN,Senate,,Angie Craig (DFL),OTH,49.0,2025-07-11,604.0,Impact Research,e417e3fc70a3b8f05a23e013,2026-11-03,dfl a,OTH,2026_MN_Senate,480
2026,MN,Senate,,Peggy Flanagan (DFL),OTH,51.0,2026-05-28,808.0,Impact Research,3b961024015329633a06ac3a,2026-11-03,dfl p,OTH,2026_MN_Senate,159
2026,MN,Senate,,Peggy Flanagan (DFL),OTH,47.0,2026-02-08,1000.0,Emerson College,d5a159e35301fbfea7a02f19,2026-11-03,dfl p,OTH,2026_MN_Senate,268
2026,MN,Senate,,Peggy Flanagan (DFL),OTH,48.0,2025-07-11,604.0,Impact Research,e417e3fc70a3b8f05a23e013,2026-11-03,dfl p,OTH,2026_MN_Senate,480
2026,MN,Senate,,Angie Craig (DFL),OTH,47.0,2025-09-16,1015.0,Public Policy Polling,9f496d04b8715db5a93ab6bf,2026-11-03,dfl a,OTH,2026_MN_Senate,413
2026,MN,Senate,,Peggy Flanagan (DFL),OTH,46.0,2025-09-16,1015.0,Public Policy Polling,9f496d04b8715db5a93ab6bf,2026-11-03,dfl p,OTH,2026_MN_Senate,413
2026,MS,Senate,,Scott Colom,DEM,38.0,2025-06-22,500.0,Impact Research,4c766c1ad71083c0a4427548,2026-11-03,colom s,DEM,2026_MS_Senate,499
2026,MS,Senate,,Generic Opponent,OTH,53.0,2026-04-12,500.0,Impact Research,1adcb394874466314cf8f8d9,2026-11-03,opponent g,OTH,2026_MS_Senate,205
2026,MS,Senate,,Generic Opponent,OTH,46.0,2025-06-22,500.0,Impact Research,4c766c1ad71083c0a4427548,2026-11-03,opponent g,OTH,2026_MS_Senate,499
2026,MT,Senate,,Kurt Alme,REP,47.0,2026-06-24,800.0,Hart Research,c4fbc2f748a12f241b83d807,2026-11-03,alme k,REP,2026_MT_Senate,132
2026,MT,Senate,,Alani Bankhead,DEM,22.0,2026-06-24,800.0,Hart Research,c4fbc2f748a12f241b83d807,2026-11-03,bankhead a,DEM,2026_MT_Senate,132
2026,MT,Senate,,Seth Bodnar,OTH,25.0,2026-06-24,800.0,Hart Research,c4fbc2f748a12f241b83d807,2026-11-03,bodnar s,OTH,2026_MT_Senate,132
2026,MT,Senate,,Seth Bodnar,OTH,15.0,2026-01-26,500.0,yes. every kid.,894bd807265c6bf3fc35baa9,2026-11-03,bodnar s,OTH,2026_MT_Senate,281
2026,NE,Senate,,Pete Ricketts,REP,48.0,2025-12-17,900.0,Lake Research Partners,9a8fb9443aa0d8d69d7251fd,2026-11-03,ricketts p,REP,2026_NE_Senate,321
2026,NE,Senate,,Dan Osborn,DEM,47.0,2025-12-17,900.0,Lake Research Partners,9a8fb9443aa0d8d69d7251fd,2026-11-03,osborn d,IND,2026_NE_Senate,321
2026,NE,Senate,,Pete Ricketts,REP,46.0,2025-07-29,900.0,Lake Research Partners,121c664b35712871fa41b818,2026-11-03,ricketts p,REP,2026_NE_Senate,462
2026,NE,Senate,,Dan Osborn,DEM,47.0,2025-07-29,900.0,Lake Research Partners,121c664b35712871fa41b818,2026-11-03,osborn d,IND,2026_NE_Senate,462
2026,NH,Senate,,Chris Pappas,DEM,46.0,2025-12-28,603.0,NHJournal/Praecones Analytica,9bf45bc96b10cb120bbeb06a,2026-11-03,pappas c,DEM,2026_NH_Senate,310
2026,NH,Senate,,Scott Brown,REP,28.0,2025-12-28,603.0,NHJournal/Praecones Analytica,9bf45bc96b10cb120bbeb06a,2026-11-03,brown s,REP,2026_NH_Senate,310
2026,NH,Senate,,Chris Pappas,DEM,48.0,2025-08-27,1776.0,Saint Anselm College,f2d86cb93fdceedb590a8177,2026-11-03,pappas c,DEM,2026_NH_Senate,433
2026,NH,Senate,,Chris Pappas,DEM,45.0,2026-01-29,563.0,yes. every kid.,127fae2330c46f62eca33f3d,2026-11-03,pappas c,DEM,2026_NH_Senate,278
2026,NH,Senate,,John E. Sununu,REP,41.0,2026-01-29,563.0,yes. every kid.,127fae2330c46f62eca33f3d,2026-11-03,sununu j,REP,2026_NH_Senate,278
2026,NH,Senate,,John E. Sununu,REP,36.0,2025-12-28,603.0,NHJournal/Praecones Analytica,9bf45bc96b10cb120bbeb06a,2026-11-03,sununu j,REP,2026_NH_Senate,310
2026,RI,Senate,,Raymond McKay,REP,34.0,2026-04-20,556.0,University of New Hampshire,71615ed4beac16549d6b0668,2026-11-03,mckay r,REP,2026_RI_Senate,197
2026,AK,Governor,,RCV round,OTH,1.0,2026-07-01,1528.0,Alaska Survey Research,3aecd4e030b7a88a0cdd59e9,2026-11-03,round r,OTH,2026_AK_Governor,125
2026,AK,Governor,,RCV round,OTH,1.0,2025-07-27,584.0,Data for Progress,3e86d27f594ac043998460ae,2026-11-03,round r,OTH,2026_AK_Governor,464
2026,AZ,Governor,,Katie Hobbs,DEM,50.0,2026-01-24,519.0,Center for Excellence in Polling,3964f417df7a441225939d64,2026-11-03,hobbs k,DEM,2026_AZ_Governor,283
2026,AZ,Governor,,Katie Hobbs,DEM,51.0,2025-12-17,2725.0,NextGen P,ba348ef59ce789f828f8ba8f,2026-11-03,hobbs k,DEM,2026_AZ_Governor,321
2026,AZ,Governor,,Andy Biggs,REP,32.0,2025-12-17,2725.0,NextGen P,ba348ef59ce789f828f8ba8f,2026-11-03,biggs a,REP,2026_AZ_Governor,321
2026,CT,Governor,,Ned Lamont,DEM,50.0,2025-08-01,600.0,OnMessage Inc.,8fc6d1d96117447805a3f02a,2026-11-03,lamont n,DEM,2026_CT_Governor,459
2026,FL,Governor,,David Jolly,DEM,40.0,2026-04-13,848.0,Stetson University,7a52e6d43b599b872974d960,2026-11-03,jolly d,DEM,2026_FL_Governor,204
2026,FL,Governor,,Byron Donalds,REP,49.0,2025-08-27,800.0,AIF Center,5d5bb3b4078bb910231550e7,2026-11-03,donalds b,REP,2026_FL_Governor,433
2026,FL,Governor,,David Jolly,DEM,41.0,2025-08-27,800.0,AIF Center,5d5bb3b4078bb910231550e7,2026-11-03,jolly d,DEM,2026_FL_Governor,433
2026,FL,Governor,,David Jolly,DEM,40.0,2026-04-06,795.0,Keystone Analytics,16f533d0b684064a7bc6565f,2026-11-03,jolly d,DEM,2026_FL_Governor,211
2026,MA,Governor,,Maura Healey,DEM,51.0,2025-10-29,800.0,UMass Amherst / YouGov,d85d5d9196b54e7d9ccf670c,2026-11-03,healey m,DEM,2026_MA_Governor,370
2026,MA,Governor,,Maura Healey,DEM,46.0,2025-09-24,750.0,"Advantage, Inc.",c69127ade571f2aa5bf55f26,2026-11-03,healey m,DEM,2026_MA_Governor,405
2026,MA,Governor,,Brian Shortsleeve,REP,31.0,2025-09-24,750.0,"Advantage, Inc.",c69127ade571f2aa5bf55f26,2026-11-03,shortsleeve b,REP,2026_MA_Governor,405
2026,MA,Governor,,Maura Healey,DEM,44.0,2025-02-20,700.0,UMass Amherst / YouGov,e3f79825dd59cb1f4ff42ee9,2026-11-03,healey m,DEM,2026_MA_Governor,621
2026,MA,Governor,,Brian Shortsleeve,REP,12.0,2025-02-20,700.0,UMass Amherst / YouGov,e3f79825dd59cb1f4ff42ee9,2026-11-03,shortsleeve b,REP,2026_MA_Governor,621
2026,ME,Governor,,Robert Charles,REP,35.0,2026-07-20,1178.0,University of New Hampshire,9e4bb2c7e1e4059be5f4c3d1,2026-11-03,charles r,REP,2026_ME_Governor,106
2026,ME,Governor,,Robert Charles,REP,42.0,2026-06-27,1003.0,Beacon Research (D)/Shaw & Co. Research,f074f561ef8910232491d9ef,2026-11-03,charles r,REP,2026_ME_Governor,129
2026,ME,Governor,,Hannah Pingree,DEM,53.0,2026-06-27,1003.0,Beacon Research (D)/Shaw & Co. Research,f074f561ef8910232491d9ef,2026-11-03,pingree h,DEM,2026_ME_Governor,129
2026,ME,Governor,,Rick Bennett,OTH,8.0,2026-06-26,608.0,New York Times / Portland Press Herald / Siena University,7ec587bd99d55c231e46737f,2026-11-03,bennett r,OTH,2026_ME_Governor,130
2026,ME,Governor,,Robert Charles,REP,36.0,2026-06-26,608.0,New York Times / Portland Press Herald / Siena University,7ec587bd99d55c231e46737f,2026-11-03,charles r,REP,2026_ME_Governor,130
2026,ME,Governor,,Hannah Pingree,DEM,50.0,2026-06-26,608.0,New York Times / Portland Press Herald / Siena University,7ec587bd99d55c231e46737f,2026-11-03,pingree h,DEM,2026_ME_Governor,130
2026,MI,Governor,,Jocelyn Benson,DEM,51.0,2026-06-13,827.0,Mitchell Research,9b496b1d5b93f6b5efb3decd,2026-11-03,benson j,DEM,2026_MI_Governor,143
2026,MI,Governor,,Jocelyn Benson,DEM,34.0,2026-01-06,600.0,Glengariff Group,5f15653d9e1e7fec9b55f1c2,2026-11-03,benson j,DEM,2026_MI_Governor,301
2026,MI,Governor,,Mike Cox,REP,28.0,2026-01-06,600.0,Glengariff Group,5f15653d9e1e7fec9b55f1c2,2026-11-03,cox m,REP,2026_MI_Governor,301
2026,MI,Governor,,Jocelyn Benson,DEM,31.0,2025-02-08,600.0,EPIC-MRA,73bb393158390bc9fb97708f,2026-11-03,benson j,DEM,2026_MI_Governor,633
2026,MI,Governor,,Jocelyn Benson,DEM,34.0,2026-05-01,600.0,Glengariff Group,daff5d79c03ffe70ad800f44,2026-11-03,benson j,DEM,2026_MI_Governor,186
2026,MI,Governor,,John James,REP,29.0,2026-05-01,600.0,Glengariff Group,daff5d79c03ffe70ad800f44,2026-11-03,james j,REP,2026_MI_Governor,186
2026,MI,Governor,,Jocelyn Benson,DEM,27.0,2026-03-24,1000.0,Michigan State University / YouGov,72a4730a678cd9f16363eac9,2026-11-03,benson j,DEM,2026_MI_Governor,224
2026,MI,Governor,,John James,REP,19.0,2026-03-24,1000.0,Michigan State University / YouGov,72a4730a678cd9f16363eac9,2026-11-03,james j,REP,2026_MI_Governor,224
2026,MI,Governor,,Jocelyn Benson,DEM,28.0,2026-02-02,,Glengariff Group,35a7fdf4033a052416d9ae75,2026-11-03,benson j,DEM,2026_MI_Governor,274
2026,MI,Governor,,John James,REP,29.0,2026-02-02,,Glengariff Group,35a7fdf4033a052416d9ae75,2026-11-03,james j,REP,2026_MI_Governor,274
2026,MI,Governor,,John James,REP,34.0,2026-01-06,600.0,Glengariff Group,5f15653d9e1e7fec9b55f1c2,2026-11-03,james j,REP,2026_MI_Governor,301
2026,MI,Governor,,Jocelyn Benson,DEM,42.0,2025-02-08,600.0,Target Insyght,017092266fd2975dbcb9ae79,2026-11-03,benson j,DEM,2026_MI_Governor,633
2026,MI,Governor,,John James,REP,30.0,2025-02-08,600.0,Target Insyght,017092266fd2975dbcb9ae79,2026-11-03,james j,REP,2026_MI_Governor,633
2026,MI,Governor,,Perry Johnson,REP,26.0,2026-05-01,600.0,Glengariff Group,daff5d79c03ffe70ad800f44,2026-11-03,johnson p,REP,2026_MI_Governor,186
2026,MN,Governor,,Amy Klobuchar (DFL),OTH,48.0,2026-06-10,800.0,Mason-Dixon Polling & Strategy,8a671003ae45d649d62814c8,2026-11-03,dfl a,OTH,2026_MN_Governor,146
2026,MN,Governor,,Lisa Demuth,REP,40.0,2026-06-10,800.0,Mason-Dixon Polling & Strategy,8a671003ae45d649d62814c8,2026-11-03,demuth l,REP,2026_MN_Governor,146
2026,MN,Governor,,Amy Klobuchar (DFL),OTH,51.0,2026-02-08,1000.0,Emerson College,63dfa9f305fc70a06496b733,2026-11-03,dfl a,OTH,2026_MN_Governor,268
2026,MN,Governor,,Amy Klobuchar (DFL),OTH,49.0,2026-01-30,575.0,SurveyUSA,495076c2d84e3eadba0c6970,2026-11-03,dfl a,OTH,2026_MN_Governor,277
2026,MN,Governor,,Mike Lindell,REP,36.0,2026-06-10,800.0,Mason-Dixon Polling & Strategy,8a671003ae45d649d62814c8,2026-11-03,lindell m,REP,2026_MN_Governor,146
2026,MN,Governor,,Kendall Qualls,REP,37.0,2026-06-10,800.0,Mason-Dixon Polling & Strategy,8a671003ae45d649d62814c8,2026-11-03,qualls k,REP,2026_MN_Governor,146
2026,NE,Governor,,Jim Pillen,REP,47.0,2026-04-29,900.0,Lake Research Partners,9e1c4175d48b839d541ee3e9,2026-11-03,pillen j,REP,2026_NE_Governor,188
2026,NE,Governor,,Lynne Walz,DEM,45.0,2026-04-29,900.0,Lake Research Partners,9e1c4175d48b839d541ee3e9,2026-11-03,walz l,DEM,2026_NE_Governor,188
2026,NE,Governor,,Jim Pillen,REP,48.0,2025-12-17,900.0,Lake Research Partners,949051d743d97e1e96e0b76c,2026-11-03,pillen j,REP,2026_NE_Governor,321
2026,NE,Governor,,Lynne Walz,DEM,43.0,2025-12-17,900.0,Lake Research Partners,949051d743d97e1e96e0b76c,2026-11-03,walz l,DEM,2026_NE_Governor,321
2026,NE,Governor,,Jim Pillen,REP,51.0,2025-07-29,900.0,Lake Research Partners,40f3bc030500c53d60f77669,2026-11-03,pillen j,REP,2026_NE_Governor,462
2026,NE,Governor,,Lynne Walz,DEM,39.0,2025-07-29,900.0,Lake Research Partners,40f3bc030500c53d60f77669,2026-11-03,walz l,DEM,2026_NE_Governor,462
2026,NH,Governor,,Kelly Ayotte,REP,45.0,2026-06-25,1614.0,Saint Anselm College,45d3ba144882ebc1a3b3a886,2026-11-03,ayotte k,REP,2026_NH_Governor,131
2026,NH,Governor,,Cinde Warmington,DEM,37.0,2026-06-25,1614.0,Saint Anselm College,45d3ba144882ebc1a3b3a886,2026-11-03,warmington c,DEM,2026_NH_Governor,131
2026,NH,Governor,,Kelly Ayotte,REP,46.0,2026-03-18,1491.0,Saint Anselm College,d8a51a225bfdbbfc6c9973b6,2026-11-03,ayotte k,REP,2026_NH_Governor,230
2026,NH,Governor,,Kelly Ayotte,REP,47.0,2026-01-29,563.0,yes. every kid.,0392df497598e524a3df6678,2026-11-03,ayotte k,REP,2026_NH_Governor,278
2026,VA,Senate,,Mark R. Warner,DEM,45.0,2025-01-15,806.0,Responsive Management,524cc84e-bfb8-5cb0-9f30-3e84b6ffc541,2026-11-03,warner m,DEM,2026_VA_Senate,657
2026,VA,Senate,,Glenn Youngkin,REP,38.0,2025-01-15,806.0,Responsive Management,524cc84e-bfb8-5cb0-9f30-3e84b6ffc541,2026-11-03,youngkin g,REP,2026_VA_Senate,657
2026,RI,Governor,,Helena Foulkes,DEM,38.0,2026-06-23,630.0,University of New Hampshire,c901814f-4167-4e6e-b790-116ed4fe4878,2026-11-03,foulkes h,DEM,2026_RI_Governor,133
2026,RI,Governor,,Ken Block,OTH,19.0,2026-06-23,630.0,University of New Hampshire,c901814f-4167-4e6e-b790-116ed4fe4878,2026-11-03,block k,OTH,2026_RI_Governor,133
2026,RI,Governor,,Daniel McKee,DEM,27.0,2026-06-23,630.0,University of New Hampshire,c901814f-4167-4e6e-b790-116ed4fe4878,2026-11-03,mckee d,DEM,2026_RI_Governor,133
2026,RI,Governor,,Ken Block,OTH,18.9,2026-05-16,1000.0,Emerson College,cf5aecb5-692a-45ad-a9b9-35d031ac5d91,2026-11-03,block k,OTH,2026_RI_Governor,171
2026,RI,Governor,,Helena Foulkes,DEM,38.9,2026-05-16,1000.0,Emerson College,cf5aecb5-692a-45ad-a9b9-35d031ac5d91,2026-11-03,foulkes h,DEM,2026_RI_Governor,171
2026,RI,Governor,,Daniel McKee,DEM,32.6,2026-05-16,1000.0,Emerson College,cf5aecb5-692a-45ad-a9b9-35d031ac5d91,2026-11-03,mckee d,DEM,2026_RI_Governor,171
2026,RI,Governor,,Aaron Guckian,REP,16.0,2026-04-16,802.0,Opinion Diagnostics,5e0ce830-1928-4c23-8e3b-1c25be303a9b,2026-11-03,guckian a,REP,2026_RI_Governor,201
2026,RI,Governor,,Ken Block,OTH,18.0,2026-04-16,802.0,Opinion Diagnostics,5e0ce830-1928-4c23-8e3b-1c25be303a9b,2026-11-03,block k,OTH,2026_RI_Governor,201
2026,RI,Governor,,Helena Foulkes,DEM,33.0,2026-04-16,802.0,Opinion Diagnostics,5e0ce830-1928-4c23-8e3b-1c25be303a9b,2026-11-03,foulkes h,DEM,2026_RI_Governor,201
2026,RI,Governor,,Daniel McKee,DEM,28.0,2026-04-16,802.0,Opinion Diagnostics,5e0ce830-1928-4c23-8e3b-1c25be303a9b,2026-11-03,mckee d,DEM,2026_RI_Governor,201
2026,MD,Governor,,Wes Moore,DEM,49.9,2026-01-06,808.0,Gonzales Research,3b7ea0a7-3ca6-4ab2-b617-c317db644808,2026-11-03,moore w,DEM,2026_MD_Governor,301
2026,MD,Governor,,Larry Hogan,REP,37.0,2025-10-10,928.0,OpinionWorks,81b666da-7da3-4591-8c9c-592406ae6544,2026-11-03,hogan l,REP,2026_MD_Governor,389
2026,MD,Governor,,Wes Moore,DEM,45.0,2025-10-10,928.0,OpinionWorks,81b666da-7da3-4591-8c9c-592406ae6544,2026-11-03,moore w,DEM,2026_MD_Governor,389
2026,VA,Senate,,Mark Warner,DEM,51.0,2026-06-16,996.0,The Public Sentiment Institute,f31aa704fa7c49be81a74b08,2026-11-03,warner m,DEM,2026_VA_Senate,140
2026,VA,Senate,,Mark Moran,OTH,3.0,2026-06-16,996.0,The Public Sentiment Institute,f31aa704fa7c49be81a74b08,2026-11-03,moran m,OTH,2026_VA_Senate,140
2026,VA,Senate,,Mark Warner,DEM,54.0,2026-05-05,1047.0,The Public Sentiment Institute/ Virginia Project,7b61c8d117e43552c370315b,2026-11-03,warner m,DEM,2026_VA_Senate,182
2026,VA,Senate,,Mark Moran,OTH,2.0,2026-05-05,1047.0,The Public Sentiment Institute/ Virginia Project,7b61c8d117e43552c370315b,2026-11-03,moran m,OTH,2026_VA_Senate,182
2026,VA,Senate,,Mark Warner,DEM,45.0,2025-01-15,806.0,Virginia Commonwealth University,ec676ae0107944effa0aa561,2026-11-03,warner m,DEM,2026_VA_Senate,657
2026,VA,Senate,,Glenn Youngkin,REP,38.0,2025-01-15,806.0,Virginia Commonwealth University,ec676ae0107944effa0aa561,2026-11-03,youngkin g,REP,2026_VA_Senate,657
2026,RI,Governor,,Undecided/Other,OTH,23.0,2026-06-23,664.0,University of New Hampshire,0df449e0b067888f3729565d,2026-11-03,other u,OTH,2026_RI_Governor,133
2026,RI,Governor,,Undecided/Other,OTH,37.0,2026-04-16,802.0,Opinion Diagnostics,93bd514e7b77190dfd2f69cc,2026-11-03,other u,OTH,2026_RI_Governor,201
2026,RI,Governor,,Republican nominee,OTH,22.0,2026-06-23,664.0,University of New Hampshire,0df449e0b067888f3729565d,2026-11-03,nominee r,OTH,2026_RI_Governor,133
2026,RI,Governor,,Republican nominee,OTH,21.0,2026-05-16,1000.0,Emerson College / WPRI-TV,bf637a195d84ee66bb5fbe25,2026-11-03,nominee r,OTH,2026_RI_Governor,171
2026,RI,Governor,,Ken Block,OTH,19.0,2026-05-16,1000.0,Emerson College / WPRI-TV,bf637a195d84ee66bb5fbe25,2026-11-03,block k,OTH,2026_RI_Governor,171
