year,state,office,district,party_std,candidate,cand_key,pct,pollster,sample_size,population,end_date,election_date,race_id,won
2018,AL,Governor,,REP,Tommy Battle,battle t,18.0,The Tarrance Group (R-Ivey),602.0,,5/22/18,2018-06-05,2018_AL_Governor_REP,0
2018,AL,Governor,,REP,Scott Dawson,dawson s,7.000000000000001,The Tarrance Group (R-Ivey),602.0,,5/22/18,2018-06-05,2018_AL_Governor_REP,0
2018,AL,Governor,,REP,Bill Hightower,hightower b,5.0,The Tarrance Group (R-Ivey),602.0,,5/22/18,2018-06-05,2018_AL_Governor_REP,0
2018,AL,Governor,,REP,Kay Ivey,ivey k,57.99999999999999,The Tarrance Group (R-Ivey),602.0,,5/22/18,2018-06-05,2018_AL_Governor_REP,1
2018,AL,Governor,,REP,Tommy Battle,battle t,11.0,Leverage Public Strategies,600.0,,4/30/18,2018-06-05,2018_AL_Governor_REP,0
2018,AL,Governor,,REP,Scott Dawson,dawson s,9.0,Leverage Public Strategies,600.0,,4/30/18,2018-06-05,2018_AL_Governor_REP,0
2018,AL,Governor,,REP,Bill Hightower,hightower b,4.0,Leverage Public Strategies,600.0,,4/30/18,2018-06-05,2018_AL_Governor_REP,0
2018,AL,Governor,,REP,Kay Ivey,ivey k,47.0,Leverage Public Strategies,600.0,,4/30/18,2018-06-05,2018_AL_Governor_REP,1
2018,AL,Governor,,REP,Tommy Battle,battle t,11.0,The Tarrance Group (R-Ivey),601.0,,8/30/17,2018-06-05,2018_AL_Governor_REP,0
2018,AL,Governor,,REP,Bill Hightower,hightower b,3.0,The Tarrance Group (R-Ivey),601.0,,8/30/17,2018-06-05,2018_AL_Governor_REP,0
2018,AL,Governor,,REP,Kay Ivey,ivey k,66.0,The Tarrance Group (R-Ivey),601.0,,8/30/17,2018-06-05,2018_AL_Governor_REP,1
2018,AL,Governor,,REP,Tommy Battle,battle t,9.0,Public Insight Research,607.0,,7/1/16,2018-06-05,2018_AL_Governor_REP,0
2018,AL,Governor,,REP,Young Boozer,boozer y,2.0,Public Insight Research,607.0,,7/1/16,2018-06-05,2018_AL_Governor_REP,0
2018,AL,Governor,,REP,Tim James,james t,3.0,Public Insight Research,607.0,,7/1/16,2018-06-05,2018_AL_Governor_REP,0
2018,AL,Governor,,REP,Del Marsh,marsh d,2.0,Public Insight Research,607.0,,7/1/16,2018-06-05,2018_AL_Governor_REP,0
2018,AL,Governor,,REP,John McMillan,mcmillan j,3.0,Public Insight Research,607.0,,7/1/16,2018-06-05,2018_AL_Governor_REP,0
2018,AL,Governor,,REP,John Merrill,merrill j,3.0,Public Insight Research,607.0,,7/1/16,2018-06-05,2018_AL_Governor_REP,0
2018,AL,Governor,,REP,Roy Moore,moore r,28.000000000000004,Public Insight Research,607.0,,7/1/16,2018-06-05,2018_AL_Governor_REP,0
2018,AL,Governor,,REP,Martha Roby,roby m,6.0,Public Insight Research,607.0,,7/1/16,2018-06-05,2018_AL_Governor_REP,0
2018,AL,Governor,,REP,Luther Strange,strange l,19.0,Public Insight Research,607.0,,7/1/16,2018-06-05,2018_AL_Governor_REP,0
2018,AL,Governor,,REP,Mike Hubbard,hubbard m,4.0,Public Insight Research,601.0,,7/1/15,2018-06-05,2018_AL_Governor_REP,0
2018,AL,Governor,,REP,Tim James,james t,4.0,Public Insight Research,601.0,,7/1/15,2018-06-05,2018_AL_Governor_REP,0
2018,AL,Governor,,REP,Del Marsh,marsh d,5.0,Public Insight Research,601.0,,7/1/15,2018-06-05,2018_AL_Governor_REP,0
2018,AL,Governor,,REP,John McMillan,mcmillan j,2.0,Public Insight Research,601.0,,7/1/15,2018-06-05,2018_AL_Governor_REP,0
2018,AL,Governor,,REP,John Merrill,merrill j,3.0,Public Insight Research,601.0,,7/1/15,2018-06-05,2018_AL_Governor_REP,0
2018,AL,Governor,,REP,Roy Moore,moore r,32.0,Public Insight Research,601.0,,7/1/15,2018-06-05,2018_AL_Governor_REP,0
2018,AL,Governor,,REP,Luther Strange,strange l,19.0,Public Insight Research,601.0,,7/1/15,2018-06-05,2018_AL_Governor_REP,0
2018,AR,Governor,,REP,Asa Hutchinson,hutchinson a,57.99999999999999,Hendrix College,676.0,,4/19/18,2018-05-22,2018_AR_Governor_REP,1
2018,AR,Governor,,REP,Jan Morgan,morgan j,31.0,Hendrix College,676.0,,4/19/18,2018-05-22,2018_AR_Governor_REP,0
2018,AZ,Governor,,REP,Doug Ducey,ducey d,44.0,Emerson College,305.0,,6/22/18,2018-08-28,2018_AZ_Governor_REP,1
2018,AZ,Governor,,REP,Ken Bennett,bennett k,22.0,Emerson College,305.0,,6/22/18,2018-08-28,2018_AZ_Governor_REP,0
2018,AZ,Governor,,DEM,Steve Farley,farley s,25.0,OH Predictive Insights,589.0,,8/15/18,2018-08-28,2018_AZ_Governor_DEM,0
2018,AZ,Governor,,DEM,Kelly Fryer,fryer k,7.000000000000001,OH Predictive Insights,589.0,,8/15/18,2018-08-28,2018_AZ_Governor_DEM,0
2018,AZ,Governor,,DEM,David Garcia,garcia d,40.0,OH Predictive Insights,589.0,,8/15/18,2018-08-28,2018_AZ_Governor_DEM,1
2018,AZ,Governor,,DEM,Steve Farley,farley s,11.0,Data Orbital,550.0,,6/27/18,2018-08-28,2018_AZ_Governor_DEM,0
2018,AZ,Governor,,DEM,Kelly Fryer,fryer k,6.0,Data Orbital,550.0,,6/27/18,2018-08-28,2018_AZ_Governor_DEM,0
2018,AZ,Governor,,DEM,David Garcia,garcia d,33.0,Data Orbital,550.0,,6/27/18,2018-08-28,2018_AZ_Governor_DEM,1
2018,AZ,Governor,,DEM,Steve Farley,farley s,13.0,Emerson College,260.0,,6/22/18,2018-08-28,2018_AZ_Governor_DEM,0
2018,AZ,Governor,,DEM,Kelly Fryer,fryer k,8.0,Emerson College,260.0,,6/22/18,2018-08-28,2018_AZ_Governor_DEM,0
2018,AZ,Governor,,DEM,David Garcia,garcia d,30.0,Emerson College,260.0,,6/22/18,2018-08-28,2018_AZ_Governor_DEM,1
2018,AZ,Governor,,DEM,Steve Farley,farley s,11.0,Garin-Hart-Yang (D-Garcia),400.0,,5/23/18,2018-08-28,2018_AZ_Governor_DEM,0
2018,AZ,Governor,,DEM,Kelly Fryer,fryer k,11.0,Garin-Hart-Yang (D-Garcia),400.0,,5/23/18,2018-08-28,2018_AZ_Governor_DEM,0
2018,AZ,Governor,,DEM,David Garcia,garcia d,32.0,Garin-Hart-Yang (D-Garcia),400.0,,5/23/18,2018-08-28,2018_AZ_Governor_DEM,1
2018,AZ,Governor,,DEM,Steve Farley,farley s,22.0,Public Policy Polling (D-Garcia),446.0,,1/7/18,2018-08-28,2018_AZ_Governor_DEM,0
2018,AZ,Governor,,DEM,David Garcia,garcia d,43.0,Public Policy Polling (D-Garcia),446.0,,1/7/18,2018-08-28,2018_AZ_Governor_DEM,1
2018,CO,Governor,,DEM,Mike Johnston,johnston m,12.0,Strategies 360,387.0,,6/6/18,2018-06-26,2018_CO_Governor_DEM,0
2018,CO,Governor,,DEM,Cary Kennedy,kennedy c,23.0,Strategies 360,387.0,,6/6/18,2018-06-26,2018_CO_Governor_DEM,0
2018,CO,Governor,,DEM,Donna Lynne,lynne d,2.0,Strategies 360,387.0,,6/6/18,2018-06-26,2018_CO_Governor_DEM,0
2018,CO,Governor,,DEM,Jared Polis,polis j,34.0,Strategies 360,387.0,,6/6/18,2018-06-26,2018_CO_Governor_DEM,1
2018,CO,Governor,,DEM,Mike Johnston,johnston m,9.0,Magellan Strategies,503.0,,5/31/18,2018-06-26,2018_CO_Governor_DEM,0
2018,CO,Governor,,DEM,Cary Kennedy,kennedy c,18.0,Magellan Strategies,503.0,,5/31/18,2018-06-26,2018_CO_Governor_DEM,0
2018,CO,Governor,,DEM,Donna Lynne,lynne d,3.0,Magellan Strategies,503.0,,5/31/18,2018-06-26,2018_CO_Governor_DEM,0
2018,CO,Governor,,DEM,Jared Polis,polis j,31.0,Magellan Strategies,503.0,,5/31/18,2018-06-26,2018_CO_Governor_DEM,1
2018,CO,Governor,,DEM,Cary Kennedy,kennedy c,18.0,TargetPoint / GQR,,,3/1/18,2018-06-26,2018_CO_Governor_DEM,0
2018,CO,Governor,,DEM,Jared Polis,polis j,18.0,TargetPoint / GQR,,,3/1/18,2018-06-26,2018_CO_Governor_DEM,1
2018,CO,Governor,,DEM,Mike Johnston,johnston m,8.0,Magellan Strategies,410.0,,3/23/18,2018-06-26,2018_CO_Governor_DEM,0
2018,CO,Governor,,DEM,Cary Kennedy,kennedy c,23.0,Magellan Strategies,410.0,,3/23/18,2018-06-26,2018_CO_Governor_DEM,0
2018,CO,Governor,,DEM,Donna Lynne,lynne d,5.0,Magellan Strategies,410.0,,3/23/18,2018-06-26,2018_CO_Governor_DEM,0
2018,CO,Governor,,DEM,Jared Polis,polis j,27.0,Magellan Strategies,410.0,,3/23/18,2018-06-26,2018_CO_Governor_DEM,1
2018,CO,Governor,,DEM,Mike Johnston,johnston m,4.0,University of Colorado Boulder,357.0,,11/15/17,2018-06-26,2018_CO_Governor_DEM,0
2018,CO,Governor,,DEM,Cary Kennedy,kennedy c,6.0,University of Colorado Boulder,357.0,,11/15/17,2018-06-26,2018_CO_Governor_DEM,0
2018,CO,Governor,,DEM,Donna Lynne,lynne d,4.0,University of Colorado Boulder,357.0,,11/15/17,2018-06-26,2018_CO_Governor_DEM,0
2018,CO,Governor,,DEM,Jared Polis,polis j,24.0,University of Colorado Boulder,357.0,,11/15/17,2018-06-26,2018_CO_Governor_DEM,1
2018,CO,Governor,,REP,Greg Lopez,lopez g,10.0,Magellan Strategies,593.0,,6/7/18,2018-06-26,2018_CO_Governor_REP,0
2018,CO,Governor,,REP,Victor Mitchell,mitchell v,23.0,Magellan Strategies,593.0,,6/7/18,2018-06-26,2018_CO_Governor_REP,0
2018,CO,Governor,,REP,Doug Robinson,robinson d,4.0,Magellan Strategies,593.0,,6/7/18,2018-06-26,2018_CO_Governor_REP,0
2018,CO,Governor,,REP,Walker Stapleton,stapleton w,36.0,Magellan Strategies,593.0,,6/7/18,2018-06-26,2018_CO_Governor_REP,1
2018,CO,Governor,,REP,Cynthia Coffman,coffman c,7.000000000000001,TargetPoint / GQR,,,3/1/18,2018-06-26,2018_CO_Governor_REP,0
2018,CO,Governor,,REP,Walker Stapleton,stapleton w,15.0,TargetPoint / GQR,,,3/1/18,2018-06-26,2018_CO_Governor_REP,1
2018,CO,Governor,,REP,Cynthia Coffman,coffman c,13.0,Magellan Strategies,647.0,,2/27/18,2018-06-26,2018_CO_Governor_REP,0
2018,CO,Governor,,REP,Victor Mitchell,mitchell v,5.0,Magellan Strategies,647.0,,2/27/18,2018-06-26,2018_CO_Governor_REP,0
2018,CO,Governor,,REP,Doug Robinson,robinson d,8.0,Magellan Strategies,647.0,,2/27/18,2018-06-26,2018_CO_Governor_REP,0
2018,CO,Governor,,REP,Walker Stapleton,stapleton w,26.0,Magellan Strategies,647.0,,2/27/18,2018-06-26,2018_CO_Governor_REP,1
2018,CO,Governor,,REP,George Brauchler,brauchler g,4.0,University of Colorado Boulder,250.0,,11/15/17,2018-06-26,2018_CO_Governor_REP,0
2018,CO,Governor,,REP,Cynthia Coffman,coffman c,6.0,University of Colorado Boulder,250.0,,11/15/17,2018-06-26,2018_CO_Governor_REP,0
2018,CO,Governor,,REP,Victor Mitchell,mitchell v,1.0,University of Colorado Boulder,250.0,,11/15/17,2018-06-26,2018_CO_Governor_REP,0
2018,CO,Governor,,REP,Doug Robinson,robinson d,1.0,University of Colorado Boulder,250.0,,11/15/17,2018-06-26,2018_CO_Governor_REP,0
2018,CO,Governor,,REP,Walker Stapleton,stapleton w,8.0,University of Colorado Boulder,250.0,,11/15/17,2018-06-26,2018_CO_Governor_REP,1
2018,CO,Governor,,REP,Tom Tancredo,tancredo t,25.0,University of Colorado Boulder,250.0,,11/15/17,2018-06-26,2018_CO_Governor_REP,0
2018,CO,Governor,,REP,George Brauchler,brauchler g,7.000000000000001,Braynard Group,400.0,,9/28/17,2018-06-26,2018_CO_Governor_REP,0
2018,CO,Governor,,REP,Cynthia Coffman,coffman c,6.0,Braynard Group,400.0,,9/28/17,2018-06-26,2018_CO_Governor_REP,0
2018,CO,Governor,,REP,Victor Mitchell,mitchell v,1.0,Braynard Group,400.0,,9/28/17,2018-06-26,2018_CO_Governor_REP,0
2018,CO,Governor,,REP,Doug Robinson,robinson d,0.3,Braynard Group,400.0,,9/28/17,2018-06-26,2018_CO_Governor_REP,0
2018,CO,Governor,,REP,Walker Stapleton,stapleton w,8.5,Braynard Group,400.0,,9/28/17,2018-06-26,2018_CO_Governor_REP,1
2018,CO,Governor,,REP,Tom Tancredo,tancredo t,22.0,Braynard Group,400.0,,9/28/17,2018-06-26,2018_CO_Governor_REP,0
2018,FL,Governor,,REP,Ron DeSantis,desantis r,39.0,Gravis Marketing,579.0,,8/25/18,2018-08-28,2018_FL_Governor_REP,1
2018,FL,Governor,,REP,Adam Putnam,putnam a,27.0,Gravis Marketing,579.0,,8/25/18,2018-08-28,2018_FL_Governor_REP,0
2018,FL,Governor,,REP,Bob White,white b,6.0,Gravis Marketing,579.0,,8/25/18,2018-08-28,2018_FL_Governor_REP,0
2018,FL,Governor,,REP,Ron DeSantis,desantis r,56.00000000000001,St. Pete Polls,2141.0,,8/23/18,2018-08-28,2018_FL_Governor_REP,1
2018,FL,Governor,,REP,Adam Putnam,putnam a,33.0,St. Pete Polls,2141.0,,8/23/18,2018-08-28,2018_FL_Governor_REP,0
2018,FL,Governor,,REP,Bob White,white b,3.0,St. Pete Polls,2141.0,,8/23/18,2018-08-28,2018_FL_Governor_REP,0
2018,FL,Governor,,REP,Ron DeSantis,desantis r,39.0,Gravis Marketing,321.0,,8/22/18,2018-08-28,2018_FL_Governor_REP,1
2018,FL,Governor,,REP,Adam Putnam,putnam a,24.0,Gravis Marketing,321.0,,8/22/18,2018-08-28,2018_FL_Governor_REP,0
2018,FL,Governor,,REP,Bob White,white b,6.0,Gravis Marketing,321.0,,8/22/18,2018-08-28,2018_FL_Governor_REP,0
2018,FL,Governor,,REP,Ron DeSantis,desantis r,32.0,Florida Atlantic University,222.0,,8/20/18,2018-08-28,2018_FL_Governor_REP,1
2018,FL,Governor,,REP,Adam Putnam,putnam a,31.0,Florida Atlantic University,222.0,,8/20/18,2018-08-28,2018_FL_Governor_REP,0
2018,FL,Governor,,REP,Bob White,white b,2.0,Florida Atlantic University,222.0,,8/20/18,2018-08-28,2018_FL_Governor_REP,0
2018,FL,Governor,,REP,Ron DeSantis,desantis r,41.0,Saint Leo University,172.0,,8/16/18,2018-08-28,2018_FL_Governor_REP,1
2018,FL,Governor,,REP,Adam Putnam,putnam a,52.0,Saint Leo University,172.0,,8/16/18,2018-08-28,2018_FL_Governor_REP,0
2018,FL,Governor,,REP,Ron DeSantis,desantis r,40.0,SurveyUSA,558.0,,8/13/18,2018-08-28,2018_FL_Governor_REP,1
2018,FL,Governor,,REP,Adam Putnam,putnam a,38.0,SurveyUSA,558.0,,8/13/18,2018-08-28,2018_FL_Governor_REP,0
2018,FL,Governor,,REP,Bob White,white b,2.0,SurveyUSA,558.0,,8/13/18,2018-08-28,2018_FL_Governor_REP,0
2018,FL,Governor,,REP,Ron DeSantis,desantis r,50.0,North Star Opinion Research (R-DeSantis),600.0,,8/7/18,2018-08-28,2018_FL_Governor_REP,1
2018,FL,Governor,,REP,Adam Putnam,putnam a,30.0,North Star Opinion Research (R-DeSantis),600.0,,8/7/18,2018-08-28,2018_FL_Governor_REP,0
2018,FL,Governor,,REP,Ron DeSantis,desantis r,41.0,Mason-Dixon,500.0,,7/25/18,2018-08-28,2018_FL_Governor_REP,1
2018,FL,Governor,,REP,Adam Putnam,putnam a,28.999999999999996,Mason-Dixon,500.0,,7/25/18,2018-08-28,2018_FL_Governor_REP,0
2018,FL,Governor,,REP,Bob White,white b,0.0,Mason-Dixon,500.0,,7/25/18,2018-08-28,2018_FL_Governor_REP,0
2018,FL,Governor,,REP,Ron DeSantis,desantis r,36.0,Florida Atlantic University,262.0,,7/21/18,2018-08-28,2018_FL_Governor_REP,1
2018,FL,Governor,,REP,Adam Putnam,putnam a,27.0,Florida Atlantic University,262.0,,7/21/18,2018-08-28,2018_FL_Governor_REP,0
2018,FL,Governor,,REP,Bob White,white b,3.0,Florida Atlantic University,262.0,,7/21/18,2018-08-28,2018_FL_Governor_REP,0
2018,FL,Governor,,REP,Ron DeSantis,desantis r,38.0,Clearview Research,700.0,,7/19/18,2018-08-28,2018_FL_Governor_REP,1
2018,FL,Governor,,REP,Adam Putnam,putnam a,39.0,Clearview Research,700.0,,7/19/18,2018-08-28,2018_FL_Governor_REP,0
2018,FL,Governor,,REP,Ron DeSantis,desantis r,50.0,St. Pete Polls,1709.0,,7/17/18,2018-08-28,2018_FL_Governor_REP,1
2018,FL,Governor,,REP,Adam Putnam,putnam a,30.0,St. Pete Polls,1709.0,,7/17/18,2018-08-28,2018_FL_Governor_REP,0
2018,FL,Governor,,REP,Bob White,white b,4.0,St. Pete Polls,1709.0,,7/17/18,2018-08-28,2018_FL_Governor_REP,0
2018,FL,Governor,,REP,Ron DeSantis,desantis r,35.0,Gravis Marketing,905.0,,7/14/18,2018-08-28,2018_FL_Governor_REP,1
2018,FL,Governor,,REP,Adam Putnam,putnam a,28.999999999999996,Gravis Marketing,905.0,,7/14/18,2018-08-28,2018_FL_Governor_REP,0
2018,FL,Governor,,REP,Bob White,white b,4.0,Gravis Marketing,905.0,,7/14/18,2018-08-28,2018_FL_Governor_REP,0
2018,FL,Governor,,REP,Ron DeSantis,desantis r,42.0,"Fabrizio, Lee and Associates",349.0,,7/12/18,2018-08-28,2018_FL_Governor_REP,1
2018,FL,Governor,,REP,Adam Putnam,putnam a,30.0,"Fabrizio, Lee and Associates",349.0,,7/12/18,2018-08-28,2018_FL_Governor_REP,0
2018,FL,Governor,,REP,Ron DeSantis,desantis r,43.0,Remington (R-Tenth Amendment Project),2826.0,,7/5/18,2018-08-28,2018_FL_Governor_REP,1
2018,FL,Governor,,REP,Adam Putnam,putnam a,26.0,Remington (R-Tenth Amendment Project),2826.0,,7/5/18,2018-08-28,2018_FL_Governor_REP,0
2018,FL,Governor,,REP,Ron DeSantis,desantis r,47.0,1892 Polling (R-DeSantis),800.0,,7/2/18,2018-08-28,2018_FL_Governor_REP,1
2018,FL,Governor,,REP,Adam Putnam,putnam a,28.000000000000004,1892 Polling (R-DeSantis),800.0,,7/2/18,2018-08-28,2018_FL_Governor_REP,0
2018,FL,Governor,,REP,Ron DeSantis,desantis r,21.0,Marist College,326.0,,6/21/18,2018-08-28,2018_FL_Governor_REP,1
2018,FL,Governor,,REP,Adam Putnam,putnam a,38.0,Marist College,326.0,,6/21/18,2018-08-28,2018_FL_Governor_REP,0
2018,FL,Governor,,REP,Ron DeSantis,desantis r,17.0,Fox News,901.0,,6/19/18,2018-08-28,2018_FL_Governor_REP,1
2018,FL,Governor,,REP,Adam Putnam,putnam a,32.0,Fox News,901.0,,6/19/18,2018-08-28,2018_FL_Governor_REP,0
2018,FL,Governor,,REP,Bob White,white b,3.0,Fox News,901.0,,6/19/18,2018-08-28,2018_FL_Governor_REP,0
2018,FL,Governor,,REP,Richard Corcoran,corcoran r,4.0,Gravis Marketing,543.0,,6/15/18,2018-08-28,2018_FL_Governor_REP,0
2018,FL,Governor,,REP,Ron DeSantis,desantis r,19.0,Gravis Marketing,543.0,,6/15/18,2018-08-28,2018_FL_Governor_REP,1
2018,FL,Governor,,REP,Adam Putnam,putnam a,28.999999999999996,Gravis Marketing,543.0,,6/15/18,2018-08-28,2018_FL_Governor_REP,0
2018,FL,Governor,,REP,Bob White,white b,5.0,Gravis Marketing,543.0,,6/15/18,2018-08-28,2018_FL_Governor_REP,0
2018,FL,Governor,,REP,Ron DeSantis,desantis r,15.0,Cherry Communications,501.0,,6/9/18,2018-08-28,2018_FL_Governor_REP,1
2018,FL,Governor,,REP,Adam Putnam,putnam a,32.0,Cherry Communications,501.0,,6/9/18,2018-08-28,2018_FL_Governor_REP,0
2018,FL,Governor,,REP,Ron DeSantis,desantis r,13.0,Saint Leo University,175.0,,5/31/18,2018-08-28,2018_FL_Governor_REP,1
2018,FL,Governor,,REP,Adam Putnam,putnam a,35.0,Saint Leo University,175.0,,5/31/18,2018-08-28,2018_FL_Governor_REP,0
2018,FL,Governor,,REP,Ron DeSantis,desantis r,16.0,Florida Atlantic University,371.0,,5/7/18,2018-08-28,2018_FL_Governor_REP,1
2018,FL,Governor,,REP,Adam Putnam,putnam a,15.0,Florida Atlantic University,371.0,,5/7/18,2018-08-28,2018_FL_Governor_REP,0
2018,FL,Governor,,REP,Bob White,white b,3.0,Florida Atlantic University,371.0,,5/7/18,2018-08-28,2018_FL_Governor_REP,0
2018,FL,Governor,,REP,Richard Corcoran,corcoran r,7.000000000000001,1892 Polling (R-DeSantis),800.0,,4/23/18,2018-08-28,2018_FL_Governor_REP,0
2018,FL,Governor,,REP,Ron DeSantis,desantis r,30.0,1892 Polling (R-DeSantis),800.0,,4/23/18,2018-08-28,2018_FL_Governor_REP,1
2018,FL,Governor,,REP,Adam Putnam,putnam a,23.0,1892 Polling (R-DeSantis),800.0,,4/23/18,2018-08-28,2018_FL_Governor_REP,0
2018,FL,Governor,,REP,Richard Corcoran,corcoran r,3.0,Gravis Marketing,,,3/19/18,2018-08-28,2018_FL_Governor_REP,0
2018,FL,Governor,,REP,Ron DeSantis,desantis r,19.0,Gravis Marketing,,,3/19/18,2018-08-28,2018_FL_Governor_REP,1
2018,FL,Governor,,REP,Jack Latvala,latvala j,0.0,Gravis Marketing,,,3/19/18,2018-08-28,2018_FL_Governor_REP,0
2018,FL,Governor,,REP,Adam Putnam,putnam a,17.0,Gravis Marketing,,,3/19/18,2018-08-28,2018_FL_Governor_REP,0
2018,FL,Governor,,REP,Bob White,white b,0.0,Gravis Marketing,,,3/19/18,2018-08-28,2018_FL_Governor_REP,0
2018,FL,Governor,,REP,Richard Corcoran,corcoran r,6.0,North Star Opinion Research (R-DeSantis),600.0,,3/15/18,2018-08-28,2018_FL_Governor_REP,0
2018,FL,Governor,,REP,Ron DeSantis,desantis r,21.0,North Star Opinion Research (R-DeSantis),600.0,,3/15/18,2018-08-28,2018_FL_Governor_REP,1
2018,FL,Governor,,REP,Adam Putnam,putnam a,19.0,North Star Opinion Research (R-DeSantis),600.0,,3/15/18,2018-08-28,2018_FL_Governor_REP,0
2018,FL,Governor,,REP,Richard Corcoran,corcoran r,7.000000000000001,Saint Leo University,175.0,,2/24/18,2018-08-28,2018_FL_Governor_REP,0
2018,FL,Governor,,REP,Ron DeSantis,desantis r,14.000000000000002,Saint Leo University,175.0,,2/24/18,2018-08-28,2018_FL_Governor_REP,1
2018,FL,Governor,,REP,Jack Latvala,latvala j,3.0,Saint Leo University,175.0,,2/24/18,2018-08-28,2018_FL_Governor_REP,0
2018,FL,Governor,,REP,Adam Putnam,putnam a,15.0,Saint Leo University,175.0,,2/24/18,2018-08-28,2018_FL_Governor_REP,0
2018,FL,Governor,,REP,Bob White,white b,5.0,Saint Leo University,175.0,,2/24/18,2018-08-28,2018_FL_Governor_REP,0
2018,FL,Governor,,REP,Richard Corcoran,corcoran r,3.0,Gravis Marketing,,,2/18/18,2018-08-28,2018_FL_Governor_REP,0
2018,FL,Governor,,REP,Ron DeSantis,desantis r,16.0,Gravis Marketing,,,2/18/18,2018-08-28,2018_FL_Governor_REP,1
2018,FL,Governor,,REP,Jack Latvala,latvala j,0.0,Gravis Marketing,,,2/18/18,2018-08-28,2018_FL_Governor_REP,0
2018,FL,Governor,,REP,Adam Putnam,putnam a,18.0,Gravis Marketing,,,2/18/18,2018-08-28,2018_FL_Governor_REP,0
2018,FL,Governor,,REP,Bob White,white b,2.0,Gravis Marketing,,,2/18/18,2018-08-28,2018_FL_Governor_REP,0
2018,FL,Governor,,REP,Richard Corcoran,corcoran r,7.000000000000001,Mason-Dixon,500.0,,2/1/18,2018-08-28,2018_FL_Governor_REP,0
2018,FL,Governor,,REP,Ron DeSantis,desantis r,23.0,Mason-Dixon,500.0,,2/1/18,2018-08-28,2018_FL_Governor_REP,1
2018,FL,Governor,,REP,Adam Putnam,putnam a,27.0,Mason-Dixon,500.0,,2/1/18,2018-08-28,2018_FL_Governor_REP,0
2018,FL,Governor,,REP,Richard Corcoran,corcoran r,3.0,Remington,1423.0,,12/31/17,2018-08-28,2018_FL_Governor_REP,0
2018,FL,Governor,,REP,Ron DeSantis,desantis r,28.000000000000004,Remington,1423.0,,12/31/17,2018-08-28,2018_FL_Governor_REP,1
2018,FL,Governor,,REP,Adam Putnam,putnam a,25.0,Remington,1423.0,,12/31/17,2018-08-28,2018_FL_Governor_REP,0
2018,FL,Governor,,REP,Richard Corcoran,corcoran r,2.0,Gravis Marketing,,,12/24/17,2018-08-28,2018_FL_Governor_REP,0
2018,FL,Governor,,REP,Ron DeSantis,desantis r,12.0,Gravis Marketing,,,12/24/17,2018-08-28,2018_FL_Governor_REP,1
2018,FL,Governor,,REP,Jack Latvala,latvala j,2.0,Gravis Marketing,,,12/24/17,2018-08-28,2018_FL_Governor_REP,0
2018,FL,Governor,,REP,Adam Putnam,putnam a,23.0,Gravis Marketing,,,12/24/17,2018-08-28,2018_FL_Governor_REP,0
2018,FL,Governor,,REP,Bob White,white b,1.0,Gravis Marketing,,,12/24/17,2018-08-28,2018_FL_Governor_REP,0
2018,FL,Governor,,REP,Richard Corcoran,corcoran r,5.0,Saint Leo University,166.0,,11/24/17,2018-08-28,2018_FL_Governor_REP,0
2018,FL,Governor,,REP,Ron DeSantis,desantis r,15.0,Saint Leo University,166.0,,11/24/17,2018-08-28,2018_FL_Governor_REP,1
2018,FL,Governor,,REP,Jack Latvala,latvala j,4.0,Saint Leo University,166.0,,11/24/17,2018-08-28,2018_FL_Governor_REP,0
2018,FL,Governor,,REP,Adam Putnam,putnam a,10.0,Saint Leo University,166.0,,11/24/17,2018-08-28,2018_FL_Governor_REP,0
2018,FL,Governor,,REP,Bob White,white b,63.0,Saint Leo University,166.0,,11/24/17,2018-08-28,2018_FL_Governor_REP,0
2018,FL,Governor,,REP,Richard Corcoran,corcoran r,1.0,Cherry Communications,256.0,,9/24/17,2018-08-28,2018_FL_Governor_REP,0
2018,FL,Governor,,REP,Ron DeSantis,desantis r,9.0,Cherry Communications,256.0,,9/24/17,2018-08-28,2018_FL_Governor_REP,1
2018,FL,Governor,,REP,Jack Latvala,latvala j,26.0,Cherry Communications,256.0,,9/24/17,2018-08-28,2018_FL_Governor_REP,0
2018,FL,Governor,,REP,Bob White,white b,3.0,Cherry Communications,256.0,,9/24/17,2018-08-28,2018_FL_Governor_REP,0
2018,FL,Governor,,REP,Richard Corcoran,corcoran r,4.0,Saint Leo University,173.0,,9/16/17,2018-08-28,2018_FL_Governor_REP,0
2018,FL,Governor,,REP,Ron DeSantis,desantis r,7.000000000000001,Saint Leo University,173.0,,9/16/17,2018-08-28,2018_FL_Governor_REP,1
2018,FL,Governor,,REP,Jack Latvala,latvala j,20.0,Saint Leo University,173.0,,9/16/17,2018-08-28,2018_FL_Governor_REP,0
2018,FL,Governor,,REP,Adam Putnam,putnam a,2.0,Saint Leo University,173.0,,9/16/17,2018-08-28,2018_FL_Governor_REP,0
2018,FL,Governor,,REP,Bob White,white b,11.0,Saint Leo University,173.0,,9/16/17,2018-08-28,2018_FL_Governor_REP,0
2018,FL,Governor,,REP,Richard Corcoran,corcoran r,10.0,Florida Atlantic University,304.0,,8/26/17,2018-08-28,2018_FL_Governor_REP,0
2018,FL,Governor,,REP,Ron DeSantis,desantis r,9.0,Florida Atlantic University,304.0,,8/26/17,2018-08-28,2018_FL_Governor_REP,1
2018,FL,Governor,,REP,Jack Latvala,latvala j,27.0,Florida Atlantic University,304.0,,8/26/17,2018-08-28,2018_FL_Governor_REP,0
2018,FL,Governor,,REP,Rick Baker,baker r,2.0,Gravis Marketing,,,3/29/17,2018-08-28,2018_FL_Governor_REP,0
2018,FL,Governor,,REP,Richard Corcoran,corcoran r,5.0,Gravis Marketing,,,3/29/17,2018-08-28,2018_FL_Governor_REP,0
2018,FL,Governor,,REP,David Jolly,jolly d,5.0,Gravis Marketing,,,3/29/17,2018-08-28,2018_FL_Governor_REP,0
2018,FL,Governor,,REP,Jack Latvala,latvala j,4.0,Gravis Marketing,,,3/29/17,2018-08-28,2018_FL_Governor_REP,0
2018,FL,Governor,,REP,Adam Putnam,putnam a,21.0,Gravis Marketing,,,3/29/17,2018-08-28,2018_FL_Governor_REP,0
2018,FL,Governor,,REP,Rick Baker,baker r,6.0,Saint Leo University,175.0,,3/11/17,2018-08-28,2018_FL_Governor_REP,0
2018,FL,Governor,,REP,Richard Corcoran,corcoran r,5.0,Saint Leo University,175.0,,3/11/17,2018-08-28,2018_FL_Governor_REP,0
2018,FL,Governor,,REP,Mike Huckabee,huckabee m,30.0,Saint Leo University,175.0,,3/11/17,2018-08-28,2018_FL_Governor_REP,0
2018,FL,Governor,,REP,Usha Jain,jain u,2.0,Saint Leo University,175.0,,3/11/17,2018-08-28,2018_FL_Governor_REP,0
2018,FL,Governor,,REP,Jack Latvala,latvala j,3.0,Saint Leo University,175.0,,3/11/17,2018-08-28,2018_FL_Governor_REP,0
2018,FL,Governor,,REP,Adam Putnam,putnam a,13.0,Saint Leo University,175.0,,3/11/17,2018-08-28,2018_FL_Governor_REP,0
2018,FL,Governor,,REP,Richard Corcoran,corcoran r,4.0,Associated Industries of Florida,800.0,,2/17/17,2018-08-28,2018_FL_Governor_REP,0
2018,FL,Governor,,REP,Adam Putnam,putnam a,22.0,Associated Industries of Florida,800.0,,2/17/17,2018-08-28,2018_FL_Governor_REP,0
2018,FL,Governor,,REP,Adam Putnam,putnam a,22.0,Cherry Communications,,,12/8/16,2018-08-28,2018_FL_Governor_REP,0
2018,FL,Governor,,REP,Jeff Atwater,atwater j,5.0,Saint Leo University,,,11/30/16,2018-08-28,2018_FL_Governor_REP,0
2018,FL,Governor,,REP,Rick Baker,baker r,1.0,Saint Leo University,,,11/30/16,2018-08-28,2018_FL_Governor_REP,0
2018,FL,Governor,,REP,Richard Corcoran,corcoran r,2.0,Saint Leo University,,,11/30/16,2018-08-28,2018_FL_Governor_REP,0
2018,FL,Governor,,REP,Mike Huckabee,huckabee m,32.0,Saint Leo University,,,11/30/16,2018-08-28,2018_FL_Governor_REP,0
2018,FL,Governor,,REP,Adam Putnam,putnam a,6.0,Saint Leo University,,,11/30/16,2018-08-28,2018_FL_Governor_REP,0
2018,FL,Governor,,REP,Will Weatherford,weatherford w,1.0,Saint Leo University,,,11/30/16,2018-08-28,2018_FL_Governor_REP,0
2018,FL,Governor,,REP,Jeff Atwater,atwater j,7.000000000000001,StPetePolls.org,1835.0,,8/2/16,2018-08-28,2018_FL_Governor_REP,0
2018,FL,Governor,,REP,Rick Baker,baker r,3.0,StPetePolls.org,1835.0,,8/2/16,2018-08-28,2018_FL_Governor_REP,0
2018,FL,Governor,,REP,Pam Bondi,bondi p,26.0,StPetePolls.org,1835.0,,8/2/16,2018-08-28,2018_FL_Governor_REP,0
2018,FL,Governor,,REP,Richard Corcoran,corcoran r,1.0,StPetePolls.org,1835.0,,8/2/16,2018-08-28,2018_FL_Governor_REP,0
2018,FL,Governor,,REP,Mike Huckabee,huckabee m,37.0,StPetePolls.org,1835.0,,8/2/16,2018-08-28,2018_FL_Governor_REP,0
2018,FL,Governor,,REP,Adam Putnam,putnam a,8.0,StPetePolls.org,1835.0,,8/2/16,2018-08-28,2018_FL_Governor_REP,0
2018,FL,Governor,,REP,Will Weatherford,weatherford w,1.0,StPetePolls.org,1835.0,,8/2/16,2018-08-28,2018_FL_Governor_REP,0
2018,FL,Governor,,DEM,Andrew Gillum,gillum a,25.0,St. Pete Polls,2342.0,,8/26/18,2018-08-28,2018_FL_Governor_DEM,1
2018,FL,Governor,,DEM,Gwen Graham,graham g,32.0,St. Pete Polls,2342.0,,8/26/18,2018-08-28,2018_FL_Governor_DEM,0
2018,FL,Governor,,DEM,Jeff Greene,greene j,11.0,St. Pete Polls,2342.0,,8/26/18,2018-08-28,2018_FL_Governor_DEM,0
2018,FL,Governor,,DEM,Chris King,king c,2.0,St. Pete Polls,2342.0,,8/26/18,2018-08-28,2018_FL_Governor_DEM,0
2018,FL,Governor,,DEM,Philip Levine,levine p,22.0,St. Pete Polls,2342.0,,8/26/18,2018-08-28,2018_FL_Governor_DEM,0
2018,FL,Governor,,DEM,Andrew Gillum,gillum a,16.0,Gravis Marketing,531.0,,8/25/18,2018-08-28,2018_FL_Governor_DEM,1
2018,FL,Governor,,DEM,Gwen Graham,graham g,26.0,Gravis Marketing,531.0,,8/25/18,2018-08-28,2018_FL_Governor_DEM,0
2018,FL,Governor,,DEM,Jeff Greene,greene j,19.0,Gravis Marketing,531.0,,8/25/18,2018-08-28,2018_FL_Governor_DEM,0
2018,FL,Governor,,DEM,Chris King,king c,5.0,Gravis Marketing,531.0,,8/25/18,2018-08-28,2018_FL_Governor_DEM,0
2018,FL,Governor,,DEM,Philip Levine,levine p,18.0,Gravis Marketing,531.0,,8/25/18,2018-08-28,2018_FL_Governor_DEM,0
2018,FL,Governor,,DEM,Andrew Gillum,gillum a,15.0,Gravis Marketing,308.0,,8/22/18,2018-08-28,2018_FL_Governor_DEM,1
2018,FL,Governor,,DEM,Gwen Graham,graham g,26.0,Gravis Marketing,308.0,,8/22/18,2018-08-28,2018_FL_Governor_DEM,0
2018,FL,Governor,,DEM,Jeff Greene,greene j,19.0,Gravis Marketing,308.0,,8/22/18,2018-08-28,2018_FL_Governor_DEM,0
2018,FL,Governor,,DEM,Chris King,king c,5.0,Gravis Marketing,308.0,,8/22/18,2018-08-28,2018_FL_Governor_DEM,0
2018,FL,Governor,,DEM,Philip Levine,levine p,18.0,Gravis Marketing,308.0,,8/22/18,2018-08-28,2018_FL_Governor_DEM,0
2018,FL,Governor,,DEM,Andrew Gillum,gillum a,18.0,"Schroth, Eldon and Associates",669.0,,8/21/18,2018-08-28,2018_FL_Governor_DEM,1
2018,FL,Governor,,DEM,Gwen Graham,graham g,25.0,"Schroth, Eldon and Associates",669.0,,8/21/18,2018-08-28,2018_FL_Governor_DEM,0
2018,FL,Governor,,DEM,Jeff Greene,greene j,13.0,"Schroth, Eldon and Associates",669.0,,8/21/18,2018-08-28,2018_FL_Governor_DEM,0
2018,FL,Governor,,DEM,Chris King,king c,2.0,"Schroth, Eldon and Associates",669.0,,8/21/18,2018-08-28,2018_FL_Governor_DEM,0
2018,FL,Governor,,DEM,Philip Levine,levine p,26.0,"Schroth, Eldon and Associates",669.0,,8/21/18,2018-08-28,2018_FL_Governor_DEM,0
2018,FL,Governor,,DEM,Andrew Gillum,gillum a,11.0,Florida Atlantic University,280.0,,8/20/18,2018-08-28,2018_FL_Governor_DEM,1
2018,FL,Governor,,DEM,Gwen Graham,graham g,28.999999999999996,Florida Atlantic University,280.0,,8/20/18,2018-08-28,2018_FL_Governor_DEM,0
2018,FL,Governor,,DEM,Jeff Greene,greene j,11.0,Florida Atlantic University,280.0,,8/20/18,2018-08-28,2018_FL_Governor_DEM,0
2018,FL,Governor,,DEM,Chris King,king c,10.0,Florida Atlantic University,280.0,,8/20/18,2018-08-28,2018_FL_Governor_DEM,0
2018,FL,Governor,,DEM,Philip Levine,levine p,17.0,Florida Atlantic University,280.0,,8/20/18,2018-08-28,2018_FL_Governor_DEM,0
2018,FL,Governor,,DEM,Andrew Gillum,gillum a,33.0,Change Research (D-Gillum),1178.0,,8/19/18,2018-08-28,2018_FL_Governor_DEM,1
2018,FL,Governor,,DEM,Gwen Graham,graham g,22.0,Change Research (D-Gillum),1178.0,,8/19/18,2018-08-28,2018_FL_Governor_DEM,0
2018,FL,Governor,,DEM,Jeff Greene,greene j,10.0,Change Research (D-Gillum),1178.0,,8/19/18,2018-08-28,2018_FL_Governor_DEM,0
2018,FL,Governor,,DEM,Philip Levine,levine p,22.0,Change Research (D-Gillum),1178.0,,8/19/18,2018-08-28,2018_FL_Governor_DEM,0
2018,FL,Governor,,DEM,Andrew Gillum,gillum a,21.0,St. Pete Polls,2202.0,,8/19/18,2018-08-28,2018_FL_Governor_DEM,1
2018,FL,Governor,,DEM,Gwen Graham,graham g,27.0,St. Pete Polls,2202.0,,8/19/18,2018-08-28,2018_FL_Governor_DEM,0
2018,FL,Governor,,DEM,Jeff Greene,greene j,15.0,St. Pete Polls,2202.0,,8/19/18,2018-08-28,2018_FL_Governor_DEM,0
2018,FL,Governor,,DEM,Chris King,king c,3.0,St. Pete Polls,2202.0,,8/19/18,2018-08-28,2018_FL_Governor_DEM,0
2018,FL,Governor,,DEM,Philip Levine,levine p,25.0,St. Pete Polls,2202.0,,8/19/18,2018-08-28,2018_FL_Governor_DEM,0
2018,FL,Governor,,DEM,Andrew Gillum,gillum a,15.0,Saint Leo University,188.0,,8/16/18,2018-08-28,2018_FL_Governor_DEM,1
2018,FL,Governor,,DEM,Gwen Graham,graham g,31.0,Saint Leo University,188.0,,8/16/18,2018-08-28,2018_FL_Governor_DEM,0
2018,FL,Governor,,DEM,Jeff Greene,greene j,17.0,Saint Leo University,188.0,,8/16/18,2018-08-28,2018_FL_Governor_DEM,0
2018,FL,Governor,,DEM,Chris King,king c,5.0,Saint Leo University,188.0,,8/16/18,2018-08-28,2018_FL_Governor_DEM,0
2018,FL,Governor,,DEM,Philip Levine,levine p,22.0,Saint Leo University,188.0,,8/16/18,2018-08-28,2018_FL_Governor_DEM,0
2018,FL,Governor,,DEM,Andrew Gillum,gillum a,15.0,"Schroth, Eldon and Associates",600.0,,8/14/18,2018-08-28,2018_FL_Governor_DEM,1
2018,FL,Governor,,DEM,Gwen Graham,graham g,24.0,"Schroth, Eldon and Associates",600.0,,8/14/18,2018-08-28,2018_FL_Governor_DEM,0
2018,FL,Governor,,DEM,Jeff Greene,greene j,13.0,"Schroth, Eldon and Associates",600.0,,8/14/18,2018-08-28,2018_FL_Governor_DEM,0
2018,FL,Governor,,DEM,Chris King,king c,3.0,"Schroth, Eldon and Associates",600.0,,8/14/18,2018-08-28,2018_FL_Governor_DEM,0
2018,FL,Governor,,DEM,Philip Levine,levine p,27.0,"Schroth, Eldon and Associates",600.0,,8/14/18,2018-08-28,2018_FL_Governor_DEM,0
2018,FL,Governor,,DEM,Andrew Gillum,gillum a,11.0,SurveyUSA,631.0,,8/13/18,2018-08-28,2018_FL_Governor_DEM,1
2018,FL,Governor,,DEM,Gwen Graham,graham g,22.0,SurveyUSA,631.0,,8/13/18,2018-08-28,2018_FL_Governor_DEM,0
2018,FL,Governor,,DEM,Jeff Greene,greene j,16.0,SurveyUSA,631.0,,8/13/18,2018-08-28,2018_FL_Governor_DEM,0
2018,FL,Governor,,DEM,Chris King,king c,3.0,SurveyUSA,631.0,,8/13/18,2018-08-28,2018_FL_Governor_DEM,0
2018,FL,Governor,,DEM,Philip Levine,levine p,22.0,SurveyUSA,631.0,,8/13/18,2018-08-28,2018_FL_Governor_DEM,0
2018,FL,Governor,,DEM,Andrew Gillum,gillum a,13.0,Public Policy Polling (D-Levine),572.0,,8/6/18,2018-08-28,2018_FL_Governor_DEM,1
2018,FL,Governor,,DEM,Gwen Graham,graham g,26.0,Public Policy Polling (D-Levine),572.0,,8/6/18,2018-08-28,2018_FL_Governor_DEM,0
2018,FL,Governor,,DEM,Jeff Greene,greene j,16.0,Public Policy Polling (D-Levine),572.0,,8/6/18,2018-08-28,2018_FL_Governor_DEM,0
2018,FL,Governor,,DEM,Chris King,king c,4.0,Public Policy Polling (D-Levine),572.0,,8/6/18,2018-08-28,2018_FL_Governor_DEM,0
2018,FL,Governor,,DEM,Philip Levine,levine p,22.0,Public Policy Polling (D-Levine),572.0,,8/6/18,2018-08-28,2018_FL_Governor_DEM,0
2018,FL,Governor,,DEM,Andrew Gillum,gillum a,10.0,ALG Research (D-Graham),800.0,,8/2/18,2018-08-28,2018_FL_Governor_DEM,1
2018,FL,Governor,,DEM,Gwen Graham,graham g,33.0,ALG Research (D-Graham),800.0,,8/2/18,2018-08-28,2018_FL_Governor_DEM,0
2018,FL,Governor,,DEM,Jeff Greene,greene j,13.0,ALG Research (D-Graham),800.0,,8/2/18,2018-08-28,2018_FL_Governor_DEM,0
2018,FL,Governor,,DEM,Chris King,king c,3.0,ALG Research (D-Graham),800.0,,8/2/18,2018-08-28,2018_FL_Governor_DEM,0
2018,FL,Governor,,DEM,Philip Levine,levine p,17.0,ALG Research (D-Graham),800.0,,8/2/18,2018-08-28,2018_FL_Governor_DEM,0
2018,FL,Governor,,DEM,Andrew Gillum,gillum a,12.0,St. Pete Polls,1652.0,,7/31/18,2018-08-28,2018_FL_Governor_DEM,1
2018,FL,Governor,,DEM,Gwen Graham,graham g,28.999999999999996,St. Pete Polls,1652.0,,7/31/18,2018-08-28,2018_FL_Governor_DEM,0
2018,FL,Governor,,DEM,Jeff Greene,greene j,23.0,St. Pete Polls,1652.0,,7/31/18,2018-08-28,2018_FL_Governor_DEM,0
2018,FL,Governor,,DEM,Chris King,king c,3.0,St. Pete Polls,1652.0,,7/31/18,2018-08-28,2018_FL_Governor_DEM,0
2018,FL,Governor,,DEM,Philip Levine,levine p,19.0,St. Pete Polls,1652.0,,7/31/18,2018-08-28,2018_FL_Governor_DEM,0
2018,FL,Governor,,DEM,Andrew Gillum,gillum a,10.0,Mason-Dixon,500.0,,7/25/18,2018-08-28,2018_FL_Governor_DEM,1
2018,FL,Governor,,DEM,Gwen Graham,graham g,27.0,Mason-Dixon,500.0,,7/25/18,2018-08-28,2018_FL_Governor_DEM,0
2018,FL,Governor,,DEM,Jeff Greene,greene j,12.0,Mason-Dixon,500.0,,7/25/18,2018-08-28,2018_FL_Governor_DEM,0
2018,FL,Governor,,DEM,Chris King,king c,7.000000000000001,Mason-Dixon,500.0,,7/25/18,2018-08-28,2018_FL_Governor_DEM,0
2018,FL,Governor,,DEM,Philip Levine,levine p,18.0,Mason-Dixon,500.0,,7/25/18,2018-08-28,2018_FL_Governor_DEM,0
2018,FL,Governor,,DEM,Andrew Gillum,gillum a,7.000000000000001,Florida Atlantic University,271.0,,7/21/18,2018-08-28,2018_FL_Governor_DEM,1
2018,FL,Governor,,DEM,Gwen Graham,graham g,20.0,Florida Atlantic University,271.0,,7/21/18,2018-08-28,2018_FL_Governor_DEM,0
2018,FL,Governor,,DEM,Jeff Greene,greene j,14.000000000000002,Florida Atlantic University,271.0,,7/21/18,2018-08-28,2018_FL_Governor_DEM,0
2018,FL,Governor,,DEM,Chris King,king c,9.0,Florida Atlantic University,271.0,,7/21/18,2018-08-28,2018_FL_Governor_DEM,0
2018,FL,Governor,,DEM,Philip Levine,levine p,16.0,Florida Atlantic University,271.0,,7/21/18,2018-08-28,2018_FL_Governor_DEM,0
2018,FL,Governor,,DEM,Andrew Gillum,gillum a,12.0,Associated Industries of Florida,800.0,,7/18/18,2018-08-28,2018_FL_Governor_DEM,1
2018,FL,Governor,,DEM,Gwen Graham,graham g,24.0,Associated Industries of Florida,800.0,,7/18/18,2018-08-28,2018_FL_Governor_DEM,0
2018,FL,Governor,,DEM,Jeff Greene,greene j,13.0,Associated Industries of Florida,800.0,,7/18/18,2018-08-28,2018_FL_Governor_DEM,0
2018,FL,Governor,,DEM,Chris King,king c,4.0,Associated Industries of Florida,800.0,,7/18/18,2018-08-28,2018_FL_Governor_DEM,0
2018,FL,Governor,,DEM,Philip Levine,levine p,16.0,Associated Industries of Florida,800.0,,7/18/18,2018-08-28,2018_FL_Governor_DEM,0
2018,FL,Governor,,DEM,Andrew Gillum,gillum a,15.0,Frederick Polls,506.0,,7/1/18,2018-08-28,2018_FL_Governor_DEM,1
2018,FL,Governor,,DEM,Gwen Graham,graham g,28.000000000000004,Frederick Polls,506.0,,7/1/18,2018-08-28,2018_FL_Governor_DEM,0
2018,FL,Governor,,DEM,Jeff Greene,greene j,23.0,Frederick Polls,506.0,,7/1/18,2018-08-28,2018_FL_Governor_DEM,0
2018,FL,Governor,,DEM,Chris King,king c,7.000000000000001,Frederick Polls,506.0,,7/1/18,2018-08-28,2018_FL_Governor_DEM,0
2018,FL,Governor,,DEM,Philip Levine,levine p,27.0,Frederick Polls,506.0,,7/1/18,2018-08-28,2018_FL_Governor_DEM,0
2018,FL,Governor,,DEM,Andrew Gillum,gillum a,10.0,St. Pete Polls,1314.0,,7/15/18,2018-08-28,2018_FL_Governor_DEM,1
2018,FL,Governor,,DEM,Gwen Graham,graham g,22.0,St. Pete Polls,1314.0,,7/15/18,2018-08-28,2018_FL_Governor_DEM,0
2018,FL,Governor,,DEM,Jeff Greene,greene j,22.0,St. Pete Polls,1314.0,,7/15/18,2018-08-28,2018_FL_Governor_DEM,0
2018,FL,Governor,,DEM,Chris King,king c,3.0,St. Pete Polls,1314.0,,7/15/18,2018-08-28,2018_FL_Governor_DEM,0
2018,FL,Governor,,DEM,Philip Levine,levine p,19.0,St. Pete Polls,1314.0,,7/15/18,2018-08-28,2018_FL_Governor_DEM,0
2018,FL,Governor,,DEM,Andrew Gillum,gillum a,10.0,Gravis Marketing,1540.0,,7/14/18,2018-08-28,2018_FL_Governor_DEM,1
2018,FL,Governor,,DEM,Gwen Graham,graham g,27.0,Gravis Marketing,1540.0,,7/14/18,2018-08-28,2018_FL_Governor_DEM,0
2018,FL,Governor,,DEM,Jeff Greene,greene j,18.0,Gravis Marketing,1540.0,,7/14/18,2018-08-28,2018_FL_Governor_DEM,0
2018,FL,Governor,,DEM,Philip Levine,levine p,17.0,Gravis Marketing,1540.0,,7/14/18,2018-08-28,2018_FL_Governor_DEM,0
2018,FL,Governor,,DEM,Andrew Gillum,gillum a,8.0,Marist College,344.0,,6/21/18,2018-08-28,2018_FL_Governor_DEM,1
2018,FL,Governor,,DEM,Gwen Graham,graham g,17.0,Marist College,344.0,,6/21/18,2018-08-28,2018_FL_Governor_DEM,0
2018,FL,Governor,,DEM,Jeff Greene,greene j,4.0,Marist College,344.0,,6/21/18,2018-08-28,2018_FL_Governor_DEM,0
2018,FL,Governor,,DEM,Chris King,king c,3.0,Marist College,344.0,,6/21/18,2018-08-28,2018_FL_Governor_DEM,0
2018,FL,Governor,,DEM,Philip Levine,levine p,19.0,Marist College,344.0,,6/21/18,2018-08-28,2018_FL_Governor_DEM,0
2018,FL,Governor,,DEM,Andrew Gillum,gillum a,8.0,RABA Research,660.0,,6/16/18,2018-08-28,2018_FL_Governor_DEM,1
2018,FL,Governor,,DEM,Gwen Graham,graham g,26.0,RABA Research,660.0,,6/16/18,2018-08-28,2018_FL_Governor_DEM,0
2018,FL,Governor,,DEM,Jeff Greene,greene j,3.0,RABA Research,660.0,,6/16/18,2018-08-28,2018_FL_Governor_DEM,0
2018,FL,Governor,,DEM,Chris King,king c,15.0,RABA Research,660.0,,6/16/18,2018-08-28,2018_FL_Governor_DEM,0
2018,FL,Governor,,DEM,Philip Levine,levine p,27.0,RABA Research,660.0,,6/16/18,2018-08-28,2018_FL_Governor_DEM,0
2018,FL,Governor,,DEM,Andrew Gillum,gillum a,28.999999999999996,Gravis Marketing,485.0,,6/15/18,2018-08-28,2018_FL_Governor_DEM,1
2018,FL,Governor,,DEM,Gwen Graham,graham g,24.0,Gravis Marketing,485.0,,6/15/18,2018-08-28,2018_FL_Governor_DEM,0
2018,FL,Governor,,DEM,Chris King,king c,3.0,Gravis Marketing,485.0,,6/15/18,2018-08-28,2018_FL_Governor_DEM,0
2018,FL,Governor,,DEM,Philip Levine,levine p,17.0,Gravis Marketing,485.0,,6/15/18,2018-08-28,2018_FL_Governor_DEM,0
2018,FL,Governor,,DEM,Andrew Gillum,gillum a,11.0,Let's Preserve the American Dream,800.0,,6/9/18,2018-08-28,2018_FL_Governor_DEM,1
2018,FL,Governor,,DEM,Gwen Graham,graham g,21.0,Let's Preserve the American Dream,800.0,,6/9/18,2018-08-28,2018_FL_Governor_DEM,0
2018,FL,Governor,,DEM,Jeff Greene,greene j,3.0,Let's Preserve the American Dream,800.0,,6/9/18,2018-08-28,2018_FL_Governor_DEM,0
2018,FL,Governor,,DEM,Chris King,king c,4.0,Let's Preserve the American Dream,800.0,,6/9/18,2018-08-28,2018_FL_Governor_DEM,0
2018,FL,Governor,,DEM,Philip Levine,levine p,24.0,Let's Preserve the American Dream,800.0,,6/9/18,2018-08-28,2018_FL_Governor_DEM,0
2018,FL,Governor,,DEM,Andrew Gillum,gillum a,11.0,"Schroth, Eldon and Associates",600.0,,6/5/18,2018-08-28,2018_FL_Governor_DEM,1
2018,FL,Governor,,DEM,Gwen Graham,graham g,16.0,"Schroth, Eldon and Associates",600.0,,6/5/18,2018-08-28,2018_FL_Governor_DEM,0
2018,FL,Governor,,DEM,Jeff Greene,greene j,4.0,"Schroth, Eldon and Associates",600.0,,6/5/18,2018-08-28,2018_FL_Governor_DEM,0
2018,FL,Governor,,DEM,Chris King,king c,6.0,"Schroth, Eldon and Associates",600.0,,6/5/18,2018-08-28,2018_FL_Governor_DEM,0
2018,FL,Governor,,DEM,Philip Levine,levine p,32.0,"Schroth, Eldon and Associates",600.0,,6/5/18,2018-08-28,2018_FL_Governor_DEM,0
2018,FL,Governor,,DEM,Andrew Gillum,gillum a,10.0,Saint Leo University,195.0,,5/31/18,2018-08-28,2018_FL_Governor_DEM,1
2018,FL,Governor,,DEM,Gwen Graham,graham g,14.000000000000002,Saint Leo University,195.0,,5/31/18,2018-08-28,2018_FL_Governor_DEM,0
2018,FL,Governor,,DEM,Chris King,king c,6.0,Saint Leo University,195.0,,5/31/18,2018-08-28,2018_FL_Governor_DEM,0
2018,FL,Governor,,DEM,Philip Levine,levine p,14.000000000000002,Saint Leo University,195.0,,5/31/18,2018-08-28,2018_FL_Governor_DEM,0
2018,FL,Governor,,DEM,Andrew Gillum,gillum a,12.0,Public Policy Polling (D-Levine),583.0,,5/22/18,2018-08-28,2018_FL_Governor_DEM,1
2018,FL,Governor,,DEM,Gwen Graham,graham g,20.0,Public Policy Polling (D-Levine),583.0,,5/22/18,2018-08-28,2018_FL_Governor_DEM,0
2018,FL,Governor,,DEM,Chris King,king c,6.0,Public Policy Polling (D-Levine),583.0,,5/22/18,2018-08-28,2018_FL_Governor_DEM,0
2018,FL,Governor,,DEM,Philip Levine,levine p,30.0,Public Policy Polling (D-Levine),583.0,,5/22/18,2018-08-28,2018_FL_Governor_DEM,0
2018,FL,Governor,,DEM,Andrew Gillum,gillum a,13.0,Change Research (D-Gillum),1107.0,,5/11/18,2018-08-28,2018_FL_Governor_DEM,1
2018,FL,Governor,,DEM,Gwen Graham,graham g,13.0,Change Research (D-Gillum),1107.0,,5/11/18,2018-08-28,2018_FL_Governor_DEM,0
2018,FL,Governor,,DEM,Chris King,king c,3.0,Change Research (D-Gillum),1107.0,,5/11/18,2018-08-28,2018_FL_Governor_DEM,0
2018,FL,Governor,,DEM,Philip Levine,levine p,20.0,Change Research (D-Gillum),1107.0,,5/11/18,2018-08-28,2018_FL_Governor_DEM,0
2018,FL,Governor,,DEM,Andrew Gillum,gillum a,6.0,Florida Atlantic University,372.0,,5/7/18,2018-08-28,2018_FL_Governor_DEM,1
2018,FL,Governor,,DEM,Gwen Graham,graham g,15.0,Florida Atlantic University,372.0,,5/7/18,2018-08-28,2018_FL_Governor_DEM,0
2018,FL,Governor,,DEM,Chris King,king c,10.0,Florida Atlantic University,372.0,,5/7/18,2018-08-28,2018_FL_Governor_DEM,0
2018,FL,Governor,,DEM,Philip Levine,levine p,16.0,Florida Atlantic University,372.0,,5/7/18,2018-08-28,2018_FL_Governor_DEM,0
2018,FL,Governor,,DEM,Andrew Gillum,gillum a,8.0,Public Policy Polling (D-EDGE Comms.),491.0,,4/11/18,2018-08-28,2018_FL_Governor_DEM,1
2018,FL,Governor,,DEM,Gwen Graham,graham g,23.0,Public Policy Polling (D-EDGE Comms.),491.0,,4/11/18,2018-08-28,2018_FL_Governor_DEM,0
2018,FL,Governor,,DEM,Chris King,king c,4.0,Public Policy Polling (D-EDGE Comms.),491.0,,4/11/18,2018-08-28,2018_FL_Governor_DEM,0
2018,FL,Governor,,DEM,Philip Levine,levine p,28.999999999999996,Public Policy Polling (D-EDGE Comms.),491.0,,4/11/18,2018-08-28,2018_FL_Governor_DEM,0
2018,FL,Governor,,DEM,Andrew Gillum,gillum a,8.0,Public Policy Polling,613.0,,3/25/18,2018-08-28,2018_FL_Governor_DEM,1
2018,FL,Governor,,DEM,Gwen Graham,graham g,19.0,Public Policy Polling,613.0,,3/25/18,2018-08-28,2018_FL_Governor_DEM,0
2018,FL,Governor,,DEM,Chris King,king c,5.0,Public Policy Polling,613.0,,3/25/18,2018-08-28,2018_FL_Governor_DEM,0
2018,FL,Governor,,DEM,Philip Levine,levine p,22.0,Public Policy Polling,613.0,,3/25/18,2018-08-28,2018_FL_Governor_DEM,0
2018,FL,Governor,,DEM,Andrew Gillum,gillum a,11.0,Gravis Marketing,,,3/19/18,2018-08-28,2018_FL_Governor_DEM,1
2018,FL,Governor,,DEM,Gwen Graham,graham g,9.0,Gravis Marketing,,,3/19/18,2018-08-28,2018_FL_Governor_DEM,0
2018,FL,Governor,,DEM,Jeff Greene,greene j,2.0,Gravis Marketing,,,3/19/18,2018-08-28,2018_FL_Governor_DEM,0
2018,FL,Governor,,DEM,Chris King,king c,2.0,Gravis Marketing,,,3/19/18,2018-08-28,2018_FL_Governor_DEM,0
2018,FL,Governor,,DEM,Philip Levine,levine p,13.0,Gravis Marketing,,,3/19/18,2018-08-28,2018_FL_Governor_DEM,0
2018,FL,Governor,,DEM,Andrew Gillum,gillum a,10.0,Saint Leo University,190.0,,2/24/18,2018-08-28,2018_FL_Governor_DEM,1
2018,FL,Governor,,DEM,Gwen Graham,graham g,17.0,Saint Leo University,190.0,,2/24/18,2018-08-28,2018_FL_Governor_DEM,0
2018,FL,Governor,,DEM,Jeff Greene,greene j,5.0,Saint Leo University,190.0,,2/24/18,2018-08-28,2018_FL_Governor_DEM,0
2018,FL,Governor,,DEM,Chris King,king c,7.000000000000001,Saint Leo University,190.0,,2/24/18,2018-08-28,2018_FL_Governor_DEM,0
2018,FL,Governor,,DEM,Philip Levine,levine p,8.0,Saint Leo University,190.0,,2/24/18,2018-08-28,2018_FL_Governor_DEM,0
2018,FL,Governor,,DEM,Andrew Gillum,gillum a,9.0,Gravis Marketing,,,2/18/18,2018-08-28,2018_FL_Governor_DEM,1
2018,FL,Governor,,DEM,Gwen Graham,graham g,12.0,Gravis Marketing,,,2/18/18,2018-08-28,2018_FL_Governor_DEM,0
2018,FL,Governor,,DEM,Jeff Greene,greene j,1.0,Gravis Marketing,,,2/18/18,2018-08-28,2018_FL_Governor_DEM,0
2018,FL,Governor,,DEM,Chris King,king c,2.0,Gravis Marketing,,,2/18/18,2018-08-28,2018_FL_Governor_DEM,0
2018,FL,Governor,,DEM,Philip Levine,levine p,12.0,Gravis Marketing,,,2/18/18,2018-08-28,2018_FL_Governor_DEM,0
2018,FL,Governor,,DEM,Andrew Gillum,gillum a,10.0,Mason-Dixon,500.0,,2/1/18,2018-08-28,2018_FL_Governor_DEM,1
2018,FL,Governor,,DEM,Gwen Graham,graham g,20.0,Mason-Dixon,500.0,,2/1/18,2018-08-28,2018_FL_Governor_DEM,0
2018,FL,Governor,,DEM,Chris King,king c,4.0,Mason-Dixon,500.0,,2/1/18,2018-08-28,2018_FL_Governor_DEM,0
2018,FL,Governor,,DEM,Philip Levine,levine p,17.0,Mason-Dixon,500.0,,2/1/18,2018-08-28,2018_FL_Governor_DEM,0
2018,FL,Governor,,DEM,Andrew Gillum,gillum a,12.0,Gravis Marketing,,,12/24/17,2018-08-28,2018_FL_Governor_DEM,1
2018,FL,Governor,,DEM,Gwen Graham,graham g,18.0,Gravis Marketing,,,12/24/17,2018-08-28,2018_FL_Governor_DEM,0
2018,FL,Governor,,DEM,Jeff Greene,greene j,2.0,Gravis Marketing,,,12/24/17,2018-08-28,2018_FL_Governor_DEM,0
2018,FL,Governor,,DEM,Chris King,king c,3.0,Gravis Marketing,,,12/24/17,2018-08-28,2018_FL_Governor_DEM,0
2018,FL,Governor,,DEM,Philip Levine,levine p,6.0,Gravis Marketing,,,12/24/17,2018-08-28,2018_FL_Governor_DEM,0
2018,FL,Governor,,DEM,Andrew Gillum,gillum a,6.0,Frederick Polls,750.0,,4/28/18,2018-08-28,2018_FL_Governor_DEM,1
2018,FL,Governor,,DEM,Gwen Graham,graham g,14.000000000000002,Frederick Polls,750.0,,4/28/18,2018-08-28,2018_FL_Governor_DEM,0
2018,FL,Governor,,DEM,Chris King,king c,2.0,Frederick Polls,750.0,,4/28/18,2018-08-28,2018_FL_Governor_DEM,0
2018,FL,Governor,,DEM,Philip Levine,levine p,20.0,Frederick Polls,750.0,,4/28/18,2018-08-28,2018_FL_Governor_DEM,0
2018,FL,Governor,,DEM,Patrick Murphy,murphy p,14.000000000000002,Frederick Polls,750.0,,4/28/18,2018-08-28,2018_FL_Governor_DEM,0
2018,FL,Governor,,DEM,Kathy Castor,castor k,2.0,Saint Leo University,181.0,,11/24/17,2018-08-28,2018_FL_Governor_DEM,0
2018,FL,Governor,,DEM,Andrew Gillum,gillum a,6.0,Saint Leo University,181.0,,11/24/17,2018-08-28,2018_FL_Governor_DEM,1
2018,FL,Governor,,DEM,Gwen Graham,graham g,9.0,Saint Leo University,181.0,,11/24/17,2018-08-28,2018_FL_Governor_DEM,0
2018,FL,Governor,,DEM,Jeff Greene,greene j,2.0,Saint Leo University,181.0,,11/24/17,2018-08-28,2018_FL_Governor_DEM,0
2018,FL,Governor,,DEM,Grant Hill,hill g,2.0,Saint Leo University,181.0,,11/24/17,2018-08-28,2018_FL_Governor_DEM,0
2018,FL,Governor,,DEM,Chris King,king c,3.0,Saint Leo University,181.0,,11/24/17,2018-08-28,2018_FL_Governor_DEM,0
2018,FL,Governor,,DEM,Philip Levine,levine p,2.0,Saint Leo University,181.0,,11/24/17,2018-08-28,2018_FL_Governor_DEM,0
2018,FL,Governor,,DEM,John Morgan,morgan j,13.0,Saint Leo University,181.0,,11/24/17,2018-08-28,2018_FL_Governor_DEM,0
2018,FL,Governor,,DEM,Katherine Fernandez Rundle,rundle k,5.0,Saint Leo University,181.0,,11/24/17,2018-08-28,2018_FL_Governor_DEM,0
2018,FL,Governor,,DEM,Andrew Gillum,gillum a,6.0,Cherry Communications,263.0,,9/24/17,2018-08-28,2018_FL_Governor_DEM,1
2018,FL,Governor,,DEM,Gwen Graham,graham g,16.0,Cherry Communications,263.0,,9/24/17,2018-08-28,2018_FL_Governor_DEM,0
2018,FL,Governor,,DEM,Chris King,king c,2.0,Cherry Communications,263.0,,9/24/17,2018-08-28,2018_FL_Governor_DEM,0
2018,FL,Governor,,DEM,Philip Levine,levine p,4.0,Cherry Communications,263.0,,9/24/17,2018-08-28,2018_FL_Governor_DEM,0
2018,FL,Governor,,DEM,John Morgan,morgan j,23.0,Cherry Communications,263.0,,9/24/17,2018-08-28,2018_FL_Governor_DEM,0
2018,FL,Governor,,DEM,Kathy Castor,castor k,3.0,Saint Leo University,190.0,,9/16/17,2018-08-28,2018_FL_Governor_DEM,0
2018,FL,Governor,,DEM,Andrew Gillum,gillum a,5.0,Saint Leo University,190.0,,9/16/17,2018-08-28,2018_FL_Governor_DEM,1
2018,FL,Governor,,DEM,Gwen Graham,graham g,7.000000000000001,Saint Leo University,190.0,,9/16/17,2018-08-28,2018_FL_Governor_DEM,0
2018,FL,Governor,,DEM,Jeff Greene,greene j,1.0,Saint Leo University,190.0,,9/16/17,2018-08-28,2018_FL_Governor_DEM,0
2018,FL,Governor,,DEM,Grant Hill,hill g,4.0,Saint Leo University,190.0,,9/16/17,2018-08-28,2018_FL_Governor_DEM,0
2018,FL,Governor,,DEM,Chris King,king c,4.0,Saint Leo University,190.0,,9/16/17,2018-08-28,2018_FL_Governor_DEM,0
2018,FL,Governor,,DEM,Philip Levine,levine p,1.0,Saint Leo University,190.0,,9/16/17,2018-08-28,2018_FL_Governor_DEM,0
2018,FL,Governor,,DEM,John Morgan,morgan j,12.0,Saint Leo University,190.0,,9/16/17,2018-08-28,2018_FL_Governor_DEM,0
2018,FL,Governor,,DEM,Patrick Murphy,murphy p,13.0,Saint Leo University,190.0,,9/16/17,2018-08-28,2018_FL_Governor_DEM,0
2018,FL,Governor,,DEM,Katherine Fernandez Rundle,rundle k,5.0,Saint Leo University,190.0,,9/16/17,2018-08-28,2018_FL_Governor_DEM,0
2018,FL,Governor,,DEM,Andrew Gillum,gillum a,9.0,Florida Atlantic University,297.0,,8/26/17,2018-08-28,2018_FL_Governor_DEM,1
2018,FL,Governor,,DEM,Gwen Graham,graham g,14.000000000000002,Florida Atlantic University,297.0,,8/26/17,2018-08-28,2018_FL_Governor_DEM,0
2018,FL,Governor,,DEM,Chris King,king c,4.0,Florida Atlantic University,297.0,,8/26/17,2018-08-28,2018_FL_Governor_DEM,0
2018,FL,Governor,,DEM,Philip Levine,levine p,8.0,Florida Atlantic University,297.0,,8/26/17,2018-08-28,2018_FL_Governor_DEM,0
2018,FL,Governor,,DEM,John Morgan,morgan j,19.0,Florida Atlantic University,297.0,,8/26/17,2018-08-28,2018_FL_Governor_DEM,0
2018,FL,Governor,,DEM,Andrew Gillum,gillum a,13.0,Gravis Marketing,,,4/10/17,2018-08-28,2018_FL_Governor_DEM,1
2018,FL,Governor,,DEM,Gwen Graham,graham g,11.0,Gravis Marketing,,,4/10/17,2018-08-28,2018_FL_Governor_DEM,0
2018,FL,Governor,,DEM,Jeff Greene,greene j,1.0,Gravis Marketing,,,4/10/17,2018-08-28,2018_FL_Governor_DEM,0
2018,FL,Governor,,DEM,Philip Levine,levine p,3.0,Gravis Marketing,,,4/10/17,2018-08-28,2018_FL_Governor_DEM,0
2018,FL,Governor,,DEM,Patrick Murphy,murphy p,14.000000000000002,Gravis Marketing,,,4/10/17,2018-08-28,2018_FL_Governor_DEM,0
2018,FL,Governor,,DEM,Andrew Gillum,gillum a,23.0,Gravis Marketing,,,3/29/17,2018-08-28,2018_FL_Governor_DEM,1
2018,FL,Governor,,DEM,Gwen Graham,graham g,8.0,Gravis Marketing,,,3/29/17,2018-08-28,2018_FL_Governor_DEM,0
2018,FL,Governor,,DEM,Jeff Greene,greene j,0.0,Gravis Marketing,,,3/29/17,2018-08-28,2018_FL_Governor_DEM,0
2018,FL,Governor,,DEM,Philip Levine,levine p,1.0,Gravis Marketing,,,3/29/17,2018-08-28,2018_FL_Governor_DEM,0
2018,FL,Governor,,DEM,John Morgan,morgan j,9.0,Gravis Marketing,,,3/29/17,2018-08-28,2018_FL_Governor_DEM,0
2018,FL,Governor,,DEM,Patrick Murphy,murphy p,24.0,Gravis Marketing,,,3/29/17,2018-08-28,2018_FL_Governor_DEM,0
2018,FL,Governor,,DEM,Bob Buckhorn,buckhorn b,3.0,Saint Leo University,203.0,,3/11/17,2018-08-28,2018_FL_Governor_DEM,0
2018,FL,Governor,,DEM,Kathy Castor,castor k,5.0,Saint Leo University,203.0,,3/11/17,2018-08-28,2018_FL_Governor_DEM,0
2018,FL,Governor,,DEM,Buddy Dyer,dyer b,6.0,Saint Leo University,203.0,,3/11/17,2018-08-28,2018_FL_Governor_DEM,0
2018,FL,Governor,,DEM,Andrew Gillum,gillum a,4.0,Saint Leo University,203.0,,3/11/17,2018-08-28,2018_FL_Governor_DEM,1
2018,FL,Governor,,DEM,Gwen Graham,graham g,4.0,Saint Leo University,203.0,,3/11/17,2018-08-28,2018_FL_Governor_DEM,0
2018,FL,Governor,,DEM,Philip Levine,levine p,5.0,Saint Leo University,203.0,,3/11/17,2018-08-28,2018_FL_Governor_DEM,0
2018,FL,Governor,,DEM,John Morgan,morgan j,9.0,Saint Leo University,203.0,,3/11/17,2018-08-28,2018_FL_Governor_DEM,0
2018,FL,Governor,,DEM,Patrick Murphy,murphy p,20.0,Saint Leo University,203.0,,3/11/17,2018-08-28,2018_FL_Governor_DEM,0
2018,FL,Governor,,DEM,Jeremy Ring,ring j,2.0,Saint Leo University,203.0,,3/11/17,2018-08-28,2018_FL_Governor_DEM,0
2018,FL,Governor,,DEM,Jack Seiler,seiler j,2.0,Saint Leo University,203.0,,3/11/17,2018-08-28,2018_FL_Governor_DEM,0
2018,FL,Governor,,DEM,Bob Buckhorn,buckhorn b,5.0,Cherry Communications,,,12/8/16,2018-08-28,2018_FL_Governor_DEM,0
2018,FL,Governor,,DEM,Andrew Gillum,gillum a,8.0,Cherry Communications,,,12/8/16,2018-08-28,2018_FL_Governor_DEM,1
2018,FL,Governor,,DEM,Gwen Graham,graham g,16.0,Cherry Communications,,,12/8/16,2018-08-28,2018_FL_Governor_DEM,0
2018,FL,Governor,,DEM,Philip Levine,levine p,5.0,Cherry Communications,,,12/8/16,2018-08-28,2018_FL_Governor_DEM,0
2018,FL,Governor,,DEM,John Morgan,morgan j,15.0,Cherry Communications,,,12/8/16,2018-08-28,2018_FL_Governor_DEM,0
2018,FL,Governor,,DEM,Bob Buckhorn,buckhorn b,5.0,Saint Leo University,,,11/30/16,2018-08-28,2018_FL_Governor_DEM,0
2018,FL,Governor,,DEM,Kathy Castor,castor k,4.0,Saint Leo University,,,11/30/16,2018-08-28,2018_FL_Governor_DEM,0
2018,FL,Governor,,DEM,Buddy Dyer,dyer b,5.0,Saint Leo University,,,11/30/16,2018-08-28,2018_FL_Governor_DEM,0
2018,FL,Governor,,DEM,Gwen Graham,graham g,5.0,Saint Leo University,,,11/30/16,2018-08-28,2018_FL_Governor_DEM,0
2018,FL,Governor,,DEM,Philip Levine,levine p,3.0,Saint Leo University,,,11/30/16,2018-08-28,2018_FL_Governor_DEM,0
2018,FL,Governor,,DEM,John Morgan,morgan j,20.0,Saint Leo University,,,11/30/16,2018-08-28,2018_FL_Governor_DEM,0
2018,FL,Governor,,DEM,Jeremy Ring,ring j,1.0,Saint Leo University,,,11/30/16,2018-08-28,2018_FL_Governor_DEM,0
2018,FL,Governor,,DEM,Jack Seiler,seiler j,1.0,Saint Leo University,,,11/30/16,2018-08-28,2018_FL_Governor_DEM,0
2018,GA,Governor,,REP,Casey Cagle,cagle c,31.0,Opinion Savvy,515.0,,5/16/18,2018-05-22,2018_GA_Governor_REP,0
2018,GA,Governor,,REP,Hunter Hill,hill h,14.000000000000002,Opinion Savvy,515.0,,5/16/18,2018-05-22,2018_GA_Governor_REP,0
2018,GA,Governor,,REP,Brian Kemp,kemp b,20.0,Opinion Savvy,515.0,,5/16/18,2018-05-22,2018_GA_Governor_REP,1
2018,GA,Governor,,REP,Clay Tippins,tippins c,12.0,Opinion Savvy,515.0,,5/16/18,2018-05-22,2018_GA_Governor_REP,0
2018,GA,Governor,,REP,Michael Williams,williams m,5.0,Opinion Savvy,515.0,,5/16/18,2018-05-22,2018_GA_Governor_REP,0
2018,GA,Governor,,REP,Casey Cagle,cagle c,35.0,SurveyUSA,558.0,,5/15/18,2018-05-22,2018_GA_Governor_REP,0
2018,GA,Governor,,REP,Hunter Hill,hill h,10.0,SurveyUSA,558.0,,5/15/18,2018-05-22,2018_GA_Governor_REP,0
2018,GA,Governor,,REP,Brian Kemp,kemp b,17.0,SurveyUSA,558.0,,5/15/18,2018-05-22,2018_GA_Governor_REP,1
2018,GA,Governor,,REP,Clay Tippins,tippins c,8.0,SurveyUSA,558.0,,5/15/18,2018-05-22,2018_GA_Governor_REP,0
2018,GA,Governor,,REP,Michael Williams,williams m,3.0,SurveyUSA,558.0,,5/15/18,2018-05-22,2018_GA_Governor_REP,0
2018,GA,Governor,,REP,Casey Cagle,cagle c,41.0,University of Georgia,507.0,,4/26/18,2018-05-22,2018_GA_Governor_REP,0
2018,GA,Governor,,REP,Hunter Hill,hill h,9.0,University of Georgia,507.0,,4/26/18,2018-05-22,2018_GA_Governor_REP,0
2018,GA,Governor,,REP,Brian Kemp,kemp b,10.0,University of Georgia,507.0,,4/26/18,2018-05-22,2018_GA_Governor_REP,1
2018,GA,Governor,,REP,Clay Tippins,tippins c,4.0,University of Georgia,507.0,,4/26/18,2018-05-22,2018_GA_Governor_REP,0
2018,GA,Governor,,REP,Michael Williams,williams m,3.0,University of Georgia,507.0,,4/26/18,2018-05-22,2018_GA_Governor_REP,0
2018,GA,Governor,,REP,Casey Cagle,cagle c,48.0,Clarion Research (R-Hill),547.0,,3/3/18,2018-05-22,2018_GA_Governor_REP,0
2018,GA,Governor,,REP,Hunter Hill,hill h,21.0,Clarion Research (R-Hill),547.0,,3/3/18,2018-05-22,2018_GA_Governor_REP,0
2018,GA,Governor,,REP,Brian Kemp,kemp b,15.0,Clarion Research (R-Hill),547.0,,3/3/18,2018-05-22,2018_GA_Governor_REP,1
2018,GA,Governor,,REP,Clay Tippins,tippins c,8.0,Clarion Research (R-Hill),547.0,,3/3/18,2018-05-22,2018_GA_Governor_REP,0
2018,GA,Governor,,REP,Michael Williams,williams m,7.000000000000001,Clarion Research (R-Hill),547.0,,3/3/18,2018-05-22,2018_GA_Governor_REP,0
2018,GA,Governor,,REP,Casey Cagle,cagle c,27.0,Mason-Dixon,500.0,,2/23/18,2018-05-22,2018_GA_Governor_REP,0
2018,GA,Governor,,REP,Hunter Hill,hill h,11.0,Mason-Dixon,500.0,,2/23/18,2018-05-22,2018_GA_Governor_REP,0
2018,GA,Governor,,REP,Brian Kemp,kemp b,13.0,Mason-Dixon,500.0,,2/23/18,2018-05-22,2018_GA_Governor_REP,1
2018,GA,Governor,,REP,Clay Tippins,tippins c,12.0,Mason-Dixon,500.0,,2/23/18,2018-05-22,2018_GA_Governor_REP,0
2018,GA,Governor,,REP,Michael Williams,williams m,5.0,Mason-Dixon,500.0,,2/23/18,2018-05-22,2018_GA_Governor_REP,0
2018,GA,Governor,,REP,Casey Cagle,cagle c,31.0,Meeting Street Research (R-Citizens for Georgia's Future),500.0,,2/7/18,2018-05-22,2018_GA_Governor_REP,0
2018,GA,Governor,,REP,Hunter Hill,hill h,7.000000000000001,Meeting Street Research (R-Citizens for Georgia's Future),500.0,,2/7/18,2018-05-22,2018_GA_Governor_REP,0
2018,GA,Governor,,REP,Brian Kemp,kemp b,12.0,Meeting Street Research (R-Citizens for Georgia's Future),500.0,,2/7/18,2018-05-22,2018_GA_Governor_REP,1
2018,GA,Governor,,REP,Clay Tippins,tippins c,5.0,Meeting Street Research (R-Citizens for Georgia's Future),500.0,,2/7/18,2018-05-22,2018_GA_Governor_REP,0
2018,GA,Governor,,REP,Michael Williams,williams m,2.0,Meeting Street Research (R-Citizens for Georgia's Future),500.0,,2/7/18,2018-05-22,2018_GA_Governor_REP,0
2018,GA,Governor,,REP,Casey Cagle,cagle c,34.0,The Wickers Group (R-Kemp),400.0,,10/24/17,2018-05-22,2018_GA_Governor_REP,0
2018,GA,Governor,,REP,Hunter Hill,hill h,1.0,The Wickers Group (R-Kemp),400.0,,10/24/17,2018-05-22,2018_GA_Governor_REP,0
2018,GA,Governor,,REP,Brian Kemp,kemp b,13.0,The Wickers Group (R-Kemp),400.0,,10/24/17,2018-05-22,2018_GA_Governor_REP,1
2018,GA,Governor,,REP,Clay Tippins,tippins c,0.0,The Wickers Group (R-Kemp),400.0,,10/24/17,2018-05-22,2018_GA_Governor_REP,0
2018,GA,Governor,,REP,Michael Williams,williams m,1.0,The Wickers Group (R-Kemp),400.0,,10/24/17,2018-05-22,2018_GA_Governor_REP,0
2018,GA,Governor,,REP,Casey Cagle,cagle c,35.0,Landmark / Rosetta Stone,800.0,,10/17/17,2018-05-22,2018_GA_Governor_REP,0
2018,GA,Governor,,REP,Hunter Hill,hill h,9.0,Landmark / Rosetta Stone,800.0,,10/17/17,2018-05-22,2018_GA_Governor_REP,0
2018,GA,Governor,,REP,Brian Kemp,kemp b,7.000000000000001,Landmark / Rosetta Stone,800.0,,10/17/17,2018-05-22,2018_GA_Governor_REP,1
2018,GA,Governor,,REP,Clay Tippins,tippins c,1.0,Landmark / Rosetta Stone,800.0,,10/17/17,2018-05-22,2018_GA_Governor_REP,0
2018,GA,Governor,,REP,Michael Williams,williams m,4.0,Landmark / Rosetta Stone,800.0,,10/17/17,2018-05-22,2018_GA_Governor_REP,0
2018,GA,Governor,,REP,Casey Cagle,cagle c,41.0,McLaughlin & Associates (R-Cagle),600.0,,10/1/17,2018-05-22,2018_GA_Governor_REP,0
2018,GA,Governor,,REP,Hunter Hill,hill h,4.0,McLaughlin & Associates (R-Cagle),600.0,,10/1/17,2018-05-22,2018_GA_Governor_REP,0
2018,GA,Governor,,REP,Brian Kemp,kemp b,12.0,McLaughlin & Associates (R-Cagle),600.0,,10/1/17,2018-05-22,2018_GA_Governor_REP,1
2018,GA,Governor,,REP,Clay Tippins,tippins c,2.0,McLaughlin & Associates (R-Cagle),600.0,,10/1/17,2018-05-22,2018_GA_Governor_REP,0
2018,GA,Governor,,REP,Michael Williams,williams m,3.0,McLaughlin & Associates (R-Cagle),600.0,,10/1/17,2018-05-22,2018_GA_Governor_REP,0
2018,GA,Governor,,DEM,Stacey Abrams,abrams s,57.99999999999999,Opinion Savvy,522.0,,5/16/18,2018-05-22,2018_GA_Governor_DEM,1
2018,GA,Governor,,DEM,Stacey Evans,evans s,19.0,Opinion Savvy,522.0,,5/16/18,2018-05-22,2018_GA_Governor_DEM,0
2018,GA,Governor,,DEM,Stacey Abrams,abrams s,43.0,SurveyUSA,475.0,,5/15/18,2018-05-22,2018_GA_Governor_DEM,1
2018,GA,Governor,,DEM,Stacey Evans,evans s,24.0,SurveyUSA,475.0,,5/15/18,2018-05-22,2018_GA_Governor_DEM,0
2018,GA,Governor,,DEM,Stacey Abrams,abrams s,42.0,20/20 Insight (D-Evans),433.0,,5/15/18,2018-05-22,2018_GA_Governor_DEM,1
2018,GA,Governor,,DEM,Stacey Evans,evans s,34.0,20/20 Insight (D-Evans),433.0,,5/15/18,2018-05-22,2018_GA_Governor_DEM,0
2018,GA,Governor,,DEM,Stacey Abrams,abrams s,33.0,University of Georgia,473.0,,4/18/18,2018-05-22,2018_GA_Governor_DEM,1
2018,GA,Governor,,DEM,Stacey Evans,evans s,15.0,University of Georgia,473.0,,4/18/18,2018-05-22,2018_GA_Governor_DEM,0
2018,GA,Governor,,DEM,Stacey Abrams,abrams s,28.999999999999996,Mason-Dixon,500.0,,2/23/18,2018-05-22,2018_GA_Governor_DEM,1
2018,GA,Governor,,DEM,Stacey Evans,evans s,17.0,Mason-Dixon,500.0,,2/23/18,2018-05-22,2018_GA_Governor_DEM,0
2018,HI,Governor,,DEM,David Ige,ige d,43.0,Merriman River Group,871.0,,7/21/18,2018-08-11,2018_HI_Governor_DEM,1
2018,HI,Governor,,DEM,Colleen Hanabusa,hanabusa c,34.0,Merriman River Group,871.0,,7/21/18,2018-08-11,2018_HI_Governor_DEM,0
2018,HI,Governor,,DEM,David Ige,ige d,44.0,Mason-Dixon,494.0,,7/11/18,2018-08-11,2018_HI_Governor_DEM,1
2018,HI,Governor,,DEM,Colleen Hanabusa,hanabusa c,40.0,Mason-Dixon,494.0,,7/11/18,2018-08-11,2018_HI_Governor_DEM,0
2018,HI,Governor,,DEM,David Ige,ige d,31.0,QMark Research (D-Hanabusa),518.0,,7/6/18,2018-08-11,2018_HI_Governor_DEM,1
2018,HI,Governor,,DEM,Colleen Hanabusa,hanabusa c,56.99999999999999,QMark Research (D-Hanabusa),518.0,,7/6/18,2018-08-11,2018_HI_Governor_DEM,0
2018,HI,Governor,,DEM,David Ige,ige d,23.0,QMark Research (D-Hanabusa),888.0,,5/7/18,2018-08-11,2018_HI_Governor_DEM,1
2018,HI,Governor,,DEM,Colleen Hanabusa,hanabusa c,52.0,QMark Research (D-Hanabusa),888.0,,5/7/18,2018-08-11,2018_HI_Governor_DEM,0
2018,HI,Governor,,DEM,Clayton Hee,hee c,6.0,QMark Research (D-Hanabusa),888.0,,5/7/18,2018-08-11,2018_HI_Governor_DEM,0
2018,HI,Governor,,DEM,David Ige,ige d,31.0,Merriman River Group,707.0,,5/5/18,2018-08-11,2018_HI_Governor_DEM,1
2018,HI,Governor,,DEM,Colleen Hanabusa,hanabusa c,37.0,Merriman River Group,707.0,,5/5/18,2018-08-11,2018_HI_Governor_DEM,0
2018,HI,Governor,,DEM,Clayton Hee,hee c,11.0,Merriman River Group,707.0,,5/5/18,2018-08-11,2018_HI_Governor_DEM,0
2018,HI,Governor,,DEM,David Ige,ige d,27.0,Mason-Dixon,498.0,,3/18/18,2018-08-11,2018_HI_Governor_DEM,1
2018,HI,Governor,,DEM,Colleen Hanabusa,hanabusa c,47.0,Mason-Dixon,498.0,,3/18/18,2018-08-11,2018_HI_Governor_DEM,0
2018,HI,Governor,,DEM,Clayton Hee,hee c,11.0,Mason-Dixon,498.0,,3/18/18,2018-08-11,2018_HI_Governor_DEM,0
2018,HI,Governor,,DEM,Bernard Carvalho,carvalho b,13.0,Merriman River Group,871.0,,7/21/18,2018-08-11,2018_HI_Governor_DEM,0
2018,HI,Governor,,DEM,Will Espero,espero w,5.0,Merriman River Group,871.0,,7/21/18,2018-08-11,2018_HI_Governor_DEM,0
2018,HI,Governor,,DEM,Josh Green,green j,31.0,Merriman River Group,871.0,,7/21/18,2018-08-11,2018_HI_Governor_DEM,0
2018,HI,Governor,,DEM,Kim Coco Iwamoto,iwamoto k,10.0,Merriman River Group,871.0,,7/21/18,2018-08-11,2018_HI_Governor_DEM,0
2018,HI,Governor,,DEM,Jill Tokuda,tokuda j,17.0,Merriman River Group,871.0,,7/21/18,2018-08-11,2018_HI_Governor_DEM,0
2018,HI,Governor,,DEM,Bernard Carvalho,carvalho b,14.000000000000002,Mason-Dixon,494.0,,7/11/18,2018-08-11,2018_HI_Governor_DEM,0
2018,HI,Governor,,DEM,Will Espero,espero w,6.0,Mason-Dixon,494.0,,7/11/18,2018-08-11,2018_HI_Governor_DEM,0
2018,HI,Governor,,DEM,Josh Green,green j,34.0,Mason-Dixon,494.0,,7/11/18,2018-08-11,2018_HI_Governor_DEM,0
2018,HI,Governor,,DEM,Kim Coco Iwamoto,iwamoto k,10.0,Mason-Dixon,494.0,,7/11/18,2018-08-11,2018_HI_Governor_DEM,0
2018,HI,Governor,,DEM,Jill Tokuda,tokuda j,14.000000000000002,Mason-Dixon,494.0,,7/11/18,2018-08-11,2018_HI_Governor_DEM,0
2018,HI,Governor,,DEM,Bernard Carvalho,carvalho b,19.0,Merriman River Group,707.0,,5/5/18,2018-08-11,2018_HI_Governor_DEM,0
2018,HI,Governor,,DEM,Will Espero,espero w,8.0,Merriman River Group,707.0,,5/5/18,2018-08-11,2018_HI_Governor_DEM,0
2018,HI,Governor,,DEM,Josh Green,green j,16.0,Merriman River Group,707.0,,5/5/18,2018-08-11,2018_HI_Governor_DEM,0
2018,HI,Governor,,DEM,Kim Coco Iwamoto,iwamoto k,14.000000000000002,Merriman River Group,707.0,,5/5/18,2018-08-11,2018_HI_Governor_DEM,0
2018,HI,Governor,,DEM,Jill Tokuda,tokuda j,11.0,Merriman River Group,707.0,,5/5/18,2018-08-11,2018_HI_Governor_DEM,0
2018,HI,Governor,,DEM,Bernard Carvalho,carvalho b,14.000000000000002,Mason-Dixon,498.0,,3/18/18,2018-08-11,2018_HI_Governor_DEM,0
2018,HI,Governor,,DEM,Will Espero,espero w,9.0,Mason-Dixon,498.0,,3/18/18,2018-08-11,2018_HI_Governor_DEM,0
2018,HI,Governor,,DEM,Josh Green,green j,19.0,Mason-Dixon,498.0,,3/18/18,2018-08-11,2018_HI_Governor_DEM,0
2018,HI,Governor,,DEM,Kim Coco Iwamoto,iwamoto k,5.0,Mason-Dixon,498.0,,3/18/18,2018-08-11,2018_HI_Governor_DEM,0
2018,HI,Governor,,DEM,Jill Tokuda,tokuda j,12.0,Mason-Dixon,498.0,,3/18/18,2018-08-11,2018_HI_Governor_DEM,0
2018,HI,Governor,,REP,John Carroll,carroll j,22.0,Merriman River Group,219.0,,7/21/18,2018-08-11,2018_HI_Governor_REP,0
2018,HI,Governor,,REP,Raymond L'Heureux,lheureux r,4.0,Merriman River Group,219.0,,7/21/18,2018-08-11,2018_HI_Governor_REP,0
2018,HI,Governor,,REP,Andria Tupola,tupola a,39.0,Merriman River Group,219.0,,7/21/18,2018-08-11,2018_HI_Governor_REP,1
2018,HI,Governor,,REP,John Carroll,carroll j,28.000000000000004,Mason-Dixon,143.0,,7/11/18,2018-08-11,2018_HI_Governor_REP,0
2018,HI,Governor,,REP,Raymond L'Heureux,lheureux r,8.0,Mason-Dixon,143.0,,7/11/18,2018-08-11,2018_HI_Governor_REP,0
2018,HI,Governor,,REP,Andria Tupola,tupola a,41.0,Mason-Dixon,143.0,,7/11/18,2018-08-11,2018_HI_Governor_REP,1
2018,HI,Governor,,REP,John Carroll,carroll j,40.0,Mason-Dixon,134.0,,3/18/18,2018-08-11,2018_HI_Governor_REP,0
2018,HI,Governor,,REP,Andria Tupola,tupola a,28.000000000000004,Mason-Dixon,134.0,,3/18/18,2018-08-11,2018_HI_Governor_REP,1
2018,HI,Governor,,REP,Marissa Kerns,kerns m,26.0,Merriman River Group,219.0,,7/21/18,2018-08-11,2018_HI_Governor_REP,0
2018,HI,Governor,,REP,Jeremy Low,low j,20.0,Merriman River Group,219.0,,7/21/18,2018-08-11,2018_HI_Governor_REP,0
2018,IA,Governor,,DEM,Nate Boulton,boulton n,20.0,Selzer & Company,501.0,,5/15/18,2018-06-05,2018_IA_Governor_DEM,0
2018,IA,Governor,,DEM,Cathy Glasson,glasson c,13.0,Selzer & Company,501.0,,5/15/18,2018-06-05,2018_IA_Governor_DEM,0
2018,IA,Governor,,DEM,Fred Hubbell,hubbell f,31.0,Selzer & Company,501.0,,5/15/18,2018-06-05,2018_IA_Governor_DEM,1
2018,IA,Governor,,DEM,Andrea McGuire,mcguire a,5.0,Selzer & Company,501.0,,5/15/18,2018-06-05,2018_IA_Governor_DEM,0
2018,IA,Governor,,DEM,John Norris,norris j,5.0,Selzer & Company,501.0,,5/15/18,2018-06-05,2018_IA_Governor_DEM,0
2018,IA,Governor,,DEM,Ross Wilburn,wilburn r,3.0,Selzer & Company,501.0,,5/15/18,2018-06-05,2018_IA_Governor_DEM,0
2018,IA,Governor,,DEM,Nate Boulton,boulton n,20.0,Remington,2315.0,,5/6/18,2018-06-05,2018_IA_Governor_DEM,0
2018,IA,Governor,,DEM,Cathy Glasson,glasson c,7.000000000000001,Remington,2315.0,,5/6/18,2018-06-05,2018_IA_Governor_DEM,0
2018,IA,Governor,,DEM,Fred Hubbell,hubbell f,46.0,Remington,2315.0,,5/6/18,2018-06-05,2018_IA_Governor_DEM,1
2018,IA,Governor,,DEM,Andrea McGuire,mcguire a,3.0,Remington,2315.0,,5/6/18,2018-06-05,2018_IA_Governor_DEM,0
2018,IA,Governor,,DEM,John Norris,norris j,5.0,Remington,2315.0,,5/6/18,2018-06-05,2018_IA_Governor_DEM,0
2018,IA,Governor,,DEM,Ross Wilburn,wilburn r,1.0,Remington,2315.0,,5/6/18,2018-06-05,2018_IA_Governor_DEM,0
2018,IA,Governor,,DEM,Nate Boulton,boulton n,13.0,20-20 Insight,762.0,,11/10/17,2018-06-05,2018_IA_Governor_DEM,0
2018,IA,Governor,,DEM,Cathy Glasson,glasson c,6.0,20-20 Insight,762.0,,11/10/17,2018-06-05,2018_IA_Governor_DEM,0
2018,IA,Governor,,DEM,Fred Hubbell,hubbell f,22.0,20-20 Insight,762.0,,11/10/17,2018-06-05,2018_IA_Governor_DEM,1
2018,IA,Governor,,DEM,Andrea McGuire,mcguire a,3.0,20-20 Insight,762.0,,11/10/17,2018-06-05,2018_IA_Governor_DEM,0
2018,IA,Governor,,DEM,Jon Neiderbach,neiderbach j,2.0,20-20 Insight,762.0,,11/10/17,2018-06-05,2018_IA_Governor_DEM,0
2018,IA,Governor,,DEM,John Norris,norris j,5.0,20-20 Insight,762.0,,11/10/17,2018-06-05,2018_IA_Governor_DEM,0
2018,IA,Governor,,DEM,Ross Wilburn,wilburn r,1.0,20-20 Insight,762.0,,11/10/17,2018-06-05,2018_IA_Governor_DEM,0
2018,ID,Governor,,REP,Tommy Ahlquist,ahlquist t,21.0,Dan Jones & Associates,,,3/15/18,2018-05-15,2018_ID_Governor_REP,0
2018,ID,Governor,,REP,Raul Labrador,labrador r,25.0,Dan Jones & Associates,,,3/15/18,2018-05-15,2018_ID_Governor_REP,0
2018,ID,Governor,,REP,Brad Little,little b,17.0,Dan Jones & Associates,,,3/15/18,2018-05-15,2018_ID_Governor_REP,1
2018,ID,Governor,,REP,Tommy Ahlquist,ahlquist t,14.000000000000002,Dan Jones & Associates,619.0,,11/15/17,2018-05-15,2018_ID_Governor_REP,0
2018,ID,Governor,,REP,Raul Labrador,labrador r,17.0,Dan Jones & Associates,619.0,,11/15/17,2018-05-15,2018_ID_Governor_REP,0
2018,ID,Governor,,REP,Brad Little,little b,21.0,Dan Jones & Associates,619.0,,11/15/17,2018-05-15,2018_ID_Governor_REP,1
2018,ID,Governor,,REP,Lisa Marie,marie l,4.0,Dan Jones & Associates,619.0,,11/15/17,2018-05-15,2018_ID_Governor_REP,0
2018,ID,Governor,,REP,Lawrence Wasden*,wasden l,4.0,Dan Jones & Associates,619.0,,11/15/17,2018-05-15,2018_ID_Governor_REP,0
2018,ID,Governor,,REP,Tommy Ahlquist,ahlquist t,21.0,Magellan Strategies (R-Labrador),714.0,,10/12/17,2018-05-15,2018_ID_Governor_REP,0
2018,ID,Governor,,REP,Raul Labrador,labrador r,37.0,Magellan Strategies (R-Labrador),714.0,,10/12/17,2018-05-15,2018_ID_Governor_REP,0
2018,ID,Governor,,REP,Brad Little,little b,23.0,Magellan Strategies (R-Labrador),714.0,,10/12/17,2018-05-15,2018_ID_Governor_REP,1
2018,IL,Governor,,REP,Bruce Rauner,rauner b,42.0,Ogden & Fry (R-Ives),787.0,,3/14/18,2018-03-20,2018_IL_Governor_REP,1
2018,IL,Governor,,REP,Jeanne Ives,ives j,35.0,Ogden & Fry (R-Ives),787.0,,3/14/18,2018-03-20,2018_IL_Governor_REP,0
2018,IL,Governor,,REP,Bruce Rauner,rauner b,51.0,Southern Illinois University,259.0,,2/25/18,2018-03-20,2018_IL_Governor_REP,1
2018,IL,Governor,,REP,Jeanne Ives,ives j,31.0,Southern Illinois University,259.0,,2/25/18,2018-03-20,2018_IL_Governor_REP,0
2018,IL,Governor,,REP,Bruce Rauner,rauner b,65.0,We Ask America,1026.0,,1/16/18,2018-03-20,2018_IL_Governor_REP,1
2018,IL,Governor,,REP,Jeanne Ives,ives j,21.0,We Ask America,1026.0,,1/16/18,2018-03-20,2018_IL_Governor_REP,0
2018,IL,Governor,,REP,Bruce Rauner,rauner b,64.0,We Ask America,1064.0,,10/29/17,2018-03-20,2018_IL_Governor_REP,1
2018,IL,Governor,,REP,Jeanne Ives,ives j,19.0,We Ask America,1064.0,,10/29/17,2018-03-20,2018_IL_Governor_REP,0
2018,IL,Governor,,REP,Bruce Rauner,rauner b,59.0,Ogden & Fry (R-Liberty Principles PAC),495.0,,10/12/17,2018-03-20,2018_IL_Governor_REP,1
2018,IL,Governor,,REP,Jeanne Ives,ives j,14.000000000000002,Ogden & Fry (R-Liberty Principles PAC),495.0,,10/12/17,2018-03-20,2018_IL_Governor_REP,0
2018,IL,Governor,,REP,Bill Brady,brady b,9.0,Ogden & Fry (R-Liberty Principles PAC),545.0,,10/2/17,2018-03-20,2018_IL_Governor_REP,0
2018,IL,Governor,,REP,Jeanne Ives,ives j,5.0,Ogden & Fry (R-Liberty Principles PAC),545.0,,10/2/17,2018-03-20,2018_IL_Governor_REP,0
2018,IL,Governor,,REP,Kyle McCarter,mccarter k,2.0,Ogden & Fry (R-Liberty Principles PAC),545.0,,10/2/17,2018-03-20,2018_IL_Governor_REP,0
2018,IL,Governor,,REP,Dan Proft,proft d,8.0,Ogden & Fry (R-Liberty Principles PAC),545.0,,10/2/17,2018-03-20,2018_IL_Governor_REP,0
2018,IL,Governor,,REP,Bruce Rauner,rauner b,22.0,Ogden & Fry (R-Liberty Principles PAC),545.0,,10/2/17,2018-03-20,2018_IL_Governor_REP,1
2018,IL,Governor,,DEM,Daniel Biss,biss d,22.0,Victory Research,1204.0,,3/16/18,2018-03-20,2018_IL_Governor_DEM,0
2018,IL,Governor,,DEM,Chris Kennedy,kennedy c,26.0,Victory Research,1204.0,,3/16/18,2018-03-20,2018_IL_Governor_DEM,0
2018,IL,Governor,,DEM,JB Pritzker,pritzker j,32.0,Victory Research,1204.0,,3/16/18,2018-03-20,2018_IL_Governor_DEM,1
2018,IL,Governor,,DEM,Daniel Biss,biss d,15.0,We Ask America,1029.0,,3/9/18,2018-03-20,2018_IL_Governor_DEM,0
2018,IL,Governor,,DEM,Chris Kennedy,kennedy c,16.0,We Ask America,1029.0,,3/9/18,2018-03-20,2018_IL_Governor_DEM,0
2018,IL,Governor,,DEM,JB Pritzker,pritzker j,35.0,We Ask America,1029.0,,3/9/18,2018-03-20,2018_IL_Governor_DEM,1
2018,IL,Governor,,DEM,Daniel Biss,biss d,21.0,Southern Illinois University,472.0,,2/25/18,2018-03-20,2018_IL_Governor_DEM,0
2018,IL,Governor,,DEM,Chris Kennedy,kennedy c,17.0,Southern Illinois University,472.0,,2/25/18,2018-03-20,2018_IL_Governor_DEM,0
2018,IL,Governor,,DEM,JB Pritzker,pritzker j,31.0,Southern Illinois University,472.0,,2/25/18,2018-03-20,2018_IL_Governor_DEM,1
2018,IL,Governor,,DEM,Daniel Biss,biss d,21.0,Global Strategy Group (D-Pritzker),802.0,,2/13/18,2018-03-20,2018_IL_Governor_DEM,0
2018,IL,Governor,,DEM,Chris Kennedy,kennedy c,23.0,Global Strategy Group (D-Pritzker),802.0,,2/13/18,2018-03-20,2018_IL_Governor_DEM,0
2018,IL,Governor,,DEM,JB Pritzker,pritzker j,37.0,Global Strategy Group (D-Pritzker),802.0,,2/13/18,2018-03-20,2018_IL_Governor_DEM,1
2018,IL,Governor,,DEM,Daniel Biss,biss d,24.0,ALG Research (D-Biss),500.0,,2/11/18,2018-03-20,2018_IL_Governor_DEM,0
2018,IL,Governor,,DEM,Chris Kennedy,kennedy c,24.0,ALG Research (D-Biss),500.0,,2/11/18,2018-03-20,2018_IL_Governor_DEM,0
2018,IL,Governor,,DEM,JB Pritzker,pritzker j,32.0,ALG Research (D-Biss),500.0,,2/11/18,2018-03-20,2018_IL_Governor_DEM,1
2018,IL,Governor,,DEM,Daniel Biss,biss d,24.0,Victory Research,1209.0,,2/7/18,2018-03-20,2018_IL_Governor_DEM,0
2018,IL,Governor,,DEM,Chris Kennedy,kennedy c,17.0,Victory Research,1209.0,,2/7/18,2018-03-20,2018_IL_Governor_DEM,0
2018,IL,Governor,,DEM,JB Pritzker,pritzker j,27.0,Victory Research,1209.0,,2/7/18,2018-03-20,2018_IL_Governor_DEM,1
2018,IL,Governor,,DEM,Daniel Biss,biss d,22.0,Global Strategy Group (D-Pritzker),801.0,,2/1/18,2018-03-20,2018_IL_Governor_DEM,0
2018,IL,Governor,,DEM,Chris Kennedy,kennedy c,16.0,Global Strategy Group (D-Pritzker),801.0,,2/1/18,2018-03-20,2018_IL_Governor_DEM,0
2018,IL,Governor,,DEM,JB Pritzker,pritzker j,41.0,Global Strategy Group (D-Pritzker),801.0,,2/1/18,2018-03-20,2018_IL_Governor_DEM,1
2018,IL,Governor,,DEM,Daniel Biss,biss d,17.0,We Ask America,811.0,,1/30/18,2018-03-20,2018_IL_Governor_DEM,0
2018,IL,Governor,,DEM,Chris Kennedy,kennedy c,12.0,We Ask America,811.0,,1/30/18,2018-03-20,2018_IL_Governor_DEM,0
2018,IL,Governor,,DEM,JB Pritzker,pritzker j,30.0,We Ask America,811.0,,1/30/18,2018-03-20,2018_IL_Governor_DEM,1
2018,IL,Governor,,DEM,Daniel Biss,biss d,6.0,We Ask America,1154.0,,10/18/17,2018-03-20,2018_IL_Governor_DEM,0
2018,IL,Governor,,DEM,Chris Kennedy,kennedy c,15.0,We Ask America,1154.0,,10/18/17,2018-03-20,2018_IL_Governor_DEM,0
2018,IL,Governor,,DEM,JB Pritzker,pritzker j,39.0,We Ask America,1154.0,,10/18/17,2018-03-20,2018_IL_Governor_DEM,1
2018,IL,Governor,,DEM,Daniel Biss,biss d,5.0,ALG Research (D-Biss),,,7/1/17,2018-03-20,2018_IL_Governor_DEM,0
2018,IL,Governor,,DEM,Chris Kennedy,kennedy c,23.0,ALG Research (D-Biss),,,7/1/17,2018-03-20,2018_IL_Governor_DEM,0
2018,IL,Governor,,DEM,JB Pritzker,pritzker j,30.0,ALG Research (D-Biss),,,7/1/17,2018-03-20,2018_IL_Governor_DEM,1
2018,IL,Governor,,DEM,Chris Kennedy,kennedy c,44.0,Garin-Hart-Yang (D-Kennedy),602.0,,6/29/17,2018-03-20,2018_IL_Governor_DEM,0
2018,IL,Governor,,DEM,JB Pritzker,pritzker j,38.0,Garin-Hart-Yang (D-Kennedy),602.0,,6/29/17,2018-03-20,2018_IL_Governor_DEM,1
2018,IL,Governor,,DEM,Chris Kennedy,kennedy c,44.0,Greenberg Quinlan Rosner (D-Summers),500.0,,3/6/17,2018-03-20,2018_IL_Governor_DEM,0
2018,IL,Governor,,DEM,JB Pritzker,pritzker j,11.0,Greenberg Quinlan Rosner (D-Summers),500.0,,3/6/17,2018-03-20,2018_IL_Governor_DEM,1
2018,IL,Governor,,DEM,Dick Durbin,durbin d,49.0,We Ask America,1128.0,,7/27/16,2018-03-20,2018_IL_Governor_DEM,0
2018,IL,Governor,,DEM,Pat Quinn,quinn p,10.0,We Ask America,1128.0,,7/27/16,2018-03-20,2018_IL_Governor_DEM,0
2018,IL,Governor,,DEM,Chris Kennedy,kennedy c,5.0,We Ask America,1128.0,,7/27/16,2018-03-20,2018_IL_Governor_DEM,0
2018,KS,Governor,,REP,Jim Barnett,barnett j,14.000000000000002,Remington,2769.0,,8/5/18,2018-08-07,2018_KS_Governor_REP,0
2018,KS,Governor,,REP,Jeff Colyer,colyer j,34.0,Remington,2769.0,,8/5/18,2018-08-07,2018_KS_Governor_REP,0
2018,KS,Governor,,REP,Kris Kobach,kobach k,32.0,Remington,2769.0,,8/5/18,2018-08-07,2018_KS_Governor_REP,1
2018,KS,Governor,,REP,Ken Selzer,selzer k,9.0,Remington,2769.0,,8/5/18,2018-08-07,2018_KS_Governor_REP,0
2018,KS,Governor,,REP,Jim Barnett,barnett j,11.0,The Trafalgar Group,1546.0,,8/2/18,2018-08-07,2018_KS_Governor_REP,0
2018,KS,Governor,,REP,Jeff Colyer,colyer j,36.0,The Trafalgar Group,1546.0,,8/2/18,2018-08-07,2018_KS_Governor_REP,0
2018,KS,Governor,,REP,Kris Kobach,kobach k,43.0,The Trafalgar Group,1546.0,,8/2/18,2018-08-07,2018_KS_Governor_REP,1
2018,KS,Governor,,REP,Ken Selzer,selzer k,5.0,The Trafalgar Group,1546.0,,8/2/18,2018-08-07,2018_KS_Governor_REP,0
2018,KS,Governor,,REP,Jim Barnett,barnett j,13.0,Remington,859.0,,8/2/18,2018-08-07,2018_KS_Governor_REP,0
2018,KS,Governor,,REP,Jeff Colyer,colyer j,32.0,Remington,859.0,,8/2/18,2018-08-07,2018_KS_Governor_REP,0
2018,KS,Governor,,REP,Kris Kobach,kobach k,32.0,Remington,859.0,,8/2/18,2018-08-07,2018_KS_Governor_REP,1
2018,KS,Governor,,REP,Ken Selzer,selzer k,9.0,Remington,859.0,,8/2/18,2018-08-07,2018_KS_Governor_REP,0
2018,KS,Governor,,REP,Jim Barnett,barnett j,11.0,JMC Analytics (R-Kobach),500.0,,7/26/18,2018-08-07,2018_KS_Governor_REP,0
2018,KS,Governor,,REP,Jeff Colyer,colyer j,25.0,JMC Analytics (R-Kobach),500.0,,7/26/18,2018-08-07,2018_KS_Governor_REP,0
2018,KS,Governor,,REP,Kris Kobach,kobach k,34.0,JMC Analytics (R-Kobach),500.0,,7/26/18,2018-08-07,2018_KS_Governor_REP,1
2018,KS,Governor,,REP,Ken Selzer,selzer k,8.0,JMC Analytics (R-Kobach),500.0,,7/26/18,2018-08-07,2018_KS_Governor_REP,0
2018,KS,Governor,,REP,Jim Barnett,barnett j,9.0,Remington,1441.0,,5/15/18,2018-08-07,2018_KS_Governor_REP,0
2018,KS,Governor,,REP,Jeff Colyer,colyer j,28.999999999999996,Remington,1441.0,,5/15/18,2018-08-07,2018_KS_Governor_REP,0
2018,KS,Governor,,REP,Kris Kobach,kobach k,27.0,Remington,1441.0,,5/15/18,2018-08-07,2018_KS_Governor_REP,1
2018,KS,Governor,,REP,Ken Selzer,selzer k,5.0,Remington,1441.0,,5/15/18,2018-08-07,2018_KS_Governor_REP,0
2018,KS,Governor,,REP,Jim Barnett,barnett j,10.0,JMC Analytics (R-Kobach),500.0,,3/17/18,2018-08-07,2018_KS_Governor_REP,0
2018,KS,Governor,,REP,Jeff Colyer,colyer j,18.0,JMC Analytics (R-Kobach),500.0,,3/17/18,2018-08-07,2018_KS_Governor_REP,0
2018,KS,Governor,,REP,Kris Kobach,kobach k,31.0,JMC Analytics (R-Kobach),500.0,,3/17/18,2018-08-07,2018_KS_Governor_REP,1
2018,KS,Governor,,REP,Ken Selzer,selzer k,4.0,JMC Analytics (R-Kobach),500.0,,3/17/18,2018-08-07,2018_KS_Governor_REP,0
2018,KS,Governor,,REP,Jim Barnett,barnett j,8.0,Remington,1806.0,,2/14/18,2018-08-07,2018_KS_Governor_REP,0
2018,KS,Governor,,REP,Jeff Colyer,colyer j,23.0,Remington,1806.0,,2/14/18,2018-08-07,2018_KS_Governor_REP,0
2018,KS,Governor,,REP,Wink Hartman,hartman w,5.0,Remington,1806.0,,2/14/18,2018-08-07,2018_KS_Governor_REP,0
2018,KS,Governor,,REP,Kris Kobach,kobach k,21.0,Remington,1806.0,,2/14/18,2018-08-07,2018_KS_Governor_REP,1
2018,KS,Governor,,REP,Ken Selzer,selzer k,3.0,Remington,1806.0,,2/14/18,2018-08-07,2018_KS_Governor_REP,0
2018,KS,Governor,,REP,Jeff Colyer,colyer j,20.0,Moore Information,,,2/11/18,2018-08-07,2018_KS_Governor_REP,0
2018,KS,Governor,,REP,Wink Hartman,hartman w,6.0,Moore Information,,,2/11/18,2018-08-07,2018_KS_Governor_REP,0
2018,KS,Governor,,REP,Kris Kobach,kobach k,26.0,Moore Information,,,2/11/18,2018-08-07,2018_KS_Governor_REP,1
2018,KS,Governor,,REP,Ken Selzer,selzer k,11.0,Moore Information,,,2/11/18,2018-08-07,2018_KS_Governor_REP,0
2018,KS,Governor,,DEM,Arden Andersen,andersen a,3.0,GBA Strategies (D-Kelly),500.0,,6/7/18,2018-08-07,2018_KS_Governor_DEM,0
2018,KS,Governor,,DEM,Jack Bergeson,bergeson j,2.0,GBA Strategies (D-Kelly),500.0,,6/7/18,2018-08-07,2018_KS_Governor_DEM,0
2018,KS,Governor,,DEM,Carl Brewer,brewer c,22.0,GBA Strategies (D-Kelly),500.0,,6/7/18,2018-08-07,2018_KS_Governor_DEM,0
2018,KS,Governor,,DEM,Laura Kelly,kelly l,35.0,GBA Strategies (D-Kelly),500.0,,6/7/18,2018-08-07,2018_KS_Governor_DEM,1
2018,KS,Governor,,DEM,Josh Svaty,svaty j,12.0,GBA Strategies (D-Kelly),500.0,,6/7/18,2018-08-07,2018_KS_Governor_DEM,0
2018,KS,Governor,,DEM,Laura Kelly,kelly l,17.0,Expedition Strategies (D-Ward),,,3/8/18,2018-08-07,2018_KS_Governor_DEM,1
2018,KS,Governor,,DEM,Josh Svaty,svaty j,7.000000000000001,Expedition Strategies (D-Ward),,,3/8/18,2018-08-07,2018_KS_Governor_DEM,0
2018,KS,Governor,,DEM,Jim Ward,ward j,19.0,Expedition Strategies (D-Ward),,,3/8/18,2018-08-07,2018_KS_Governor_DEM,0
2018,KS,Governor,,DEM,Laura Kelly,kelly l,39.0,Moore Information,,,2/11/18,2018-08-07,2018_KS_Governor_DEM,1
2018,KS,Governor,,DEM,Jim Ward,ward j,20.0,Moore Information,,,2/11/18,2018-08-07,2018_KS_Governor_DEM,0
2018,MA,Governor,,REP,Charlie Baker,baker c,70.0,MassINC,399.0,,6/25/18,2018-09-04,2018_MA_Governor_REP,1
2018,MA,Governor,,REP,Scott Lively,lively s,17.0,MassINC,399.0,,6/25/18,2018-09-04,2018_MA_Governor_REP,0
2018,MA,Governor,,DEM,Jay Gonzalez,gonzalez j,21.0,MassINC,418.0,,6/25/18,2018-09-04,2018_MA_Governor_DEM,1
2018,MA,Governor,,DEM,Bob Massie,massie b,15.0,MassINC,418.0,,6/25/18,2018-09-04,2018_MA_Governor_DEM,0
2018,MD,Governor,,DEM,Rushern Baker,baker r,25.0,Gonzales Research,505.0,,6/10/18,2018-06-26,2018_MD_Governor_DEM,0
2018,MD,Governor,,DEM,Valerie Ervin,ervin v,7.000000000000001,Gonzales Research,505.0,,6/10/18,2018-06-26,2018_MD_Governor_DEM,0
2018,MD,Governor,,DEM,Ben Jealous,jealous b,23.0,Gonzales Research,505.0,,6/10/18,2018-06-26,2018_MD_Governor_DEM,1
2018,MD,Governor,,DEM,Richard Madaleno,madaleno r,9.0,Gonzales Research,505.0,,6/10/18,2018-06-26,2018_MD_Governor_DEM,0
2018,MD,Governor,,DEM,Jim Shea,shea j,6.0,Gonzales Research,505.0,,6/10/18,2018-06-26,2018_MD_Governor_DEM,0
2018,MD,Governor,,DEM,Krish Vignarajah,vignarajah k,5.0,Gonzales Research,505.0,,6/10/18,2018-06-26,2018_MD_Governor_DEM,0
2018,MD,Governor,,DEM,Rushern Baker,baker r,16.0,OpinionWorks,500.0,,6/6/18,2018-06-26,2018_MD_Governor_DEM,0
2018,MD,Governor,,DEM,Valerie Ervin,ervin v,5.0,OpinionWorks,500.0,,6/6/18,2018-06-26,2018_MD_Governor_DEM,0
2018,MD,Governor,,DEM,Ben Jealous,jealous b,16.0,OpinionWorks,500.0,,6/6/18,2018-06-26,2018_MD_Governor_DEM,1
2018,MD,Governor,,DEM,Richard Madaleno,madaleno r,4.0,OpinionWorks,500.0,,6/6/18,2018-06-26,2018_MD_Governor_DEM,0
2018,MD,Governor,,DEM,Jim Shea,shea j,4.0,OpinionWorks,500.0,,6/6/18,2018-06-26,2018_MD_Governor_DEM,0
2018,MD,Governor,,DEM,Krish Vignarajah,vignarajah k,4.0,OpinionWorks,500.0,,6/6/18,2018-06-26,2018_MD_Governor_DEM,0
2018,MD,Governor,,DEM,Rushern Baker,baker r,16.0,University of Maryland,532.0,,6/3/18,2018-06-26,2018_MD_Governor_DEM,0
2018,MD,Governor,,DEM,Valerie Ervin,ervin v,8.0,University of Maryland,532.0,,6/3/18,2018-06-26,2018_MD_Governor_DEM,0
2018,MD,Governor,,DEM,Ben Jealous,jealous b,21.0,University of Maryland,532.0,,6/3/18,2018-06-26,2018_MD_Governor_DEM,1
2018,MD,Governor,,DEM,Richard Madaleno,madaleno r,6.0,University of Maryland,532.0,,6/3/18,2018-06-26,2018_MD_Governor_DEM,0
2018,MD,Governor,,DEM,Jim Shea,shea j,4.0,University of Maryland,532.0,,6/3/18,2018-06-26,2018_MD_Governor_DEM,0
2018,MD,Governor,,DEM,Krish Vignarajah,vignarajah k,4.0,University of Maryland,532.0,,6/3/18,2018-06-26,2018_MD_Governor_DEM,0
2018,MD,Governor,,DEM,Rushern Baker,baker r,26.0,Mason-Dixon,500.0,,2/24/18,2018-06-26,2018_MD_Governor_DEM,0
2018,MD,Governor,,DEM,Ben Jealous,jealous b,14.000000000000002,Mason-Dixon,500.0,,2/24/18,2018-06-26,2018_MD_Governor_DEM,1
2018,MD,Governor,,DEM,Kevin Kamenetz,kamenetz k,15.0,Mason-Dixon,500.0,,2/24/18,2018-06-26,2018_MD_Governor_DEM,0
2018,MD,Governor,,DEM,Richard Madaleno,madaleno r,4.0,Mason-Dixon,500.0,,2/24/18,2018-06-26,2018_MD_Governor_DEM,0
2018,MD,Governor,,DEM,Jim Shea,shea j,3.0,Mason-Dixon,500.0,,2/24/18,2018-06-26,2018_MD_Governor_DEM,0
2018,MD,Governor,,DEM,Krish Vignarajah,vignarajah k,2.0,Mason-Dixon,500.0,,2/24/18,2018-06-26,2018_MD_Governor_DEM,0
2018,MD,Governor,,DEM,Rushern Baker,baker r,19.0,Goucher College,409.0,,2/18/18,2018-06-26,2018_MD_Governor_DEM,0
2018,MD,Governor,,DEM,Ben Jealous,jealous b,10.0,Goucher College,409.0,,2/18/18,2018-06-26,2018_MD_Governor_DEM,1
2018,MD,Governor,,DEM,Kevin Kamenetz,kamenetz k,12.0,Goucher College,409.0,,2/18/18,2018-06-26,2018_MD_Governor_DEM,0
2018,MD,Governor,,DEM,Richard Madaleno,madaleno r,2.0,Goucher College,409.0,,2/18/18,2018-06-26,2018_MD_Governor_DEM,0
2018,MD,Governor,,DEM,Jim Shea,shea j,2.0,Goucher College,409.0,,2/18/18,2018-06-26,2018_MD_Governor_DEM,0
2018,MD,Governor,,DEM,Krish Vignarajah,vignarajah k,2.0,Goucher College,409.0,,2/18/18,2018-06-26,2018_MD_Governor_DEM,0
2018,MD,Governor,,DEM,Rushern Baker,baker r,24.0,Gonzales Research,501.0,,1/5/18,2018-06-26,2018_MD_Governor_DEM,0
2018,MD,Governor,,DEM,Ben Jealous,jealous b,14.000000000000002,Gonzales Research,501.0,,1/5/18,2018-06-26,2018_MD_Governor_DEM,1
2018,MD,Governor,,DEM,Kevin Kamenetz,kamenetz k,14.000000000000002,Gonzales Research,501.0,,1/5/18,2018-06-26,2018_MD_Governor_DEM,0
2018,MD,Governor,,DEM,Richard Madaleno,madaleno r,5.0,Gonzales Research,501.0,,1/5/18,2018-06-26,2018_MD_Governor_DEM,0
2018,MD,Governor,,DEM,Jim Shea,shea j,1.0,Gonzales Research,501.0,,1/5/18,2018-06-26,2018_MD_Governor_DEM,0
2018,MD,Governor,,DEM,Krish Vignarajah,vignarajah k,2.0,Gonzales Research,501.0,,1/5/18,2018-06-26,2018_MD_Governor_DEM,0
2018,MD,Governor,,DEM,Rushern Baker,baker r,28.000000000000004,Mason-Dixon,400.0,,9/30/17,2018-06-26,2018_MD_Governor_DEM,0
2018,MD,Governor,,DEM,Ben Jealous,jealous b,10.0,Mason-Dixon,400.0,,9/30/17,2018-06-26,2018_MD_Governor_DEM,1
2018,MD,Governor,,DEM,Kevin Kamenetz,kamenetz k,11.0,Mason-Dixon,400.0,,9/30/17,2018-06-26,2018_MD_Governor_DEM,0
2018,MD,Governor,,DEM,Richard Madaleno,madaleno r,3.0,Mason-Dixon,400.0,,9/30/17,2018-06-26,2018_MD_Governor_DEM,0
2018,MD,Governor,,DEM,Jim Shea,shea j,1.0,Mason-Dixon,400.0,,9/30/17,2018-06-26,2018_MD_Governor_DEM,0
2018,MD,Governor,,DEM,Krish Vignarajah,vignarajah k,1.0,Mason-Dixon,400.0,,9/30/17,2018-06-26,2018_MD_Governor_DEM,0
2018,MD,Governor,,DEM,Rushern Baker,baker r,13.0,Goucher College,324.0,,9/18/17,2018-06-26,2018_MD_Governor_DEM,0
2018,MD,Governor,,DEM,Ben Jealous,jealous b,6.0,Goucher College,324.0,,9/18/17,2018-06-26,2018_MD_Governor_DEM,1
2018,MD,Governor,,DEM,Kevin Kamenetz,kamenetz k,8.0,Goucher College,324.0,,9/18/17,2018-06-26,2018_MD_Governor_DEM,0
2018,MD,Governor,,DEM,Richard Madaleno,madaleno r,2.0,Goucher College,324.0,,9/18/17,2018-06-26,2018_MD_Governor_DEM,0
2018,MD,Governor,,DEM,Jim Shea,shea j,2.0,Goucher College,324.0,,9/18/17,2018-06-26,2018_MD_Governor_DEM,0
2018,MD,Governor,,DEM,Krish Vignarajah,vignarajah k,1.0,Goucher College,324.0,,9/18/17,2018-06-26,2018_MD_Governor_DEM,0
2018,ME,Governor,,REP,RCV round,round r,1.0,SurveyUSA,546.0,,5/1/18,2018-06-12,2018_ME_Governor_REP,0
2018,ME,Governor,,REP,Ken Fredette,fredette k,10.0,SurveyUSA,546.0,,5/1/18,2018-06-12,2018_ME_Governor_REP,0
2018,ME,Governor,,REP,Garrett Mason,mason g,15.0,SurveyUSA,546.0,,5/1/18,2018-06-12,2018_ME_Governor_REP,0
2018,ME,Governor,,REP,Mary Mayhew,mayhew m,19.0,SurveyUSA,546.0,,5/1/18,2018-06-12,2018_ME_Governor_REP,0
2018,ME,Governor,,REP,Shawn Moody,moody s,34.0,SurveyUSA,546.0,,5/1/18,2018-06-12,2018_ME_Governor_REP,1
2018,ME,Governor,,REP,Susan Collins,collins s,33.0,Public Policy Polling,672.0,,8/2/17,2018-06-12,2018_ME_Governor_REP,0
2018,ME,Governor,,REP,Mary Mayhew,mayhew m,44.0,Public Policy Polling,672.0,,8/2/17,2018-06-12,2018_ME_Governor_REP,0
2018,ME,Governor,,DEM,RCV round,round r,1.0,SurveyUSA,649.0,,5/1/18,2018-06-12,2018_ME_Governor_DEM,0
2018,ME,Governor,,DEM,Adam Cote,cote a,9.0,SurveyUSA,649.0,,5/1/18,2018-06-12,2018_ME_Governor_DEM,0
2018,ME,Governor,,DEM,Donna Dion,dion d,2.0,SurveyUSA,649.0,,5/1/18,2018-06-12,2018_ME_Governor_DEM,0
2018,ME,Governor,,DEM,Mark Dion,dion m,10.0,SurveyUSA,649.0,,5/1/18,2018-06-12,2018_ME_Governor_DEM,0
2018,ME,Governor,,DEM,Mark Eves,eves m,16.0,SurveyUSA,649.0,,5/1/18,2018-06-12,2018_ME_Governor_DEM,0
2018,ME,Governor,,DEM,Janet Mills,mills j,32.0,SurveyUSA,649.0,,5/1/18,2018-06-12,2018_ME_Governor_DEM,1
2018,ME,Governor,,DEM,Diane Russell,russell d,4.0,SurveyUSA,649.0,,5/1/18,2018-06-12,2018_ME_Governor_DEM,0
2018,ME,Governor,,DEM,Betsy Sweet,sweet b,5.0,SurveyUSA,649.0,,5/1/18,2018-06-12,2018_ME_Governor_DEM,0
2018,MI,Governor,,REP,Brian Calley,calley b,18.0,Mitchell Research,413.0,,7/30/18,2018-08-07,2018_MI_Governor_REP,0
2018,MI,Governor,,REP,Patrick Colbeck,colbeck p,9.0,Mitchell Research,413.0,,7/30/18,2018-08-07,2018_MI_Governor_REP,0
2018,MI,Governor,,REP,Jim Hines,hines j,10.0,Mitchell Research,413.0,,7/30/18,2018-08-07,2018_MI_Governor_REP,0
2018,MI,Governor,,REP,Bill Schuette,schuette b,40.0,Mitchell Research,413.0,,7/30/18,2018-08-07,2018_MI_Governor_REP,1
2018,MI,Governor,,REP,Brian Calley,calley b,24.0,EPIC-MRA,1045.0,,7/22/18,2018-08-07,2018_MI_Governor_REP,0
2018,MI,Governor,,REP,Patrick Colbeck,colbeck p,11.0,EPIC-MRA,1045.0,,7/22/18,2018-08-07,2018_MI_Governor_REP,0
2018,MI,Governor,,REP,Jim Hines,hines j,8.0,EPIC-MRA,1045.0,,7/22/18,2018-08-07,2018_MI_Governor_REP,0
2018,MI,Governor,,REP,Bill Schuette,schuette b,42.0,EPIC-MRA,1045.0,,7/22/18,2018-08-07,2018_MI_Governor_REP,1
2018,MI,Governor,,REP,Brian Calley,calley b,13.0,Emerson College,202.0,,7/21/18,2018-08-07,2018_MI_Governor_REP,0
2018,MI,Governor,,REP,Patrick Colbeck,colbeck p,7.000000000000001,Emerson College,202.0,,7/21/18,2018-08-07,2018_MI_Governor_REP,0
2018,MI,Governor,,REP,Jim Hines,hines j,9.0,Emerson College,202.0,,7/21/18,2018-08-07,2018_MI_Governor_REP,0
2018,MI,Governor,,REP,Bill Schuette,schuette b,35.0,Emerson College,202.0,,7/21/18,2018-08-07,2018_MI_Governor_REP,1
2018,MI,Governor,,REP,Brian Calley,calley b,26.0,Marist College,337.0,,7/19/18,2018-08-07,2018_MI_Governor_REP,0
2018,MI,Governor,,REP,Patrick Colbeck,colbeck p,11.0,Marist College,337.0,,7/19/18,2018-08-07,2018_MI_Governor_REP,0
2018,MI,Governor,,REP,Bill Schuette,schuette b,33.0,Marist College,337.0,,7/19/18,2018-08-07,2018_MI_Governor_REP,1
2018,MI,Governor,,REP,Brian Calley,calley b,17.0,JMC Analytics,600.0,,7/12/18,2018-08-07,2018_MI_Governor_REP,0
2018,MI,Governor,,REP,Patrick Colbeck,colbeck p,10.0,JMC Analytics,600.0,,7/12/18,2018-08-07,2018_MI_Governor_REP,0
2018,MI,Governor,,REP,Jim Hines,hines j,4.0,JMC Analytics,600.0,,7/12/18,2018-08-07,2018_MI_Governor_REP,0
2018,MI,Governor,,REP,Bill Schuette,schuette b,25.0,JMC Analytics,600.0,,7/12/18,2018-08-07,2018_MI_Governor_REP,1
2018,MI,Governor,,REP,Brian Calley,calley b,16.0,Target-Insyght,400.0,,6/26/18,2018-08-07,2018_MI_Governor_REP,0
2018,MI,Governor,,REP,Patrick Colbeck,colbeck p,8.0,Target-Insyght,400.0,,6/26/18,2018-08-07,2018_MI_Governor_REP,0
2018,MI,Governor,,REP,Jim Hines,hines j,4.0,Target-Insyght,400.0,,6/26/18,2018-08-07,2018_MI_Governor_REP,0
2018,MI,Governor,,REP,Bill Schuette,schuette b,45.0,Target-Insyght,400.0,,6/26/18,2018-08-07,2018_MI_Governor_REP,1
2018,MI,Governor,,REP,Brian Calley,calley b,23.0,NMB Research (R-Better Jobs PAC),,,6/21/18,2018-08-07,2018_MI_Governor_REP,0
2018,MI,Governor,,REP,Bill Schuette,schuette b,45.0,NMB Research (R-Better Jobs PAC),,,6/21/18,2018-08-07,2018_MI_Governor_REP,1
2018,MI,Governor,,REP,Brian Calley,calley b,19.0,Public Opinion Strategies (R-Schuette),500.0,,5/24/18,2018-08-07,2018_MI_Governor_REP,0
2018,MI,Governor,,REP,Patrick Colbeck,colbeck p,6.0,Public Opinion Strategies (R-Schuette),500.0,,5/24/18,2018-08-07,2018_MI_Governor_REP,0
2018,MI,Governor,,REP,Jim Hines,hines j,1.0,Public Opinion Strategies (R-Schuette),500.0,,5/24/18,2018-08-07,2018_MI_Governor_REP,0
2018,MI,Governor,,REP,Bill Schuette,schuette b,42.0,Public Opinion Strategies (R-Schuette),500.0,,5/24/18,2018-08-07,2018_MI_Governor_REP,1
2018,MI,Governor,,REP,Brian Calley,calley b,20.0,Public Opinion Strategies (R-Schuette),600.0,,5/1/18,2018-08-07,2018_MI_Governor_REP,0
2018,MI,Governor,,REP,Patrick Colbeck,colbeck p,6.0,Public Opinion Strategies (R-Schuette),600.0,,5/1/18,2018-08-07,2018_MI_Governor_REP,0
2018,MI,Governor,,REP,Jim Hines,hines j,2.0,Public Opinion Strategies (R-Schuette),600.0,,5/1/18,2018-08-07,2018_MI_Governor_REP,0
2018,MI,Governor,,REP,Bill Schuette,schuette b,42.0,Public Opinion Strategies (R-Schuette),600.0,,5/1/18,2018-08-07,2018_MI_Governor_REP,1
2018,MI,Governor,,REP,Brian Calley,calley b,23.0,Glengariff Group,400.0,,4/21/18,2018-08-07,2018_MI_Governor_REP,0
2018,MI,Governor,,REP,Patrick Colbeck,colbeck p,4.0,Glengariff Group,400.0,,4/21/18,2018-08-07,2018_MI_Governor_REP,0
2018,MI,Governor,,REP,Jim Hines,hines j,1.0,Glengariff Group,400.0,,4/21/18,2018-08-07,2018_MI_Governor_REP,0
2018,MI,Governor,,REP,Bill Schuette,schuette b,36.0,Glengariff Group,400.0,,4/21/18,2018-08-07,2018_MI_Governor_REP,1
2018,MI,Governor,,REP,Brian Calley,calley b,13.0,Denno Research,500.0,,4/3/18,2018-08-07,2018_MI_Governor_REP,0
2018,MI,Governor,,REP,Patrick Colbeck,colbeck p,4.0,Denno Research,500.0,,4/3/18,2018-08-07,2018_MI_Governor_REP,0
2018,MI,Governor,,REP,Jim Hines,hines j,1.0,Denno Research,500.0,,4/3/18,2018-08-07,2018_MI_Governor_REP,0
2018,MI,Governor,,REP,Bill Schuette,schuette b,23.0,Denno Research,500.0,,4/3/18,2018-08-07,2018_MI_Governor_REP,1
2018,MI,Governor,,REP,Brian Calley,calley b,18.0,Strategic National,400.0,,3/20/18,2018-08-07,2018_MI_Governor_REP,0
2018,MI,Governor,,REP,Patrick Colbeck,colbeck p,7.000000000000001,Strategic National,400.0,,3/20/18,2018-08-07,2018_MI_Governor_REP,0
2018,MI,Governor,,REP,Jim Hines,hines j,3.0,Strategic National,400.0,,3/20/18,2018-08-07,2018_MI_Governor_REP,0
2018,MI,Governor,,REP,Bill Schuette,schuette b,27.0,Strategic National,400.0,,3/20/18,2018-08-07,2018_MI_Governor_REP,1
2018,MI,Governor,,REP,Brian Calley,calley b,13.0,Marketing Resource Group,600.0,,3/17/18,2018-08-07,2018_MI_Governor_REP,0
2018,MI,Governor,,REP,Patrick Colbeck,colbeck p,2.0,Marketing Resource Group,600.0,,3/17/18,2018-08-07,2018_MI_Governor_REP,0
2018,MI,Governor,,REP,Jim Hines,hines j,2.0,Marketing Resource Group,600.0,,3/17/18,2018-08-07,2018_MI_Governor_REP,0
2018,MI,Governor,,REP,Bill Schuette,schuette b,28.999999999999996,Marketing Resource Group,600.0,,3/17/18,2018-08-07,2018_MI_Governor_REP,1
2018,MI,Governor,,REP,Brian Calley,calley b,15.0,Public Opinion Strategies (R-Schuette),800.0,,2/13/18,2018-08-07,2018_MI_Governor_REP,0
2018,MI,Governor,,REP,Patrick Colbeck,colbeck p,5.0,Public Opinion Strategies (R-Schuette),800.0,,2/13/18,2018-08-07,2018_MI_Governor_REP,0
2018,MI,Governor,,REP,Jim Hines,hines j,2.0,Public Opinion Strategies (R-Schuette),800.0,,2/13/18,2018-08-07,2018_MI_Governor_REP,0
2018,MI,Governor,,REP,Bill Schuette,schuette b,42.0,Public Opinion Strategies (R-Schuette),800.0,,2/13/18,2018-08-07,2018_MI_Governor_REP,1
2018,MI,Governor,,REP,Brian Calley,calley b,19.0,Strategic National,600.0,,12/17/17,2018-08-07,2018_MI_Governor_REP,0
2018,MI,Governor,,REP,Patrick Colbeck,colbeck p,5.0,Strategic National,600.0,,12/17/17,2018-08-07,2018_MI_Governor_REP,0
2018,MI,Governor,,REP,Jim Hines,hines j,2.0,Strategic National,600.0,,12/17/17,2018-08-07,2018_MI_Governor_REP,0
2018,MI,Governor,,REP,Bill Schuette,schuette b,30.0,Strategic National,600.0,,12/17/17,2018-08-07,2018_MI_Governor_REP,1
2018,MI,Governor,,REP,Brian Calley,calley b,14.000000000000002,Target-Insyght,400.0,,11/6/17,2018-08-07,2018_MI_Governor_REP,0
2018,MI,Governor,,REP,Patrick Colbeck,colbeck p,5.0,Target-Insyght,400.0,,11/6/17,2018-08-07,2018_MI_Governor_REP,0
2018,MI,Governor,,REP,Jim Hines,hines j,5.0,Target-Insyght,400.0,,11/6/17,2018-08-07,2018_MI_Governor_REP,0
2018,MI,Governor,,REP,Bill Schuette,schuette b,38.0,Target-Insyght,400.0,,11/6/17,2018-08-07,2018_MI_Governor_REP,1
2018,MI,Governor,,REP,Brian Calley,calley b,13.0,Mitchell Research,400.0,,9/24/17,2018-08-07,2018_MI_Governor_REP,0
2018,MI,Governor,,REP,Bill Schuette,schuette b,52.0,Mitchell Research,400.0,,9/24/17,2018-08-07,2018_MI_Governor_REP,1
2018,MI,Governor,,REP,Brian Calley,calley b,13.0,Marketing Resource Group,216.0,,9/18/17,2018-08-07,2018_MI_Governor_REP,0
2018,MI,Governor,,REP,Patrick Colbeck,colbeck p,3.0,Marketing Resource Group,216.0,,9/18/17,2018-08-07,2018_MI_Governor_REP,0
2018,MI,Governor,,REP,Jim Hines,hines j,3.0,Marketing Resource Group,216.0,,9/18/17,2018-08-07,2018_MI_Governor_REP,0
2018,MI,Governor,,REP,Bill Schuette,schuette b,33.0,Marketing Resource Group,216.0,,9/18/17,2018-08-07,2018_MI_Governor_REP,1
2018,MI,Governor,,REP,Brian Calley,calley b,14.000000000000002,Target-Insyght,344.0,,7/27/17,2018-08-07,2018_MI_Governor_REP,0
2018,MI,Governor,,REP,Patrick Colbeck,colbeck p,4.0,Target-Insyght,344.0,,7/27/17,2018-08-07,2018_MI_Governor_REP,0
2018,MI,Governor,,REP,Jim Hines,hines j,1.0,Target-Insyght,344.0,,7/27/17,2018-08-07,2018_MI_Governor_REP,0
2018,MI,Governor,,REP,Bill Schuette,schuette b,42.0,Target-Insyght,344.0,,7/27/17,2018-08-07,2018_MI_Governor_REP,1
2018,MI,Governor,,REP,Brian Calley,calley b,11.0,Marketing Resource Group,216.0,,5/11/17,2018-08-07,2018_MI_Governor_REP,0
2018,MI,Governor,,REP,Jim Hines,hines j,7.000000000000001,Marketing Resource Group,216.0,,5/11/17,2018-08-07,2018_MI_Governor_REP,0
2018,MI,Governor,,REP,Bill Schuette,schuette b,32.0,Marketing Resource Group,216.0,,5/11/17,2018-08-07,2018_MI_Governor_REP,1
2018,MI,Governor,,REP,Brian Calley,calley b,14.000000000000002,Mitchell Research,435.0,,5/31/17,2018-08-07,2018_MI_Governor_REP,0
2018,MI,Governor,,REP,Jim Hines,hines j,1.0,Mitchell Research,435.0,,5/31/17,2018-08-07,2018_MI_Governor_REP,0
2018,MI,Governor,,REP,Candice Miller,miller c,21.0,Mitchell Research,435.0,,5/31/17,2018-08-07,2018_MI_Governor_REP,0
2018,MI,Governor,,REP,Bill Schuette,schuette b,18.0,Mitchell Research,435.0,,5/31/17,2018-08-07,2018_MI_Governor_REP,1
2018,MI,Governor,,REP,Brian Calley,calley b,11.0,Target-Insyght,400.0,,2/4/16,2018-08-07,2018_MI_Governor_REP,0
2018,MI,Governor,,REP,Arlan Meekhof,meekhof a,3.0,Target-Insyght,400.0,,2/4/16,2018-08-07,2018_MI_Governor_REP,0
2018,MI,Governor,,REP,Candice Miller,miller c,20.0,Target-Insyght,400.0,,2/4/16,2018-08-07,2018_MI_Governor_REP,0
2018,MI,Governor,,REP,Bill Schuette,schuette b,21.0,Target-Insyght,400.0,,2/4/16,2018-08-07,2018_MI_Governor_REP,1
2018,MI,Governor,,DEM,Abdul El-Sayed,elsayed a,19.0,EPIC-MRA,1054.0,,7/22/18,2018-08-07,2018_MI_Governor_DEM,0
2018,MI,Governor,,DEM,Shri Thanedar,thanedar s,22.0,EPIC-MRA,1054.0,,7/22/18,2018-08-07,2018_MI_Governor_DEM,0
2018,MI,Governor,,DEM,Gretchen Whitmer,whitmer g,49.0,EPIC-MRA,1054.0,,7/22/18,2018-08-07,2018_MI_Governor_DEM,1
2018,MI,Governor,,DEM,Abdul El-Sayed,elsayed a,27.0,Change Research (D-El-Sayed),1503.0,,7/21/18,2018-08-07,2018_MI_Governor_DEM,0
2018,MI,Governor,,DEM,Shri Thanedar,thanedar s,15.0,Change Research (D-El-Sayed),1503.0,,7/21/18,2018-08-07,2018_MI_Governor_DEM,0
2018,MI,Governor,,DEM,Gretchen Whitmer,whitmer g,33.0,Change Research (D-El-Sayed),1503.0,,7/21/18,2018-08-07,2018_MI_Governor_DEM,1
2018,MI,Governor,,DEM,Abdul El-Sayed,elsayed a,12.0,Emerson College,282.0,,7/21/18,2018-08-07,2018_MI_Governor_DEM,0
2018,MI,Governor,,DEM,Shri Thanedar,thanedar s,17.0,Emerson College,282.0,,7/21/18,2018-08-07,2018_MI_Governor_DEM,0
2018,MI,Governor,,DEM,Gretchen Whitmer,whitmer g,39.0,Emerson College,282.0,,7/21/18,2018-08-07,2018_MI_Governor_DEM,1
2018,MI,Governor,,DEM,Abdul El-Sayed,elsayed a,22.0,Marist College,442.0,,7/19/18,2018-08-07,2018_MI_Governor_DEM,0
2018,MI,Governor,,DEM,Shri Thanedar,thanedar s,27.0,Marist College,442.0,,7/19/18,2018-08-07,2018_MI_Governor_DEM,0
2018,MI,Governor,,DEM,Gretchen Whitmer,whitmer g,31.0,Marist College,442.0,,7/19/18,2018-08-07,2018_MI_Governor_DEM,1
2018,MI,Governor,,DEM,Abdul El-Sayed,elsayed a,17.0,Target-Insyght,400.0,,6/26/18,2018-08-07,2018_MI_Governor_DEM,0
2018,MI,Governor,,DEM,Shri Thanedar,thanedar s,19.0,Target-Insyght,400.0,,6/26/18,2018-08-07,2018_MI_Governor_DEM,0
2018,MI,Governor,,DEM,Gretchen Whitmer,whitmer g,40.0,Target-Insyght,400.0,,6/26/18,2018-08-07,2018_MI_Governor_DEM,1
2018,MI,Governor,,DEM,Bill Cobbs,cobbs b,3.0,Glengariff Group,400.0,,4/22/18,2018-08-07,2018_MI_Governor_DEM,0
2018,MI,Governor,,DEM,Abdul El-Sayed,elsayed a,7.000000000000001,Glengariff Group,400.0,,4/22/18,2018-08-07,2018_MI_Governor_DEM,0
2018,MI,Governor,,DEM,Shri Thanedar,thanedar s,30.0,Glengariff Group,400.0,,4/22/18,2018-08-07,2018_MI_Governor_DEM,0
2018,MI,Governor,,DEM,Gretchen Whitmer,whitmer g,26.0,Glengariff Group,400.0,,4/22/18,2018-08-07,2018_MI_Governor_DEM,1
2018,MI,Governor,,DEM,Bill Cobbs,cobbs b,2.0,Denno Research,500.0,,4/7/18,2018-08-07,2018_MI_Governor_DEM,0
2018,MI,Governor,,DEM,Abdul El-Sayed,elsayed a,2.0,Denno Research,500.0,,4/7/18,2018-08-07,2018_MI_Governor_DEM,0
2018,MI,Governor,,DEM,Shri Thanedar,thanedar s,15.0,Denno Research,500.0,,4/7/18,2018-08-07,2018_MI_Governor_DEM,0
2018,MI,Governor,,DEM,Gretchen Whitmer,whitmer g,17.0,Denno Research,500.0,,4/7/18,2018-08-07,2018_MI_Governor_DEM,1
2018,MI,Governor,,DEM,Bill Cobbs,cobbs b,3.0,Marketing Resource Group,233.0,,3/17/18,2018-08-07,2018_MI_Governor_DEM,0
2018,MI,Governor,,DEM,Abdul El-Sayed,elsayed a,10.0,Marketing Resource Group,233.0,,3/17/18,2018-08-07,2018_MI_Governor_DEM,0
2018,MI,Governor,,DEM,Shri Thanedar,thanedar s,21.0,Marketing Resource Group,233.0,,3/17/18,2018-08-07,2018_MI_Governor_DEM,0
2018,MI,Governor,,DEM,Gretchen Whitmer,whitmer g,18.0,Marketing Resource Group,233.0,,3/17/18,2018-08-07,2018_MI_Governor_DEM,1
2018,MI,Governor,,DEM,Bill Cobbs,cobbs b,4.0,Target-Insyght,500.0,,3/8/18,2018-08-07,2018_MI_Governor_DEM,0
2018,MI,Governor,,DEM,Abdul El-Sayed,elsayed a,6.0,Target-Insyght,500.0,,3/8/18,2018-08-07,2018_MI_Governor_DEM,0
2018,MI,Governor,,DEM,Shri Thanedar,thanedar s,20.0,Target-Insyght,500.0,,3/8/18,2018-08-07,2018_MI_Governor_DEM,0
2018,MI,Governor,,DEM,Gretchen Whitmer,whitmer g,34.0,Target-Insyght,500.0,,3/8/18,2018-08-07,2018_MI_Governor_DEM,1
2018,MI,Governor,,DEM,Bill Cobbs,cobbs b,3.0,EPIC-MRA (D-Thanedar),600.0,,2/22/18,2018-08-07,2018_MI_Governor_DEM,0
2018,MI,Governor,,DEM,Abdul El-Sayed,elsayed a,8.0,EPIC-MRA (D-Thanedar),600.0,,2/22/18,2018-08-07,2018_MI_Governor_DEM,0
2018,MI,Governor,,DEM,Shri Thanedar,thanedar s,24.0,EPIC-MRA (D-Thanedar),600.0,,2/22/18,2018-08-07,2018_MI_Governor_DEM,0
2018,MI,Governor,,DEM,Gretchen Whitmer,whitmer g,34.0,EPIC-MRA (D-Thanedar),600.0,,2/22/18,2018-08-07,2018_MI_Governor_DEM,1
2018,MI,Governor,,DEM,Bill Cobbs,cobbs b,4.0,Target-Insyght,400.0,,11/6/17,2018-08-07,2018_MI_Governor_DEM,0
2018,MI,Governor,,DEM,Abdul El-Sayed,elsayed a,13.0,Target-Insyght,400.0,,11/6/17,2018-08-07,2018_MI_Governor_DEM,0
2018,MI,Governor,,DEM,Shri Thanedar,thanedar s,2.0,Target-Insyght,400.0,,11/6/17,2018-08-07,2018_MI_Governor_DEM,0
2018,MI,Governor,,DEM,Gretchen Whitmer,whitmer g,45.0,Target-Insyght,400.0,,11/6/17,2018-08-07,2018_MI_Governor_DEM,1
2018,MI,Governor,,DEM,Bill Cobbs,cobbs b,8.0,Marketing Resource Group,255.0,,9/18/17,2018-08-07,2018_MI_Governor_DEM,0
2018,MI,Governor,,DEM,Abdul El-Sayed,elsayed a,4.0,Marketing Resource Group,255.0,,9/18/17,2018-08-07,2018_MI_Governor_DEM,0
2018,MI,Governor,,DEM,Shri Thanedar,thanedar s,3.0,Marketing Resource Group,255.0,,9/18/17,2018-08-07,2018_MI_Governor_DEM,0
2018,MI,Governor,,DEM,Gretchen Whitmer,whitmer g,27.0,Marketing Resource Group,255.0,,9/18/17,2018-08-07,2018_MI_Governor_DEM,1
2018,MI,Governor,,DEM,Mike Duggan,duggan m,28.999999999999996,Target-Insyght,400.0,,11/6/17,2018-08-07,2018_MI_Governor_DEM,0
2018,MI,Governor,,DEM,Mike Duggan,duggan m,20.0,Target-Insyght,400.0,,2/4/16,2018-08-07,2018_MI_Governor_DEM,0
2018,MI,Governor,,DEM,Mark Hackel,hackel m,9.0,Target-Insyght,400.0,,2/4/16,2018-08-07,2018_MI_Governor_DEM,0
2018,MI,Governor,,DEM,Dan Kildee,kildee d,12.0,Target-Insyght,400.0,,2/4/16,2018-08-07,2018_MI_Governor_DEM,0
2018,MI,Governor,,DEM,Gretchen Whitmer,whitmer g,16.0,Target-Insyght,400.0,,2/4/16,2018-08-07,2018_MI_Governor_DEM,1
2018,MI,Governor,,DEM,Abdul El-Sayed,elsayed a,4.0,Target-Insyght,377.0,,7/25/17,2018-08-07,2018_MI_Governor_DEM,0
2018,MI,Governor,,DEM,Geoffrey Fieger,fieger g,35.0,Target-Insyght,377.0,,7/25/17,2018-08-07,2018_MI_Governor_DEM,0
2018,MI,Governor,,DEM,Shri Thanedar,thanedar s,3.0,Target-Insyght,377.0,,7/25/17,2018-08-07,2018_MI_Governor_DEM,0
2018,MI,Governor,,DEM,Gretchen Whitmer,whitmer g,35.0,Target-Insyght,377.0,,7/25/17,2018-08-07,2018_MI_Governor_DEM,1
2018,MI,Governor,,DEM,Abdul El-Sayed,elsayed a,9.0,Marketing Resource Group,255.0,,5/11/17,2018-08-07,2018_MI_Governor_DEM,0
2018,MI,Governor,,DEM,Geoffrey Fieger,fieger g,26.0,Marketing Resource Group,255.0,,5/11/17,2018-08-07,2018_MI_Governor_DEM,0
2018,MI,Governor,,DEM,Gretchen Whitmer,whitmer g,24.0,Marketing Resource Group,255.0,,5/11/17,2018-08-07,2018_MI_Governor_DEM,1
2018,MN,Governor,,DEM,Erin Murphy,murphy e,19.0,Emerson College,217.0,,8/11/18,2018-08-14,2018_MN_Governor_DEM,0
2018,MN,Governor,,DEM,Lori Swanson,swanson l,28.999999999999996,Emerson College,217.0,,8/11/18,2018-08-14,2018_MN_Governor_DEM,0
2018,MN,Governor,,DEM,Tim Walz,walz t,28.000000000000004,Emerson College,217.0,,8/11/18,2018-08-14,2018_MN_Governor_DEM,1
2018,MN,Governor,,DEM,Erin Murphy,murphy e,11.0,Marist College,439.0,,7/19/18,2018-08-14,2018_MN_Governor_DEM,0
2018,MN,Governor,,DEM,Lori Swanson,swanson l,28.000000000000004,Marist College,439.0,,7/19/18,2018-08-14,2018_MN_Governor_DEM,0
2018,MN,Governor,,DEM,Tim Walz,walz t,24.0,Marist College,439.0,,7/19/18,2018-08-14,2018_MN_Governor_DEM,1
2018,MN,Governor,,DEM,Erin Murphy,murphy e,17.0,GQR Research (D-Minnesota Victory PAC),602.0,,6/27/18,2018-08-14,2018_MN_Governor_DEM,0
2018,MN,Governor,,DEM,Lori Swanson,swanson l,37.0,GQR Research (D-Minnesota Victory PAC),602.0,,6/27/18,2018-08-14,2018_MN_Governor_DEM,0
2018,MN,Governor,,DEM,Tim Walz,walz t,28.999999999999996,GQR Research (D-Minnesota Victory PAC),602.0,,6/27/18,2018-08-14,2018_MN_Governor_DEM,1
2018,MN,Governor,,DEM,Tom Bakk,bakk t,1.0,SurveyUSA,,,11/19/16,2018-08-14,2018_MN_Governor_DEM,0
2018,MN,Governor,,DEM,Chris Coleman,coleman c,3.0,SurveyUSA,,,11/19/16,2018-08-14,2018_MN_Governor_DEM,0
2018,MN,Governor,,DEM,Amy Klobuchar,klobuchar a,25.0,SurveyUSA,,,11/19/16,2018-08-14,2018_MN_Governor_DEM,0
2018,MN,Governor,,DEM,Erin Murphy,murphy e,0.0,SurveyUSA,,,11/19/16,2018-08-14,2018_MN_Governor_DEM,0
2018,MN,Governor,,DEM,Rebecca Otto,otto r,1.0,SurveyUSA,,,11/19/16,2018-08-14,2018_MN_Governor_DEM,0
2018,MN,Governor,,DEM,R. T. Rybak,rybak r,6.0,SurveyUSA,,,11/19/16,2018-08-14,2018_MN_Governor_DEM,0
2018,MN,Governor,,DEM,Tina Smith,smith t,1.0,SurveyUSA,,,11/19/16,2018-08-14,2018_MN_Governor_DEM,0
2018,MN,Governor,,DEM,Lori Swanson,swanson l,3.0,SurveyUSA,,,11/19/16,2018-08-14,2018_MN_Governor_DEM,0
2018,MN,Governor,,DEM,Tim Walz,walz t,5.0,SurveyUSA,,,11/19/16,2018-08-14,2018_MN_Governor_DEM,1
2018,MN,Governor,,DEM,Chris Coleman,coleman c,12.0,Mason-Dixon,298.0,,1/10/18,2018-08-14,2018_MN_Governor_DEM,0
2018,MN,Governor,,DEM,Tina Liebling,liebling t,2.0,Mason-Dixon,298.0,,1/10/18,2018-08-14,2018_MN_Governor_DEM,0
2018,MN,Governor,,DEM,Erin Murphy,murphy e,6.0,Mason-Dixon,298.0,,1/10/18,2018-08-14,2018_MN_Governor_DEM,0
2018,MN,Governor,,DEM,Rebecca Otto,otto r,9.0,Mason-Dixon,298.0,,1/10/18,2018-08-14,2018_MN_Governor_DEM,0
2018,MN,Governor,,DEM,Lori Swanson,swanson l,16.0,Mason-Dixon,298.0,,1/10/18,2018-08-14,2018_MN_Governor_DEM,0
2018,MN,Governor,,DEM,Paul Thissen,thissen p,4.0,Mason-Dixon,298.0,,1/10/18,2018-08-14,2018_MN_Governor_DEM,0
2018,MN,Governor,,DEM,Tim Walz,walz t,21.0,Mason-Dixon,298.0,,1/10/18,2018-08-14,2018_MN_Governor_DEM,1
2018,MN,Governor,,DEM,Erin Murphy,murphy e,3.0,Expedition Strategies (D-Walz),600.0,,4/26/18,2018-08-14,2018_MN_Governor_DEM,0
2018,MN,Governor,,DEM,Rebecca Otto,otto r,19.0,Expedition Strategies (D-Walz),600.0,,4/26/18,2018-08-14,2018_MN_Governor_DEM,0
2018,MN,Governor,,DEM,Tim Walz,walz t,27.0,Expedition Strategies (D-Walz),600.0,,4/26/18,2018-08-14,2018_MN_Governor_DEM,1
2018,MN,Governor,,REP,Jeff Johnson,johnson j,34.0,Emerson College,156.0,,8/11/18,2018-08-14,2018_MN_Governor_REP,1
2018,MN,Governor,,REP,Tim Pawlenty,pawlenty t,43.0,Emerson College,156.0,,8/11/18,2018-08-14,2018_MN_Governor_REP,0
2018,MN,Governor,,REP,Jeff Johnson,johnson j,32.0,Marist College,340.0,,7/19/18,2018-08-14,2018_MN_Governor_REP,1
2018,MN,Governor,,REP,Tim Pawlenty,pawlenty t,51.0,Marist College,340.0,,7/19/18,2018-08-14,2018_MN_Governor_REP,0
2018,MN,Governor,,REP,Jeff Johnson,johnson j,20.0,BK Strategies,439.0,,6/25/18,2018-08-14,2018_MN_Governor_REP,1
2018,MN,Governor,,REP,Matt Kruse,kruse m,3.0,BK Strategies,439.0,,6/25/18,2018-08-14,2018_MN_Governor_REP,0
2018,MN,Governor,,REP,Tim Pawlenty,pawlenty t,54.0,BK Strategies,439.0,,6/25/18,2018-08-14,2018_MN_Governor_REP,0
2018,MN,Governor,,REP,Kurt Daudt,daudt k,2.0,SurveyUSA,,,11/19/16,2018-08-14,2018_MN_Governor_REP,0
2018,MN,Governor,,REP,Keith Downey,downey k,1.0,SurveyUSA,,,11/19/16,2018-08-14,2018_MN_Governor_REP,0
2018,MN,Governor,,REP,Tom Emmer,emmer t,4.0,SurveyUSA,,,11/19/16,2018-08-14,2018_MN_Governor_REP,0
2018,MN,Governor,,REP,Mike McFadden,mcfadden m,2.0,SurveyUSA,,,11/19/16,2018-08-14,2018_MN_Governor_REP,0
2018,MN,Governor,,REP,Erik Paulsen,paulsen e,8.0,SurveyUSA,,,11/19/16,2018-08-14,2018_MN_Governor_REP,0
2018,MN,Governor,,REP,Tim Pawlenty,pawlenty t,19.0,SurveyUSA,,,11/19/16,2018-08-14,2018_MN_Governor_REP,0
2018,MN,Governor,,REP,Rich Stanek,stanek r,1.0,SurveyUSA,,,11/19/16,2018-08-14,2018_MN_Governor_REP,0
2018,MN,Governor,,REP,Kurt Daudt,daudt k,12.0,Mason-Dixon,218.0,,1/10/18,2018-08-14,2018_MN_Governor_REP,0
2018,MN,Governor,,REP,Matt Dean,dean m,2.0,Mason-Dixon,218.0,,1/10/18,2018-08-14,2018_MN_Governor_REP,0
2018,MN,Governor,,REP,Keith Downey,downey k,1.0,Mason-Dixon,218.0,,1/10/18,2018-08-14,2018_MN_Governor_REP,0
2018,MN,Governor,,REP,Jeff Johnson,johnson j,24.0,Mason-Dixon,218.0,,1/10/18,2018-08-14,2018_MN_Governor_REP,1
2018,MN,Governor,,REP,Julie Rosen,rosen j,4.0,Mason-Dixon,218.0,,1/10/18,2018-08-14,2018_MN_Governor_REP,0
2018,MN,Governor,,REP,Mary G. Stephens,stephens m,1.0,Mason-Dixon,218.0,,1/10/18,2018-08-14,2018_MN_Governor_REP,0
2018,NH,Governor,,DEM,Molly Kelly,kelly m,21.0,Suffolk University,401.0,,4/30/18,2018-09-11,2018_NH_Governor_DEM,1
2018,NH,Governor,,DEM,Steve Marchand,marchand s,19.0,Suffolk University,401.0,,4/30/18,2018-09-11,2018_NH_Governor_DEM,0
2018,NH,Governor,,DEM,Mark Connolly,connolly m,9.0,TargetPoint / GQR,346.0,,3/15/18,2018-09-11,2018_NH_Governor_DEM,0
2018,NH,Governor,,DEM,Molly Kelly,kelly m,17.0,TargetPoint / GQR,346.0,,3/15/18,2018-09-11,2018_NH_Governor_DEM,1
2018,NH,Governor,,DEM,Steve Marchand,marchand s,11.0,TargetPoint / GQR,346.0,,3/15/18,2018-09-11,2018_NH_Governor_DEM,0
2018,NM,Governor,,DEM,Jeff Apodaca,apodaca j,15.0,"Research & Polling, Inc.",444.0,lv,5/24/18,2018-06-05,2018_NM_Governor_DEM,0
2018,NM,Governor,,DEM,Joe Cervantes,cervantes j,9.0,"Research & Polling, Inc.",444.0,lv,5/24/18,2018-06-05,2018_NM_Governor_DEM,0
2018,NM,Governor,,DEM,Michelle Lujan Grisham,grisham m,56.99999999999999,"Research & Polling, Inc.",444.0,lv,5/24/18,2018-06-05,2018_NM_Governor_DEM,1
2018,NM,Governor,,DEM,Jeff Apodaca,apodaca j,13.0,GQR Research,400.0,lv,2/19/18,2018-06-05,2018_NM_Governor_DEM,0
2018,NM,Governor,,DEM,Joe Cervantes,cervantes j,6.0,GQR Research,400.0,lv,2/19/18,2018-06-05,2018_NM_Governor_DEM,0
2018,NM,Governor,,DEM,Michelle Lujan Grisham,grisham m,72.0,GQR Research,400.0,lv,2/19/18,2018-06-05,2018_NM_Governor_DEM,1
2018,NM,Governor,,DEM,Jeff Apodaca,apodaca j,10.0,GQR Research,446.0,lv,10/18/17,2018-06-05,2018_NM_Governor_DEM,0
2018,NM,Governor,,DEM,Joe Cervantes,cervantes j,3.0,GQR Research,446.0,lv,10/18/17,2018-06-05,2018_NM_Governor_DEM,0
2018,NM,Governor,,DEM,Michelle Lujan Grisham,grisham m,75.0,GQR Research,446.0,lv,10/18/17,2018-06-05,2018_NM_Governor_DEM,1
2018,NV,Governor,,REP,Adam Laxalt,laxalt a,55.00000000000001,The Mellman Group,400.0,,4/19/18,2018-06-12,2018_NV_Governor_REP,1
2018,NV,Governor,,REP,Dan Schwartz,schwartz d,4.0,The Mellman Group,400.0,,4/19/18,2018-06-12,2018_NV_Governor_REP,0
2018,NV,Governor,,REP,Jared Fisher,fisher j,2.0,The Mellman Group,400.0,,4/19/18,2018-06-12,2018_NV_Governor_REP,0
2018,NV,Governor,,REP,Adam Laxalt,laxalt a,64.0,WPA Intelligence,302.0,,8/8/17,2018-06-12,2018_NV_Governor_REP,1
2018,NV,Governor,,REP,Dan Schwartz,schwartz d,5.0,WPA Intelligence,302.0,,8/8/17,2018-06-12,2018_NV_Governor_REP,0
2018,NV,Governor,,REP,Adam Laxalt,laxalt a,34.0,Doug Schoen,600.0,,7/20/17,2018-06-12,2018_NV_Governor_REP,1
2018,NV,Governor,,REP,Dan Schwartz,schwartz d,30.0,Doug Schoen,600.0,,7/20/17,2018-06-12,2018_NV_Governor_REP,0
2018,NV,Governor,,DEM,Chris Giunchigliani,giunchigliani c,35.0,Benenson Strategy Group (D-Women Vote!),608.0,,5/23/18,2018-06-12,2018_NV_Governor_DEM,0
2018,NV,Governor,,DEM,Steve Sisolak,sisolak s,38.0,Benenson Strategy Group (D-Women Vote!),608.0,,5/23/18,2018-06-12,2018_NV_Governor_DEM,1
2018,NV,Governor,,DEM,Chris Giunchigliani,giunchigliani c,16.0,The Mellman Group,400.0,,4/19/18,2018-06-12,2018_NV_Governor_DEM,0
2018,NV,Governor,,DEM,Steve Sisolak,sisolak s,44.0,The Mellman Group,400.0,,4/19/18,2018-06-12,2018_NV_Governor_DEM,1
2018,NV,Governor,,DEM,Chris Giunchigliani,giunchigliani c,31.0,Expedition Strategies (D-Giunchigliani),600.0,,3/19/18,2018-06-12,2018_NV_Governor_DEM,0
2018,NV,Governor,,DEM,Steve Sisolak,sisolak s,27.0,Expedition Strategies (D-Giunchigliani),600.0,,3/19/18,2018-06-12,2018_NV_Governor_DEM,1
2018,NY,Governor,,REP,John DeFrancisco,defrancisco j,18.0,Siena College,,,4/12/18,2018-09-13,2018_NY_Governor_REP,0
2018,NY,Governor,,REP,Marc Molinaro,molinaro m,18.0,Siena College,,,4/12/18,2018-09-13,2018_NY_Governor_REP,1
2018,NY,Governor,,REP,John DeFrancisco,defrancisco j,21.0,Siena College,170.0,,3/16/18,2018-09-13,2018_NY_Governor_REP,0
2018,NY,Governor,,REP,Marc Molinaro,molinaro m,17.0,Siena College,170.0,,3/16/18,2018-09-13,2018_NY_Governor_REP,1
2018,OH,Governor,,REP,Mike DeWine,dewine m,52.0,Baldwin Wallace University,323.0,,5/2/18,2018-05-08,2018_OH_Governor_REP,1
2018,OH,Governor,,REP,Mary Taylor,taylor m,24.0,Baldwin Wallace University,323.0,,5/2/18,2018-05-08,2018_OH_Governor_REP,0
2018,OH,Governor,,REP,Mike DeWine,dewine m,42.0,Remington Research Group (R-Taylor),1064.0,,4/10/18,2018-05-08,2018_OH_Governor_REP,1
2018,OH,Governor,,REP,Mary Taylor,taylor m,32.0,Remington Research Group (R-Taylor),1064.0,,4/10/18,2018-05-08,2018_OH_Governor_REP,0
2018,OH,Governor,,REP,Mike DeWine,dewine m,43.0,Fallon Research,502.0,,4/7/18,2018-05-08,2018_OH_Governor_REP,1
2018,OH,Governor,,REP,Mary Taylor,taylor m,26.0,Fallon Research,502.0,,4/7/18,2018-05-08,2018_OH_Governor_REP,0
2018,OH,Governor,,REP,Mike DeWine,dewine m,50.0,SurveyUSA,541.0,,3/20/18,2018-05-08,2018_OH_Governor_REP,1
2018,OH,Governor,,REP,Mary Taylor,taylor m,18.0,SurveyUSA,541.0,,3/20/18,2018-05-08,2018_OH_Governor_REP,0
2018,OH,Governor,,REP,Mike DeWine,dewine m,61.0,TRZ Communications (R-WTPC),1152.0,,2/17/18,2018-05-08,2018_OH_Governor_REP,1
2018,OH,Governor,,REP,Mary Taylor,taylor m,39.0,TRZ Communications (R-WTPC),1152.0,,2/17/18,2018-05-08,2018_OH_Governor_REP,0
2018,OH,Governor,,REP,Mike DeWine,dewine m,54.0,Fallon Research,286.0,,1/19/18,2018-05-08,2018_OH_Governor_REP,1
2018,OH,Governor,,REP,Mary Taylor,taylor m,14.000000000000002,Fallon Research,286.0,,1/19/18,2018-05-08,2018_OH_Governor_REP,0
2018,OH,Governor,,REP,Mike DeWine,dewine m,36.0,Axis Research (R-Taylor),602.0,,8/15/17,2018-05-08,2018_OH_Governor_REP,1
2018,OH,Governor,,REP,Jon Husted,husted j,20.0,Axis Research (R-Taylor),602.0,,8/15/17,2018-05-08,2018_OH_Governor_REP,0
2018,OH,Governor,,REP,Jim Renacci,renacci j,8.0,Axis Research (R-Taylor),602.0,,8/15/17,2018-05-08,2018_OH_Governor_REP,0
2018,OH,Governor,,REP,Mary Taylor,taylor m,17.0,Axis Research (R-Taylor),602.0,,8/15/17,2018-05-08,2018_OH_Governor_REP,0
2018,OH,Governor,,REP,Mike DeWine,dewine m,42.0,The Tarrance Group,800.0,,7/26/17,2018-05-08,2018_OH_Governor_REP,1
2018,OH,Governor,,REP,Jon Husted,husted j,18.0,The Tarrance Group,800.0,,7/26/17,2018-05-08,2018_OH_Governor_REP,0
2018,OH,Governor,,REP,Jim Renacci,renacci j,5.0,The Tarrance Group,800.0,,7/26/17,2018-05-08,2018_OH_Governor_REP,0
2018,OH,Governor,,REP,Mary Taylor,taylor m,11.0,The Tarrance Group,800.0,,7/26/17,2018-05-08,2018_OH_Governor_REP,0
2018,OH,Governor,,REP,Mike DeWine,dewine m,27.0,Luntz Global,500.0,,6/12/17,2018-05-08,2018_OH_Governor_REP,1
2018,OH,Governor,,REP,Jon Husted,husted j,13.0,Luntz Global,500.0,,6/12/17,2018-05-08,2018_OH_Governor_REP,0
2018,OH,Governor,,REP,Jim Renacci,renacci j,3.0,Luntz Global,500.0,,6/12/17,2018-05-08,2018_OH_Governor_REP,0
2018,OH,Governor,,REP,Mary Taylor,taylor m,8.0,Luntz Global,500.0,,6/12/17,2018-05-08,2018_OH_Governor_REP,0
2018,OH,Governor,,REP,Mike DeWine,dewine m,31.0,Gravis Marketing,686.0,,5/2/17,2018-05-08,2018_OH_Governor_REP,1
2018,OH,Governor,,REP,Jon Husted,husted j,14.000000000000002,Gravis Marketing,686.0,,5/2/17,2018-05-08,2018_OH_Governor_REP,0
2018,OH,Governor,,REP,Jim Renacci,renacci j,6.0,Gravis Marketing,686.0,,5/2/17,2018-05-08,2018_OH_Governor_REP,0
2018,OH,Governor,,REP,Mary Taylor,taylor m,10.0,Gravis Marketing,686.0,,5/2/17,2018-05-08,2018_OH_Governor_REP,0
2018,OH,Governor,,REP,Mike DeWine,dewine m,47.0,The Tarrance Group,800.0,,1/26/17,2018-05-08,2018_OH_Governor_REP,1
2018,OH,Governor,,REP,Jon Husted,husted j,18.0,The Tarrance Group,800.0,,1/26/17,2018-05-08,2018_OH_Governor_REP,0
2018,OH,Governor,,REP,Jim Renacci,renacci j,4.0,The Tarrance Group,800.0,,1/26/17,2018-05-08,2018_OH_Governor_REP,0
2018,OH,Governor,,REP,Mary Taylor,taylor m,10.0,The Tarrance Group,800.0,,1/26/17,2018-05-08,2018_OH_Governor_REP,0
2018,OH,Governor,,DEM,Richard Cordray,cordray r,31.0,Baldwin Wallace University,333.0,,5/2/18,2018-05-08,2018_OH_Governor_DEM,1
2018,OH,Governor,,DEM,Dennis Kucinich,kucinich d,15.0,Baldwin Wallace University,333.0,,5/2/18,2018-05-08,2018_OH_Governor_DEM,0
2018,OH,Governor,,DEM,Bill O'Neill,oneill b,6.0,Baldwin Wallace University,333.0,,5/2/18,2018-05-08,2018_OH_Governor_DEM,0
2018,OH,Governor,,DEM,Joe Schiavoni,schiavoni j,6.0,Baldwin Wallace University,333.0,,5/2/18,2018-05-08,2018_OH_Governor_DEM,0
2018,OH,Governor,,DEM,Richard Cordray,cordray r,28.000000000000004,Fallon Research,500.0,,4/7/18,2018-05-08,2018_OH_Governor_DEM,1
2018,OH,Governor,,DEM,Dennis Kucinich,kucinich d,13.0,Fallon Research,500.0,,4/7/18,2018-05-08,2018_OH_Governor_DEM,0
2018,OH,Governor,,DEM,Bill O'Neill,oneill b,3.0,Fallon Research,500.0,,4/7/18,2018-05-08,2018_OH_Governor_DEM,0
2018,OH,Governor,,DEM,Joe Schiavoni,schiavoni j,5.0,Fallon Research,500.0,,4/7/18,2018-05-08,2018_OH_Governor_DEM,0
2018,OH,Governor,,DEM,Richard Cordray,cordray r,21.0,SurveyUSA,509.0,,3/20/18,2018-05-08,2018_OH_Governor_DEM,1
2018,OH,Governor,,DEM,Dennis Kucinich,kucinich d,21.0,SurveyUSA,509.0,,3/20/18,2018-05-08,2018_OH_Governor_DEM,0
2018,OH,Governor,,DEM,Bill O'Neill,oneill b,4.0,SurveyUSA,509.0,,3/20/18,2018-05-08,2018_OH_Governor_DEM,0
2018,OH,Governor,,DEM,Connie Pillich,pillich c,5.0,SurveyUSA,509.0,,3/20/18,2018-05-08,2018_OH_Governor_DEM,0
2018,OH,Governor,,DEM,Richard Cordray,cordray r,23.0,Fallon Research,248.0,,1/19/18,2018-05-08,2018_OH_Governor_DEM,1
2018,OH,Governor,,DEM,Dennis Kucinich,kucinich d,16.0,Fallon Research,248.0,,1/19/18,2018-05-08,2018_OH_Governor_DEM,0
2018,OH,Governor,,DEM,Bill O'Neill,oneill b,3.0,Fallon Research,248.0,,1/19/18,2018-05-08,2018_OH_Governor_DEM,0
2018,OH,Governor,,DEM,Connie Pillich,pillich c,2.0,Fallon Research,248.0,,1/19/18,2018-05-08,2018_OH_Governor_DEM,0
2018,OH,Governor,,DEM,Joe Schiavoni,schiavoni j,4.0,Fallon Research,248.0,,1/19/18,2018-05-08,2018_OH_Governor_DEM,0
2018,OH,Governor,,DEM,Richard Cordray,cordray r,17.0,Luntz Global,500.0,,6/12/17,2018-05-08,2018_OH_Governor_DEM,1
2018,OH,Governor,,DEM,Connie Pillich,pillich c,9.0,Luntz Global,500.0,,6/12/17,2018-05-08,2018_OH_Governor_DEM,0
2018,OH,Governor,,DEM,Joe Schiavoni,schiavoni j,20.0,Luntz Global,500.0,,6/12/17,2018-05-08,2018_OH_Governor_DEM,0
2018,OH,Governor,,DEM,Betty Sutton,sutton b,21.0,Luntz Global,500.0,,6/12/17,2018-05-08,2018_OH_Governor_DEM,0
2018,OH,Governor,,DEM,Nan Whaley,whaley n,10.0,Luntz Global,500.0,,6/12/17,2018-05-08,2018_OH_Governor_DEM,0
2018,OH,Governor,,DEM,Connie Pillich,pillich c,8.0,Gravis Marketing,558.0,,5/2/17,2018-05-08,2018_OH_Governor_DEM,0
2018,OH,Governor,,DEM,Joe Schiavoni,schiavoni j,12.0,Gravis Marketing,558.0,,5/2/17,2018-05-08,2018_OH_Governor_DEM,0
2018,OH,Governor,,DEM,Betty Sutton,sutton b,13.0,Gravis Marketing,558.0,,5/2/17,2018-05-08,2018_OH_Governor_DEM,0
2018,OK,Governor,,REP,Mick Cornett,cornett m,21.0,Right Strategy Group,435.0,,6/7/18,2018-06-26,2018_OK_Governor_REP,0
2018,OK,Governor,,REP,Dan Fisher,fisher d,4.0,Right Strategy Group,435.0,,6/7/18,2018-06-26,2018_OK_Governor_REP,0
2018,OK,Governor,,REP,Gary Jones,jones g,2.0,Right Strategy Group,435.0,,6/7/18,2018-06-26,2018_OK_Governor_REP,0
2018,OK,Governor,,REP,Todd Lamb,lamb t,20.0,Right Strategy Group,435.0,,6/7/18,2018-06-26,2018_OK_Governor_REP,0
2018,OK,Governor,,REP,Gary Richardson,richardson g,6.0,Right Strategy Group,435.0,,6/7/18,2018-06-26,2018_OK_Governor_REP,0
2018,OK,Governor,,REP,Kevin Stitt,stitt k,20.0,Right Strategy Group,435.0,,6/7/18,2018-06-26,2018_OK_Governor_REP,1
2018,OK,Governor,,REP,Mick Cornett,cornett m,13.0,Oklahoma Strategic Solutions (R-Richardson),500.0,,5/23/18,2018-06-26,2018_OK_Governor_REP,0
2018,OK,Governor,,REP,Dan Fisher,fisher d,4.0,Oklahoma Strategic Solutions (R-Richardson),500.0,,5/23/18,2018-06-26,2018_OK_Governor_REP,0
2018,OK,Governor,,REP,Gary Jones,jones g,3.0,Oklahoma Strategic Solutions (R-Richardson),500.0,,5/23/18,2018-06-26,2018_OK_Governor_REP,0
2018,OK,Governor,,REP,Todd Lamb,lamb t,20.0,Oklahoma Strategic Solutions (R-Richardson),500.0,,5/23/18,2018-06-26,2018_OK_Governor_REP,0
2018,OK,Governor,,REP,Gary Richardson,richardson g,13.0,Oklahoma Strategic Solutions (R-Richardson),500.0,,5/23/18,2018-06-26,2018_OK_Governor_REP,0
2018,OK,Governor,,REP,Kevin Stitt,stitt k,17.0,Oklahoma Strategic Solutions (R-Richardson),500.0,,5/23/18,2018-06-26,2018_OK_Governor_REP,1
2018,OK,Governor,,REP,Mick Cornett,cornett m,20.0,Right Strategy Group,409.0,,5/23/18,2018-06-26,2018_OK_Governor_REP,0
2018,OK,Governor,,REP,Dan Fisher,fisher d,4.0,Right Strategy Group,409.0,,5/23/18,2018-06-26,2018_OK_Governor_REP,0
2018,OK,Governor,,REP,Gary Jones,jones g,3.0,Right Strategy Group,409.0,,5/23/18,2018-06-26,2018_OK_Governor_REP,0
2018,OK,Governor,,REP,Todd Lamb,lamb t,20.0,Right Strategy Group,409.0,,5/23/18,2018-06-26,2018_OK_Governor_REP,0
2018,OK,Governor,,REP,Gary Richardson,richardson g,4.0,Right Strategy Group,409.0,,5/23/18,2018-06-26,2018_OK_Governor_REP,0
2018,OK,Governor,,REP,Kevin Stitt,stitt k,21.0,Right Strategy Group,409.0,,5/23/18,2018-06-26,2018_OK_Governor_REP,1
2018,OK,Governor,,REP,Mick Cornett,cornett m,20.0,SoonerPoll,319.0,,5/23/18,2018-06-26,2018_OK_Governor_REP,0
2018,OK,Governor,,REP,Dan Fisher,fisher d,3.0,SoonerPoll,319.0,,5/23/18,2018-06-26,2018_OK_Governor_REP,0
2018,OK,Governor,,REP,Gary Jones,jones g,4.0,SoonerPoll,319.0,,5/23/18,2018-06-26,2018_OK_Governor_REP,0
2018,OK,Governor,,REP,Todd Lamb,lamb t,23.0,SoonerPoll,319.0,,5/23/18,2018-06-26,2018_OK_Governor_REP,0
2018,OK,Governor,,REP,Gary Richardson,richardson g,3.0,SoonerPoll,319.0,,5/23/18,2018-06-26,2018_OK_Governor_REP,0
2018,OK,Governor,,REP,Kevin Stitt,stitt k,14.000000000000002,SoonerPoll,319.0,,5/23/18,2018-06-26,2018_OK_Governor_REP,1
2018,OK,Governor,,REP,Mick Cornett,cornett m,22.0,SoonerPoll,294.0,,3/22/18,2018-06-26,2018_OK_Governor_REP,0
2018,OK,Governor,,REP,Dan Fisher,fisher d,4.0,SoonerPoll,294.0,,3/22/18,2018-06-26,2018_OK_Governor_REP,0
2018,OK,Governor,,REP,Gary Jones,jones g,3.0,SoonerPoll,294.0,,3/22/18,2018-06-26,2018_OK_Governor_REP,0
2018,OK,Governor,,REP,Todd Lamb,lamb t,21.0,SoonerPoll,294.0,,3/22/18,2018-06-26,2018_OK_Governor_REP,0
2018,OK,Governor,,REP,Gary Richardson,richardson g,7.000000000000001,SoonerPoll,294.0,,3/22/18,2018-06-26,2018_OK_Governor_REP,0
2018,OK,Governor,,REP,Kevin Stitt,stitt k,8.0,SoonerPoll,294.0,,3/22/18,2018-06-26,2018_OK_Governor_REP,1
2018,OK,Governor,,REP,Mick Cornett,cornett m,15.0,Oklahoma Strategic Solutions (R-Richardson),500.0,,3/9/18,2018-06-26,2018_OK_Governor_REP,0
2018,OK,Governor,,REP,Dan Fisher,fisher d,2.0,Oklahoma Strategic Solutions (R-Richardson),500.0,,3/9/18,2018-06-26,2018_OK_Governor_REP,0
2018,OK,Governor,,REP,Gary Jones,jones g,3.0,Oklahoma Strategic Solutions (R-Richardson),500.0,,3/9/18,2018-06-26,2018_OK_Governor_REP,0
2018,OK,Governor,,REP,Todd Lamb,lamb t,14.000000000000002,Oklahoma Strategic Solutions (R-Richardson),500.0,,3/9/18,2018-06-26,2018_OK_Governor_REP,0
2018,OK,Governor,,REP,Gary Richardson,richardson g,10.0,Oklahoma Strategic Solutions (R-Richardson),500.0,,3/9/18,2018-06-26,2018_OK_Governor_REP,0
2018,OK,Governor,,REP,Kevin Stitt,stitt k,8.0,Oklahoma Strategic Solutions (R-Richardson),500.0,,3/9/18,2018-06-26,2018_OK_Governor_REP,1
2018,OK,Governor,,REP,Mick Cornett,cornett m,24.0,SoonerPoll,213.0,,1/9/18,2018-06-26,2018_OK_Governor_REP,0
2018,OK,Governor,,REP,Dan Fisher,fisher d,4.0,SoonerPoll,213.0,,1/9/18,2018-06-26,2018_OK_Governor_REP,0
2018,OK,Governor,,REP,Gary Jones,jones g,3.0,SoonerPoll,213.0,,1/9/18,2018-06-26,2018_OK_Governor_REP,0
2018,OK,Governor,,REP,Todd Lamb,lamb t,18.0,SoonerPoll,213.0,,1/9/18,2018-06-26,2018_OK_Governor_REP,0
2018,OK,Governor,,REP,Gary Richardson,richardson g,9.0,SoonerPoll,213.0,,1/9/18,2018-06-26,2018_OK_Governor_REP,0
2018,OK,Governor,,REP,Kevin Stitt,stitt k,3.0,SoonerPoll,213.0,,1/9/18,2018-06-26,2018_OK_Governor_REP,1
2018,OK,Governor,,REP,Jim Bridenstine,bridenstine j,19.0,SoonerPoll,403.0,,9/15/17,2018-06-26,2018_OK_Governor_REP,0
2018,OK,Governor,,REP,Todd Lamb,lamb t,33.0,SoonerPoll,403.0,,9/15/17,2018-06-26,2018_OK_Governor_REP,0
2018,OK,Governor,,REP,Scott Pruitt,pruitt s,16.0,SoonerPoll,403.0,,9/15/17,2018-06-26,2018_OK_Governor_REP,0
2018,OK,Governor,,DEM,Drew Edmondson,edmondson d,45.0,Right Strategy Group,,,6/7/18,2018-06-26,2018_OK_Governor_DEM,1
2018,OK,Governor,,DEM,Connie Johnson,johnson c,11.0,Right Strategy Group,,,6/7/18,2018-06-26,2018_OK_Governor_DEM,0
2018,OK,Governor,,DEM,Drew Edmondson,edmondson d,44.0,SoonerPoll,297.0,,5/23/18,2018-06-26,2018_OK_Governor_DEM,1
2018,OK,Governor,,DEM,Connie Johnson,johnson c,14.000000000000002,SoonerPoll,297.0,,5/23/18,2018-06-26,2018_OK_Governor_DEM,0
2018,OK,Governor,,DEM,Norman Brown,brown n,4.0,SoonerPoll,264.0,,3/22/18,2018-06-26,2018_OK_Governor_DEM,0
2018,OK,Governor,,DEM,Drew Edmondson,edmondson d,34.0,SoonerPoll,264.0,,3/22/18,2018-06-26,2018_OK_Governor_DEM,1
2018,OK,Governor,,DEM,Connie Johnson,johnson c,13.0,SoonerPoll,264.0,,3/22/18,2018-06-26,2018_OK_Governor_DEM,0
2018,OK,Governor,,DEM,Norman Brown,brown n,4.0,SoonerPoll,162.0,,1/9/18,2018-06-26,2018_OK_Governor_DEM,0
2018,OK,Governor,,DEM,Drew Edmondson,edmondson d,40.0,SoonerPoll,162.0,,1/9/18,2018-06-26,2018_OK_Governor_DEM,1
2018,OK,Governor,,DEM,Connie Johnson,johnson c,21.0,SoonerPoll,162.0,,1/9/18,2018-06-26,2018_OK_Governor_DEM,0
2018,OR,Governor,,REP,Knute Buehler,buehler k,33.0,Global Strategy Group,438.0,,5/6/18,2018-05-15,2018_OR_Governor_REP,1
2018,OR,Governor,,REP,Sam Carpenter,carpenter s,25.0,Global Strategy Group,438.0,,5/6/18,2018-05-15,2018_OR_Governor_REP,0
2018,OR,Governor,,REP,Greg Wooldridge,wooldridge g,8.0,Global Strategy Group,438.0,,5/6/18,2018-05-15,2018_OR_Governor_REP,0
2018,OR,Governor,,REP,Knute Buehler,buehler k,39.0,Triton Polling & Research (R-Carpenter),1013.0,,4/22/18,2018-05-15,2018_OR_Governor_REP,1
2018,OR,Governor,,REP,Sam Carpenter,carpenter s,24.0,Triton Polling & Research (R-Carpenter),1013.0,,4/22/18,2018-05-15,2018_OR_Governor_REP,0
2018,OR,Governor,,REP,Greg Wooldridge,wooldridge g,12.0,Triton Polling & Research (R-Carpenter),1013.0,,4/22/18,2018-05-15,2018_OR_Governor_REP,0
2018,OR,Governor,,REP,Knute Buehler,buehler k,23.0,Triton Polling & Research (R-Carpenter),628.0,,3/25/18,2018-05-15,2018_OR_Governor_REP,1
2018,OR,Governor,,REP,Sam Carpenter,carpenter s,23.0,Triton Polling & Research (R-Carpenter),628.0,,3/25/18,2018-05-15,2018_OR_Governor_REP,0
2018,OR,Governor,,REP,Greg Wooldridge,wooldridge g,4.0,Triton Polling & Research (R-Carpenter),628.0,,3/25/18,2018-05-15,2018_OR_Governor_REP,0
2018,OR,Governor,,REP,Knute Buehler,buehler k,28.000000000000004,iCitizen,168.0,,9/28/17,2018-05-15,2018_OR_Governor_REP,1
2018,OR,Governor,,REP,Lori Chavez-DeRemer,chavezderemer l,8.0,iCitizen,168.0,,9/28/17,2018-05-15,2018_OR_Governor_REP,0
2018,OR,Governor,,REP,Greg Wooldridge,wooldridge g,31.0,iCitizen,168.0,,9/28/17,2018-05-15,2018_OR_Governor_REP,0
2018,PA,Governor,,DEM,Aryanna Berringer,berringer a,2.0,"Independence Communications & Campaigns, LLC",467.0,,2/4/18,2018-05-15,2018_PA_Governor_DEM,0
2018,PA,Governor,,DEM,Kathi Cozzone,cozzone k,10.0,"Independence Communications & Campaigns, LLC",467.0,,2/4/18,2018-05-15,2018_PA_Governor_DEM,0
2018,PA,Governor,,DEM,Madeleine Dean,dean m,4.0,"Independence Communications & Campaigns, LLC",467.0,,2/4/18,2018-05-15,2018_PA_Governor_DEM,0
2018,PA,Governor,,DEM,John Fetterman,fetterman j,20.0,"Independence Communications & Campaigns, LLC",467.0,,2/4/18,2018-05-15,2018_PA_Governor_DEM,1
2018,PA,Governor,,DEM,Craig Lehman,lehman c,1.0,"Independence Communications & Campaigns, LLC",467.0,,2/4/18,2018-05-15,2018_PA_Governor_DEM,0
2018,PA,Governor,,DEM,Mike Stack,stack m,8.0,"Independence Communications & Campaigns, LLC",467.0,,2/4/18,2018-05-15,2018_PA_Governor_DEM,0
2018,RI,Governor,,REP,Allan Fung,fung a,44.0,National Research Inc. (R-Morgan),400.0,,7/24/18,2018-09-12,2018_RI_Governor_REP,1
2018,RI,Governor,,REP,Patricia Morgan,morgan p,33.0,National Research Inc. (R-Morgan),400.0,,7/24/18,2018-09-12,2018_RI_Governor_REP,0
2018,RI,Governor,,REP,Allan Fung,fung a,62.0,Public Opinion Strategies (R-Fung),400.0,,7/14/18,2018-09-12,2018_RI_Governor_REP,1
2018,RI,Governor,,REP,Patricia Morgan,morgan p,22.0,Public Opinion Strategies (R-Fung),400.0,,7/14/18,2018-09-12,2018_RI_Governor_REP,0
2018,RI,Governor,,REP,Allan Fung,fung a,45.0,TargetPoint (R-Fung),433.0,,11/6/17,2018-09-12,2018_RI_Governor_REP,1
2018,RI,Governor,,REP,Patricia Morgan,morgan p,24.0,TargetPoint (R-Fung),433.0,,11/6/17,2018-09-12,2018_RI_Governor_REP,0
2018,RI,Governor,,REP,Joe Trillo,trillo j,10.0,TargetPoint (R-Fung),433.0,,11/6/17,2018-09-12,2018_RI_Governor_REP,0
2018,SC,Governor,,REP,Henry McMaster,mcmaster h,33.0,"Fabrizio, Lee and Associates (R-Warren)",500.0,,5/31/18,2018-06-12,2018_SC_Governor_REP,1
2018,SC,Governor,,REP,Kevin Bryant,bryant k,5.0,"Fabrizio, Lee and Associates (R-Warren)",500.0,,5/31/18,2018-06-12,2018_SC_Governor_REP,0
2018,SC,Governor,,REP,Yancey McGill,mcgill y,2.0,"Fabrizio, Lee and Associates (R-Warren)",500.0,,5/31/18,2018-06-12,2018_SC_Governor_REP,0
2018,SC,Governor,,REP,Catherine Templeton,templeton c,17.0,"Fabrizio, Lee and Associates (R-Warren)",500.0,,5/31/18,2018-06-12,2018_SC_Governor_REP,0
2018,SC,Governor,,REP,John Warren,warren j,19.0,"Fabrizio, Lee and Associates (R-Warren)",500.0,,5/31/18,2018-06-12,2018_SC_Governor_REP,0
2018,SC,Governor,,REP,Henry McMaster,mcmaster h,37.0,Target-Insyght,400.0,,5/31/18,2018-06-12,2018_SC_Governor_REP,1
2018,SC,Governor,,REP,Kevin Bryant,bryant k,4.0,Target-Insyght,400.0,,5/31/18,2018-06-12,2018_SC_Governor_REP,0
2018,SC,Governor,,REP,Yancey McGill,mcgill y,3.0,Target-Insyght,400.0,,5/31/18,2018-06-12,2018_SC_Governor_REP,0
2018,SC,Governor,,REP,Catherine Templeton,templeton c,25.0,Target-Insyght,400.0,,5/31/18,2018-06-12,2018_SC_Governor_REP,0
2018,SC,Governor,,REP,John Warren,warren j,20.0,Target-Insyght,400.0,,5/31/18,2018-06-12,2018_SC_Governor_REP,0
2018,SC,Governor,,REP,Henry McMaster,mcmaster h,46.0,Target-Insyght,400.0,,4/5/18,2018-06-12,2018_SC_Governor_REP,1
2018,SC,Governor,,REP,Kevin Bryant,bryant k,6.0,Target-Insyght,400.0,,4/5/18,2018-06-12,2018_SC_Governor_REP,0
2018,SC,Governor,,REP,Yancey McGill,mcgill y,4.0,Target-Insyght,400.0,,4/5/18,2018-06-12,2018_SC_Governor_REP,0
2018,SC,Governor,,REP,Catherine Templeton,templeton c,22.0,Target-Insyght,400.0,,4/5/18,2018-06-12,2018_SC_Governor_REP,0
2018,SC,Governor,,REP,John Warren,warren j,1.0,Target-Insyght,400.0,,4/5/18,2018-06-12,2018_SC_Governor_REP,0
2018,SC,Governor,,REP,Henry McMaster,mcmaster h,41.0,TargetPoint / GQR,397.0,,3/17/18,2018-06-12,2018_SC_Governor_REP,1
2018,SC,Governor,,REP,Kevin Bryant,bryant k,5.0,TargetPoint / GQR,397.0,,3/17/18,2018-06-12,2018_SC_Governor_REP,0
2018,SC,Governor,,REP,Yancey McGill,mcgill y,3.0,TargetPoint / GQR,397.0,,3/17/18,2018-06-12,2018_SC_Governor_REP,0
2018,SC,Governor,,REP,Catherine Templeton,templeton c,10.0,TargetPoint / GQR,397.0,,3/17/18,2018-06-12,2018_SC_Governor_REP,0
2018,SC,Governor,,REP,John Warren,warren j,2.0,TargetPoint / GQR,397.0,,3/17/18,2018-06-12,2018_SC_Governor_REP,0
2018,SC,Governor,,REP,Henry McMaster,mcmaster h,40.0,The Trafalgar Group,2223.0,,12/30/17,2018-06-12,2018_SC_Governor_REP,1
2018,SC,Governor,,REP,Kevin Bryant,bryant k,11.0,The Trafalgar Group,2223.0,,12/30/17,2018-06-12,2018_SC_Governor_REP,0
2018,SC,Governor,,REP,Yancey McGill,mcgill y,3.0,The Trafalgar Group,2223.0,,12/30/17,2018-06-12,2018_SC_Governor_REP,0
2018,SC,Governor,,REP,Catherine Templeton,templeton c,8.0,The Trafalgar Group,2223.0,,12/30/17,2018-06-12,2018_SC_Governor_REP,0
2018,SC,Governor,,REP,Henry McMaster,mcmaster h,51.0,Mason-Dixon,400.0,,12/10/17,2018-06-12,2018_SC_Governor_REP,1
2018,SC,Governor,,REP,Kevin Bryant,bryant k,8.0,Mason-Dixon,400.0,,12/10/17,2018-06-12,2018_SC_Governor_REP,0
2018,SC,Governor,,REP,Yancey McGill,mcgill y,1.0,Mason-Dixon,400.0,,12/10/17,2018-06-12,2018_SC_Governor_REP,0
2018,SC,Governor,,REP,Catherine Templeton,templeton c,21.0,Mason-Dixon,400.0,,12/10/17,2018-06-12,2018_SC_Governor_REP,0
2018,SC,Governor,,REP,Henry McMaster,mcmaster h,33.0,South Carolina Public Affairs,633.0,,10/11/17,2018-06-12,2018_SC_Governor_REP,1
2018,SC,Governor,,REP,Kevin Bryant,bryant k,5.0,South Carolina Public Affairs,633.0,,10/11/17,2018-06-12,2018_SC_Governor_REP,0
2018,SC,Governor,,REP,Yancey McGill,mcgill y,5.0,South Carolina Public Affairs,633.0,,10/11/17,2018-06-12,2018_SC_Governor_REP,0
2018,SC,Governor,,REP,Catherine Templeton,templeton c,7.000000000000001,South Carolina Public Affairs,633.0,,10/11/17,2018-06-12,2018_SC_Governor_REP,0
2018,SC,Governor,,DEM,Phil Noble,noble p,27.0,Target-Insyght,400.0,,4/5/18,2018-06-12,2018_SC_Governor_DEM,0
2018,SC,Governor,,DEM,James Smith,smith j,27.0,Target-Insyght,400.0,,4/5/18,2018-06-12,2018_SC_Governor_DEM,1
2018,SC,Governor,,DEM,Marguerite Willis,willis m,21.0,Target-Insyght,400.0,,4/5/18,2018-06-12,2018_SC_Governor_DEM,0
2018,SC,Governor,,DEM,Phil Noble,noble p,7.000000000000001,TargetPoint / GQR,296.0,,3/17/18,2018-06-12,2018_SC_Governor_DEM,0
2018,SC,Governor,,DEM,James Smith,smith j,18.0,TargetPoint / GQR,296.0,,3/17/18,2018-06-12,2018_SC_Governor_DEM,1
2018,SC,Governor,,DEM,Marguerite Willis,willis m,11.0,TargetPoint / GQR,296.0,,3/17/18,2018-06-12,2018_SC_Governor_DEM,0
2018,SC,Governor,,DEM,Phil Noble,noble p,25.0,The Trafalgar Group,2223.0,,12/30/17,2018-06-12,2018_SC_Governor_DEM,0
2018,SC,Governor,,DEM,James Smith,smith j,20.0,The Trafalgar Group,2223.0,,12/30/17,2018-06-12,2018_SC_Governor_DEM,1
2018,SD,Governor,,REP,Kristi Noem,noem k,45.0,Mason-Dixon,625.0,,5/23/18,2018-06-05,2018_SD_Governor_REP,1
2018,SD,Governor,,REP,Marty Jackley,jackley m,44.0,Mason-Dixon,625.0,,5/23/18,2018-06-05,2018_SD_Governor_REP,0
2018,SD,Governor,,REP,Kristi Noem,noem k,38.0,Leverage Public Strategies,350.0,,5/7/18,2018-06-05,2018_SD_Governor_REP,1
2018,SD,Governor,,REP,Marty Jackley,jackley m,39.0,Leverage Public Strategies,350.0,,5/7/18,2018-06-05,2018_SD_Governor_REP,0
2018,SD,Governor,,REP,Kristi Noem,noem k,49.0,Clout Research,815.0,,4/23/18,2018-06-05,2018_SD_Governor_REP,1
2018,SD,Governor,,REP,Marty Jackley,jackley m,37.0,Clout Research,815.0,,4/23/18,2018-06-05,2018_SD_Governor_REP,0
2018,SD,Governor,,REP,Kristi Noem,noem k,44.0,Rockbridge Strategy,500.0,,4/4/18,2018-06-05,2018_SD_Governor_REP,1
2018,SD,Governor,,REP,Marty Jackley,jackley m,33.0,Rockbridge Strategy,500.0,,4/4/18,2018-06-05,2018_SD_Governor_REP,0
2018,SD,Governor,,REP,Kristi Noem,noem k,40.0,Moore Information,300.0,,2/8/18,2018-06-05,2018_SD_Governor_REP,1
2018,SD,Governor,,REP,Marty Jackley,jackley m,35.0,Moore Information,300.0,,2/8/18,2018-06-05,2018_SD_Governor_REP,0
2018,SD,Governor,,REP,Lora Hubbel,hubbel l,5.0,Moore Information,300.0,,2/8/18,2018-06-05,2018_SD_Governor_REP,0
2018,SD,Governor,,REP,Terry LaFleur,lafleur t,2.0,Moore Information,300.0,,2/8/18,2018-06-05,2018_SD_Governor_REP,0
2018,SD,Governor,,REP,Kristi Noem,noem k,22.0,New Age Consultants (R-LaFleur),509.0,,11/3/17,2018-06-05,2018_SD_Governor_REP,1
2018,SD,Governor,,REP,Marty Jackley,jackley m,24.0,New Age Consultants (R-LaFleur),509.0,,11/3/17,2018-06-05,2018_SD_Governor_REP,0
2018,SD,Governor,,REP,Terry LaFleur,lafleur t,3.0,New Age Consultants (R-LaFleur),509.0,,11/3/17,2018-06-05,2018_SD_Governor_REP,0
2018,TN,Governor,,REP,Diane Black,black d,19.0,JMC Analytics,500.0,,7/21/18,2018-08-02,2018_TN_Governor_REP,0
2018,TN,Governor,,REP,Randy Boyd,boyd r,20.0,JMC Analytics,500.0,,7/21/18,2018-08-02,2018_TN_Governor_REP,0
2018,TN,Governor,,REP,Beth Harwell,harwell b,16.0,JMC Analytics,500.0,,7/21/18,2018-08-02,2018_TN_Governor_REP,0
2018,TN,Governor,,REP,Bill Lee,lee b,26.0,JMC Analytics,500.0,,7/21/18,2018-08-02,2018_TN_Governor_REP,1
2018,TN,Governor,,REP,Diane Black,black d,27.0,Emerson College,266.0,,7/14/18,2018-08-02,2018_TN_Governor_REP,0
2018,TN,Governor,,REP,Randy Boyd,boyd r,22.0,Emerson College,266.0,,7/14/18,2018-08-02,2018_TN_Governor_REP,0
2018,TN,Governor,,REP,Beth Harwell,harwell b,14.000000000000002,Emerson College,266.0,,7/14/18,2018-08-02,2018_TN_Governor_REP,0
2018,TN,Governor,,REP,Bill Lee,lee b,19.0,Emerson College,266.0,,7/14/18,2018-08-02,2018_TN_Governor_REP,1
2018,TN,Governor,,REP,Diane Black,black d,24.0,Data Orbital,700.0,,6/30/18,2018-08-02,2018_TN_Governor_REP,0
2018,TN,Governor,,REP,Randy Boyd,boyd r,23.0,Data Orbital,700.0,,6/30/18,2018-08-02,2018_TN_Governor_REP,0
2018,TN,Governor,,REP,Beth Harwell,harwell b,10.0,Data Orbital,700.0,,6/30/18,2018-08-02,2018_TN_Governor_REP,0
2018,TN,Governor,,REP,Bill Lee,lee b,19.0,Data Orbital,700.0,,6/30/18,2018-08-02,2018_TN_Governor_REP,1
2018,TN,Governor,,REP,Diane Black,black d,27.0,Triton Polling & Research,1040.0,,6/28/18,2018-08-02,2018_TN_Governor_REP,0
2018,TN,Governor,,REP,Randy Boyd,boyd r,33.0,Triton Polling & Research,1040.0,,6/28/18,2018-08-02,2018_TN_Governor_REP,0
2018,TN,Governor,,REP,Beth Harwell,harwell b,7.000000000000001,Triton Polling & Research,1040.0,,6/28/18,2018-08-02,2018_TN_Governor_REP,0
2018,TN,Governor,,REP,Bill Lee,lee b,20.0,Triton Polling & Research,1040.0,,6/28/18,2018-08-02,2018_TN_Governor_REP,1
2018,TN,Governor,,REP,Diane Black,black d,41.0,OnMessage Inc. (R-Black),600.0,,5/17/18,2018-08-02,2018_TN_Governor_REP,0
2018,TN,Governor,,REP,Randy Boyd,boyd r,28.000000000000004,OnMessage Inc. (R-Black),600.0,,5/17/18,2018-08-02,2018_TN_Governor_REP,0
2018,TN,Governor,,REP,Beth Harwell,harwell b,8.0,OnMessage Inc. (R-Black),600.0,,5/17/18,2018-08-02,2018_TN_Governor_REP,0
2018,TN,Governor,,REP,Bill Lee,lee b,9.0,OnMessage Inc. (R-Black),600.0,,5/17/18,2018-08-02,2018_TN_Governor_REP,1
2018,TN,Governor,,REP,Diane Black,black d,41.0,Grassroots Targeting (R-Black),800.0,,5/6/18,2018-08-02,2018_TN_Governor_REP,0
2018,TN,Governor,,REP,Randy Boyd,boyd r,26.0,Grassroots Targeting (R-Black),800.0,,5/6/18,2018-08-02,2018_TN_Governor_REP,0
2018,TN,Governor,,REP,Beth Harwell,harwell b,6.0,Grassroots Targeting (R-Black),800.0,,5/6/18,2018-08-02,2018_TN_Governor_REP,0
2018,TN,Governor,,REP,Bill Lee,lee b,11.0,Grassroots Targeting (R-Black),800.0,,5/6/18,2018-08-02,2018_TN_Governor_REP,1
2018,TN,Governor,,REP,Diane Black,black d,33.0,OnMessage Inc. (R-Black),,,4/1/18,2018-08-02,2018_TN_Governor_REP,0
2018,TN,Governor,,REP,Randy Boyd,boyd r,30.0,OnMessage Inc. (R-Black),,,4/1/18,2018-08-02,2018_TN_Governor_REP,0
2018,TN,Governor,,REP,Beth Harwell,harwell b,5.0,OnMessage Inc. (R-Black),,,4/1/18,2018-08-02,2018_TN_Governor_REP,0
2018,TN,Governor,,REP,Bill Lee,lee b,13.0,OnMessage Inc. (R-Black),,,4/1/18,2018-08-02,2018_TN_Governor_REP,1
2018,TN,Governor,,REP,Diane Black,black d,31.0,OnMessage Inc. (R-Black),,,3/1/18,2018-08-02,2018_TN_Governor_REP,0
2018,TN,Governor,,REP,Randy Boyd,boyd r,31.0,OnMessage Inc. (R-Black),,,3/1/18,2018-08-02,2018_TN_Governor_REP,0
2018,TN,Governor,,REP,Beth Harwell,harwell b,10.0,OnMessage Inc. (R-Black),,,3/1/18,2018-08-02,2018_TN_Governor_REP,0
2018,TN,Governor,,REP,Bill Lee,lee b,10.0,OnMessage Inc. (R-Black),,,3/1/18,2018-08-02,2018_TN_Governor_REP,1
2018,TN,Governor,,REP,Diane Black,black d,25.0,TargetPoint / GQR,390.0,,3/14/18,2018-08-02,2018_TN_Governor_REP,0
2018,TN,Governor,,REP,Randy Boyd,boyd r,20.0,TargetPoint / GQR,390.0,,3/14/18,2018-08-02,2018_TN_Governor_REP,0
2018,TN,Governor,,REP,Beth Harwell,harwell b,6.0,TargetPoint / GQR,390.0,,3/14/18,2018-08-02,2018_TN_Governor_REP,0
2018,TN,Governor,,REP,Bill Lee,lee b,7.000000000000001,TargetPoint / GQR,390.0,,3/14/18,2018-08-02,2018_TN_Governor_REP,1
2018,TN,Governor,,REP,Diane Black,black d,22.0,North Star Onion Research (R-Lee),600.0,,2/11/18,2018-08-02,2018_TN_Governor_REP,0
2018,TN,Governor,,REP,Randy Boyd,boyd r,25.0,North Star Onion Research (R-Lee),600.0,,2/11/18,2018-08-02,2018_TN_Governor_REP,0
2018,TN,Governor,,REP,Beth Harwell,harwell b,4.0,North Star Onion Research (R-Lee),600.0,,2/11/18,2018-08-02,2018_TN_Governor_REP,0
2018,TN,Governor,,REP,Bill Lee,lee b,18.0,North Star Onion Research (R-Lee),600.0,,2/11/18,2018-08-02,2018_TN_Governor_REP,1
2018,TN,Governor,,REP,Diane Black,black d,22.0,Triton Polling & Research,1028.0,,12/18/17,2018-08-02,2018_TN_Governor_REP,0
2018,TN,Governor,,REP,Randy Boyd,boyd r,12.0,Triton Polling & Research,1028.0,,12/18/17,2018-08-02,2018_TN_Governor_REP,0
2018,TN,Governor,,REP,Beth Harwell,harwell b,6.0,Triton Polling & Research,1028.0,,12/18/17,2018-08-02,2018_TN_Governor_REP,0
2018,TN,Governor,,REP,Bill Lee,lee b,4.0,Triton Polling & Research,1028.0,,12/18/17,2018-08-02,2018_TN_Governor_REP,1
2018,TN,Governor,,DEM,Karl Dean,dean k,44.0,Emerson College,206.0,,7/14/18,2018-08-02,2018_TN_Governor_DEM,1
2018,TN,Governor,,DEM,Craig Fitzhugh,fitzhugh c,14.000000000000002,Emerson College,206.0,,7/14/18,2018-08-02,2018_TN_Governor_DEM,0
2018,TN,Governor,,DEM,Karl Dean,dean k,41.0,TargetPoint / GQR,288.0,,3/14/18,2018-08-02,2018_TN_Governor_DEM,1
2018,TN,Governor,,DEM,Craig Fitzhugh,fitzhugh c,11.0,TargetPoint / GQR,288.0,,3/14/18,2018-08-02,2018_TN_Governor_DEM,0
2018,TX,Governor,,REP,Greg Abbott,abbott g,84.0,Dixie Strategies,,,2/23/18,2018-03-06,2018_TX_Governor_REP,1
2018,TX,Governor,,REP,Barbara Krueger,krueger b,2.0,Dixie Strategies,,,2/23/18,2018-03-06,2018_TX_Governor_REP,0
2018,TX,Governor,,REP,Greg Abbott,abbott g,95.0,University of Texas,612.0,,2/12/18,2018-03-06,2018_TX_Governor_REP,1
2018,TX,Governor,,REP,Barbara Krueger,krueger b,5.0,University of Texas,612.0,,2/12/18,2018-03-06,2018_TX_Governor_REP,0
2018,TX,Governor,,DEM,Adrian Ocegueda,ocegueda a,6.0,Dixie Strategies,,,2/23/18,2018-03-06,2018_TX_Governor_DEM,0
2018,TX,Governor,,DEM,Jeffrey Payne,payne j,1.0,Dixie Strategies,,,2/23/18,2018-03-06,2018_TX_Governor_DEM,0
2018,TX,Governor,,DEM,Lupe Valdez,valdez l,12.0,Dixie Strategies,,,2/23/18,2018-03-06,2018_TX_Governor_DEM,1
2018,TX,Governor,,DEM,Tom Wakely,wakely t,2.0,Dixie Strategies,,,2/23/18,2018-03-06,2018_TX_Governor_DEM,0
2018,TX,Governor,,DEM,Andrew White,white a,17.0,Dixie Strategies,,,2/23/18,2018-03-06,2018_TX_Governor_DEM,0
2018,TX,Governor,,DEM,Grady Yarbrough,yarbrough g,1.0,Dixie Strategies,,,2/23/18,2018-03-06,2018_TX_Governor_DEM,0
2018,TX,Governor,,DEM,Adrian Ocegueda,ocegueda a,5.0,University of Texas,453.0,,2/12/18,2018-03-06,2018_TX_Governor_DEM,0
2018,TX,Governor,,DEM,Jeffrey Payne,payne j,5.0,University of Texas,453.0,,2/12/18,2018-03-06,2018_TX_Governor_DEM,0
2018,TX,Governor,,DEM,Lupe Valdez,valdez l,43.0,University of Texas,453.0,,2/12/18,2018-03-06,2018_TX_Governor_DEM,1
2018,TX,Governor,,DEM,Tom Wakely,wakely t,7.000000000000001,University of Texas,453.0,,2/12/18,2018-03-06,2018_TX_Governor_DEM,0
2018,TX,Governor,,DEM,Andrew White,white a,24.0,University of Texas,453.0,,2/12/18,2018-03-06,2018_TX_Governor_DEM,0
2018,TX,Governor,,DEM,Grady Yarbrough,yarbrough g,7.000000000000001,University of Texas,453.0,,2/12/18,2018-03-06,2018_TX_Governor_DEM,0
2018,WI,Governor,,DEM,Tony Evers,evers t,30.0,Emerson College,282.0,,7/28/18,2018-08-14,2018_WI_Governor_DEM,1
2018,WI,Governor,,DEM,Matt Flynn,flynn m,5.0,Emerson College,282.0,,7/28/18,2018-08-14,2018_WI_Governor_DEM,0
2018,WI,Governor,,DEM,Mike McCabe,mccabe m,5.0,Emerson College,282.0,,7/28/18,2018-08-14,2018_WI_Governor_DEM,0
2018,WI,Governor,,DEM,Mahlon Mitchell,mitchell m,5.0,Emerson College,282.0,,7/28/18,2018-08-14,2018_WI_Governor_DEM,0
2018,WI,Governor,,DEM,Kelda Roys,roys k,7.000000000000001,Emerson College,282.0,,7/28/18,2018-08-14,2018_WI_Governor_DEM,0
2018,WI,Governor,,DEM,Paul Soglin,soglin p,5.0,Emerson College,282.0,,7/28/18,2018-08-14,2018_WI_Governor_DEM,0
2018,WI,Governor,,DEM,Kathleen Vinehout,vinehout k,10.0,Emerson College,282.0,,7/28/18,2018-08-14,2018_WI_Governor_DEM,0
2018,WI,Governor,,DEM,Tony Evers,evers t,25.0,Marist College,466.0,,7/19/18,2018-08-14,2018_WI_Governor_DEM,1
2018,WI,Governor,,DEM,Matt Flynn,flynn m,3.0,Marist College,466.0,,7/19/18,2018-08-14,2018_WI_Governor_DEM,0
2018,WI,Governor,,DEM,Andy Gronik*,gronik a,2.0,Marist College,466.0,,7/19/18,2018-08-14,2018_WI_Governor_DEM,0
2018,WI,Governor,,DEM,Mike McCabe,mccabe m,7.000000000000001,Marist College,466.0,,7/19/18,2018-08-14,2018_WI_Governor_DEM,0
2018,WI,Governor,,DEM,Mahlon Mitchell,mitchell m,3.0,Marist College,466.0,,7/19/18,2018-08-14,2018_WI_Governor_DEM,0
2018,WI,Governor,,DEM,Josh Pade,pade j,1.0,Marist College,466.0,,7/19/18,2018-08-14,2018_WI_Governor_DEM,0
2018,WI,Governor,,DEM,Kelda Roys,roys k,3.0,Marist College,466.0,,7/19/18,2018-08-14,2018_WI_Governor_DEM,0
2018,WI,Governor,,DEM,Paul Soglin,soglin p,6.0,Marist College,466.0,,7/19/18,2018-08-14,2018_WI_Governor_DEM,0
2018,WI,Governor,,DEM,Kathleen Vinehout,vinehout k,7.000000000000001,Marist College,466.0,,7/19/18,2018-08-14,2018_WI_Governor_DEM,0
2018,WI,Governor,,DEM,Dana Wachs*,wachs d,2.0,Marist College,466.0,,7/19/18,2018-08-14,2018_WI_Governor_DEM,0
2018,WI,Governor,,DEM,Tony Evers,evers t,31.0,Marquette University,305.0,,7/15/18,2018-08-14,2018_WI_Governor_DEM,1
2018,WI,Governor,,DEM,Matt Flynn,flynn m,5.0,Marquette University,305.0,,7/15/18,2018-08-14,2018_WI_Governor_DEM,0
2018,WI,Governor,,DEM,Mike McCabe,mccabe m,3.0,Marquette University,305.0,,7/15/18,2018-08-14,2018_WI_Governor_DEM,0
2018,WI,Governor,,DEM,Mahlon Mitchell,mitchell m,6.0,Marquette University,305.0,,7/15/18,2018-08-14,2018_WI_Governor_DEM,0
2018,WI,Governor,,DEM,Josh Pade,pade j,0.0,Marquette University,305.0,,7/15/18,2018-08-14,2018_WI_Governor_DEM,0
2018,WI,Governor,,DEM,Kelda Roys,roys k,3.0,Marquette University,305.0,,7/15/18,2018-08-14,2018_WI_Governor_DEM,0
2018,WI,Governor,,DEM,Paul Soglin,soglin p,4.0,Marquette University,305.0,,7/15/18,2018-08-14,2018_WI_Governor_DEM,0
2018,WI,Governor,,DEM,Kathleen Vinehout,vinehout k,6.0,Marquette University,305.0,,7/15/18,2018-08-14,2018_WI_Governor_DEM,0
2018,WI,Governor,,DEM,Tony Evers,evers t,25.0,Marquette University,278.0,,6/17/18,2018-08-14,2018_WI_Governor_DEM,1
2018,WI,Governor,,DEM,Matt Flynn,flynn m,7.000000000000001,Marquette University,278.0,,6/17/18,2018-08-14,2018_WI_Governor_DEM,0
2018,WI,Governor,,DEM,Andy Gronik*,gronik a,4.0,Marquette University,278.0,,6/17/18,2018-08-14,2018_WI_Governor_DEM,0
2018,WI,Governor,,DEM,Mike McCabe,mccabe m,7.000000000000001,Marquette University,278.0,,6/17/18,2018-08-14,2018_WI_Governor_DEM,0
2018,WI,Governor,,DEM,Mahlon Mitchell,mitchell m,4.0,Marquette University,278.0,,6/17/18,2018-08-14,2018_WI_Governor_DEM,0
2018,WI,Governor,,DEM,Josh Pade,pade j,1.0,Marquette University,278.0,,6/17/18,2018-08-14,2018_WI_Governor_DEM,0
2018,WI,Governor,,DEM,Kelda Roys,roys k,2.0,Marquette University,278.0,,6/17/18,2018-08-14,2018_WI_Governor_DEM,0
2018,WI,Governor,,DEM,Paul Soglin,soglin p,7.000000000000001,Marquette University,278.0,,6/17/18,2018-08-14,2018_WI_Governor_DEM,0
2018,WI,Governor,,DEM,Kathleen Vinehout,vinehout k,5.0,Marquette University,278.0,,6/17/18,2018-08-14,2018_WI_Governor_DEM,0
2018,WI,Governor,,DEM,Dana Wachs*,wachs d,2.0,Marquette University,278.0,,6/17/18,2018-08-14,2018_WI_Governor_DEM,0
2018,WI,Governor,,DEM,Tony Evers,evers t,30.0,FM3 Research (D-Soglin),601.0,,3/19/18,2018-08-14,2018_WI_Governor_DEM,1
2018,WI,Governor,,DEM,Matt Flynn,flynn m,6.0,FM3 Research (D-Soglin),601.0,,3/19/18,2018-08-14,2018_WI_Governor_DEM,0
2018,WI,Governor,,DEM,Andy Gronik*,gronik a,2.0,FM3 Research (D-Soglin),601.0,,3/19/18,2018-08-14,2018_WI_Governor_DEM,0
2018,WI,Governor,,DEM,Mike McCabe,mccabe m,4.0,FM3 Research (D-Soglin),601.0,,3/19/18,2018-08-14,2018_WI_Governor_DEM,0
2018,WI,Governor,,DEM,Mahlon Mitchell,mitchell m,6.0,FM3 Research (D-Soglin),601.0,,3/19/18,2018-08-14,2018_WI_Governor_DEM,0
2018,WI,Governor,,DEM,Kelda Roys,roys k,3.0,FM3 Research (D-Soglin),601.0,,3/19/18,2018-08-14,2018_WI_Governor_DEM,0
2018,WI,Governor,,DEM,Paul Soglin,soglin p,17.0,FM3 Research (D-Soglin),601.0,,3/19/18,2018-08-14,2018_WI_Governor_DEM,0
2018,WI,Governor,,DEM,Kathleen Vinehout,vinehout k,12.0,FM3 Research (D-Soglin),601.0,,3/19/18,2018-08-14,2018_WI_Governor_DEM,0
2018,WI,Governor,,DEM,Dana Wachs*,wachs d,3.0,FM3 Research (D-Soglin),601.0,,3/19/18,2018-08-14,2018_WI_Governor_DEM,0
2018,WI,Governor,,DEM,Tony Evers,evers t,18.0,Marquette University,318.0,,3/1/18,2018-08-14,2018_WI_Governor_DEM,1
2018,WI,Governor,,DEM,Matt Flynn,flynn m,7.000000000000001,Marquette University,318.0,,3/1/18,2018-08-14,2018_WI_Governor_DEM,0
2018,WI,Governor,,DEM,Andy Gronik*,gronik a,3.0,Marquette University,318.0,,3/1/18,2018-08-14,2018_WI_Governor_DEM,0
2018,WI,Governor,,DEM,Mike McCabe,mccabe m,6.0,Marquette University,318.0,,3/1/18,2018-08-14,2018_WI_Governor_DEM,0
2018,WI,Governor,,DEM,Mahlon Mitchell,mitchell m,4.0,Marquette University,318.0,,3/1/18,2018-08-14,2018_WI_Governor_DEM,0
2018,WI,Governor,,DEM,Kelda Roys,roys k,0.0,Marquette University,318.0,,3/1/18,2018-08-14,2018_WI_Governor_DEM,0
2018,WI,Governor,,DEM,Paul Soglin,soglin p,9.0,Marquette University,318.0,,3/1/18,2018-08-14,2018_WI_Governor_DEM,0
2018,WI,Governor,,DEM,Kathleen Vinehout,vinehout k,5.0,Marquette University,318.0,,3/1/18,2018-08-14,2018_WI_Governor_DEM,0
2018,WI,Governor,,DEM,Dana Wachs*,wachs d,4.0,Marquette University,318.0,,3/1/18,2018-08-14,2018_WI_Governor_DEM,0
2018,WI,Governor,,DEM,Tony Evers,evers t,28.999999999999996,Public Policy Polling (D-Evers),747.0,,1/10/18,2018-08-14,2018_WI_Governor_DEM,1
2018,WI,Governor,,DEM,Matt Flynn,flynn m,5.0,Public Policy Polling (D-Evers),747.0,,1/10/18,2018-08-14,2018_WI_Governor_DEM,0
2018,WI,Governor,,DEM,Andy Gronik*,gronik a,2.0,Public Policy Polling (D-Evers),747.0,,1/10/18,2018-08-14,2018_WI_Governor_DEM,0
2018,WI,Governor,,DEM,Mike McCabe,mccabe m,5.0,Public Policy Polling (D-Evers),747.0,,1/10/18,2018-08-14,2018_WI_Governor_DEM,0
2018,WI,Governor,,DEM,Mahlon Mitchell,mitchell m,5.0,Public Policy Polling (D-Evers),747.0,,1/10/18,2018-08-14,2018_WI_Governor_DEM,0
2018,WI,Governor,,DEM,Kelda Roys,roys k,2.0,Public Policy Polling (D-Evers),747.0,,1/10/18,2018-08-14,2018_WI_Governor_DEM,0
2018,WI,Governor,,DEM,Paul Soglin,soglin p,10.0,Public Policy Polling (D-Evers),747.0,,1/10/18,2018-08-14,2018_WI_Governor_DEM,0
2018,WI,Governor,,DEM,Kathleen Vinehout,vinehout k,11.0,Public Policy Polling (D-Evers),747.0,,1/10/18,2018-08-14,2018_WI_Governor_DEM,0
2018,WI,Governor,,DEM,Dana Wachs*,wachs d,4.0,Public Policy Polling (D-Evers),747.0,,1/10/18,2018-08-14,2018_WI_Governor_DEM,0
2018,WY,Governor,,REP,Foster Friess,friess f,20.0,University of Wyoming,357.0,,8/19/18,2018-08-21,2018_WY_Governor_REP,0
2018,WY,Governor,,REP,Sam Galeotos,galeotos s,10.0,University of Wyoming,357.0,,8/19/18,2018-08-21,2018_WY_Governor_REP,0
2018,WY,Governor,,REP,Mark Gordon,gordon m,26.0,University of Wyoming,357.0,,8/19/18,2018-08-21,2018_WY_Governor_REP,1
2018,WY,Governor,,REP,Harriet Hageman,hageman h,18.0,University of Wyoming,357.0,,8/19/18,2018-08-21,2018_WY_Governor_REP,0
2018,WY,Governor,,REP,Taylor Haynes,haynes t,9.0,University of Wyoming,357.0,,8/19/18,2018-08-21,2018_WY_Governor_REP,0
2018,WY,Governor,,REP,Foster Friess,friess f,21.0,The Trafalgar Group,1775.0,,8/14/18,2018-08-21,2018_WY_Governor_REP,0
2018,WY,Governor,,REP,Sam Galeotos,galeotos s,10.0,The Trafalgar Group,1775.0,,8/14/18,2018-08-21,2018_WY_Governor_REP,0
2018,WY,Governor,,REP,Mark Gordon,gordon m,20.0,The Trafalgar Group,1775.0,,8/14/18,2018-08-21,2018_WY_Governor_REP,1
2018,WY,Governor,,REP,Harriet Hageman,hageman h,16.0,The Trafalgar Group,1775.0,,8/14/18,2018-08-21,2018_WY_Governor_REP,0
2018,WY,Governor,,REP,Taylor Haynes,haynes t,6.0,The Trafalgar Group,1775.0,,8/14/18,2018-08-21,2018_WY_Governor_REP,0
2018,WY,Governor,,REP,Foster Friess,friess f,6.0,University of Wyoming,596.0,,6/20/18,2018-08-21,2018_WY_Governor_REP,0
2018,WY,Governor,,REP,Sam Galeotos,galeotos s,14.000000000000002,University of Wyoming,596.0,,6/20/18,2018-08-21,2018_WY_Governor_REP,0
2018,WY,Governor,,REP,Mark Gordon,gordon m,19.0,University of Wyoming,596.0,,6/20/18,2018-08-21,2018_WY_Governor_REP,1
2018,WY,Governor,,REP,Harriet Hageman,hageman h,11.0,University of Wyoming,596.0,,6/20/18,2018-08-21,2018_WY_Governor_REP,0
2018,WY,Governor,,REP,Taylor Haynes,haynes t,10.0,University of Wyoming,596.0,,6/20/18,2018-08-21,2018_WY_Governor_REP,0
2018,AZ,Senate,,REP,Joe Arpaio,arpaio j,18.0,Data Orbital,600.0,,8/22/18,2018-08-28,2018_AZ_Senate_REP,0
2018,AZ,Senate,,REP,Martha McSally,mcsally m,48.0,Data Orbital,600.0,,8/22/18,2018-08-28,2018_AZ_Senate_REP,1
2018,AZ,Senate,,REP,Kelli Ward,ward k,22.0,Data Orbital,600.0,,8/22/18,2018-08-28,2018_AZ_Senate_REP,0
2018,AZ,Senate,,REP,Joe Arpaio,arpaio j,13.0,OH Predictive Insights,578.0,,8/15/18,2018-08-28,2018_AZ_Senate_REP,0
2018,AZ,Senate,,REP,Martha McSally,mcsally m,47.0,OH Predictive Insights,578.0,,8/15/18,2018-08-28,2018_AZ_Senate_REP,1
2018,AZ,Senate,,REP,Kelli Ward,ward k,27.0,OH Predictive Insights,578.0,,8/15/18,2018-08-28,2018_AZ_Senate_REP,0
2018,AZ,Senate,,REP,Joe Arpaio,arpaio j,15.0,OH Predictive Insights,576.0,,7/25/18,2018-08-28,2018_AZ_Senate_REP,0
2018,AZ,Senate,,REP,Martha McSally,mcsally m,35.0,OH Predictive Insights,576.0,,7/25/18,2018-08-28,2018_AZ_Senate_REP,1
2018,AZ,Senate,,REP,Kelli Ward,ward k,27.0,OH Predictive Insights,576.0,,7/25/18,2018-08-28,2018_AZ_Senate_REP,0
2018,AZ,Senate,,REP,Joe Arpaio,arpaio j,24.0,Gravis Marketing,501.0,,7/2/18,2018-08-28,2018_AZ_Senate_REP,0
2018,AZ,Senate,,REP,Martha McSally,mcsally m,36.0,Gravis Marketing,501.0,,7/2/18,2018-08-28,2018_AZ_Senate_REP,1
2018,AZ,Senate,,REP,Kelli Ward,ward k,27.0,Gravis Marketing,501.0,,7/2/18,2018-08-28,2018_AZ_Senate_REP,0
2018,AZ,Senate,,REP,Joe Arpaio,arpaio j,18.0,Emerson College,305.0,,6/22/18,2018-08-28,2018_AZ_Senate_REP,0
2018,AZ,Senate,,REP,Martha McSally,mcsally m,32.0,Emerson College,305.0,,6/22/18,2018-08-28,2018_AZ_Senate_REP,1
2018,AZ,Senate,,REP,Kelli Ward,ward k,19.0,Emerson College,305.0,,6/22/18,2018-08-28,2018_AZ_Senate_REP,0
2018,AZ,Senate,,REP,Joe Arpaio,arpaio j,17.0,Data Orbital,550.0,,6/21/18,2018-08-28,2018_AZ_Senate_REP,0
2018,AZ,Senate,,REP,Martha McSally,mcsally m,38.0,Data Orbital,550.0,,6/21/18,2018-08-28,2018_AZ_Senate_REP,1
2018,AZ,Senate,,REP,Kelli Ward,ward k,23.0,Data Orbital,550.0,,6/21/18,2018-08-28,2018_AZ_Senate_REP,0
2018,AZ,Senate,,REP,Joe Arpaio,arpaio j,21.0,Marist College,371.0,,6/21/18,2018-08-28,2018_AZ_Senate_REP,0
2018,AZ,Senate,,REP,Martha McSally,mcsally m,30.0,Marist College,371.0,,6/21/18,2018-08-28,2018_AZ_Senate_REP,1
2018,AZ,Senate,,REP,Kelli Ward,ward k,28.000000000000004,Marist College,371.0,,6/21/18,2018-08-28,2018_AZ_Senate_REP,0
2018,AZ,Senate,,REP,Joe Arpaio,arpaio j,14.000000000000002,OH Predictive Insights,600.0,,6/12/18,2018-08-28,2018_AZ_Senate_REP,0
2018,AZ,Senate,,REP,Martha McSally,mcsally m,39.0,OH Predictive Insights,600.0,,6/12/18,2018-08-28,2018_AZ_Senate_REP,1
2018,AZ,Senate,,REP,Kelli Ward,ward k,25.0,OH Predictive Insights,600.0,,6/12/18,2018-08-28,2018_AZ_Senate_REP,0
2018,AZ,Senate,,REP,Joe Arpaio,arpaio j,25.0,Remington,2011.0,,5/24/18,2018-08-28,2018_AZ_Senate_REP,0
2018,AZ,Senate,,REP,Martha McSally,mcsally m,42.0,Remington,2011.0,,5/24/18,2018-08-28,2018_AZ_Senate_REP,1
2018,AZ,Senate,,REP,Kelli Ward,ward k,23.0,Remington,2011.0,,5/24/18,2018-08-28,2018_AZ_Senate_REP,0
2018,AZ,Senate,,REP,Joe Arpaio,arpaio j,22.0,OH Predictive Insights,302.0,,4/11/18,2018-08-28,2018_AZ_Senate_REP,0
2018,AZ,Senate,,REP,Martha McSally,mcsally m,27.0,OH Predictive Insights,302.0,,4/11/18,2018-08-28,2018_AZ_Senate_REP,1
2018,AZ,Senate,,REP,Kelli Ward,ward k,36.0,OH Predictive Insights,302.0,,4/11/18,2018-08-28,2018_AZ_Senate_REP,0
2018,AZ,Senate,,REP,Joe Arpaio,arpaio j,22.0,Data Orbital,500.0,,1/15/18,2018-08-28,2018_AZ_Senate_REP,0
2018,AZ,Senate,,REP,Martha McSally,mcsally m,31.0,Data Orbital,500.0,,1/15/18,2018-08-28,2018_AZ_Senate_REP,1
2018,AZ,Senate,,REP,Kelli Ward,ward k,19.0,Data Orbital,500.0,,1/15/18,2018-08-28,2018_AZ_Senate_REP,0
2018,AZ,Senate,,REP,Joe Arpaio,arpaio j,28.999999999999996,OH Predictive Insights,504.0,,1/9/18,2018-08-28,2018_AZ_Senate_REP,0
2018,AZ,Senate,,REP,Martha McSally,mcsally m,31.0,OH Predictive Insights,504.0,,1/9/18,2018-08-28,2018_AZ_Senate_REP,1
2018,AZ,Senate,,REP,Kelli Ward,ward k,25.0,OH Predictive Insights,504.0,,1/9/18,2018-08-28,2018_AZ_Senate_REP,0
2018,AZ,Senate,,REP,Martha McSally,mcsally m,38.0,WPA Intelligence,500.0,,11/16/17,2018-08-28,2018_AZ_Senate_REP,1
2018,AZ,Senate,,REP,Kelli Ward,ward k,36.0,WPA Intelligence,500.0,,11/16/17,2018-08-28,2018_AZ_Senate_REP,0
2018,AZ,Senate,,REP,Martha McSally,mcsally m,34.0,OH Predictive Insights,323.0,,11/9/17,2018-08-28,2018_AZ_Senate_REP,1
2018,AZ,Senate,,REP,Kelli Ward,ward k,42.0,OH Predictive Insights,323.0,,11/9/17,2018-08-28,2018_AZ_Senate_REP,0
2018,AZ,Senate,,REP,Martha McSally,mcsally m,21.0,Revily,380.0,,10/31/17,2018-08-28,2018_AZ_Senate_REP,1
2018,AZ,Senate,,REP,Kelli Ward,ward k,32.0,Revily,380.0,,10/31/17,2018-08-28,2018_AZ_Senate_REP,0
2018,AZ,Senate,,REP,Jay Heiler,heiler j,1.0,Data Orbital,500.0,,10/28/17,2018-08-28,2018_AZ_Senate_REP,0
2018,AZ,Senate,,REP,Martha McSally,mcsally m,19.0,Data Orbital,500.0,,10/28/17,2018-08-28,2018_AZ_Senate_REP,1
2018,AZ,Senate,,REP,Matt Salmon,salmon m,10.0,Data Orbital,500.0,,10/28/17,2018-08-28,2018_AZ_Senate_REP,0
2018,AZ,Senate,,REP,David Schweikert,schweikert d,5.0,Data Orbital,500.0,,10/28/17,2018-08-28,2018_AZ_Senate_REP,0
2018,AZ,Senate,,REP,John Shadegg,shadegg j,4.0,Data Orbital,500.0,,10/28/17,2018-08-28,2018_AZ_Senate_REP,0
2018,AZ,Senate,,REP,Kelli Ward,ward k,26.0,Data Orbital,500.0,,10/28/17,2018-08-28,2018_AZ_Senate_REP,0
2018,AZ,Senate,,REP,Jeff Flake,flake j,31.0,GBA Strategies,500.0,,9/7/17,2018-08-28,2018_AZ_Senate_REP,0
2018,AZ,Senate,,REP,Kelli Ward,ward k,57.99999999999999,GBA Strategies,500.0,,9/7/17,2018-08-28,2018_AZ_Senate_REP,0
2018,AZ,Senate,,REP,Jeff Flake,flake j,21.0,JMC Analytics,500.0,,8/27/17,2018-08-28,2018_AZ_Senate_REP,0
2018,AZ,Senate,,REP,Nicholas Tutora,tutora n,3.0,JMC Analytics,500.0,,8/27/17,2018-08-28,2018_AZ_Senate_REP,0
2018,AZ,Senate,,REP,Kelli Ward,ward k,47.0,JMC Analytics,500.0,,8/27/17,2018-08-28,2018_AZ_Senate_REP,0
2018,AZ,Senate,,REP,Jeff Flake,flake j,28.000000000000004,HighGround Public Affairs,273.0,,8/19/17,2018-08-28,2018_AZ_Senate_REP,0
2018,AZ,Senate,,REP,Kelli Ward,ward k,43.0,HighGround Public Affairs,273.0,,8/19/17,2018-08-28,2018_AZ_Senate_REP,0
2018,AZ,Senate,,REP,Jeff Flake,flake j,23.0,Political Marketing International (R-Ward),921.0,,2/7/17,2018-08-28,2018_AZ_Senate_REP,0
2018,AZ,Senate,,REP,Kelli Ward,ward k,30.0,Political Marketing International (R-Ward),921.0,,2/7/17,2018-08-28,2018_AZ_Senate_REP,0
2018,AZ,Senate,,REP,Jeff Flake,flake j,30.0,Remington Research Group,1122.0,,11/16/16,2018-08-28,2018_AZ_Senate_REP,0
2018,AZ,Senate,,REP,Jeff DeWit,dewit j,38.0,Remington Research Group,1122.0,,11/16/16,2018-08-28,2018_AZ_Senate_REP,0
2018,AZ,Senate,,REP,Kelli Ward,ward k,15.0,Remington Research Group,1122.0,,11/16/16,2018-08-28,2018_AZ_Senate_REP,0
2018,AZ,Senate,,DEM,Deedra Abboud,abboud d,7.000000000000001,Data Orbital,550.0,,6/27/18,2018-08-28,2018_AZ_Senate_DEM,0
2018,AZ,Senate,,DEM,Kyrsten Sinema,sinema k,63.0,Data Orbital,550.0,,6/27/18,2018-08-28,2018_AZ_Senate_DEM,1
2018,AZ,Senate,,DEM,Deedra Abboud,abboud d,8.0,Emerson College,260.0,,6/22/18,2018-08-28,2018_AZ_Senate_DEM,0
2018,AZ,Senate,,DEM,Kyrsten Sinema,sinema k,51.0,Emerson College,260.0,,6/22/18,2018-08-28,2018_AZ_Senate_DEM,1
2018,DE,Senate,,DEM,Tom Carper,carper t,51.0,Gravis Marketing,354.0,,7/29/18,2018-09-06,2018_DE_Senate_DEM,1
2018,DE,Senate,,DEM,Kerri Evelyn Harris,harris k,19.0,Gravis Marketing,354.0,,7/29/18,2018-09-06,2018_DE_Senate_DEM,0
2018,DE,Senate,,REP,Rob Arlett,arlett r,19.0,Gravis Marketing,288.0,,7/29/18,2018-09-06,2018_DE_Senate_REP,1
2018,DE,Senate,,REP,Rocky De La Fuente,fuente r,7.000000000000001,Gravis Marketing,288.0,,7/29/18,2018-09-06,2018_DE_Senate_REP,0
2018,DE,Senate,,REP,Gene Truono,truono g,15.0,Gravis Marketing,288.0,,7/29/18,2018-09-06,2018_DE_Senate_REP,0
2018,FL,Senate,,REP,Rocky De La Fuente,fuente r,12.0,Gravis Marketing,579.0,,8/25/18,2018-08-28,2018_FL_Senate_REP,0
2018,FL,Senate,,REP,Rick Scott,scott r,73.0,Gravis Marketing,579.0,,8/25/18,2018-08-28,2018_FL_Senate_REP,1
2018,FL,Senate,,REP,Rocky De La Fuente,fuente r,12.0,Gravis Marketing,321.0,,8/22/18,2018-08-28,2018_FL_Senate_REP,0
2018,FL,Senate,,REP,Rick Scott,scott r,73.0,Gravis Marketing,321.0,,8/22/18,2018-08-28,2018_FL_Senate_REP,1
2018,FL,Senate,,REP,Rocky De La Fuente,fuente r,16.0,Gravis Marketing,905.0,,7/14/18,2018-08-28,2018_FL_Senate_REP,0
2018,FL,Senate,,REP,Rick Scott,scott r,74.0,Gravis Marketing,905.0,,7/14/18,2018-08-28,2018_FL_Senate_REP,1
2018,FL,Senate,,REP,Augustus Sol Invictus,invictus a,1.0,Saint Leo University,166.0,,11/24/17,2018-08-28,2018_FL_Senate_REP,0
2018,FL,Senate,,REP,Tom Rooney,rooney t,8.0,Saint Leo University,166.0,,11/24/17,2018-08-28,2018_FL_Senate_REP,0
2018,FL,Senate,,REP,Rick Scott,scott r,54.0,Saint Leo University,166.0,,11/24/17,2018-08-28,2018_FL_Senate_REP,1
2018,FL,Senate,,REP,Marcia R. Thorne,thorne m,1.0,Saint Leo University,166.0,,11/24/17,2018-08-28,2018_FL_Senate_REP,0
2018,FL,Senate,,REP,Ron DeSantis,desantis r,3.0,Saint Leo University,138.0,,11/30/16,2018-08-28,2018_FL_Senate_REP,0
2018,FL,Senate,,REP,David Jolly,jolly d,6.0,Saint Leo University,138.0,,11/30/16,2018-08-28,2018_FL_Senate_REP,0
2018,FL,Senate,,REP,Carlos López-Cantera,lopezcantera c,3.0,Saint Leo University,138.0,,11/30/16,2018-08-28,2018_FL_Senate_REP,0
2018,FL,Senate,,REP,Tom Rooney,rooney t,3.0,Saint Leo University,138.0,,11/30/16,2018-08-28,2018_FL_Senate_REP,0
2018,FL,Senate,,REP,Rick Scott,scott r,41.0,Saint Leo University,138.0,,11/30/16,2018-08-28,2018_FL_Senate_REP,1
2018,IN,Senate,,REP,Luke Messer,messer l,28.999999999999996,Strategic National,300.0,,5/6/18,2018-05-08,2018_IN_Senate_REP,0
2018,IN,Senate,,REP,Todd Rokita,rokita t,28.000000000000004,Strategic National,300.0,,5/6/18,2018-05-08,2018_IN_Senate_REP,0
2018,IN,Senate,,REP,Mike Braun,braun m,44.0,Strategic National,300.0,,5/6/18,2018-05-08,2018_IN_Senate_REP,1
2018,IN,Senate,,REP,Luke Messer,messer l,13.0,Gravis Marketing,280.0,,4/11/18,2018-05-08,2018_IN_Senate_REP,0
2018,IN,Senate,,REP,Todd Rokita,rokita t,16.0,Gravis Marketing,280.0,,4/11/18,2018-05-08,2018_IN_Senate_REP,0
2018,IN,Senate,,REP,Mike Braun,braun m,26.0,Gravis Marketing,280.0,,4/11/18,2018-05-08,2018_IN_Senate_REP,1
2018,IN,Senate,,REP,Luke Messer,messer l,9.0,GS Strategy Group (R-Rokita),500.0,,1/9/18,2018-05-08,2018_IN_Senate_REP,0
2018,IN,Senate,,REP,Todd Rokita,rokita t,24.0,GS Strategy Group (R-Rokita),500.0,,1/9/18,2018-05-08,2018_IN_Senate_REP,0
2018,IN,Senate,,REP,Mike Braun,braun m,9.0,GS Strategy Group (R-Rokita),500.0,,1/9/18,2018-05-08,2018_IN_Senate_REP,1
2018,IN,Senate,,REP,Luke Messer,messer l,20.0,GS Strategy Group (R-Rokita),500.0,,7/18/17,2018-05-08,2018_IN_Senate_REP,0
2018,IN,Senate,,REP,Todd Rokita,rokita t,28.000000000000004,GS Strategy Group (R-Rokita),500.0,,7/18/17,2018-05-08,2018_IN_Senate_REP,0
2018,IN,Senate,,REP,Luke Messer,messer l,23.0,OnMedia (R-Messer),400.0,,7/12/17,2018-05-08,2018_IN_Senate_REP,0
2018,IN,Senate,,REP,Todd Rokita,rokita t,23.0,OnMedia (R-Messer),400.0,,7/12/17,2018-05-08,2018_IN_Senate_REP,0
2018,IN,Senate,,REP,Mike Braun,braun m,2.0,OnMedia (R-Messer),400.0,,7/12/17,2018-05-08,2018_IN_Senate_REP,1
2018,MA,Senate,,REP,Geoff Diehl,diehl g,26.0,MassINC,399.0,,6/25/18,2018-09-04,2018_MA_Senate_REP,1
2018,MA,Senate,,REP,John Kingston,kingston j,12.0,MassINC,399.0,,6/25/18,2018-09-04,2018_MA_Senate_REP,0
2018,MA,Senate,,REP,Beth Lindstrom,lindstrom b,15.0,MassINC,399.0,,6/25/18,2018-09-04,2018_MA_Senate_REP,0
2018,MD,Senate,,DEM,Ben Cardin,cardin b,61.0,Goucher College,409.0,,2/18/18,2018-06-26,2018_MD_Senate_DEM,1
2018,MD,Senate,,DEM,Chelsea Manning,manning c,17.0,Goucher College,409.0,,2/18/18,2018-06-26,2018_MD_Senate_DEM,0
2018,MI,Senate,,REP,John James,james j,44.0,Mitchell Research,413.0,,7/30/18,2018-08-07,2018_MI_Senate_REP,1
2018,MI,Senate,,REP,Sandy Pensler,pensler s,30.0,Mitchell Research,413.0,,7/30/18,2018-08-07,2018_MI_Senate_REP,0
2018,MI,Senate,,REP,John James,james j,39.0,EPIC-MRA,1045.0,,7/22/18,2018-08-07,2018_MI_Senate_REP,1
2018,MI,Senate,,REP,Sandy Pensler,pensler s,38.0,EPIC-MRA,1045.0,,7/22/18,2018-08-07,2018_MI_Senate_REP,0
2018,MI,Senate,,REP,John James,james j,28.000000000000004,Emerson College,202.0,,7/21/18,2018-08-07,2018_MI_Senate_REP,1
2018,MI,Senate,,REP,Sandy Pensler,pensler s,28.000000000000004,Emerson College,202.0,,7/21/18,2018-08-07,2018_MI_Senate_REP,0
2018,MI,Senate,,REP,John James,james j,30.0,Marist College,337.0,,7/19/18,2018-08-07,2018_MI_Senate_REP,1
2018,MI,Senate,,REP,Sandy Pensler,pensler s,23.0,Marist College,337.0,,7/19/18,2018-08-07,2018_MI_Senate_REP,0
2018,MI,Senate,,REP,John James,james j,21.0,National Research Inc. (R-Outsider PAC),600.0,,7/14/18,2018-08-07,2018_MI_Senate_REP,1
2018,MI,Senate,,REP,Sandy Pensler,pensler s,28.000000000000004,National Research Inc. (R-Outsider PAC),600.0,,7/14/18,2018-08-07,2018_MI_Senate_REP,0
2018,MI,Senate,,REP,John James,james j,28.999999999999996,Target-Insyght,400.0,,6/26/18,2018-08-07,2018_MI_Senate_REP,1
2018,MI,Senate,,REP,Sandy Pensler,pensler s,32.0,Target-Insyght,400.0,,6/26/18,2018-08-07,2018_MI_Senate_REP,0
2018,MI,Senate,,REP,John James,james j,18.0,Strategic National,1000.0,,6/21/18,2018-08-07,2018_MI_Senate_REP,1
2018,MI,Senate,,REP,Sandy Pensler,pensler s,33.0,Strategic National,1000.0,,6/21/18,2018-08-07,2018_MI_Senate_REP,0
2018,MI,Senate,,REP,John James,james j,16.0,Strategic National,400.0,,6/10/18,2018-08-07,2018_MI_Senate_REP,1
2018,MI,Senate,,REP,Sandy Pensler,pensler s,28.999999999999996,Strategic National,400.0,,6/10/18,2018-08-07,2018_MI_Senate_REP,0
2018,MI,Senate,,REP,John James,james j,26.0,Marketing Resource Group (R-Pensler),627.0,,5/29/18,2018-08-07,2018_MI_Senate_REP,1
2018,MI,Senate,,REP,Sandy Pensler,pensler s,36.0,Marketing Resource Group (R-Pensler),627.0,,5/29/18,2018-08-07,2018_MI_Senate_REP,0
2018,MI,Senate,,REP,John James,james j,13.0,Strategic National,350.0,,4/21/18,2018-08-07,2018_MI_Senate_REP,1
2018,MI,Senate,,REP,Sandy Pensler,pensler s,26.0,Strategic National,350.0,,4/21/18,2018-08-07,2018_MI_Senate_REP,0
2018,MI,Senate,,REP,John James,james j,12.0,Strategic National,600.0,,4/5/18,2018-08-07,2018_MI_Senate_REP,1
2018,MI,Senate,,REP,Sandy Pensler,pensler s,20.0,Strategic National,600.0,,4/5/18,2018-08-07,2018_MI_Senate_REP,0
2018,MI,Senate,,REP,John James,james j,12.0,Denno Research,500.0,,4/3/18,2018-08-07,2018_MI_Senate_REP,1
2018,MI,Senate,,REP,Sandy Pensler,pensler s,16.0,Denno Research,500.0,,4/3/18,2018-08-07,2018_MI_Senate_REP,0
2018,MI,Senate,,REP,John James,james j,17.0,Strategic National,400.0,,3/20/18,2018-08-07,2018_MI_Senate_REP,1
2018,MI,Senate,,REP,Sandy Pensler,pensler s,21.0,Strategic National,400.0,,3/20/18,2018-08-07,2018_MI_Senate_REP,0
2018,MI,Senate,,REP,John James,james j,9.0,Strategic National,600.0,,12/17/17,2018-08-07,2018_MI_Senate_REP,1
2018,MI,Senate,,REP,Sandy Pensler,pensler s,5.0,Strategic National,600.0,,12/17/17,2018-08-07,2018_MI_Senate_REP,0
2018,MI,Senate,,REP,Bob Young,young b,11.0,Strategic National,600.0,,12/17/17,2018-08-07,2018_MI_Senate_REP,0
2018,MI,Senate,,REP,John James,james j,24.0,Target-Insyght,1000.0,,11/6/17,2018-08-07,2018_MI_Senate_REP,1
2018,MI,Senate,,REP,Fred Upton,upton f,19.0,Target-Insyght,1000.0,,11/6/17,2018-08-07,2018_MI_Senate_REP,0
2018,MI,Senate,,REP,Bob Young,young b,7.000000000000001,Target-Insyght,1000.0,,11/6/17,2018-08-07,2018_MI_Senate_REP,0
2018,MI,Senate,,REP,Lena Epstein,epstein l,7.000000000000001,Zogby Analytics,,a,9/1/17,2018-08-07,2018_MI_Senate_REP,0
2018,MI,Senate,,REP,Bob Young,young b,3.0,Zogby Analytics,,a,9/1/17,2018-08-07,2018_MI_Senate_REP,0
2018,MI,Senate,,REP,John James,james j,5.0,Zogby Analytics,,a,9/1/17,2018-08-07,2018_MI_Senate_REP,1
2018,MI,Senate,,REP,Robert Ritchie,ritchie r,28.999999999999996,Zogby Analytics,,a,9/1/17,2018-08-07,2018_MI_Senate_REP,0
2018,MI,Senate,,REP,Lena Epstein,epstein l,9.0,Trafalgar Group,1078.0,,7/27/17,2018-08-07,2018_MI_Senate_REP,0
2018,MI,Senate,,REP,Bob Young,young b,6.0,Trafalgar Group,1078.0,,7/27/17,2018-08-07,2018_MI_Senate_REP,0
2018,MI,Senate,,REP,John James,james j,7.000000000000001,Trafalgar Group,1078.0,,7/27/17,2018-08-07,2018_MI_Senate_REP,1
2018,MI,Senate,,REP,Robert Ritchie,ritchie r,50.0,Trafalgar Group,1078.0,,7/27/17,2018-08-07,2018_MI_Senate_REP,0
2018,MI,Senate,,REP,Lena Epstein,epstein l,8.0,Target-Insyght,344.0,,7/27/17,2018-08-07,2018_MI_Senate_REP,0
2018,MI,Senate,,REP,Bob Young,young b,14.000000000000002,Target-Insyght,344.0,,7/27/17,2018-08-07,2018_MI_Senate_REP,0
2018,MI,Senate,,REP,John James,james j,16.0,Target-Insyght,344.0,,7/27/17,2018-08-07,2018_MI_Senate_REP,1
2018,MI,Senate,,REP,Robert Ritchie,ritchie r,33.0,Target-Insyght,344.0,,7/27/17,2018-08-07,2018_MI_Senate_REP,0
2018,MO,Senate,,REP,Josh Hawley,hawley j,37.0,Emerson College,283.0,,4/29/18,2018-08-07,2018_MO_Senate_REP,1
2018,MO,Senate,,REP,Austin Petersen,petersen a,8.0,Emerson College,283.0,,4/29/18,2018-08-07,2018_MO_Senate_REP,0
2018,MO,Senate,,REP,Courtland Sykes,sykes c,6.0,Emerson College,283.0,,4/29/18,2018-08-07,2018_MO_Senate_REP,0
2018,MO,Senate,,REP,Josh Hawley,hawley j,30.0,Remington Research Group,915.0,,4/29/17,2018-08-07,2018_MO_Senate_REP,1
2018,MO,Senate,,REP,David Steelman,steelman d,7.000000000000001,Remington Research Group,915.0,,4/29/17,2018-08-07,2018_MO_Senate_REP,0
2018,MO,Senate,,REP,Ann Wagner,wagner a,14.000000000000002,Remington Research Group,915.0,,4/29/17,2018-08-07,2018_MO_Senate_REP,0
2018,MO,Senate,,REP,David Wasinger,wasinger d,2.0,Remington Research Group,915.0,,4/29/17,2018-08-07,2018_MO_Senate_REP,0
2018,MS,Senate,,REP,Roger Wicker,wicker r,66.0,Triumph Campaigns,446.0,,4/11/18,2018-06-05,2018_MS_Senate_REP,1
2018,MS,Senate,,REP,Chris McDaniel,mcdaniel c,16.0,Triumph Campaigns,446.0,,4/11/18,2018-06-05,2018_MS_Senate_REP,0
2018,MS,Senate,,REP,Roger Wicker,wicker r,38.0,JMC Analytics,500.0,,2/17/18,2018-06-05,2018_MS_Senate_REP,1
2018,MS,Senate,,REP,Tate Reeves,reeves t,15.0,JMC Analytics,500.0,,2/17/18,2018-06-05,2018_MS_Senate_REP,0
2018,MS,Senate,,REP,Roger Wicker,wicker r,49.0,Mason-Dixon,400.0,,12/15/17,2018-06-05,2018_MS_Senate_REP,1
2018,MS,Senate,,REP,Chris McDaniel,mcdaniel c,33.0,Mason-Dixon,400.0,,12/15/17,2018-06-05,2018_MS_Senate_REP,0
2018,MS,Senate,,REP,Roger Wicker,wicker r,55.00000000000001,Public Opinion Strategies (R-Wicker),500.0,,4/25/17,2018-06-05,2018_MS_Senate_REP,1
2018,MS,Senate,,REP,Chris McDaniel,mcdaniel c,30.0,Public Opinion Strategies (R-Wicker),500.0,,4/25/17,2018-06-05,2018_MS_Senate_REP,0
2018,MS,Senate,,DEM,David Baria,baria d,7.000000000000001,Triumph Campaigns,446.0,,4/11/18,2018-06-05,2018_MS_Senate_DEM,1
2018,MS,Senate,,DEM,Jensen Bohren,bohren j,4.0,Triumph Campaigns,446.0,,4/11/18,2018-06-05,2018_MS_Senate_DEM,0
2018,MS,Senate,,DEM,Omeria Scott,scott o,9.0,Triumph Campaigns,446.0,,4/11/18,2018-06-05,2018_MS_Senate_DEM,0
2018,MS,Senate,,DEM,Howard Sherman,sherman h,2.0,Triumph Campaigns,446.0,,4/11/18,2018-06-05,2018_MS_Senate_DEM,0
2018,MS,Senate,,DEM,Jim Hood,hood j,33.0,Triumph Campaigns,2145.0,,1/29/18,2018-06-05,2018_MS_Senate_DEM,0
2018,MS,Senate,,DEM,Bennie Thompson,thompson b,47.0,Triumph Campaigns,2145.0,,1/29/18,2018-06-05,2018_MS_Senate_DEM,0
2018,MT,Senate,,REP,Troy Downing,downing t,12.0,WPA Intelligence (R-Club for Growth),503.0,,4/16/18,2018-06-05,2018_MT_Senate_REP,0
2018,MT,Senate,,REP,Russell Fagg,fagg r,17.0,WPA Intelligence (R-Club for Growth),503.0,,4/16/18,2018-06-05,2018_MT_Senate_REP,0
2018,MT,Senate,,REP,Al Olszewski,olszewski a,8.0,WPA Intelligence (R-Club for Growth),503.0,,4/16/18,2018-06-05,2018_MT_Senate_REP,0
2018,MT,Senate,,REP,Matt Rosendale,rosendale m,40.0,WPA Intelligence (R-Club for Growth),503.0,,4/16/18,2018-06-05,2018_MT_Senate_REP,1
2018,MT,Senate,,REP,Troy Downing,downing t,12.0,WPA Intelligence (R-Rosendale),401.0,,2/7/18,2018-06-05,2018_MT_Senate_REP,0
2018,MT,Senate,,REP,Russell Fagg,fagg r,11.0,WPA Intelligence (R-Rosendale),401.0,,2/7/18,2018-06-05,2018_MT_Senate_REP,0
2018,MT,Senate,,REP,Al Olszewski,olszewski a,5.0,WPA Intelligence (R-Rosendale),401.0,,2/7/18,2018-06-05,2018_MT_Senate_REP,0
2018,MT,Senate,,REP,Matt Rosendale,rosendale m,28.000000000000004,WPA Intelligence (R-Rosendale),401.0,,2/7/18,2018-06-05,2018_MT_Senate_REP,1
2018,NV,Senate,,REP,Dean Heller,heller d,38.0,JMC Analytics,500.0,,10/26/17,2018-06-12,2018_NV_Senate_REP,1
2018,NV,Senate,,REP,Danny Tarkanian,tarkanian d,44.0,JMC Analytics,500.0,,10/26/17,2018-06-12,2018_NV_Senate_REP,0
2018,NV,Senate,,REP,Dean Heller,heller d,31.0,JMC Analytics,700.0,,8/25/17,2018-06-12,2018_NV_Senate_REP,1
2018,NV,Senate,,REP,Danny Tarkanian,tarkanian d,39.0,JMC Analytics,700.0,,8/25/17,2018-06-12,2018_NV_Senate_REP,0
2018,NV,Senate,,REP,Dean Heller,heller d,55.00000000000001,The Tarrance Group (R-Heller),300.0,,8/16/17,2018-06-12,2018_NV_Senate_REP,1
2018,NV,Senate,,REP,Danny Tarkanian,tarkanian d,33.0,The Tarrance Group (R-Heller),300.0,,8/16/17,2018-06-12,2018_NV_Senate_REP,0
2018,OH,Senate,,REP,Melissa Ackison,ackison m,4.0,Baldwin Wallace University,323.0,,5/2/18,2018-05-08,2018_OH_Senate_REP,0
2018,OH,Senate,,REP,Don Eckhart,eckhart d,1.0,Baldwin Wallace University,323.0,,5/2/18,2018-05-08,2018_OH_Senate_REP,0
2018,OH,Senate,,REP,Mike Gibbons,gibbons m,11.0,Baldwin Wallace University,323.0,,5/2/18,2018-05-08,2018_OH_Senate_REP,0
2018,OH,Senate,,REP,Dan Kiley,kiley d,4.0,Baldwin Wallace University,323.0,,5/2/18,2018-05-08,2018_OH_Senate_REP,0
2018,OH,Senate,,REP,Jim Renacci,renacci j,25.0,Baldwin Wallace University,323.0,,5/2/18,2018-05-08,2018_OH_Senate_REP,1
2018,OH,Senate,,REP,Melissa Ackison,ackison m,3.0,Fallon Research,502.0,,4/7/18,2018-05-08,2018_OH_Senate_REP,0
2018,OH,Senate,,REP,Don Eckhart,eckhart d,2.0,Fallon Research,502.0,,4/7/18,2018-05-08,2018_OH_Senate_REP,0
2018,OH,Senate,,REP,Mike Gibbons,gibbons m,7.000000000000001,Fallon Research,502.0,,4/7/18,2018-05-08,2018_OH_Senate_REP,0
2018,OH,Senate,,REP,Dan Kiley,kiley d,1.0,Fallon Research,502.0,,4/7/18,2018-05-08,2018_OH_Senate_REP,0
2018,OH,Senate,,REP,Jim Renacci,renacci j,21.0,Fallon Research,502.0,,4/7/18,2018-05-08,2018_OH_Senate_REP,1
2018,OH,Senate,,REP,Melissa Ackison,ackison m,3.0,OnMessage (R-Renacci),,,3/20/18,2018-05-08,2018_OH_Senate_REP,0
2018,OH,Senate,,REP,Don Eckhart,eckhart d,3.0,OnMessage (R-Renacci),,,3/20/18,2018-05-08,2018_OH_Senate_REP,0
2018,OH,Senate,,REP,Mike Gibbons,gibbons m,8.0,OnMessage (R-Renacci),,,3/20/18,2018-05-08,2018_OH_Senate_REP,0
2018,OH,Senate,,REP,Dan Kiley,kiley d,3.0,OnMessage (R-Renacci),,,3/20/18,2018-05-08,2018_OH_Senate_REP,0
2018,OH,Senate,,REP,Jim Renacci,renacci j,36.0,OnMessage (R-Renacci),,,3/20/18,2018-05-08,2018_OH_Senate_REP,1
2018,OH,Senate,,REP,Melissa Ackison,ackison m,5.0,SurveyUSA,541.0,,3/20/18,2018-05-08,2018_OH_Senate_REP,0
2018,OH,Senate,,REP,Don Eckhart,eckhart d,5.0,SurveyUSA,541.0,,3/20/18,2018-05-08,2018_OH_Senate_REP,0
2018,OH,Senate,,REP,Mike Gibbons,gibbons m,10.0,SurveyUSA,541.0,,3/20/18,2018-05-08,2018_OH_Senate_REP,0
2018,OH,Senate,,REP,Dan Kiley,kiley d,1.0,SurveyUSA,541.0,,3/20/18,2018-05-08,2018_OH_Senate_REP,0
2018,OH,Senate,,REP,Jim Renacci,renacci j,21.0,SurveyUSA,541.0,,3/20/18,2018-05-08,2018_OH_Senate_REP,1
2018,OH,Senate,,REP,Melissa Ackison,ackison m,5.0,Remington Research Group (R-Mandel),1268.0,,9/28/17,2018-05-08,2018_OH_Senate_REP,0
2018,OH,Senate,,REP,Mike Gibbons,gibbons m,5.0,Remington Research Group (R-Mandel),1268.0,,9/28/17,2018-05-08,2018_OH_Senate_REP,0
2018,OH,Senate,,REP,Josh Mandel,mandel j,50.0,Remington Research Group (R-Mandel),1268.0,,9/28/17,2018-05-08,2018_OH_Senate_REP,0
2018,OH,Senate,,REP,Matt Huffman,huffman m,8.0,Club for Growth,600.0,,12/12/16,2018-05-08,2018_OH_Senate_REP,0
2018,OH,Senate,,REP,Josh Mandel,mandel j,62.0,Club for Growth,600.0,,12/12/16,2018-05-08,2018_OH_Senate_REP,0
2018,OH,Senate,,REP,Pat Tiberi,tiberi p,12.0,Club for Growth,600.0,,12/12/16,2018-05-08,2018_OH_Senate_REP,0
2018,PA,Senate,,REP,Lou Barletta,barletta l,32.0,Susquehanna Polling & Research (R-Christiana),400.0,,4/1/18,2018-05-15,2018_PA_Senate_REP,1
2018,PA,Senate,,REP,Jim Christiana,christiana j,11.0,Susquehanna Polling & Research (R-Christiana),400.0,,4/1/18,2018-05-15,2018_PA_Senate_REP,0
2018,PA,Senate,,REP,Lou Barletta,barletta l,22.0,Bellwether Research (R-Addis),600.0,,9/24/17,2018-05-15,2018_PA_Senate_REP,1
2018,RI,Senate,,DEM,Sheldon Whitehouse,whitehouse s,72.0,ALG Research (D-Whitehouse),329.0,,5/14/18,2018-09-12,2018_RI_Senate_DEM,1
2018,RI,Senate,,DEM,Lincoln Chafee,chafee l,14.000000000000002,ALG Research (D-Whitehouse),329.0,,5/14/18,2018-09-12,2018_RI_Senate_DEM,0
2018,TN,Senate,,REP,Marsha Blackburn,blackburn m,66.0,WPA Intelligence (R-Club for Growth),502.0,,1/15/18,2018-08-02,2018_TN_Senate_REP,1
2018,TN,Senate,,REP,Stephen Fincher,fincher s,13.0,WPA Intelligence (R-Club for Growth),502.0,,1/15/18,2018-08-02,2018_TN_Senate_REP,0
2018,TN,Senate,,REP,Marsha Blackburn,blackburn m,57.99999999999999,Triton Polling & Research,1028.0,,12/18/17,2018-08-02,2018_TN_Senate_REP,1
2018,TN,Senate,,REP,Stephen Fincher,fincher s,11.0,Triton Polling & Research,1028.0,,12/18/17,2018-08-02,2018_TN_Senate_REP,0
2018,TN,Senate,,REP,Rolando Toyos,toyos r,4.0,Triton Polling & Research,1028.0,,12/18/17,2018-08-02,2018_TN_Senate_REP,0
2018,TN,Senate,,REP,Marsha Blackburn,blackburn m,48.0,Ragnar Research Partners (R-AFFPA),926.0,,2/19/18,2018-08-02,2018_TN_Senate_REP,1
2018,TN,Senate,,REP,Bob Corker,corker b,28.999999999999996,Ragnar Research Partners (R-AFFPA),926.0,,2/19/18,2018-08-02,2018_TN_Senate_REP,0
2018,TN,Senate,,REP,Marsha Blackburn,blackburn m,55.00000000000001,WPA Intelligence (R-CDP PAC),400.0,,2/15/18,2018-08-02,2018_TN_Senate_REP,1
2018,TN,Senate,,REP,Bob Corker,corker b,26.0,WPA Intelligence (R-CDP PAC),400.0,,2/15/18,2018-08-02,2018_TN_Senate_REP,0
2018,TN,Senate,,REP,Marsha Blackburn,blackburn m,49.0,Victory Phones (R-SCF),600.0,,2/13/18,2018-08-02,2018_TN_Senate_REP,1
2018,TN,Senate,,REP,Bob Corker,corker b,26.0,Victory Phones (R-SCF),600.0,,2/13/18,2018-08-02,2018_TN_Senate_REP,0
2018,TN,Senate,,REP,Stephen Fincher,fincher s,9.0,Victory Phones (R-SCF),600.0,,2/13/18,2018-08-02,2018_TN_Senate_REP,0
2018,TN,Senate,,REP,Bob Corker,corker b,25.0,WPA Intelligence (R-Club for Growth),502.0,,1/15/18,2018-08-02,2018_TN_Senate_REP,0
2018,TN,Senate,,REP,Bob Corker,corker b,41.6,Triton/ Tennessee Star,1007.0,,6/5/18,2018-08-02,2018_TN_Senate_REP,0
2018,TX,Senate,,REP,Ted Cruz,cruz t,73.0,Dixie Strategies,,,2/23/18,2018-03-06,2018_TX_Senate_REP,1
2018,TX,Senate,,REP,Stefano de Stefano,stefano,1.0,Dixie Strategies,,,2/23/18,2018-03-06,2018_TX_Senate_REP,0
2018,TX,Senate,,REP,Bruce Jacobson,jacobson b,2.0,Dixie Strategies,,,2/23/18,2018-03-06,2018_TX_Senate_REP,0
2018,TX,Senate,,REP,Mary Miller,miller m,2.0,Dixie Strategies,,,2/23/18,2018-03-06,2018_TX_Senate_REP,0
2018,TX,Senate,,REP,Geraldine Sam,sam g,1.0,Dixie Strategies,,,2/23/18,2018-03-06,2018_TX_Senate_REP,0
2018,TX,Senate,,REP,Ted Cruz,cruz t,91.0,University of Texas,612.0,,2/12/18,2018-03-06,2018_TX_Senate_REP,1
2018,TX,Senate,,REP,Stefano de Stefano,stefano,1.0,University of Texas,612.0,,2/12/18,2018-03-06,2018_TX_Senate_REP,0
2018,TX,Senate,,REP,Bruce Jacobson,jacobson b,3.0,University of Texas,612.0,,2/12/18,2018-03-06,2018_TX_Senate_REP,0
2018,TX,Senate,,REP,Mary Miller,miller m,3.0,University of Texas,612.0,,2/12/18,2018-03-06,2018_TX_Senate_REP,0
2018,TX,Senate,,REP,Geraldine Sam,sam g,2.0,University of Texas,612.0,,2/12/18,2018-03-06,2018_TX_Senate_REP,0
2018,TX,Senate,,REP,Ted Cruz,cruz t,52.0,Dixie Strategies,321.0,,10/1/16,2018-03-06,2018_TX_Senate_REP,1
2018,TX,Senate,,REP,Michael McCaul,mccaul m,12.0,Dixie Strategies,321.0,,10/1/16,2018-03-06,2018_TX_Senate_REP,0
2018,TX,Senate,,REP,Ted Cruz,cruz t,51.0,Public Policy Polling,522.0,,8/14/16,2018-03-06,2018_TX_Senate_REP,1
2018,TX,Senate,,REP,Michael McCaul,mccaul m,19.0,Public Policy Polling,522.0,,8/14/16,2018-03-06,2018_TX_Senate_REP,0
2018,TX,Senate,,REP,Ted Cruz,cruz t,40.0,Dixie Strategies,448.0,,8/9/16,2018-03-06,2018_TX_Senate_REP,1
2018,TX,Senate,,REP,George P. Bush,bush g,21.0,Dixie Strategies,448.0,,8/9/16,2018-03-06,2018_TX_Senate_REP,0
2018,TX,Senate,,REP,Dan Patrick,patrick d,27.0,Public Policy Polling,522.0,,8/14/16,2018-03-06,2018_TX_Senate_REP,0
2018,TX,Senate,,REP,Dan Patrick,patrick d,23.0,Dixie Strategies,448.0,,8/9/16,2018-03-06,2018_TX_Senate_REP,0
2018,TX,Senate,,REP,Rick Perry,perry r,46.0,Public Policy Polling,522.0,,8/14/16,2018-03-06,2018_TX_Senate_REP,0
2018,TX,Senate,,DEM,Sema Hernandez,hernandez s,6.0,Dixie Strategies,,,2/23/18,2018-03-06,2018_TX_Senate_DEM,0
2018,TX,Senate,,DEM,Edward Kimbrough,kimbrough e,4.0,Dixie Strategies,,,2/23/18,2018-03-06,2018_TX_Senate_DEM,0
2018,TX,Senate,,DEM,Beto O'Rourke,orourke b,38.0,Dixie Strategies,,,2/23/18,2018-03-06,2018_TX_Senate_DEM,1
2018,TX,Senate,,DEM,Sema Hernandez,hernandez s,19.0,University of Texas,453.0,,2/12/18,2018-03-06,2018_TX_Senate_DEM,0
2018,TX,Senate,,DEM,Edward Kimbrough,kimbrough e,8.0,University of Texas,453.0,,2/12/18,2018-03-06,2018_TX_Senate_DEM,0
2018,TX,Senate,,DEM,Beto O'Rourke,orourke b,73.0,University of Texas,453.0,,2/12/18,2018-03-06,2018_TX_Senate_DEM,1
2018,UT,Senate,,REP,Mike Kennedy,kennedy m,23.0,Dan Jones & Associates,356.0,,6/18/18,2018-06-26,2018_UT_Senate_REP,0
2018,UT,Senate,,REP,Mitt Romney,romney m,65.0,Dan Jones & Associates,356.0,,6/18/18,2018-06-26,2018_UT_Senate_REP,1
2018,UT,Senate,,REP,Mike Kennedy,kennedy m,24.0,Dan Jones & Associates,295.0,,5/25/18,2018-06-26,2018_UT_Senate_REP,0
2018,UT,Senate,,REP,Mitt Romney,romney m,67.0,Dan Jones & Associates,295.0,,5/25/18,2018-06-26,2018_UT_Senate_REP,1
2018,UT,Senate,,REP,Orrin Hatch,hatch o,21.0,Dan Jones & Associates,605.0,,1/16/17,2018-06-26,2018_UT_Senate_REP,0
2018,UT,Senate,,REP,Jon Huntsman Jr.,huntsman j,62.0,Dan Jones & Associates,605.0,,1/16/17,2018-06-26,2018_UT_Senate_REP,0
2018,VA,Senate,,REP,Nick Freitas,freitas n,9.0,Atlantic Media & Research (R-Stewart),355.0,,5/18/18,2018-06-12,2018_VA_Senate_REP,0
2018,VA,Senate,,REP,E. W. Jackson,jackson e,5.0,Atlantic Media & Research (R-Stewart),355.0,,5/18/18,2018-06-12,2018_VA_Senate_REP,0
2018,VA,Senate,,REP,Corey Stewart,stewart c,32.0,Atlantic Media & Research (R-Stewart),355.0,,5/18/18,2018-06-12,2018_VA_Senate_REP,1
2018,VA,Senate,,REP,Nick Freitas,freitas n,6.0,Christopher Newport University,422.0,,2/28/18,2018-06-12,2018_VA_Senate_REP,0
2018,VA,Senate,,REP,E. W. Jackson,jackson e,7.000000000000001,Christopher Newport University,422.0,,2/28/18,2018-06-12,2018_VA_Senate_REP,0
2018,VA,Senate,,REP,Corey Stewart,stewart c,16.0,Christopher Newport University,422.0,,2/28/18,2018-06-12,2018_VA_Senate_REP,1
2018,VA,Senate,,REP,Dave Brat,brat d,11.0,University of Mary Washington,562.0,lv,9/12/17,2018-06-12,2018_VA_Senate_REP,0
2018,VA,Senate,,REP,Corey Stewart,stewart c,15.0,University of Mary Washington,562.0,lv,9/12/17,2018-06-12,2018_VA_Senate_REP,1
2018,VA,Senate,,REP,Scott Taylor,taylor s,20.0,University of Mary Washington,562.0,lv,9/12/17,2018-06-12,2018_VA_Senate_REP,0
2018,WI,Senate,,REP,Kevin Nicholson,nicholson k,35.0,Emerson College,238.0,,7/28/18,2018-08-14,2018_WI_Senate_REP,0
2018,WI,Senate,,REP,Leah Vukmir,vukmir l,35.0,Emerson College,238.0,,7/28/18,2018-08-14,2018_WI_Senate_REP,1
2018,WI,Senate,,REP,Kevin Nicholson,nicholson k,38.0,Marist College,355.0,,7/19/18,2018-08-14,2018_WI_Senate_REP,0
2018,WI,Senate,,REP,Leah Vukmir,vukmir l,28.000000000000004,Marist College,355.0,,7/19/18,2018-08-14,2018_WI_Senate_REP,1
2018,WI,Senate,,REP,Kevin Nicholson,nicholson k,33.0,Hodas & Associates (R-Restoration PAC),600.0,,7/16/18,2018-08-14,2018_WI_Senate_REP,0
2018,WI,Senate,,REP,Leah Vukmir,vukmir l,20.0,Hodas & Associates (R-Restoration PAC),600.0,,7/16/18,2018-08-14,2018_WI_Senate_REP,1
2018,WI,Senate,,REP,Kevin Nicholson,nicholson k,32.0,Marquette University,266.0,,7/15/18,2018-08-14,2018_WI_Senate_REP,0
2018,WI,Senate,,REP,Leah Vukmir,vukmir l,34.0,Marquette University,266.0,,7/15/18,2018-08-14,2018_WI_Senate_REP,1
2018,WI,Senate,,REP,Kevin Nicholson,nicholson k,37.0,Marquette University,274.0,,6/17/18,2018-08-14,2018_WI_Senate_REP,0
2018,WI,Senate,,REP,Leah Vukmir,vukmir l,32.0,Marquette University,274.0,,6/17/18,2018-08-14,2018_WI_Senate_REP,1
2018,WI,Senate,,REP,Kevin Nicholson,nicholson k,28.000000000000004,Hodas & Associates (R-Restoration PAC),600.0,,6/12/18,2018-08-14,2018_WI_Senate_REP,0
2018,WI,Senate,,REP,Leah Vukmir,vukmir l,14.000000000000002,Hodas & Associates (R-Restoration PAC),600.0,,6/12/18,2018-08-14,2018_WI_Senate_REP,1
2018,WI,Senate,,REP,Kevin Nicholson,nicholson k,28.999999999999996,The Tarrance Group (R-Wisconsin Next PAC),800.0,,6/4/18,2018-08-14,2018_WI_Senate_REP,0
2018,WI,Senate,,REP,Leah Vukmir,vukmir l,36.0,The Tarrance Group (R-Wisconsin Next PAC),800.0,,6/4/18,2018-08-14,2018_WI_Senate_REP,1
2018,WI,Senate,,REP,Kevin Nicholson,nicholson k,32.0,American Viewpoint (R-Vukmir),500.0,,5/31/18,2018-08-14,2018_WI_Senate_REP,0
2018,WI,Senate,,REP,Leah Vukmir,vukmir l,30.0,American Viewpoint (R-Vukmir),500.0,,5/31/18,2018-08-14,2018_WI_Senate_REP,1
2018,WI,Senate,,REP,Kevin Nicholson,nicholson k,46.0,Hodas & Associates (R-Restoration PAC),240.0,,5/3/18,2018-08-14,2018_WI_Senate_REP,0
2018,WI,Senate,,REP,Leah Vukmir,vukmir l,15.0,Hodas & Associates (R-Restoration PAC),240.0,,5/3/18,2018-08-14,2018_WI_Senate_REP,1
2018,WI,Senate,,REP,Kevin Nicholson,nicholson k,45.0,WPA Intelligence (R-Nicholson),1028.0,,4/4/18,2018-08-14,2018_WI_Senate_REP,0
2018,WI,Senate,,REP,Leah Vukmir,vukmir l,27.0,WPA Intelligence (R-Nicholson),1028.0,,4/4/18,2018-08-14,2018_WI_Senate_REP,1
2018,WI,Senate,,REP,Kevin Nicholson,nicholson k,28.000000000000004,Marquette University,243.0,,3/1/18,2018-08-14,2018_WI_Senate_REP,0
2018,WI,Senate,,REP,Leah Vukmir,vukmir l,19.0,Marquette University,243.0,,3/1/18,2018-08-14,2018_WI_Senate_REP,1
2018,WI,Senate,,REP,Kevin Nicholson,nicholson k,48.0,WPA Intelligence (R-Nicholson),350.0,,1/23/18,2018-08-14,2018_WI_Senate_REP,0
2018,WI,Senate,,REP,Leah Vukmir,vukmir l,9.0,WPA Intelligence (R-Nicholson),350.0,,1/23/18,2018-08-14,2018_WI_Senate_REP,1
2018,WI,Senate,,REP,Kevin Nicholson,nicholson k,27.0,WPA Intelligence (R-Nicholson),350.0,,1/3/18,2018-08-14,2018_WI_Senate_REP,0
2018,WI,Senate,,REP,Leah Vukmir,vukmir l,10.0,WPA Intelligence (R-Nicholson),350.0,,1/3/18,2018-08-14,2018_WI_Senate_REP,1
2018,WI,Senate,,REP,Kevin Nicholson,nicholson k,30.0,WPA Intelligence (R-Nicholson),1004.0,,12/7/17,2018-08-14,2018_WI_Senate_REP,0
2018,WI,Senate,,REP,Leah Vukmir,vukmir l,23.0,WPA Intelligence (R-Nicholson),1004.0,,12/7/17,2018-08-14,2018_WI_Senate_REP,1
2018,WI,Senate,,REP,David Clarke,clarke d,32.0,Magellan Strategies,300.0,,2/16/17,2018-08-14,2018_WI_Senate_REP,0
2018,WI,Senate,,REP,Sean Duffy,duffy s,26.0,Magellan Strategies,300.0,,2/16/17,2018-08-14,2018_WI_Senate_REP,0
2018,WV,Senate,,DEM,Joe Manchin,manchin j,46.0,SurveyMonkey (D-Swearengin),,,9/1/17,2018-05-08,2018_WV_Senate_DEM,1
2018,WV,Senate,,DEM,Paula Jean Swearengin,swearengin p,8.0,SurveyMonkey (D-Swearengin),,,9/1/17,2018-05-08,2018_WV_Senate_DEM,0
2018,WV,Senate,,REP,Don Blankenship,blankenship d,15.0,Public Opinion Strategies (R-Morrisey),500.0,,4/23/18,2018-05-08,2018_WV_Senate_REP,0
2018,WV,Senate,,REP,Evan Jenkins,jenkins e,26.0,Public Opinion Strategies (R-Morrisey),500.0,,4/23/18,2018-05-08,2018_WV_Senate_REP,0
2018,WV,Senate,,REP,Patrick Morrisey,morrisey p,28.000000000000004,Public Opinion Strategies (R-Morrisey),500.0,,4/23/18,2018-05-08,2018_WV_Senate_REP,1
2018,WV,Senate,,REP,Don Blankenship,blankenship d,16.0,Fox News,985.0,,4/22/18,2018-05-08,2018_WV_Senate_REP,0
2018,WV,Senate,,REP,Evan Jenkins,jenkins e,25.0,Fox News,985.0,,4/22/18,2018-05-08,2018_WV_Senate_REP,0
2018,WV,Senate,,REP,Patrick Morrisey,morrisey p,21.0,Fox News,985.0,,4/22/18,2018-05-08,2018_WV_Senate_REP,1
2018,WV,Senate,,REP,Don Blankenship,blankenship d,12.0,National Research Inc. (R-GOPAC),411.0,,4/19/18,2018-05-08,2018_WV_Senate_REP,0
2018,WV,Senate,,REP,Evan Jenkins,jenkins e,20.0,National Research Inc. (R-GOPAC),411.0,,4/19/18,2018-05-08,2018_WV_Senate_REP,0
2018,WV,Senate,,REP,Patrick Morrisey,morrisey p,24.0,National Research Inc. (R-GOPAC),411.0,,4/19/18,2018-05-08,2018_WV_Senate_REP,1
2018,WV,Senate,,REP,Don Blankenship,blankenship d,23.0,Osage Research (R-Morrisey),500.0,,3/13/18,2018-05-08,2018_WV_Senate_REP,0
2018,WV,Senate,,REP,Evan Jenkins,jenkins e,17.0,Osage Research (R-Morrisey),500.0,,3/13/18,2018-05-08,2018_WV_Senate_REP,0
2018,WV,Senate,,REP,Patrick Morrisey,morrisey p,24.0,Osage Research (R-Morrisey),500.0,,3/13/18,2018-05-08,2018_WV_Senate_REP,1
2018,WV,Senate,,REP,Don Blankenship,blankenship d,27.0,Harper Polling (R-Jenkins),400.0,,3/6/18,2018-05-08,2018_WV_Senate_REP,0
2018,WV,Senate,,REP,Evan Jenkins,jenkins e,28.999999999999996,Harper Polling (R-Jenkins),400.0,,3/6/18,2018-05-08,2018_WV_Senate_REP,0
2018,WV,Senate,,REP,Patrick Morrisey,morrisey p,19.0,Harper Polling (R-Jenkins),400.0,,3/6/18,2018-05-08,2018_WV_Senate_REP,1
2018,WV,Senate,,REP,Don Blankenship,blankenship d,18.0,Harper Polling (R-Jenkins),500.0,,2/6/18,2018-05-08,2018_WV_Senate_REP,0
2018,WV,Senate,,REP,Evan Jenkins,jenkins e,33.0,Harper Polling (R-Jenkins),500.0,,2/6/18,2018-05-08,2018_WV_Senate_REP,0
2018,WV,Senate,,REP,Patrick Morrisey,morrisey p,25.0,Harper Polling (R-Jenkins),500.0,,2/6/18,2018-05-08,2018_WV_Senate_REP,1
2018,WV,Senate,,REP,Evan Jenkins,jenkins e,34.0,"Fabrizio, Lee and Associates (R-35th PAC)",400.0,,10/22/17,2018-05-08,2018_WV_Senate_REP,0
2018,WV,Senate,,REP,Patrick Morrisey,morrisey p,40.0,"Fabrizio, Lee and Associates (R-35th PAC)",400.0,,10/22/17,2018-05-08,2018_WV_Senate_REP,1
2019,KY,Governor,,REP,Matt Bevin,bevin m,56.00000000000001,Cygnal,600.0,,5/12/19,2019-05-21,2019_KY_Governor_REP,1
2019,KY,Governor,,REP,Robert Goforth,goforth r,18.0,Cygnal,600.0,,5/12/19,2019-05-21,2019_KY_Governor_REP,0
2019,KY,Governor,,REP,Ike Lawrence,lawrence i,2.0,Cygnal,600.0,,5/12/19,2019-05-21,2019_KY_Governor_REP,0
2019,KY,Governor,,REP,William Woods,woods w,1.0,Cygnal,600.0,,5/12/19,2019-05-21,2019_KY_Governor_REP,0
2019,KY,Governor,,DEM,Rocky Adkins,adkins r,17.0,Garin-Hart-Yang Research,601.0,,4/18/19,2019-05-21,2019_KY_Governor_DEM,0
2019,KY,Governor,,DEM,Andy Beshear,beshear a,44.0,Garin-Hart-Yang Research,601.0,,4/18/19,2019-05-21,2019_KY_Governor_DEM,1
2019,KY,Governor,,DEM,Adam Edelen,edelen a,16.0,Garin-Hart-Yang Research,601.0,,4/18/19,2019-05-21,2019_KY_Governor_DEM,0
2019,KY,Governor,,DEM,Rocky Adkins,adkins r,22.0,ALG Research,500.0,,4/15/19,2019-05-21,2019_KY_Governor_DEM,0
2019,KY,Governor,,DEM,Andy Beshear,beshear a,43.0,ALG Research,500.0,,4/15/19,2019-05-21,2019_KY_Governor_DEM,1
2019,KY,Governor,,DEM,Adam Edelen,edelen a,23.0,ALG Research,500.0,,4/15/19,2019-05-21,2019_KY_Governor_DEM,0
2019,KY,Governor,,DEM,Rocky Adkins,adkins r,17.0,Garin-Hart-Yang Research,603.0,,2/7/19,2019-05-21,2019_KY_Governor_DEM,0
2019,KY,Governor,,DEM,Andy Beshear,beshear a,55.00000000000001,Garin-Hart-Yang Research,603.0,,2/7/19,2019-05-21,2019_KY_Governor_DEM,1
2019,KY,Governor,,DEM,Adam Edelen,edelen a,7.000000000000001,Garin-Hart-Yang Research,603.0,,2/7/19,2019-05-21,2019_KY_Governor_DEM,0
2019,MS,Governor,,REP,Robert Foster,foster r,13.0,Mason-Dixon,500.0,,7/27/19,2019-08-06,2019_MS_Governor_REP,0
2019,MS,Governor,,REP,Tate Reeves,reeves t,41.0,Mason-Dixon,500.0,,7/27/19,2019-08-06,2019_MS_Governor_REP,1
2019,MS,Governor,,REP,Bill Waller Jr.,waller b,31.0,Mason-Dixon,500.0,,7/27/19,2019-08-06,2019_MS_Governor_REP,0
2019,MS,Governor,,REP,Robert Foster,foster r,9.0,Impact Management Group,354.0,,6/14/19,2019-08-06,2019_MS_Governor_REP,0
2019,MS,Governor,,REP,Tate Reeves,reeves t,50.0,Impact Management Group,354.0,,6/14/19,2019-08-06,2019_MS_Governor_REP,1
2019,MS,Governor,,REP,Bill Waller Jr.,waller b,19.0,Impact Management Group,354.0,,6/14/19,2019-08-06,2019_MS_Governor_REP,0
2019,MS,Governor,,REP,Robert Foster,foster r,9.0,Mason-Dixon,400.0,,2/1/19,2019-08-06,2019_MS_Governor_REP,0
2019,MS,Governor,,REP,Tate Reeves,reeves t,62.0,Mason-Dixon,400.0,,2/1/19,2019-08-06,2019_MS_Governor_REP,1
2019,MS,Governor,,REP,Lynn Fitch,fitch l,12.0,JMC Analytics,500.0,,2/17/18,2019-08-06,2019_MS_Governor_REP,0
2019,MS,Governor,,REP,Tate Reeves,reeves t,21.0,JMC Analytics,500.0,,2/17/18,2019-08-06,2019_MS_Governor_REP,1
2019,MS,Governor,,REP,Lynn Fitch,fitch l,18.0,Mason-Dixon,400.0,,12/15/17,2019-08-06,2019_MS_Governor_REP,0
2019,MS,Governor,,REP,Tate Reeves,reeves t,37.0,Mason-Dixon,400.0,,12/15/17,2019-08-06,2019_MS_Governor_REP,1
2019,MS,Governor,,DEM,Jim Hood,hood j,36.0,Triumph Campaigns,2145.0,,1/29/18,2019-08-06,2019_MS_Governor_DEM,1
2019,MS,Governor,,DEM,Robert Shuler Smith,smith r,34.0,Triumph Campaigns,2145.0,,1/29/18,2019-08-06,2019_MS_Governor_DEM,0
2019,MS,Governor,,DEM,Chokwe Antar Lumumba,lumumba c,27.0,Triumph Campaigns,2145.0,,1/29/18,2019-08-06,2019_MS_Governor_DEM,0
2020,MT,Governor,,DEM,Mike Cooney,cooney m,19.0,Montana State University Billings,40.0,lv,10/16/19,2020-06-02,2020_MT_Governor_DEM,1
2020,MT,Governor,,DEM,Reilly Neill,neill r,2.0,Montana State University Billings,40.0,lv,10/16/19,2020-06-02,2020_MT_Governor_DEM,0
2020,MT,Governor,,DEM,Casey Schreiner,schreiner c,6.0,Montana State University Billings,40.0,lv,10/16/19,2020-06-02,2020_MT_Governor_DEM,0
2020,MT,Governor,,DEM,Whitney Williams,williams w,11.0,Montana State University Billings,40.0,lv,10/16/19,2020-06-02,2020_MT_Governor_DEM,0
2020,MT,Governor,,REP,Tim Fox,fox t,25.0,Montana State University Billings,99.0,lv,10/16/19,2020-06-02,2020_MT_Governor_REP,0
2020,MT,Governor,,REP,Greg Gianforte,gianforte g,33.0,Montana State University Billings,99.0,lv,10/16/19,2020-06-02,2020_MT_Governor_REP,1
2020,MT,Governor,,REP,Albert Olszewski,olszewski a,9.0,Montana State University Billings,99.0,lv,10/16/19,2020-06-02,2020_MT_Governor_REP,0
2020,MT,Governor,,REP,Tim Fox,fox t,28.999999999999996,Gravis Marketing,433.0,rv,8/30/19,2020-06-02,2020_MT_Governor_REP,0
2020,MT,Governor,,REP,Greg Gianforte,gianforte g,56.00000000000001,Gravis Marketing,433.0,rv,8/30/19,2020-06-02,2020_MT_Governor_REP,1
2020,MT,Governor,,REP,Albert Olszewski,olszewski a,15.0,Gravis Marketing,433.0,rv,8/30/19,2020-06-02,2020_MT_Governor_REP,0
2020,MT,Governor,,REP,Tim Fox,fox t,17.0,Moore Information,400.0,lv,7/10/19,2020-06-02,2020_MT_Governor_REP,0
2020,MT,Governor,,REP,Greg Gianforte,gianforte g,56.00000000000001,Moore Information,400.0,lv,7/10/19,2020-06-02,2020_MT_Governor_REP,1
2020,MT,Governor,,REP,Albert Olszewski,olszewski a,5.0,Moore Information,400.0,lv,7/10/19,2020-06-02,2020_MT_Governor_REP,0
2020,NC,Governor,,DEM,Roy Cooper,cooper r,74.0,High Point University,269.0,lv,2/28/20,2020-03-03,2020_NC_Governor_DEM,1
2020,NC,Governor,,DEM,Ernest Reeves,reeves e,13.0,High Point University,269.0,lv,2/28/20,2020-03-03,2020_NC_Governor_DEM,0
2020,NC,Governor,,DEM,Roy Cooper,cooper r,73.0,SurveyUSA / WRAL-TV,698.0,lv,2/16/20,2020-03-03,2020_NC_Governor_DEM,1
2020,NC,Governor,,DEM,Ernest Reeves,reeves e,9.0,SurveyUSA / WRAL-TV,698.0,lv,2/16/20,2020-03-03,2020_NC_Governor_DEM,0
2020,NC,Governor,,DEM,Roy Cooper,cooper r,80.0,High Point University,198.0,lv,2/6/20,2020-03-03,2020_NC_Governor_DEM,1
2020,NC,Governor,,DEM,Ernest Reeves,reeves e,8.0,High Point University,198.0,lv,2/6/20,2020-03-03,2020_NC_Governor_DEM,0
2020,NC,Governor,,REP,Dan Forest,forest d,74.0,High Point University,246.0,lv,2/28/20,2020-03-03,2020_NC_Governor_REP,1
2020,NC,Governor,,REP,Holly Grange,grange h,13.0,High Point University,246.0,lv,2/28/20,2020-03-03,2020_NC_Governor_REP,0
2020,NC,Governor,,REP,Dan Forest,forest d,60.0,SurveyUSA / WRAL-TV,698.0,lv,2/16/20,2020-03-03,2020_NC_Governor_REP,1
2020,NC,Governor,,REP,Holly Grange,grange h,8.0,SurveyUSA / WRAL-TV,698.0,lv,2/16/20,2020-03-03,2020_NC_Governor_REP,0
2020,NC,Governor,,REP,Dan Forest,forest d,67.0,High Point University,198.0,lv,2/6/20,2020-03-03,2020_NC_Governor_REP,1
2020,NC,Governor,,REP,Holly Grange,grange h,8.0,High Point University,198.0,lv,2/6/20,2020-03-03,2020_NC_Governor_REP,0
2020,NC,Governor,,REP,Dan Forest,forest d,31.0,Harper Polling,500.0,lv,12/4/19,2020-03-03,2020_NC_Governor_REP,1
2020,NC,Governor,,REP,Holly Grange,grange h,3.0,Harper Polling,500.0,lv,12/4/19,2020-03-03,2020_NC_Governor_REP,0
2020,NC,Governor,,REP,Pat McCrory,mccrory p,42.0,Harper Polling,500.0,lv,12/4/19,2020-03-03,2020_NC_Governor_REP,0
2020,NH,Governor,,REP,Chris Sununu,sununu c,82.0,University of New Hampshire,703.0,lv,9/1/20,2020-09-08,2020_NH_Governor_REP,1
2020,NH,Governor,,REP,Karen Testerman,testerman k,15.0,University of New Hampshire,703.0,lv,9/1/20,2020-09-08,2020_NH_Governor_REP,0
2020,NH,Governor,,REP,Chris Sununu,sununu c,79.0,Robocent / Free Keene,1219.0,rv,8/24/20,2020-09-08,2020_NH_Governor_REP,1
2020,NH,Governor,,REP,Karen Testerman,testerman k,5.0,Robocent / Free Keene,1219.0,rv,8/24/20,2020-09-08,2020_NH_Governor_REP,0
2020,NH,Governor,,REP,Chris Sununu,sununu c,82.0,Saint Anselm College,475.0,rv,8/17/20,2020-09-08,2020_NH_Governor_REP,1
2020,NH,Governor,,REP,Karen Testerman,testerman k,7.000000000000001,Saint Anselm College,475.0,rv,8/17/20,2020-09-08,2020_NH_Governor_REP,0
2020,NH,Governor,,DEM,Dan Feltes,feltes d,36.0,University of New Hampshire,839.0,lv,9/1/20,2020-09-08,2020_NH_Governor_DEM,1
2020,NH,Governor,,DEM,Andru Volinsky,volinsky a,38.0,University of New Hampshire,839.0,lv,9/1/20,2020-09-08,2020_NH_Governor_DEM,0
2020,NH,Governor,,DEM,Dan Feltes,feltes d,22.0,Saint Anselm College,498.0,rv,8/17/20,2020-09-08,2020_NH_Governor_DEM,1
2020,NH,Governor,,DEM,Andru Volinsky,volinsky a,19.0,Saint Anselm College,498.0,rv,8/17/20,2020-09-08,2020_NH_Governor_DEM,0
2020,UT,Governor,,REP,Spencer Cox,cox s,30.0,Dan Jones & Associates / Salt Lake Chamber of Commerce,1247.0,lv,6/24/20,2020-06-30,2020_UT_Governor_REP,1
2020,UT,Governor,,REP,Greg Hughes,hughes g,15.0,Dan Jones & Associates / Salt Lake Chamber of Commerce,1247.0,lv,6/24/20,2020-06-30,2020_UT_Governor_REP,0
2020,UT,Governor,,REP,Jon Huntsman Jr.,huntsman j,28.999999999999996,Dan Jones & Associates / Salt Lake Chamber of Commerce,1247.0,lv,6/24/20,2020-06-30,2020_UT_Governor_REP,0
2020,UT,Governor,,REP,Thomas Wright,wright t,6.0,Dan Jones & Associates / Salt Lake Chamber of Commerce,1247.0,lv,6/24/20,2020-06-30,2020_UT_Governor_REP,0
2020,UT,Governor,,REP,Spencer Cox,cox s,32.0,Y2 Analytics UtahPolicy / KUTV 2 News,797.0,lv,6/17/20,2020-06-30,2020_UT_Governor_REP,1
2020,UT,Governor,,REP,Greg Hughes,hughes g,23.0,Y2 Analytics UtahPolicy / KUTV 2 News,797.0,lv,6/17/20,2020-06-30,2020_UT_Governor_REP,0
2020,UT,Governor,,REP,Jon Huntsman Jr.,huntsman j,36.0,Y2 Analytics UtahPolicy / KUTV 2 News,797.0,lv,6/17/20,2020-06-30,2020_UT_Governor_REP,0
2020,UT,Governor,,REP,Thomas Wright,wright t,9.0,Y2 Analytics UtahPolicy / KUTV 2 News,797.0,lv,6/17/20,2020-06-30,2020_UT_Governor_REP,0
2020,UT,Governor,,REP,Spencer Cox,cox s,34.0,Y2 Analytics / Cox for Governor,691.0,lv,6/16/20,2020-06-30,2020_UT_Governor_REP,1
2020,UT,Governor,,REP,Greg Hughes,hughes g,20.0,Y2 Analytics / Cox for Governor,691.0,lv,6/16/20,2020-06-30,2020_UT_Governor_REP,0
2020,UT,Governor,,REP,Jon Huntsman Jr.,huntsman j,28.000000000000004,Y2 Analytics / Cox for Governor,691.0,lv,6/16/20,2020-06-30,2020_UT_Governor_REP,0
2020,UT,Governor,,REP,Thomas Wright,wright t,9.0,Y2 Analytics / Cox for Governor,691.0,lv,6/16/20,2020-06-30,2020_UT_Governor_REP,0
2020,UT,Governor,,REP,Spencer Cox,cox s,32.0,Dan Jones & Associates / Salt Lake Chamber of Commerce,676.0,lv,6/10/20,2020-06-30,2020_UT_Governor_REP,1
2020,UT,Governor,,REP,Greg Hughes,hughes g,10.0,Dan Jones & Associates / Salt Lake Chamber of Commerce,676.0,lv,6/10/20,2020-06-30,2020_UT_Governor_REP,0
2020,UT,Governor,,REP,Jon Huntsman Jr.,huntsman j,37.0,Dan Jones & Associates / Salt Lake Chamber of Commerce,676.0,lv,6/10/20,2020-06-30,2020_UT_Governor_REP,0
2020,UT,Governor,,REP,Thomas Wright,wright t,5.0,Dan Jones & Associates / Salt Lake Chamber of Commerce,676.0,lv,6/10/20,2020-06-30,2020_UT_Governor_REP,0
2020,UT,Governor,,REP,Spencer Cox,cox s,32.0,Suffolk University / Salt Lake Tribune,500.0,lv,6/7/20,2020-06-30,2020_UT_Governor_REP,1
2020,UT,Governor,,REP,Greg Hughes,hughes g,10.0,Suffolk University / Salt Lake Tribune,500.0,lv,6/7/20,2020-06-30,2020_UT_Governor_REP,0
2020,UT,Governor,,REP,Jon Huntsman Jr.,huntsman j,30.0,Suffolk University / Salt Lake Tribune,500.0,lv,6/7/20,2020-06-30,2020_UT_Governor_REP,0
2020,UT,Governor,,REP,Thomas Wright,wright t,8.0,Suffolk University / Salt Lake Tribune,500.0,lv,6/7/20,2020-06-30,2020_UT_Governor_REP,0
2020,UT,Governor,,REP,Spencer Cox,cox s,28.000000000000004,Deseret News / Hinckley Institute,643.0,lv,5/31/20,2020-06-30,2020_UT_Governor_REP,1
2020,UT,Governor,,REP,Greg Hughes,hughes g,18.0,Deseret News / Hinckley Institute,643.0,lv,5/31/20,2020-06-30,2020_UT_Governor_REP,0
2020,UT,Governor,,REP,Jon Huntsman Jr.,huntsman j,24.0,Deseret News / Hinckley Institute,643.0,lv,5/31/20,2020-06-30,2020_UT_Governor_REP,0
2020,UT,Governor,,REP,Thomas Wright,wright t,4.0,Deseret News / Hinckley Institute,643.0,lv,5/31/20,2020-06-30,2020_UT_Governor_REP,0
2020,UT,Governor,,REP,Spencer Cox,cox s,40.0,Y2 Analytics / UtahPolicy / KUTV 2 News,610.0,lv,5/15/20,2020-06-30,2020_UT_Governor_REP,1
2020,UT,Governor,,REP,Greg Hughes,hughes g,18.0,Y2 Analytics / UtahPolicy / KUTV 2 News,610.0,lv,5/15/20,2020-06-30,2020_UT_Governor_REP,0
2020,UT,Governor,,REP,Jon Huntsman Jr.,huntsman j,34.0,Y2 Analytics / UtahPolicy / KUTV 2 News,610.0,lv,5/15/20,2020-06-30,2020_UT_Governor_REP,0
2020,UT,Governor,,REP,Thomas Wright,wright t,8.0,Y2 Analytics / UtahPolicy / KUTV 2 News,610.0,lv,5/15/20,2020-06-30,2020_UT_Governor_REP,0
2020,UT,Governor,,REP,Jeff Burningham,burningham j,5.0,Y2 Analytics,738.0,lv,3/30/20,2020-06-30,2020_UT_Governor_REP,0
2020,UT,Governor,,REP,Spencer Cox,cox s,39.0,Y2 Analytics,738.0,lv,3/30/20,2020-06-30,2020_UT_Governor_REP,1
2020,UT,Governor,,REP,Jan Garbett,garbett j,1.0,Y2 Analytics,738.0,lv,3/30/20,2020-06-30,2020_UT_Governor_REP,0
2020,UT,Governor,,REP,Greg Hughes,hughes g,17.0,Y2 Analytics,738.0,lv,3/30/20,2020-06-30,2020_UT_Governor_REP,0
2020,UT,Governor,,REP,Jon Huntsman Jr.,huntsman j,33.0,Y2 Analytics,738.0,lv,3/30/20,2020-06-30,2020_UT_Governor_REP,0
2020,UT,Governor,,REP,Aimee Winder Newton,newton a,4.0,Y2 Analytics,738.0,lv,3/30/20,2020-06-30,2020_UT_Governor_REP,0
2020,UT,Governor,,REP,Thomas Wright,wright t,1.0,Y2 Analytics,738.0,lv,3/30/20,2020-06-30,2020_UT_Governor_REP,0
2020,UT,Governor,,REP,Jeff Burningham,burningham j,7.000000000000001,Hinckley Institute,326.0,lv,3/28/20,2020-06-30,2020_UT_Governor_REP,0
2020,UT,Governor,,REP,Spencer Cox,cox s,24.0,Hinckley Institute,326.0,lv,3/28/20,2020-06-30,2020_UT_Governor_REP,1
2020,UT,Governor,,REP,Jan Garbett,garbett j,1.0,Hinckley Institute,326.0,lv,3/28/20,2020-06-30,2020_UT_Governor_REP,0
2020,UT,Governor,,REP,Greg Hughes,hughes g,7.000000000000001,Hinckley Institute,326.0,lv,3/28/20,2020-06-30,2020_UT_Governor_REP,0
2020,UT,Governor,,REP,Jon Huntsman Jr.,huntsman j,26.0,Hinckley Institute,326.0,lv,3/28/20,2020-06-30,2020_UT_Governor_REP,0
2020,UT,Governor,,REP,Aimee Winder Newton,newton a,2.0,Hinckley Institute,326.0,lv,3/28/20,2020-06-30,2020_UT_Governor_REP,0
2020,UT,Governor,,REP,Thomas Wright,wright t,2.0,Hinckley Institute,326.0,lv,3/28/20,2020-06-30,2020_UT_Governor_REP,0
2020,UT,Governor,,REP,Jeff Burningham,burningham j,6.0,Dan Jones & Associates,338.0,v,3/11/20,2020-06-30,2020_UT_Governor_REP,0
2020,UT,Governor,,REP,Spencer Cox,cox s,30.0,Dan Jones & Associates,338.0,v,3/11/20,2020-06-30,2020_UT_Governor_REP,1
2020,UT,Governor,,REP,Jan Garbett,garbett j,2.0,Dan Jones & Associates,338.0,v,3/11/20,2020-06-30,2020_UT_Governor_REP,0
2020,UT,Governor,,REP,Greg Hughes,hughes g,12.0,Dan Jones & Associates,338.0,v,3/11/20,2020-06-30,2020_UT_Governor_REP,0
2020,UT,Governor,,REP,Jon Huntsman Jr.,huntsman j,27.0,Dan Jones & Associates,338.0,v,3/11/20,2020-06-30,2020_UT_Governor_REP,0
2020,UT,Governor,,REP,Aimee Winder Newton,newton a,4.0,Dan Jones & Associates,338.0,v,3/11/20,2020-06-30,2020_UT_Governor_REP,0
2020,UT,Governor,,REP,Thomas Wright,wright t,6.0,Dan Jones & Associates,338.0,v,3/11/20,2020-06-30,2020_UT_Governor_REP,0
2020,UT,Governor,,REP,Jeff Burningham,burningham j,7.000000000000001,Hinckley Institute,312.0,lv,3/1/20,2020-06-30,2020_UT_Governor_REP,0
2020,UT,Governor,,REP,Spencer Cox,cox s,20.0,Hinckley Institute,312.0,lv,3/1/20,2020-06-30,2020_UT_Governor_REP,1
2020,UT,Governor,,REP,Jan Garbett,garbett j,1.0,Hinckley Institute,312.0,lv,3/1/20,2020-06-30,2020_UT_Governor_REP,0
2020,UT,Governor,,REP,Greg Hughes,hughes g,7.000000000000001,Hinckley Institute,312.0,lv,3/1/20,2020-06-30,2020_UT_Governor_REP,0
2020,UT,Governor,,REP,Jon Huntsman Jr.,huntsman j,32.0,Hinckley Institute,312.0,lv,3/1/20,2020-06-30,2020_UT_Governor_REP,0
2020,UT,Governor,,REP,Aimee Winder Newton,newton a,2.0,Hinckley Institute,312.0,lv,3/1/20,2020-06-30,2020_UT_Governor_REP,0
2020,UT,Governor,,REP,Thomas Wright,wright t,1.0,Hinckley Institute,312.0,lv,3/1/20,2020-06-30,2020_UT_Governor_REP,0
2020,UT,Governor,,REP,Jeff Burningham,burningham j,1.0,Suffolk University / Salt Lake Tribune,246.0,lv,1/22/20,2020-06-30,2020_UT_Governor_REP,0
2020,UT,Governor,,REP,Spencer Cox,cox s,18.0,Suffolk University / Salt Lake Tribune,246.0,lv,1/22/20,2020-06-30,2020_UT_Governor_REP,1
2020,UT,Governor,,REP,Greg Hughes,hughes g,7.000000000000001,Suffolk University / Salt Lake Tribune,246.0,lv,1/22/20,2020-06-30,2020_UT_Governor_REP,0
2020,UT,Governor,,REP,Jon Huntsman Jr.,huntsman j,26.0,Suffolk University / Salt Lake Tribune,246.0,lv,1/22/20,2020-06-30,2020_UT_Governor_REP,0
2020,UT,Governor,,REP,Aimee Winder Newton,newton a,1.0,Suffolk University / Salt Lake Tribune,246.0,lv,1/22/20,2020-06-30,2020_UT_Governor_REP,0
2020,UT,Governor,,REP,Thomas Wright,wright t,1.0,Suffolk University / Salt Lake Tribune,246.0,lv,1/22/20,2020-06-30,2020_UT_Governor_REP,0
2020,UT,Governor,,REP,Jeff Burningham,burningham j,6.0,Hinckley Institute / Deseret News,424.0,lv,1/22/20,2020-06-30,2020_UT_Governor_REP,0
2020,UT,Governor,,REP,Spencer Cox,cox s,25.0,Hinckley Institute / Deseret News,424.0,lv,1/22/20,2020-06-30,2020_UT_Governor_REP,1
2020,UT,Governor,,REP,Greg Hughes,hughes g,3.0,Hinckley Institute / Deseret News,424.0,lv,1/22/20,2020-06-30,2020_UT_Governor_REP,0
2020,UT,Governor,,REP,Jon Huntsman Jr.,huntsman j,35.0,Hinckley Institute / Deseret News,424.0,lv,1/22/20,2020-06-30,2020_UT_Governor_REP,0
2020,UT,Governor,,REP,Aimee Winder Newton,newton a,3.0,Hinckley Institute / Deseret News,424.0,lv,1/22/20,2020-06-30,2020_UT_Governor_REP,0
2020,UT,Governor,,REP,Thomas Wright,wright t,3.0,Hinckley Institute / Deseret News,424.0,lv,1/22/20,2020-06-30,2020_UT_Governor_REP,0
2020,UT,Governor,,REP,Rob Bishop,bishop r,9.0,Y2 Analytics,457.0,v,12/7/19,2020-06-30,2020_UT_Governor_REP,0
2020,UT,Governor,,REP,Jeff Burningham,burningham j,5.0,Y2 Analytics,457.0,v,12/7/19,2020-06-30,2020_UT_Governor_REP,0
2020,UT,Governor,,REP,Spencer Cox,cox s,41.0,Y2 Analytics,457.0,v,12/7/19,2020-06-30,2020_UT_Governor_REP,1
2020,UT,Governor,,REP,Greg Hughes,hughes g,5.0,Y2 Analytics,457.0,v,12/7/19,2020-06-30,2020_UT_Governor_REP,0
2020,UT,Governor,,REP,Jon Huntsman Jr.,huntsman j,28.999999999999996,Y2 Analytics,457.0,v,12/7/19,2020-06-30,2020_UT_Governor_REP,0
2020,UT,Governor,,REP,Aimee Winder Newton,newton a,5.0,Y2 Analytics,457.0,v,12/7/19,2020-06-30,2020_UT_Governor_REP,0
2020,UT,Governor,,REP,Sean Reyes,reyes s,5.0,Y2 Analytics,457.0,v,12/7/19,2020-06-30,2020_UT_Governor_REP,0
2020,UT,Governor,,REP,Thomas Wright,wright t,1.0,Y2 Analytics,457.0,v,12/7/19,2020-06-30,2020_UT_Governor_REP,0
2020,UT,Governor,,REP,Jeff Burningham,burningham j,2.0,Dan Jones & Associates / Salt Lake Chamber of Commerce,271.0,v,10/10/19,2020-06-30,2020_UT_Governor_REP,0
2020,UT,Governor,,REP,Spencer Cox,cox s,34.0,Dan Jones & Associates / Salt Lake Chamber of Commerce,271.0,v,10/10/19,2020-06-30,2020_UT_Governor_REP,1
2020,UT,Governor,,REP,Greg Hughes,hughes g,2.0,Dan Jones & Associates / Salt Lake Chamber of Commerce,271.0,v,10/10/19,2020-06-30,2020_UT_Governor_REP,0
2020,UT,Governor,,REP,Jon Huntsman Jr.,huntsman j,30.0,Dan Jones & Associates / Salt Lake Chamber of Commerce,271.0,v,10/10/19,2020-06-30,2020_UT_Governor_REP,0
2020,UT,Governor,,REP,Thomas Wright,wright t,7.000000000000001,Dan Jones & Associates / Salt Lake Chamber of Commerce,271.0,v,10/10/19,2020-06-30,2020_UT_Governor_REP,0
2020,UT,Governor,,REP,Rob Bishop,bishop r,10.0,University of Utah,311.0,rv,1/24/19,2020-06-30,2020_UT_Governor_REP,0
2020,UT,Governor,,REP,Jason Chaffetz,chaffetz j,27.0,University of Utah,311.0,rv,1/24/19,2020-06-30,2020_UT_Governor_REP,0
2020,UT,Governor,,REP,Spencer Cox,cox s,28.000000000000004,University of Utah,311.0,rv,1/24/19,2020-06-30,2020_UT_Governor_REP,1
2020,UT,Governor,,REP,Greg Hughes,hughes g,4.0,University of Utah,311.0,rv,1/24/19,2020-06-30,2020_UT_Governor_REP,0
2020,UT,Governor,,REP,Greg Miller,miller g,2.0,University of Utah,311.0,rv,1/24/19,2020-06-30,2020_UT_Governor_REP,0
2020,UT,Governor,,REP,Sean Reyes,reyes s,4.0,University of Utah,311.0,rv,1/24/19,2020-06-30,2020_UT_Governor_REP,0
2020,UT,Governor,,REP,Rob Bishop,bishop r,11.0,University of Utah,291.0,rv,10/9/18,2020-06-30,2020_UT_Governor_REP,0
2020,UT,Governor,,REP,Jason Chaffetz,chaffetz j,25.0,University of Utah,291.0,rv,10/9/18,2020-06-30,2020_UT_Governor_REP,0
2020,UT,Governor,,REP,Spencer Cox,cox s,16.0,University of Utah,291.0,rv,10/9/18,2020-06-30,2020_UT_Governor_REP,1
2020,UT,Governor,,REP,Greg Hughes,hughes g,3.0,University of Utah,291.0,rv,10/9/18,2020-06-30,2020_UT_Governor_REP,0
2020,UT,Governor,,REP,Greg Miller,miller g,2.0,University of Utah,291.0,rv,10/9/18,2020-06-30,2020_UT_Governor_REP,0
2020,UT,Governor,,REP,Sean Reyes,reyes s,7.000000000000001,University of Utah,291.0,rv,10/9/18,2020-06-30,2020_UT_Governor_REP,0
2020,UT,Governor,,REP,Rob Bishop,bishop r,9.0,Hinckley Institute / Salt Lake Tribune,510.0,v,6/18/18,2020-06-30,2020_UT_Governor_REP,0
2020,UT,Governor,,REP,Jason Chaffetz,chaffetz j,25.0,Hinckley Institute / Salt Lake Tribune,510.0,v,6/18/18,2020-06-30,2020_UT_Governor_REP,0
2020,UT,Governor,,REP,Spencer Cox,cox s,16.0,Hinckley Institute / Salt Lake Tribune,510.0,v,6/18/18,2020-06-30,2020_UT_Governor_REP,1
2020,UT,Governor,,REP,Greg Hughes,hughes g,3.0,Hinckley Institute / Salt Lake Tribune,510.0,v,6/18/18,2020-06-30,2020_UT_Governor_REP,0
2020,UT,Governor,,REP,Sean Reyes,reyes s,9.0,Hinckley Institute / Salt Lake Tribune,510.0,v,6/18/18,2020-06-30,2020_UT_Governor_REP,0
2020,UT,Governor,,DEM,Neil Hansen,hansen n,11.0,Y2 Analytics / UtahPolicy / KUTV 2 News,167.0,lv,3/30/20,2020-06-30,2020_UT_Governor_DEM,0
2020,UT,Governor,,DEM,Ryan Jackson,jackson r,11.0,Y2 Analytics / UtahPolicy / KUTV 2 News,167.0,lv,3/30/20,2020-06-30,2020_UT_Governor_DEM,0
2020,UT,Governor,,DEM,Zachary Moses,moses z,7.000000000000001,Y2 Analytics / UtahPolicy / KUTV 2 News,167.0,lv,3/30/20,2020-06-30,2020_UT_Governor_DEM,0
2020,UT,Governor,,DEM,Christopher Peterson,peterson c,38.0,Y2 Analytics / UtahPolicy / KUTV 2 News,167.0,lv,3/30/20,2020-06-30,2020_UT_Governor_DEM,1
2020,UT,Governor,,DEM,Nikki Pino,pino n,28.000000000000004,Y2 Analytics / UtahPolicy / KUTV 2 News,167.0,lv,3/30/20,2020-06-30,2020_UT_Governor_DEM,0
2020,UT,Governor,,DEM,Archie Williams III,williams a,5.0,Y2 Analytics / UtahPolicy / KUTV 2 News,167.0,lv,3/30/20,2020-06-30,2020_UT_Governor_DEM,0
2020,WV,Governor,,REP,Jim Justice,justice j,53.0,Triton Polling & Research /WMOV,719.0,lv,5/26/20,2020-06-09,2020_WV_Governor_REP,1
2020,WV,Governor,,REP,Mike Folk,folk m,15.0,Triton Polling & Research /WMOV,719.0,lv,5/26/20,2020-06-09,2020_WV_Governor_REP,0
2020,WV,Governor,,REP,Woody Thrasher,thrasher w,14.000000000000002,Triton Polling & Research /WMOV,719.0,lv,5/26/20,2020-06-09,2020_WV_Governor_REP,0
2020,WV,Governor,,REP,Jim Justice,justice j,38.0,WPA Intelligence,502.0,lv,12/18/19,2020-06-09,2020_WV_Governor_REP,1
2020,WV,Governor,,REP,Mike Folk,folk m,6.0,WPA Intelligence,502.0,lv,12/18/19,2020-06-09,2020_WV_Governor_REP,0
2020,WV,Governor,,REP,Woody Thrasher,thrasher w,30.0,WPA Intelligence,502.0,lv,12/18/19,2020-06-09,2020_WV_Governor_REP,0
2020,WV,Governor,,REP,Jim Justice,justice j,56.00000000000001,Research America Inc.,229.0,lv,12/9/19,2020-06-09,2020_WV_Governor_REP,1
2020,WV,Governor,,REP,Mike Folk,folk m,11.0,Research America Inc.,229.0,lv,12/9/19,2020-06-09,2020_WV_Governor_REP,0
2020,WV,Governor,,REP,Woody Thrasher,thrasher w,21.0,Research America Inc.,229.0,lv,12/9/19,2020-06-09,2020_WV_Governor_REP,0
2020,WV,Governor,,REP,Jim Justice,justice j,56.00000000000001,Public Opinion Strategies,,,8/25/19,2020-06-09,2020_WV_Governor_REP,1
2020,WV,Governor,,REP,Woody Thrasher,thrasher w,26.0,Public Opinion Strategies,,,8/25/19,2020-06-09,2020_WV_Governor_REP,0
2020,WV,Governor,,REP,Jim Justice,justice j,53.0,Research America Inc.,216.0,lv,8/22/19,2020-06-09,2020_WV_Governor_REP,1
2020,WV,Governor,,REP,Mike Folk,folk m,12.0,Research America Inc.,216.0,lv,8/22/19,2020-06-09,2020_WV_Governor_REP,0
2020,WV,Governor,,REP,Woody Thrasher,thrasher w,19.0,Research America Inc.,216.0,lv,8/22/19,2020-06-09,2020_WV_Governor_REP,0
2020,WV,Governor,,REP,Jim Justice,justice j,38.0,WPA Intelligence,509.0,v,8/14/19,2020-06-09,2020_WV_Governor_REP,1
2020,WV,Governor,,REP,Mike Folk,folk m,11.0,WPA Intelligence,509.0,v,8/14/19,2020-06-09,2020_WV_Governor_REP,0
2020,WV,Governor,,REP,Woody Thrasher,thrasher w,23.0,WPA Intelligence,509.0,v,8/14/19,2020-06-09,2020_WV_Governor_REP,0
2020,WV,Governor,,REP,Jim Justice,justice j,57.99999999999999,WPA Intelligence,509.0,v,3/10/19,2020-06-09,2020_WV_Governor_REP,1
2020,WV,Governor,,REP,Mike Folk,folk m,5.0,WPA Intelligence,509.0,v,3/10/19,2020-06-09,2020_WV_Governor_REP,0
2020,WV,Governor,,REP,Woody Thrasher,thrasher w,5.0,WPA Intelligence,509.0,v,3/10/19,2020-06-09,2020_WV_Governor_REP,0
2020,WV,Governor,,DEM,Ben Salango,salango b,30.0,Triton Polling & Research /WMOV,231.0,lv,5/26/20,2020-06-09,2020_WV_Governor_DEM,1
2020,WV,Governor,,DEM,Stephen Smith,smith s,27.0,Triton Polling & Research /WMOV,231.0,lv,5/26/20,2020-06-09,2020_WV_Governor_DEM,0
2020,WV,Governor,,DEM,Ron Stollings,stollings r,10.0,Triton Polling & Research /WMOV,231.0,lv,5/26/20,2020-06-09,2020_WV_Governor_DEM,0
2020,WV,Governor,,DEM,Ben Salango,salango b,18.0,Research America / MetroNews,220.0,lv,12/10/19,2020-06-09,2020_WV_Governor_DEM,1
2020,WV,Governor,,DEM,Stephen Smith,smith s,21.0,Research America / MetroNews,220.0,lv,12/10/19,2020-06-09,2020_WV_Governor_DEM,0
2020,WV,Governor,,DEM,Ron Stollings,stollings r,19.0,Research America / MetroNews,220.0,lv,12/10/19,2020-06-09,2020_WV_Governor_DEM,0
2020,AL,Senate,,REP,Stanley Adair,adair s,1.0,WPA Intelligence,607.0,lv,2/19/20,2020-03-03,2020_AL_Senate_REP,0
2020,AL,Senate,,REP,Bradley Byrne,byrne b,17.0,WPA Intelligence,607.0,lv,2/19/20,2020-03-03,2020_AL_Senate_REP,0
2020,AL,Senate,,REP,Arnold Mooney,mooney a,1.0,WPA Intelligence,607.0,lv,2/19/20,2020-03-03,2020_AL_Senate_REP,0
2020,AL,Senate,,REP,Roy Moore,moore r,5.0,WPA Intelligence,607.0,lv,2/19/20,2020-03-03,2020_AL_Senate_REP,0
2020,AL,Senate,,REP,Jeff Sessions,sessions j,28.999999999999996,WPA Intelligence,607.0,lv,2/19/20,2020-03-03,2020_AL_Senate_REP,0
2020,AL,Senate,,REP,Tommy Tuberville,tuberville t,32.0,WPA Intelligence,607.0,lv,2/19/20,2020-03-03,2020_AL_Senate_REP,1
2020,AL,Senate,,REP,Stanley Adair,adair s,1.0,WPA Intelligence,600.0,lv,2/12/20,2020-03-03,2020_AL_Senate_REP,0
2020,AL,Senate,,REP,Bradley Byrne,byrne b,17.0,WPA Intelligence,600.0,lv,2/12/20,2020-03-03,2020_AL_Senate_REP,0
2020,AL,Senate,,REP,Arnold Mooney,mooney a,1.0,WPA Intelligence,600.0,lv,2/12/20,2020-03-03,2020_AL_Senate_REP,0
2020,AL,Senate,,REP,Roy Moore,moore r,6.0,WPA Intelligence,600.0,lv,2/12/20,2020-03-03,2020_AL_Senate_REP,0
2020,AL,Senate,,REP,Ruth Page Nelson,nelson r,1.0,WPA Intelligence,600.0,lv,2/12/20,2020-03-03,2020_AL_Senate_REP,0
2020,AL,Senate,,REP,Jeff Sessions,sessions j,34.0,WPA Intelligence,600.0,lv,2/12/20,2020-03-03,2020_AL_Senate_REP,0
2020,AL,Senate,,REP,Tommy Tuberville,tuberville t,28.999999999999996,WPA Intelligence,600.0,lv,2/12/20,2020-03-03,2020_AL_Senate_REP,1
2020,AL,Senate,,REP,Bradley Byrne,byrne b,26.0,Harper Polling,609.0,lv,2/9/20,2020-03-03,2020_AL_Senate_REP,0
2020,AL,Senate,,REP,Roy Moore,moore r,5.0,Harper Polling,609.0,lv,2/9/20,2020-03-03,2020_AL_Senate_REP,0
2020,AL,Senate,,REP,Jeff Sessions,sessions j,31.0,Harper Polling,609.0,lv,2/9/20,2020-03-03,2020_AL_Senate_REP,0
2020,AL,Senate,,REP,Tommy Tuberville,tuberville t,24.0,Harper Polling,609.0,lv,2/9/20,2020-03-03,2020_AL_Senate_REP,1
2020,AL,Senate,,REP,Bradley Byrne,byrne b,17.0,Mason-Dixon,400.0,lv,2/6/20,2020-03-03,2020_AL_Senate_REP,0
2020,AL,Senate,,REP,Roy Moore,moore r,5.0,Mason-Dixon,400.0,lv,2/6/20,2020-03-03,2020_AL_Senate_REP,0
2020,AL,Senate,,REP,Jeff Sessions,sessions j,31.0,Mason-Dixon,400.0,lv,2/6/20,2020-03-03,2020_AL_Senate_REP,0
2020,AL,Senate,,REP,Tommy Tuberville,tuberville t,28.999999999999996,Mason-Dixon,400.0,lv,2/6/20,2020-03-03,2020_AL_Senate_REP,1
2020,AL,Senate,,REP,Bradley Byrne,byrne b,22.0,OnMessage,700.0,lv,1/15/20,2020-03-03,2020_AL_Senate_REP,0
2020,AL,Senate,,REP,Jeff Sessions,sessions j,43.0,OnMessage,700.0,lv,1/15/20,2020-03-03,2020_AL_Senate_REP,0
2020,AL,Senate,,REP,Tommy Tuberville,tuberville t,21.0,OnMessage,700.0,lv,1/15/20,2020-03-03,2020_AL_Senate_REP,1
2020,AL,Senate,,REP,Bradley Byrne,byrne b,14.000000000000002,OnMessage,700.0,lv,12/5/19,2020-03-03,2020_AL_Senate_REP,0
2020,AL,Senate,,REP,Arnold Mooney,mooney a,1.0,OnMessage,700.0,lv,12/5/19,2020-03-03,2020_AL_Senate_REP,0
2020,AL,Senate,,REP,Roy Moore,moore r,7.000000000000001,OnMessage,700.0,lv,12/5/19,2020-03-03,2020_AL_Senate_REP,0
2020,AL,Senate,,REP,Ruth Page Nelson,nelson r,1.0,OnMessage,700.0,lv,12/5/19,2020-03-03,2020_AL_Senate_REP,0
2020,AL,Senate,,REP,Jeff Sessions,sessions j,44.0,OnMessage,700.0,lv,12/5/19,2020-03-03,2020_AL_Senate_REP,0
2020,AL,Senate,,REP,Tommy Tuberville,tuberville t,21.0,OnMessage,700.0,lv,12/5/19,2020-03-03,2020_AL_Senate_REP,1
2020,AL,Senate,,REP,Stanley Adair,adair s,1.0,Cherry Communications,600.0,lv,12/3/19,2020-03-03,2020_AL_Senate_REP,0
2020,AL,Senate,,REP,Bradley Byrne,byrne b,12.0,Cherry Communications,600.0,lv,12/3/19,2020-03-03,2020_AL_Senate_REP,0
2020,AL,Senate,,REP,Arnold Mooney,mooney a,1.0,Cherry Communications,600.0,lv,12/3/19,2020-03-03,2020_AL_Senate_REP,0
2020,AL,Senate,,REP,Roy Moore,moore r,8.0,Cherry Communications,600.0,lv,12/3/19,2020-03-03,2020_AL_Senate_REP,0
2020,AL,Senate,,REP,Jeff Sessions,sessions j,35.0,Cherry Communications,600.0,lv,12/3/19,2020-03-03,2020_AL_Senate_REP,0
2020,AL,Senate,,REP,Tommy Tuberville,tuberville t,31.0,Cherry Communications,600.0,lv,12/3/19,2020-03-03,2020_AL_Senate_REP,1
2020,AL,Senate,,REP,Bradley Byrne,byrne b,11.0,WPA Intelligence,511.0,v,10/31/19,2020-03-03,2020_AL_Senate_REP,0
2020,AL,Senate,,REP,John Merrill,merrill j,6.0,WPA Intelligence,511.0,v,10/31/19,2020-03-03,2020_AL_Senate_REP,0
2020,AL,Senate,,REP,Arnold Mooney,mooney a,2.0,WPA Intelligence,511.0,v,10/31/19,2020-03-03,2020_AL_Senate_REP,0
2020,AL,Senate,,REP,Roy Moore,moore r,11.0,WPA Intelligence,511.0,v,10/31/19,2020-03-03,2020_AL_Senate_REP,0
2020,AL,Senate,,REP,Jeff Sessions,sessions j,36.0,WPA Intelligence,511.0,v,10/31/19,2020-03-03,2020_AL_Senate_REP,0
2020,AL,Senate,,REP,Tommy Tuberville,tuberville t,23.0,WPA Intelligence,511.0,v,10/31/19,2020-03-03,2020_AL_Senate_REP,1
2020,AL,Senate,,REP,Stanley Adair,adair s,1.0,Cygnal,536.0,lv,10/12/19,2020-03-03,2020_AL_Senate_REP,0
2020,AL,Senate,,REP,Bradley Byrne,byrne b,18.0,Cygnal,536.0,lv,10/12/19,2020-03-03,2020_AL_Senate_REP,0
2020,AL,Senate,,REP,John Merrill,merrill j,9.0,Cygnal,536.0,lv,10/12/19,2020-03-03,2020_AL_Senate_REP,0
2020,AL,Senate,,REP,Arnold Mooney,mooney a,2.0,Cygnal,536.0,lv,10/12/19,2020-03-03,2020_AL_Senate_REP,0
2020,AL,Senate,,REP,Roy Moore,moore r,11.0,Cygnal,536.0,lv,10/12/19,2020-03-03,2020_AL_Senate_REP,0
2020,AL,Senate,,REP,Tommy Tuberville,tuberville t,32.0,Cygnal,536.0,lv,10/12/19,2020-03-03,2020_AL_Senate_REP,1
2020,AL,Senate,,REP,Stanley Adair,adair s,1.0,Tommy for Senate,,lv,10/5/19,2020-03-03,2020_AL_Senate_REP,0
2020,AL,Senate,,REP,Bradley Byrne,byrne b,13.0,Tommy for Senate,,lv,10/5/19,2020-03-03,2020_AL_Senate_REP,0
2020,AL,Senate,,REP,John Merrill,merrill j,9.0,Tommy for Senate,,lv,10/5/19,2020-03-03,2020_AL_Senate_REP,0
2020,AL,Senate,,REP,Arnold Mooney,mooney a,1.0,Tommy for Senate,,lv,10/5/19,2020-03-03,2020_AL_Senate_REP,0
2020,AL,Senate,,REP,Roy Moore,moore r,15.0,Tommy for Senate,,lv,10/5/19,2020-03-03,2020_AL_Senate_REP,0
2020,AL,Senate,,REP,Tommy Tuberville,tuberville t,36.0,Tommy for Senate,,lv,10/5/19,2020-03-03,2020_AL_Senate_REP,1
2020,AL,Senate,,REP,Bradley Byrne,byrne b,17.0,Moore Information,400.0,lv,8/13/19,2020-03-03,2020_AL_Senate_REP,0
2020,AL,Senate,,REP,John Merrill,merrill j,13.0,Moore Information,400.0,lv,8/13/19,2020-03-03,2020_AL_Senate_REP,0
2020,AL,Senate,,REP,Arnold Mooney,mooney a,1.0,Moore Information,400.0,lv,8/13/19,2020-03-03,2020_AL_Senate_REP,0
2020,AL,Senate,,REP,Roy Moore,moore r,15.0,Moore Information,400.0,lv,8/13/19,2020-03-03,2020_AL_Senate_REP,0
2020,AL,Senate,,REP,Tommy Tuberville,tuberville t,33.0,Moore Information,400.0,lv,8/13/19,2020-03-03,2020_AL_Senate_REP,1
2020,AL,Senate,,REP,Bradley Byrne,byrne b,21.0,Cygnal,612.0,lv,6/23/19,2020-03-03,2020_AL_Senate_REP,0
2020,AL,Senate,,REP,John Merrill,merrill j,12.0,Cygnal,612.0,lv,6/23/19,2020-03-03,2020_AL_Senate_REP,0
2020,AL,Senate,,REP,Arnold Mooney,mooney a,2.0,Cygnal,612.0,lv,6/23/19,2020-03-03,2020_AL_Senate_REP,0
2020,AL,Senate,,REP,Roy Moore,moore r,13.0,Cygnal,612.0,lv,6/23/19,2020-03-03,2020_AL_Senate_REP,0
2020,AL,Senate,,REP,Tommy Tuberville,tuberville t,28.999999999999996,Cygnal,612.0,lv,6/23/19,2020-03-03,2020_AL_Senate_REP,1
2020,AL,Senate,,REP,Bradley Byrne,byrne b,16.0,Moore Information,650.0,lv,6/11/19,2020-03-03,2020_AL_Senate_REP,0
2020,AL,Senate,,REP,John Merrill,merrill j,7.000000000000001,Moore Information,650.0,lv,6/11/19,2020-03-03,2020_AL_Senate_REP,0
2020,AL,Senate,,REP,Arnold Mooney,mooney a,2.0,Moore Information,650.0,lv,6/11/19,2020-03-03,2020_AL_Senate_REP,0
2020,AL,Senate,,REP,Roy Moore,moore r,18.0,Moore Information,650.0,lv,6/11/19,2020-03-03,2020_AL_Senate_REP,0
2020,AL,Senate,,REP,Tommy Tuberville,tuberville t,23.0,Moore Information,650.0,lv,6/11/19,2020-03-03,2020_AL_Senate_REP,1
2020,AL,Senate,,REP,Mo Brooks,brooks m,18.0,Mason-Dixon,400.0,rv,4/11/19,2020-03-03,2020_AL_Senate_REP,0
2020,AL,Senate,,REP,Bradley Byrne,byrne b,13.0,Mason-Dixon,400.0,rv,4/11/19,2020-03-03,2020_AL_Senate_REP,0
2020,AL,Senate,,REP,Del Marsh,marsh d,4.0,Mason-Dixon,400.0,rv,4/11/19,2020-03-03,2020_AL_Senate_REP,0
2020,AL,Senate,,REP,Roy Moore,moore r,27.0,Mason-Dixon,400.0,rv,4/11/19,2020-03-03,2020_AL_Senate_REP,0
2020,AL,Senate,,REP,Gary Palmer,palmer g,11.0,Mason-Dixon,400.0,rv,4/11/19,2020-03-03,2020_AL_Senate_REP,0
2020,AL,Senate,,REP,Tommy Tuberville,tuberville t,47.0,JMC Analytics,525.0,lv,12/18/19,2020-03-03,2020_AL_Senate_REP,1
2020,AL,Senate,,REP,Jeff Sessions,sessions j,46.0,JMC Analytics,525.0,lv,12/18/19,2020-03-03,2020_AL_Senate_REP,0
2020,AL,Senate,,REP,Bradley Byrne,byrne b,51.0,AL Daily News / Mason-Dixon,625.0,rv,2/6/20,2020-03-03,2020_AL_Senate_REP,0
2020,AL,Senate,,REP,Bradley Byrne,byrne b,44.0,JMC Analytics,525.0,lv,12/18/19,2020-03-03,2020_AL_Senate_REP,0
2020,AL,Senate,,REP,Arnold Mooney,mooney a,34.0,JMC Analytics,525.0,lv,12/18/19,2020-03-03,2020_AL_Senate_REP,0
2020,AL,Senate,,REP,Roy Moore,moore r,33.0,JMC Analytics,525.0,lv,12/18/19,2020-03-03,2020_AL_Senate_REP,0
2020,CO,Senate,,DEM,John Hickenlooper,hickenlooper j,57.99999999999999,SurveyUSA,575.0,lv,6/24/20,2020-06-30,2020_CO_Senate_DEM,1
2020,CO,Senate,,DEM,Andrew Romanoff,romanoff a,28.000000000000004,SurveyUSA,575.0,lv,6/24/20,2020-06-30,2020_CO_Senate_DEM,0
2020,CO,Senate,,DEM,John Hickenlooper,hickenlooper j,51.0,Myers Research and Strategic Services,500.0,lv,6/17/20,2020-06-30,2020_CO_Senate_DEM,1
2020,CO,Senate,,DEM,Andrew Romanoff,romanoff a,39.0,Myers Research and Strategic Services,500.0,lv,6/17/20,2020-06-30,2020_CO_Senate_DEM,0
2020,CO,Senate,,DEM,John Hickenlooper,hickenlooper j,68.0,Unspecified polling firm,,lv,10/1/19,2020-06-30,2020_CO_Senate_DEM,1
2020,CO,Senate,,DEM,Andrew Romanoff,romanoff a,19.0,Unspecified polling firm,,lv,10/1/19,2020-06-30,2020_CO_Senate_DEM,0
2020,CO,Senate,,DEM,John Hickenlooper,hickenlooper j,60.0,Public Policy Polling,509.0,lv,8/29/19,2020-06-30,2020_CO_Senate_DEM,1
2020,CO,Senate,,DEM,Mike Johnston,johnston m,3.0,Public Policy Polling,509.0,lv,8/29/19,2020-06-30,2020_CO_Senate_DEM,0
2020,CO,Senate,,DEM,Andrew Romanoff,romanoff a,9.0,Public Policy Polling,509.0,lv,8/29/19,2020-06-30,2020_CO_Senate_DEM,0
2020,CO,Senate,,DEM,Jena Griswold,griswold j,6.0,Garin-Hart-Yang Research Group,600.0,lv,7/28/19,2020-06-30,2020_CO_Senate_DEM,0
2020,CO,Senate,,DEM,John Hickenlooper,hickenlooper j,61.0,Garin-Hart-Yang Research Group,600.0,lv,7/28/19,2020-06-30,2020_CO_Senate_DEM,1
2020,CO,Senate,,DEM,Mike Johnston,johnston m,10.0,Garin-Hart-Yang Research Group,600.0,lv,7/28/19,2020-06-30,2020_CO_Senate_DEM,0
2020,CO,Senate,,DEM,Andrew Romanoff,romanoff a,8.0,Garin-Hart-Yang Research Group,600.0,lv,7/28/19,2020-06-30,2020_CO_Senate_DEM,0
2020,CO,Senate,,DEM,Jena Griswold,griswold j,4.0,Public Policy Polling,561.0,lv,7/14/19,2020-06-30,2020_CO_Senate_DEM,0
2020,CO,Senate,,DEM,John Hickenlooper,hickenlooper j,44.0,Public Policy Polling,561.0,lv,7/14/19,2020-06-30,2020_CO_Senate_DEM,1
2020,CO,Senate,,DEM,Mike Johnston,johnston m,3.0,Public Policy Polling,561.0,lv,7/14/19,2020-06-30,2020_CO_Senate_DEM,0
2020,CO,Senate,,DEM,Andrew Romanoff,romanoff a,12.0,Public Policy Polling,561.0,lv,7/14/19,2020-06-30,2020_CO_Senate_DEM,0
2020,CO,Senate,,DEM,Dan Baer,baer d,11.0,Public Policy Polling,509.0,lv,8/29/19,2020-06-30,2020_CO_Senate_DEM,0
2020,CO,Senate,,DEM,Alice Madden,madden a,14.000000000000002,Public Policy Polling,509.0,lv,8/29/19,2020-06-30,2020_CO_Senate_DEM,0
2020,CO,Senate,,DEM,Angela Williams,williams a,11.0,Public Policy Polling,509.0,lv,8/29/19,2020-06-30,2020_CO_Senate_DEM,0
2020,CO,Senate,,DEM,John Hickenlooper,hickenlooper j,51.0,Public Policy Polling,840.0,v,6/30/20,2020-06-30,2020_CO_Senate_DEM,1
2020,CO,Senate,,DEM,John Hickenlooper,hickenlooper j,54.0,Keating Research / OnSight Public Affairs / Melanson,600.0,lv,5/3/20,2020-06-30,2020_CO_Senate_DEM,1
2020,CO,Senate,,DEM,John Hickenlooper,hickenlooper j,48.0,Montana State University Bozeman,379.0,lv,4/19/20,2020-06-30,2020_CO_Senate_DEM,1
2020,CO,Senate,,DEM,John Hickenlooper,hickenlooper j,53.0,Keating Research,500.0,lv,10/14/19,2020-06-30,2020_CO_Senate_DEM,1
2020,CO,Senate,,DEM,John Hickenlooper,hickenlooper j,53.0,Emerson College,1000.0,rv,8/19/19,2020-06-30,2020_CO_Senate_DEM,1
2020,CO,Senate,,DEM,John Hickenlooper,hickenlooper j,49.0,Global Strategy Group,617.0,lv,8/14/19,2020-06-30,2020_CO_Senate_DEM,1
2020,CO,Senate,,DEM,John Hickenlooper,hickenlooper j,51.0,Public Policy Polling,739.0,v,8/11/19,2020-06-30,2020_CO_Senate_DEM,1
2020,CO,Senate,,DEM,Mike Johnston,johnston m,50.0,Global Strategy Group,617.0,lv,8/14/19,2020-06-30,2020_CO_Senate_DEM,0
2020,CO,Senate,,DEM,Mike Johnston,johnston m,39.0,Fabrizio Ward / AARP,600.0,lv,7/31/19,2020-06-30,2020_CO_Senate_DEM,0
2020,DE,Senate,,DEM,Lisa Blunt Rochester,rochester l,31.0,Data for Progress,528.0,lv,11/25/19,2020-09-15,2020_DE_Senate_DEM,0
2020,DE,Senate,,DEM,Chris Coons,coons c,35.0,Data for Progress,528.0,lv,11/25/19,2020-09-15,2020_DE_Senate_DEM,1
2020,GA,Senate,,DEM,Sarah Riggs Amico,amico s,9.0,Landmark Communications,500.0,lv,6/1/20,2020-06-09,2020_GA_Senate_DEM,0
2020,GA,Senate,,DEM,Jon Ossoff,ossoff j,42.0,Landmark Communications,500.0,lv,6/1/20,2020-06-09,2020_GA_Senate_DEM,1
2020,GA,Senate,,DEM,Teresa Tomlinson,tomlinson t,14.000000000000002,Landmark Communications,500.0,lv,6/1/20,2020-06-09,2020_GA_Senate_DEM,0
2020,GA,Senate,,DEM,Sarah Riggs Amico,amico s,8.0,Cygnal,510.0,lv,5/30/20,2020-06-09,2020_GA_Senate_DEM,0
2020,GA,Senate,,DEM,Jon Ossoff,ossoff j,49.0,Cygnal,510.0,lv,5/30/20,2020-06-09,2020_GA_Senate_DEM,1
2020,GA,Senate,,DEM,Teresa Tomlinson,tomlinson t,16.0,Cygnal,510.0,lv,5/30/20,2020-06-09,2020_GA_Senate_DEM,0
2020,GA,Senate,,DEM,Sarah Riggs Amico,amico s,9.0,The Progress Campaign,1162.0,lv,5/15/20,2020-06-09,2020_GA_Senate_DEM,0
2020,GA,Senate,,DEM,Jon Ossoff,ossoff j,46.0,The Progress Campaign,1162.0,lv,5/15/20,2020-06-09,2020_GA_Senate_DEM,1
2020,GA,Senate,,DEM,Teresa Tomlinson,tomlinson t,28.999999999999996,The Progress Campaign,1162.0,lv,5/15/20,2020-06-09,2020_GA_Senate_DEM,0
2020,GA,Senate,,DEM,Sarah Riggs Amico,amico s,18.0,The Progress Campaign,913.0,rv,3/21/20,2020-06-09,2020_GA_Senate_DEM,0
2020,GA,Senate,,DEM,Jon Ossoff,ossoff j,34.0,The Progress Campaign,913.0,rv,3/21/20,2020-06-09,2020_GA_Senate_DEM,1
2020,GA,Senate,,DEM,Teresa Tomlinson,tomlinson t,21.0,The Progress Campaign,913.0,rv,3/21/20,2020-06-09,2020_GA_Senate_DEM,0
2020,GA,Senate,,DEM,Sarah Riggs Amico,amico s,15.0,University of Georgia,807.0,lv,3/14/20,2020-06-09,2020_GA_Senate_DEM,0
2020,GA,Senate,,DEM,Jon Ossoff,ossoff j,31.0,University of Georgia,807.0,lv,3/14/20,2020-06-09,2020_GA_Senate_DEM,1
2020,GA,Senate,,DEM,Teresa Tomlinson,tomlinson t,16.0,University of Georgia,807.0,lv,3/14/20,2020-06-09,2020_GA_Senate_DEM,0
2020,GA,Senate,,DEM,Jon Ossoff,ossoff j,47.0,Civiqs / Daily Kos,1339.0,rv,5/18/20,2020-06-09,2020_GA_Senate_DEM,1
2020,GA,Senate,,DEM,Jon Ossoff,ossoff j,41.0,BK Strategies,700.0,lv,5/13/20,2020-06-09,2020_GA_Senate_DEM,1
2020,GA,Senate,,DEM,Jon Ossoff,ossoff j,41.0,Public Opinion Strategies,500.0,lv,5/7/20,2020-06-09,2020_GA_Senate_DEM,1
2020,GA,Senate,,DEM,Jon Ossoff,ossoff j,39.0,Cygnal,591.0,lv,4/27/20,2020-06-09,2020_GA_Senate_DEM,1
2020,KS,Senate,,REP,Bob Hamilton,hamilton b,15.0,Civiqs / Daily Kos,419.0,lv,6/1/20,2020-08-04,2020_KS_Senate_REP,0
2020,KS,Senate,,REP,Kris Kobach,kobach k,35.0,Civiqs / Daily Kos,419.0,lv,6/1/20,2020-08-04,2020_KS_Senate_REP,0
2020,KS,Senate,,REP,Dave Lindstrom,lindstrom d,4.0,Civiqs / Daily Kos,419.0,lv,6/1/20,2020-08-04,2020_KS_Senate_REP,0
2020,KS,Senate,,REP,Roger Marshall,marshall r,26.0,Civiqs / Daily Kos,419.0,lv,6/1/20,2020-08-04,2020_KS_Senate_REP,1
2020,KS,Senate,,REP,Bob Hamilton,hamilton b,6.0,Public Opinion Strategies,600.0,v,5/12/20,2020-08-04,2020_KS_Senate_REP,0
2020,KS,Senate,,REP,Kris Kobach,kobach k,26.0,Public Opinion Strategies,600.0,v,5/12/20,2020-08-04,2020_KS_Senate_REP,0
2020,KS,Senate,,REP,Dave Lindstrom,lindstrom d,4.0,Public Opinion Strategies,600.0,v,5/12/20,2020-08-04,2020_KS_Senate_REP,0
2020,KS,Senate,,REP,Roger Marshall,marshall r,33.0,Public Opinion Strategies,600.0,v,5/12/20,2020-08-04,2020_KS_Senate_REP,1
2020,KS,Senate,,REP,Susan Wagle,wagle s,7.000000000000001,Public Opinion Strategies,600.0,v,5/12/20,2020-08-04,2020_KS_Senate_REP,0
2020,KS,Senate,,REP,Bob Hamilton,hamilton b,2.0,McLaughlin & Associates,300.0,lv,2/16/20,2020-08-04,2020_KS_Senate_REP,0
2020,KS,Senate,,REP,Kris Kobach,kobach k,40.0,McLaughlin & Associates,300.0,lv,2/16/20,2020-08-04,2020_KS_Senate_REP,0
2020,KS,Senate,,REP,Dave Lindstrom,lindstrom d,5.0,McLaughlin & Associates,300.0,lv,2/16/20,2020-08-04,2020_KS_Senate_REP,0
2020,KS,Senate,,REP,Roger Marshall,marshall r,23.0,McLaughlin & Associates,300.0,lv,2/16/20,2020-08-04,2020_KS_Senate_REP,1
2020,KS,Senate,,REP,Susan Wagle,wagle s,8.0,McLaughlin & Associates,300.0,lv,2/16/20,2020-08-04,2020_KS_Senate_REP,0
2020,KS,Senate,,REP,Kris Kobach,kobach k,28.999999999999996,co/efficient,1246.0,lv,1/20/20,2020-08-04,2020_KS_Senate_REP,0
2020,KS,Senate,,REP,Roger Marshall,marshall r,28.999999999999996,co/efficient,1246.0,lv,1/20/20,2020-08-04,2020_KS_Senate_REP,1
2020,KS,Senate,,REP,Susan Wagle,wagle s,6.0,co/efficient,1246.0,lv,1/20/20,2020-08-04,2020_KS_Senate_REP,0
2020,KS,Senate,,REP,Kris Kobach,kobach k,43.0,The Tarrance Group,607.0,lv,10/23/19,2020-08-04,2020_KS_Senate_REP,0
2020,KS,Senate,,REP,Dave Lindstrom,lindstrom d,3.0,The Tarrance Group,607.0,lv,10/23/19,2020-08-04,2020_KS_Senate_REP,0
2020,KS,Senate,,REP,Roger Marshall,marshall r,24.0,The Tarrance Group,607.0,lv,10/23/19,2020-08-04,2020_KS_Senate_REP,1
2020,KS,Senate,,REP,Susan Wagle,wagle s,8.0,The Tarrance Group,607.0,lv,10/23/19,2020-08-04,2020_KS_Senate_REP,0
2020,KS,Senate,,REP,Kris Kobach,kobach k,17.0,NRSC,607.0,lv,10/23/19,2020-08-04,2020_KS_Senate_REP,0
2020,KS,Senate,,REP,Roger Marshall,marshall r,11.0,NRSC,607.0,lv,10/23/19,2020-08-04,2020_KS_Senate_REP,1
2020,KS,Senate,,REP,Mike Pompeo,pompeo m,54.0,NRSC,607.0,lv,10/23/19,2020-08-04,2020_KS_Senate_REP,0
2020,KS,Senate,,REP,Roger Marshall,marshall r,43.0,Public Policy Polling,864.0,v,8/6/20,2020-08-04,2020_KS_Senate_REP,1
2020,KS,Senate,,DEM,Barbara Bollier,bollier b,42.0,Public Policy Polling,864.0,v,8/6/20,2020-08-04,2020_KS_Senate_DEM,1
2020,KS,Senate,,DEM,Barbara Bollier,bollier b,41.0,Civiqs / Daily Kos,699.0,rv,6/1/20,2020-08-04,2020_KS_Senate_DEM,1
2020,KS,Senate,,REP,Roger Marshall,marshall r,46.0,NMB Research,506.0,lv,5/19/20,2020-08-04,2020_KS_Senate_REP,1
2020,KS,Senate,,DEM,Barbara Bollier,bollier b,35.0,NMB Research,506.0,lv,5/19/20,2020-08-04,2020_KS_Senate_DEM,1
2020,KS,Senate,,REP,Roger Marshall,marshall r,47.0,Public Policy Polling,1567.0,v,3/11/20,2020-08-04,2020_KS_Senate_REP,1
2020,KS,Senate,,DEM,Barbara Bollier,bollier b,37.0,Public Policy Polling,1567.0,v,3/11/20,2020-08-04,2020_KS_Senate_DEM,1
2020,KS,Senate,,REP,Kris Kobach,kobach k,44.0,NMB Research / NRSC,506.0,lv,5/19/20,2020-08-04,2020_KS_Senate_REP,0
2020,KS,Senate,,DEM,Barbara Bollier,bollier b,43.0,NMB Research / NRSC,506.0,lv,5/19/20,2020-08-04,2020_KS_Senate_DEM,1
2020,KS,Senate,,REP,Kris Kobach,kobach k,42.0,Public Policy Polling,1271.0,rv,4/14/20,2020-08-04,2020_KS_Senate_REP,0
2020,KS,Senate,,DEM,Barbara Bollier,bollier b,44.0,Public Policy Polling,1271.0,rv,4/14/20,2020-08-04,2020_KS_Senate_DEM,1
2020,KS,Senate,,REP,Kris Kobach,kobach k,47.0,McLaughlin & Associates,300.0,lv,2/13/20,2020-08-04,2020_KS_Senate_REP,0
2020,KS,Senate,,DEM,Barbara Bollier,bollier b,38.0,McLaughlin & Associates,300.0,lv,2/13/20,2020-08-04,2020_KS_Senate_DEM,1
2020,KS,Senate,,REP,Kris Kobach,kobach k,43.0,DFM Research,600.0,a,2/6/20,2020-08-04,2020_KS_Senate_REP,0
2020,KS,Senate,,DEM,Barbara Bollier,bollier b,43.0,DFM Research,600.0,a,2/6/20,2020-08-04,2020_KS_Senate_DEM,1
2020,KS,Senate,,REP,Kris Kobach,kobach k,42.0,Tarrance Group / NRSC,600.0,lv,6/11/19,2020-08-04,2020_KS_Senate_REP,0
2020,KS,Senate,,DEM,Barry Grissom,grissom b,52.0,Tarrance Group / NRSC,600.0,lv,6/11/19,2020-08-04,2020_KS_Senate_DEM,0
2020,KY,Senate,,DEM,Charles Booker,booker c,43.0,Data for Progress,556.0,lv,6/22/20,2020-06-23,2020_KY_Senate_DEM,0
2020,KY,Senate,,DEM,Amy McGrath,mcgrath a,46.0,Data for Progress,556.0,lv,6/22/20,2020-06-23,2020_KY_Senate_DEM,1
2020,KY,Senate,,DEM,Charles Booker,booker c,32.0,Garin-Hart-Yang,,,6/18/20,2020-06-23,2020_KY_Senate_DEM,0
2020,KY,Senate,,DEM,Amy McGrath,mcgrath a,42.0,Garin-Hart-Yang,,,6/18/20,2020-06-23,2020_KY_Senate_DEM,1
2020,KY,Senate,,DEM,Charles Booker,booker c,44.0,Civiqs / Data for Progress,421.0,lv,6/15/20,2020-06-23,2020_KY_Senate_DEM,0
2020,KY,Senate,,DEM,Amy McGrath,mcgrath a,36.0,Civiqs / Data for Progress,421.0,lv,6/15/20,2020-06-23,2020_KY_Senate_DEM,1
2020,KY,Senate,,DEM,Charles Booker,booker c,39.0,YouGov Blue / MVMT Communications,313.0,rv,6/12/20,2020-06-23,2020_KY_Senate_DEM,0
2020,KY,Senate,,DEM,Amy McGrath,mcgrath a,49.0,YouGov Blue / MVMT Communications,313.0,rv,6/12/20,2020-06-23,2020_KY_Senate_DEM,1
2020,KY,Senate,,DEM,Charles Booker,booker c,13.0,YouGov Blue / MVMT Communications,,,5/1/20,2020-06-23,2020_KY_Senate_DEM,0
2020,KY,Senate,,DEM,Amy McGrath,mcgrath a,62.0,YouGov Blue / MVMT Communications,,,5/1/20,2020-06-23,2020_KY_Senate_DEM,1
2020,KY,Senate,,DEM,Charles Booker,booker c,11.0,YouGov Blue / MVMT Communications,,,4/1/20,2020-06-23,2020_KY_Senate_DEM,0
2020,KY,Senate,,DEM,Amy McGrath,mcgrath a,62.0,YouGov Blue / MVMT Communications,,,4/1/20,2020-06-23,2020_KY_Senate_DEM,1
2020,KY,Senate,,DEM,Charles Booker,booker c,7.000000000000001,YouGov Blue / MVMT Communications,,,1/1/20,2020-06-23,2020_KY_Senate_DEM,0
2020,KY,Senate,,DEM,Amy McGrath,mcgrath a,65.0,YouGov Blue / MVMT Communications,,,1/1/20,2020-06-23,2020_KY_Senate_DEM,1
2020,MA,Senate,,DEM,Ed Markey,markey e,56.00000000000001,Emerson College / WHDH,453.0,lv,8/27/20,2020-09-01,2020_MA_Senate_DEM,1
2020,MA,Senate,,DEM,Joe Kennedy III,kennedy j,44.0,Emerson College / WHDH,453.0,lv,8/27/20,2020-09-01,2020_MA_Senate_DEM,0
2020,MA,Senate,,DEM,Ed Markey,markey e,50.0,Data for Progress,731.0,lv,8/25/20,2020-09-01,2020_MA_Senate_DEM,1
2020,MA,Senate,,DEM,Joe Kennedy III,kennedy j,43.0,Data for Progress,731.0,lv,8/25/20,2020-09-01,2020_MA_Senate_DEM,0
2020,MA,Senate,,DEM,Ed Markey,markey e,51.0,Suffolk University,500.0,lv,8/25/20,2020-09-01,2020_MA_Senate_DEM,1
2020,MA,Senate,,DEM,Joe Kennedy III,kennedy j,41.0,Suffolk University,500.0,lv,8/25/20,2020-09-01,2020_MA_Senate_DEM,0
2020,MA,Senate,,DEM,Ed Markey,markey e,52.0,UMass Lowell,800.0,lv,8/21/20,2020-09-01,2020_MA_Senate_DEM,1
2020,MA,Senate,,DEM,Joe Kennedy III,kennedy j,40.0,UMass Lowell,800.0,lv,8/21/20,2020-09-01,2020_MA_Senate_DEM,0
2020,MA,Senate,,DEM,Ed Markey,markey e,44.0,SurveyUSA / Priorities for Progress,558.0,lv,8/16/20,2020-09-01,2020_MA_Senate_DEM,1
2020,MA,Senate,,DEM,Joe Kennedy III,kennedy j,42.0,SurveyUSA / Priorities for Progress,558.0,lv,8/16/20,2020-09-01,2020_MA_Senate_DEM,0
2020,MA,Senate,,DEM,Ed Markey,markey e,51.0,UMassAmherst / WCVB,362.0,lv,8/7/20,2020-09-01,2020_MA_Senate_DEM,1
2020,MA,Senate,,DEM,Joe Kennedy III,kennedy j,36.0,UMassAmherst / WCVB,362.0,lv,8/7/20,2020-09-01,2020_MA_Senate_DEM,0
2020,MA,Senate,,DEM,Ed Markey,markey e,44.0,JMC Analytics and Polling,500.0,lv,7/30/20,2020-09-01,2020_MA_Senate_DEM,1
2020,MA,Senate,,DEM,Joe Kennedy III,kennedy j,41.0,JMC Analytics and Polling,500.0,lv,7/30/20,2020-09-01,2020_MA_Senate_DEM,0
2020,MA,Senate,,DEM,Ed Markey,markey e,42.0,Emerson College,620.0,lv,5/6/20,2020-09-01,2020_MA_Senate_DEM,1
2020,MA,Senate,,DEM,Joe Kennedy III,kennedy j,57.99999999999999,Emerson College,620.0,lv,5/6/20,2020-09-01,2020_MA_Senate_DEM,0
2020,MA,Senate,,DEM,Ed Markey,markey e,42.0,University of Massachusetts Lowell,531.0,lv,5/1/20,2020-09-01,2020_MA_Senate_DEM,1
2020,MA,Senate,,DEM,Joe Kennedy III,kennedy j,44.0,University of Massachusetts Lowell,531.0,lv,5/1/20,2020-09-01,2020_MA_Senate_DEM,0
2020,MA,Senate,,DEM,Ed Markey,markey e,36.0,Suffolk University / Boston Globe / WBZ,465.0,lv,2/28/20,2020-09-01,2020_MA_Senate_DEM,1
2020,MA,Senate,,DEM,Joe Kennedy III,kennedy j,42.0,Suffolk University / Boston Globe / WBZ,465.0,lv,2/28/20,2020-09-01,2020_MA_Senate_DEM,0
2020,MA,Senate,,DEM,Ed Markey,markey e,43.0,UMass Amherst / WCVB,400.0,lv,2/24/20,2020-09-01,2020_MA_Senate_DEM,1
2020,MA,Senate,,DEM,Joe Kennedy III,kennedy j,40.0,UMass Amherst / WCVB,400.0,lv,2/24/20,2020-09-01,2020_MA_Senate_DEM,0
2020,MA,Senate,,DEM,Ed Markey,markey e,34.0,UMass Lowell / YouGov,450.0,lv,2/19/20,2020-09-01,2020_MA_Senate_DEM,1
2020,MA,Senate,,DEM,Joe Kennedy III,kennedy j,35.0,UMass Lowell / YouGov,450.0,lv,2/19/20,2020-09-01,2020_MA_Senate_DEM,0
2020,MA,Senate,,DEM,Ed Markey,markey e,28.000000000000004,Suffolk University / Boston Globe,500.0,lv,9/5/19,2020-09-01,2020_MA_Senate_DEM,1
2020,MA,Senate,,DEM,Joe Kennedy III,kennedy j,42.0,Suffolk University / Boston Globe,500.0,lv,9/5/19,2020-09-01,2020_MA_Senate_DEM,0
2020,MA,Senate,,DEM,Ed Markey,markey e,25.0,Change Research,808.0,rv,8/25/19,2020-09-01,2020_MA_Senate_DEM,1
2020,MA,Senate,,DEM,Shannon Liss-Riordan,lissriordan s,5.0,Change Research,808.0,rv,8/25/19,2020-09-01,2020_MA_Senate_DEM,0
2020,MA,Senate,,DEM,Joe Kennedy III,kennedy j,42.0,Change Research,808.0,rv,8/25/19,2020-09-01,2020_MA_Senate_DEM,0
2020,MA,Senate,,DEM,Steve Pemberton,pemberton s,7.000000000000001,Change Research,808.0,rv,8/25/19,2020-09-01,2020_MA_Senate_DEM,0
2020,MA,Senate,,DEM,Ed Markey,markey e,44.0,Suffolk University,370.0,lv,6/9/19,2020-09-01,2020_MA_Senate_DEM,1
2020,MA,Senate,,DEM,Shannon Liss-Riordan,lissriordan s,5.0,Suffolk University,370.0,lv,6/9/19,2020-09-01,2020_MA_Senate_DEM,0
2020,MA,Senate,,DEM,Steve Pemberton,pemberton s,5.0,Suffolk University,370.0,lv,6/9/19,2020-09-01,2020_MA_Senate_DEM,0
2020,MA,Senate,,DEM,Ed Markey,markey e,26.0,YouGov / UMass Amherst,635.0,rv,11/14/18,2020-09-01,2020_MA_Senate_DEM,1
2020,MA,Senate,,DEM,Maura Healey,healey m,27.0,YouGov / UMass Amherst,635.0,rv,11/14/18,2020-09-01,2020_MA_Senate_DEM,0
2020,MA,Senate,,DEM,Ed Markey,markey e,24.0,Suffolk University,433.0,lv,9/17/18,2020-09-01,2020_MA_Senate_DEM,1
2020,MA,Senate,,DEM,Seth Moulton,moulton s,18.0,Suffolk University,433.0,lv,9/17/18,2020-09-01,2020_MA_Senate_DEM,0
2020,ME,Senate,,REP,Susan Collins,collins s,55.00000000000001,Public Policy Polling,271.0,lv,10/13/19,2020-07-14,2020_ME_Senate_REP,1
2020,ME,Senate,,REP,Derek Levasseur,levasseur d,10.0,Public Policy Polling,271.0,lv,10/13/19,2020-07-14,2020_ME_Senate_REP,0
2020,ME,Senate,,REP,Paul LePage,lepage p,63.0,Public Policy Polling,271.0,lv,10/13/19,2020-07-14,2020_ME_Senate_REP,0
2020,ME,Senate,,REP,Shawn Moody,moody s,45.0,Public Policy Polling,271.0,lv,10/13/19,2020-07-14,2020_ME_Senate_REP,0
2020,ME,Senate,,DEM,Sara Gideon,gideon s,67.0,Victory Geek,,lv,5/18/20,2020-07-14,2020_ME_Senate_DEM,1
2020,ME,Senate,,DEM,Betsy Sweet,sweet b,17.0,Victory Geek,,lv,5/18/20,2020-07-14,2020_ME_Senate_DEM,0
2020,ME,Senate,,DEM,Sara Gideon,gideon s,60.0,Colby College / SocialSphere,383.0,lv,2/13/20,2020-07-14,2020_ME_Senate_DEM,1
2020,ME,Senate,,DEM,Betsy Sweet,sweet b,8.0,Colby College / SocialSphere,383.0,lv,2/13/20,2020-07-14,2020_ME_Senate_DEM,0
2020,MI,Senate,,REP,John James,james j,59.0,Target Insyght,296.0,lv,4/25/19,2020-08-04,2020_MI_Senate_REP,1
2020,MI,Senate,,REP,Bill Schuette,schuette b,15.0,Target Insyght,296.0,lv,4/25/19,2020-08-04,2020_MI_Senate_REP,0
2020,NC,Senate,,REP,Thom Tillis,tillis t,69.0,High Point University,247.0,lv,2/28/20,2020-03-03,2020_NC_Senate_REP,1
2020,NC,Senate,,REP,Paul Wright,wright p,8.0,High Point University,247.0,lv,2/28/20,2020-03-03,2020_NC_Senate_REP,0
2020,NC,Senate,,REP,Thom Tillis,tillis t,53.0,Meredith College,353.0,lv,2/24/20,2020-03-03,2020_NC_Senate_REP,1
2020,NC,Senate,,REP,Paul Wright,wright p,5.0,Meredith College,353.0,lv,2/24/20,2020-03-03,2020_NC_Senate_REP,0
2020,NC,Senate,,REP,Thom Tillis,tillis t,59.0,SurveyUSA,501.0,lv,2/16/20,2020-03-03,2020_NC_Senate_REP,1
2020,NC,Senate,,REP,Paul Wright,wright p,3.0,SurveyUSA,501.0,lv,2/16/20,2020-03-03,2020_NC_Senate_REP,0
2020,NC,Senate,,REP,Thom Tillis,tillis t,62.0,High Point University,198.0,lv,2/6/20,2020-03-03,2020_NC_Senate_REP,1
2020,NC,Senate,,REP,Paul Wright,wright p,7.000000000000001,High Point University,198.0,lv,2/6/20,2020-03-03,2020_NC_Senate_REP,0
2020,NC,Senate,,REP,Sandy Smith,smith s,11.0,Harper Polling / Civitas,500.0,lv,12/4/19,2020-03-03,2020_NC_Senate_REP,0
2020,NC,Senate,,REP,Thom Tillis,tillis t,63.0,Harper Polling / Civitas,500.0,lv,12/4/19,2020-03-03,2020_NC_Senate_REP,1
2020,NC,Senate,,REP,Sandy Smith,smith s,4.0,FOX News,574.0,lv,11/13/19,2020-03-03,2020_NC_Senate_REP,0
2020,NC,Senate,,REP,Thom Tillis,tillis t,54.0,FOX News,574.0,lv,11/13/19,2020-03-03,2020_NC_Senate_REP,1
2020,NC,Senate,,REP,Garland Tucker,tucker g,11.0,FOX News,574.0,lv,11/13/19,2020-03-03,2020_NC_Senate_REP,0
2020,NC,Senate,,REP,Thom Tillis,tillis t,38.0,Public Policy Polling,564.0,v,8/20/19,2020-03-03,2020_NC_Senate_REP,1
2020,NC,Senate,,REP,Garland Tucker,tucker g,31.0,Public Policy Polling,564.0,v,8/20/19,2020-03-03,2020_NC_Senate_REP,0
2020,NC,Senate,,REP,Thom Tillis,tillis t,40.0,Diversified Research,500.0,v,7/9/19,2020-03-03,2020_NC_Senate_REP,1
2020,NC,Senate,,REP,Garland Tucker,tucker g,30.0,Diversified Research,500.0,v,7/9/19,2020-03-03,2020_NC_Senate_REP,0
2020,NC,Senate,,REP,Sandy Smith,smith s,2.0,WPA Intelligence,502.0,lv,5/21/19,2020-03-03,2020_NC_Senate_REP,0
2020,NC,Senate,,REP,Thom Tillis,tillis t,40.0,WPA Intelligence,502.0,lv,5/21/19,2020-03-03,2020_NC_Senate_REP,1
2020,NC,Senate,,REP,Garland Tucker,tucker g,11.0,WPA Intelligence,502.0,lv,5/21/19,2020-03-03,2020_NC_Senate_REP,0
2020,NC,Senate,,REP,Mark Walker,walker m,17.0,WPA Intelligence,502.0,lv,5/21/19,2020-03-03,2020_NC_Senate_REP,0
2020,NC,Senate,,DEM,Cal Cunningham,cunningham c,50.0,High Point University,274.0,lv,2/28/20,2020-03-03,2020_NC_Senate_DEM,1
2020,NC,Senate,,DEM,Trevor Fuller,fuller t,4.0,High Point University,274.0,lv,2/28/20,2020-03-03,2020_NC_Senate_DEM,0
2020,NC,Senate,,DEM,Atul Goel,goel a,1.0,High Point University,274.0,lv,2/28/20,2020-03-03,2020_NC_Senate_DEM,0
2020,NC,Senate,,DEM,Erica Smith,smith e,24.0,High Point University,274.0,lv,2/28/20,2020-03-03,2020_NC_Senate_DEM,0
2020,NC,Senate,,DEM,Steve Swenson,swenson s,3.0,High Point University,274.0,lv,2/28/20,2020-03-03,2020_NC_Senate_DEM,0
2020,NC,Senate,,DEM,Cal Cunningham,cunningham c,45.0,Civitas Institute / Spry Strategies,587.0,lv,2/27/20,2020-03-03,2020_NC_Senate_DEM,1
2020,NC,Senate,,DEM,Trevor Fuller,fuller t,2.0,Civitas Institute / Spry Strategies,587.0,lv,2/27/20,2020-03-03,2020_NC_Senate_DEM,0
2020,NC,Senate,,DEM,Atul Goel,goel a,1.0,Civitas Institute / Spry Strategies,587.0,lv,2/27/20,2020-03-03,2020_NC_Senate_DEM,0
2020,NC,Senate,,DEM,Erica Smith,smith e,23.0,Civitas Institute / Spry Strategies,587.0,lv,2/27/20,2020-03-03,2020_NC_Senate_DEM,0
2020,NC,Senate,,DEM,Steve Swenson,swenson s,1.0,Civitas Institute / Spry Strategies,587.0,lv,2/27/20,2020-03-03,2020_NC_Senate_DEM,0
2020,NC,Senate,,DEM,Cal Cunningham,cunningham c,51.0,NBC News / Marist,568.0,lv,2/27/20,2020-03-03,2020_NC_Senate_DEM,1
2020,NC,Senate,,DEM,Trevor Fuller,fuller t,3.0,NBC News / Marist,568.0,lv,2/27/20,2020-03-03,2020_NC_Senate_DEM,0
2020,NC,Senate,,DEM,Atul Goel,goel a,1.0,NBC News / Marist,568.0,lv,2/27/20,2020-03-03,2020_NC_Senate_DEM,0
2020,NC,Senate,,DEM,Erica Smith,smith e,18.0,NBC News / Marist,568.0,lv,2/27/20,2020-03-03,2020_NC_Senate_DEM,0
2020,NC,Senate,,DEM,Steve Swenson,swenson s,2.0,NBC News / Marist,568.0,lv,2/27/20,2020-03-03,2020_NC_Senate_DEM,0
2020,NC,Senate,,DEM,Cal Cunningham,cunningham c,45.0,Public Policy Polling,852.0,lv,2/24/20,2020-03-03,2020_NC_Senate_DEM,1
2020,NC,Senate,,DEM,Trevor Fuller,fuller t,4.0,Public Policy Polling,852.0,lv,2/24/20,2020-03-03,2020_NC_Senate_DEM,0
2020,NC,Senate,,DEM,Atul Goel,goel a,1.0,Public Policy Polling,852.0,lv,2/24/20,2020-03-03,2020_NC_Senate_DEM,0
2020,NC,Senate,,DEM,Erica Smith,smith e,18.0,Public Policy Polling,852.0,lv,2/24/20,2020-03-03,2020_NC_Senate_DEM,0
2020,NC,Senate,,DEM,Steve Swenson,swenson s,2.0,Public Policy Polling,852.0,lv,2/24/20,2020-03-03,2020_NC_Senate_DEM,0
2020,NC,Senate,,DEM,Cal Cunningham,cunningham c,43.0,Meredith College,429.0,lv,2/24/20,2020-03-03,2020_NC_Senate_DEM,1
2020,NC,Senate,,DEM,Trevor Fuller,fuller t,2.0,Meredith College,429.0,lv,2/24/20,2020-03-03,2020_NC_Senate_DEM,0
2020,NC,Senate,,DEM,Atul Goel,goel a,1.0,Meredith College,429.0,lv,2/24/20,2020-03-03,2020_NC_Senate_DEM,0
2020,NC,Senate,,DEM,Erica Smith,smith e,14.000000000000002,Meredith College,429.0,lv,2/24/20,2020-03-03,2020_NC_Senate_DEM,0
2020,NC,Senate,,DEM,Steve Swenson,swenson s,2.0,Meredith College,429.0,lv,2/24/20,2020-03-03,2020_NC_Senate_DEM,0
2020,NC,Senate,,DEM,Cal Cunningham,cunningham c,48.0,Civitas Institute / Spry Strategies,553.0,lv,2/23/20,2020-03-03,2020_NC_Senate_DEM,1
2020,NC,Senate,,DEM,Trevor Fuller,fuller t,1.0,Civitas Institute / Spry Strategies,553.0,lv,2/23/20,2020-03-03,2020_NC_Senate_DEM,0
2020,NC,Senate,,DEM,Atul Goel,goel a,0.0,Civitas Institute / Spry Strategies,553.0,lv,2/23/20,2020-03-03,2020_NC_Senate_DEM,0
2020,NC,Senate,,DEM,Erica Smith,smith e,21.0,Civitas Institute / Spry Strategies,553.0,lv,2/23/20,2020-03-03,2020_NC_Senate_DEM,0
2020,NC,Senate,,DEM,Steve Swenson,swenson s,1.0,Civitas Institute / Spry Strategies,553.0,lv,2/23/20,2020-03-03,2020_NC_Senate_DEM,0
2020,NC,Senate,,DEM,Cal Cunningham,cunningham c,42.0,SurveyUSA,698.0,lv,2/16/20,2020-03-03,2020_NC_Senate_DEM,1
2020,NC,Senate,,DEM,Trevor Fuller,fuller t,3.0,SurveyUSA,698.0,lv,2/16/20,2020-03-03,2020_NC_Senate_DEM,0
2020,NC,Senate,,DEM,Atul Goel,goel a,1.0,SurveyUSA,698.0,lv,2/16/20,2020-03-03,2020_NC_Senate_DEM,0
2020,NC,Senate,,DEM,Erica Smith,smith e,17.0,SurveyUSA,698.0,lv,2/16/20,2020-03-03,2020_NC_Senate_DEM,0
2020,NC,Senate,,DEM,Steve Swenson,swenson s,3.0,SurveyUSA,698.0,lv,2/16/20,2020-03-03,2020_NC_Senate_DEM,0
2020,NC,Senate,,DEM,Cal Cunningham,cunningham c,37.0,High Point University,224.0,lv,2/6/20,2020-03-03,2020_NC_Senate_DEM,1
2020,NC,Senate,,DEM,Trevor Fuller,fuller t,4.0,High Point University,224.0,lv,2/6/20,2020-03-03,2020_NC_Senate_DEM,0
2020,NC,Senate,,DEM,Atul Goel,goel a,0.0,High Point University,224.0,lv,2/6/20,2020-03-03,2020_NC_Senate_DEM,0
2020,NC,Senate,,DEM,Erica Smith,smith e,11.0,High Point University,224.0,lv,2/6/20,2020-03-03,2020_NC_Senate_DEM,0
2020,NC,Senate,,DEM,Steve Swenson,swenson s,4.0,High Point University,224.0,lv,2/6/20,2020-03-03,2020_NC_Senate_DEM,0
2020,NC,Senate,,DEM,Cal Cunningham,cunningham c,28.999999999999996,Public Policy Polling,604.0,lv,2/5/20,2020-03-03,2020_NC_Senate_DEM,1
2020,NC,Senate,,DEM,Trevor Fuller,fuller t,3.0,Public Policy Polling,604.0,lv,2/5/20,2020-03-03,2020_NC_Senate_DEM,0
2020,NC,Senate,,DEM,Atul Goel,goel a,2.0,Public Policy Polling,604.0,lv,2/5/20,2020-03-03,2020_NC_Senate_DEM,0
2020,NC,Senate,,DEM,Erica Smith,smith e,10.0,Public Policy Polling,604.0,lv,2/5/20,2020-03-03,2020_NC_Senate_DEM,0
2020,NC,Senate,,DEM,Steve Swenson,swenson s,4.0,Public Policy Polling,604.0,lv,2/5/20,2020-03-03,2020_NC_Senate_DEM,0
2020,NC,Senate,,DEM,Cal Cunningham,cunningham c,22.0,Public Policy Polling,509.0,lv,1/12/20,2020-03-03,2020_NC_Senate_DEM,1
2020,NC,Senate,,DEM,Trevor Fuller,fuller t,2.0,Public Policy Polling,509.0,lv,1/12/20,2020-03-03,2020_NC_Senate_DEM,0
2020,NC,Senate,,DEM,Atul Goel,goel a,3.0,Public Policy Polling,509.0,lv,1/12/20,2020-03-03,2020_NC_Senate_DEM,0
2020,NC,Senate,,DEM,Erica Smith,smith e,12.0,Public Policy Polling,509.0,lv,1/12/20,2020-03-03,2020_NC_Senate_DEM,0
2020,NC,Senate,,DEM,Steve Swenson,swenson s,1.0,Public Policy Polling,509.0,lv,1/12/20,2020-03-03,2020_NC_Senate_DEM,0
2020,NC,Senate,,DEM,Cal Cunningham,cunningham c,13.0,FOX News,669.0,rv,11/13/19,2020-03-03,2020_NC_Senate_DEM,1
2020,NC,Senate,,DEM,Trevor Fuller,fuller t,10.0,FOX News,669.0,rv,11/13/19,2020-03-03,2020_NC_Senate_DEM,0
2020,NC,Senate,,DEM,Erica Smith,smith e,18.0,FOX News,669.0,rv,11/13/19,2020-03-03,2020_NC_Senate_DEM,0
2020,NC,Senate,,REP,Thom Tillis,tillis t,44.0,East Carolina University,1288.0,rv,2/28/20,2020-03-03,2020_NC_Senate_REP,1
2020,NC,Senate,,DEM,Cal Cunningham,cunningham c,42.0,East Carolina University,1288.0,rv,2/28/20,2020-03-03,2020_NC_Senate_DEM,1
2020,NC,Senate,,REP,Thom Tillis,tillis t,43.0,NBC News / Marist,2120.0,rv,2/27/20,2020-03-03,2020_NC_Senate_REP,1
2020,NC,Senate,,REP,Thom Tillis,tillis t,41.0,Public Policy Polling,911.0,rv,2/26/20,2020-03-03,2020_NC_Senate_REP,1
2020,NC,Senate,,DEM,Cal Cunningham,cunningham c,46.0,Public Policy Polling,911.0,rv,2/26/20,2020-03-03,2020_NC_Senate_DEM,1
2020,NC,Senate,,REP,Thom Tillis,tillis t,48.0,Public Opinion Strategies,800.0,lv,1/15/20,2020-03-03,2020_NC_Senate_REP,1
2020,NC,Senate,,DEM,Cal Cunningham,cunningham c,44.0,Public Opinion Strategies,800.0,lv,1/15/20,2020-03-03,2020_NC_Senate_DEM,1
2020,NC,Senate,,REP,Thom Tillis,tillis t,42.0,ALG Research,700.0,lv,1/13/20,2020-03-03,2020_NC_Senate_REP,1
2020,NC,Senate,,DEM,Cal Cunningham,cunningham c,44.0,ALG Research,700.0,lv,1/13/20,2020-03-03,2020_NC_Senate_DEM,1
2020,NC,Senate,,REP,Thom Tillis,tillis t,33.0,Meredith College,996.0,rv,10/7/19,2020-03-03,2020_NC_Senate_REP,1
2020,NC,Senate,,DEM,Cal Cunningham,cunningham c,33.0,Meredith College,996.0,rv,10/7/19,2020-03-03,2020_NC_Senate_DEM,1
2020,NC,Senate,,REP,Thom Tillis,tillis t,43.0,Public Policy Polling,628.0,v,9/17/19,2020-03-03,2020_NC_Senate_REP,1
2020,NC,Senate,,DEM,Cal Cunningham,cunningham c,45.0,Public Policy Polling,628.0,v,9/17/19,2020-03-03,2020_NC_Senate_DEM,1
2020,NC,Senate,,REP,Thom Tillis,tillis t,41.0,Fabrizio Ward,600.0,lv,7/31/19,2020-03-03,2020_NC_Senate_REP,1
2020,NC,Senate,,DEM,Cal Cunningham,cunningham c,42.0,Fabrizio Ward,600.0,lv,7/31/19,2020-03-03,2020_NC_Senate_DEM,1
2020,NC,Senate,,REP,Thom Tillis,tillis t,40.0,Public Policy Polling,610.0,rv,6/18/19,2020-03-03,2020_NC_Senate_REP,1
2020,NC,Senate,,DEM,Cal Cunningham,cunningham c,41.0,Public Policy Polling,610.0,rv,6/18/19,2020-03-03,2020_NC_Senate_DEM,1
2020,NC,Senate,,DEM,Erica Smith,smith e,34.0,Meredith College,996.0,rv,10/7/19,2020-03-03,2020_NC_Senate_DEM,0
2020,NC,Senate,,REP,Thom Tillis,tillis t,39.0,Emerson College,932.0,rv,6/3/19,2020-03-03,2020_NC_Senate_REP,1
2020,NC,Senate,,DEM,Erica Smith,smith e,46.0,Emerson College,932.0,rv,6/3/19,2020-03-03,2020_NC_Senate_DEM,0
2020,NC,Senate,,REP,Thom Tillis,tillis t,44.0,Public Policy Polling,1102.0,v,7/1/17,2020-03-03,2020_NC_Senate_REP,1
2020,NE,Senate,,REP,Matt Innis,innis m,17.0,We Ask America,400.0,lv,2/20/20,2020-05-12,2020_NE_Senate_REP,0
2020,NE,Senate,,REP,Ben Sasse,sasse b,65.0,We Ask America,400.0,lv,2/20/20,2020-05-12,2020_NE_Senate_REP,1
2020,NM,Senate,,DEM,Ben Ray Luján,lujan b,64.0,GBAO Strategies,600.0,lv,4/18/19,2020-06-02,2020_NM_Senate_DEM,1
2020,NM,Senate,,DEM,Maggie Toulouse Oliver,oliver m,25.0,GBAO Strategies,600.0,lv,4/18/19,2020-06-02,2020_NM_Senate_DEM,0
2020,NM,Senate,,REP,Gavin Clarkson,clarkson g,11.0,Public Opinion Strategies,400.0,v,3/22/20,2020-06-02,2020_NM_Senate_REP,0
2020,NM,Senate,,REP,Elisa Martinez,martinez e,11.0,Public Opinion Strategies,400.0,v,3/22/20,2020-06-02,2020_NM_Senate_REP,0
2020,NM,Senate,,REP,Mark Ronchetti,ronchetti m,45.0,Public Opinion Strategies,400.0,v,3/22/20,2020-06-02,2020_NM_Senate_REP,1
2020,NM,Senate,,DEM,Ben Ray Luján,lujan b,54.0,Emerson College,967.0,rv,1/6/20,2020-06-02,2020_NM_Senate_DEM,1
2020,NM,Senate,,REP,Gavin Clarkson,clarkson g,35.0,Emerson College,967.0,rv,1/6/20,2020-06-02,2020_NM_Senate_REP,0
2020,TN,Senate,,REP,George Flinn,flinn g,5.0,JMC Analytics and Polling,600.0,lv,7/19/20,2020-08-06,2020_TN_Senate_REP,0
2020,TN,Senate,,REP,Bill Hagerty,hagerty b,36.0,JMC Analytics and Polling,600.0,lv,7/19/20,2020-08-06,2020_TN_Senate_REP,1
2020,TN,Senate,,REP,Manny Sethi,sethi m,32.0,JMC Analytics and Polling,600.0,lv,7/19/20,2020-08-06,2020_TN_Senate_REP,0
2020,TN,Senate,,REP,George Flinn,flinn g,4.0,The Trafalgar Group,1062.0,lv,7/8/20,2020-08-06,2020_TN_Senate_REP,0
2020,TN,Senate,,REP,Bill Hagerty,hagerty b,42.0,The Trafalgar Group,1062.0,lv,7/8/20,2020-08-06,2020_TN_Senate_REP,1
2020,TN,Senate,,REP,Manny Sethi,sethi m,39.0,The Trafalgar Group,1062.0,lv,7/8/20,2020-08-06,2020_TN_Senate_REP,0
2020,TN,Senate,,REP,George Flinn,flinn g,6.0,Victory Phones,800.0,lv,7/1/20,2020-08-06,2020_TN_Senate_REP,0
2020,TN,Senate,,REP,Bill Hagerty,hagerty b,33.0,Victory Phones,800.0,lv,7/1/20,2020-08-06,2020_TN_Senate_REP,1
2020,TN,Senate,,REP,Manny Sethi,sethi m,31.0,Victory Phones,800.0,lv,7/1/20,2020-08-06,2020_TN_Senate_REP,0
2020,TN,Senate,,REP,George Flinn,flinn g,5.0,The Tarrance Group,651.0,lv,6/30/20,2020-08-06,2020_TN_Senate_REP,0
2020,TN,Senate,,REP,Bill Hagerty,hagerty b,46.0,The Tarrance Group,651.0,lv,6/30/20,2020-08-06,2020_TN_Senate_REP,1
2020,TN,Senate,,REP,Manny Sethi,sethi m,28.999999999999996,The Tarrance Group,651.0,lv,6/30/20,2020-08-06,2020_TN_Senate_REP,0
2020,TN,Senate,,REP,Bill Hagerty,hagerty b,27.0,Victory Phones,,,6/2/20,2020-08-06,2020_TN_Senate_REP,1
2020,TN,Senate,,REP,Manny Sethi,sethi m,11.0,Victory Phones,,,6/2/20,2020-08-06,2020_TN_Senate_REP,0
2020,TN,Senate,,REP,Mark Green,green m,30.0,Triton/ Tennessee Star,1003.0,lv,4/16/19,2020-08-06,2020_TN_Senate_REP,0
2020,TN,Senate,,REP,Bill Haslam,haslam b,39.0,Triton/ Tennessee Star,1003.0,lv,4/16/19,2020-08-06,2020_TN_Senate_REP,0
2020,TN,Senate,,REP,Bill Hagerty,hagerty b,55.00000000000001,Mason-Dixon,625.0,rv,1/30/20,2020-08-06,2020_TN_Senate_REP,1
2020,TN,Senate,,REP,Manny Sethi,sethi m,46.0,Mason-Dixon,625.0,rv,1/30/20,2020-08-06,2020_TN_Senate_REP,0
2020,TX,Senate,,REP,Virgil Bierschwale,bierschwale v,1.0,University of Texas at Tyler / Dallas News,445.0,lv,1/30/20,2020-03-03,2020_TX_Senate_REP,0
2020,TX,Senate,,REP,John Anthony Castro,castro j,5.0,University of Texas at Tyler / Dallas News,445.0,lv,1/30/20,2020-03-03,2020_TX_Senate_REP,0
2020,TX,Senate,,REP,John Cornyn,cornyn j,62.0,University of Texas at Tyler / Dallas News,445.0,lv,1/30/20,2020-03-03,2020_TX_Senate_REP,1
2020,TX,Senate,,REP,Dwayne Stovall,stovall d,3.0,University of Texas at Tyler / Dallas News,445.0,lv,1/30/20,2020-03-03,2020_TX_Senate_REP,0
2020,TX,Senate,,REP,Mark Yancey,yancey m,1.0,University of Texas at Tyler / Dallas News,445.0,lv,1/30/20,2020-03-03,2020_TX_Senate_REP,0
2020,TX,Senate,,REP,Virgil Bierschwale,bierschwale v,1.0,Data for Progress,687.0,lv,1/21/20,2020-03-03,2020_TX_Senate_REP,0
2020,TX,Senate,,REP,John Anthony Castro,castro j,0.0,Data for Progress,687.0,lv,1/21/20,2020-03-03,2020_TX_Senate_REP,0
2020,TX,Senate,,REP,John Cornyn,cornyn j,75.0,Data for Progress,687.0,lv,1/21/20,2020-03-03,2020_TX_Senate_REP,1
2020,TX,Senate,,REP,Dwayne Stovall,stovall d,2.0,Data for Progress,687.0,lv,1/21/20,2020-03-03,2020_TX_Senate_REP,0
2020,TX,Senate,,REP,Mark Yancey,yancey m,1.0,Data for Progress,687.0,lv,1/21/20,2020-03-03,2020_TX_Senate_REP,0
2020,TX,Senate,,DEM,Chris Bell,bell c,5.0,NBC News / Marist,556.0,lv,2/27/20,2020-03-03,2020_TX_Senate_DEM,0
2020,TX,Senate,,DEM,Amanda Edwards,edwards a,7.000000000000001,NBC News / Marist,556.0,lv,2/27/20,2020-03-03,2020_TX_Senate_DEM,0
2020,TX,Senate,,DEM,MJ Hegar,hegar m,16.0,NBC News / Marist,556.0,lv,2/27/20,2020-03-03,2020_TX_Senate_DEM,1
2020,TX,Senate,,DEM,Sema Hernandez,hernandez s,5.0,NBC News / Marist,556.0,lv,2/27/20,2020-03-03,2020_TX_Senate_DEM,0
2020,TX,Senate,,DEM,Cristina Ramirez,ramirez c,9.0,NBC News / Marist,556.0,lv,2/27/20,2020-03-03,2020_TX_Senate_DEM,0
2020,TX,Senate,,DEM,Royce West,west r,8.0,NBC News / Marist,556.0,lv,2/27/20,2020-03-03,2020_TX_Senate_DEM,0
2020,TX,Senate,,DEM,Chris Bell,bell c,7.000000000000001,YouGov / University of Texas / Texas Tribune,575.0,lv,2/9/20,2020-03-03,2020_TX_Senate_DEM,0
2020,TX,Senate,,DEM,Amanda Edwards,edwards a,6.0,YouGov / University of Texas / Texas Tribune,575.0,lv,2/9/20,2020-03-03,2020_TX_Senate_DEM,0
2020,TX,Senate,,DEM,Annie Garcia,garcia a,5.0,YouGov / University of Texas / Texas Tribune,575.0,lv,2/9/20,2020-03-03,2020_TX_Senate_DEM,0
2020,TX,Senate,,DEM,MJ Hegar,hegar m,22.0,YouGov / University of Texas / Texas Tribune,575.0,lv,2/9/20,2020-03-03,2020_TX_Senate_DEM,1
2020,TX,Senate,,DEM,Sema Hernandez,hernandez s,5.0,YouGov / University of Texas / Texas Tribune,575.0,lv,2/9/20,2020-03-03,2020_TX_Senate_DEM,0
2020,TX,Senate,,DEM,Cristina Ramirez,ramirez c,9.0,YouGov / University of Texas / Texas Tribune,575.0,lv,2/9/20,2020-03-03,2020_TX_Senate_DEM,0
2020,TX,Senate,,DEM,Royce West,west r,6.0,YouGov / University of Texas / Texas Tribune,575.0,lv,2/9/20,2020-03-03,2020_TX_Senate_DEM,0
2020,TX,Senate,,DEM,Chris Bell,bell c,5.0,University of Texas at Tyler / Dallas News,414.0,lv,1/30/20,2020-03-03,2020_TX_Senate_DEM,0
2020,TX,Senate,,DEM,Amanda Edwards,edwards a,4.0,University of Texas at Tyler / Dallas News,414.0,lv,1/30/20,2020-03-03,2020_TX_Senate_DEM,0
2020,TX,Senate,,DEM,Annie Garcia,garcia a,6.0,University of Texas at Tyler / Dallas News,414.0,lv,1/30/20,2020-03-03,2020_TX_Senate_DEM,0
2020,TX,Senate,,DEM,MJ Hegar,hegar m,9.0,University of Texas at Tyler / Dallas News,414.0,lv,1/30/20,2020-03-03,2020_TX_Senate_DEM,1
2020,TX,Senate,,DEM,Sema Hernandez,hernandez s,4.0,University of Texas at Tyler / Dallas News,414.0,lv,1/30/20,2020-03-03,2020_TX_Senate_DEM,0
2020,TX,Senate,,DEM,Cristina Ramirez,ramirez c,4.0,University of Texas at Tyler / Dallas News,414.0,lv,1/30/20,2020-03-03,2020_TX_Senate_DEM,0
2020,TX,Senate,,DEM,Royce West,west r,6.0,University of Texas at Tyler / Dallas News,414.0,lv,1/30/20,2020-03-03,2020_TX_Senate_DEM,0
2020,TX,Senate,,DEM,Chris Bell,bell c,8.0,Data for Progress,684.0,lv,1/21/20,2020-03-03,2020_TX_Senate_DEM,0
2020,TX,Senate,,DEM,Amanda Edwards,edwards a,3.0,Data for Progress,684.0,lv,1/21/20,2020-03-03,2020_TX_Senate_DEM,0
2020,TX,Senate,,DEM,Annie Garcia,garcia a,4.0,Data for Progress,684.0,lv,1/21/20,2020-03-03,2020_TX_Senate_DEM,0
2020,TX,Senate,,DEM,MJ Hegar,hegar m,18.0,Data for Progress,684.0,lv,1/21/20,2020-03-03,2020_TX_Senate_DEM,1
2020,TX,Senate,,DEM,Sema Hernandez,hernandez s,3.0,Data for Progress,684.0,lv,1/21/20,2020-03-03,2020_TX_Senate_DEM,0
2020,TX,Senate,,DEM,Cristina Ramirez,ramirez c,13.0,Data for Progress,684.0,lv,1/21/20,2020-03-03,2020_TX_Senate_DEM,0
2020,TX,Senate,,DEM,Royce West,west r,12.0,Data for Progress,684.0,lv,1/21/20,2020-03-03,2020_TX_Senate_DEM,0
2020,TX,Senate,,DEM,Chris Bell,bell c,5.0,Texas Lyceum,401.0,lv,1/19/20,2020-03-03,2020_TX_Senate_DEM,0
2020,TX,Senate,,DEM,Amanda Edwards,edwards a,6.0,Texas Lyceum,401.0,lv,1/19/20,2020-03-03,2020_TX_Senate_DEM,0
2020,TX,Senate,,DEM,Annie Garcia,garcia a,4.0,Texas Lyceum,401.0,lv,1/19/20,2020-03-03,2020_TX_Senate_DEM,0
2020,TX,Senate,,DEM,MJ Hegar,hegar m,11.0,Texas Lyceum,401.0,lv,1/19/20,2020-03-03,2020_TX_Senate_DEM,1
2020,TX,Senate,,DEM,Sema Hernandez,hernandez s,5.0,Texas Lyceum,401.0,lv,1/19/20,2020-03-03,2020_TX_Senate_DEM,0
2020,TX,Senate,,DEM,Cristina Ramirez,ramirez c,7.000000000000001,Texas Lyceum,401.0,lv,1/19/20,2020-03-03,2020_TX_Senate_DEM,0
2020,TX,Senate,,DEM,Royce West,west r,8.0,Texas Lyceum,401.0,lv,1/19/20,2020-03-03,2020_TX_Senate_DEM,0
2020,TX,Senate,,DEM,Chris Bell,bell c,4.0,Beacon Research,408.0,lv,11/21/19,2020-03-03,2020_TX_Senate_DEM,0
2020,TX,Senate,,DEM,MJ Hegar,hegar m,6.0,Beacon Research,408.0,lv,11/21/19,2020-03-03,2020_TX_Senate_DEM,1
2020,TX,Senate,,DEM,Sema Hernandez,hernandez s,6.0,Beacon Research,408.0,lv,11/21/19,2020-03-03,2020_TX_Senate_DEM,0
2020,TX,Senate,,DEM,Beto O'Rourke,orourke b,57.99999999999999,Beacon Research,408.0,lv,11/21/19,2020-03-03,2020_TX_Senate_DEM,0
2020,TX,Senate,,DEM,Royce West,west r,13.0,Beacon Research,408.0,lv,11/21/19,2020-03-03,2020_TX_Senate_DEM,0
2020,TX,Senate,,DEM,Chris Bell,bell c,7.000000000000001,University of Texas at Tyler,427.0,rv,11/14/19,2020-03-03,2020_TX_Senate_DEM,0
2020,TX,Senate,,DEM,Amanda Edwards,edwards a,8.0,University of Texas at Tyler,427.0,rv,11/14/19,2020-03-03,2020_TX_Senate_DEM,0
2020,TX,Senate,,DEM,MJ Hegar,hegar m,9.0,University of Texas at Tyler,427.0,rv,11/14/19,2020-03-03,2020_TX_Senate_DEM,1
2020,TX,Senate,,DEM,Cristina Ramirez,ramirez c,9.0,University of Texas at Tyler,427.0,rv,11/14/19,2020-03-03,2020_TX_Senate_DEM,0
2020,TX,Senate,,DEM,Royce West,west r,8.0,University of Texas at Tyler,427.0,rv,11/14/19,2020-03-03,2020_TX_Senate_DEM,0
2020,TX,Senate,,DEM,Chris Bell,bell c,3.0,University of Texas / Texas Tribune,541.0,rv,10/29/19,2020-03-03,2020_TX_Senate_DEM,0
2020,TX,Senate,,DEM,Amanda Edwards,edwards a,0.0,University of Texas / Texas Tribune,541.0,rv,10/29/19,2020-03-03,2020_TX_Senate_DEM,0
2020,TX,Senate,,DEM,MJ Hegar,hegar m,12.0,University of Texas / Texas Tribune,541.0,rv,10/29/19,2020-03-03,2020_TX_Senate_DEM,1
2020,TX,Senate,,DEM,Sema Hernandez,hernandez s,6.0,University of Texas / Texas Tribune,541.0,rv,10/29/19,2020-03-03,2020_TX_Senate_DEM,0
2020,TX,Senate,,DEM,Cristina Ramirez,ramirez c,4.0,University of Texas / Texas Tribune,541.0,rv,10/29/19,2020-03-03,2020_TX_Senate_DEM,0
2020,TX,Senate,,DEM,Royce West,west r,5.0,University of Texas / Texas Tribune,541.0,rv,10/29/19,2020-03-03,2020_TX_Senate_DEM,0
2020,TX,Senate,,DEM,Chris Bell,bell c,2.0,University of Texas / Texas Tribune,550.0,rv,9/8/19,2020-03-03,2020_TX_Senate_DEM,0
2020,TX,Senate,,DEM,Amanda Edwards,edwards a,2.0,University of Texas / Texas Tribune,550.0,rv,9/8/19,2020-03-03,2020_TX_Senate_DEM,0
2020,TX,Senate,,DEM,MJ Hegar,hegar m,11.0,University of Texas / Texas Tribune,550.0,rv,9/8/19,2020-03-03,2020_TX_Senate_DEM,1
2020,TX,Senate,,DEM,Sema Hernandez,hernandez s,3.0,University of Texas / Texas Tribune,550.0,rv,9/8/19,2020-03-03,2020_TX_Senate_DEM,0
2020,TX,Senate,,DEM,Cristina Ramirez,ramirez c,3.0,University of Texas / Texas Tribune,550.0,rv,9/8/19,2020-03-03,2020_TX_Senate_DEM,0
2020,TX,Senate,,DEM,Royce West,west r,5.0,University of Texas / Texas Tribune,550.0,rv,9/8/19,2020-03-03,2020_TX_Senate_DEM,0
2020,TX,Senate,,DEM,Chris Bell,bell c,9.0,Ragnar Research,600.0,lv,9/5/19,2020-03-03,2020_TX_Senate_DEM,0
2020,TX,Senate,,DEM,Amanda Edwards,edwards a,10.0,Ragnar Research,600.0,lv,9/5/19,2020-03-03,2020_TX_Senate_DEM,0
2020,TX,Senate,,DEM,MJ Hegar,hegar m,12.0,Ragnar Research,600.0,lv,9/5/19,2020-03-03,2020_TX_Senate_DEM,1
2020,TX,Senate,,DEM,Cristina Ramirez,ramirez c,10.0,Ragnar Research,600.0,lv,9/5/19,2020-03-03,2020_TX_Senate_DEM,0
2020,TX,Senate,,DEM,Royce West,west r,10.0,Ragnar Research,600.0,lv,9/5/19,2020-03-03,2020_TX_Senate_DEM,0
2020,TX,Senate,,DEM,Chris Bell,bell c,6.6000000000000005,Emerson College / Dallas Morning News,400.0,lv,8/3/19,2020-03-03,2020_TX_Senate_DEM,0
2020,TX,Senate,,DEM,Annie Garcia,garcia a,5.2,Emerson College / Dallas Morning News,400.0,lv,8/3/19,2020-03-03,2020_TX_Senate_DEM,0
2020,TX,Senate,,DEM,MJ Hegar,hegar m,9.9,Emerson College / Dallas Morning News,400.0,lv,8/3/19,2020-03-03,2020_TX_Senate_DEM,1
2020,TX,Senate,,DEM,Royce West,west r,7.9,Emerson College / Dallas Morning News,400.0,lv,8/3/19,2020-03-03,2020_TX_Senate_DEM,0
2020,TX,Senate,,DEM,Colin Allred,allred c,6.0,Change Research,1578.0,lv,4/22/19,2020-03-03,2020_TX_Senate_DEM,0
2020,TX,Senate,,DEM,Joaquín Castro,castro j,56.00000000000001,Change Research,1578.0,lv,4/22/19,2020-03-03,2020_TX_Senate_DEM,0
2020,TX,Senate,,DEM,Amanda Edwards,edwards a,1.0,Change Research,1578.0,lv,4/22/19,2020-03-03,2020_TX_Senate_DEM,0
2020,TX,Senate,,DEM,MJ Hegar,hegar m,4.0,Change Research,1578.0,lv,4/22/19,2020-03-03,2020_TX_Senate_DEM,1
2020,TX,Senate,,DEM,Royce West,west r,3.0,Change Research,1578.0,lv,4/22/19,2020-03-03,2020_TX_Senate_DEM,0
2020,TX,Senate,,DEM,Joaquín Castro,castro j,42.0,Public Policy Polling,608.0,lv,3/7/19,2020-03-03,2020_TX_Senate_DEM,0
2020,TX,Senate,,DEM,Wendy Davis,davis w,19.0,Public Policy Polling,608.0,lv,3/7/19,2020-03-03,2020_TX_Senate_DEM,0
2020,TX,Senate,,DEM,MJ Hegar,hegar m,4.0,Public Policy Polling,608.0,lv,3/7/19,2020-03-03,2020_TX_Senate_DEM,1
2020,TX,Senate,,DEM,Sema Hernandez,hernandez s,2.0,Public Policy Polling,608.0,lv,3/7/19,2020-03-03,2020_TX_Senate_DEM,0
2020,TX,Senate,,REP,John Cornyn,cornyn j,49.0,NBC News / Marist,2409.0,rv,2/27/20,2020-03-03,2020_TX_Senate_REP,1
2020,TX,Senate,,REP,John Cornyn,cornyn j,44.0,Beacon Research,601.0,rv,11/21/19,2020-03-03,2020_TX_Senate_REP,1
2020,TX,Senate,,REP,John Cornyn,cornyn j,28.999999999999996,Emerson College,799.0,rv,4/28/19,2020-03-03,2020_TX_Senate_REP,1
2020,TX,Senate,,DEM,MJ Hegar,hegar m,12.0,Emerson College,799.0,rv,4/28/19,2020-03-03,2020_TX_Senate_DEM,1
2020,TX,Senate,,REP,John Cornyn,cornyn j,46.0,Quinnipiac University,1222.0,rv,2/25/19,2020-03-03,2020_TX_Senate_REP,1
2020,TX,Senate,,DEM,Beto O'Rourke,orourke b,46.0,Quinnipiac University,1222.0,rv,2/25/19,2020-03-03,2020_TX_Senate_DEM,0
2020,TX,Senate,,REP,John Cornyn,cornyn j,47.0,Public Policy Polling,743.0,rv,2/14/19,2020-03-03,2020_TX_Senate_REP,1
2020,TX,Senate,,DEM,Beto O'Rourke,orourke b,45.0,Public Policy Polling,743.0,rv,2/14/19,2020-03-03,2020_TX_Senate_DEM,0
2020,TX,Senate,,REP,John Cornyn,cornyn j,50.0,Atlantic Media & Research,504.0,lv,1/11/19,2020-03-03,2020_TX_Senate_REP,1
2020,TX,Senate,,DEM,Beto O'Rourke,orourke b,37.0,Atlantic Media & Research,504.0,lv,1/11/19,2020-03-03,2020_TX_Senate_DEM,0
2020,TX,Senate,,REP,John Cornyn,cornyn j,43.0,Univision / UH,1004.0,rv,2/26/20,2020-03-03,2020_TX_Senate_REP,1
2020,TX,Senate,,REP,John Cornyn,cornyn j,41.0,Univision / UH,1004.0,rv,9/6/19,2020-03-03,2020_TX_Senate_REP,1
2020,WY,Senate,,REP,Liz Cheney,cheney l,56.00000000000001,The Tarrance Group,502.0,lv,6/24/19,2020-08-18,2020_WY_Senate_REP,0
2020,WY,Senate,,REP,Cynthia Lummis,lummis c,34.0,The Tarrance Group,502.0,lv,6/24/19,2020-08-18,2020_WY_Senate_REP,1
2021,NJ,Governor,,REP,Jack Ciattarelli,ciattarelli j,28.999999999999996,Public Policy Polling,591.0,lv,5/25/21,2021-06-08,2021_NJ_Governor_REP,1
2021,NJ,Governor,,REP,Brian Levine,levine b,2.0,Public Policy Polling,591.0,lv,5/25/21,2021-06-08,2021_NJ_Governor_REP,0
2021,NJ,Governor,,REP,Phil Rizzo,rizzo p,8.0,Public Policy Polling,591.0,lv,5/25/21,2021-06-08,2021_NJ_Governor_REP,0
2021,NJ,Governor,,REP,Hirsh Singh,singh h,23.0,Public Policy Polling,591.0,lv,5/25/21,2021-06-08,2021_NJ_Governor_REP,0
2021,NJ,Governor,,REP,Jack Ciattarelli,ciattarelli j,20.0,Brad Parscale,1200.0,lv,4/21/21,2021-06-08,2021_NJ_Governor_REP,1
2021,NJ,Governor,,REP,Brian Levine,levine b,3.0,Brad Parscale,1200.0,lv,4/21/21,2021-06-08,2021_NJ_Governor_REP,0
2021,NJ,Governor,,REP,Phil Rizzo,rizzo p,10.0,Brad Parscale,1200.0,lv,4/21/21,2021-06-08,2021_NJ_Governor_REP,0
2021,NJ,Governor,,REP,Hirsh Singh,singh h,22.0,Brad Parscale,1200.0,lv,4/21/21,2021-06-08,2021_NJ_Governor_REP,0
2021,VA,Governor,,DEM,Jennifer Carroll Foy,foy j,11.0,Roanoke College,637.0,lv,6/1/21,2021-06-08,2021_VA_Governor_DEM,0
2021,VA,Governor,,DEM,Lee Carter,carter l,1.0,Roanoke College,637.0,lv,6/1/21,2021-06-08,2021_VA_Governor_DEM,0
2021,VA,Governor,,DEM,Justin Fairfax,fairfax j,5.0,Roanoke College,637.0,lv,6/1/21,2021-06-08,2021_VA_Governor_DEM,0
2021,VA,Governor,,DEM,Terry McAuliffe,mcauliffe t,49.0,Roanoke College,637.0,lv,6/1/21,2021-06-08,2021_VA_Governor_DEM,1
2021,VA,Governor,,DEM,Jennifer McClellan,mcclellan j,9.0,Roanoke College,637.0,lv,6/1/21,2021-06-08,2021_VA_Governor_DEM,0
2021,VA,Governor,,DEM,Jennifer Carroll Foy,foy j,5.0,Christopher Newport University,806.0,lv,4/20/21,2021-06-08,2021_VA_Governor_DEM,0
2021,VA,Governor,,DEM,Lee Carter,carter l,1.0,Christopher Newport University,806.0,lv,4/20/21,2021-06-08,2021_VA_Governor_DEM,0
2021,VA,Governor,,DEM,Justin Fairfax,fairfax j,8.0,Christopher Newport University,806.0,lv,4/20/21,2021-06-08,2021_VA_Governor_DEM,0
2021,VA,Governor,,DEM,Terry McAuliffe,mcauliffe t,47.0,Christopher Newport University,806.0,lv,4/20/21,2021-06-08,2021_VA_Governor_DEM,1
2021,VA,Governor,,DEM,Jennifer McClellan,mcclellan j,6.0,Christopher Newport University,806.0,lv,4/20/21,2021-06-08,2021_VA_Governor_DEM,0
2021,VA,Governor,,DEM,Jennifer Carroll Foy,foy j,8.0,Public Policy Polling,526.0,lv,4/13/21,2021-06-08,2021_VA_Governor_DEM,0
2021,VA,Governor,,DEM,Lee Carter,carter l,4.0,Public Policy Polling,526.0,lv,4/13/21,2021-06-08,2021_VA_Governor_DEM,0
2021,VA,Governor,,DEM,Justin Fairfax,fairfax j,7.000000000000001,Public Policy Polling,526.0,lv,4/13/21,2021-06-08,2021_VA_Governor_DEM,0
2021,VA,Governor,,DEM,Terry McAuliffe,mcauliffe t,42.0,Public Policy Polling,526.0,lv,4/13/21,2021-06-08,2021_VA_Governor_DEM,1
2021,VA,Governor,,DEM,Jennifer McClellan,mcclellan j,8.0,Public Policy Polling,526.0,lv,4/13/21,2021-06-08,2021_VA_Governor_DEM,0
2021,VA,Governor,,DEM,Jennifer Carroll Foy,foy j,4.0,Christopher Newport University,488.0,rv,2/14/21,2021-06-08,2021_VA_Governor_DEM,0
2021,VA,Governor,,DEM,Lee Carter,carter l,1.0,Christopher Newport University,488.0,rv,2/14/21,2021-06-08,2021_VA_Governor_DEM,0
2021,VA,Governor,,DEM,Justin Fairfax,fairfax j,12.0,Christopher Newport University,488.0,rv,2/14/21,2021-06-08,2021_VA_Governor_DEM,0
2021,VA,Governor,,DEM,Terry McAuliffe,mcauliffe t,26.0,Christopher Newport University,488.0,rv,2/14/21,2021-06-08,2021_VA_Governor_DEM,1
2021,VA,Governor,,DEM,Jennifer McClellan,mcclellan j,4.0,Christopher Newport University,488.0,rv,2/14/21,2021-06-08,2021_VA_Governor_DEM,0
2021,VA,Governor,,DEM,Jennifer Carroll Foy,foy j,7.000000000000001,YouGov Blue,235.0,rv,2/11/21,2021-06-08,2021_VA_Governor_DEM,0
2021,VA,Governor,,DEM,Lee Carter,carter l,6.0,YouGov Blue,235.0,rv,2/11/21,2021-06-08,2021_VA_Governor_DEM,0
2021,VA,Governor,,DEM,Justin Fairfax,fairfax j,6.0,YouGov Blue,235.0,rv,2/11/21,2021-06-08,2021_VA_Governor_DEM,0
2021,VA,Governor,,DEM,Terry McAuliffe,mcauliffe t,43.0,YouGov Blue,235.0,rv,2/11/21,2021-06-08,2021_VA_Governor_DEM,1
2021,VA,Governor,,DEM,Jennifer McClellan,mcclellan j,8.0,YouGov Blue,235.0,rv,2/11/21,2021-06-08,2021_VA_Governor_DEM,0
2021,VA,Governor,,DEM,Jennifer Carroll Foy,foy j,7.000000000000001,Global Strategy Group,600.0,lv,1/20/21,2021-06-08,2021_VA_Governor_DEM,0
2021,VA,Governor,,DEM,Justin Fairfax,fairfax j,14.000000000000002,Global Strategy Group,600.0,lv,1/20/21,2021-06-08,2021_VA_Governor_DEM,0
2021,VA,Governor,,DEM,Terry McAuliffe,mcauliffe t,42.0,Global Strategy Group,600.0,lv,1/20/21,2021-06-08,2021_VA_Governor_DEM,1
2021,VA,Governor,,DEM,Jennifer McClellan,mcclellan j,6.0,Global Strategy Group,600.0,lv,1/20/21,2021-06-08,2021_VA_Governor_DEM,0
2021,VA,Governor,,DEM,Jennifer Carroll Foy,foy j,5.0,Expedition Strategies,,lv,12/1/20,2021-06-08,2021_VA_Governor_DEM,0
2021,VA,Governor,,DEM,Justin Fairfax,fairfax j,16.0,Expedition Strategies,,lv,12/1/20,2021-06-08,2021_VA_Governor_DEM,0
2021,VA,Governor,,DEM,Terry McAuliffe,mcauliffe t,32.0,Expedition Strategies,,lv,12/1/20,2021-06-08,2021_VA_Governor_DEM,1
2021,VA,Governor,,DEM,Jennifer McClellan,mcclellan j,8.0,Expedition Strategies,,lv,12/1/20,2021-06-08,2021_VA_Governor_DEM,0
2021,VA,Governor,,REP,Amanda Chase,chase a,28.999999999999996,Change Research,605.0,lv,5/6/21,2021-06-08,2021_VA_Governor_REP,0
2021,VA,Governor,,REP,Kirk Cox,cox k,7.000000000000001,Change Research,605.0,lv,5/6/21,2021-06-08,2021_VA_Governor_REP,0
2021,VA,Governor,,REP,Sergio de la Peña,pena s,2.0,Change Research,605.0,lv,5/6/21,2021-06-08,2021_VA_Governor_REP,0
2021,VA,Governor,,REP,Peter Doran,doran p,0.0,Change Research,605.0,lv,5/6/21,2021-06-08,2021_VA_Governor_REP,0
2021,VA,Governor,,REP,Octavia Johnson,johnson o,1.0,Change Research,605.0,lv,5/6/21,2021-06-08,2021_VA_Governor_REP,0
2021,VA,Governor,,REP,Pete Snyder,snyder p,13.0,Change Research,605.0,lv,5/6/21,2021-06-08,2021_VA_Governor_REP,0
2021,VA,Governor,,REP,Glenn Youngkin,youngkin g,25.0,Change Research,605.0,lv,5/6/21,2021-06-08,2021_VA_Governor_REP,1
2021,VA,Governor,,REP,Amanda Chase,chase a,22.0,Public Policy Polling,695.0,lv,4/1/21,2021-06-08,2021_VA_Governor_REP,0
2021,VA,Governor,,REP,Kirk Cox,cox k,7.000000000000001,Public Policy Polling,695.0,lv,4/1/21,2021-06-08,2021_VA_Governor_REP,0
2021,VA,Governor,,REP,Sergio de la Peña,pena s,3.0,Public Policy Polling,695.0,lv,4/1/21,2021-06-08,2021_VA_Governor_REP,0
2021,VA,Governor,,REP,Peter Doran,doran p,1.0,Public Policy Polling,695.0,lv,4/1/21,2021-06-08,2021_VA_Governor_REP,0
2021,VA,Governor,,REP,Octavia Johnson,johnson o,0.0,Public Policy Polling,695.0,lv,4/1/21,2021-06-08,2021_VA_Governor_REP,0
2021,VA,Governor,,REP,Pete Snyder,snyder p,16.0,Public Policy Polling,695.0,lv,4/1/21,2021-06-08,2021_VA_Governor_REP,0
2021,VA,Governor,,REP,Glenn Youngkin,youngkin g,21.0,Public Policy Polling,695.0,lv,4/1/21,2021-06-08,2021_VA_Governor_REP,1
2021,VA,Governor,,REP,Amanda Chase,chase a,17.0,Christopher Newport University,370.0,rv,2/14/21,2021-06-08,2021_VA_Governor_REP,0
2021,VA,Governor,,REP,Kirk Cox,cox k,10.0,Christopher Newport University,370.0,rv,2/14/21,2021-06-08,2021_VA_Governor_REP,0
2021,VA,Governor,,REP,Glenn Youngkin,youngkin g,3.0,Christopher Newport University,370.0,rv,2/14/21,2021-06-08,2021_VA_Governor_REP,1
2021,VA,Governor,,REP,Amanda Chase,chase a,24.0,YouGov Blue,170.0,rv,2/11/21,2021-06-08,2021_VA_Governor_REP,0
2021,VA,Governor,,REP,Kirk Cox,cox k,7.000000000000001,YouGov Blue,170.0,rv,2/11/21,2021-06-08,2021_VA_Governor_REP,0
2021,VA,Governor,,REP,Sergio de la Peña,pena s,1.0,YouGov Blue,170.0,rv,2/11/21,2021-06-08,2021_VA_Governor_REP,0
2021,VA,Governor,,REP,Pete Snyder,snyder p,13.0,YouGov Blue,170.0,rv,2/11/21,2021-06-08,2021_VA_Governor_REP,0
2021,VA,Governor,,REP,Glenn Youngkin,youngkin g,5.0,YouGov Blue,170.0,rv,2/11/21,2021-06-08,2021_VA_Governor_REP,1
2021,VA,Governor,,REP,Amanda Chase,chase a,10.0,The Trafalgar Group,3896.0,lv,5/3/21,2021-06-08,2021_VA_Governor_REP,0
2021,VA,Governor,,REP,Kirk Cox,cox k,10.0,The Trafalgar Group,3896.0,lv,5/3/21,2021-06-08,2021_VA_Governor_REP,0
2021,VA,Governor,,REP,Pete Snyder,snyder p,26.0,The Trafalgar Group,3896.0,lv,5/3/21,2021-06-08,2021_VA_Governor_REP,0
2021,VA,Governor,,REP,Glenn Youngkin,youngkin g,38.0,The Trafalgar Group,3896.0,lv,5/3/21,2021-06-08,2021_VA_Governor_REP,1
2022,AL,Governor,,REP,Lynda Blanchard,blanchard l,17.0,The Trafalgar Group,1060.0,lv,5/21/22,2022-05-24,2022_AL_Governor_REP,0
2022,AL,Governor,,REP,Lew Burdette,burdette l,7.000000000000001,The Trafalgar Group,1060.0,lv,5/21/22,2022-05-24,2022_AL_Governor_REP,0
2022,AL,Governor,,REP,Kay Ivey,ivey k,47.0,The Trafalgar Group,1060.0,lv,5/21/22,2022-05-24,2022_AL_Governor_REP,1
2022,AL,Governor,,REP,Tim James,james t,17.0,The Trafalgar Group,1060.0,lv,5/21/22,2022-05-24,2022_AL_Governor_REP,0
2022,AL,Governor,,REP,Dean Odle,odle d,3.0,The Trafalgar Group,1060.0,lv,5/21/22,2022-05-24,2022_AL_Governor_REP,0
2022,AL,Governor,,REP,Dean Young,young d,3.0,The Trafalgar Group,1060.0,lv,5/21/22,2022-05-24,2022_AL_Governor_REP,0
2022,AL,Governor,,REP,Lynda Blanchard,blanchard l,17.0,McLaughlin & Associates,500.0,lv,5/19/22,2022-05-24,2022_AL_Governor_REP,0
2022,AL,Governor,,REP,Lew Burdette,burdette l,8.0,McLaughlin & Associates,500.0,lv,5/19/22,2022-05-24,2022_AL_Governor_REP,0
2022,AL,Governor,,REP,Kay Ivey,ivey k,45.0,McLaughlin & Associates,500.0,lv,5/19/22,2022-05-24,2022_AL_Governor_REP,1
2022,AL,Governor,,REP,Tim James,james t,18.0,McLaughlin & Associates,500.0,lv,5/19/22,2022-05-24,2022_AL_Governor_REP,0
2022,AL,Governor,,REP,Dean Odle,odle d,4.0,McLaughlin & Associates,500.0,lv,5/19/22,2022-05-24,2022_AL_Governor_REP,0
2022,AL,Governor,,REP,Lynda Blanchard,blanchard l,13.0,Cygnal,634.0,lv,5/16/22,2022-05-24,2022_AL_Governor_REP,0
2022,AL,Governor,,REP,Lew Burdette,burdette l,8.0,Cygnal,634.0,lv,5/16/22,2022-05-24,2022_AL_Governor_REP,0
2022,AL,Governor,,REP,Kay Ivey,ivey k,48.0,Cygnal,634.0,lv,5/16/22,2022-05-24,2022_AL_Governor_REP,1
2022,AL,Governor,,REP,Tim James,james t,16.0,Cygnal,634.0,lv,5/16/22,2022-05-24,2022_AL_Governor_REP,0
2022,AL,Governor,,REP,Dean Odle,odle d,2.0,Cygnal,634.0,lv,5/16/22,2022-05-24,2022_AL_Governor_REP,0
2022,AL,Governor,,REP,Dean Young,young d,0.0,Cygnal,634.0,lv,5/16/22,2022-05-24,2022_AL_Governor_REP,0
2022,AL,Governor,,REP,Lynda Blanchard,blanchard l,11.0,Emerson College,706.0,lv,5/16/22,2022-05-24,2022_AL_Governor_REP,0
2022,AL,Governor,,REP,Lew Burdette,burdette l,7.000000000000001,Emerson College,706.0,lv,5/16/22,2022-05-24,2022_AL_Governor_REP,0
2022,AL,Governor,,REP,Stacy George,george s,0.0,Emerson College,706.0,lv,5/16/22,2022-05-24,2022_AL_Governor_REP,0
2022,AL,Governor,,REP,Kay Ivey,ivey k,46.0,Emerson College,706.0,lv,5/16/22,2022-05-24,2022_AL_Governor_REP,1
2022,AL,Governor,,REP,Tim James,james t,17.0,Emerson College,706.0,lv,5/16/22,2022-05-24,2022_AL_Governor_REP,0
2022,AL,Governor,,REP,Donald Jones,jones d,0.0,Emerson College,706.0,lv,5/16/22,2022-05-24,2022_AL_Governor_REP,0
2022,AL,Governor,,REP,Dean Odle,odle d,3.0,Emerson College,706.0,lv,5/16/22,2022-05-24,2022_AL_Governor_REP,0
2022,AL,Governor,,REP,Dave Thomas,thomas d,0.0,Emerson College,706.0,lv,5/16/22,2022-05-24,2022_AL_Governor_REP,0
2022,AL,Governor,,REP,Dean Young,young d,0.0,Emerson College,706.0,lv,5/16/22,2022-05-24,2022_AL_Governor_REP,0
2022,AL,Governor,,REP,Lynda Blanchard,blanchard l,15.0,McLaughlin & Associates,500.0,lv,5/12/22,2022-05-24,2022_AL_Governor_REP,0
2022,AL,Governor,,REP,Lew Burdette,burdette l,8.0,McLaughlin & Associates,500.0,lv,5/12/22,2022-05-24,2022_AL_Governor_REP,0
2022,AL,Governor,,REP,Kay Ivey,ivey k,52.0,McLaughlin & Associates,500.0,lv,5/12/22,2022-05-24,2022_AL_Governor_REP,1
2022,AL,Governor,,REP,Tim James,james t,15.0,McLaughlin & Associates,500.0,lv,5/12/22,2022-05-24,2022_AL_Governor_REP,0
2022,AL,Governor,,REP,Dean Odle,odle d,3.0,McLaughlin & Associates,500.0,lv,5/12/22,2022-05-24,2022_AL_Governor_REP,0
2022,AL,Governor,,REP,Lynda Blanchard,blanchard l,15.0,Cygnal,600.0,lv,5/7/22,2022-05-24,2022_AL_Governor_REP,0
2022,AL,Governor,,REP,Lew Burdette,burdette l,6.0,Cygnal,600.0,lv,5/7/22,2022-05-24,2022_AL_Governor_REP,0
2022,AL,Governor,,REP,Kay Ivey,ivey k,40.0,Cygnal,600.0,lv,5/7/22,2022-05-24,2022_AL_Governor_REP,1
2022,AL,Governor,,REP,Tim James,james t,18.0,Cygnal,600.0,lv,5/7/22,2022-05-24,2022_AL_Governor_REP,0
2022,AL,Governor,,REP,Dean Odle,odle d,4.0,Cygnal,600.0,lv,5/7/22,2022-05-24,2022_AL_Governor_REP,0
2022,AL,Governor,,REP,Dean Young,young d,1.0,Cygnal,600.0,lv,5/7/22,2022-05-24,2022_AL_Governor_REP,0
2022,AL,Governor,,REP,Lynda Blanchard,blanchard l,14.000000000000002,The Tarrance Group,600.0,lv,4/20/22,2022-05-24,2022_AL_Governor_REP,0
2022,AL,Governor,,REP,Kay Ivey,ivey k,56.99999999999999,The Tarrance Group,600.0,lv,4/20/22,2022-05-24,2022_AL_Governor_REP,1
2022,AL,Governor,,REP,Tim James,james t,12.0,The Tarrance Group,600.0,lv,4/20/22,2022-05-24,2022_AL_Governor_REP,0
2022,AL,Governor,,REP,Lynda Blanchard,blanchard l,8.0,Emerson College,687.0,lv,3/27/22,2022-05-24,2022_AL_Governor_REP,0
2022,AL,Governor,,REP,Lew Burdette,burdette l,4.0,Emerson College,687.0,lv,3/27/22,2022-05-24,2022_AL_Governor_REP,0
2022,AL,Governor,,REP,Stacy George,george s,0.0,Emerson College,687.0,lv,3/27/22,2022-05-24,2022_AL_Governor_REP,0
2022,AL,Governor,,REP,Kay Ivey,ivey k,48.0,Emerson College,687.0,lv,3/27/22,2022-05-24,2022_AL_Governor_REP,1
2022,AL,Governor,,REP,Tim James,james t,11.0,Emerson College,687.0,lv,3/27/22,2022-05-24,2022_AL_Governor_REP,0
2022,AL,Governor,,REP,Donald Jones,jones d,1.0,Emerson College,687.0,lv,3/27/22,2022-05-24,2022_AL_Governor_REP,0
2022,AL,Governor,,REP,Dean Odle,odle d,1.0,Emerson College,687.0,lv,3/27/22,2022-05-24,2022_AL_Governor_REP,0
2022,AL,Governor,,REP,Dave Thomas,thomas d,2.0,Emerson College,687.0,lv,3/27/22,2022-05-24,2022_AL_Governor_REP,0
2022,AL,Governor,,REP,Dean Young,young d,2.0,Emerson College,687.0,lv,3/27/22,2022-05-24,2022_AL_Governor_REP,0
2022,AL,Governor,,REP,Lynda Blanchard,blanchard l,10.0,Cygnal,600.0,lv,3/17/22,2022-05-24,2022_AL_Governor_REP,0
2022,AL,Governor,,REP,Lew Burdette,burdette l,2.0,Cygnal,600.0,lv,3/17/22,2022-05-24,2022_AL_Governor_REP,0
2022,AL,Governor,,REP,Kay Ivey,ivey k,46.0,Cygnal,600.0,lv,3/17/22,2022-05-24,2022_AL_Governor_REP,1
2022,AL,Governor,,REP,Tim James,james t,12.0,Cygnal,600.0,lv,3/17/22,2022-05-24,2022_AL_Governor_REP,0
2022,AL,Governor,,REP,Dean Odle,odle d,5.0,Cygnal,600.0,lv,3/17/22,2022-05-24,2022_AL_Governor_REP,0
2022,AL,Governor,,REP,Lynda Blanchard,blanchard l,12.0,Wisemen Consulting,905.0,lv,3/17/22,2022-05-24,2022_AL_Governor_REP,0
2022,AL,Governor,,REP,Lew Burdette,burdette l,2.0,Wisemen Consulting,905.0,lv,3/17/22,2022-05-24,2022_AL_Governor_REP,0
2022,AL,Governor,,REP,Stacy George,george s,1.0,Wisemen Consulting,905.0,lv,3/17/22,2022-05-24,2022_AL_Governor_REP,0
2022,AL,Governor,,REP,Kay Ivey,ivey k,57.99999999999999,Wisemen Consulting,905.0,lv,3/17/22,2022-05-24,2022_AL_Governor_REP,1
2022,AL,Governor,,REP,Tim James,james t,16.0,Wisemen Consulting,905.0,lv,3/17/22,2022-05-24,2022_AL_Governor_REP,0
2022,AL,Governor,,REP,Donald Jones,jones d,1.0,Wisemen Consulting,905.0,lv,3/17/22,2022-05-24,2022_AL_Governor_REP,0
2022,AL,Governor,,REP,Dean Odle,odle d,1.0,Wisemen Consulting,905.0,lv,3/17/22,2022-05-24,2022_AL_Governor_REP,0
2022,AL,Governor,,REP,Dave Thomas,thomas d,1.0,Wisemen Consulting,905.0,lv,3/17/22,2022-05-24,2022_AL_Governor_REP,0
2022,AL,Governor,,REP,Dean Young,young d,1.0,Wisemen Consulting,905.0,lv,3/17/22,2022-05-24,2022_AL_Governor_REP,0
2022,AL,Governor,,REP,Lynda Blanchard,blanchard l,11.0,McLaughlin & Associates,500.0,lv,3/13/22,2022-05-24,2022_AL_Governor_REP,0
2022,AL,Governor,,REP,Stacy George,george s,1.0,McLaughlin & Associates,500.0,lv,3/13/22,2022-05-24,2022_AL_Governor_REP,0
2022,AL,Governor,,REP,Kay Ivey,ivey k,60.0,McLaughlin & Associates,500.0,lv,3/13/22,2022-05-24,2022_AL_Governor_REP,1
2022,AL,Governor,,REP,Tim James,james t,14.000000000000002,McLaughlin & Associates,500.0,lv,3/13/22,2022-05-24,2022_AL_Governor_REP,0
2022,AL,Governor,,REP,Lynda Blanchard,blanchard l,8.0,1892 Polling,600.0,lv,3/10/22,2022-05-24,2022_AL_Governor_REP,0
2022,AL,Governor,,REP,Kay Ivey,ivey k,60.0,1892 Polling,600.0,lv,3/10/22,2022-05-24,2022_AL_Governor_REP,1
2022,AL,Governor,,REP,Tim James,james t,13.0,1892 Polling,600.0,lv,3/10/22,2022-05-24,2022_AL_Governor_REP,0
2022,AL,Governor,,REP,Lynda Blanchard,blanchard l,10.0,The Tarrance Group,600.0,rv,3/2/22,2022-05-24,2022_AL_Governor_REP,0
2022,AL,Governor,,REP,Kay Ivey,ivey k,61.0,The Tarrance Group,600.0,rv,3/2/22,2022-05-24,2022_AL_Governor_REP,1
2022,AL,Governor,,REP,Tim James,james t,13.0,The Tarrance Group,600.0,rv,3/2/22,2022-05-24,2022_AL_Governor_REP,0
2022,AL,Governor,,REP,Lynda Blanchard,blanchard l,10.0,Cherry Communications,600.0,lv,2/6/22,2022-05-24,2022_AL_Governor_REP,0
2022,AL,Governor,,REP,Kay Ivey,ivey k,55.00000000000001,Cherry Communications,600.0,lv,2/6/22,2022-05-24,2022_AL_Governor_REP,1
2022,AL,Governor,,REP,Tim James,james t,11.0,Cherry Communications,600.0,lv,2/6/22,2022-05-24,2022_AL_Governor_REP,0
2022,AL,Governor,,REP,Kay Ivey,ivey k,42.0,Cygnal,600.0,lv,8/18/21,2022-05-24,2022_AL_Governor_REP,1
2022,AL,Governor,,REP,Tim James,james t,4.0,Cygnal,600.0,lv,8/18/21,2022-05-24,2022_AL_Governor_REP,0
2022,AL,Governor,,REP,Dean Odle,odle d,3.0,Cygnal,600.0,lv,8/18/21,2022-05-24,2022_AL_Governor_REP,0
2022,AL,Governor,,REP,Jim Zeigler,zeigler j,9.0,Cygnal,600.0,lv,8/18/21,2022-05-24,2022_AL_Governor_REP,0
2022,AL,Governor,,DEM,Yolanda Flowers,flowers y,28.999999999999996,Emerson College,294.0,lv,5/16/22,2022-05-24,2022_AL_Governor_DEM,1
2022,AL,Governor,,DEM,Patricia Jamieson,jamieson p,2.0,Emerson College,294.0,lv,5/16/22,2022-05-24,2022_AL_Governor_DEM,0
2022,AL,Governor,,DEM,Arthur Kennedy,kennedy a,5.0,Emerson College,294.0,lv,5/16/22,2022-05-24,2022_AL_Governor_DEM,0
2022,AL,Governor,,DEM,Chad Martin,martin c,7.000000000000001,Emerson College,294.0,lv,5/16/22,2022-05-24,2022_AL_Governor_DEM,0
2022,AL,Governor,,DEM,Malika Sanders-Fortier,sandersfortier m,5.0,Emerson College,294.0,lv,5/16/22,2022-05-24,2022_AL_Governor_DEM,0
2022,AL,Governor,,DEM,Doug Smith,smith d,3.0,Emerson College,294.0,lv,5/16/22,2022-05-24,2022_AL_Governor_DEM,0
2022,AL,Governor,,DEM,Yolanda Flowers,flowers y,11.0,Emerson College,359.0,lv,3/27/22,2022-05-24,2022_AL_Governor_DEM,1
2022,AL,Governor,,DEM,Patricia Jamieson,jamieson p,3.0,Emerson College,359.0,lv,3/27/22,2022-05-24,2022_AL_Governor_DEM,0
2022,AL,Governor,,DEM,Arthur Kennedy,kennedy a,7.000000000000001,Emerson College,359.0,lv,3/27/22,2022-05-24,2022_AL_Governor_DEM,0
2022,AL,Governor,,DEM,Chad Martin,martin c,4.0,Emerson College,359.0,lv,3/27/22,2022-05-24,2022_AL_Governor_DEM,0
2022,AL,Governor,,DEM,Malika Sanders-Fortier,sandersfortier m,8.0,Emerson College,359.0,lv,3/27/22,2022-05-24,2022_AL_Governor_DEM,0
2022,AL,Governor,,DEM,Doug Smith,smith d,8.0,Emerson College,359.0,lv,3/27/22,2022-05-24,2022_AL_Governor_DEM,0
2022,AR,Governor,,REP,Sarah Huckabee Sanders,sanders s,73.0,Hendrix College,802.0,lv,5/2/22,2022-05-24,2022_AR_Governor_REP,1
2022,AR,Governor,,REP,Francis Washburn,washburn f,17.0,Hendrix College,802.0,lv,5/2/22,2022-05-24,2022_AR_Governor_REP,0
2022,AR,Governor,,REP,Sarah Huckabee Sanders,sanders s,80.0,Remington Research,1622.0,lv,5/2/22,2022-05-24,2022_AR_Governor_REP,1
2022,AR,Governor,,REP,Francis Washburn,washburn f,14.000000000000002,Remington Research,1622.0,lv,5/2/22,2022-05-24,2022_AR_Governor_REP,0
2022,AR,Governor,,REP,Leslie Rutledge,rutledge l,16.0,Remington Research,800.0,lv,10/26/21,2022-05-24,2022_AR_Governor_REP,0
2022,AR,Governor,,REP,Sarah Huckabee Sanders,sanders s,73.0,Remington Research,800.0,lv,10/26/21,2022-05-24,2022_AR_Governor_REP,1
2022,AR,Governor,,REP,Leslie Rutledge,rutledge l,35.0,Hendrix College,535.0,lv,5/31/21,2022-05-24,2022_AR_Governor_REP,0
2022,AR,Governor,,REP,Sarah Huckabee Sanders,sanders s,43.0,Hendrix College,535.0,lv,5/31/21,2022-05-24,2022_AR_Governor_REP,1
2022,AR,Governor,,DEM,Anthony Bland,bland a,3.0,Hendrix College,597.0,lv,5/2/22,2022-05-24,2022_AR_Governor_DEM,0
2022,AR,Governor,,DEM,Chris Jones,jones c,60.0,Hendrix College,597.0,lv,5/2/22,2022-05-24,2022_AR_Governor_DEM,1
2022,AR,Governor,,DEM,Supha Xayprasith-Mays,xayprasithmays s,2.0,Hendrix College,597.0,lv,5/2/22,2022-05-24,2022_AR_Governor_DEM,0
2022,AR,Governor,,DEM,Jay Martin,martin j,3.0,Hendrix College,597.0,lv,5/2/22,2022-05-24,2022_AR_Governor_DEM,0
2022,AR,Governor,,DEM,James Russell,russell j,2.0,Hendrix College,597.0,lv,5/2/22,2022-05-24,2022_AR_Governor_DEM,0
2022,AR,Governor,,REP,Sarah Huckabee Sanders,sanders s,57.99999999999999,Remington Research Group,827.0,lv,2/27/22,2022-05-24,2022_AR_Governor_REP,1
2022,AR,Governor,,DEM,Chris Jones,jones c,28.000000000000004,Remington Research Group,827.0,lv,2/27/22,2022-05-24,2022_AR_Governor_DEM,1
2022,AR,Governor,,REP,Sarah Huckabee Sanders,sanders s,44.0,Hendrix College,961.0,lv,2/8/22,2022-05-24,2022_AR_Governor_REP,1
2022,AZ,Governor,,REP,Kari Lake,lake k,49.0,The Trafalgar Group,1064.0,lv,8/1/22,2022-08-02,2022_AZ_Governor_REP,1
2022,AZ,Governor,,REP,Karrin Taylor Robson,robson k,38.0,The Trafalgar Group,1064.0,lv,8/1/22,2022-08-02,2022_AZ_Governor_REP,0
2022,AZ,Governor,,REP,Matt Salmon,salmon m,3.0,The Trafalgar Group,1064.0,lv,8/1/22,2022-08-02,2022_AZ_Governor_REP,0
2022,AZ,Governor,,REP,Kari Lake,lake k,46.0,Emerson College,600.0,lv,7/30/22,2022-08-02,2022_AZ_Governor_REP,1
2022,AZ,Governor,,REP,Karrin Taylor Robson,robson k,47.0,Emerson College,600.0,lv,7/30/22,2022-08-02,2022_AZ_Governor_REP,0
2022,AZ,Governor,,REP,Kari Lake,lake k,43.0,Rasmussen Reports,710.0,lv,7/28/22,2022-08-02,2022_AZ_Governor_REP,1
2022,AZ,Governor,,REP,Karrin Taylor Robson,robson k,34.0,Rasmussen Reports,710.0,lv,7/28/22,2022-08-02,2022_AZ_Governor_REP,0
2022,AZ,Governor,,REP,Kari Lake,lake k,51.0,OH Predictive Insights,502.0,lv,7/27/22,2022-08-02,2022_AZ_Governor_REP,1
2022,AZ,Governor,,REP,Karrin Taylor Robson,robson k,33.0,OH Predictive Insights,502.0,lv,7/27/22,2022-08-02,2022_AZ_Governor_REP,0
2022,AZ,Governor,,REP,Matt Salmon,salmon m,2.0,OH Predictive Insights,502.0,lv,7/27/22,2022-08-02,2022_AZ_Governor_REP,0
2022,AZ,Governor,,REP,Kari Lake,lake k,48.0,The Trafalgar Group,1071.0,lv,7/27/22,2022-08-02,2022_AZ_Governor_REP,1
2022,AZ,Governor,,REP,Karrin Taylor Robson,robson k,39.0,The Trafalgar Group,1071.0,lv,7/27/22,2022-08-02,2022_AZ_Governor_REP,0
2022,AZ,Governor,,REP,Matt Salmon,salmon m,2.0,The Trafalgar Group,1071.0,lv,7/27/22,2022-08-02,2022_AZ_Governor_REP,0
2022,AZ,Governor,,REP,Kari Lake,lake k,45.0,Alloy Analytics,600.0,lv,7/26/22,2022-08-02,2022_AZ_Governor_REP,1
2022,AZ,Governor,,REP,Karrin Taylor Robson,robson k,35.0,Alloy Analytics,600.0,lv,7/26/22,2022-08-02,2022_AZ_Governor_REP,0
2022,AZ,Governor,,REP,Matt Salmon,salmon m,2.0,Alloy Analytics,600.0,lv,7/26/22,2022-08-02,2022_AZ_Governor_REP,0
2022,AZ,Governor,,REP,Kari Lake,lake k,43.0,Public Opinion Strategies,400.0,lv,7/24/22,2022-08-02,2022_AZ_Governor_REP,1
2022,AZ,Governor,,REP,Karrin Taylor Robson,robson k,43.0,Public Opinion Strategies,400.0,lv,7/24/22,2022-08-02,2022_AZ_Governor_REP,0
2022,AZ,Governor,,REP,Kari Lake,lake k,44.0,Data Orbital,550.0,lv,7/20/22,2022-08-02,2022_AZ_Governor_REP,1
2022,AZ,Governor,,REP,Karrin Taylor Robson,robson k,32.0,Data Orbital,550.0,lv,7/20/22,2022-08-02,2022_AZ_Governor_REP,0
2022,AZ,Governor,,REP,Matt Salmon,salmon m,5.0,Data Orbital,550.0,lv,7/20/22,2022-08-02,2022_AZ_Governor_REP,0
2022,AZ,Governor,,REP,Kari Lake,lake k,45.0,Cygnal,419.0,lv,7/13/22,2022-08-02,2022_AZ_Governor_REP,1
2022,AZ,Governor,,REP,Karrin Taylor Robson,robson k,34.0,Cygnal,419.0,lv,7/13/22,2022-08-02,2022_AZ_Governor_REP,0
2022,AZ,Governor,,REP,Matt Salmon,salmon m,3.0,Cygnal,419.0,lv,7/13/22,2022-08-02,2022_AZ_Governor_REP,0
2022,AZ,Governor,,REP,Kari Lake,lake k,39.0,Data Orbital,550.0,lv,7/7/22,2022-08-02,2022_AZ_Governor_REP,1
2022,AZ,Governor,,REP,Karrin Taylor Robson,robson k,35.0,Data Orbital,550.0,lv,7/7/22,2022-08-02,2022_AZ_Governor_REP,0
2022,AZ,Governor,,REP,Matt Salmon,salmon m,2.0,Data Orbital,550.0,lv,7/7/22,2022-08-02,2022_AZ_Governor_REP,0
2022,AZ,Governor,,REP,Kari Lake,lake k,39.0,HighGround Public Affairs,400.0,lv,7/7/22,2022-08-02,2022_AZ_Governor_REP,1
2022,AZ,Governor,,REP,Karrin Taylor Robson,robson k,35.0,HighGround Public Affairs,400.0,lv,7/7/22,2022-08-02,2022_AZ_Governor_REP,0
2022,AZ,Governor,,REP,Kari Lake,lake k,39.0,OH Predictive Insights,515.0,lv,7/2/22,2022-08-02,2022_AZ_Governor_REP,1
2022,AZ,Governor,,REP,Karrin Taylor Robson,robson k,31.0,OH Predictive Insights,515.0,lv,7/2/22,2022-08-02,2022_AZ_Governor_REP,0
2022,AZ,Governor,,REP,Matt Salmon,salmon m,6.0,OH Predictive Insights,515.0,lv,7/2/22,2022-08-02,2022_AZ_Governor_REP,0
2022,AZ,Governor,,REP,Kari Lake,lake k,33.0,Data Orbital,550.0,lv,6/26/22,2022-08-02,2022_AZ_Governor_REP,1
2022,AZ,Governor,,REP,Karrin Taylor Robson,robson k,24.0,Data Orbital,550.0,lv,6/26/22,2022-08-02,2022_AZ_Governor_REP,0
2022,AZ,Governor,,REP,Matt Salmon,salmon m,7.000000000000001,Data Orbital,550.0,lv,6/26/22,2022-08-02,2022_AZ_Governor_REP,0
2022,AZ,Governor,,REP,Kari Lake,lake k,37.0,Moore Information Group,1000.0,lv,6/23/22,2022-08-02,2022_AZ_Governor_REP,1
2022,AZ,Governor,,REP,Karrin Taylor Robson,robson k,38.0,Moore Information Group,1000.0,lv,6/23/22,2022-08-02,2022_AZ_Governor_REP,0
2022,AZ,Governor,,REP,Kari Lake,lake k,39.0,The Trafalgar Group,1068.0,lv,6/16/22,2022-08-02,2022_AZ_Governor_REP,1
2022,AZ,Governor,,REP,Karrin Taylor Robson,robson k,27.0,The Trafalgar Group,1068.0,lv,6/16/22,2022-08-02,2022_AZ_Governor_REP,0
2022,AZ,Governor,,REP,Matt Salmon,salmon m,15.0,The Trafalgar Group,1068.0,lv,6/16/22,2022-08-02,2022_AZ_Governor_REP,0
2022,AZ,Governor,,REP,Kari Lake,lake k,27.0,Data Orbital,550.0,lv,6/3/22,2022-08-02,2022_AZ_Governor_REP,1
2022,AZ,Governor,,REP,Karrin Taylor Robson,robson k,23.0,Data Orbital,550.0,lv,6/3/22,2022-08-02,2022_AZ_Governor_REP,0
2022,AZ,Governor,,REP,Matt Salmon,salmon m,12.0,Data Orbital,550.0,lv,6/3/22,2022-08-02,2022_AZ_Governor_REP,0
2022,AZ,Governor,,REP,Kari Lake,lake k,23.0,OH Predictive Insights,281.0,lv,5/16/22,2022-08-02,2022_AZ_Governor_REP,1
2022,AZ,Governor,,REP,Karrin Taylor Robson,robson k,21.0,OH Predictive Insights,281.0,lv,5/16/22,2022-08-02,2022_AZ_Governor_REP,0
2022,AZ,Governor,,REP,Matt Salmon,salmon m,14.000000000000002,OH Predictive Insights,281.0,lv,5/16/22,2022-08-02,2022_AZ_Governor_REP,0
2022,AZ,Governor,,REP,Kari Lake,lake k,47.0,Cygnal,,lv,4/30/22,2022-08-02,2022_AZ_Governor_REP,1
2022,AZ,Governor,,REP,Karrin Taylor Robson,robson k,22.0,Cygnal,,lv,4/30/22,2022-08-02,2022_AZ_Governor_REP,0
2022,AZ,Governor,,REP,Matt Salmon,salmon m,7.000000000000001,Cygnal,,lv,4/30/22,2022-08-02,2022_AZ_Governor_REP,0
2022,AZ,Governor,,REP,Steve Gaynor,gaynor s,6.0,The Trafalgar Group,1064.0,lv,4/28/22,2022-08-02,2022_AZ_Governor_REP,0
2022,AZ,Governor,,REP,Kari Lake,lake k,38.0,The Trafalgar Group,1064.0,lv,4/28/22,2022-08-02,2022_AZ_Governor_REP,1
2022,AZ,Governor,,REP,Karrin Taylor Robson,robson k,27.0,The Trafalgar Group,1064.0,lv,4/28/22,2022-08-02,2022_AZ_Governor_REP,0
2022,AZ,Governor,,REP,Matt Salmon,salmon m,11.0,The Trafalgar Group,1064.0,lv,4/28/22,2022-08-02,2022_AZ_Governor_REP,0
2022,AZ,Governor,,REP,Steve Gaynor,gaynor s,3.0,OH Predictive Insights,500.0,lv,4/5/22,2022-08-02,2022_AZ_Governor_REP,0
2022,AZ,Governor,,REP,Kari Lake,lake k,28.999999999999996,OH Predictive Insights,500.0,lv,4/5/22,2022-08-02,2022_AZ_Governor_REP,1
2022,AZ,Governor,,REP,Karrin Taylor Robson,robson k,22.0,OH Predictive Insights,500.0,lv,4/5/22,2022-08-02,2022_AZ_Governor_REP,0
2022,AZ,Governor,,REP,Matt Salmon,salmon m,11.0,OH Predictive Insights,500.0,lv,4/5/22,2022-08-02,2022_AZ_Governor_REP,0
2022,AZ,Governor,,REP,Steve Gaynor,gaynor s,7.000000000000001,Data Orbital,550.0,lv,4/3/22,2022-08-02,2022_AZ_Governor_REP,0
2022,AZ,Governor,,REP,Kari Lake,lake k,35.0,Data Orbital,550.0,lv,4/3/22,2022-08-02,2022_AZ_Governor_REP,1
2022,AZ,Governor,,REP,Karrin Taylor Robson,robson k,22.0,Data Orbital,550.0,lv,4/3/22,2022-08-02,2022_AZ_Governor_REP,0
2022,AZ,Governor,,REP,Matt Salmon,salmon m,12.0,Data Orbital,550.0,lv,4/3/22,2022-08-02,2022_AZ_Governor_REP,0
2022,AZ,Governor,,REP,Steve Gaynor,gaynor s,3.0,HighGround Public Affairs,264.0,lv,3/27/22,2022-08-02,2022_AZ_Governor_REP,0
2022,AZ,Governor,,REP,Kari Lake,lake k,30.0,HighGround Public Affairs,264.0,lv,3/27/22,2022-08-02,2022_AZ_Governor_REP,1
2022,AZ,Governor,,REP,Karrin Taylor Robson,robson k,10.0,HighGround Public Affairs,264.0,lv,3/27/22,2022-08-02,2022_AZ_Governor_REP,0
2022,AZ,Governor,,REP,Matt Salmon,salmon m,5.0,HighGround Public Affairs,264.0,lv,3/27/22,2022-08-02,2022_AZ_Governor_REP,0
2022,AZ,Governor,,REP,Steve Gaynor,gaynor s,4.0,Alloy Analytics,433.0,lv,3/12/22,2022-08-02,2022_AZ_Governor_REP,0
2022,AZ,Governor,,REP,Kari Lake,lake k,37.0,Alloy Analytics,433.0,lv,3/12/22,2022-08-02,2022_AZ_Governor_REP,1
2022,AZ,Governor,,REP,Karrin Taylor Robson,robson k,15.0,Alloy Analytics,433.0,lv,3/12/22,2022-08-02,2022_AZ_Governor_REP,0
2022,AZ,Governor,,REP,Matt Salmon,salmon m,9.0,Alloy Analytics,433.0,lv,3/12/22,2022-08-02,2022_AZ_Governor_REP,0
2022,AZ,Governor,,REP,Steve Gaynor,gaynor s,4.0,Data Orbital,,lv,3/1/22,2022-08-02,2022_AZ_Governor_REP,0
2022,AZ,Governor,,REP,Kari Lake,lake k,43.0,Data Orbital,,lv,3/1/22,2022-08-02,2022_AZ_Governor_REP,1
2022,AZ,Governor,,REP,Karrin Taylor Robson,robson k,13.0,Data Orbital,,lv,3/1/22,2022-08-02,2022_AZ_Governor_REP,0
2022,AZ,Governor,,REP,Matt Salmon,salmon m,15.0,Data Orbital,,lv,3/1/22,2022-08-02,2022_AZ_Governor_REP,0
2022,AZ,Governor,,REP,Steve Gaynor,gaynor s,8.0,Data Orbital,300.0,lv,2/13/22,2022-08-02,2022_AZ_Governor_REP,0
2022,AZ,Governor,,REP,Kari Lake,lake k,37.0,Data Orbital,300.0,lv,2/13/22,2022-08-02,2022_AZ_Governor_REP,1
2022,AZ,Governor,,REP,Karrin Taylor Robson,robson k,9.0,Data Orbital,300.0,lv,2/13/22,2022-08-02,2022_AZ_Governor_REP,0
2022,AZ,Governor,,REP,Matt Salmon,salmon m,13.0,Data Orbital,300.0,lv,2/13/22,2022-08-02,2022_AZ_Governor_REP,0
2022,AZ,Governor,,REP,Steve Gaynor,gaynor s,5.0,OH Predictive Insights,302.0,rv,1/13/22,2022-08-02,2022_AZ_Governor_REP,0
2022,AZ,Governor,,REP,Kari Lake,lake k,21.0,OH Predictive Insights,302.0,rv,1/13/22,2022-08-02,2022_AZ_Governor_REP,1
2022,AZ,Governor,,REP,Karrin Taylor Robson,robson k,6.0,OH Predictive Insights,302.0,rv,1/13/22,2022-08-02,2022_AZ_Governor_REP,0
2022,AZ,Governor,,REP,Matt Salmon,salmon m,17.0,OH Predictive Insights,302.0,rv,1/13/22,2022-08-02,2022_AZ_Governor_REP,0
2022,AZ,Governor,,REP,Kimberly Yee,yee k,5.0,OH Predictive Insights,302.0,rv,1/13/22,2022-08-02,2022_AZ_Governor_REP,0
2022,AZ,Governor,,REP,Steve Gaynor,gaynor s,2.0,OH Predictive Insights,252.0,rv,11/8/21,2022-08-02,2022_AZ_Governor_REP,0
2022,AZ,Governor,,REP,Kari Lake,lake k,28.000000000000004,OH Predictive Insights,252.0,rv,11/8/21,2022-08-02,2022_AZ_Governor_REP,1
2022,AZ,Governor,,REP,Karrin Taylor Robson,robson k,1.0,OH Predictive Insights,252.0,rv,11/8/21,2022-08-02,2022_AZ_Governor_REP,0
2022,AZ,Governor,,REP,Matt Salmon,salmon m,11.0,OH Predictive Insights,252.0,rv,11/8/21,2022-08-02,2022_AZ_Governor_REP,0
2022,AZ,Governor,,REP,Kimberly Yee,yee k,6.0,OH Predictive Insights,252.0,rv,11/8/21,2022-08-02,2022_AZ_Governor_REP,0
2022,AZ,Governor,,REP,Steve Gaynor,gaynor s,5.0,OH Predictive Insights,311.0,rv,9/12/21,2022-08-02,2022_AZ_Governor_REP,0
2022,AZ,Governor,,REP,Kari Lake,lake k,25.0,OH Predictive Insights,311.0,rv,9/12/21,2022-08-02,2022_AZ_Governor_REP,1
2022,AZ,Governor,,REP,Karrin Taylor Robson,robson k,1.0,OH Predictive Insights,311.0,rv,9/12/21,2022-08-02,2022_AZ_Governor_REP,0
2022,AZ,Governor,,REP,Matt Salmon,salmon m,9.0,OH Predictive Insights,311.0,rv,9/12/21,2022-08-02,2022_AZ_Governor_REP,0
2022,AZ,Governor,,REP,Kimberly Yee,yee k,6.0,OH Predictive Insights,311.0,rv,9/12/21,2022-08-02,2022_AZ_Governor_REP,0
2022,AZ,Governor,,REP,Kari Lake,lake k,10.0,HighGround Public Affairs,400.0,lv,5/5/21,2022-08-02,2022_AZ_Governor_REP,1
2022,AZ,Governor,,REP,Karrin Taylor Robson,robson k,0.0,HighGround Public Affairs,400.0,lv,5/5/21,2022-08-02,2022_AZ_Governor_REP,0
2022,AZ,Governor,,REP,Matt Salmon,salmon m,8.0,HighGround Public Affairs,400.0,lv,5/5/21,2022-08-02,2022_AZ_Governor_REP,0
2022,AZ,Governor,,REP,Kimberly Yee,yee k,4.0,HighGround Public Affairs,400.0,lv,5/5/21,2022-08-02,2022_AZ_Governor_REP,0
2022,AZ,Governor,,REP,Karrin Taylor Robson,robson k,10.0,WPA Intelligence,534.0,lv,5/13/21,2022-08-02,2022_AZ_Governor_REP,0
2022,AZ,Governor,,REP,Matt Salmon,salmon m,42.0,WPA Intelligence,534.0,lv,5/13/21,2022-08-02,2022_AZ_Governor_REP,0
2022,AZ,Governor,,DEM,Katie Hobbs,hobbs k,43.0,OH Predictive Insights,261.0,lv,5/16/22,2022-08-02,2022_AZ_Governor_DEM,1
2022,AZ,Governor,,DEM,Aaron Lieberman,lieberman a,9.0,OH Predictive Insights,261.0,lv,5/16/22,2022-08-02,2022_AZ_Governor_DEM,0
2022,AZ,Governor,,DEM,Marco López Jr.,lopez m,8.0,OH Predictive Insights,261.0,lv,5/16/22,2022-08-02,2022_AZ_Governor_DEM,0
2022,AZ,Governor,,DEM,Katie Hobbs,hobbs k,49.0,GQR Research,400.0,lv,5/15/22,2022-08-02,2022_AZ_Governor_DEM,1
2022,AZ,Governor,,DEM,Aaron Lieberman,lieberman a,10.0,GQR Research,400.0,lv,5/15/22,2022-08-02,2022_AZ_Governor_DEM,0
2022,AZ,Governor,,DEM,Marco López Jr.,lopez m,20.0,GQR Research,400.0,lv,5/15/22,2022-08-02,2022_AZ_Governor_DEM,0
2022,AZ,Governor,,DEM,Katie Hobbs,hobbs k,27.0,HighGround Public Affairs,234.0,lv,3/27/22,2022-08-02,2022_AZ_Governor_DEM,1
2022,AZ,Governor,,DEM,Aaron Lieberman,lieberman a,1.0,HighGround Public Affairs,234.0,lv,3/27/22,2022-08-02,2022_AZ_Governor_DEM,0
2022,AZ,Governor,,DEM,Marco López Jr.,lopez m,9.0,HighGround Public Affairs,234.0,lv,3/27/22,2022-08-02,2022_AZ_Governor_DEM,0
2022,AZ,Governor,,DEM,Katie Hobbs,hobbs k,46.0,OH Predictive Insights,274.0,rv,1/13/22,2022-08-02,2022_AZ_Governor_DEM,1
2022,AZ,Governor,,DEM,Aaron Lieberman,lieberman a,5.0,OH Predictive Insights,274.0,rv,1/13/22,2022-08-02,2022_AZ_Governor_DEM,0
2022,AZ,Governor,,DEM,Marco López Jr.,lopez m,9.0,OH Predictive Insights,274.0,rv,1/13/22,2022-08-02,2022_AZ_Governor_DEM,0
2022,AZ,Governor,,DEM,Katie Hobbs,hobbs k,42.0,OH Predictive Insights,229.0,rv,11/8/21,2022-08-02,2022_AZ_Governor_DEM,1
2022,AZ,Governor,,DEM,Aaron Lieberman,lieberman a,6.0,OH Predictive Insights,229.0,rv,11/8/21,2022-08-02,2022_AZ_Governor_DEM,0
2022,AZ,Governor,,DEM,Marco López Jr.,lopez m,8.0,OH Predictive Insights,229.0,rv,11/8/21,2022-08-02,2022_AZ_Governor_DEM,0
2022,AZ,Governor,,DEM,Katie Hobbs,hobbs k,40.0,OH Predictive Insights,283.0,rv,9/12/21,2022-08-02,2022_AZ_Governor_DEM,1
2022,AZ,Governor,,DEM,Aaron Lieberman,lieberman a,8.0,OH Predictive Insights,283.0,rv,9/12/21,2022-08-02,2022_AZ_Governor_DEM,0
2022,AZ,Governor,,DEM,Marco López Jr.,lopez m,10.0,OH Predictive Insights,283.0,rv,9/12/21,2022-08-02,2022_AZ_Governor_DEM,0
2022,AZ,Governor,,REP,Kari Lake,lake k,46.0,American Viewpoint,,lv,8/1/22,2022-08-02,2022_AZ_Governor_REP,1
2022,AZ,Governor,,DEM,Katie Hobbs,hobbs k,47.0,American Viewpoint,,lv,8/1/22,2022-08-02,2022_AZ_Governor_DEM,1
2022,AZ,Governor,,REP,Kari Lake,lake k,38.0,Beacon Research,802.0,rv,7/20/22,2022-08-02,2022_AZ_Governor_REP,1
2022,AZ,Governor,,DEM,Katie Hobbs,hobbs k,43.0,Beacon Research,802.0,rv,7/20/22,2022-08-02,2022_AZ_Governor_DEM,1
2022,AZ,Governor,,REP,Kari Lake,lake k,38.0,TargetSmart,704.0,lv,6/30/22,2022-08-02,2022_AZ_Governor_REP,1
2022,AZ,Governor,,DEM,Katie Hobbs,hobbs k,47.0,TargetSmart,704.0,lv,6/30/22,2022-08-02,2022_AZ_Governor_DEM,1
2022,AZ,Governor,,REP,Kari Lake,lake k,45.0,GQR Research,400.0,lv,5/15/22,2022-08-02,2022_AZ_Governor_REP,1
2022,AZ,Governor,,DEM,Katie Hobbs,hobbs k,41.0,Data Orbital,1000.0,lv,2/13/22,2022-08-02,2022_AZ_Governor_DEM,1
2022,AZ,Governor,,REP,Kari Lake,lake k,34.0,Redfield & Wilton Strategies,624.0,rv,11/10/21,2022-08-02,2022_AZ_Governor_REP,1
2022,AZ,Governor,,DEM,Katie Hobbs,hobbs k,39.0,Redfield & Wilton Strategies,624.0,rv,11/10/21,2022-08-02,2022_AZ_Governor_DEM,1
2022,AZ,Governor,,REP,Karrin Taylor Robson,robson k,37.0,Beacon Research,802.0,rv,7/20/22,2022-08-02,2022_AZ_Governor_REP,0
2022,AZ,Governor,,REP,Karrin Taylor Robson,robson k,39.0,TargetSmart,704.0,lv,6/30/22,2022-08-02,2022_AZ_Governor_REP,0
2022,AZ,Governor,,REP,Karrin Taylor Robson,robson k,46.0,GQR Research,400.0,lv,5/15/22,2022-08-02,2022_AZ_Governor_REP,0
2022,AZ,Governor,,REP,Matt Salmon,salmon m,31.0,Redfield & Wilton Strategies,624.0,rv,11/10/21,2022-08-02,2022_AZ_Governor_REP,0
2022,FL,Governor,,DEM,Charlie Crist,crist c,59.0,St. Pete Polls,1617.0,lv,8/21/22,2022-08-23,2022_FL_Governor_DEM,1
2022,FL,Governor,,DEM,Nikki Fried,fried n,30.0,St. Pete Polls,1617.0,lv,8/21/22,2022-08-23,2022_FL_Governor_DEM,0
2022,FL,Governor,,DEM,Charlie Crist,crist c,47.0,Change Research,702.0,lv,8/14/22,2022-08-23,2022_FL_Governor_DEM,1
2022,FL,Governor,,DEM,Nikki Fried,fried n,37.0,Change Research,702.0,lv,8/14/22,2022-08-23,2022_FL_Governor_DEM,0
2022,FL,Governor,,DEM,Charlie Crist,crist c,43.0,University of North Florida,529.0,lv,8/12/22,2022-08-23,2022_FL_Governor_DEM,1
2022,FL,Governor,,DEM,Nikki Fried,fried n,47.0,University of North Florida,529.0,lv,8/12/22,2022-08-23,2022_FL_Governor_DEM,0
2022,FL,Governor,,DEM,Charlie Crist,crist c,42.0,Public Policy Polling,664.0,lv,8/9/22,2022-08-23,2022_FL_Governor_DEM,1
2022,FL,Governor,,DEM,Nikki Fried,fried n,35.0,Public Policy Polling,664.0,lv,8/9/22,2022-08-23,2022_FL_Governor_DEM,0
2022,FL,Governor,,DEM,Charlie Crist,crist c,56.00000000000001,St. Pete Polls,1361.0,lv,8/3/22,2022-08-23,2022_FL_Governor_DEM,1
2022,FL,Governor,,DEM,Nikki Fried,fried n,24.0,St. Pete Polls,1361.0,lv,8/3/22,2022-08-23,2022_FL_Governor_DEM,0
2022,FL,Governor,,DEM,Charlie Crist,crist c,52.0,GBAO,800.0,lv,7/31/22,2022-08-23,2022_FL_Governor_DEM,1
2022,FL,Governor,,DEM,Nikki Fried,fried n,36.0,GBAO,800.0,lv,7/31/22,2022-08-23,2022_FL_Governor_DEM,0
2022,FL,Governor,,DEM,Charlie Crist,crist c,39.0,Kaplan Strategies,671.0,lv,7/6/22,2022-08-23,2022_FL_Governor_DEM,1
2022,FL,Governor,,DEM,Nikki Fried,fried n,39.0,Kaplan Strategies,671.0,lv,7/6/22,2022-08-23,2022_FL_Governor_DEM,0
2022,FL,Governor,,DEM,Charlie Crist,crist c,55.00000000000001,GBAO,600.0,lv,6/26/22,2022-08-23,2022_FL_Governor_DEM,1
2022,FL,Governor,,DEM,Nikki Fried,fried n,34.0,GBAO,600.0,lv,6/26/22,2022-08-23,2022_FL_Governor_DEM,0
2022,FL,Governor,,DEM,Charlie Crist,crist c,49.0,St. Pete Polls,1007.0,lv,6/17/22,2022-08-23,2022_FL_Governor_DEM,1
2022,FL,Governor,,DEM,Nikki Fried,fried n,24.0,St. Pete Polls,1007.0,lv,6/17/22,2022-08-23,2022_FL_Governor_DEM,0
2022,FL,Governor,,DEM,Charlie Crist,crist c,38.0,Global Strategy Group,600.0,lv,6/13/22,2022-08-23,2022_FL_Governor_DEM,1
2022,FL,Governor,,DEM,Nikki Fried,fried n,34.0,Global Strategy Group,600.0,lv,6/13/22,2022-08-23,2022_FL_Governor_DEM,0
2022,FL,Governor,,DEM,Charlie Crist,crist c,52.0,St. Pete Polls,1859.0,lv,5/3/22,2022-08-23,2022_FL_Governor_DEM,1
2022,FL,Governor,,DEM,Nikki Fried,fried n,19.0,St. Pete Polls,1859.0,lv,5/3/22,2022-08-23,2022_FL_Governor_DEM,0
2022,FL,Governor,,DEM,Annette Taddeo,taddeo a,5.0,St. Pete Polls,1859.0,lv,5/3/22,2022-08-23,2022_FL_Governor_DEM,0
2022,FL,Governor,,DEM,Charlie Crist,crist c,35.0,Sachs Media Group,700.0,rv,4/10/22,2022-08-23,2022_FL_Governor_DEM,1
2022,FL,Governor,,DEM,Nikki Fried,fried n,20.0,Sachs Media Group,700.0,rv,4/10/22,2022-08-23,2022_FL_Governor_DEM,0
2022,FL,Governor,,DEM,Annette Taddeo,taddeo a,4.0,Sachs Media Group,700.0,rv,4/10/22,2022-08-23,2022_FL_Governor_DEM,0
2022,FL,Governor,,DEM,Charlie Crist,crist c,27.0,University of North Florida,271.0,rv,2/20/22,2022-08-23,2022_FL_Governor_DEM,1
2022,FL,Governor,,DEM,Nikki Fried,fried n,19.0,University of North Florida,271.0,rv,2/20/22,2022-08-23,2022_FL_Governor_DEM,0
2022,FL,Governor,,DEM,Annette Taddeo,taddeo a,4.0,University of North Florida,271.0,rv,2/20/22,2022-08-23,2022_FL_Governor_DEM,0
2022,FL,Governor,,DEM,Charlie Crist,crist c,44.0,Mason-Dixon,400.0,lv,2/10/22,2022-08-23,2022_FL_Governor_DEM,1
2022,FL,Governor,,DEM,Nikki Fried,fried n,27.0,Mason-Dixon,400.0,lv,2/10/22,2022-08-23,2022_FL_Governor_DEM,0
2022,FL,Governor,,DEM,Annette Taddeo,taddeo a,3.0,Mason-Dixon,400.0,lv,2/10/22,2022-08-23,2022_FL_Governor_DEM,0
2022,FL,Governor,,DEM,Charlie Crist,crist c,36.0,Alvarado Strategies,1007.0,lv,2/1/22,2022-08-23,2022_FL_Governor_DEM,1
2022,FL,Governor,,DEM,Nikki Fried,fried n,25.0,Alvarado Strategies,1007.0,lv,2/1/22,2022-08-23,2022_FL_Governor_DEM,0
2022,FL,Governor,,DEM,Annette Taddeo,taddeo a,6.0,Alvarado Strategies,1007.0,lv,2/1/22,2022-08-23,2022_FL_Governor_DEM,0
2022,FL,Governor,,DEM,Charlie Crist,crist c,54.0,GBAO,800.0,lv,1/31/22,2022-08-23,2022_FL_Governor_DEM,1
2022,FL,Governor,,DEM,Nikki Fried,fried n,28.000000000000004,GBAO,800.0,lv,1/31/22,2022-08-23,2022_FL_Governor_DEM,0
2022,FL,Governor,,DEM,Annette Taddeo,taddeo a,7.000000000000001,GBAO,800.0,lv,1/31/22,2022-08-23,2022_FL_Governor_DEM,0
2022,FL,Governor,,DEM,Charlie Crist,crist c,36.0,Public Policy Polling,582.0,lv,1/27/22,2022-08-23,2022_FL_Governor_DEM,1
2022,FL,Governor,,DEM,Nikki Fried,fried n,34.0,Public Policy Polling,582.0,lv,1/27/22,2022-08-23,2022_FL_Governor_DEM,0
2022,FL,Governor,,DEM,Charlie Crist,crist c,33.0,Public Policy Polling,274.0,lv,8/11/21,2022-08-23,2022_FL_Governor_DEM,1
2022,FL,Governor,,DEM,Nikki Fried,fried n,36.0,Public Policy Polling,274.0,lv,8/11/21,2022-08-23,2022_FL_Governor_DEM,0
2022,FL,Governor,,DEM,Charlie Crist,crist c,38.0,Susquehanna Polling & Research,245.0,rv,8/10/21,2022-08-23,2022_FL_Governor_DEM,1
2022,FL,Governor,,DEM,Nikki Fried,fried n,27.0,Susquehanna Polling & Research,245.0,rv,8/10/21,2022-08-23,2022_FL_Governor_DEM,0
2022,FL,Governor,,DEM,Charlie Crist,crist c,41.0,Political Matrix,660.0,lv,6/11/21,2022-08-23,2022_FL_Governor_DEM,1
2022,FL,Governor,,DEM,Nikki Fried,fried n,31.0,Political Matrix,660.0,lv,6/11/21,2022-08-23,2022_FL_Governor_DEM,0
2022,FL,Governor,,DEM,Charlie Crist,crist c,55.00000000000001,St. Pete Polls,2752.0,rv,5/26/21,2022-08-23,2022_FL_Governor_DEM,1
2022,FL,Governor,,DEM,Nikki Fried,fried n,22.0,St. Pete Polls,2752.0,rv,5/26/21,2022-08-23,2022_FL_Governor_DEM,0
2022,FL,Governor,,DEM,Charlie Crist,crist c,53.0,Victory Insights,232.0,rv,5/4/21,2022-08-23,2022_FL_Governor_DEM,1
2022,FL,Governor,,DEM,Nikki Fried,fried n,30.0,Victory Insights,232.0,rv,5/4/21,2022-08-23,2022_FL_Governor_DEM,0
2022,FL,Governor,,DEM,Charlie Crist,crist c,28.000000000000004,SEA Polling,600.0,lv,4/20/21,2022-08-23,2022_FL_Governor_DEM,1
2022,FL,Governor,,DEM,Nikki Fried,fried n,26.0,SEA Polling,600.0,lv,4/20/21,2022-08-23,2022_FL_Governor_DEM,0
2022,FL,Governor,,DEM,Annette Taddeo,taddeo a,13.0,SEA Polling,600.0,lv,4/20/21,2022-08-23,2022_FL_Governor_DEM,0
2022,FL,Governor,,DEM,Charlie Crist,crist c,46.0,Impact Research,800.0,lv,8/18/22,2022-08-23,2022_FL_Governor_DEM,1
2022,FL,Governor,,DEM,Charlie Crist,crist c,43.0,Cherry Communications,608.0,lv,8/15/22,2022-08-23,2022_FL_Governor_DEM,1
2022,FL,Governor,,DEM,Charlie Crist,crist c,44.0,Clarity Campaign Labs,2244.0,lv,7/31/22,2022-08-23,2022_FL_Governor_DEM,1
2022,FL,Governor,,DEM,Charlie Crist,crist c,51.0,The Political Matrix / The Listener Group,714.0,lv,6/4/22,2022-08-23,2022_FL_Governor_DEM,1
2022,FL,Governor,,DEM,Charlie Crist,crist c,35.0,Phillips Academy,543.0,rv,5/9/22,2022-08-23,2022_FL_Governor_DEM,1
2022,FL,Governor,,DEM,Charlie Crist,crist c,33.0,Saint Leo University,500.0,lv,3/12/22,2022-08-23,2022_FL_Governor_DEM,1
2022,FL,Governor,,DEM,Charlie Crist,crist c,56.00000000000001,The Political Matrix / The Listener Group,1064.0,lv,2/23/22,2022-08-23,2022_FL_Governor_DEM,1
2022,FL,Governor,,DEM,Charlie Crist,crist c,43.0,Suffolk University,500.0,lv,1/29/22,2022-08-23,2022_FL_Governor_DEM,1
2022,FL,Governor,,DEM,Charlie Crist,crist c,45.0,St. Pete Polls,2896.0,lv,11/19/21,2022-08-23,2022_FL_Governor_DEM,1
2022,FL,Governor,,DEM,Charlie Crist,crist c,37.0,Redfield & Wilton Strategies,867.0,rv,11/9/21,2022-08-23,2022_FL_Governor_DEM,1
2022,FL,Governor,,DEM,Charlie Crist,crist c,35.0,Saint Leo University,500.0,a,10/23/21,2022-08-23,2022_FL_Governor_DEM,1
2022,FL,Governor,,DEM,Charlie Crist,crist c,39.0,VCreek/AMG,405.0,lv,9/27/21,2022-08-23,2022_FL_Governor_DEM,1
2022,FL,Governor,,DEM,Charlie Crist,crist c,55.00000000000001,The Political Matrix / The Listener Group,1144.0,lv,9/12/21,2022-08-23,2022_FL_Governor_DEM,1
2022,FL,Governor,,DEM,Charlie Crist,crist c,55.00000000000001,The Political Matrix / The Listener Group,1144.0,lv,9/5/21,2022-08-23,2022_FL_Governor_DEM,1
2022,FL,Governor,,DEM,Charlie Crist,crist c,38.0,RMG Research,1000.0,rv,8/28/21,2022-08-23,2022_FL_Governor_DEM,1
2022,FL,Governor,,DEM,Charlie Crist,crist c,36.0,Redfield & Wilton Strategies,1000.0,rv,8/24/21,2022-08-23,2022_FL_Governor_DEM,1
2022,FL,Governor,,DEM,Charlie Crist,crist c,56.99999999999999,The Political Matrix / The Listener Group,1000.0,lv,8/18/21,2022-08-23,2022_FL_Governor_DEM,1
2022,FL,Governor,,DEM,Charlie Crist,crist c,45.0,Change Research,1585.0,lv,8/17/21,2022-08-23,2022_FL_Governor_DEM,1
2022,FL,Governor,,DEM,Charlie Crist,crist c,43.0,Cherry Communications,610.0,lv,8/4/21,2022-08-23,2022_FL_Governor_DEM,1
2022,FL,Governor,,DEM,Charlie Crist,crist c,45.0,St. Pete Polls,3952.0,lv,8/3/21,2022-08-23,2022_FL_Governor_DEM,1
2022,FL,Governor,,DEM,Charlie Crist,crist c,45.0,The Political Matrix / The Listener Group,716.0,lv,6/21/21,2022-08-23,2022_FL_Governor_DEM,1
2022,FL,Governor,,DEM,Charlie Crist,crist c,41.0,Cherry Communications,602.0,lv,5/8/21,2022-08-23,2022_FL_Governor_DEM,1
2022,FL,Governor,,DEM,Charlie Crist,crist c,41.0,Mason-Dixon,625.0,rv,2/28/21,2022-08-23,2022_FL_Governor_DEM,1
2022,FL,Governor,,DEM,Nikki Fried,fried n,43.0,Cherry Communications,608.0,lv,8/15/22,2022-08-23,2022_FL_Governor_DEM,0
2022,FL,Governor,,DEM,Nikki Fried,fried n,43.0,Clarity Campaign Labs,2244.0,lv,7/31/22,2022-08-23,2022_FL_Governor_DEM,0
2022,FL,Governor,,DEM,Nikki Fried,fried n,27.0,Saint Leo University,500.0,lv,3/12/22,2022-08-23,2022_FL_Governor_DEM,0
2022,FL,Governor,,DEM,Nikki Fried,fried n,50.0,The Political Matrix / The Listener Group,1064.0,lv,2/23/22,2022-08-23,2022_FL_Governor_DEM,0
2022,FL,Governor,,DEM,Nikki Fried,fried n,40.0,Suffolk University,500.0,lv,1/29/22,2022-08-23,2022_FL_Governor_DEM,0
2022,FL,Governor,,DEM,Nikki Fried,fried n,42.0,St. Pete Polls,2896.0,lv,11/19/21,2022-08-23,2022_FL_Governor_DEM,0
2022,FL,Governor,,DEM,Nikki Fried,fried n,35.0,Redfield & Wilton Strategies,867.0,rv,11/9/21,2022-08-23,2022_FL_Governor_DEM,0
2022,FL,Governor,,DEM,Nikki Fried,fried n,33.0,Saint Leo University,500.0,a,10/23/21,2022-08-23,2022_FL_Governor_DEM,0
2022,FL,Governor,,DEM,Nikki Fried,fried n,36.0,VCreek/AMG,405.0,lv,9/27/21,2022-08-23,2022_FL_Governor_DEM,0
2022,FL,Governor,,DEM,Nikki Fried,fried n,48.0,The Political Matrix / The Listener Group,1144.0,lv,9/5/21,2022-08-23,2022_FL_Governor_DEM,0
2022,FL,Governor,,DEM,Nikki Fried,fried n,38.0,RMG Research,1000.0,rv,8/28/21,2022-08-23,2022_FL_Governor_DEM,0
2022,FL,Governor,,DEM,Nikki Fried,fried n,36.0,Redfield & Wilton Strategies,1000.0,rv,8/24/21,2022-08-23,2022_FL_Governor_DEM,0
2022,FL,Governor,,DEM,Nikki Fried,fried n,54.0,The Political Matrix / The Listener Group,1000.0,lv,8/18/21,2022-08-23,2022_FL_Governor_DEM,0
2022,FL,Governor,,DEM,Nikki Fried,fried n,44.0,Change Research,1585.0,lv,8/17/21,2022-08-23,2022_FL_Governor_DEM,0
2022,FL,Governor,,DEM,Nikki Fried,fried n,42.0,Cherry Communications,610.0,lv,8/4/21,2022-08-23,2022_FL_Governor_DEM,0
2022,FL,Governor,,DEM,Nikki Fried,fried n,42.0,St. Pete Polls,3952.0,lv,8/3/21,2022-08-23,2022_FL_Governor_DEM,0
2022,FL,Governor,,DEM,Nikki Fried,fried n,39.0,The Political Matrix / The Listener Group,716.0,lv,6/21/21,2022-08-23,2022_FL_Governor_DEM,0
2022,FL,Governor,,DEM,Nikki Fried,fried n,39.0,Cherry Communications,602.0,lv,5/8/21,2022-08-23,2022_FL_Governor_DEM,0
2022,FL,Governor,,DEM,Nikki Fried,fried n,45.0,St. Pete Polls,1923.0,lv,3/24/21,2022-08-23,2022_FL_Governor_DEM,0
2022,FL,Governor,,DEM,Nikki Fried,fried n,42.0,Mason-Dixon,625.0,rv,2/28/21,2022-08-23,2022_FL_Governor_DEM,0
2022,FL,Governor,,DEM,Annette Taddeo,taddeo a,30.0,Saint Leo University,500.0,lv,3/12/22,2022-08-23,2022_FL_Governor_DEM,0
2022,FL,Governor,,DEM,Annette Taddeo,taddeo a,28.000000000000004,Saint Leo University,500.0,a,10/23/21,2022-08-23,2022_FL_Governor_DEM,0
2022,FL,Governor,,DEM,Val Demings,demings v,38.0,Cherry Communications,602.0,lv,5/8/21,2022-08-23,2022_FL_Governor_DEM,0
2022,FL,Governor,,DEM,Val Demings,demings v,46.0,Victory Insights,600.0,rv,5/4/21,2022-08-23,2022_FL_Governor_DEM,0
2022,GA,Governor,,REP,Brian Kemp,kemp b,52.0,The Trafalgar Group,1074.0,lv,5/23/22,2022-05-24,2022_GA_Governor_REP,1
2022,GA,Governor,,REP,David Perdue,perdue d,38.0,The Trafalgar Group,1074.0,lv,5/23/22,2022-05-24,2022_GA_Governor_REP,0
2022,GA,Governor,,REP,Kandiss Taylor,taylor k,5.0,The Trafalgar Group,1074.0,lv,5/23/22,2022-05-24,2022_GA_Governor_REP,0
2022,GA,Governor,,REP,Brian Kemp,kemp b,60.0,Landmark Communications,500.0,lv,5/22/22,2022-05-24,2022_GA_Governor_REP,1
2022,GA,Governor,,REP,David Perdue,perdue d,30.0,Landmark Communications,500.0,lv,5/22/22,2022-05-24,2022_GA_Governor_REP,0
2022,GA,Governor,,REP,Kandiss Taylor,taylor k,5.0,Landmark Communications,500.0,lv,5/22/22,2022-05-24,2022_GA_Governor_REP,0
2022,GA,Governor,,REP,Brian Kemp,kemp b,52.0,InsiderAdvantage,750.0,lv,5/21/22,2022-05-24,2022_GA_Governor_REP,1
2022,GA,Governor,,REP,David Perdue,perdue d,38.0,InsiderAdvantage,750.0,lv,5/21/22,2022-05-24,2022_GA_Governor_REP,0
2022,GA,Governor,,REP,Kandiss Taylor,taylor k,6.0,InsiderAdvantage,750.0,lv,5/21/22,2022-05-24,2022_GA_Governor_REP,0
2022,GA,Governor,,REP,Brian Kemp,kemp b,60.0,Fox News,1004.0,lv,5/16/22,2022-05-24,2022_GA_Governor_REP,1
2022,GA,Governor,,REP,David Perdue,perdue d,28.000000000000004,Fox News,1004.0,lv,5/16/22,2022-05-24,2022_GA_Governor_REP,0
2022,GA,Governor,,REP,Kandiss Taylor,taylor k,6.0,Fox News,1004.0,lv,5/16/22,2022-05-24,2022_GA_Governor_REP,0
2022,GA,Governor,,REP,Brian Kemp,kemp b,59.0,ARW Strategies,600.0,lv,5/1/22,2022-05-24,2022_GA_Governor_REP,1
2022,GA,Governor,,REP,David Perdue,perdue d,22.0,ARW Strategies,600.0,lv,5/1/22,2022-05-24,2022_GA_Governor_REP,0
2022,GA,Governor,,REP,Kandiss Taylor,taylor k,7.000000000000001,ARW Strategies,600.0,lv,5/1/22,2022-05-24,2022_GA_Governor_REP,0
2022,GA,Governor,,REP,Brian Kemp,kemp b,54.0,InsiderAdvantage,750.0,lv,5/1/22,2022-05-24,2022_GA_Governor_REP,1
2022,GA,Governor,,REP,David Perdue,perdue d,38.0,InsiderAdvantage,750.0,lv,5/1/22,2022-05-24,2022_GA_Governor_REP,0
2022,GA,Governor,,REP,Kandiss Taylor,taylor k,4.0,InsiderAdvantage,750.0,lv,5/1/22,2022-05-24,2022_GA_Governor_REP,0
2022,GA,Governor,,REP,Brian Kemp,kemp b,56.00000000000001,SurveyUSA,559.0,lv,4/27/22,2022-05-24,2022_GA_Governor_REP,1
2022,GA,Governor,,REP,David Perdue,perdue d,31.0,SurveyUSA,559.0,lv,4/27/22,2022-05-24,2022_GA_Governor_REP,0
2022,GA,Governor,,REP,Kandiss Taylor,taylor k,3.0,SurveyUSA,559.0,lv,4/27/22,2022-05-24,2022_GA_Governor_REP,0
2022,GA,Governor,,REP,Brian Kemp,kemp b,53.0,University of Georgia,886.0,lv,4/22/22,2022-05-24,2022_GA_Governor_REP,1
2022,GA,Governor,,REP,David Perdue,perdue d,27.0,University of Georgia,886.0,lv,4/22/22,2022-05-24,2022_GA_Governor_REP,0
2022,GA,Governor,,REP,Kandiss Taylor,taylor k,4.0,University of Georgia,886.0,lv,4/22/22,2022-05-24,2022_GA_Governor_REP,0
2022,GA,Governor,,REP,Brian Kemp,kemp b,56.99999999999999,Guidant Polling & Strategy,600.0,lv,4/21/22,2022-05-24,2022_GA_Governor_REP,1
2022,GA,Governor,,REP,David Perdue,perdue d,31.0,Guidant Polling & Strategy,600.0,lv,4/21/22,2022-05-24,2022_GA_Governor_REP,0
2022,GA,Governor,,REP,Brian Kemp,kemp b,52.0,Landmark Communications,660.0,lv,4/10/22,2022-05-24,2022_GA_Governor_REP,1
2022,GA,Governor,,REP,David Perdue,perdue d,28.000000000000004,Landmark Communications,660.0,lv,4/10/22,2022-05-24,2022_GA_Governor_REP,0
2022,GA,Governor,,REP,Kandiss Taylor,taylor k,10.0,Landmark Communications,660.0,lv,4/10/22,2022-05-24,2022_GA_Governor_REP,0
2022,GA,Governor,,REP,Brian Kemp,kemp b,47.0,Spry Strategies,600.0,lv,4/10/22,2022-05-24,2022_GA_Governor_REP,1
2022,GA,Governor,,REP,David Perdue,perdue d,35.0,Spry Strategies,600.0,lv,4/10/22,2022-05-24,2022_GA_Governor_REP,0
2022,GA,Governor,,REP,Kandiss Taylor,taylor k,3.0,Spry Strategies,600.0,lv,4/10/22,2022-05-24,2022_GA_Governor_REP,0
2022,GA,Governor,,REP,Brian Kemp,kemp b,48.0,University of Georgia,329.0,lv,4/8/22,2022-05-24,2022_GA_Governor_REP,1
2022,GA,Governor,,REP,David Perdue,perdue d,37.0,University of Georgia,329.0,lv,4/8/22,2022-05-24,2022_GA_Governor_REP,0
2022,GA,Governor,,REP,Kandiss Taylor,taylor k,2.0,University of Georgia,329.0,lv,4/8/22,2022-05-24,2022_GA_Governor_REP,0
2022,GA,Governor,,REP,Brian Kemp,kemp b,43.0,Emerson College,509.0,lv,4/3/22,2022-05-24,2022_GA_Governor_REP,1
2022,GA,Governor,,REP,David Perdue,perdue d,32.0,Emerson College,509.0,lv,4/3/22,2022-05-24,2022_GA_Governor_REP,0
2022,GA,Governor,,REP,Kandiss Taylor,taylor k,2.0,Emerson College,509.0,lv,4/3/22,2022-05-24,2022_GA_Governor_REP,0
2022,GA,Governor,,REP,Brian Kemp,kemp b,49.0,Cygnal,825.0,lv,3/31/22,2022-05-24,2022_GA_Governor_REP,1
2022,GA,Governor,,REP,David Perdue,perdue d,33.0,Cygnal,825.0,lv,3/31/22,2022-05-24,2022_GA_Governor_REP,0
2022,GA,Governor,,REP,Kandiss Taylor,taylor k,5.0,Cygnal,825.0,lv,3/31/22,2022-05-24,2022_GA_Governor_REP,0
2022,GA,Governor,,REP,Brian Kemp,kemp b,48.0,BK Strategies,500.0,lv,3/8/22,2022-05-24,2022_GA_Governor_REP,1
2022,GA,Governor,,REP,David Perdue,perdue d,33.0,BK Strategies,500.0,lv,3/8/22,2022-05-24,2022_GA_Governor_REP,0
2022,GA,Governor,,REP,Brian Kemp,kemp b,50.0,Fox News,914.0,lv,3/6/22,2022-05-24,2022_GA_Governor_REP,1
2022,GA,Governor,,REP,David Perdue,perdue d,39.0,Fox News,914.0,lv,3/6/22,2022-05-24,2022_GA_Governor_REP,0
2022,GA,Governor,,REP,Brian Kemp,kemp b,51.0,American Viewpoint,600.0,lv,3/3/22,2022-05-24,2022_GA_Governor_REP,1
2022,GA,Governor,,REP,David Perdue,perdue d,35.0,American Viewpoint,600.0,lv,3/3/22,2022-05-24,2022_GA_Governor_REP,0
2022,GA,Governor,,REP,Brian Kemp,kemp b,44.0,InsiderAdvantage,750.0,lv,3/1/22,2022-05-24,2022_GA_Governor_REP,1
2022,GA,Governor,,REP,David Perdue,perdue d,35.0,InsiderAdvantage,750.0,lv,3/1/22,2022-05-24,2022_GA_Governor_REP,0
2022,GA,Governor,,REP,Kandiss Taylor,taylor k,3.0,InsiderAdvantage,750.0,lv,3/1/22,2022-05-24,2022_GA_Governor_REP,0
2022,GA,Governor,,REP,Brian Kemp,kemp b,49.0,The Trafalgar Group,1072.0,lv,2/13/22,2022-05-24,2022_GA_Governor_REP,1
2022,GA,Governor,,REP,David Perdue,perdue d,40.0,The Trafalgar Group,1072.0,lv,2/13/22,2022-05-24,2022_GA_Governor_REP,0
2022,GA,Governor,,REP,Kandiss Taylor,taylor k,3.0,The Trafalgar Group,1072.0,lv,2/13/22,2022-05-24,2022_GA_Governor_REP,0
2022,GA,Governor,,REP,Brian Kemp,kemp b,43.0,Quinnipiac University,666.0,lv,1/24/22,2022-05-24,2022_GA_Governor_REP,1
2022,GA,Governor,,REP,Vernon Jones,jones v,10.0,Quinnipiac University,666.0,lv,1/24/22,2022-05-24,2022_GA_Governor_REP,0
2022,GA,Governor,,REP,David Perdue,perdue d,36.0,Quinnipiac University,666.0,lv,1/24/22,2022-05-24,2022_GA_Governor_REP,0
2022,GA,Governor,,REP,Kandiss Taylor,taylor k,4.0,Quinnipiac University,666.0,lv,1/24/22,2022-05-24,2022_GA_Governor_REP,0
2022,GA,Governor,,REP,Brian Kemp,kemp b,41.0,InsiderAdvantage,500.0,lv,12/6/21,2022-05-24,2022_GA_Governor_REP,1
2022,GA,Governor,,REP,Vernon Jones,jones v,11.0,InsiderAdvantage,500.0,lv,12/6/21,2022-05-24,2022_GA_Governor_REP,0
2022,GA,Governor,,REP,David Perdue,perdue d,22.0,InsiderAdvantage,500.0,lv,12/6/21,2022-05-24,2022_GA_Governor_REP,0
2022,GA,Governor,,REP,Kandiss Taylor,taylor k,4.0,InsiderAdvantage,500.0,lv,12/6/21,2022-05-24,2022_GA_Governor_REP,0
2022,GA,Governor,,REP,Brian Kemp,kemp b,54.0,American Viewpoint,1050.0,lv,12/6/21,2022-05-24,2022_GA_Governor_REP,1
2022,GA,Governor,,REP,Vernon Jones,jones v,12.0,American Viewpoint,1050.0,lv,12/6/21,2022-05-24,2022_GA_Governor_REP,0
2022,GA,Governor,,REP,David Perdue,perdue d,22.0,American Viewpoint,1050.0,lv,12/6/21,2022-05-24,2022_GA_Governor_REP,0
2022,GA,Governor,,REP,Brian Kemp,kemp b,48.0,The Trafalgar Group,1076.0,lv,9/4/21,2022-05-24,2022_GA_Governor_REP,1
2022,GA,Governor,,REP,Vernon Jones,jones v,25.0,The Trafalgar Group,1076.0,lv,9/4/21,2022-05-24,2022_GA_Governor_REP,0
2022,GA,Governor,,REP,Kandiss Taylor,taylor k,7.000000000000001,The Trafalgar Group,1076.0,lv,9/4/21,2022-05-24,2022_GA_Governor_REP,0
2022,GA,Governor,,REP,Brian Kemp,kemp b,41.0,Fabrizio Lee,500.0,lv,8/12/21,2022-05-24,2022_GA_Governor_REP,1
2022,GA,Governor,,REP,Vernon Jones,jones v,19.0,Fabrizio Lee,500.0,lv,8/12/21,2022-05-24,2022_GA_Governor_REP,0
2022,GA,Governor,,REP,David Perdue,perdue d,16.0,Fabrizio Lee,500.0,lv,8/12/21,2022-05-24,2022_GA_Governor_REP,0
2022,GA,Governor,,REP,Kandiss Taylor,taylor k,3.0,Fabrizio Lee,500.0,lv,8/12/21,2022-05-24,2022_GA_Governor_REP,0
2022,GA,Governor,,REP,Doug Collins,collins d,28.999999999999996,UNLV Business School,209.0,lv,1/3/21,2022-05-24,2022_GA_Governor_REP,0
2022,GA,Governor,,REP,Brian Kemp,kemp b,48.0,UNLV Business School,209.0,lv,1/3/21,2022-05-24,2022_GA_Governor_REP,1
2022,GA,Governor,,REP,Doug Collins,collins d,53.0,The Trafalgar Group,,lv,12/27/20,2022-05-24,2022_GA_Governor_REP,0
2022,GA,Governor,,REP,Brian Kemp,kemp b,32.0,The Trafalgar Group,,lv,12/27/20,2022-05-24,2022_GA_Governor_REP,1
2022,GA,Governor,,REP,Marjorie Taylor Greene,greene m,14.000000000000002,UNLV Business School,209.0,lv,1/3/21,2022-05-24,2022_GA_Governor_REP,0
2022,GA,Governor,,REP,Brian Kemp,kemp b,44.0,Fabrizio Lee,800.0,lv,12/9/21,2022-05-24,2022_GA_Governor_REP,1
2022,GA,Governor,,REP,David Perdue,perdue d,47.0,Fabrizio Lee,800.0,lv,12/9/21,2022-05-24,2022_GA_Governor_REP,0
2022,GA,Governor,,REP,Herschel Walker,walker h,25.0,UNLV Business School,209.0,lv,1/3/21,2022-05-24,2022_GA_Governor_REP,0
2022,HI,Governor,,DEM,Vicky Cayetano,cayetano v,19.0,Mason-Dixon,317.0,lv,7/17/22,2022-08-13,2022_HI_Governor_DEM,0
2022,HI,Governor,,DEM,Josh Green,green j,55.00000000000001,Mason-Dixon,317.0,lv,7/17/22,2022-08-13,2022_HI_Governor_DEM,1
2022,HI,Governor,,DEM,Kai Kahele,kahele k,16.0,Mason-Dixon,317.0,lv,7/17/22,2022-08-13,2022_HI_Governor_DEM,0
2022,HI,Governor,,DEM,Vicky Cayetano,cayetano v,15.0,MRG Research,782.0,lv,6/30/22,2022-08-13,2022_HI_Governor_DEM,0
2022,HI,Governor,,DEM,Josh Green,green j,48.0,MRG Research,782.0,lv,6/30/22,2022-08-13,2022_HI_Governor_DEM,1
2022,HI,Governor,,DEM,Kai Kahele,kahele k,16.0,MRG Research,782.0,lv,6/30/22,2022-08-13,2022_HI_Governor_DEM,0
2022,HI,Governor,,DEM,Kirk Caldwell,caldwell k,5.0,Public Policy Polling,644.0,lv,2/9/22,2022-08-13,2022_HI_Governor_DEM,0
2022,HI,Governor,,DEM,Vicky Cayetano,cayetano v,10.0,Public Policy Polling,644.0,lv,2/9/22,2022-08-13,2022_HI_Governor_DEM,0
2022,HI,Governor,,DEM,Josh Green,green j,46.0,Public Policy Polling,644.0,lv,2/9/22,2022-08-13,2022_HI_Governor_DEM,1
2022,HI,Governor,,DEM,Kai Kahele,kahele k,14.000000000000002,Public Policy Polling,644.0,lv,2/9/22,2022-08-13,2022_HI_Governor_DEM,0
2022,HI,Governor,,DEM,Kirk Caldwell,caldwell k,11.0,Mason-Dixon,320.0,lv,1/28/22,2022-08-13,2022_HI_Governor_DEM,0
2022,HI,Governor,,DEM,Vicky Cayetano,cayetano v,8.0,Mason-Dixon,320.0,lv,1/28/22,2022-08-13,2022_HI_Governor_DEM,0
2022,HI,Governor,,DEM,Josh Green,green j,57.99999999999999,Mason-Dixon,320.0,lv,1/28/22,2022-08-13,2022_HI_Governor_DEM,1
2022,HI,Governor,,DEM,Kirk Caldwell,caldwell k,7.000000000000001,Public Policy Polling,600.0,lv,11/6/21,2022-08-13,2022_HI_Governor_DEM,0
2022,HI,Governor,,DEM,Vicky Cayetano,cayetano v,14.000000000000002,Public Policy Polling,600.0,lv,11/6/21,2022-08-13,2022_HI_Governor_DEM,0
2022,HI,Governor,,DEM,Josh Green,green j,51.0,Public Policy Polling,600.0,lv,11/6/21,2022-08-13,2022_HI_Governor_DEM,1
2022,HI,Governor,,DEM,Keith Amemiya,amemiya k,19.0,Mason-Dixon,317.0,lv,7/17/22,2022-08-13,2022_HI_Governor_DEM,0
2022,HI,Governor,,DEM,Ikaika Anderson,anderson i,18.0,Mason-Dixon,317.0,lv,7/17/22,2022-08-13,2022_HI_Governor_DEM,0
2022,HI,Governor,,DEM,Sylvia Luke,luke s,21.0,Mason-Dixon,317.0,lv,7/17/22,2022-08-13,2022_HI_Governor_DEM,0
2022,HI,Governor,,DEM,Sherry Menor-McNamara,menormcnamara s,4.0,Mason-Dixon,317.0,lv,7/17/22,2022-08-13,2022_HI_Governor_DEM,0
2022,HI,Governor,,DEM,Keith Amemiya,amemiya k,10.0,MRG Research,782.0,lv,6/30/22,2022-08-13,2022_HI_Governor_DEM,0
2022,HI,Governor,,DEM,Ikaika Anderson,anderson i,14.000000000000002,MRG Research,782.0,lv,6/30/22,2022-08-13,2022_HI_Governor_DEM,0
2022,HI,Governor,,DEM,Sylvia Luke,luke s,20.0,MRG Research,782.0,lv,6/30/22,2022-08-13,2022_HI_Governor_DEM,0
2022,HI,Governor,,DEM,Sherry Menor-McNamara,menormcnamara s,7.000000000000001,MRG Research,782.0,lv,6/30/22,2022-08-13,2022_HI_Governor_DEM,0
2022,HI,Governor,,DEM,Keith Amemiya,amemiya k,8.0,Mason-Dixon,320.0,lv,1/28/22,2022-08-13,2022_HI_Governor_DEM,0
2022,HI,Governor,,DEM,Ikaika Anderson,anderson i,9.0,Mason-Dixon,320.0,lv,1/28/22,2022-08-13,2022_HI_Governor_DEM,0
2022,HI,Governor,,DEM,Sylvia Luke,luke s,3.0,Mason-Dixon,320.0,lv,1/28/22,2022-08-13,2022_HI_Governor_DEM,0
2022,HI,Governor,,DEM,Sherry Menor-McNamara,menormcnamara s,7.000000000000001,Mason-Dixon,320.0,lv,1/28/22,2022-08-13,2022_HI_Governor_DEM,0
2022,HI,Governor,,DEM,Jill Tokuda,tokuda j,13.0,Mason-Dixon,320.0,lv,1/28/22,2022-08-13,2022_HI_Governor_DEM,0
2022,HI,Governor,,REP,Duke Aiona,aiona d,48.0,Mason-Dixon,133.0,lv,7/17/22,2022-08-13,2022_HI_Governor_REP,1
2022,HI,Governor,,REP,B.J. Penn,penn b,26.0,Mason-Dixon,133.0,lv,7/17/22,2022-08-13,2022_HI_Governor_REP,0
2022,HI,Governor,,REP,Heidi Haunani Tsuneyoshi,tsuneyoshi h,9.0,Mason-Dixon,133.0,lv,7/17/22,2022-08-13,2022_HI_Governor_REP,0
2022,HI,Governor,,REP,Duke Aiona,aiona d,27.0,MRG Research,269.0,lv,6/30/22,2022-08-13,2022_HI_Governor_REP,1
2022,HI,Governor,,REP,Gary Cordery,cordery g,7.000000000000001,MRG Research,269.0,lv,6/30/22,2022-08-13,2022_HI_Governor_REP,0
2022,HI,Governor,,REP,Lynn Barry Mariano,mariano l,3.0,MRG Research,269.0,lv,6/30/22,2022-08-13,2022_HI_Governor_REP,0
2022,HI,Governor,,REP,Paul Morgan,morgan p,1.0,MRG Research,269.0,lv,6/30/22,2022-08-13,2022_HI_Governor_REP,0
2022,HI,Governor,,REP,B.J. Penn,penn b,24.0,MRG Research,269.0,lv,6/30/22,2022-08-13,2022_HI_Governor_REP,0
2022,HI,Governor,,REP,Heidi Haunani Tsuneyoshi,tsuneyoshi h,9.0,MRG Research,269.0,lv,6/30/22,2022-08-13,2022_HI_Governor_REP,0
2022,ID,Governor,,REP,Steve Bradshaw,bradshaw s,3.0,Zoldak Research,549.0,lv,4/12/22,2022-05-17,2022_ID_Governor_REP,0
2022,ID,Governor,,REP,Ed Humphreys,humphreys e,6.0,Zoldak Research,549.0,lv,4/12/22,2022-05-17,2022_ID_Governor_REP,0
2022,ID,Governor,,REP,Ashley Jackson,jackson a,1.0,Zoldak Research,549.0,lv,4/12/22,2022-05-17,2022_ID_Governor_REP,0
2022,ID,Governor,,REP,Brad Little,little b,60.0,Zoldak Research,549.0,lv,4/12/22,2022-05-17,2022_ID_Governor_REP,1
2022,ID,Governor,,REP,Lisa Marie,marie l,1.0,Zoldak Research,549.0,lv,4/12/22,2022-05-17,2022_ID_Governor_REP,0
2022,ID,Governor,,REP,Janice McGeachin,mcgeachin j,28.999999999999996,Zoldak Research,549.0,lv,4/12/22,2022-05-17,2022_ID_Governor_REP,0
2022,ID,Governor,,REP,Cody Usabel,usabel c,1.0,Zoldak Research,549.0,lv,4/12/22,2022-05-17,2022_ID_Governor_REP,0
2022,ID,Governor,,REP,Steve Bradshaw,bradshaw s,1.0,Zoldak Research,575.0,lv,12/21/21,2022-05-17,2022_ID_Governor_REP,0
2022,ID,Governor,,REP,Ammon Bundy,bundy a,6.0,Zoldak Research,575.0,lv,12/21/21,2022-05-17,2022_ID_Governor_REP,0
2022,ID,Governor,,REP,Ed Humphreys,humphreys e,2.0,Zoldak Research,575.0,lv,12/21/21,2022-05-17,2022_ID_Governor_REP,0
2022,ID,Governor,,REP,Brad Little,little b,59.0,Zoldak Research,575.0,lv,12/21/21,2022-05-17,2022_ID_Governor_REP,1
2022,ID,Governor,,REP,Janice McGeachin,mcgeachin j,18.0,Zoldak Research,575.0,lv,12/21/21,2022-05-17,2022_ID_Governor_REP,0
2022,ID,Governor,,REP,Cody Usabel,usabel c,0.0,Zoldak Research,575.0,lv,12/21/21,2022-05-17,2022_ID_Governor_REP,0
2022,IL,Governor,,REP,Darren Bailey,bailey d,38.0,Ogden & Fry,518.0,lv,6/24/22,2022-06-28,2022_IL_Governor_REP,1
2022,IL,Governor,,REP,Richard Irvin,irvin r,13.0,Ogden & Fry,518.0,lv,6/24/22,2022-06-28,2022_IL_Governor_REP,0
2022,IL,Governor,,REP,Gary Rabine,rabine g,9.0,Ogden & Fry,518.0,lv,6/24/22,2022-06-28,2022_IL_Governor_REP,0
2022,IL,Governor,,REP,Paul Schimpf,schimpf p,3.0,Ogden & Fry,518.0,lv,6/24/22,2022-06-28,2022_IL_Governor_REP,0
2022,IL,Governor,,REP,Max Solomon,solomon m,1.0,Ogden & Fry,518.0,lv,6/24/22,2022-06-28,2022_IL_Governor_REP,0
2022,IL,Governor,,REP,Jesse Sullivan,sullivan j,17.0,Ogden & Fry,518.0,lv,6/24/22,2022-06-28,2022_IL_Governor_REP,0
2022,IL,Governor,,REP,Darren Bailey,bailey d,37.0,Fabrizio Lee & Associates,500.0,lv,6/22/22,2022-06-28,2022_IL_Governor_REP,1
2022,IL,Governor,,REP,Richard Irvin,irvin r,14.000000000000002,Fabrizio Lee & Associates,500.0,lv,6/22/22,2022-06-28,2022_IL_Governor_REP,0
2022,IL,Governor,,REP,Gary Rabine,rabine g,7.000000000000001,Fabrizio Lee & Associates,500.0,lv,6/22/22,2022-06-28,2022_IL_Governor_REP,0
2022,IL,Governor,,REP,Paul Schimpf,schimpf p,4.0,Fabrizio Lee & Associates,500.0,lv,6/22/22,2022-06-28,2022_IL_Governor_REP,0
2022,IL,Governor,,REP,Max Solomon,solomon m,1.0,Fabrizio Lee & Associates,500.0,lv,6/22/22,2022-06-28,2022_IL_Governor_REP,0
2022,IL,Governor,,REP,Jesse Sullivan,sullivan j,17.0,Fabrizio Lee & Associates,500.0,lv,6/22/22,2022-06-28,2022_IL_Governor_REP,0
2022,IL,Governor,,REP,Darren Bailey,bailey d,27.0,Remington Research Group,889.0,lv,6/15/22,2022-06-28,2022_IL_Governor_REP,1
2022,IL,Governor,,REP,Richard Irvin,irvin r,13.0,Remington Research Group,889.0,lv,6/15/22,2022-06-28,2022_IL_Governor_REP,0
2022,IL,Governor,,REP,Gary Rabine,rabine g,8.0,Remington Research Group,889.0,lv,6/15/22,2022-06-28,2022_IL_Governor_REP,0
2022,IL,Governor,,REP,Paul Schimpf,schimpf p,6.0,Remington Research Group,889.0,lv,6/15/22,2022-06-28,2022_IL_Governor_REP,0
2022,IL,Governor,,REP,Max Solomon,solomon m,3.0,Remington Research Group,889.0,lv,6/15/22,2022-06-28,2022_IL_Governor_REP,0
2022,IL,Governor,,REP,Jesse Sullivan,sullivan j,27.0,Remington Research Group,889.0,lv,6/15/22,2022-06-28,2022_IL_Governor_REP,0
2022,IL,Governor,,REP,Darren Bailey,bailey d,38.0,The Trafalgar Group,1075.0,lv,6/13/22,2022-06-28,2022_IL_Governor_REP,1
2022,IL,Governor,,REP,Richard Irvin,irvin r,20.0,The Trafalgar Group,1075.0,lv,6/13/22,2022-06-28,2022_IL_Governor_REP,0
2022,IL,Governor,,REP,Gary Rabine,rabine g,8.0,The Trafalgar Group,1075.0,lv,6/13/22,2022-06-28,2022_IL_Governor_REP,0
2022,IL,Governor,,REP,Paul Schimpf,schimpf p,5.0,The Trafalgar Group,1075.0,lv,6/13/22,2022-06-28,2022_IL_Governor_REP,0
2022,IL,Governor,,REP,Max Solomon,solomon m,1.0,The Trafalgar Group,1075.0,lv,6/13/22,2022-06-28,2022_IL_Governor_REP,0
2022,IL,Governor,,REP,Jesse Sullivan,sullivan j,12.0,The Trafalgar Group,1075.0,lv,6/13/22,2022-06-28,2022_IL_Governor_REP,0
2022,IL,Governor,,REP,Darren Bailey,bailey d,31.0,Ogden & Fry,662.0,lv,6/12/22,2022-06-28,2022_IL_Governor_REP,1
2022,IL,Governor,,REP,Richard Irvin,irvin r,17.0,Ogden & Fry,662.0,lv,6/12/22,2022-06-28,2022_IL_Governor_REP,0
2022,IL,Governor,,REP,Gary Rabine,rabine g,8.0,Ogden & Fry,662.0,lv,6/12/22,2022-06-28,2022_IL_Governor_REP,0
2022,IL,Governor,,REP,Paul Schimpf,schimpf p,3.0,Ogden & Fry,662.0,lv,6/12/22,2022-06-28,2022_IL_Governor_REP,0
2022,IL,Governor,,REP,Max Solomon,solomon m,1.0,Ogden & Fry,662.0,lv,6/12/22,2022-06-28,2022_IL_Governor_REP,0
2022,IL,Governor,,REP,Jesse Sullivan,sullivan j,11.0,Ogden & Fry,662.0,lv,6/12/22,2022-06-28,2022_IL_Governor_REP,0
2022,IL,Governor,,REP,Darren Bailey,bailey d,32.0,Public Policy Polling,677.0,lv,6/7/22,2022-06-28,2022_IL_Governor_REP,1
2022,IL,Governor,,REP,Richard Irvin,irvin r,17.0,Public Policy Polling,677.0,lv,6/7/22,2022-06-28,2022_IL_Governor_REP,0
2022,IL,Governor,,REP,Gary Rabine,rabine g,6.0,Public Policy Polling,677.0,lv,6/7/22,2022-06-28,2022_IL_Governor_REP,0
2022,IL,Governor,,REP,Paul Schimpf,schimpf p,4.0,Public Policy Polling,677.0,lv,6/7/22,2022-06-28,2022_IL_Governor_REP,0
2022,IL,Governor,,REP,Max Solomon,solomon m,2.0,Public Policy Polling,677.0,lv,6/7/22,2022-06-28,2022_IL_Governor_REP,0
2022,IL,Governor,,REP,Jesse Sullivan,sullivan j,11.0,Public Policy Polling,677.0,lv,6/7/22,2022-06-28,2022_IL_Governor_REP,0
2022,IL,Governor,,REP,Darren Bailey,bailey d,27.0,Fabrizio Lee & Associates,600.0,lv,6/2/22,2022-06-28,2022_IL_Governor_REP,1
2022,IL,Governor,,REP,Richard Irvin,irvin r,20.0,Fabrizio Lee & Associates,600.0,lv,6/2/22,2022-06-28,2022_IL_Governor_REP,0
2022,IL,Governor,,REP,Gary Rabine,rabine g,12.0,Fabrizio Lee & Associates,600.0,lv,6/2/22,2022-06-28,2022_IL_Governor_REP,0
2022,IL,Governor,,REP,Paul Schimpf,schimpf p,3.0,Fabrizio Lee & Associates,600.0,lv,6/2/22,2022-06-28,2022_IL_Governor_REP,0
2022,IL,Governor,,REP,Jesse Sullivan,sullivan j,13.0,Fabrizio Lee & Associates,600.0,lv,6/2/22,2022-06-28,2022_IL_Governor_REP,0
2022,IL,Governor,,REP,Darren Bailey,bailey d,25.0,1892 Polling,700.0,lv,5/25/22,2022-06-28,2022_IL_Governor_REP,1
2022,IL,Governor,,REP,Richard Irvin,irvin r,31.0,1892 Polling,700.0,lv,5/25/22,2022-06-28,2022_IL_Governor_REP,0
2022,IL,Governor,,REP,Gary Rabine,rabine g,8.0,1892 Polling,700.0,lv,5/25/22,2022-06-28,2022_IL_Governor_REP,0
2022,IL,Governor,,REP,Paul Schimpf,schimpf p,2.0,1892 Polling,700.0,lv,5/25/22,2022-06-28,2022_IL_Governor_REP,0
2022,IL,Governor,,REP,Max Solomon,solomon m,1.0,1892 Polling,700.0,lv,5/25/22,2022-06-28,2022_IL_Governor_REP,0
2022,IL,Governor,,REP,Jesse Sullivan,sullivan j,11.0,1892 Polling,700.0,lv,5/25/22,2022-06-28,2022_IL_Governor_REP,0
2022,IL,Governor,,REP,Darren Bailey,bailey d,20.0,Emerson College,1000.0,lv,5/8/22,2022-06-28,2022_IL_Governor_REP,1
2022,IL,Governor,,REP,Richard Irvin,irvin r,24.0,Emerson College,1000.0,lv,5/8/22,2022-06-28,2022_IL_Governor_REP,0
2022,IL,Governor,,REP,Gary Rabine,rabine g,8.0,Emerson College,1000.0,lv,5/8/22,2022-06-28,2022_IL_Governor_REP,0
2022,IL,Governor,,REP,Paul Schimpf,schimpf p,2.0,Emerson College,1000.0,lv,5/8/22,2022-06-28,2022_IL_Governor_REP,0
2022,IL,Governor,,REP,Max Solomon,solomon m,2.0,Emerson College,1000.0,lv,5/8/22,2022-06-28,2022_IL_Governor_REP,0
2022,IL,Governor,,REP,Jesse Sullivan,sullivan j,7.000000000000001,Emerson College,1000.0,lv,5/8/22,2022-06-28,2022_IL_Governor_REP,0
2022,IL,Governor,,REP,Darren Bailey,bailey d,21.0,Cor Strategies,671.0,lv,5/2/22,2022-06-28,2022_IL_Governor_REP,1
2022,IL,Governor,,REP,Richard Irvin,irvin r,33.0,Cor Strategies,671.0,lv,5/2/22,2022-06-28,2022_IL_Governor_REP,0
2022,IL,Governor,,REP,Gary Rabine,rabine g,7.000000000000001,Cor Strategies,671.0,lv,5/2/22,2022-06-28,2022_IL_Governor_REP,0
2022,IL,Governor,,REP,Paul Schimpf,schimpf p,2.0,Cor Strategies,671.0,lv,5/2/22,2022-06-28,2022_IL_Governor_REP,0
2022,IL,Governor,,REP,Max Solomon,solomon m,3.0,Cor Strategies,671.0,lv,5/2/22,2022-06-28,2022_IL_Governor_REP,0
2022,IL,Governor,,REP,Jesse Sullivan,sullivan j,10.0,Cor Strategies,671.0,lv,5/2/22,2022-06-28,2022_IL_Governor_REP,0
2022,IL,Governor,,REP,Darren Bailey,bailey d,13.0,Cor Strategies,536.0,lv,4/21/22,2022-06-28,2022_IL_Governor_REP,1
2022,IL,Governor,,REP,Richard Irvin,irvin r,30.0,Cor Strategies,536.0,lv,4/21/22,2022-06-28,2022_IL_Governor_REP,0
2022,IL,Governor,,REP,Gary Rabine,rabine g,4.0,Cor Strategies,536.0,lv,4/21/22,2022-06-28,2022_IL_Governor_REP,0
2022,IL,Governor,,REP,Paul Schimpf,schimpf p,1.0,Cor Strategies,536.0,lv,4/21/22,2022-06-28,2022_IL_Governor_REP,0
2022,IL,Governor,,REP,Max Solomon,solomon m,2.0,Cor Strategies,536.0,lv,4/21/22,2022-06-28,2022_IL_Governor_REP,0
2022,IL,Governor,,REP,Jesse Sullivan,sullivan j,9.0,Cor Strategies,536.0,lv,4/21/22,2022-06-28,2022_IL_Governor_REP,0
2022,IL,Governor,,REP,Darren Bailey,bailey d,23.0,Cor Strategies,,lv,2/11/22,2022-06-28,2022_IL_Governor_REP,1
2022,IL,Governor,,REP,Richard Irvin,irvin r,10.0,Cor Strategies,,lv,2/11/22,2022-06-28,2022_IL_Governor_REP,0
2022,IL,Governor,,REP,Gary Rabine,rabine g,6.0,Cor Strategies,,lv,2/11/22,2022-06-28,2022_IL_Governor_REP,0
2022,IL,Governor,,REP,Paul Schimpf,schimpf p,5.0,Cor Strategies,,lv,2/11/22,2022-06-28,2022_IL_Governor_REP,0
2022,IL,Governor,,REP,Max Solomon,solomon m,1.0,Cor Strategies,,lv,2/11/22,2022-06-28,2022_IL_Governor_REP,0
2022,IL,Governor,,REP,Jesse Sullivan,sullivan j,11.0,Cor Strategies,,lv,2/11/22,2022-06-28,2022_IL_Governor_REP,0
2022,IL,Governor,,REP,Darren Bailey,bailey d,33.0,Ogden & Fry,404.0,lv,10/4/21,2022-06-28,2022_IL_Governor_REP,1
2022,IL,Governor,,REP,Gary Rabine,rabine g,5.0,Ogden & Fry,404.0,lv,10/4/21,2022-06-28,2022_IL_Governor_REP,0
2022,IL,Governor,,REP,Paul Schimpf,schimpf p,3.0,Ogden & Fry,404.0,lv,10/4/21,2022-06-28,2022_IL_Governor_REP,0
2022,IL,Governor,,REP,Jesse Sullivan,sullivan j,6.0,Ogden & Fry,404.0,lv,10/4/21,2022-06-28,2022_IL_Governor_REP,0
2022,IL,Governor,,REP,Darren Bailey,bailey d,43.0,Fabrizio Lee & Associates,800.0,lv,6/21/22,2022-06-28,2022_IL_Governor_REP,1
2022,IL,Governor,,REP,Darren Bailey,bailey d,27.0,Victory Research,1208.0,lv,1/20/22,2022-06-28,2022_IL_Governor_REP,1
2022,IL,Governor,,REP,Richard Irvin,irvin r,22.0,Victory Research,1208.0,lv,1/20/22,2022-06-28,2022_IL_Governor_REP,0
2022,IL,Governor,,REP,Gary Rabine,rabine g,28.000000000000004,Victory Research,1208.0,lv,1/20/22,2022-06-28,2022_IL_Governor_REP,0
2022,IL,Governor,,REP,Paul Schimpf,schimpf p,22.0,Victory Research,1208.0,lv,1/20/22,2022-06-28,2022_IL_Governor_REP,0
2022,IL,Governor,,REP,Jesse Sullivan,sullivan j,22.0,Victory Research,1208.0,lv,1/20/22,2022-06-28,2022_IL_Governor_REP,0
2022,KS,Governor,,REP,Jeff Colyer,colyer j,19.0,Cygnal,510.0,lv,3/4/21,2022-08-02,2022_KS_Governor_REP,0
2022,KS,Governor,,REP,Ron Ryckman Jr.,ryckman r,5.0,Cygnal,510.0,lv,3/4/21,2022-08-02,2022_KS_Governor_REP,0
2022,KS,Governor,,REP,Derek Schmidt,schmidt d,28.000000000000004,Cygnal,510.0,lv,3/4/21,2022-08-02,2022_KS_Governor_REP,1
2022,KS,Governor,,REP,Derek Schmidt,schmidt d,47.0,WPA Intelligence,500.0,lv,4/27/22,2022-08-02,2022_KS_Governor_REP,1
2022,KS,Governor,,REP,Derek Schmidt,schmidt d,44.0,Clarity Campaign Labs,810.0,lv,9/15/21,2022-08-02,2022_KS_Governor_REP,1
2022,KS,Governor,,REP,Derek Schmidt,schmidt d,44.0,Remington Research Group,1000.0,lv,9/9/21,2022-08-02,2022_KS_Governor_REP,1
2022,MA,Governor,,REP,Geoff Diehl,diehl g,42.0,"Advantage, Inc.",187.0,lv,8/23/22,2022-09-06,2022_MA_Governor_REP,1
2022,MA,Governor,,REP,Chris Doughty,doughty c,27.0,"Advantage, Inc.",187.0,lv,8/23/22,2022-09-06,2022_MA_Governor_REP,0
2022,MA,Governor,,REP,Geoff Diehl,diehl g,55.00000000000001,UMass Amherst,223.0,lv,6/21/22,2022-09-06,2022_MA_Governor_REP,1
2022,MA,Governor,,REP,Chris Doughty,doughty c,18.0,UMass Amherst,223.0,lv,6/21/22,2022-09-06,2022_MA_Governor_REP,0
2022,MA,Governor,,REP,Shiva Ayyadurai,ayyadurai s,6.0,Emerson College,288.0,lv,5/4/22,2022-09-06,2022_MA_Governor_REP,0
2022,MA,Governor,,REP,Geoff Diehl,diehl g,37.0,Emerson College,288.0,lv,5/4/22,2022-09-06,2022_MA_Governor_REP,1
2022,MA,Governor,,REP,Chris Doughty,doughty c,9.0,Emerson College,288.0,lv,5/4/22,2022-09-06,2022_MA_Governor_REP,0
2022,MA,Governor,,REP,Charlie Baker,baker c,28.999999999999996,Public Policy Polling,556.0,lv,10/13/21,2022-09-06,2022_MA_Governor_REP,0
2022,MA,Governor,,REP,Geoff Diehl,diehl g,50.0,Public Policy Polling,556.0,lv,10/13/21,2022-09-06,2022_MA_Governor_REP,1
2022,MA,Governor,,REP,Geoff Diehl,diehl g,20.0,"Advantage, Inc.",221.0,lv,2/26/21,2022-09-06,2022_MA_Governor_REP,1
2022,MA,Governor,,REP,Karyn Polito,polito k,22.0,"Advantage, Inc.",221.0,lv,2/26/21,2022-09-06,2022_MA_Governor_REP,0
2022,MA,Governor,,REP,Leah Cole Allen,allen l,13.0,"Advantage, Inc.",187.0,lv,8/23/22,2022-09-06,2022_MA_Governor_REP,0
2022,MA,Governor,,REP,Kate Campanale,campanale k,19.0,"Advantage, Inc.",187.0,lv,8/23/22,2022-09-06,2022_MA_Governor_REP,0
2022,MA,Governor,,DEM,Sonia Chang-Díaz,changdiaz s,14.000000000000002,UMass Amherst,500.0,lv,8/29/22,2022-09-06,2022_MA_Governor_DEM,0
2022,MA,Governor,,DEM,Maura Healey,healey m,73.0,UMass Amherst,500.0,lv,8/29/22,2022-09-06,2022_MA_Governor_DEM,1
2022,MA,Governor,,DEM,Sonia Chang-Díaz,changdiaz s,20.0,UMass Amherst,557.0,lv,6/21/22,2022-09-06,2022_MA_Governor_DEM,0
2022,MA,Governor,,DEM,Maura Healey,healey m,53.0,UMass Amherst,557.0,lv,6/21/22,2022-09-06,2022_MA_Governor_DEM,1
2022,MA,Governor,,DEM,Sonia Chang-Díaz,changdiaz s,8.0,Emerson College,488.0,lv,5/4/22,2022-09-06,2022_MA_Governor_DEM,0
2022,MA,Governor,,DEM,Maura Healey,healey m,34.0,Emerson College,488.0,lv,5/4/22,2022-09-06,2022_MA_Governor_DEM,1
2022,MA,Governor,,DEM,Sonia Chang-Díaz,changdiaz s,17.0,UMass Lowell,800.0,lv,4/11/22,2022-09-06,2022_MA_Governor_DEM,0
2022,MA,Governor,,DEM,Maura Healey,healey m,62.0,UMass Lowell,800.0,lv,4/11/22,2022-09-06,2022_MA_Governor_DEM,1
2022,MA,Governor,,DEM,Sonia Chang-Díaz,changdiaz s,12.0,MassINC Polling Group,310.0,lv,1/20/22,2022-09-06,2022_MA_Governor_DEM,0
2022,MA,Governor,,DEM,Maura Healey,healey m,48.0,MassINC Polling Group,310.0,lv,1/20/22,2022-09-06,2022_MA_Governor_DEM,1
2022,MA,Governor,,DEM,Danielle Allen,allen d,2.0,MassINC Polling Group,310.0,lv,1/20/22,2022-09-06,2022_MA_Governor_DEM,0
2022,MA,Governor,,DEM,Marty Walsh,walsh m,32.0,MassINC Polling Group,310.0,lv,1/20/22,2022-09-06,2022_MA_Governor_DEM,0
2022,MA,Governor,,DEM,Danielle Allen,allen d,2.0,"Advantage, Inc.",406.0,lv,2/26/21,2022-09-06,2022_MA_Governor_DEM,0
2022,MA,Governor,,DEM,Benjamin Downing,downing b,2.0,"Advantage, Inc.",406.0,lv,2/26/21,2022-09-06,2022_MA_Governor_DEM,0
2022,MA,Governor,,DEM,Maura Healey,healey m,35.0,"Advantage, Inc.",406.0,lv,2/26/21,2022-09-06,2022_MA_Governor_DEM,1
2022,MA,Governor,,DEM,Joe Kennedy III,kennedy j,22.0,"Advantage, Inc.",406.0,lv,2/26/21,2022-09-06,2022_MA_Governor_DEM,0
2022,MA,Governor,,DEM,Deb Goldberg,goldberg d,3.0,SurveyUSA,558.0,lv,8/16/20,2022-09-06,2022_MA_Governor_DEM,0
2022,MA,Governor,,DEM,Maura Healey,healey m,25.0,SurveyUSA,558.0,lv,8/16/20,2022-09-06,2022_MA_Governor_DEM,1
2022,MA,Governor,,DEM,Ayanna Pressley,pressley a,13.0,SurveyUSA,558.0,lv,8/16/20,2022-09-06,2022_MA_Governor_DEM,0
2022,MA,Governor,,DEM,Marty Walsh,walsh m,25.0,SurveyUSA,558.0,lv,8/16/20,2022-09-06,2022_MA_Governor_DEM,0
2022,MA,Governor,,DEM,Maura Healey,healey m,34.0,Suffolk University,600.0,lv,6/9/19,2022-09-06,2022_MA_Governor_DEM,1
2022,MA,Governor,,DEM,Marty Walsh,walsh m,36.0,Suffolk University,600.0,lv,6/9/19,2022-09-06,2022_MA_Governor_DEM,0
2022,MA,Governor,,DEM,Kim Driscoll,driscoll k,31.0,UMass Amherst,500.0,lv,8/29/22,2022-09-06,2022_MA_Governor_DEM,0
2022,MA,Governor,,DEM,Tami Gouveia,gouveia t,15.0,UMass Amherst,500.0,lv,8/29/22,2022-09-06,2022_MA_Governor_DEM,0
2022,MA,Governor,,DEM,Eric Lesser,lesser e,17.0,UMass Amherst,500.0,lv,8/29/22,2022-09-06,2022_MA_Governor_DEM,0
2022,MA,Governor,,DEM,Kim Driscoll,driscoll k,33.0,UMass Lowell,800.0,lv,8/25/22,2022-09-06,2022_MA_Governor_DEM,0
2022,MA,Governor,,DEM,Tami Gouveia,gouveia t,13.0,UMass Lowell,800.0,lv,8/25/22,2022-09-06,2022_MA_Governor_DEM,0
2022,MA,Governor,,DEM,Eric Lesser,lesser e,23.0,UMass Lowell,800.0,lv,8/25/22,2022-09-06,2022_MA_Governor_DEM,0
2022,MA,Governor,,DEM,Kim Driscoll,driscoll k,13.0,"Advantage, Inc.",563.0,lv,8/23/22,2022-09-06,2022_MA_Governor_DEM,0
2022,MA,Governor,,DEM,Tami Gouveia,gouveia t,6.0,"Advantage, Inc.",563.0,lv,8/23/22,2022-09-06,2022_MA_Governor_DEM,0
2022,MA,Governor,,DEM,Eric Lesser,lesser e,9.0,"Advantage, Inc.",563.0,lv,8/23/22,2022-09-06,2022_MA_Governor_DEM,0
2022,MA,Governor,,DEM,Kim Driscoll,driscoll k,21.0,MassINC Polling Group,401.0,lv,8/21/22,2022-09-06,2022_MA_Governor_DEM,0
2022,MA,Governor,,DEM,Tami Gouveia,gouveia t,7.000000000000001,MassINC Polling Group,401.0,lv,8/21/22,2022-09-06,2022_MA_Governor_DEM,0
2022,MA,Governor,,DEM,Eric Lesser,lesser e,14.000000000000002,MassINC Polling Group,401.0,lv,8/21/22,2022-09-06,2022_MA_Governor_DEM,0
2022,MA,Governor,,DEM,Kim Driscoll,driscoll k,15.0,MassINC Polling Group,520.0,lv,8/9/22,2022-09-06,2022_MA_Governor_DEM,0
2022,MA,Governor,,DEM,Tami Gouveia,gouveia t,8.0,MassINC Polling Group,520.0,lv,8/9/22,2022-09-06,2022_MA_Governor_DEM,0
2022,MA,Governor,,DEM,Eric Lesser,lesser e,7.000000000000001,MassINC Polling Group,520.0,lv,8/9/22,2022-09-06,2022_MA_Governor_DEM,0
2022,MA,Governor,,DEM,Kim Driscoll,driscoll k,17.0,UMass Amherst,556.0,lv,6/21/22,2022-09-06,2022_MA_Governor_DEM,0
2022,MA,Governor,,DEM,Tami Gouveia,gouveia t,10.0,UMass Amherst,556.0,lv,6/21/22,2022-09-06,2022_MA_Governor_DEM,0
2022,MA,Governor,,DEM,Eric Lesser,lesser e,12.0,UMass Amherst,556.0,lv,6/21/22,2022-09-06,2022_MA_Governor_DEM,0
2022,MA,Governor,,DEM,Kim Driscoll,driscoll k,16.0,MassINC Polling Group,,lv,6/1/22,2022-09-06,2022_MA_Governor_DEM,0
2022,MA,Governor,,DEM,Tami Gouveia,gouveia t,6.0,MassINC Polling Group,,lv,6/1/22,2022-09-06,2022_MA_Governor_DEM,0
2022,MA,Governor,,DEM,Eric Lesser,lesser e,10.0,MassINC Polling Group,,lv,6/1/22,2022-09-06,2022_MA_Governor_DEM,0
2022,MA,Governor,,DEM,Kim Driscoll,driscoll k,22.0,UMass Lowell,800.0,lv,4/11/22,2022-09-06,2022_MA_Governor_DEM,0
2022,MA,Governor,,DEM,Tami Gouveia,gouveia t,9.0,UMass Lowell,800.0,lv,4/11/22,2022-09-06,2022_MA_Governor_DEM,0
2022,MA,Governor,,DEM,Adam Hinds,hinds a,7.000000000000001,UMass Lowell,800.0,lv,4/11/22,2022-09-06,2022_MA_Governor_DEM,0
2022,MA,Governor,,DEM,Eric Lesser,lesser e,10.0,UMass Lowell,800.0,lv,4/11/22,2022-09-06,2022_MA_Governor_DEM,0
2022,MA,Governor,,DEM,Kim Driscoll,driscoll k,10.0,MassINC Polling Group,310.0,lv,1/20/22,2022-09-06,2022_MA_Governor_DEM,0
2022,MA,Governor,,DEM,Tami Gouveia,gouveia t,5.0,MassINC Polling Group,310.0,lv,1/20/22,2022-09-06,2022_MA_Governor_DEM,0
2022,MA,Governor,,DEM,Adam Hinds,hinds a,5.0,MassINC Polling Group,310.0,lv,1/20/22,2022-09-06,2022_MA_Governor_DEM,0
2022,MA,Governor,,DEM,Eric Lesser,lesser e,5.0,MassINC Polling Group,310.0,lv,1/20/22,2022-09-06,2022_MA_Governor_DEM,0
2022,MA,Governor,,REP,Geoff Diehl,diehl g,34.0,Emerson College,708.0,lv,9/8/22,2022-09-06,2022_MA_Governor_REP,1
2022,MA,Governor,,DEM,Maura Healey,healey m,52.0,Emerson College,708.0,lv,9/8/22,2022-09-06,2022_MA_Governor_DEM,1
2022,MA,Governor,,REP,Geoff Diehl,diehl g,23.0,Suffolk University,493.0,lv,7/23/22,2022-09-06,2022_MA_Governor_REP,1
2022,MA,Governor,,DEM,Maura Healey,healey m,54.0,Suffolk University,493.0,lv,7/23/22,2022-09-06,2022_MA_Governor_DEM,1
2022,MA,Governor,,REP,Geoff Diehl,diehl g,30.0,UMass Lowell,1000.0,lv,6/15/22,2022-09-06,2022_MA_Governor_REP,1
2022,MA,Governor,,DEM,Maura Healey,healey m,61.0,UMass Lowell,1000.0,lv,6/15/22,2022-09-06,2022_MA_Governor_DEM,1
2022,MA,Governor,,REP,Geoff Diehl,diehl g,27.0,Suffolk University,651.0,lv,4/28/22,2022-09-06,2022_MA_Governor_REP,1
2022,MA,Governor,,DEM,Maura Healey,healey m,54.0,Suffolk University,651.0,lv,4/28/22,2022-09-06,2022_MA_Governor_DEM,1
2022,MA,Governor,,REP,Charlie Baker,baker c,33.0,YouGov / UMass Amherst,750.0,a,11/16/21,2022-09-06,2022_MA_Governor_REP,0
2022,MA,Governor,,DEM,Danielle Allen,allen d,12.0,YouGov / UMass Amherst,750.0,a,11/16/21,2022-09-06,2022_MA_Governor_DEM,0
2022,MA,Governor,,REP,Charlie Baker,baker c,30.0,YouGov / UMass Amherst,800.0,a,3/9/21,2022-09-06,2022_MA_Governor_REP,0
2022,MA,Governor,,DEM,Danielle Allen,allen d,14.000000000000002,YouGov / UMass Amherst,800.0,a,3/9/21,2022-09-06,2022_MA_Governor_DEM,0
2022,MA,Governor,,DEM,Sonia Chang-Díaz,changdiaz s,16.0,YouGov / UMass Amherst,750.0,a,11/16/21,2022-09-06,2022_MA_Governor_DEM,0
2022,MA,Governor,,DEM,Sonia Chang-Díaz,changdiaz s,16.0,YouGov / UMass Amherst,800.0,a,3/9/21,2022-09-06,2022_MA_Governor_DEM,0
2022,MA,Governor,,DEM,Benjamin Downing,downing b,11.0,YouGov / UMass Amherst,750.0,a,11/16/21,2022-09-06,2022_MA_Governor_DEM,0
2022,MA,Governor,,DEM,Benjamin Downing,downing b,11.0,YouGov / UMass Amherst,800.0,a,3/9/21,2022-09-06,2022_MA_Governor_DEM,0
2022,MA,Governor,,REP,Charlie Baker,baker c,33.0,Change Research / Northwind Strategies,789.0,lv,11/19/21,2022-09-06,2022_MA_Governor_REP,0
2022,MA,Governor,,DEM,Maura Healey,healey m,28.999999999999996,Change Research / Northwind Strategies,789.0,lv,11/19/21,2022-09-06,2022_MA_Governor_DEM,1
2022,MA,Governor,,DEM,Maura Healey,healey m,27.0,YouGov / UMass Amherst,750.0,a,11/16/21,2022-09-06,2022_MA_Governor_DEM,1
2022,MA,Governor,,DEM,Maura Healey,healey m,27.0,YouGov / UMass Amherst,800.0,a,3/9/21,2022-09-06,2022_MA_Governor_DEM,1
2022,MA,Governor,,DEM,Joe Kennedy III,kennedy j,30.0,Change Research / Northwind Strategies,789.0,lv,11/19/21,2022-09-06,2022_MA_Governor_DEM,0
2022,MA,Governor,,DEM,Joe Kennedy III,kennedy j,25.0,YouGov / UMass Amherst,800.0,a,3/9/21,2022-09-06,2022_MA_Governor_DEM,0
2022,MA,Governor,,DEM,Orlando Silva,silva o,9.0,YouGov / UMass Amherst,750.0,a,11/16/21,2022-09-06,2022_MA_Governor_DEM,0
2022,MA,Governor,,REP,Karyn Polito,polito k,21.0,YouGov / UMass Amherst,750.0,a,11/16/21,2022-09-06,2022_MA_Governor_REP,0
2022,MA,Governor,,REP,Karyn Polito,polito k,21.0,Change Research / Northwind Strategies,789.0,lv,11/19/21,2022-09-06,2022_MA_Governor_REP,0
2022,MA,Governor,,REP,Geoff Diehl,diehl g,21.0,Change Research / Northwind Strategies,789.0,lv,11/19/21,2022-09-06,2022_MA_Governor_REP,1
2022,MA,Governor,,DEM,Sonia Chang-Díaz,changdiaz s,54.0,UMass Lowell,1000.0,lv,6/15/22,2022-09-06,2022_MA_Governor_DEM,0
2022,MA,Governor,,DEM,Sonia Chang-Díaz,changdiaz s,45.0,Suffolk University,651.0,lv,4/28/22,2022-09-06,2022_MA_Governor_DEM,0
2022,MA,Governor,,REP,Chris Doughty,doughty c,30.0,UMass Lowell,1000.0,lv,6/15/22,2022-09-06,2022_MA_Governor_REP,0
2022,MA,Governor,,REP,Chris Doughty,doughty c,27.0,Suffolk University,651.0,lv,4/28/22,2022-09-06,2022_MA_Governor_REP,0
2022,MA,Governor,,REP,Chris Doughty,doughty c,22.0,Suffolk University,493.0,lv,7/23/22,2022-09-06,2022_MA_Governor_REP,0
2022,MD,Governor,,REP,Daniel Cox,cox d,25.0,Goucher College,414.0,lv,6/19/22,2022-07-19,2022_MD_Governor_REP,1
2022,MD,Governor,,REP,Robin Ficker,ficker r,2.0,Goucher College,414.0,lv,6/19/22,2022-07-19,2022_MD_Governor_REP,0
2022,MD,Governor,,REP,Kelly Schulz,schulz k,22.0,Goucher College,414.0,lv,6/19/22,2022-07-19,2022_MD_Governor_REP,0
2022,MD,Governor,,REP,Joe Werner,werner j,3.0,Goucher College,414.0,lv,6/19/22,2022-07-19,2022_MD_Governor_REP,0
2022,MD,Governor,,REP,Daniel Cox,cox d,21.0,OpinionWorks,428.0,lv,6/2/22,2022-07-19,2022_MD_Governor_REP,1
2022,MD,Governor,,REP,Robin Ficker,ficker r,5.0,OpinionWorks,428.0,lv,6/2/22,2022-07-19,2022_MD_Governor_REP,0
2022,MD,Governor,,REP,Kelly Schulz,schulz k,27.0,OpinionWorks,428.0,lv,6/2/22,2022-07-19,2022_MD_Governor_REP,0
2022,MD,Governor,,REP,Joe Werner,werner j,4.0,OpinionWorks,428.0,lv,6/2/22,2022-07-19,2022_MD_Governor_REP,0
2022,MD,Governor,,REP,Daniel Cox,cox d,76.0,Remington Research Group,1047.0,lv,5/3/22,2022-07-19,2022_MD_Governor_REP,1
2022,MD,Governor,,REP,Kelly Schulz,schulz k,13.0,Remington Research Group,1047.0,lv,5/3/22,2022-07-19,2022_MD_Governor_REP,0
2022,MD,Governor,,REP,Daniel Cox,cox d,20.0,Public Policy Polling,565.0,lv,1/29/22,2022-07-19,2022_MD_Governor_REP,1
2022,MD,Governor,,REP,Kelly Schulz,schulz k,12.0,Public Policy Polling,565.0,lv,1/29/22,2022-07-19,2022_MD_Governor_REP,0
2022,MD,Governor,,REP,Boyd Rutherford,rutherford b,19.0,Change Research,,v,10/1/20,2022-07-19,2022_MD_Governor_REP,0
2022,MD,Governor,,REP,Steve Schuh,schuh s,5.0,Change Research,,v,10/1/20,2022-07-19,2022_MD_Governor_REP,0
2022,MD,Governor,,REP,Barry Glassman,glassman b,3.0,Change Research,,v,10/1/20,2022-07-19,2022_MD_Governor_REP,0
2022,MD,Governor,,REP,Allan Kittleman,kittleman a,2.0,Change Research,,v,10/1/20,2022-07-19,2022_MD_Governor_REP,0
2022,MD,Governor,,REP,Kelly Schulz,schulz k,2.0,Change Research,,v,10/1/20,2022-07-19,2022_MD_Governor_REP,0
2022,MD,Governor,,DEM,Peter Franchot,franchot p,15.0,"20/20 Insight, LLC",410.0,lv,6/30/22,2022-07-19,2022_MD_Governor_DEM,0
2022,MD,Governor,,DEM,Doug Gansler,gansler d,4.0,"20/20 Insight, LLC",410.0,lv,6/30/22,2022-07-19,2022_MD_Governor_DEM,0
2022,MD,Governor,,DEM,John King Jr.,king j,17.0,"20/20 Insight, LLC",410.0,lv,6/30/22,2022-07-19,2022_MD_Governor_DEM,0
2022,MD,Governor,,DEM,Wes Moore,moore w,18.0,"20/20 Insight, LLC",410.0,lv,6/30/22,2022-07-19,2022_MD_Governor_DEM,1
2022,MD,Governor,,DEM,Tom Perez,perez t,22.0,"20/20 Insight, LLC",410.0,lv,6/30/22,2022-07-19,2022_MD_Governor_DEM,0
2022,MD,Governor,,DEM,Peter Franchot,franchot p,21.0,Garin-Hart-Yang Research Group,601.0,lv,6/27/22,2022-07-19,2022_MD_Governor_DEM,0
2022,MD,Governor,,DEM,Doug Gansler,gansler d,4.0,Garin-Hart-Yang Research Group,601.0,lv,6/27/22,2022-07-19,2022_MD_Governor_DEM,0
2022,MD,Governor,,DEM,John King Jr.,king j,5.0,Garin-Hart-Yang Research Group,601.0,lv,6/27/22,2022-07-19,2022_MD_Governor_DEM,0
2022,MD,Governor,,DEM,Wes Moore,moore w,20.0,Garin-Hart-Yang Research Group,601.0,lv,6/27/22,2022-07-19,2022_MD_Governor_DEM,1
2022,MD,Governor,,DEM,Tom Perez,perez t,16.0,Garin-Hart-Yang Research Group,601.0,lv,6/27/22,2022-07-19,2022_MD_Governor_DEM,0
2022,MD,Governor,,DEM,Peter Franchot,franchot p,16.0,Goucher College,403.0,lv,6/19/22,2022-07-19,2022_MD_Governor_DEM,0
2022,MD,Governor,,DEM,Doug Gansler,gansler d,5.0,Goucher College,403.0,lv,6/19/22,2022-07-19,2022_MD_Governor_DEM,0
2022,MD,Governor,,DEM,John King Jr.,king j,4.0,Goucher College,403.0,lv,6/19/22,2022-07-19,2022_MD_Governor_DEM,0
2022,MD,Governor,,DEM,Wes Moore,moore w,14.000000000000002,Goucher College,403.0,lv,6/19/22,2022-07-19,2022_MD_Governor_DEM,1
2022,MD,Governor,,DEM,Tom Perez,perez t,14.000000000000002,Goucher College,403.0,lv,6/19/22,2022-07-19,2022_MD_Governor_DEM,0
2022,MD,Governor,,DEM,Rushern Baker,baker r,8.0,Garin-Hart-Yang Research Group,601.0,lv,6/9/22,2022-07-19,2022_MD_Governor_DEM,0
2022,MD,Governor,,DEM,Peter Franchot,franchot p,22.0,Garin-Hart-Yang Research Group,601.0,lv,6/9/22,2022-07-19,2022_MD_Governor_DEM,0
2022,MD,Governor,,DEM,Doug Gansler,gansler d,3.0,Garin-Hart-Yang Research Group,601.0,lv,6/9/22,2022-07-19,2022_MD_Governor_DEM,0
2022,MD,Governor,,DEM,John King Jr.,king j,4.0,Garin-Hart-Yang Research Group,601.0,lv,6/9/22,2022-07-19,2022_MD_Governor_DEM,0
2022,MD,Governor,,DEM,Wes Moore,moore w,13.0,Garin-Hart-Yang Research Group,601.0,lv,6/9/22,2022-07-19,2022_MD_Governor_DEM,1
2022,MD,Governor,,DEM,Tom Perez,perez t,13.0,Garin-Hart-Yang Research Group,601.0,lv,6/9/22,2022-07-19,2022_MD_Governor_DEM,0
2022,MD,Governor,,DEM,Rushern Baker,baker r,7.000000000000001,OpinionWorks,562.0,lv,6/2/22,2022-07-19,2022_MD_Governor_DEM,0
2022,MD,Governor,,DEM,Peter Franchot,franchot p,20.0,OpinionWorks,562.0,lv,6/2/22,2022-07-19,2022_MD_Governor_DEM,0
2022,MD,Governor,,DEM,Doug Gansler,gansler d,4.0,OpinionWorks,562.0,lv,6/2/22,2022-07-19,2022_MD_Governor_DEM,0
2022,MD,Governor,,DEM,John King Jr.,king j,4.0,OpinionWorks,562.0,lv,6/2/22,2022-07-19,2022_MD_Governor_DEM,0
2022,MD,Governor,,DEM,Wes Moore,moore w,15.0,OpinionWorks,562.0,lv,6/2/22,2022-07-19,2022_MD_Governor_DEM,1
2022,MD,Governor,,DEM,Tom Perez,perez t,12.0,OpinionWorks,562.0,lv,6/2/22,2022-07-19,2022_MD_Governor_DEM,0
2022,MD,Governor,,DEM,Rushern Baker,baker r,5.0,"20/20 Insight, LLC",430.0,lv,5/22/22,2022-07-19,2022_MD_Governor_DEM,0
2022,MD,Governor,,DEM,Peter Franchot,franchot p,17.0,"20/20 Insight, LLC",430.0,lv,5/22/22,2022-07-19,2022_MD_Governor_DEM,0
2022,MD,Governor,,DEM,Doug Gansler,gansler d,6.0,"20/20 Insight, LLC",430.0,lv,5/22/22,2022-07-19,2022_MD_Governor_DEM,0
2022,MD,Governor,,DEM,John King Jr.,king j,16.0,"20/20 Insight, LLC",430.0,lv,5/22/22,2022-07-19,2022_MD_Governor_DEM,0
2022,MD,Governor,,DEM,Wes Moore,moore w,16.0,"20/20 Insight, LLC",430.0,lv,5/22/22,2022-07-19,2022_MD_Governor_DEM,1
2022,MD,Governor,,DEM,Tom Perez,perez t,12.0,"20/20 Insight, LLC",430.0,lv,5/22/22,2022-07-19,2022_MD_Governor_DEM,0
2022,MD,Governor,,DEM,Rushern Baker,baker r,11.0,Garin-Hart-Yang Research Group,601.0,lv,5/9/22,2022-07-19,2022_MD_Governor_DEM,0
2022,MD,Governor,,DEM,Peter Franchot,franchot p,19.0,Garin-Hart-Yang Research Group,601.0,lv,5/9/22,2022-07-19,2022_MD_Governor_DEM,0
2022,MD,Governor,,DEM,Doug Gansler,gansler d,3.0,Garin-Hart-Yang Research Group,601.0,lv,5/9/22,2022-07-19,2022_MD_Governor_DEM,0
2022,MD,Governor,,DEM,John King Jr.,king j,4.0,Garin-Hart-Yang Research Group,601.0,lv,5/9/22,2022-07-19,2022_MD_Governor_DEM,0
2022,MD,Governor,,DEM,Wes Moore,moore w,13.0,Garin-Hart-Yang Research Group,601.0,lv,5/9/22,2022-07-19,2022_MD_Governor_DEM,1
2022,MD,Governor,,DEM,Tom Perez,perez t,6.0,Garin-Hart-Yang Research Group,601.0,lv,5/9/22,2022-07-19,2022_MD_Governor_DEM,0
2022,MD,Governor,,DEM,Rushern Baker,baker r,10.0,Change Research,886.0,lv,4/5/22,2022-07-19,2022_MD_Governor_DEM,0
2022,MD,Governor,,DEM,Peter Franchot,franchot p,20.0,Change Research,886.0,lv,4/5/22,2022-07-19,2022_MD_Governor_DEM,0
2022,MD,Governor,,DEM,Doug Gansler,gansler d,5.0,Change Research,886.0,lv,4/5/22,2022-07-19,2022_MD_Governor_DEM,0
2022,MD,Governor,,DEM,John King Jr.,king j,3.0,Change Research,886.0,lv,4/5/22,2022-07-19,2022_MD_Governor_DEM,0
2022,MD,Governor,,DEM,Wes Moore,moore w,13.0,Change Research,886.0,lv,4/5/22,2022-07-19,2022_MD_Governor_DEM,1
2022,MD,Governor,,DEM,Tom Perez,perez t,7.000000000000001,Change Research,886.0,lv,4/5/22,2022-07-19,2022_MD_Governor_DEM,0
2022,MD,Governor,,DEM,Rushern Baker,baker r,15.0,GQR Research,807.0,lv,3/14/22,2022-07-19,2022_MD_Governor_DEM,0
2022,MD,Governor,,DEM,Peter Franchot,franchot p,23.0,GQR Research,807.0,lv,3/14/22,2022-07-19,2022_MD_Governor_DEM,0
2022,MD,Governor,,DEM,Doug Gansler,gansler d,5.0,GQR Research,807.0,lv,3/14/22,2022-07-19,2022_MD_Governor_DEM,0
2022,MD,Governor,,DEM,John King Jr.,king j,3.0,GQR Research,807.0,lv,3/14/22,2022-07-19,2022_MD_Governor_DEM,0
2022,MD,Governor,,DEM,Wes Moore,moore w,10.0,GQR Research,807.0,lv,3/14/22,2022-07-19,2022_MD_Governor_DEM,1
2022,MD,Governor,,DEM,Tom Perez,perez t,11.0,GQR Research,807.0,lv,3/14/22,2022-07-19,2022_MD_Governor_DEM,0
2022,MD,Governor,,DEM,Rushern Baker,baker r,16.0,Tidemore Public Affairs,580.0,lv,1/10/22,2022-07-19,2022_MD_Governor_DEM,0
2022,MD,Governor,,DEM,Peter Franchot,franchot p,23.0,Tidemore Public Affairs,580.0,lv,1/10/22,2022-07-19,2022_MD_Governor_DEM,0
2022,MD,Governor,,DEM,Doug Gansler,gansler d,7.000000000000001,Tidemore Public Affairs,580.0,lv,1/10/22,2022-07-19,2022_MD_Governor_DEM,0
2022,MD,Governor,,DEM,John King Jr.,king j,6.0,Tidemore Public Affairs,580.0,lv,1/10/22,2022-07-19,2022_MD_Governor_DEM,0
2022,MD,Governor,,DEM,Wes Moore,moore w,12.0,Tidemore Public Affairs,580.0,lv,1/10/22,2022-07-19,2022_MD_Governor_DEM,1
2022,MD,Governor,,DEM,Tom Perez,perez t,10.0,Tidemore Public Affairs,580.0,lv,1/10/22,2022-07-19,2022_MD_Governor_DEM,0
2022,MD,Governor,,DEM,Rushern Baker,baker r,15.0,GQR Research,,lv,11/1/21,2022-07-19,2022_MD_Governor_DEM,0
2022,MD,Governor,,DEM,Peter Franchot,franchot p,25.0,GQR Research,,lv,11/1/21,2022-07-19,2022_MD_Governor_DEM,0
2022,MD,Governor,,DEM,Wes Moore,moore w,7.000000000000001,GQR Research,,lv,11/1/21,2022-07-19,2022_MD_Governor_DEM,1
2022,MD,Governor,,DEM,Tom Perez,perez t,9.0,GQR Research,,lv,11/1/21,2022-07-19,2022_MD_Governor_DEM,0
2022,MD,Governor,,DEM,Rushern Baker,baker r,12.0,Garin-Hart-Yang Research Group,500.0,lv,9/2/21,2022-07-19,2022_MD_Governor_DEM,0
2022,MD,Governor,,DEM,Peter Franchot,franchot p,17.0,Garin-Hart-Yang Research Group,500.0,lv,9/2/21,2022-07-19,2022_MD_Governor_DEM,0
2022,MD,Governor,,DEM,Doug Gansler,gansler d,4.0,Garin-Hart-Yang Research Group,500.0,lv,9/2/21,2022-07-19,2022_MD_Governor_DEM,0
2022,MD,Governor,,DEM,John King Jr.,king j,1.0,Garin-Hart-Yang Research Group,500.0,lv,9/2/21,2022-07-19,2022_MD_Governor_DEM,0
2022,MD,Governor,,DEM,Wes Moore,moore w,7.000000000000001,Garin-Hart-Yang Research Group,500.0,lv,9/2/21,2022-07-19,2022_MD_Governor_DEM,1
2022,MD,Governor,,DEM,Tom Perez,perez t,6.0,Garin-Hart-Yang Research Group,500.0,lv,9/2/21,2022-07-19,2022_MD_Governor_DEM,0
2022,MD,Governor,,DEM,Rushern Baker,baker r,22.0,Gonzales Research,301.0,lv,5/22/21,2022-07-19,2022_MD_Governor_DEM,0
2022,MD,Governor,,DEM,Peter Franchot,franchot p,18.0,Gonzales Research,301.0,lv,5/22/21,2022-07-19,2022_MD_Governor_DEM,0
2022,MD,Governor,,DEM,Doug Gansler,gansler d,4.0,Gonzales Research,301.0,lv,5/22/21,2022-07-19,2022_MD_Governor_DEM,0
2022,MD,Governor,,DEM,John King Jr.,king j,1.0,Gonzales Research,301.0,lv,5/22/21,2022-07-19,2022_MD_Governor_DEM,0
2022,MD,Governor,,DEM,Wes Moore,moore w,2.0,Gonzales Research,301.0,lv,5/22/21,2022-07-19,2022_MD_Governor_DEM,1
2022,MD,Governor,,DEM,Tom Perez,perez t,10.0,Gonzales Research,301.0,lv,5/22/21,2022-07-19,2022_MD_Governor_DEM,0
2022,MD,Governor,,DEM,Angela Alsobrooks,alsobrooks a,13.0,Change Research,,v,10/1/20,2022-07-19,2022_MD_Governor_DEM,0
2022,MD,Governor,,DEM,Anthony Brown,brown a,10.0,Change Research,,v,10/1/20,2022-07-19,2022_MD_Governor_DEM,0
2022,MD,Governor,,DEM,Peter Franchot,franchot p,9.0,Change Research,,v,10/1/20,2022-07-19,2022_MD_Governor_DEM,0
2022,MD,Governor,,DEM,Ben Jealous,jealous b,15.0,Change Research,,v,10/1/20,2022-07-19,2022_MD_Governor_DEM,0
2022,MD,Governor,,DEM,John King Jr.,king j,2.0,Change Research,,v,10/1/20,2022-07-19,2022_MD_Governor_DEM,0
2022,MD,Governor,,DEM,Tom Perez,perez t,3.0,Change Research,,v,10/1/20,2022-07-19,2022_MD_Governor_DEM,0
2022,MD,Governor,,DEM,Steuart Pittman,pittman s,2.0,Change Research,,v,10/1/20,2022-07-19,2022_MD_Governor_DEM,0
2022,MD,Governor,,DEM,John King Jr.,king j,5.0,Change Research,,v,10/1/20,2022-07-19,2022_MD_Governor_DEM,0
2022,MD,Governor,,DEM,David Trone,trone d,6.0,Change Research,,v,10/1/20,2022-07-19,2022_MD_Governor_DEM,0
2022,MI,Governor,,REP,Tudor Dixon,dixon t,41.0,The Trafalgar Group,1074.0,lv,8/1/22,2022-08-02,2022_MI_Governor_REP,1
2022,MI,Governor,,REP,Ryan Kelley,kelley r,10.0,The Trafalgar Group,1074.0,lv,8/1/22,2022-08-02,2022_MI_Governor_REP,0
2022,MI,Governor,,REP,Kevin Rinke,rinke k,19.0,The Trafalgar Group,1074.0,lv,8/1/22,2022-08-02,2022_MI_Governor_REP,0
2022,MI,Governor,,REP,Garrett Soldano,soldano g,18.0,The Trafalgar Group,1074.0,lv,8/1/22,2022-08-02,2022_MI_Governor_REP,0
2022,MI,Governor,,REP,Tudor Dixon,dixon t,37.0,Mitchell Research,443.0,lv,7/31/22,2022-08-02,2022_MI_Governor_REP,1
2022,MI,Governor,,REP,Ryan Kelley,kelley r,12.0,Mitchell Research,443.0,lv,7/31/22,2022-08-02,2022_MI_Governor_REP,0
2022,MI,Governor,,REP,Kevin Rinke,rinke k,23.0,Mitchell Research,443.0,lv,7/31/22,2022-08-02,2022_MI_Governor_REP,0
2022,MI,Governor,,REP,Garrett Soldano,soldano g,12.0,Mitchell Research,443.0,lv,7/31/22,2022-08-02,2022_MI_Governor_REP,0
2022,MI,Governor,,REP,Tudor Dixon,dixon t,41.0,Emerson College,869.0,lv,7/30/22,2022-08-02,2022_MI_Governor_REP,1
2022,MI,Governor,,REP,Ryan Kelley,kelley r,12.0,Emerson College,869.0,lv,7/30/22,2022-08-02,2022_MI_Governor_REP,0
2022,MI,Governor,,REP,Kevin Rinke,rinke k,17.0,Emerson College,869.0,lv,7/30/22,2022-08-02,2022_MI_Governor_REP,0
2022,MI,Governor,,REP,Garrett Soldano,soldano g,12.0,Emerson College,869.0,lv,7/30/22,2022-08-02,2022_MI_Governor_REP,0
2022,MI,Governor,,REP,Tudor Dixon,dixon t,28.000000000000004,The Trafalgar Group,1098.0,lv,7/28/22,2022-08-02,2022_MI_Governor_REP,1
2022,MI,Governor,,REP,Ryan Kelley,kelley r,14.000000000000002,The Trafalgar Group,1098.0,lv,7/28/22,2022-08-02,2022_MI_Governor_REP,0
2022,MI,Governor,,REP,Kevin Rinke,rinke k,17.0,The Trafalgar Group,1098.0,lv,7/28/22,2022-08-02,2022_MI_Governor_REP,0
2022,MI,Governor,,REP,Garrett Soldano,soldano g,19.0,The Trafalgar Group,1098.0,lv,7/28/22,2022-08-02,2022_MI_Governor_REP,0
2022,MI,Governor,,REP,Tudor Dixon,dixon t,21.0,co/efficient,1000.0,lv,7/26/22,2022-08-02,2022_MI_Governor_REP,1
2022,MI,Governor,,REP,Kevin Rinke,rinke k,22.0,co/efficient,1000.0,lv,7/26/22,2022-08-02,2022_MI_Governor_REP,0
2022,MI,Governor,,REP,Tudor Dixon,dixon t,28.000000000000004,Mitchell Research,436.0,lv,7/25/22,2022-08-02,2022_MI_Governor_REP,1
2022,MI,Governor,,REP,Ryan Kelley,kelley r,14.000000000000002,Mitchell Research,436.0,lv,7/25/22,2022-08-02,2022_MI_Governor_REP,0
2022,MI,Governor,,REP,Kevin Rinke,rinke k,22.0,Mitchell Research,436.0,lv,7/25/22,2022-08-02,2022_MI_Governor_REP,0
2022,MI,Governor,,REP,Garrett Soldano,soldano g,11.0,Mitchell Research,436.0,lv,7/25/22,2022-08-02,2022_MI_Governor_REP,0
2022,MI,Governor,,REP,Tudor Dixon,dixon t,28.000000000000004,Mitchell Research,501.0,lv,7/18/22,2022-08-02,2022_MI_Governor_REP,1
2022,MI,Governor,,REP,Ryan Kelley,kelley r,15.0,Mitchell Research,501.0,lv,7/18/22,2022-08-02,2022_MI_Governor_REP,0
2022,MI,Governor,,REP,Kevin Rinke,rinke k,20.0,Mitchell Research,501.0,lv,7/18/22,2022-08-02,2022_MI_Governor_REP,0
2022,MI,Governor,,REP,Garrett Soldano,soldano g,10.0,Mitchell Research,501.0,lv,7/18/22,2022-08-02,2022_MI_Governor_REP,0
2022,MI,Governor,,REP,Tudor Dixon,dixon t,19.0,"The Glengariff Group, Inc.",500.0,lv,7/15/22,2022-08-02,2022_MI_Governor_REP,1
2022,MI,Governor,,REP,Ryan Kelley,kelley r,13.0,"The Glengariff Group, Inc.",500.0,lv,7/15/22,2022-08-02,2022_MI_Governor_REP,0
2022,MI,Governor,,REP,Kevin Rinke,rinke k,15.0,"The Glengariff Group, Inc.",500.0,lv,7/15/22,2022-08-02,2022_MI_Governor_REP,0
2022,MI,Governor,,REP,Garrett Soldano,soldano g,12.0,"The Glengariff Group, Inc.",500.0,lv,7/15/22,2022-08-02,2022_MI_Governor_REP,0
2022,MI,Governor,,REP,Tudor Dixon,dixon t,26.0,Mitchell Research,683.0,lv,7/8/22,2022-08-02,2022_MI_Governor_REP,1
2022,MI,Governor,,REP,Ryan Kelley,kelley r,15.0,Mitchell Research,683.0,lv,7/8/22,2022-08-02,2022_MI_Governor_REP,0
2022,MI,Governor,,REP,Kevin Rinke,rinke k,13.0,Mitchell Research,683.0,lv,7/8/22,2022-08-02,2022_MI_Governor_REP,0
2022,MI,Governor,,REP,Garrett Soldano,soldano g,13.0,Mitchell Research,683.0,lv,7/8/22,2022-08-02,2022_MI_Governor_REP,0
2022,MI,Governor,,REP,Tudor Dixon,dixon t,15.0,Mitchell Research,588.0,lv,6/22/22,2022-08-02,2022_MI_Governor_REP,1
2022,MI,Governor,,REP,Ryan Kelley,kelley r,13.0,Mitchell Research,588.0,lv,6/22/22,2022-08-02,2022_MI_Governor_REP,0
2022,MI,Governor,,REP,Kevin Rinke,rinke k,15.0,Mitchell Research,588.0,lv,6/22/22,2022-08-02,2022_MI_Governor_REP,0
2022,MI,Governor,,REP,Garrett Soldano,soldano g,8.0,Mitchell Research,588.0,lv,6/22/22,2022-08-02,2022_MI_Governor_REP,0
2022,MI,Governor,,REP,Tudor Dixon,dixon t,5.0,EPIC-MRA,398.0,lv,6/13/22,2022-08-02,2022_MI_Governor_REP,1
2022,MI,Governor,,REP,Ryan Kelley,kelley r,17.0,EPIC-MRA,398.0,lv,6/13/22,2022-08-02,2022_MI_Governor_REP,0
2022,MI,Governor,,REP,Kevin Rinke,rinke k,12.0,EPIC-MRA,398.0,lv,6/13/22,2022-08-02,2022_MI_Governor_REP,0
2022,MI,Governor,,REP,Garrett Soldano,soldano g,13.0,EPIC-MRA,398.0,lv,6/13/22,2022-08-02,2022_MI_Governor_REP,0
2022,MI,Governor,,REP,Tudor Dixon,dixon t,9.0,Target Insyght,400.0,lv,5/27/22,2022-08-02,2022_MI_Governor_REP,1
2022,MI,Governor,,REP,Ryan Kelley,kelley r,19.0,Target Insyght,400.0,lv,5/27/22,2022-08-02,2022_MI_Governor_REP,0
2022,MI,Governor,,REP,Kevin Rinke,rinke k,15.0,Target Insyght,400.0,lv,5/27/22,2022-08-02,2022_MI_Governor_REP,0
2022,MI,Governor,,REP,Garrett Soldano,soldano g,6.0,Target Insyght,400.0,lv,5/27/22,2022-08-02,2022_MI_Governor_REP,0
2022,MI,Governor,,REP,Mike Brown,brown m,2.0,"The Glengariff Group, Inc.",500.0,lv,5/1/22,2022-08-02,2022_MI_Governor_REP,0
2022,MI,Governor,,REP,James Craig,craig j,23.0,"The Glengariff Group, Inc.",500.0,lv,5/1/22,2022-08-02,2022_MI_Governor_REP,0
2022,MI,Governor,,REP,Tudor Dixon,dixon t,2.0,"The Glengariff Group, Inc.",500.0,lv,5/1/22,2022-08-02,2022_MI_Governor_REP,1
2022,MI,Governor,,REP,Perry Johnson,johnson p,5.0,"The Glengariff Group, Inc.",500.0,lv,5/1/22,2022-08-02,2022_MI_Governor_REP,0
2022,MI,Governor,,REP,Ryan Kelley,kelley r,5.0,"The Glengariff Group, Inc.",500.0,lv,5/1/22,2022-08-02,2022_MI_Governor_REP,0
2022,MI,Governor,,REP,Kevin Rinke,rinke k,6.0,"The Glengariff Group, Inc.",500.0,lv,5/1/22,2022-08-02,2022_MI_Governor_REP,0
2022,MI,Governor,,REP,Garrett Soldano,soldano g,8.0,"The Glengariff Group, Inc.",500.0,lv,5/1/22,2022-08-02,2022_MI_Governor_REP,0
2022,MI,Governor,,REP,Mike Brown,brown m,2.0,The Trafalgar Group,1072.0,lv,3/31/22,2022-08-02,2022_MI_Governor_REP,0
2022,MI,Governor,,REP,James Craig,craig j,34.0,The Trafalgar Group,1072.0,lv,3/31/22,2022-08-02,2022_MI_Governor_REP,0
2022,MI,Governor,,REP,Tudor Dixon,dixon t,3.0,The Trafalgar Group,1072.0,lv,3/31/22,2022-08-02,2022_MI_Governor_REP,1
2022,MI,Governor,,REP,Perry Johnson,johnson p,16.0,The Trafalgar Group,1072.0,lv,3/31/22,2022-08-02,2022_MI_Governor_REP,0
2022,MI,Governor,,REP,Ryan Kelley,kelley r,7.000000000000001,The Trafalgar Group,1072.0,lv,3/31/22,2022-08-02,2022_MI_Governor_REP,0
2022,MI,Governor,,REP,Kevin Rinke,rinke k,2.0,The Trafalgar Group,1072.0,lv,3/31/22,2022-08-02,2022_MI_Governor_REP,0
2022,MI,Governor,,REP,Garrett Soldano,soldano g,15.0,The Trafalgar Group,1072.0,lv,3/31/22,2022-08-02,2022_MI_Governor_REP,0
2022,MI,Governor,,REP,Mike Brown,brown m,3.0,Mitchell Research,539.0,lv,2/19/22,2022-08-02,2022_MI_Governor_REP,0
2022,MI,Governor,,REP,James Craig,craig j,32.0,Mitchell Research,539.0,lv,2/19/22,2022-08-02,2022_MI_Governor_REP,0
2022,MI,Governor,,REP,Tudor Dixon,dixon t,4.0,Mitchell Research,539.0,lv,2/19/22,2022-08-02,2022_MI_Governor_REP,1
2022,MI,Governor,,REP,Perry Johnson,johnson p,3.0,Mitchell Research,539.0,lv,2/19/22,2022-08-02,2022_MI_Governor_REP,0
2022,MI,Governor,,REP,Ryan Kelley,kelley r,4.0,Mitchell Research,539.0,lv,2/19/22,2022-08-02,2022_MI_Governor_REP,0
2022,MI,Governor,,REP,Kevin Rinke,rinke k,5.0,Mitchell Research,539.0,lv,2/19/22,2022-08-02,2022_MI_Governor_REP,0
2022,MI,Governor,,REP,Garrett Soldano,soldano g,10.0,Mitchell Research,539.0,lv,2/19/22,2022-08-02,2022_MI_Governor_REP,0
2022,MI,Governor,,REP,James Craig,craig j,38.0,Strategic National,400.0,lv,9/19/21,2022-08-02,2022_MI_Governor_REP,0
2022,MI,Governor,,REP,Tudor Dixon,dixon t,1.0,Strategic National,400.0,lv,9/19/21,2022-08-02,2022_MI_Governor_REP,1
2022,MI,Governor,,REP,Ryan Kelley,kelley r,1.0,Strategic National,400.0,lv,9/19/21,2022-08-02,2022_MI_Governor_REP,0
2022,MI,Governor,,REP,Kevin Rinke,rinke k,0.0,Strategic National,400.0,lv,9/19/21,2022-08-02,2022_MI_Governor_REP,0
2022,MI,Governor,,REP,Garrett Soldano,soldano g,8.0,Strategic National,400.0,lv,9/19/21,2022-08-02,2022_MI_Governor_REP,0
2022,MI,Governor,,REP,John James,james j,36.0,Target Insyght,304.0,rv,5/11/21,2022-08-02,2022_MI_Governor_REP,0
2022,MI,Governor,,REP,James Craig,craig j,21.0,Target Insyght,304.0,rv,5/11/21,2022-08-02,2022_MI_Governor_REP,0
2022,NE,Governor,,REP,Charles Herbster,herbster c,26.0,WPA Intelligence,500.0,lv,5/2/22,2022-05-10,2022_NE_Governor_REP,0
2022,NE,Governor,,REP,Brett Lindstrom,lindstrom b,16.0,WPA Intelligence,500.0,lv,5/2/22,2022-05-10,2022_NE_Governor_REP,0
2022,NE,Governor,,REP,Jim Pillen,pillen j,31.0,WPA Intelligence,500.0,lv,5/2/22,2022-05-10,2022_NE_Governor_REP,1
2022,NE,Governor,,REP,Charles Herbster,herbster c,23.0,WPA Intelligence,505.0,lv,4/28/22,2022-05-10,2022_NE_Governor_REP,0
2022,NE,Governor,,REP,Brett Lindstrom,lindstrom b,20.0,WPA Intelligence,505.0,lv,4/28/22,2022-05-10,2022_NE_Governor_REP,0
2022,NE,Governor,,REP,Jim Pillen,pillen j,24.0,WPA Intelligence,505.0,lv,4/28/22,2022-05-10,2022_NE_Governor_REP,1
2022,NE,Governor,,REP,Theresa Thibodeau,thibodeau t,7.000000000000001,WPA Intelligence,505.0,lv,4/28/22,2022-05-10,2022_NE_Governor_REP,0
2022,NE,Governor,,REP,Charles Herbster,herbster c,26.0,Data Targeting,858.0,lv,4/20/22,2022-05-10,2022_NE_Governor_REP,0
2022,NE,Governor,,REP,Brett Lindstrom,lindstrom b,28.000000000000004,Data Targeting,858.0,lv,4/20/22,2022-05-10,2022_NE_Governor_REP,0
2022,NE,Governor,,REP,Jim Pillen,pillen j,24.0,Data Targeting,858.0,lv,4/20/22,2022-05-10,2022_NE_Governor_REP,1
2022,NE,Governor,,REP,Theresa Thibodeau,thibodeau t,6.0,Data Targeting,858.0,lv,4/20/22,2022-05-10,2022_NE_Governor_REP,0
2022,NE,Governor,,REP,Charles Herbster,herbster c,23.0,3D Strategic Research,500.0,lv,4/12/22,2022-05-10,2022_NE_Governor_REP,0
2022,NE,Governor,,REP,Brett Lindstrom,lindstrom b,27.0,3D Strategic Research,500.0,lv,4/12/22,2022-05-10,2022_NE_Governor_REP,0
2022,NE,Governor,,REP,Jim Pillen,pillen j,27.0,3D Strategic Research,500.0,lv,4/12/22,2022-05-10,2022_NE_Governor_REP,1
2022,NE,Governor,,REP,Theresa Thibodeau,thibodeau t,6.0,3D Strategic Research,500.0,lv,4/12/22,2022-05-10,2022_NE_Governor_REP,0
2022,NE,Governor,,REP,Charles Herbster,herbster c,23.0,Moore Information Group,206.0,lv,3/29/22,2022-05-10,2022_NE_Governor_REP,0
2022,NE,Governor,,REP,Brett Lindstrom,lindstrom b,19.0,Moore Information Group,206.0,lv,3/29/22,2022-05-10,2022_NE_Governor_REP,0
2022,NE,Governor,,REP,Jim Pillen,pillen j,10.0,Moore Information Group,206.0,lv,3/29/22,2022-05-10,2022_NE_Governor_REP,1
2022,NE,Governor,,REP,Theresa Thibodeau,thibodeau t,5.0,Moore Information Group,206.0,lv,3/29/22,2022-05-10,2022_NE_Governor_REP,0
2022,NE,Governor,,REP,Charles Herbster,herbster c,27.0,KAConsulting LLC,600.0,lv,3/10/22,2022-05-10,2022_NE_Governor_REP,0
2022,NE,Governor,,REP,Brett Lindstrom,lindstrom b,17.0,KAConsulting LLC,600.0,lv,3/10/22,2022-05-10,2022_NE_Governor_REP,0
2022,NE,Governor,,REP,Jim Pillen,pillen j,18.0,KAConsulting LLC,600.0,lv,3/10/22,2022-05-10,2022_NE_Governor_REP,1
2022,NE,Governor,,REP,Theresa Thibodeau,thibodeau t,3.0,KAConsulting LLC,600.0,lv,3/10/22,2022-05-10,2022_NE_Governor_REP,0
2022,NE,Governor,,REP,Charles Herbster,herbster c,30.0,3D Strategic Research,500.0,lv,3/9/22,2022-05-10,2022_NE_Governor_REP,0
2022,NE,Governor,,REP,Brett Lindstrom,lindstrom b,20.0,3D Strategic Research,500.0,lv,3/9/22,2022-05-10,2022_NE_Governor_REP,0
2022,NE,Governor,,REP,Jim Pillen,pillen j,23.0,3D Strategic Research,500.0,lv,3/9/22,2022-05-10,2022_NE_Governor_REP,1
2022,NE,Governor,,REP,Theresa Thibodeau,thibodeau t,3.0,3D Strategic Research,500.0,lv,3/9/22,2022-05-10,2022_NE_Governor_REP,0
2022,NE,Governor,,REP,Charles Herbster,herbster c,27.0,Data Targeting,1168.0,lv,2/11/22,2022-05-10,2022_NE_Governor_REP,0
2022,NE,Governor,,REP,Brett Lindstrom,lindstrom b,21.0,Data Targeting,1168.0,lv,2/11/22,2022-05-10,2022_NE_Governor_REP,0
2022,NE,Governor,,REP,Jim Pillen,pillen j,26.0,Data Targeting,1168.0,lv,2/11/22,2022-05-10,2022_NE_Governor_REP,1
2022,NE,Governor,,REP,Charles Herbster,herbster c,32.0,3D Strategic Research,,lv,9/1/21,2022-05-10,2022_NE_Governor_REP,0
2022,NE,Governor,,REP,Brett Lindstrom,lindstrom b,10.0,3D Strategic Research,,lv,9/1/21,2022-05-10,2022_NE_Governor_REP,0
2022,NE,Governor,,REP,Jim Pillen,pillen j,19.0,3D Strategic Research,,lv,9/1/21,2022-05-10,2022_NE_Governor_REP,1
2022,NH,Governor,,REP,Thad Riley,riley t,7.000000000000001,University of New Hampshire,892.0,lv,8/29/22,2022-09-13,2022_NH_Governor_REP,0
2022,NH,Governor,,REP,Chris Sununu,sununu c,72.0,University of New Hampshire,892.0,lv,8/29/22,2022-09-13,2022_NH_Governor_REP,1
2022,NH,Governor,,REP,Karen Testerman,testerman k,5.0,University of New Hampshire,892.0,lv,8/29/22,2022-09-13,2022_NH_Governor_REP,0
2022,NH,Governor,,REP,Thad Riley,riley t,5.0,Saint Anselm College,820.0,rv,8/11/22,2022-09-13,2022_NH_Governor_REP,0
2022,NH,Governor,,REP,Chris Sununu,sununu c,68.0,Saint Anselm College,820.0,rv,8/11/22,2022-09-13,2022_NH_Governor_REP,1
2022,NH,Governor,,REP,Karen Testerman,testerman k,6.0,Saint Anselm College,820.0,rv,8/11/22,2022-09-13,2022_NH_Governor_REP,0
2022,NH,Governor,,REP,Kelly Ayotte,ayotte k,46.0,Praecones Analytica,792.0,lv,8/20/21,2022-09-13,2022_NH_Governor_REP,0
2022,NH,Governor,,REP,Scott Brown,brown s,13.0,Praecones Analytica,792.0,lv,8/20/21,2022-09-13,2022_NH_Governor_REP,0
2022,NH,Governor,,REP,Frank Edelbut,edelbut f,7.000000000000001,Praecones Analytica,792.0,lv,8/20/21,2022-09-13,2022_NH_Governor_REP,0
2022,NH,Governor,,REP,Chuck Morse,morse c,6.0,Praecones Analytica,792.0,lv,8/20/21,2022-09-13,2022_NH_Governor_REP,0
2022,NH,Governor,,REP,Chris Sununu,sununu c,52.0,Emerson College,800.0,lv,9/15/22,2022-09-13,2022_NH_Governor_REP,1
2022,NH,Governor,,REP,Chris Sununu,sununu c,43.0,Public Policy Polling,601.0,lv,7/6/22,2022-09-13,2022_NH_Governor_REP,1
2022,NH,Governor,,REP,Chris Sununu,sununu c,55.00000000000001,University of New Hampshire,868.0,lv,4/18/22,2022-09-13,2022_NH_Governor_REP,1
2022,NH,Governor,,REP,Chris Sununu,sununu c,62.0,Phillips Academy,533.0,a,4/8/22,2022-09-13,2022_NH_Governor_REP,1
2022,NH,Governor,,REP,Chris Sununu,sununu c,51.0,Saint Anselm College,1265.0,rv,3/24/22,2022-09-13,2022_NH_Governor_REP,1
2022,NH,Governor,,REP,Chris Sununu,sununu c,45.0,Saint Anselm College,1215.0,rv,1/12/22,2022-09-13,2022_NH_Governor_REP,1
2022,NM,Governor,,REP,Jay Block,block j,8.0,Research & Polling Inc.,560.0,lv,5/19/22,2022-06-07,2022_NM_Governor_REP,0
2022,NM,Governor,,REP,Rebecca Dow,dow r,17.0,Research & Polling Inc.,560.0,lv,5/19/22,2022-06-07,2022_NM_Governor_REP,0
2022,NM,Governor,,REP,Mark Ronchetti,ronchetti m,45.0,Research & Polling Inc.,560.0,lv,5/19/22,2022-06-07,2022_NM_Governor_REP,1
2022,NM,Governor,,REP,Greg Zanetti,zanetti g,9.0,Research & Polling Inc.,560.0,lv,5/19/22,2022-06-07,2022_NM_Governor_REP,0
2022,NM,Governor,,REP,Jay Block,block j,12.0,SurveyUSA,505.0,lv,5/7/22,2022-06-07,2022_NM_Governor_REP,0
2022,NM,Governor,,REP,Rebecca Dow,dow r,9.0,SurveyUSA,505.0,lv,5/7/22,2022-06-07,2022_NM_Governor_REP,0
2022,NM,Governor,,REP,Mark Ronchetti,ronchetti m,44.0,SurveyUSA,505.0,lv,5/7/22,2022-06-07,2022_NM_Governor_REP,1
2022,NM,Governor,,REP,Greg Zanetti,zanetti g,10.0,SurveyUSA,505.0,lv,5/7/22,2022-06-07,2022_NM_Governor_REP,0
2022,NM,Governor,,REP,Jay Block,block j,2.0,Public Opinion Strategies,400.0,lv,2/1/22,2022-06-07,2022_NM_Governor_REP,0
2022,NM,Governor,,REP,Rebecca Dow,dow r,9.0,Public Opinion Strategies,400.0,lv,2/1/22,2022-06-07,2022_NM_Governor_REP,0
2022,NM,Governor,,REP,Mark Ronchetti,ronchetti m,60.0,Public Opinion Strategies,400.0,lv,2/1/22,2022-06-07,2022_NM_Governor_REP,1
2022,NM,Governor,,REP,Greg Zanetti,zanetti g,7.000000000000001,Public Opinion Strategies,400.0,lv,2/1/22,2022-06-07,2022_NM_Governor_REP,0
2022,NY,Governor,,DEM,Andrew Cuomo,cuomo a,30.0,Siena College,369.0,rv,3/24/22,2022-06-28,2022_NY_Governor_DEM,0
2022,NY,Governor,,DEM,Kathy Hochul,hochul k,38.0,Siena College,369.0,rv,3/24/22,2022-06-28,2022_NY_Governor_DEM,1
2022,NY,Governor,,DEM,Tom Suozzi,suozzi t,10.0,Siena College,369.0,rv,3/24/22,2022-06-28,2022_NY_Governor_DEM,0
2022,NY,Governor,,DEM,Jumaane Williams,williams j,7.000000000000001,Siena College,369.0,rv,3/24/22,2022-06-28,2022_NY_Governor_DEM,0
2022,NY,Governor,,DEM,Andrew Cuomo,cuomo a,33.0,Emerson College,504.0,lv,3/10/22,2022-06-28,2022_NY_Governor_DEM,0
2022,NY,Governor,,DEM,Kathy Hochul,hochul k,37.0,Emerson College,504.0,lv,3/10/22,2022-06-28,2022_NY_Governor_DEM,1
2022,NY,Governor,,DEM,Tom Suozzi,suozzi t,7.000000000000001,Emerson College,504.0,lv,3/10/22,2022-06-28,2022_NY_Governor_DEM,0
2022,NY,Governor,,DEM,Jumaane Williams,williams j,4.0,Emerson College,504.0,lv,3/10/22,2022-06-28,2022_NY_Governor_DEM,0
2022,NY,Governor,,DEM,Andrew Cuomo,cuomo a,20.0,Zogby Analytics,413.0,lv,1/24/22,2022-06-28,2022_NY_Governor_DEM,0
2022,NY,Governor,,DEM,Kathy Hochul,hochul k,41.0,Zogby Analytics,413.0,lv,1/24/22,2022-06-28,2022_NY_Governor_DEM,1
2022,NY,Governor,,DEM,Tom Suozzi,suozzi t,7.000000000000001,Zogby Analytics,413.0,lv,1/24/22,2022-06-28,2022_NY_Governor_DEM,0
2022,NY,Governor,,DEM,Jumaane Williams,williams j,13.0,Zogby Analytics,413.0,lv,1/24/22,2022-06-28,2022_NY_Governor_DEM,0
2022,NY,Governor,,DEM,Andrew Cuomo,cuomo a,15.0,Data for Progress,528.0,lv,11/17/21,2022-06-28,2022_NY_Governor_DEM,0
2022,NY,Governor,,DEM,Bill de Blasio,blasio b,3.0,Data for Progress,528.0,lv,11/17/21,2022-06-28,2022_NY_Governor_DEM,0
2022,NY,Governor,,DEM,Kathy Hochul,hochul k,36.0,Data for Progress,528.0,lv,11/17/21,2022-06-28,2022_NY_Governor_DEM,1
2022,NY,Governor,,DEM,Letitia James,james l,22.0,Data for Progress,528.0,lv,11/17/21,2022-06-28,2022_NY_Governor_DEM,0
2022,NY,Governor,,DEM,Tom Suozzi,suozzi t,6.0,Data for Progress,528.0,lv,11/17/21,2022-06-28,2022_NY_Governor_DEM,0
2022,NY,Governor,,DEM,Jumaane Williams,williams j,7.000000000000001,Data for Progress,528.0,lv,11/17/21,2022-06-28,2022_NY_Governor_DEM,0
2022,NY,Governor,,DEM,Andrew Cuomo,cuomo a,17.0,Siena College,419.0,rv,10/14/21,2022-06-28,2022_NY_Governor_DEM,0
2022,NY,Governor,,DEM,Bill de Blasio,blasio b,6.0,Siena College,419.0,rv,10/14/21,2022-06-28,2022_NY_Governor_DEM,0
2022,NY,Governor,,DEM,Kathy Hochul,hochul k,31.0,Siena College,419.0,rv,10/14/21,2022-06-28,2022_NY_Governor_DEM,1
2022,NY,Governor,,DEM,Letitia James,james l,14.000000000000002,Siena College,419.0,rv,10/14/21,2022-06-28,2022_NY_Governor_DEM,0
2022,NY,Governor,,DEM,Jumaane Williams,williams j,7.000000000000001,Siena College,419.0,rv,10/14/21,2022-06-28,2022_NY_Governor_DEM,0
2022,NY,Governor,,DEM,Andrew Cuomo,cuomo a,19.0,Marist College,389.0,rv,10/7/21,2022-06-28,2022_NY_Governor_DEM,0
2022,NY,Governor,,DEM,Kirsten Gillibrand,gillibrand k,36.0,Marist College,389.0,rv,10/7/21,2022-06-28,2022_NY_Governor_DEM,0
2022,NY,Governor,,DEM,Kathy Hochul,hochul k,24.0,Marist College,389.0,rv,10/7/21,2022-06-28,2022_NY_Governor_DEM,1
2022,NY,Governor,,DEM,Jumaane Williams,williams j,9.0,Marist College,389.0,rv,10/7/21,2022-06-28,2022_NY_Governor_DEM,0
2022,NY,Governor,,DEM,Kathy Hochul,hochul k,45.0,co/efficient,814.0,lv,8/16/21,2022-06-28,2022_NY_Governor_DEM,1
2022,NY,Governor,,DEM,Alexandria Ocasio-Cortez,ocasiocortez a,26.0,co/efficient,814.0,lv,8/16/21,2022-06-28,2022_NY_Governor_DEM,0
2022,NY,Governor,,DEM,Steven Bellone,bellone s,2.0,Slingshot Strategies,600.0,lv,8/7/21,2022-06-28,2022_NY_Governor_DEM,0
2022,NY,Governor,,DEM,Preet Bharara,bharara p,4.0,Slingshot Strategies,600.0,lv,8/7/21,2022-06-28,2022_NY_Governor_DEM,0
2022,NY,Governor,,DEM,Alessandra Biaggi,biaggi a,1.0,Slingshot Strategies,600.0,lv,8/7/21,2022-06-28,2022_NY_Governor_DEM,0
2022,NY,Governor,,DEM,Andrew Cuomo,cuomo a,26.0,Slingshot Strategies,600.0,lv,8/7/21,2022-06-28,2022_NY_Governor_DEM,0
2022,NY,Governor,,DEM,Bill de Blasio,blasio b,3.0,Slingshot Strategies,600.0,lv,8/7/21,2022-06-28,2022_NY_Governor_DEM,0
2022,NY,Governor,,DEM,Thomas DiNapoli,dinapoli t,3.0,Slingshot Strategies,600.0,lv,8/7/21,2022-06-28,2022_NY_Governor_DEM,0
2022,NY,Governor,,DEM,Kathryn Garcia,garcia k,6.0,Slingshot Strategies,600.0,lv,8/7/21,2022-06-28,2022_NY_Governor_DEM,0
2022,NY,Governor,,DEM,Kirsten Gillibrand,gillibrand k,6.0,Slingshot Strategies,600.0,lv,8/7/21,2022-06-28,2022_NY_Governor_DEM,0
2022,NY,Governor,,DEM,Kathy Hochul,hochul k,4.0,Slingshot Strategies,600.0,lv,8/7/21,2022-06-28,2022_NY_Governor_DEM,1
2022,NY,Governor,,DEM,Letitia James,james l,9.0,Slingshot Strategies,600.0,lv,8/7/21,2022-06-28,2022_NY_Governor_DEM,0
2022,NY,Governor,,DEM,Sean Patrick Maloney,maloney s,2.0,Slingshot Strategies,600.0,lv,8/7/21,2022-06-28,2022_NY_Governor_DEM,0
2022,NY,Governor,,DEM,Alexandria Ocasio-Cortez,ocasiocortez a,8.0,Slingshot Strategies,600.0,lv,8/7/21,2022-06-28,2022_NY_Governor_DEM,0
2022,NY,Governor,,DEM,Tom Suozzi,suozzi t,2.0,Slingshot Strategies,600.0,lv,8/7/21,2022-06-28,2022_NY_Governor_DEM,0
2022,NY,Governor,,DEM,Scott Stringer,stringer s,3.0,Slingshot Strategies,600.0,lv,8/7/21,2022-06-28,2022_NY_Governor_DEM,0
2022,NY,Governor,,DEM,Jumaane Williams,williams j,2.0,Slingshot Strategies,600.0,lv,8/7/21,2022-06-28,2022_NY_Governor_DEM,0
2022,NY,Governor,,DEM,Andrew Cuomo,cuomo a,65.0,Zogby Analytics,316.0,lv,2/5/21,2022-06-28,2022_NY_Governor_DEM,0
2022,NY,Governor,,DEM,Letitia James,james l,22.0,Zogby Analytics,316.0,lv,2/5/21,2022-06-28,2022_NY_Governor_DEM,0
2022,NY,Governor,,REP,Rob Astorino,astorino r,16.0,John Zogby Strategies,400.0,lv,6/22/22,2022-06-28,2022_NY_Governor_REP,0
2022,NY,Governor,,REP,Andrew Giuliani,giuliani a,28.000000000000004,John Zogby Strategies,400.0,lv,6/22/22,2022-06-28,2022_NY_Governor_REP,0
2022,NY,Governor,,REP,Harry Wilson,wilson h,14.000000000000002,John Zogby Strategies,400.0,lv,6/22/22,2022-06-28,2022_NY_Governor_REP,0
2022,NY,Governor,,REP,Lee Zeldin,zeldin l,35.0,John Zogby Strategies,400.0,lv,6/22/22,2022-06-28,2022_NY_Governor_REP,1
2022,NY,Governor,,REP,Rob Astorino,astorino r,8.0,SurveyUSA,538.0,lv,6/20/22,2022-06-28,2022_NY_Governor_REP,0
2022,NY,Governor,,REP,Andrew Giuliani,giuliani a,23.0,SurveyUSA,538.0,lv,6/20/22,2022-06-28,2022_NY_Governor_REP,0
2022,NY,Governor,,REP,Harry Wilson,wilson h,13.0,SurveyUSA,538.0,lv,6/20/22,2022-06-28,2022_NY_Governor_REP,0
2022,NY,Governor,,REP,Lee Zeldin,zeldin l,25.0,SurveyUSA,538.0,lv,6/20/22,2022-06-28,2022_NY_Governor_REP,1
2022,NY,Governor,,REP,Rob Astorino,astorino r,17.0,McLaughlin & Associates,600.0,lv,6/19/22,2022-06-28,2022_NY_Governor_REP,0
2022,NY,Governor,,REP,Andrew Giuliani,giuliani a,17.0,McLaughlin & Associates,600.0,lv,6/19/22,2022-06-28,2022_NY_Governor_REP,0
2022,NY,Governor,,REP,Harry Wilson,wilson h,16.0,McLaughlin & Associates,600.0,lv,6/19/22,2022-06-28,2022_NY_Governor_REP,0
2022,NY,Governor,,REP,Lee Zeldin,zeldin l,38.0,McLaughlin & Associates,600.0,lv,6/19/22,2022-06-28,2022_NY_Governor_REP,1
2022,NY,Governor,,REP,Rob Astorino,astorino r,16.0,Emerson College,500.0,lv,6/10/22,2022-06-28,2022_NY_Governor_REP,0
2022,NY,Governor,,REP,Andrew Giuliani,giuliani a,13.0,Emerson College,500.0,lv,6/10/22,2022-06-28,2022_NY_Governor_REP,0
2022,NY,Governor,,REP,Harry Wilson,wilson h,15.0,Emerson College,500.0,lv,6/10/22,2022-06-28,2022_NY_Governor_REP,0
2022,NY,Governor,,REP,Lee Zeldin,zeldin l,34.0,Emerson College,500.0,lv,6/10/22,2022-06-28,2022_NY_Governor_REP,1
2022,NY,Governor,,REP,Rob Astorino,astorino r,17.0,McLaughlin & Associates,600.0,lv,5/25/22,2022-06-28,2022_NY_Governor_REP,0
2022,NY,Governor,,REP,Andrew Giuliani,giuliani a,18.0,McLaughlin & Associates,600.0,lv,5/25/22,2022-06-28,2022_NY_Governor_REP,0
2022,NY,Governor,,REP,Harry Wilson,wilson h,13.0,McLaughlin & Associates,600.0,lv,5/25/22,2022-06-28,2022_NY_Governor_REP,0
2022,NY,Governor,,REP,Lee Zeldin,zeldin l,41.0,McLaughlin & Associates,600.0,lv,5/25/22,2022-06-28,2022_NY_Governor_REP,1
2022,NY,Governor,,REP,Rob Astorino,astorino r,17.0,John Zogby Strategies,408.0,lv,5/20/22,2022-06-28,2022_NY_Governor_REP,0
2022,NY,Governor,,REP,Andrew Giuliani,giuliani a,35.0,John Zogby Strategies,408.0,lv,5/20/22,2022-06-28,2022_NY_Governor_REP,0
2022,NY,Governor,,REP,Harry Wilson,wilson h,12.0,John Zogby Strategies,408.0,lv,5/20/22,2022-06-28,2022_NY_Governor_REP,0
2022,NY,Governor,,REP,Lee Zeldin,zeldin l,25.0,John Zogby Strategies,408.0,lv,5/20/22,2022-06-28,2022_NY_Governor_REP,1
2022,NY,Governor,,REP,Rob Astorino,astorino r,16.0,Emerson College,192.0,lv,5/3/22,2022-06-28,2022_NY_Governor_REP,0
2022,NY,Governor,,REP,Michael Carpinelli,carpinelli m,3.0,Emerson College,192.0,lv,5/3/22,2022-06-28,2022_NY_Governor_REP,0
2022,NY,Governor,,REP,Derrick Gibson,gibson d,1.0,Emerson College,192.0,lv,5/3/22,2022-06-28,2022_NY_Governor_REP,0
2022,NY,Governor,,REP,Andrew Giuliani,giuliani a,18.0,Emerson College,192.0,lv,5/3/22,2022-06-28,2022_NY_Governor_REP,0
2022,NY,Governor,,REP,Harry Wilson,wilson h,8.0,Emerson College,192.0,lv,5/3/22,2022-06-28,2022_NY_Governor_REP,0
2022,NY,Governor,,REP,Lee Zeldin,zeldin l,26.0,Emerson College,192.0,lv,5/3/22,2022-06-28,2022_NY_Governor_REP,1
2022,NY,Governor,,REP,Rob Astorino,astorino r,17.0,McLaughlin & Associates,400.0,lv,4/12/22,2022-06-28,2022_NY_Governor_REP,0
2022,NY,Governor,,REP,Andrew Giuliani,giuliani a,15.0,McLaughlin & Associates,400.0,lv,4/12/22,2022-06-28,2022_NY_Governor_REP,0
2022,NY,Governor,,REP,Harry Wilson,wilson h,7.000000000000001,McLaughlin & Associates,400.0,lv,4/12/22,2022-06-28,2022_NY_Governor_REP,0
2022,NY,Governor,,REP,Lee Zeldin,zeldin l,47.0,McLaughlin & Associates,400.0,lv,4/12/22,2022-06-28,2022_NY_Governor_REP,1
2022,NY,Governor,,REP,Rob Astorino,astorino r,15.0,John Zogby Strategies,267.0,lv,4/10/22,2022-06-28,2022_NY_Governor_REP,0
2022,NY,Governor,,REP,Andrew Giuliani,giuliani a,28.999999999999996,John Zogby Strategies,267.0,lv,4/10/22,2022-06-28,2022_NY_Governor_REP,0
2022,NY,Governor,,REP,Harry Wilson,wilson h,11.0,John Zogby Strategies,267.0,lv,4/10/22,2022-06-28,2022_NY_Governor_REP,0
2022,NY,Governor,,REP,Lee Zeldin,zeldin l,28.000000000000004,John Zogby Strategies,267.0,lv,4/10/22,2022-06-28,2022_NY_Governor_REP,1
2022,NY,Governor,,REP,Rob Astorino,astorino r,11.0,Emerson College,225.0,lv,3/10/22,2022-06-28,2022_NY_Governor_REP,0
2022,NY,Governor,,REP,Michael Carpinelli,carpinelli m,5.0,Emerson College,225.0,lv,3/10/22,2022-06-28,2022_NY_Governor_REP,0
2022,NY,Governor,,REP,Derrick Gibson,gibson d,3.0,Emerson College,225.0,lv,3/10/22,2022-06-28,2022_NY_Governor_REP,0
2022,NY,Governor,,REP,Andrew Giuliani,giuliani a,17.0,Emerson College,225.0,lv,3/10/22,2022-06-28,2022_NY_Governor_REP,0
2022,NY,Governor,,REP,Harry Wilson,wilson h,6.0,Emerson College,225.0,lv,3/10/22,2022-06-28,2022_NY_Governor_REP,0
2022,NY,Governor,,REP,Lee Zeldin,zeldin l,27.0,Emerson College,225.0,lv,3/10/22,2022-06-28,2022_NY_Governor_REP,1
2022,NY,Governor,,REP,Rob Astorino,astorino r,21.0,John Zogby Strategies,266.0,lv,3/3/22,2022-06-28,2022_NY_Governor_REP,0
2022,NY,Governor,,REP,Michael Carpinelli,carpinelli m,9.0,John Zogby Strategies,266.0,lv,3/3/22,2022-06-28,2022_NY_Governor_REP,0
2022,NY,Governor,,REP,Andrew Giuliani,giuliani a,31.0,John Zogby Strategies,266.0,lv,3/3/22,2022-06-28,2022_NY_Governor_REP,0
2022,NY,Governor,,REP,Harry Wilson,wilson h,5.0,John Zogby Strategies,266.0,lv,3/3/22,2022-06-28,2022_NY_Governor_REP,0
2022,NY,Governor,,REP,Lee Zeldin,zeldin l,23.0,John Zogby Strategies,266.0,lv,3/3/22,2022-06-28,2022_NY_Governor_REP,1
2022,NY,Governor,,REP,Rob Astorino,astorino r,12.0,Zogby Analytics,243.0,lv,1/24/22,2022-06-28,2022_NY_Governor_REP,0
2022,NY,Governor,,REP,Michael Carpinelli,carpinelli m,8.0,Zogby Analytics,243.0,lv,1/24/22,2022-06-28,2022_NY_Governor_REP,0
2022,NY,Governor,,REP,Derrick Gibson,gibson d,7.000000000000001,Zogby Analytics,243.0,lv,1/24/22,2022-06-28,2022_NY_Governor_REP,0
2022,NY,Governor,,REP,Andrew Giuliani,giuliani a,18.0,Zogby Analytics,243.0,lv,1/24/22,2022-06-28,2022_NY_Governor_REP,0
2022,NY,Governor,,REP,Lee Zeldin,zeldin l,16.0,Zogby Analytics,243.0,lv,1/24/22,2022-06-28,2022_NY_Governor_REP,1
2022,NY,Governor,,REP,Rob Astorino,astorino r,13.0,John Zogby Strategies,251.0,lv,1/21/22,2022-06-28,2022_NY_Governor_REP,0
2022,NY,Governor,,REP,Michael Carpinelli,carpinelli m,4.0,John Zogby Strategies,251.0,lv,1/21/22,2022-06-28,2022_NY_Governor_REP,0
2022,NY,Governor,,REP,Derrick Gibson,gibson d,5.0,John Zogby Strategies,251.0,lv,1/21/22,2022-06-28,2022_NY_Governor_REP,0
2022,NY,Governor,,REP,Andrew Giuliani,giuliani a,26.0,John Zogby Strategies,251.0,lv,1/21/22,2022-06-28,2022_NY_Governor_REP,0
2022,NY,Governor,,REP,Harry Wilson,wilson h,2.0,John Zogby Strategies,251.0,lv,1/21/22,2022-06-28,2022_NY_Governor_REP,0
2022,NY,Governor,,REP,Lee Zeldin,zeldin l,28.000000000000004,John Zogby Strategies,251.0,lv,1/21/22,2022-06-28,2022_NY_Governor_REP,1
2022,NY,Governor,,REP,Derrick Gibson,gibson d,9.0,McLaughlin & Associates,400.0,lv,4/12/22,2022-06-28,2022_NY_Governor_REP,0
2022,NY,Governor,,DEM,Kathy Hochul,hochul k,52.0,SurveyUSA,2152.0,lv,6/20/22,2022-06-28,2022_NY_Governor_DEM,1
2022,NY,Governor,,DEM,Kathy Hochul,hochul k,52.0,John Zogby Strategies,1007.0,lv,5/20/22,2022-06-28,2022_NY_Governor_DEM,1
2022,NY,Governor,,DEM,Kathy Hochul,hochul k,49.0,John Zogby Strategies,1001.0,lv,4/10/22,2022-06-28,2022_NY_Governor_DEM,1
2022,NY,Governor,,DEM,Kathy Hochul,hochul k,51.0,Data for Progress,947.0,lv,4/4/22,2022-06-28,2022_NY_Governor_DEM,1
2022,NY,Governor,,REP,Lee Zeldin,zeldin l,36.0,Data for Progress,947.0,lv,4/4/22,2022-06-28,2022_NY_Governor_REP,1
2022,NY,Governor,,DEM,Kathy Hochul,hochul k,44.0,McLaughlin & Associates,800.0,lv,3/11/22,2022-06-28,2022_NY_Governor_DEM,1
2022,NY,Governor,,REP,Lee Zeldin,zeldin l,46.0,McLaughlin & Associates,800.0,lv,3/11/22,2022-06-28,2022_NY_Governor_REP,1
2022,NY,Governor,,DEM,Kathy Hochul,hochul k,47.0,John Zogby Strategies,1003.0,lv,3/3/22,2022-06-28,2022_NY_Governor_DEM,1
2022,NY,Governor,,DEM,Kathy Hochul,hochul k,50.0,John Zogby Strategies,1000.0,lv,1/21/22,2022-06-28,2022_NY_Governor_DEM,1
2022,NY,Governor,,DEM,Tom Suozzi,suozzi t,50.0,John Zogby Strategies,1007.0,lv,5/20/22,2022-06-28,2022_NY_Governor_DEM,0
2022,NY,Governor,,DEM,Tom Suozzi,suozzi t,45.0,John Zogby Strategies,1001.0,lv,4/10/22,2022-06-28,2022_NY_Governor_DEM,0
2022,NY,Governor,,DEM,Tom Suozzi,suozzi t,44.0,John Zogby Strategies,1003.0,lv,3/3/22,2022-06-28,2022_NY_Governor_DEM,0
2022,NY,Governor,,DEM,Jumaane Williams,williams j,48.0,John Zogby Strategies,1007.0,lv,5/20/22,2022-06-28,2022_NY_Governor_DEM,0
2022,NY,Governor,,DEM,Jumaane Williams,williams j,43.0,John Zogby Strategies,1001.0,lv,4/10/22,2022-06-28,2022_NY_Governor_DEM,0
2022,NY,Governor,,DEM,Jumaane Williams,williams j,43.0,John Zogby Strategies,1003.0,lv,3/3/22,2022-06-28,2022_NY_Governor_DEM,0
2022,NY,Governor,,REP,Elise Stefanik,stefanik e,37.0,Zogby Analytics,810.0,lv,2/5/21,2022-06-28,2022_NY_Governor_REP,0
2022,NY,Governor,,DEM,Andrew Cuomo,cuomo a,44.0,Data for Progress,947.0,lv,4/4/22,2022-06-28,2022_NY_Governor_DEM,0
2022,NY,Governor,,DEM,Alexandria Ocasio-Cortez,ocasiocortez a,48.0,Zogby Analytics,810.0,lv,2/5/21,2022-06-28,2022_NY_Governor_DEM,0
2022,NY,Governor,,DEM,Andrew Cuomo,cuomo a,48.0,Siena College,793.0,rv,5/20/21,2022-06-28,2022_NY_Governor_DEM,0
2022,NY,Governor,,DEM,Letitia James,james l,46.0,Siena College,793.0,rv,5/20/21,2022-06-28,2022_NY_Governor_DEM,0
2022,NY,Governor,,DEM,Kathy Hochul,hochul k,46.0,Siena College,802.0,rv,6/13/22,2022-06-28,2022_NY_Governor_DEM,1
2022,NY,Governor,,DEM,Kathy Hochul,hochul k,40.0,Siena College,806.0,rv,4/21/22,2022-06-28,2022_NY_Governor_DEM,1
2022,NY,Governor,,DEM,Kathy Hochul,hochul k,47.0,Siena College,803.0,rv,2/17/22,2022-06-28,2022_NY_Governor_DEM,1
2022,OH,Governor,,REP,Joe Blystone,blystone j,19.0,The Trafalgar Group,1081.0,lv,5/1/22,2022-05-03,2022_OH_Governor_REP,0
2022,OH,Governor,,REP,Mike DeWine,dewine m,47.0,The Trafalgar Group,1081.0,lv,5/1/22,2022-05-03,2022_OH_Governor_REP,1
2022,OH,Governor,,REP,Ron Hood,hood r,2.0,The Trafalgar Group,1081.0,lv,5/1/22,2022-05-03,2022_OH_Governor_REP,0
2022,OH,Governor,,REP,Jim Renacci,renacci j,27.0,The Trafalgar Group,1081.0,lv,5/1/22,2022-05-03,2022_OH_Governor_REP,0
2022,OH,Governor,,REP,Joe Blystone,blystone j,12.0,Emerson College,885.0,lv,4/29/22,2022-05-03,2022_OH_Governor_REP,0
2022,OH,Governor,,REP,Mike DeWine,dewine m,45.0,Emerson College,885.0,lv,4/29/22,2022-05-03,2022_OH_Governor_REP,1
2022,OH,Governor,,REP,Ron Hood,hood r,2.0,Emerson College,885.0,lv,4/29/22,2022-05-03,2022_OH_Governor_REP,0
2022,OH,Governor,,REP,Jim Renacci,renacci j,30.0,Emerson College,885.0,lv,4/29/22,2022-05-03,2022_OH_Governor_REP,0
2022,OH,Governor,,REP,Joe Blystone,blystone j,19.0,Fox News,906.0,lv,4/24/22,2022-05-03,2022_OH_Governor_REP,0
2022,OH,Governor,,REP,Mike DeWine,dewine m,43.0,Fox News,906.0,lv,4/24/22,2022-05-03,2022_OH_Governor_REP,1
2022,OH,Governor,,REP,Jim Renacci,renacci j,24.0,Fox News,906.0,lv,4/24/22,2022-05-03,2022_OH_Governor_REP,0
2022,OH,Governor,,REP,Joe Blystone,blystone j,24.0,The Trafalgar Group,1078.0,lv,4/14/22,2022-05-03,2022_OH_Governor_REP,0
2022,OH,Governor,,REP,Mike DeWine,dewine m,40.0,The Trafalgar Group,1078.0,lv,4/14/22,2022-05-03,2022_OH_Governor_REP,1
2022,OH,Governor,,REP,Ron Hood,hood r,2.0,The Trafalgar Group,1078.0,lv,4/14/22,2022-05-03,2022_OH_Governor_REP,0
2022,OH,Governor,,REP,Jim Renacci,renacci j,26.0,The Trafalgar Group,1078.0,lv,4/14/22,2022-05-03,2022_OH_Governor_REP,0
2022,OH,Governor,,REP,Mike DeWine,dewine m,51.0,University of Akron,,lv,3/15/22,2022-05-03,2022_OH_Governor_REP,1
2022,OH,Governor,,REP,Jim Renacci,renacci j,23.0,University of Akron,,lv,3/15/22,2022-05-03,2022_OH_Governor_REP,0
2022,OH,Governor,,REP,Joe Blystone,blystone j,21.0,Fox News,918.0,lv,3/6/22,2022-05-03,2022_OH_Governor_REP,0
2022,OH,Governor,,REP,Mike DeWine,dewine m,50.0,Fox News,918.0,lv,3/6/22,2022-05-03,2022_OH_Governor_REP,1
2022,OH,Governor,,REP,Jim Renacci,renacci j,18.0,Fox News,918.0,lv,3/6/22,2022-05-03,2022_OH_Governor_REP,0
2022,OH,Governor,,REP,Joe Blystone,blystone j,20.0,Emerson College,410.0,lv,2/26/22,2022-05-03,2022_OH_Governor_REP,0
2022,OH,Governor,,REP,Mike DeWine,dewine m,34.0,Emerson College,410.0,lv,2/26/22,2022-05-03,2022_OH_Governor_REP,1
2022,OH,Governor,,REP,Ron Hood,hood r,0.0,Emerson College,410.0,lv,2/26/22,2022-05-03,2022_OH_Governor_REP,0
2022,OH,Governor,,REP,Jim Renacci,renacci j,9.0,Emerson College,410.0,lv,2/26/22,2022-05-03,2022_OH_Governor_REP,0
2022,OH,Governor,,REP,Joe Blystone,blystone j,20.0,The Trafalgar Group,1066.0,lv,2/4/22,2022-05-03,2022_OH_Governor_REP,0
2022,OH,Governor,,REP,Mike DeWine,dewine m,41.0,The Trafalgar Group,1066.0,lv,2/4/22,2022-05-03,2022_OH_Governor_REP,1
2022,OH,Governor,,REP,Jim Renacci,renacci j,23.0,The Trafalgar Group,1066.0,lv,2/4/22,2022-05-03,2022_OH_Governor_REP,0
2022,OH,Governor,,REP,Mike DeWine,dewine m,38.0,Public Policy Polling,626.0,lv,1/26/22,2022-05-03,2022_OH_Governor_REP,1
2022,OH,Governor,,REP,Jim Renacci,renacci j,33.0,Public Policy Polling,626.0,lv,1/26/22,2022-05-03,2022_OH_Governor_REP,0
2022,OH,Governor,,REP,Mike DeWine,dewine m,38.0,Fabrizio Lee,800.0,lv,1/13/22,2022-05-03,2022_OH_Governor_REP,1
2022,OH,Governor,,REP,Jim Renacci,renacci j,46.0,Fabrizio Lee,800.0,lv,1/13/22,2022-05-03,2022_OH_Governor_REP,0
2022,OH,Governor,,REP,Mike DeWine,dewine m,34.0,Fabrizio Lee,600.0,lv,5/1/21,2022-05-03,2022_OH_Governor_REP,1
2022,OH,Governor,,REP,Jim Renacci,renacci j,42.0,Fabrizio Lee,600.0,lv,5/1/21,2022-05-03,2022_OH_Governor_REP,0
2022,OH,Governor,,DEM,John Cranley,cranley j,18.0,University of Akron,,lv,3/15/22,2022-05-03,2022_OH_Governor_DEM,0
2022,OH,Governor,,DEM,Nan Whaley,whaley n,23.0,University of Akron,,lv,3/15/22,2022-05-03,2022_OH_Governor_DEM,1
2022,OH,Governor,,DEM,John Cranley,cranley j,16.0,Emerson College,313.0,lv,2/26/22,2022-05-03,2022_OH_Governor_DEM,0
2022,OH,Governor,,DEM,Nan Whaley,whaley n,16.0,Emerson College,313.0,lv,2/26/22,2022-05-03,2022_OH_Governor_DEM,1
2022,OH,Governor,,DEM,John Cranley,cranley j,20.0,Clarity Campaign Labs,670.0,lv,1/19/22,2022-05-03,2022_OH_Governor_DEM,0
2022,OH,Governor,,DEM,Nan Whaley,whaley n,33.0,Clarity Campaign Labs,670.0,lv,1/19/22,2022-05-03,2022_OH_Governor_DEM,1
2022,OH,Governor,,REP,Mike DeWine,dewine m,44.0,Redfield & Wilton Strategies,1200.0,rv,8/24/21,2022-05-03,2022_OH_Governor_REP,1
2022,OH,Governor,,DEM,Nan Whaley,whaley n,25.0,Redfield & Wilton Strategies,1200.0,rv,8/24/21,2022-05-03,2022_OH_Governor_DEM,1
2022,OH,Governor,,DEM,John Cranley,cranley j,24.0,Redfield & Wilton Strategies,1200.0,rv,8/24/21,2022-05-03,2022_OH_Governor_DEM,0
2022,OK,Governor,,REP,Joel Kintsel,kintsel j,4.0,Amber Integrated,400.0,lv,6/9/22,2022-06-28,2022_OK_Governor_REP,0
2022,OK,Governor,,REP,Moira McCabe,mccabe m,3.0,Amber Integrated,400.0,lv,6/9/22,2022-06-28,2022_OK_Governor_REP,0
2022,OK,Governor,,REP,Mark Sherwood,sherwood m,8.0,Amber Integrated,400.0,lv,6/9/22,2022-06-28,2022_OK_Governor_REP,0
2022,OK,Governor,,REP,Kevin Stitt,stitt k,61.0,Amber Integrated,400.0,lv,6/9/22,2022-06-28,2022_OK_Governor_REP,1
2022,OK,Governor,,REP,Joel Kintsel,kintsel j,4.0,SoonerPoll,306.0,lv,5/11/22,2022-06-28,2022_OK_Governor_REP,0
2022,OK,Governor,,REP,Moira McCabe,mccabe m,1.0,SoonerPoll,306.0,lv,5/11/22,2022-06-28,2022_OK_Governor_REP,0
2022,OK,Governor,,REP,Mark Sherwood,sherwood m,5.0,SoonerPoll,306.0,lv,5/11/22,2022-06-28,2022_OK_Governor_REP,0
2022,OK,Governor,,REP,Kevin Stitt,stitt k,67.0,SoonerPoll,306.0,lv,5/11/22,2022-06-28,2022_OK_Governor_REP,1
2022,OK,Governor,,REP,Mark Sherwood,sherwood m,15.0,Amber Integrated,455.0,lv,3/27/22,2022-06-28,2022_OK_Governor_REP,0
2022,OK,Governor,,REP,Kevin Stitt,stitt k,59.0,Amber Integrated,455.0,lv,3/27/22,2022-06-28,2022_OK_Governor_REP,1
2022,OK,Governor,,DEM,Joy Hofmeister,hofmeister j,33.0,Amber Integrated,243.0,rv,10/14/21,2022-06-28,2022_OK_Governor_DEM,1
2022,OK,Governor,,DEM,Connie Johnson,johnson c,13.0,Amber Integrated,243.0,rv,10/14/21,2022-06-28,2022_OK_Governor_DEM,0
2022,OK,Governor,,DEM,Joy Hofmeister,hofmeister j,28.999999999999996,Amber Integrated,795.0,lv,6/9/22,2022-06-28,2022_OK_Governor_DEM,1
2022,OK,Governor,,DEM,Joy Hofmeister,hofmeister j,30.0,Amber Integrated,500.0,lv,3/27/22,2022-06-28,2022_OK_Governor_DEM,1
2022,OK,Governor,,REP,Kevin Stitt,stitt k,49.0,Cole Hargrave Snodgrass & Associates,500.0,rv,1/21/22,2022-06-28,2022_OK_Governor_REP,1
2022,OK,Governor,,DEM,Joy Hofmeister,hofmeister j,27.0,Cole Hargrave Snodgrass & Associates,500.0,rv,1/21/22,2022-06-28,2022_OK_Governor_DEM,1
2022,OK,Governor,,REP,Kevin Stitt,stitt k,57.99999999999999,Change Research,881.0,lv,1/10/22,2022-06-28,2022_OK_Governor_REP,1
2022,OK,Governor,,DEM,Joy Hofmeister,hofmeister j,32.0,Change Research,881.0,lv,1/10/22,2022-06-28,2022_OK_Governor_DEM,1
2022,OK,Governor,,REP,Kevin Stitt,stitt k,47.0,Amber Integrated,500.0,rv,12/19/21,2022-06-28,2022_OK_Governor_REP,1
2022,OK,Governor,,DEM,Joy Hofmeister,hofmeister j,32.0,Amber Integrated,500.0,rv,12/19/21,2022-06-28,2022_OK_Governor_DEM,1
2022,OK,Governor,,REP,Kevin Stitt,stitt k,49.0,Amber Integrated,500.0,rv,10/14/21,2022-06-28,2022_OK_Governor_REP,1
2022,OK,Governor,,REP,Kevin Stitt,stitt k,46.0,Cole Hargrave Snodgrass & Associates,500.0,rv,10/1/21,2022-06-28,2022_OK_Governor_REP,1
2022,OK,Governor,,DEM,Joy Hofmeister,hofmeister j,31.0,Cole Hargrave Snodgrass & Associates,500.0,rv,10/1/21,2022-06-28,2022_OK_Governor_DEM,1
2022,OR,Governor,,DEM,Tina Kotek,kotek t,25.0,FM3 Research,653.0,lv,4/11/22,2022-05-17,2022_OR_Governor_DEM,1
2022,OR,Governor,,DEM,Tobias Read,read t,20.0,FM3 Research,653.0,lv,4/11/22,2022-05-17,2022_OR_Governor_DEM,0
2022,OR,Governor,,REP,Bridget Barton,barton b,3.0,Nelson Research,4.0,,5/2/22,2022-05-17,2022_OR_Governor_REP,0
2022,OR,Governor,,REP,Christine Drazan,drazan c,19.0,Nelson Research,4.0,,5/2/22,2022-05-17,2022_OR_Governor_REP,1
2022,OR,Governor,,REP,Jessica Gomez,gomez j,2.0,Nelson Research,4.0,,5/2/22,2022-05-17,2022_OR_Governor_REP,0
2022,OR,Governor,,REP,Kerry McQuisten,mcquisten k,6.0,Nelson Research,4.0,,5/2/22,2022-05-17,2022_OR_Governor_REP,0
2022,OR,Governor,,REP,Bud Pierce,pierce b,10.0,Nelson Research,4.0,,5/2/22,2022-05-17,2022_OR_Governor_REP,0
2022,OR,Governor,,REP,Stan Pulliam,pulliam s,7.000000000000001,Nelson Research,4.0,,5/2/22,2022-05-17,2022_OR_Governor_REP,0
2022,OR,Governor,,REP,Marc Thielman,thielman m,6.0,Nelson Research,4.0,,5/2/22,2022-05-17,2022_OR_Governor_REP,0
2022,OR,Governor,,REP,Bob Tiernan,tiernan b,14.000000000000002,Nelson Research,4.0,,5/2/22,2022-05-17,2022_OR_Governor_REP,0
2022,OR,Governor,,DEM,Tina Kotek,kotek t,34.0,GS Strategy Group,,lv,5/1/22,2022-05-17,2022_OR_Governor_DEM,1
2022,OR,Governor,,REP,Christine Drazan,drazan c,24.0,GS Strategy Group,,lv,5/1/22,2022-05-17,2022_OR_Governor_REP,1
2022,OR,Governor,,DEM,Tina Kotek,kotek t,23.0,GS Strategy Group,,lv,3/1/22,2022-05-17,2022_OR_Governor_DEM,1
2022,OR,Governor,,REP,Christine Drazan,drazan c,18.0,GS Strategy Group,,lv,3/1/22,2022-05-17,2022_OR_Governor_REP,1
2022,PA,Governor,,REP,Lou Barletta,barletta l,25.0,The Trafalgar Group,1195.0,lv,5/16/22,2022-05-17,2022_PA_Governor_REP,0
2022,PA,Governor,,REP,Doug Mastriano,mastriano d,37.0,The Trafalgar Group,1195.0,lv,5/16/22,2022-05-17,2022_PA_Governor_REP,1
2022,PA,Governor,,REP,William McSwain,mcswain w,17.0,The Trafalgar Group,1195.0,lv,5/16/22,2022-05-17,2022_PA_Governor_REP,0
2022,PA,Governor,,REP,Dave White,white d,10.0,The Trafalgar Group,1195.0,lv,5/16/22,2022-05-17,2022_PA_Governor_REP,0
2022,PA,Governor,,REP,Lou Barletta,barletta l,22.0,Emerson College,1000.0,lv,5/15/22,2022-05-17,2022_PA_Governor_REP,0
2022,PA,Governor,,REP,Jake Corman,corman j,2.0,Emerson College,1000.0,lv,5/15/22,2022-05-17,2022_PA_Governor_REP,0
2022,PA,Governor,,REP,Doug Mastriano,mastriano d,34.0,Emerson College,1000.0,lv,5/15/22,2022-05-17,2022_PA_Governor_REP,1
2022,PA,Governor,,REP,William McSwain,mcswain w,12.0,Emerson College,1000.0,lv,5/15/22,2022-05-17,2022_PA_Governor_REP,0
2022,PA,Governor,,REP,Dave White,white d,9.0,Emerson College,1000.0,lv,5/15/22,2022-05-17,2022_PA_Governor_REP,0
2022,PA,Governor,,REP,Lou Barletta,barletta l,15.0,Susquehanna Polling & Research,400.0,lv,5/15/22,2022-05-17,2022_PA_Governor_REP,0
2022,PA,Governor,,REP,Jake Corman,corman j,1.0,Susquehanna Polling & Research,400.0,lv,5/15/22,2022-05-17,2022_PA_Governor_REP,0
2022,PA,Governor,,REP,Doug Mastriano,mastriano d,28.999999999999996,Susquehanna Polling & Research,400.0,lv,5/15/22,2022-05-17,2022_PA_Governor_REP,1
2022,PA,Governor,,REP,William McSwain,mcswain w,18.0,Susquehanna Polling & Research,400.0,lv,5/15/22,2022-05-17,2022_PA_Governor_REP,0
2022,PA,Governor,,REP,Dave White,white d,8.0,Susquehanna Polling & Research,400.0,lv,5/15/22,2022-05-17,2022_PA_Governor_REP,0
2022,PA,Governor,,REP,Lou Barletta,barletta l,18.0,The Trafalgar Group,1080.0,lv,5/8/22,2022-05-17,2022_PA_Governor_REP,0
2022,PA,Governor,,REP,Jake Corman,corman j,5.0,The Trafalgar Group,1080.0,lv,5/8/22,2022-05-17,2022_PA_Governor_REP,0
2022,PA,Governor,,REP,Doug Mastriano,mastriano d,28.000000000000004,The Trafalgar Group,1080.0,lv,5/8/22,2022-05-17,2022_PA_Governor_REP,1
2022,PA,Governor,,REP,William McSwain,mcswain w,14.000000000000002,The Trafalgar Group,1080.0,lv,5/8/22,2022-05-17,2022_PA_Governor_REP,0
2022,PA,Governor,,REP,Dave White,white d,15.0,The Trafalgar Group,1080.0,lv,5/8/22,2022-05-17,2022_PA_Governor_REP,0
2022,PA,Governor,,REP,Lou Barletta,barletta l,17.0,Fox News,1001.0,lv,5/7/22,2022-05-17,2022_PA_Governor_REP,0
2022,PA,Governor,,REP,Jake Corman,corman j,5.0,Fox News,1001.0,lv,5/7/22,2022-05-17,2022_PA_Governor_REP,0
2022,PA,Governor,,REP,Doug Mastriano,mastriano d,28.999999999999996,Fox News,1001.0,lv,5/7/22,2022-05-17,2022_PA_Governor_REP,1
2022,PA,Governor,,REP,William McSwain,mcswain w,13.0,Fox News,1001.0,lv,5/7/22,2022-05-17,2022_PA_Governor_REP,0
2022,PA,Governor,,REP,Dave White,white d,11.0,Fox News,1001.0,lv,5/7/22,2022-05-17,2022_PA_Governor_REP,0
2022,PA,Governor,,REP,Lou Barletta,barletta l,11.0,Franklin & Marshall College,325.0,rv,5/1/22,2022-05-17,2022_PA_Governor_REP,0
2022,PA,Governor,,REP,Jake Corman,corman j,1.0,Franklin & Marshall College,325.0,rv,5/1/22,2022-05-17,2022_PA_Governor_REP,0
2022,PA,Governor,,REP,Doug Mastriano,mastriano d,20.0,Franklin & Marshall College,325.0,rv,5/1/22,2022-05-17,2022_PA_Governor_REP,1
2022,PA,Governor,,REP,William McSwain,mcswain w,12.0,Franklin & Marshall College,325.0,rv,5/1/22,2022-05-17,2022_PA_Governor_REP,0
2022,PA,Governor,,REP,Dave White,white d,8.0,Franklin & Marshall College,325.0,rv,5/1/22,2022-05-17,2022_PA_Governor_REP,0
2022,PA,Governor,,REP,Lou Barletta,barletta l,19.0,The Trafalgar Group,1074.0,lv,4/13/22,2022-05-17,2022_PA_Governor_REP,0
2022,PA,Governor,,REP,Jake Corman,corman j,3.0,The Trafalgar Group,1074.0,lv,4/13/22,2022-05-17,2022_PA_Governor_REP,0
2022,PA,Governor,,REP,Doug Mastriano,mastriano d,22.0,The Trafalgar Group,1074.0,lv,4/13/22,2022-05-17,2022_PA_Governor_REP,1
2022,PA,Governor,,REP,William McSwain,mcswain w,17.0,The Trafalgar Group,1074.0,lv,4/13/22,2022-05-17,2022_PA_Governor_REP,0
2022,PA,Governor,,REP,Dave White,white d,11.0,The Trafalgar Group,1074.0,lv,4/13/22,2022-05-17,2022_PA_Governor_REP,0
2022,PA,Governor,,REP,Lou Barletta,barletta l,10.0,Franklin & Marshall College,317.0,rv,4/10/22,2022-05-17,2022_PA_Governor_REP,0
2022,PA,Governor,,REP,Jake Corman,corman j,2.0,Franklin & Marshall College,317.0,rv,4/10/22,2022-05-17,2022_PA_Governor_REP,0
2022,PA,Governor,,REP,Doug Mastriano,mastriano d,15.0,Franklin & Marshall College,317.0,rv,4/10/22,2022-05-17,2022_PA_Governor_REP,1
2022,PA,Governor,,REP,William McSwain,mcswain w,12.0,Franklin & Marshall College,317.0,rv,4/10/22,2022-05-17,2022_PA_Governor_REP,0
2022,PA,Governor,,REP,Dave White,white d,5.0,Franklin & Marshall College,317.0,rv,4/10/22,2022-05-17,2022_PA_Governor_REP,0
2022,PA,Governor,,REP,Lou Barletta,barletta l,11.0,Eagle Consulting Group,502.0,lv,4/9/22,2022-05-17,2022_PA_Governor_REP,0
2022,PA,Governor,,REP,Doug Mastriano,mastriano d,19.0,Eagle Consulting Group,502.0,lv,4/9/22,2022-05-17,2022_PA_Governor_REP,1
2022,PA,Governor,,REP,William McSwain,mcswain w,13.0,Eagle Consulting Group,502.0,lv,4/9/22,2022-05-17,2022_PA_Governor_REP,0
2022,PA,Governor,,REP,Dave White,white d,7.000000000000001,Eagle Consulting Group,502.0,lv,4/9/22,2022-05-17,2022_PA_Governor_REP,0
2022,PA,Governor,,REP,Lou Barletta,barletta l,20.0,Emerson College,1000.0,lv,4/4/22,2022-05-17,2022_PA_Governor_REP,0
2022,PA,Governor,,REP,Jake Corman,corman j,4.0,Emerson College,1000.0,lv,4/4/22,2022-05-17,2022_PA_Governor_REP,0
2022,PA,Governor,,REP,Doug Mastriano,mastriano d,19.0,Emerson College,1000.0,lv,4/4/22,2022-05-17,2022_PA_Governor_REP,1
2022,PA,Governor,,REP,William McSwain,mcswain w,8.0,Emerson College,1000.0,lv,4/4/22,2022-05-17,2022_PA_Governor_REP,0
2022,PA,Governor,,REP,Dave White,white d,12.0,Emerson College,1000.0,lv,4/4/22,2022-05-17,2022_PA_Governor_REP,0
2022,PA,Governor,,REP,Lou Barletta,barletta l,12.0,Emerson College,372.0,lv,3/28/22,2022-05-17,2022_PA_Governor_REP,0
2022,PA,Governor,,REP,Jake Corman,corman j,2.0,Emerson College,372.0,lv,3/28/22,2022-05-17,2022_PA_Governor_REP,0
2022,PA,Governor,,REP,Doug Mastriano,mastriano d,16.0,Emerson College,372.0,lv,3/28/22,2022-05-17,2022_PA_Governor_REP,1
2022,PA,Governor,,REP,William McSwain,mcswain w,6.0,Emerson College,372.0,lv,3/28/22,2022-05-17,2022_PA_Governor_REP,0
2022,PA,Governor,,REP,Dave White,white d,6.0,Emerson College,372.0,lv,3/28/22,2022-05-17,2022_PA_Governor_REP,0
2022,PA,Governor,,REP,Lou Barletta,barletta l,19.0,Fox News,517.0,lv,3/6/22,2022-05-17,2022_PA_Governor_REP,0
2022,PA,Governor,,REP,Jake Corman,corman j,6.0,Fox News,517.0,lv,3/6/22,2022-05-17,2022_PA_Governor_REP,0
2022,PA,Governor,,REP,Scott Martin,martin s,3.0,Fox News,517.0,lv,3/6/22,2022-05-17,2022_PA_Governor_REP,0
2022,PA,Governor,,REP,Doug Mastriano,mastriano d,18.0,Fox News,517.0,lv,3/6/22,2022-05-17,2022_PA_Governor_REP,1
2022,PA,Governor,,REP,William McSwain,mcswain w,11.0,Fox News,517.0,lv,3/6/22,2022-05-17,2022_PA_Governor_REP,0
2022,PA,Governor,,REP,Dave White,white d,14.000000000000002,Fox News,517.0,lv,3/6/22,2022-05-17,2022_PA_Governor_REP,0
2022,PA,Governor,,REP,Lou Barletta,barletta l,24.0,The Trafalgar Group,1070.0,lv,2/4/22,2022-05-17,2022_PA_Governor_REP,0
2022,PA,Governor,,REP,Jake Corman,corman j,5.0,The Trafalgar Group,1070.0,lv,2/4/22,2022-05-17,2022_PA_Governor_REP,0
2022,PA,Governor,,REP,Scott Martin,martin s,4.0,The Trafalgar Group,1070.0,lv,2/4/22,2022-05-17,2022_PA_Governor_REP,0
2022,PA,Governor,,REP,Doug Mastriano,mastriano d,20.0,The Trafalgar Group,1070.0,lv,2/4/22,2022-05-17,2022_PA_Governor_REP,1
2022,PA,Governor,,REP,William McSwain,mcswain w,4.0,The Trafalgar Group,1070.0,lv,2/4/22,2022-05-17,2022_PA_Governor_REP,0
2022,PA,Governor,,REP,Lou Barletta,barletta l,14.000000000000002,Public Policy Polling,648.0,lv,11/10/21,2022-05-17,2022_PA_Governor_REP,0
2022,PA,Governor,,REP,Jake Corman,corman j,4.0,Public Policy Polling,648.0,lv,11/10/21,2022-05-17,2022_PA_Governor_REP,0
2022,PA,Governor,,REP,Scott Martin,martin s,3.0,Public Policy Polling,648.0,lv,11/10/21,2022-05-17,2022_PA_Governor_REP,0
2022,PA,Governor,,REP,Doug Mastriano,mastriano d,18.0,Public Policy Polling,648.0,lv,11/10/21,2022-05-17,2022_PA_Governor_REP,1
2022,PA,Governor,,REP,William McSwain,mcswain w,2.0,Public Policy Polling,648.0,lv,11/10/21,2022-05-17,2022_PA_Governor_REP,0
2022,PA,Governor,,REP,Dave White,white d,1.0,Public Policy Polling,648.0,lv,11/10/21,2022-05-17,2022_PA_Governor_REP,0
2022,PA,Governor,,REP,Lou Barletta,barletta l,27.0,Susquehanna Polling & Research,313.0,lv,9/30/21,2022-05-17,2022_PA_Governor_REP,0
2022,PA,Governor,,REP,Scott Martin,martin s,6.0,Susquehanna Polling & Research,313.0,lv,9/30/21,2022-05-17,2022_PA_Governor_REP,0
2022,PA,Governor,,REP,William McSwain,mcswain w,0.0,Susquehanna Polling & Research,313.0,lv,9/30/21,2022-05-17,2022_PA_Governor_REP,0
2022,PA,Governor,,REP,Lou Barletta,barletta l,16.0,WPA Intelligence,826.0,lv,5/12/21,2022-05-17,2022_PA_Governor_REP,0
2022,PA,Governor,,REP,Doug Mastriano,mastriano d,19.0,WPA Intelligence,826.0,lv,5/12/21,2022-05-17,2022_PA_Governor_REP,1
2022,PA,Governor,,REP,Lou Barletta,barletta l,20.0,Susquehanna Polling & Research,272.0,lv,2/24/21,2022-05-17,2022_PA_Governor_REP,0
2022,PA,Governor,,REP,Doug Mastriano,mastriano d,11.0,Susquehanna Polling & Research,272.0,lv,2/24/21,2022-05-17,2022_PA_Governor_REP,1
2022,PA,Governor,,REP,William McSwain,mcswain w,3.0,Susquehanna Polling & Research,272.0,lv,2/24/21,2022-05-17,2022_PA_Governor_REP,0
2022,RI,Governor,,DEM,Matt Brown,brown m,8.0,Fleming & Associates,405.0,lv,8/10/22,2022-09-13,2022_RI_Governor_DEM,0
2022,RI,Governor,,DEM,Helena Foulkes,foulkes h,14.000000000000002,Fleming & Associates,405.0,lv,8/10/22,2022-09-13,2022_RI_Governor_DEM,0
2022,RI,Governor,,DEM,Nellie Gorbea,gorbea n,25.0,Fleming & Associates,405.0,lv,8/10/22,2022-09-13,2022_RI_Governor_DEM,0
2022,RI,Governor,,DEM,Dan McKee,mckee d,28.000000000000004,Fleming & Associates,405.0,lv,8/10/22,2022-09-13,2022_RI_Governor_DEM,1
2022,RI,Governor,,DEM,Luis Daniel Muñoz,munoz l,1.0,Fleming & Associates,405.0,lv,8/10/22,2022-09-13,2022_RI_Governor_DEM,0
2022,RI,Governor,,DEM,Matt Brown,brown m,7.000000000000001,Lake Research Partners,500.0,lv,7/27/22,2022-09-13,2022_RI_Governor_DEM,0
2022,RI,Governor,,DEM,Helena Foulkes,foulkes h,14.000000000000002,Lake Research Partners,500.0,lv,7/27/22,2022-09-13,2022_RI_Governor_DEM,0
2022,RI,Governor,,DEM,Nellie Gorbea,gorbea n,27.0,Lake Research Partners,500.0,lv,7/27/22,2022-09-13,2022_RI_Governor_DEM,0
2022,RI,Governor,,DEM,Dan McKee,mckee d,22.0,Lake Research Partners,500.0,lv,7/27/22,2022-09-13,2022_RI_Governor_DEM,1
2022,RI,Governor,,DEM,Luis Daniel Muñoz,munoz l,3.0,Lake Research Partners,500.0,lv,7/27/22,2022-09-13,2022_RI_Governor_DEM,0
2022,RI,Governor,,DEM,Matt Brown,brown m,5.0,Suffolk University,353.0,lv,6/22/22,2022-09-13,2022_RI_Governor_DEM,0
2022,RI,Governor,,DEM,Helena Foulkes,foulkes h,16.0,Suffolk University,353.0,lv,6/22/22,2022-09-13,2022_RI_Governor_DEM,0
2022,RI,Governor,,DEM,Nellie Gorbea,gorbea n,24.0,Suffolk University,353.0,lv,6/22/22,2022-09-13,2022_RI_Governor_DEM,0
2022,RI,Governor,,DEM,Dan McKee,mckee d,20.0,Suffolk University,353.0,lv,6/22/22,2022-09-13,2022_RI_Governor_DEM,1
2022,RI,Governor,,DEM,Luis Daniel Muñoz,munoz l,1.0,Suffolk University,353.0,lv,6/22/22,2022-09-13,2022_RI_Governor_DEM,0
2022,RI,Governor,,DEM,Matt Brown,brown m,7.000000000000001,Fleming & Associates,400.0,lv,5/12/22,2022-09-13,2022_RI_Governor_DEM,0
2022,RI,Governor,,DEM,Helena Foulkes,foulkes h,6.0,Fleming & Associates,400.0,lv,5/12/22,2022-09-13,2022_RI_Governor_DEM,0
2022,RI,Governor,,DEM,Nellie Gorbea,gorbea n,23.0,Fleming & Associates,400.0,lv,5/12/22,2022-09-13,2022_RI_Governor_DEM,0
2022,RI,Governor,,DEM,Dan McKee,mckee d,25.0,Fleming & Associates,400.0,lv,5/12/22,2022-09-13,2022_RI_Governor_DEM,1
2022,RI,Governor,,DEM,Luis Daniel Muñoz,munoz l,2.0,Fleming & Associates,400.0,lv,5/12/22,2022-09-13,2022_RI_Governor_DEM,0
2022,RI,Governor,,DEM,Matt Brown,brown m,10.0,Lake Research Partners,600.0,lv,4/14/22,2022-09-13,2022_RI_Governor_DEM,0
2022,RI,Governor,,DEM,Helena Foulkes,foulkes h,7.000000000000001,Lake Research Partners,600.0,lv,4/14/22,2022-09-13,2022_RI_Governor_DEM,0
2022,RI,Governor,,DEM,Nellie Gorbea,gorbea n,30.0,Lake Research Partners,600.0,lv,4/14/22,2022-09-13,2022_RI_Governor_DEM,0
2022,RI,Governor,,DEM,Dan McKee,mckee d,24.0,Lake Research Partners,600.0,lv,4/14/22,2022-09-13,2022_RI_Governor_DEM,1
2022,RI,Governor,,DEM,Luis Daniel Muñoz,munoz l,1.0,Lake Research Partners,600.0,lv,4/14/22,2022-09-13,2022_RI_Governor_DEM,0
2022,RI,Governor,,DEM,Matt Brown,brown m,6.0,Lake Research Partners,500.0,lv,11/10/21,2022-09-13,2022_RI_Governor_DEM,0
2022,RI,Governor,,DEM,Helena Foulkes,foulkes h,4.0,Lake Research Partners,500.0,lv,11/10/21,2022-09-13,2022_RI_Governor_DEM,0
2022,RI,Governor,,DEM,Nellie Gorbea,gorbea n,24.0,Lake Research Partners,500.0,lv,11/10/21,2022-09-13,2022_RI_Governor_DEM,0
2022,RI,Governor,,DEM,Seth Magaziner,magaziner s,16.0,Lake Research Partners,500.0,lv,11/10/21,2022-09-13,2022_RI_Governor_DEM,0
2022,RI,Governor,,DEM,Dan McKee,mckee d,26.0,Lake Research Partners,500.0,lv,11/10/21,2022-09-13,2022_RI_Governor_DEM,1
2022,RI,Governor,,DEM,Dan McKee,mckee d,51.0,Echelon Insights,373.0,lv,9/7/22,2022-09-13,2022_RI_Governor_DEM,1
2022,RI,Governor,,REP,Ashley Kalus,kalus a,28.000000000000004,Echelon Insights,373.0,lv,9/7/22,2022-09-13,2022_RI_Governor_REP,1
2022,RI,Governor,,REP,Jonathan Riccitelli,riccitelli j,25.0,Echelon Insights,373.0,lv,9/7/22,2022-09-13,2022_RI_Governor_REP,0
2022,SD,Governor,,REP,Steven Haugaard,haugaard s,17.0,South Dakota State University,,lv,5/15/22,2022-06-07,2022_SD_Governor_REP,0
2022,SD,Governor,,REP,Kristi Noem,noem k,61.0,South Dakota State University,,lv,5/15/22,2022-06-07,2022_SD_Governor_REP,1
2022,TX,Governor,,REP,Greg Abbott,abbott g,62.0,The Trafalgar Group,1040.0,lv,2/28/22,2022-03-01,2022_TX_Governor_REP,1
2022,TX,Governor,,REP,Don Huffines,huffines d,10.0,The Trafalgar Group,1040.0,lv,2/28/22,2022-03-01,2022_TX_Governor_REP,0
2022,TX,Governor,,REP,Ricky Lynn Perry,perry r,2.0,The Trafalgar Group,1040.0,lv,2/28/22,2022-03-01,2022_TX_Governor_REP,0
2022,TX,Governor,,REP,Chad Prather,prather c,2.0,The Trafalgar Group,1040.0,lv,2/28/22,2022-03-01,2022_TX_Governor_REP,0
2022,TX,Governor,,REP,Allen West,west a,15.0,The Trafalgar Group,1040.0,lv,2/28/22,2022-03-01,2022_TX_Governor_REP,0
2022,TX,Governor,,REP,Greg Abbott,abbott g,61.0,Emerson College,522.0,lv,2/22/22,2022-03-01,2022_TX_Governor_REP,1
2022,TX,Governor,,REP,Don Huffines,huffines d,9.0,Emerson College,522.0,lv,2/22/22,2022-03-01,2022_TX_Governor_REP,0
2022,TX,Governor,,REP,Ricky Lynn Perry,perry r,3.0,Emerson College,522.0,lv,2/22/22,2022-03-01,2022_TX_Governor_REP,0
2022,TX,Governor,,REP,Chad Prather,prather c,3.0,Emerson College,522.0,lv,2/22/22,2022-03-01,2022_TX_Governor_REP,0
2022,TX,Governor,,REP,Allen West,west a,12.0,Emerson College,522.0,lv,2/22/22,2022-03-01,2022_TX_Governor_REP,0
2022,TX,Governor,,REP,Greg Abbott,abbott g,60.0,UT Tyler,581.0,lv,2/15/22,2022-03-01,2022_TX_Governor_REP,1
2022,TX,Governor,,REP,Don Huffines,huffines d,3.0,UT Tyler,581.0,lv,2/15/22,2022-03-01,2022_TX_Governor_REP,0
2022,TX,Governor,,REP,Ricky Lynn Perry,perry r,6.0,UT Tyler,581.0,lv,2/15/22,2022-03-01,2022_TX_Governor_REP,0
2022,TX,Governor,,REP,Chad Prather,prather c,3.0,UT Tyler,581.0,lv,2/15/22,2022-03-01,2022_TX_Governor_REP,0
2022,TX,Governor,,REP,Allen West,west a,7.000000000000001,UT Tyler,581.0,lv,2/15/22,2022-03-01,2022_TX_Governor_REP,0
2022,TX,Governor,,REP,Greg Abbott,abbott g,60.0,YouGov / UT,375.0,lv,2/7/22,2022-03-01,2022_TX_Governor_REP,1
2022,TX,Governor,,REP,Don Huffines,huffines d,14.000000000000002,YouGov / UT,375.0,lv,2/7/22,2022-03-01,2022_TX_Governor_REP,0
2022,TX,Governor,,REP,Ricky Lynn Perry,perry r,5.0,YouGov / UT,375.0,lv,2/7/22,2022-03-01,2022_TX_Governor_REP,0
2022,TX,Governor,,REP,Chad Prather,prather c,3.0,YouGov / UT,375.0,lv,2/7/22,2022-03-01,2022_TX_Governor_REP,0
2022,TX,Governor,,REP,Allen West,west a,15.0,YouGov / UT,375.0,lv,2/7/22,2022-03-01,2022_TX_Governor_REP,0
2022,TX,Governor,,REP,Greg Abbott,abbott g,34.0,Paradigm Partners,1542.0,lv,1/31/22,2022-03-01,2022_TX_Governor_REP,1
2022,TX,Governor,,REP,Don Huffines,huffines d,5.0,Paradigm Partners,1542.0,lv,1/31/22,2022-03-01,2022_TX_Governor_REP,0
2022,TX,Governor,,REP,Ricky Lynn Perry,perry r,6.0,Paradigm Partners,1542.0,lv,1/31/22,2022-03-01,2022_TX_Governor_REP,0
2022,TX,Governor,,REP,Chad Prather,prather c,6.0,Paradigm Partners,1542.0,lv,1/31/22,2022-03-01,2022_TX_Governor_REP,0
2022,TX,Governor,,REP,Allen West,west a,43.0,Paradigm Partners,1542.0,lv,1/31/22,2022-03-01,2022_TX_Governor_REP,0
2022,TX,Governor,,REP,Greg Abbott,abbott g,59.0,UT Tyler,514.0,lv,1/25/22,2022-03-01,2022_TX_Governor_REP,1
2022,TX,Governor,,REP,Don Huffines,huffines d,4.0,UT Tyler,514.0,lv,1/25/22,2022-03-01,2022_TX_Governor_REP,0
2022,TX,Governor,,REP,Ricky Lynn Perry,perry r,4.0,UT Tyler,514.0,lv,1/25/22,2022-03-01,2022_TX_Governor_REP,0
2022,TX,Governor,,REP,Chad Prather,prather c,2.0,UT Tyler,514.0,lv,1/25/22,2022-03-01,2022_TX_Governor_REP,0
2022,TX,Governor,,REP,Allen West,west a,6.0,UT Tyler,514.0,lv,1/25/22,2022-03-01,2022_TX_Governor_REP,0
2022,TX,Governor,,REP,Greg Abbott,abbott g,57.99999999999999,YouGov / UH,490.0,lv,1/24/22,2022-03-01,2022_TX_Governor_REP,1
2022,TX,Governor,,REP,Don Huffines,huffines d,7.000000000000001,YouGov / UH,490.0,lv,1/24/22,2022-03-01,2022_TX_Governor_REP,0
2022,TX,Governor,,REP,Ricky Lynn Perry,perry r,3.0,YouGov / UH,490.0,lv,1/24/22,2022-03-01,2022_TX_Governor_REP,0
2022,TX,Governor,,REP,Chad Prather,prather c,2.0,YouGov / UH,490.0,lv,1/24/22,2022-03-01,2022_TX_Governor_REP,0
2022,TX,Governor,,REP,Allen West,west a,11.0,YouGov / UH,490.0,lv,1/24/22,2022-03-01,2022_TX_Governor_REP,0
2022,TX,Governor,,REP,Greg Abbott,abbott g,33.0,Paradigm Partners,1486.0,lv,1/9/22,2022-03-01,2022_TX_Governor_REP,1
2022,TX,Governor,,REP,Don Huffines,huffines d,5.0,Paradigm Partners,1486.0,lv,1/9/22,2022-03-01,2022_TX_Governor_REP,0
2022,TX,Governor,,REP,Ricky Lynn Perry,perry r,12.0,Paradigm Partners,1486.0,lv,1/9/22,2022-03-01,2022_TX_Governor_REP,0
2022,TX,Governor,,REP,Chad Prather,prather c,3.0,Paradigm Partners,1486.0,lv,1/9/22,2022-03-01,2022_TX_Governor_REP,0
2022,TX,Governor,,REP,Allen West,west a,38.0,Paradigm Partners,1486.0,lv,1/9/22,2022-03-01,2022_TX_Governor_REP,0
2022,TX,Governor,,REP,Greg Abbott,abbott g,33.0,Paradigm Partners,447.0,lv,12/16/21,2022-03-01,2022_TX_Governor_REP,1
2022,TX,Governor,,REP,Don Huffines,huffines d,2.0,Paradigm Partners,447.0,lv,12/16/21,2022-03-01,2022_TX_Governor_REP,0
2022,TX,Governor,,REP,Ricky Lynn Perry,perry r,15.0,Paradigm Partners,447.0,lv,12/16/21,2022-03-01,2022_TX_Governor_REP,0
2022,TX,Governor,,REP,Chad Prather,prather c,1.0,Paradigm Partners,447.0,lv,12/16/21,2022-03-01,2022_TX_Governor_REP,0
2022,TX,Governor,,REP,Allen West,west a,35.0,Paradigm Partners,447.0,lv,12/16/21,2022-03-01,2022_TX_Governor_REP,0
2022,TX,Governor,,REP,Greg Abbott,abbott g,42.0,Paradigm Partners,,lv,11/30/21,2022-03-01,2022_TX_Governor_REP,1
2022,TX,Governor,,REP,Don Huffines,huffines d,3.0,Paradigm Partners,,lv,11/30/21,2022-03-01,2022_TX_Governor_REP,0
2022,TX,Governor,,REP,Chad Prather,prather c,2.0,Paradigm Partners,,lv,11/30/21,2022-03-01,2022_TX_Governor_REP,0
2022,TX,Governor,,REP,Allen West,west a,36.0,Paradigm Partners,,lv,11/30/21,2022-03-01,2022_TX_Governor_REP,0
2022,TX,Governor,,REP,Greg Abbott,abbott g,65.0,UT Tyler,520.0,lv,11/16/21,2022-03-01,2022_TX_Governor_REP,1
2022,TX,Governor,,REP,Don Huffines,huffines d,3.0,UT Tyler,520.0,lv,11/16/21,2022-03-01,2022_TX_Governor_REP,0
2022,TX,Governor,,REP,Chad Prather,prather c,6.0,UT Tyler,520.0,lv,11/16/21,2022-03-01,2022_TX_Governor_REP,0
2022,TX,Governor,,REP,Allen West,west a,6.0,UT Tyler,520.0,lv,11/16/21,2022-03-01,2022_TX_Governor_REP,0
2022,TX,Governor,,REP,Greg Abbott,abbott g,43.0,Paradigm Partners,,lv,11/11/21,2022-03-01,2022_TX_Governor_REP,1
2022,TX,Governor,,REP,Don Huffines,huffines d,3.0,Paradigm Partners,,lv,11/11/21,2022-03-01,2022_TX_Governor_REP,0
2022,TX,Governor,,REP,Chad Prather,prather c,2.0,Paradigm Partners,,lv,11/11/21,2022-03-01,2022_TX_Governor_REP,0
2022,TX,Governor,,REP,Allen West,west a,33.0,Paradigm Partners,,lv,11/11/21,2022-03-01,2022_TX_Governor_REP,0
2022,TX,Governor,,REP,Greg Abbott,abbott g,56.00000000000001,YouGov / UT / TT,554.0,rv,10/31/21,2022-03-01,2022_TX_Governor_REP,1
2022,TX,Governor,,REP,Don Huffines,huffines d,7.000000000000001,YouGov / UT / TT,554.0,rv,10/31/21,2022-03-01,2022_TX_Governor_REP,0
2022,TX,Governor,,REP,Chad Prather,prather c,4.0,YouGov / UT / TT,554.0,rv,10/31/21,2022-03-01,2022_TX_Governor_REP,0
2022,TX,Governor,,REP,Allen West,west a,13.0,YouGov / UT / TT,554.0,rv,10/31/21,2022-03-01,2022_TX_Governor_REP,0
2022,TX,Governor,,REP,Greg Abbott,abbott g,61.0,YouGov / TXHPF,405.0,lv,10/27/21,2022-03-01,2022_TX_Governor_REP,1
2022,TX,Governor,,REP,Don Huffines,huffines d,4.0,YouGov / TXHPF,405.0,lv,10/27/21,2022-03-01,2022_TX_Governor_REP,0
2022,TX,Governor,,REP,Chad Prather,prather c,3.0,YouGov / TXHPF,405.0,lv,10/27/21,2022-03-01,2022_TX_Governor_REP,0
2022,TX,Governor,,REP,Allen West,west a,13.0,YouGov / TXHPF,405.0,lv,10/27/21,2022-03-01,2022_TX_Governor_REP,0
2022,TX,Governor,,REP,Greg Abbott,abbott g,70.0,UT Tyler,427.0,lv,9/14/21,2022-03-01,2022_TX_Governor_REP,1
2022,TX,Governor,,REP,Don Huffines,huffines d,15.0,UT Tyler,427.0,lv,9/14/21,2022-03-01,2022_TX_Governor_REP,0
2022,TX,Governor,,REP,Greg Abbott,abbott g,80.0,Victory Insights,400.0,rv,7/24/21,2022-03-01,2022_TX_Governor_REP,1
2022,TX,Governor,,REP,Allen West,west a,20.0,Victory Insights,400.0,rv,7/24/21,2022-03-01,2022_TX_Governor_REP,0
2022,TX,Governor,,REP,Greg Abbott,abbott g,73.0,Paradigm Partners,,lv,6/30/21,2022-03-01,2022_TX_Governor_REP,1
2022,TX,Governor,,REP,Allen West,west a,17.0,Paradigm Partners,,lv,6/30/21,2022-03-01,2022_TX_Governor_REP,0
2022,TX,Governor,,REP,Greg Abbott,abbott g,77.0,UT Tyler,440.0,lv,6/29/21,2022-03-01,2022_TX_Governor_REP,1
2022,TX,Governor,,REP,Don Huffines,huffines d,12.0,UT Tyler,440.0,lv,6/29/21,2022-03-01,2022_TX_Governor_REP,0
2022,TX,Governor,,REP,Greg Abbott,abbott g,69.0,Public Opinion Strategies,446.0,lv,6/17/21,2022-03-01,2022_TX_Governor_REP,1
2022,TX,Governor,,REP,Don Huffines,huffines d,3.0,Public Opinion Strategies,446.0,lv,6/17/21,2022-03-01,2022_TX_Governor_REP,0
2022,TX,Governor,,REP,Sid Miller,miller s,3.0,Public Opinion Strategies,446.0,lv,6/17/21,2022-03-01,2022_TX_Governor_REP,0
2022,TX,Governor,,REP,Allen West,west a,13.0,Public Opinion Strategies,446.0,lv,6/17/21,2022-03-01,2022_TX_Governor_REP,0
2022,TX,Governor,,DEM,Inocencio Barrientez,barrientez i,1.0,Emerson College,388.0,lv,2/22/22,2022-03-01,2022_TX_Governor_DEM,0
2022,TX,Governor,,DEM,Michael Cooper,cooper m,5.0,Emerson College,388.0,lv,2/22/22,2022-03-01,2022_TX_Governor_DEM,0
2022,TX,Governor,,DEM,Joy Diaz,diaz j,4.0,Emerson College,388.0,lv,2/22/22,2022-03-01,2022_TX_Governor_DEM,0
2022,TX,Governor,,DEM,Beto O'Rourke,orourke b,78.0,Emerson College,388.0,lv,2/22/22,2022-03-01,2022_TX_Governor_DEM,1
2022,TX,Governor,,DEM,Rich Wakeland,wakeland r,2.0,Emerson College,388.0,lv,2/22/22,2022-03-01,2022_TX_Governor_DEM,0
2022,TX,Governor,,DEM,Inocencio Barrientez,barrientez i,2.0,UT Tyler,479.0,lv,2/15/22,2022-03-01,2022_TX_Governor_DEM,0
2022,TX,Governor,,DEM,Michael Cooper,cooper m,3.0,UT Tyler,479.0,lv,2/15/22,2022-03-01,2022_TX_Governor_DEM,0
2022,TX,Governor,,DEM,Joy Diaz,diaz j,4.0,UT Tyler,479.0,lv,2/15/22,2022-03-01,2022_TX_Governor_DEM,0
2022,TX,Governor,,DEM,Jack Foster Jr.,foster j,2.0,UT Tyler,479.0,lv,2/15/22,2022-03-01,2022_TX_Governor_DEM,0
2022,TX,Governor,,DEM,Deirdre Gilbert,gilbert d,2.0,UT Tyler,479.0,lv,2/15/22,2022-03-01,2022_TX_Governor_DEM,0
2022,TX,Governor,,DEM,Star Locke,locke s,2.0,UT Tyler,479.0,lv,2/15/22,2022-03-01,2022_TX_Governor_DEM,0
2022,TX,Governor,,DEM,Beto O'Rourke,orourke b,68.0,UT Tyler,479.0,lv,2/15/22,2022-03-01,2022_TX_Governor_DEM,1
2022,TX,Governor,,DEM,Rich Wakeland,wakeland r,2.0,UT Tyler,479.0,lv,2/15/22,2022-03-01,2022_TX_Governor_DEM,0
2022,TX,Governor,,DEM,Inocencio Barrientez,barrientez i,2.0,YouGov / UT,348.0,lv,2/7/22,2022-03-01,2022_TX_Governor_DEM,0
2022,TX,Governor,,DEM,Michael Cooper,cooper m,1.0,YouGov / UT,348.0,lv,2/7/22,2022-03-01,2022_TX_Governor_DEM,0
2022,TX,Governor,,DEM,Joy Diaz,diaz j,2.0,YouGov / UT,348.0,lv,2/7/22,2022-03-01,2022_TX_Governor_DEM,0
2022,TX,Governor,,DEM,Beto O'Rourke,orourke b,93.0,YouGov / UT,348.0,lv,2/7/22,2022-03-01,2022_TX_Governor_DEM,1
2022,TX,Governor,,DEM,Rich Wakeland,wakeland r,1.0,YouGov / UT,348.0,lv,2/7/22,2022-03-01,2022_TX_Governor_DEM,0
2022,TX,Governor,,DEM,Inocencio Barrientez,barrientez i,1.0,UT Tyler,459.0,lv,1/25/22,2022-03-01,2022_TX_Governor_DEM,0
2022,TX,Governor,,DEM,Michael Cooper,cooper m,6.0,UT Tyler,459.0,lv,1/25/22,2022-03-01,2022_TX_Governor_DEM,0
2022,TX,Governor,,DEM,Joy Diaz,diaz j,4.0,UT Tyler,459.0,lv,1/25/22,2022-03-01,2022_TX_Governor_DEM,0
2022,TX,Governor,,DEM,Jack Foster Jr.,foster j,2.0,UT Tyler,459.0,lv,1/25/22,2022-03-01,2022_TX_Governor_DEM,0
2022,TX,Governor,,DEM,Deirdre Gilbert,gilbert d,1.0,UT Tyler,459.0,lv,1/25/22,2022-03-01,2022_TX_Governor_DEM,0
2022,TX,Governor,,DEM,Star Locke,locke s,1.0,UT Tyler,459.0,lv,1/25/22,2022-03-01,2022_TX_Governor_DEM,0
2022,TX,Governor,,DEM,Beto O'Rourke,orourke b,57.99999999999999,UT Tyler,459.0,lv,1/25/22,2022-03-01,2022_TX_Governor_DEM,1
2022,TX,Governor,,DEM,Rich Wakeland,wakeland r,0.0,UT Tyler,459.0,lv,1/25/22,2022-03-01,2022_TX_Governor_DEM,0
2022,TX,Governor,,DEM,Inocencio Barrientez,barrientez i,3.0,YouGov / UH,616.0,lv,1/24/22,2022-03-01,2022_TX_Governor_DEM,0
2022,TX,Governor,,DEM,Michael Cooper,cooper m,4.0,YouGov / UH,616.0,lv,1/24/22,2022-03-01,2022_TX_Governor_DEM,0
2022,TX,Governor,,DEM,Joy Diaz,diaz j,3.0,YouGov / UH,616.0,lv,1/24/22,2022-03-01,2022_TX_Governor_DEM,0
2022,TX,Governor,,DEM,Beto O'Rourke,orourke b,73.0,YouGov / UH,616.0,lv,1/24/22,2022-03-01,2022_TX_Governor_DEM,1
2022,TX,Governor,,DEM,Rich Wakeland,wakeland r,1.0,YouGov / UH,616.0,lv,1/24/22,2022-03-01,2022_TX_Governor_DEM,0
2022,TX,Governor,,DEM,Beto O'Rourke,orourke b,70.0,YouGov / UT / TT,436.0,rv,10/31/21,2022-03-01,2022_TX_Governor_DEM,1
2022,TX,Governor,,REP,Greg Abbott,abbott g,45.0,Climate Nexus,806.0,lv,2/9/22,2022-03-01,2022_TX_Governor_REP,1
2022,TX,Governor,,DEM,Beto O'Rourke,orourke b,40.0,Climate Nexus,806.0,lv,2/9/22,2022-03-01,2022_TX_Governor_DEM,1
2022,TX,Governor,,REP,Greg Abbott,abbott g,52.0,Quinnipiac University,1224.0,rv,12/6/21,2022-03-01,2022_TX_Governor_REP,1
2022,TX,Governor,,DEM,Beto O'Rourke,orourke b,37.0,Quinnipiac University,1224.0,rv,12/6/21,2022-03-01,2022_TX_Governor_DEM,1
2022,TX,Governor,,DEM,Beto O'Rourke,orourke b,39.0,UT Tyler,1106.0,rv,11/16/21,2022-03-01,2022_TX_Governor_DEM,1
2022,TX,Governor,,REP,Greg Abbott,abbott g,40.0,Redfield & Wilton Strategies,884.0,rv,11/9/21,2022-03-01,2022_TX_Governor_REP,1
2022,TX,Governor,,DEM,Beto O'Rourke,orourke b,39.0,Redfield & Wilton Strategies,884.0,rv,11/9/21,2022-03-01,2022_TX_Governor_DEM,1
2022,TX,Governor,,DEM,Beto O'Rourke,orourke b,42.0,YouGov / TXHPF,1402.0,rv,10/27/21,2022-03-01,2022_TX_Governor_DEM,1
2022,TX,Governor,,DEM,Beto O'Rourke,orourke b,37.0,UT Tyler,1148.0,rv,9/14/21,2022-03-01,2022_TX_Governor_DEM,1
2022,TX,Governor,,DEM,Beto O'Rourke,orourke b,33.0,UT Tyler,1090.0,rv,6/29/21,2022-03-01,2022_TX_Governor_DEM,1
2022,TX,Governor,,DEM,Beto O'Rourke,orourke b,42.0,Public Opinion Strategies,800.0,lv,6/17/21,2022-03-01,2022_TX_Governor_DEM,1
2022,TX,Governor,,DEM,Julián Castro,castro j,35.0,Redfield & Wilton Strategies,884.0,rv,11/9/21,2022-03-01,2022_TX_Governor_DEM,0
2022,TX,Governor,,REP,Greg Abbott,abbott g,33.0,UT Tyler,1124.0,rv,4/13/21,2022-03-01,2022_TX_Governor_REP,1
2022,TX,Governor,,REP,Greg Abbott,abbott g,46.0,Data for Progress,726.0,lv,9/22/20,2022-03-01,2022_TX_Governor_REP,1
2022,TX,Governor,,REP,Greg Abbott,abbott g,42.0,Quinnipiac University,863.0,rv,9/27/21,2022-03-01,2022_TX_Governor_REP,1
2022,TX,Governor,,REP,Greg Abbott,abbott g,46.0,Quinnipiac University,1099.0,rv,6/21/21,2022-03-01,2022_TX_Governor_REP,1
2022,WI,Governor,,DEM,Peng Her,her p,8.0,Change Research,560.0,lv,7/7/22,2022-08-09,2022_WI_Governor_DEM,0
2022,WI,Governor,,DEM,Sara Rodriguez,rodriguez s,25.0,Change Research,560.0,lv,7/7/22,2022-08-09,2022_WI_Governor_DEM,0
2022,WI,Governor,,REP,Rebecca Kleefisch,kleefisch r,26.0,Public Policy Polling,675.0,lv,5/10/22,2022-08-09,2022_WI_Governor_REP,0
2022,WI,Governor,,REP,Tim Michels,michels t,27.0,Public Policy Polling,675.0,lv,5/10/22,2022-08-09,2022_WI_Governor_REP,1
2022,WI,Governor,,REP,Kevin Nicholson,nicholson k,9.0,Public Policy Polling,675.0,lv,5/10/22,2022-08-09,2022_WI_Governor_REP,0
2022,WI,Governor,,REP,Tim Ramthun,ramthun t,6.0,Public Policy Polling,675.0,lv,5/10/22,2022-08-09,2022_WI_Governor_REP,0
2022,WI,Governor,,REP,Eric Hovde,hovde e,3.0,WPA Intelligence,,lv,1/18/22,2022-08-09,2022_WI_Governor_REP,0
2022,WI,Governor,,REP,Rebecca Kleefisch,kleefisch r,59.0,WPA Intelligence,,lv,1/18/22,2022-08-09,2022_WI_Governor_REP,0
2022,WI,Governor,,REP,Kevin Nicholson,nicholson k,8.0,WPA Intelligence,,lv,1/18/22,2022-08-09,2022_WI_Governor_REP,0
2022,WI,Governor,,DEM,Tony Evers,evers t,48.0,Marquette University,803.0,rv,6/20/22,2022-08-09,2022_WI_Governor_DEM,1
2022,WI,Governor,,REP,Tim Michels,michels t,41.0,Marquette University,803.0,rv,6/20/22,2022-08-09,2022_WI_Governor_REP,1
2022,WI,Governor,,REP,Rebecca Kleefisch,kleefisch r,43.0,Marquette University,803.0,rv,6/20/22,2022-08-09,2022_WI_Governor_REP,0
2022,WI,Governor,,DEM,Tony Evers,evers t,39.0,Redfield & Wilton Strategies,730.0,rv,8/24/21,2022-08-09,2022_WI_Governor_DEM,1
2022,WI,Governor,,REP,Rebecca Kleefisch,kleefisch r,38.0,Redfield & Wilton Strategies,730.0,rv,8/24/21,2022-08-09,2022_WI_Governor_REP,0
2022,WI,Governor,,DEM,Tony Evers,evers t,48.0,Change Research,1723.0,lv,3/27/21,2022-08-09,2022_WI_Governor_DEM,1
2022,WI,Governor,,REP,Rebecca Kleefisch,kleefisch r,43.0,Change Research,1723.0,lv,3/27/21,2022-08-09,2022_WI_Governor_REP,0
2022,WI,Governor,,REP,Tim Ramthun,ramthun t,34.0,Marquette University,803.0,rv,6/20/22,2022-08-09,2022_WI_Governor_REP,0
2022,WI,Governor,,REP,Kevin Nicholson,nicholson k,40.0,Marquette University,803.0,rv,6/20/22,2022-08-09,2022_WI_Governor_REP,0
2022,WI,Governor,,REP,Jonathan Wichmann,wichmann j,34.0,Redfield & Wilton Strategies,730.0,rv,8/24/21,2022-08-09,2022_WI_Governor_REP,0
2022,WI,Governor,,DEM,Tony Evers,evers t,47.0,Cygnal,640.0,lv,7/8/21,2022-08-09,2022_WI_Governor_DEM,1
2022,WI,Governor,,DEM,Tony Evers,evers t,45.0,Public Policy Polling,937.0,v,2/9/21,2022-08-09,2022_WI_Governor_DEM,1
2022,AL,Senate,,REP,Katie Britt,britt k,36.0,The Trafalgar Group,1060.0,lv,5/21/22,2022-05-24,2022_AL_Senate_REP,1
2022,AL,Senate,,REP,Mo Brooks,brooks m,28.000000000000004,The Trafalgar Group,1060.0,lv,5/21/22,2022-05-24,2022_AL_Senate_REP,0
2022,AL,Senate,,REP,Mike Durant,durant m,23.0,The Trafalgar Group,1060.0,lv,5/21/22,2022-05-24,2022_AL_Senate_REP,0
2022,AL,Senate,,REP,Katie Britt,britt k,37.0,McLaughlin & Associates,500.0,lv,5/19/22,2022-05-24,2022_AL_Senate_REP,1
2022,AL,Senate,,REP,Mo Brooks,brooks m,25.0,McLaughlin & Associates,500.0,lv,5/19/22,2022-05-24,2022_AL_Senate_REP,0
2022,AL,Senate,,REP,Mike Durant,durant m,24.0,McLaughlin & Associates,500.0,lv,5/19/22,2022-05-24,2022_AL_Senate_REP,0
2022,AL,Senate,,REP,Katie Britt,britt k,31.0,Cygnal,634.0,lv,5/16/22,2022-05-24,2022_AL_Senate_REP,1
2022,AL,Senate,,REP,Mo Brooks,brooks m,28.999999999999996,Cygnal,634.0,lv,5/16/22,2022-05-24,2022_AL_Senate_REP,0
2022,AL,Senate,,REP,Mike Durant,durant m,24.0,Cygnal,634.0,lv,5/16/22,2022-05-24,2022_AL_Senate_REP,0
2022,AL,Senate,,REP,Katie Britt,britt k,32.0,Emerson College,706.0,lv,5/16/22,2022-05-24,2022_AL_Senate_REP,1
2022,AL,Senate,,REP,Mo Brooks,brooks m,25.0,Emerson College,706.0,lv,5/16/22,2022-05-24,2022_AL_Senate_REP,0
2022,AL,Senate,,REP,Mike Durant,durant m,26.0,Emerson College,706.0,lv,5/16/22,2022-05-24,2022_AL_Senate_REP,0
2022,AL,Senate,,REP,Katie Britt,britt k,37.0,McLaughlin & Associates,500.0,lv,5/12/22,2022-05-24,2022_AL_Senate_REP,1
2022,AL,Senate,,REP,Mo Brooks,brooks m,21.0,McLaughlin & Associates,500.0,lv,5/12/22,2022-05-24,2022_AL_Senate_REP,0
2022,AL,Senate,,REP,Mike Durant,durant m,31.0,McLaughlin & Associates,500.0,lv,5/12/22,2022-05-24,2022_AL_Senate_REP,0
2022,AL,Senate,,REP,Katie Britt,britt k,32.0,Cygnal,600.0,lv,5/7/22,2022-05-24,2022_AL_Senate_REP,1
2022,AL,Senate,,REP,Mo Brooks,brooks m,23.0,Cygnal,600.0,lv,5/7/22,2022-05-24,2022_AL_Senate_REP,0
2022,AL,Senate,,REP,Mike Durant,durant m,21.0,Cygnal,600.0,lv,5/7/22,2022-05-24,2022_AL_Senate_REP,0
2022,AL,Senate,,REP,Katie Britt,britt k,27.0,Moore Information Group,400.0,lv,5/5/22,2022-05-24,2022_AL_Senate_REP,1
2022,AL,Senate,,REP,Mo Brooks,brooks m,20.0,Moore Information Group,400.0,lv,5/5/22,2022-05-24,2022_AL_Senate_REP,0
2022,AL,Senate,,REP,Mike Durant,durant m,20.0,Moore Information Group,400.0,lv,5/5/22,2022-05-24,2022_AL_Senate_REP,0
2022,AL,Senate,,REP,Katie Britt,britt k,39.0,McLaughlin & Associates,500.0,lv,5/5/22,2022-05-24,2022_AL_Senate_REP,1
2022,AL,Senate,,REP,Mo Brooks,brooks m,22.0,McLaughlin & Associates,500.0,lv,5/5/22,2022-05-24,2022_AL_Senate_REP,0
2022,AL,Senate,,REP,Mike Durant,durant m,27.0,McLaughlin & Associates,500.0,lv,5/5/22,2022-05-24,2022_AL_Senate_REP,0
2022,AL,Senate,,REP,Katie Britt,britt k,23.0,Emerson College,687.0,lv,3/27/22,2022-05-24,2022_AL_Senate_REP,1
2022,AL,Senate,,REP,Mo Brooks,brooks m,12.0,Emerson College,687.0,lv,3/27/22,2022-05-24,2022_AL_Senate_REP,0
2022,AL,Senate,,REP,Mike Durant,durant m,33.0,Emerson College,687.0,lv,3/27/22,2022-05-24,2022_AL_Senate_REP,0
2022,AL,Senate,,REP,Katie Britt,britt k,28.000000000000004,Cygnal,600.0,lv,3/17/22,2022-05-24,2022_AL_Senate_REP,1
2022,AL,Senate,,REP,Mo Brooks,brooks m,16.0,Cygnal,600.0,lv,3/17/22,2022-05-24,2022_AL_Senate_REP,0
2022,AL,Senate,,REP,Mike Durant,durant m,35.0,Cygnal,600.0,lv,3/17/22,2022-05-24,2022_AL_Senate_REP,0
2022,AL,Senate,,REP,Katie Britt,britt k,27.0,Wisemen Consulting,,lv,3/17/22,2022-05-24,2022_AL_Senate_REP,1
2022,AL,Senate,,REP,Mo Brooks,brooks m,23.0,Wisemen Consulting,,lv,3/17/22,2022-05-24,2022_AL_Senate_REP,0
2022,AL,Senate,,REP,Mike Durant,durant m,28.999999999999996,Wisemen Consulting,,lv,3/17/22,2022-05-24,2022_AL_Senate_REP,0
2022,AL,Senate,,REP,Katie Britt,britt k,32.0,McLaughlin & Associates,500.0,lv,3/13/22,2022-05-24,2022_AL_Senate_REP,1
2022,AL,Senate,,REP,Mo Brooks,brooks m,18.0,McLaughlin & Associates,500.0,lv,3/13/22,2022-05-24,2022_AL_Senate_REP,0
2022,AL,Senate,,REP,Mike Durant,durant m,34.0,McLaughlin & Associates,500.0,lv,3/13/22,2022-05-24,2022_AL_Senate_REP,0
2022,AL,Senate,,REP,Katie Britt,britt k,28.999999999999996,Cherry Communications,600.0,lv,2/6/22,2022-05-24,2022_AL_Senate_REP,1
2022,AL,Senate,,REP,Mo Brooks,brooks m,34.0,Cherry Communications,600.0,lv,2/6/22,2022-05-24,2022_AL_Senate_REP,0
2022,AL,Senate,,REP,Mike Durant,durant m,24.0,Cherry Communications,600.0,lv,2/6/22,2022-05-24,2022_AL_Senate_REP,0
2022,AL,Senate,,REP,Katie Britt,britt k,28.999999999999996,Deep Root Analytics,2088.0,lv,1/31/22,2022-05-24,2022_AL_Senate_REP,1
2022,AL,Senate,,REP,Mo Brooks,brooks m,28.000000000000004,Deep Root Analytics,2088.0,lv,1/31/22,2022-05-24,2022_AL_Senate_REP,0
2022,AL,Senate,,REP,Mike Durant,durant m,23.0,Deep Root Analytics,2088.0,lv,1/31/22,2022-05-24,2022_AL_Senate_REP,0
2022,AL,Senate,,REP,Katie Britt,britt k,25.0,WPA Intelligence,513.0,lv,1/27/22,2022-05-24,2022_AL_Senate_REP,1
2022,AL,Senate,,REP,Mo Brooks,brooks m,35.0,WPA Intelligence,513.0,lv,1/27/22,2022-05-24,2022_AL_Senate_REP,0
2022,AL,Senate,,REP,Mike Durant,durant m,30.0,WPA Intelligence,513.0,lv,1/27/22,2022-05-24,2022_AL_Senate_REP,0
2022,AL,Senate,,REP,Katie Britt,britt k,26.0,McLaughlin & Associates,500.0,lv,12/9/21,2022-05-24,2022_AL_Senate_REP,1
2022,AL,Senate,,REP,Mo Brooks,brooks m,31.0,McLaughlin & Associates,500.0,lv,12/9/21,2022-05-24,2022_AL_Senate_REP,0
2022,AL,Senate,,REP,Mike Durant,durant m,17.0,McLaughlin & Associates,500.0,lv,12/9/21,2022-05-24,2022_AL_Senate_REP,0
2022,AL,Senate,,REP,Jessica Taylor,taylor j,4.0,McLaughlin & Associates,500.0,lv,12/9/21,2022-05-24,2022_AL_Senate_REP,0
2022,AL,Senate,,REP,Katie Britt,britt k,31.0,TargetPoint Consulting,300.0,lv,11/8/21,2022-05-24,2022_AL_Senate_REP,1
2022,AL,Senate,,REP,Mo Brooks,brooks m,30.0,TargetPoint Consulting,300.0,lv,11/8/21,2022-05-24,2022_AL_Senate_REP,0
2022,AL,Senate,,REP,Mike Durant,durant m,12.0,TargetPoint Consulting,300.0,lv,11/8/21,2022-05-24,2022_AL_Senate_REP,0
2022,AL,Senate,,REP,Jessica Taylor,taylor j,7.000000000000001,TargetPoint Consulting,300.0,lv,11/8/21,2022-05-24,2022_AL_Senate_REP,0
2022,AL,Senate,,REP,Lynda Blanchard,blanchard l,1.0,Cygnal,650.0,lv,11/4/21,2022-05-24,2022_AL_Senate_REP,0
2022,AL,Senate,,REP,Katie Britt,britt k,24.0,Cygnal,650.0,lv,11/4/21,2022-05-24,2022_AL_Senate_REP,1
2022,AL,Senate,,REP,Mo Brooks,brooks m,22.0,Cygnal,650.0,lv,11/4/21,2022-05-24,2022_AL_Senate_REP,0
2022,AL,Senate,,REP,Mike Durant,durant m,9.0,Cygnal,650.0,lv,11/4/21,2022-05-24,2022_AL_Senate_REP,0
2022,AL,Senate,,REP,Jessica Taylor,taylor j,1.0,Cygnal,650.0,lv,11/4/21,2022-05-24,2022_AL_Senate_REP,0
2022,AL,Senate,,REP,Lynda Blanchard,blanchard l,3.0,The Strategy Group,784.0,lv,11/4/21,2022-05-24,2022_AL_Senate_REP,0
2022,AL,Senate,,REP,Katie Britt,britt k,23.0,The Strategy Group,784.0,lv,11/4/21,2022-05-24,2022_AL_Senate_REP,1
2022,AL,Senate,,REP,Mo Brooks,brooks m,28.000000000000004,The Strategy Group,784.0,lv,11/4/21,2022-05-24,2022_AL_Senate_REP,0
2022,AL,Senate,,REP,Mike Durant,durant m,7.000000000000001,The Strategy Group,784.0,lv,11/4/21,2022-05-24,2022_AL_Senate_REP,0
2022,AL,Senate,,REP,Jessica Taylor,taylor j,1.0,The Strategy Group,784.0,lv,11/4/21,2022-05-24,2022_AL_Senate_REP,0
2022,AL,Senate,,REP,Katie Britt,britt k,14.000000000000002,Cygnal,,lv,10/22/21,2022-05-24,2022_AL_Senate_REP,1
2022,AL,Senate,,REP,Mo Brooks,brooks m,26.0,Cygnal,,lv,10/22/21,2022-05-24,2022_AL_Senate_REP,0
2022,AL,Senate,,REP,Lynda Blanchard,blanchard l,5.0,WPA Intelligence,506.0,lv,10/14/21,2022-05-24,2022_AL_Senate_REP,0
2022,AL,Senate,,REP,Katie Britt,britt k,12.0,WPA Intelligence,506.0,lv,10/14/21,2022-05-24,2022_AL_Senate_REP,1
2022,AL,Senate,,REP,Mo Brooks,brooks m,55.00000000000001,WPA Intelligence,506.0,lv,10/14/21,2022-05-24,2022_AL_Senate_REP,0
2022,AL,Senate,,REP,Jessica Taylor,taylor j,5.0,WPA Intelligence,506.0,lv,10/14/21,2022-05-24,2022_AL_Senate_REP,0
2022,AL,Senate,,REP,Lynda Blanchard,blanchard l,3.0,Public Opinion Strategies,600.0,lv,9/2/21,2022-05-24,2022_AL_Senate_REP,0
2022,AL,Senate,,REP,Katie Britt,britt k,11.0,Public Opinion Strategies,600.0,lv,9/2/21,2022-05-24,2022_AL_Senate_REP,1
2022,AL,Senate,,REP,Mo Brooks,brooks m,41.0,Public Opinion Strategies,600.0,lv,9/2/21,2022-05-24,2022_AL_Senate_REP,0
2022,AL,Senate,,REP,Jessica Taylor,taylor j,7.000000000000001,Public Opinion Strategies,600.0,lv,9/2/21,2022-05-24,2022_AL_Senate_REP,0
2022,AL,Senate,,REP,Lynda Blanchard,blanchard l,2.0,Cygnal,600.0,lv,8/18/21,2022-05-24,2022_AL_Senate_REP,0
2022,AL,Senate,,REP,Katie Britt,britt k,18.0,Cygnal,600.0,lv,8/18/21,2022-05-24,2022_AL_Senate_REP,1
2022,AL,Senate,,REP,Mo Brooks,brooks m,41.0,Cygnal,600.0,lv,8/18/21,2022-05-24,2022_AL_Senate_REP,0
2022,AL,Senate,,REP,Jessica Taylor,taylor j,3.0,Cygnal,600.0,lv,8/18/21,2022-05-24,2022_AL_Senate_REP,0
2022,AL,Senate,,REP,Lynda Blanchard,blanchard l,13.0,WPA Intelligence,509.0,lv,4/27/21,2022-05-24,2022_AL_Senate_REP,0
2022,AL,Senate,,REP,Katie Britt,britt k,9.0,WPA Intelligence,509.0,lv,4/27/21,2022-05-24,2022_AL_Senate_REP,1
2022,AL,Senate,,REP,Mo Brooks,brooks m,59.0,WPA Intelligence,509.0,lv,4/27/21,2022-05-24,2022_AL_Senate_REP,0
2022,AL,Senate,,DEM,Will Boyd,boyd w,26.0,Emerson College,294.0,lv,5/16/22,2022-05-24,2022_AL_Senate_DEM,1
2022,AL,Senate,,DEM,Brandaun Dean,dean b,15.0,Emerson College,294.0,lv,5/16/22,2022-05-24,2022_AL_Senate_DEM,0
2022,AL,Senate,,DEM,Lanny Jackson,jackson l,11.0,Emerson College,294.0,lv,5/16/22,2022-05-24,2022_AL_Senate_DEM,0
2022,AL,Senate,,DEM,Will Boyd,boyd w,11.0,Emerson College,359.0,lv,3/27/22,2022-05-24,2022_AL_Senate_DEM,1
2022,AL,Senate,,DEM,Brandaun Dean,dean b,5.0,Emerson College,359.0,lv,3/27/22,2022-05-24,2022_AL_Senate_DEM,0
2022,AL,Senate,,DEM,Lanny Jackson,jackson l,7.000000000000001,Emerson College,359.0,lv,3/27/22,2022-05-24,2022_AL_Senate_DEM,0
2022,AL,Senate,,DEM,Victor Williams,williams v,11.0,Emerson College,359.0,lv,3/27/22,2022-05-24,2022_AL_Senate_DEM,0
2022,AR,Senate,,REP,Jake Bequette,bequette j,19.0,Hendrix College,802.0,lv,5/2/22,2022-05-24,2022_AR_Senate_REP,0
2022,AR,Senate,,REP,John Boozman,boozman j,45.0,Hendrix College,802.0,lv,5/2/22,2022-05-24,2022_AR_Senate_REP,1
2022,AR,Senate,,REP,Heath Loftis,loftis h,2.0,Hendrix College,802.0,lv,5/2/22,2022-05-24,2022_AR_Senate_REP,0
2022,AR,Senate,,REP,Jan Morgan,morgan j,17.0,Hendrix College,802.0,lv,5/2/22,2022-05-24,2022_AR_Senate_REP,0
2022,AZ,Senate,,REP,Mark Brnovich,brnovich m,16.0,The Trafalgar Group,1064.0,lv,8/1/22,2022-08-02,2022_AZ_Senate_REP,0
2022,AZ,Senate,,REP,Jim Lamon,lamon j,24.0,The Trafalgar Group,1064.0,lv,8/1/22,2022-08-02,2022_AZ_Senate_REP,0
2022,AZ,Senate,,REP,Blake Masters,masters b,39.0,The Trafalgar Group,1064.0,lv,8/1/22,2022-08-02,2022_AZ_Senate_REP,1
2022,AZ,Senate,,REP,Michael McGuire,mcguire m,7.000000000000001,The Trafalgar Group,1064.0,lv,8/1/22,2022-08-02,2022_AZ_Senate_REP,0
2022,AZ,Senate,,REP,Justin Olson,olson j,4.0,The Trafalgar Group,1064.0,lv,8/1/22,2022-08-02,2022_AZ_Senate_REP,0
2022,AZ,Senate,,REP,Mark Brnovich,brnovich m,14.000000000000002,Emerson College,600.0,lv,7/30/22,2022-08-02,2022_AZ_Senate_REP,0
2022,AZ,Senate,,REP,Jim Lamon,lamon j,22.0,Emerson College,600.0,lv,7/30/22,2022-08-02,2022_AZ_Senate_REP,0
2022,AZ,Senate,,REP,Blake Masters,masters b,40.0,Emerson College,600.0,lv,7/30/22,2022-08-02,2022_AZ_Senate_REP,1
2022,AZ,Senate,,REP,Michael McGuire,mcguire m,12.0,Emerson College,600.0,lv,7/30/22,2022-08-02,2022_AZ_Senate_REP,0
2022,AZ,Senate,,REP,Justin Olson,olson j,3.0,Emerson College,600.0,lv,7/30/22,2022-08-02,2022_AZ_Senate_REP,0
2022,AZ,Senate,,REP,Mark Brnovich,brnovich m,16.0,Rasmussen Reports,710.0,lv,7/28/22,2022-08-02,2022_AZ_Senate_REP,0
2022,AZ,Senate,,REP,Jim Lamon,lamon j,19.0,Rasmussen Reports,710.0,lv,7/28/22,2022-08-02,2022_AZ_Senate_REP,0
2022,AZ,Senate,,REP,Blake Masters,masters b,31.0,Rasmussen Reports,710.0,lv,7/28/22,2022-08-02,2022_AZ_Senate_REP,1
2022,AZ,Senate,,REP,Michael McGuire,mcguire m,10.0,Rasmussen Reports,710.0,lv,7/28/22,2022-08-02,2022_AZ_Senate_REP,0
2022,AZ,Senate,,REP,Justin Olson,olson j,3.0,Rasmussen Reports,710.0,lv,7/28/22,2022-08-02,2022_AZ_Senate_REP,0
2022,AZ,Senate,,REP,Mark Brnovich,brnovich m,12.0,OH Predictive Insights,502.0,lv,7/27/22,2022-08-02,2022_AZ_Senate_REP,0
2022,AZ,Senate,,REP,Jim Lamon,lamon j,21.0,OH Predictive Insights,502.0,lv,7/27/22,2022-08-02,2022_AZ_Senate_REP,0
2022,AZ,Senate,,REP,Blake Masters,masters b,36.0,OH Predictive Insights,502.0,lv,7/27/22,2022-08-02,2022_AZ_Senate_REP,1
2022,AZ,Senate,,REP,Michael McGuire,mcguire m,5.0,OH Predictive Insights,502.0,lv,7/27/22,2022-08-02,2022_AZ_Senate_REP,0
2022,AZ,Senate,,REP,Justin Olson,olson j,3.0,OH Predictive Insights,502.0,lv,7/27/22,2022-08-02,2022_AZ_Senate_REP,0
2022,AZ,Senate,,REP,Mark Brnovich,brnovich m,16.0,Battleground Connect,800.0,lv,7/27/22,2022-08-02,2022_AZ_Senate_REP,0
2022,AZ,Senate,,REP,Jim Lamon,lamon j,30.0,Battleground Connect,800.0,lv,7/27/22,2022-08-02,2022_AZ_Senate_REP,0
2022,AZ,Senate,,REP,Blake Masters,masters b,28.000000000000004,Battleground Connect,800.0,lv,7/27/22,2022-08-02,2022_AZ_Senate_REP,1
2022,AZ,Senate,,REP,Michael McGuire,mcguire m,8.0,Battleground Connect,800.0,lv,7/27/22,2022-08-02,2022_AZ_Senate_REP,0
2022,AZ,Senate,,REP,Justin Olson,olson j,6.0,Battleground Connect,800.0,lv,7/27/22,2022-08-02,2022_AZ_Senate_REP,0
2022,AZ,Senate,,REP,Mark Brnovich,brnovich m,15.0,The Trafalgar Group,1071.0,lv,7/27/22,2022-08-02,2022_AZ_Senate_REP,0
2022,AZ,Senate,,REP,Jim Lamon,lamon j,27.0,The Trafalgar Group,1071.0,lv,7/27/22,2022-08-02,2022_AZ_Senate_REP,0
2022,AZ,Senate,,REP,Blake Masters,masters b,35.0,The Trafalgar Group,1071.0,lv,7/27/22,2022-08-02,2022_AZ_Senate_REP,1
2022,AZ,Senate,,REP,Michael McGuire,mcguire m,8.0,The Trafalgar Group,1071.0,lv,7/27/22,2022-08-02,2022_AZ_Senate_REP,0
2022,AZ,Senate,,REP,Justin Olson,olson j,6.0,The Trafalgar Group,1071.0,lv,7/27/22,2022-08-02,2022_AZ_Senate_REP,0
2022,AZ,Senate,,REP,Mark Brnovich,brnovich m,16.0,Battleground Connect,800.0,lv,7/18/22,2022-08-02,2022_AZ_Senate_REP,0
2022,AZ,Senate,,REP,Jim Lamon,lamon j,33.0,Battleground Connect,800.0,lv,7/18/22,2022-08-02,2022_AZ_Senate_REP,0
2022,AZ,Senate,,REP,Blake Masters,masters b,28.000000000000004,Battleground Connect,800.0,lv,7/18/22,2022-08-02,2022_AZ_Senate_REP,1
2022,AZ,Senate,,REP,Michael McGuire,mcguire m,7.000000000000001,Battleground Connect,800.0,lv,7/18/22,2022-08-02,2022_AZ_Senate_REP,0
2022,AZ,Senate,,REP,Justin Olson,olson j,2.0,Battleground Connect,800.0,lv,7/18/22,2022-08-02,2022_AZ_Senate_REP,0
2022,AZ,Senate,,REP,Mark Brnovich,brnovich m,18.0,Cygnal,419.0,lv,7/13/22,2022-08-02,2022_AZ_Senate_REP,0
2022,AZ,Senate,,REP,Jim Lamon,lamon j,20.0,Cygnal,419.0,lv,7/13/22,2022-08-02,2022_AZ_Senate_REP,0
2022,AZ,Senate,,REP,Blake Masters,masters b,30.0,Cygnal,419.0,lv,7/13/22,2022-08-02,2022_AZ_Senate_REP,1
2022,AZ,Senate,,REP,Michael McGuire,mcguire m,5.0,Cygnal,419.0,lv,7/13/22,2022-08-02,2022_AZ_Senate_REP,0
2022,AZ,Senate,,REP,Justin Olson,olson j,2.0,Cygnal,419.0,lv,7/13/22,2022-08-02,2022_AZ_Senate_REP,0
2022,AZ,Senate,,REP,Mark Brnovich,brnovich m,16.0,Battleground Connect,800.0,lv,7/9/22,2022-08-02,2022_AZ_Senate_REP,0
2022,AZ,Senate,,REP,Jim Lamon,lamon j,28.999999999999996,Battleground Connect,800.0,lv,7/9/22,2022-08-02,2022_AZ_Senate_REP,0
2022,AZ,Senate,,REP,Blake Masters,masters b,27.0,Battleground Connect,800.0,lv,7/9/22,2022-08-02,2022_AZ_Senate_REP,1
2022,AZ,Senate,,REP,Michael McGuire,mcguire m,4.0,Battleground Connect,800.0,lv,7/9/22,2022-08-02,2022_AZ_Senate_REP,0
2022,AZ,Senate,,REP,Mark Brnovich,brnovich m,13.0,HighGround Public Affairs,400.0,lv,7/7/22,2022-08-02,2022_AZ_Senate_REP,0
2022,AZ,Senate,,REP,Jim Lamon,lamon j,14.000000000000002,HighGround Public Affairs,400.0,lv,7/7/22,2022-08-02,2022_AZ_Senate_REP,0
2022,AZ,Senate,,REP,Blake Masters,masters b,23.0,HighGround Public Affairs,400.0,lv,7/7/22,2022-08-02,2022_AZ_Senate_REP,1
2022,AZ,Senate,,REP,Michael McGuire,mcguire m,5.0,HighGround Public Affairs,400.0,lv,7/7/22,2022-08-02,2022_AZ_Senate_REP,0
2022,AZ,Senate,,REP,Justin Olson,olson j,2.0,HighGround Public Affairs,400.0,lv,7/7/22,2022-08-02,2022_AZ_Senate_REP,0
2022,AZ,Senate,,REP,Mark Brnovich,brnovich m,10.0,Alloy Analytics (R)/ J.L. Partners,500.0,lv,7/6/22,2022-08-02,2022_AZ_Senate_REP,0
2022,AZ,Senate,,REP,Jim Lamon,lamon j,14.000000000000002,Alloy Analytics (R)/ J.L. Partners,500.0,lv,7/6/22,2022-08-02,2022_AZ_Senate_REP,0
2022,AZ,Senate,,REP,Blake Masters,masters b,26.0,Alloy Analytics (R)/ J.L. Partners,500.0,lv,7/6/22,2022-08-02,2022_AZ_Senate_REP,1
2022,AZ,Senate,,REP,Michael McGuire,mcguire m,5.0,Alloy Analytics (R)/ J.L. Partners,500.0,lv,7/6/22,2022-08-02,2022_AZ_Senate_REP,0
2022,AZ,Senate,,REP,Justin Olson,olson j,0.0,Alloy Analytics (R)/ J.L. Partners,500.0,lv,7/6/22,2022-08-02,2022_AZ_Senate_REP,0
2022,AZ,Senate,,REP,Mark Brnovich,brnovich m,14.000000000000002,OH Predictive Insights,515.0,lv,7/2/22,2022-08-02,2022_AZ_Senate_REP,0
2022,AZ,Senate,,REP,Jim Lamon,lamon j,18.0,OH Predictive Insights,515.0,lv,7/2/22,2022-08-02,2022_AZ_Senate_REP,0
2022,AZ,Senate,,REP,Blake Masters,masters b,25.0,OH Predictive Insights,515.0,lv,7/2/22,2022-08-02,2022_AZ_Senate_REP,1
2022,AZ,Senate,,REP,Michael McGuire,mcguire m,6.0,OH Predictive Insights,515.0,lv,7/2/22,2022-08-02,2022_AZ_Senate_REP,0
2022,AZ,Senate,,REP,Justin Olson,olson j,2.0,OH Predictive Insights,515.0,lv,7/2/22,2022-08-02,2022_AZ_Senate_REP,0
2022,AZ,Senate,,REP,Mark Brnovich,brnovich m,15.0,Public Policy Polling,595.0,lv,6/28/22,2022-08-02,2022_AZ_Senate_REP,0
2022,AZ,Senate,,REP,Jim Lamon,lamon j,10.0,Public Policy Polling,595.0,lv,6/28/22,2022-08-02,2022_AZ_Senate_REP,0
2022,AZ,Senate,,REP,Blake Masters,masters b,28.999999999999996,Public Policy Polling,595.0,lv,6/28/22,2022-08-02,2022_AZ_Senate_REP,1
2022,AZ,Senate,,REP,Michael McGuire,mcguire m,5.0,Public Policy Polling,595.0,lv,6/28/22,2022-08-02,2022_AZ_Senate_REP,0
2022,AZ,Senate,,REP,Mark Brnovich,brnovich m,24.0,The Trafalgar Group,1077.0,lv,6/9/22,2022-08-02,2022_AZ_Senate_REP,0
2022,AZ,Senate,,REP,Jim Lamon,lamon j,17.0,The Trafalgar Group,1077.0,lv,6/9/22,2022-08-02,2022_AZ_Senate_REP,0
2022,AZ,Senate,,REP,Blake Masters,masters b,28.999999999999996,The Trafalgar Group,1077.0,lv,6/9/22,2022-08-02,2022_AZ_Senate_REP,1
2022,AZ,Senate,,REP,Michael McGuire,mcguire m,4.0,The Trafalgar Group,1077.0,lv,6/9/22,2022-08-02,2022_AZ_Senate_REP,0
2022,AZ,Senate,,REP,Justin Olson,olson j,4.0,The Trafalgar Group,1077.0,lv,6/9/22,2022-08-02,2022_AZ_Senate_REP,0
2022,AZ,Senate,,REP,Mark Brnovich,brnovich m,18.0,Data Orbital,550.0,lv,6/3/22,2022-08-02,2022_AZ_Senate_REP,0
2022,AZ,Senate,,REP,Jim Lamon,lamon j,20.0,Data Orbital,550.0,lv,6/3/22,2022-08-02,2022_AZ_Senate_REP,0
2022,AZ,Senate,,REP,Blake Masters,masters b,15.0,Data Orbital,550.0,lv,6/3/22,2022-08-02,2022_AZ_Senate_REP,1
2022,AZ,Senate,,REP,Mark Brnovich,brnovich m,18.0,Fabrizio Lee,800.0,lv,5/18/22,2022-08-02,2022_AZ_Senate_REP,0
2022,AZ,Senate,,REP,Jim Lamon,lamon j,18.0,Fabrizio Lee,800.0,lv,5/18/22,2022-08-02,2022_AZ_Senate_REP,0
2022,AZ,Senate,,REP,Blake Masters,masters b,22.0,Fabrizio Lee,800.0,lv,5/18/22,2022-08-02,2022_AZ_Senate_REP,1
2022,AZ,Senate,,REP,Michael McGuire,mcguire m,7.000000000000001,Fabrizio Lee,800.0,lv,5/18/22,2022-08-02,2022_AZ_Senate_REP,0
2022,AZ,Senate,,REP,Justin Olson,olson j,2.0,Fabrizio Lee,800.0,lv,5/18/22,2022-08-02,2022_AZ_Senate_REP,0
2022,AZ,Senate,,REP,Mark Brnovich,brnovich m,19.0,Cygnal,,lv,4/30/22,2022-08-02,2022_AZ_Senate_REP,0
2022,AZ,Senate,,REP,Jim Lamon,lamon j,20.0,Cygnal,,lv,4/30/22,2022-08-02,2022_AZ_Senate_REP,0
2022,AZ,Senate,,REP,Blake Masters,masters b,19.0,Cygnal,,lv,4/30/22,2022-08-02,2022_AZ_Senate_REP,1
2022,AZ,Senate,,REP,Michael McGuire,mcguire m,7.000000000000001,Cygnal,,lv,4/30/22,2022-08-02,2022_AZ_Senate_REP,0
2022,AZ,Senate,,REP,Justin Olson,olson j,2.0,Cygnal,,lv,4/30/22,2022-08-02,2022_AZ_Senate_REP,0
2022,AZ,Senate,,REP,Mark Brnovich,brnovich m,24.0,The Trafalgar Group,1064.0,lv,4/28/22,2022-08-02,2022_AZ_Senate_REP,0
2022,AZ,Senate,,REP,Jim Lamon,lamon j,25.0,The Trafalgar Group,1064.0,lv,4/28/22,2022-08-02,2022_AZ_Senate_REP,0
2022,AZ,Senate,,REP,Blake Masters,masters b,19.0,The Trafalgar Group,1064.0,lv,4/28/22,2022-08-02,2022_AZ_Senate_REP,1
2022,AZ,Senate,,REP,Michael McGuire,mcguire m,8.0,The Trafalgar Group,1064.0,lv,4/28/22,2022-08-02,2022_AZ_Senate_REP,0
2022,AZ,Senate,,REP,Justin Olson,olson j,3.0,The Trafalgar Group,1064.0,lv,4/28/22,2022-08-02,2022_AZ_Senate_REP,0
2022,AZ,Senate,,REP,Mark Brnovich,brnovich m,22.0,McLaughlin & Associates,,lv,4/24/22,2022-08-02,2022_AZ_Senate_REP,0
2022,AZ,Senate,,REP,Jim Lamon,lamon j,25.0,McLaughlin & Associates,,lv,4/24/22,2022-08-02,2022_AZ_Senate_REP,0
2022,AZ,Senate,,REP,Blake Masters,masters b,16.0,McLaughlin & Associates,,lv,4/24/22,2022-08-02,2022_AZ_Senate_REP,1
2022,AZ,Senate,,REP,Michael McGuire,mcguire m,6.0,McLaughlin & Associates,,lv,4/24/22,2022-08-02,2022_AZ_Senate_REP,0
2022,AZ,Senate,,REP,Mark Brnovich,brnovich m,21.0,OH Predictive Insights,500.0,lv,4/5/22,2022-08-02,2022_AZ_Senate_REP,0
2022,AZ,Senate,,REP,Jim Lamon,lamon j,16.0,OH Predictive Insights,500.0,lv,4/5/22,2022-08-02,2022_AZ_Senate_REP,0
2022,AZ,Senate,,REP,Blake Masters,masters b,9.0,OH Predictive Insights,500.0,lv,4/5/22,2022-08-02,2022_AZ_Senate_REP,1
2022,AZ,Senate,,REP,Michael McGuire,mcguire m,6.0,OH Predictive Insights,500.0,lv,4/5/22,2022-08-02,2022_AZ_Senate_REP,0
2022,AZ,Senate,,REP,Justin Olson,olson j,3.0,OH Predictive Insights,500.0,lv,4/5/22,2022-08-02,2022_AZ_Senate_REP,0
2022,AZ,Senate,,REP,Mark Brnovich,brnovich m,20.0,Data Orbital,550.0,lv,4/3/22,2022-08-02,2022_AZ_Senate_REP,0
2022,AZ,Senate,,REP,Jim Lamon,lamon j,26.0,Data Orbital,550.0,lv,4/3/22,2022-08-02,2022_AZ_Senate_REP,0
2022,AZ,Senate,,REP,Blake Masters,masters b,10.0,Data Orbital,550.0,lv,4/3/22,2022-08-02,2022_AZ_Senate_REP,1
2022,AZ,Senate,,REP,Michael McGuire,mcguire m,7.000000000000001,Data Orbital,550.0,lv,4/3/22,2022-08-02,2022_AZ_Senate_REP,0
2022,AZ,Senate,,REP,Justin Olson,olson j,4.0,Data Orbital,550.0,lv,4/3/22,2022-08-02,2022_AZ_Senate_REP,0
2022,AZ,Senate,,REP,Mark Brnovich,brnovich m,11.0,HighGround Public Affairs,264.0,lv,3/27/22,2022-08-02,2022_AZ_Senate_REP,0
2022,AZ,Senate,,REP,Jim Lamon,lamon j,10.0,HighGround Public Affairs,264.0,lv,3/27/22,2022-08-02,2022_AZ_Senate_REP,0
2022,AZ,Senate,,REP,Blake Masters,masters b,6.0,HighGround Public Affairs,264.0,lv,3/27/22,2022-08-02,2022_AZ_Senate_REP,1
2022,AZ,Senate,,REP,Michael McGuire,mcguire m,4.0,HighGround Public Affairs,264.0,lv,3/27/22,2022-08-02,2022_AZ_Senate_REP,0
2022,AZ,Senate,,REP,Mark Brnovich,brnovich m,14.000000000000002,Fabrizio Lee,800.0,lv,3/14/22,2022-08-02,2022_AZ_Senate_REP,0
2022,AZ,Senate,,REP,Jim Lamon,lamon j,14.000000000000002,Fabrizio Lee,800.0,lv,3/14/22,2022-08-02,2022_AZ_Senate_REP,0
2022,AZ,Senate,,REP,Blake Masters,masters b,16.0,Fabrizio Lee,800.0,lv,3/14/22,2022-08-02,2022_AZ_Senate_REP,1
2022,AZ,Senate,,REP,Michael McGuire,mcguire m,3.0,Fabrizio Lee,800.0,lv,3/14/22,2022-08-02,2022_AZ_Senate_REP,0
2022,AZ,Senate,,REP,Justin Olson,olson j,1.0,Fabrizio Lee,800.0,lv,3/14/22,2022-08-02,2022_AZ_Senate_REP,0
2022,AZ,Senate,,REP,Mark Brnovich,brnovich m,20.0,Alloy Analytics (R)/ J.L. Partners,433.0,lv,3/12/22,2022-08-02,2022_AZ_Senate_REP,0
2022,AZ,Senate,,REP,Jim Lamon,lamon j,15.0,Alloy Analytics (R)/ J.L. Partners,433.0,lv,3/12/22,2022-08-02,2022_AZ_Senate_REP,0
2022,AZ,Senate,,REP,Blake Masters,masters b,15.0,Alloy Analytics (R)/ J.L. Partners,433.0,lv,3/12/22,2022-08-02,2022_AZ_Senate_REP,1
2022,AZ,Senate,,REP,Michael McGuire,mcguire m,3.0,Alloy Analytics (R)/ J.L. Partners,433.0,lv,3/12/22,2022-08-02,2022_AZ_Senate_REP,0
2022,AZ,Senate,,REP,Justin Olson,olson j,1.0,Alloy Analytics (R)/ J.L. Partners,433.0,lv,3/12/22,2022-08-02,2022_AZ_Senate_REP,0
2022,AZ,Senate,,REP,Mark Brnovich,brnovich m,23.0,Data Orbital,,lv,3/1/22,2022-08-02,2022_AZ_Senate_REP,0
2022,AZ,Senate,,REP,Jim Lamon,lamon j,17.0,Data Orbital,,lv,3/1/22,2022-08-02,2022_AZ_Senate_REP,0
2022,AZ,Senate,,REP,Blake Masters,masters b,14.000000000000002,Data Orbital,,lv,3/1/22,2022-08-02,2022_AZ_Senate_REP,1
2022,AZ,Senate,,REP,Michael McGuire,mcguire m,4.0,Data Orbital,,lv,3/1/22,2022-08-02,2022_AZ_Senate_REP,0
2022,AZ,Senate,,REP,Justin Olson,olson j,5.0,Data Orbital,,lv,3/1/22,2022-08-02,2022_AZ_Senate_REP,0
2022,AZ,Senate,,REP,Mark Brnovich,brnovich m,22.0,Data Orbital,300.0,lv,2/13/22,2022-08-02,2022_AZ_Senate_REP,0
2022,AZ,Senate,,REP,Jim Lamon,lamon j,17.0,Data Orbital,300.0,lv,2/13/22,2022-08-02,2022_AZ_Senate_REP,0
2022,AZ,Senate,,REP,Blake Masters,masters b,15.0,Data Orbital,300.0,lv,2/13/22,2022-08-02,2022_AZ_Senate_REP,1
2022,AZ,Senate,,REP,Michael McGuire,mcguire m,5.0,Data Orbital,300.0,lv,2/13/22,2022-08-02,2022_AZ_Senate_REP,0
2022,AZ,Senate,,REP,Justin Olson,olson j,5.0,Data Orbital,300.0,lv,2/13/22,2022-08-02,2022_AZ_Senate_REP,0
2022,AZ,Senate,,REP,Mark Brnovich,brnovich m,17.0,co/efficient,755.0,lv,2/8/22,2022-08-02,2022_AZ_Senate_REP,0
2022,AZ,Senate,,REP,Jim Lamon,lamon j,13.0,co/efficient,755.0,lv,2/8/22,2022-08-02,2022_AZ_Senate_REP,0
2022,AZ,Senate,,REP,Blake Masters,masters b,12.0,co/efficient,755.0,lv,2/8/22,2022-08-02,2022_AZ_Senate_REP,1
2022,AZ,Senate,,REP,Michael McGuire,mcguire m,3.0,co/efficient,755.0,lv,2/8/22,2022-08-02,2022_AZ_Senate_REP,0
2022,AZ,Senate,,REP,Justin Olson,olson j,1.0,co/efficient,755.0,lv,2/8/22,2022-08-02,2022_AZ_Senate_REP,0
2022,AZ,Senate,,REP,Mark Brnovich,brnovich m,25.0,OH Predictive Insights,302.0,rv,1/13/22,2022-08-02,2022_AZ_Senate_REP,0
2022,AZ,Senate,,REP,Jim Lamon,lamon j,7.000000000000001,OH Predictive Insights,302.0,rv,1/13/22,2022-08-02,2022_AZ_Senate_REP,0
2022,AZ,Senate,,REP,Blake Masters,masters b,6.0,OH Predictive Insights,302.0,rv,1/13/22,2022-08-02,2022_AZ_Senate_REP,1
2022,AZ,Senate,,REP,Michael McGuire,mcguire m,11.0,OH Predictive Insights,302.0,rv,1/13/22,2022-08-02,2022_AZ_Senate_REP,0
2022,AZ,Senate,,REP,Justin Olson,olson j,4.0,OH Predictive Insights,302.0,rv,1/13/22,2022-08-02,2022_AZ_Senate_REP,0
2022,AZ,Senate,,REP,Mark Brnovich,brnovich m,27.0,OH Predictive Insights,252.0,rv,11/8/21,2022-08-02,2022_AZ_Senate_REP,0
2022,AZ,Senate,,REP,Jim Lamon,lamon j,5.0,OH Predictive Insights,252.0,rv,11/8/21,2022-08-02,2022_AZ_Senate_REP,0
2022,AZ,Senate,,REP,Blake Masters,masters b,9.0,OH Predictive Insights,252.0,rv,11/8/21,2022-08-02,2022_AZ_Senate_REP,1
2022,AZ,Senate,,REP,Michael McGuire,mcguire m,12.0,OH Predictive Insights,252.0,rv,11/8/21,2022-08-02,2022_AZ_Senate_REP,0
2022,AZ,Senate,,REP,Justin Olson,olson j,2.0,OH Predictive Insights,252.0,rv,11/8/21,2022-08-02,2022_AZ_Senate_REP,0
2022,AZ,Senate,,REP,Mark Brnovich,brnovich m,26.0,Fabrizio Lee,800.0,lv,10/28/21,2022-08-02,2022_AZ_Senate_REP,0
2022,AZ,Senate,,REP,Jim Lamon,lamon j,4.0,Fabrizio Lee,800.0,lv,10/28/21,2022-08-02,2022_AZ_Senate_REP,0
2022,AZ,Senate,,REP,Blake Masters,masters b,14.000000000000002,Fabrizio Lee,800.0,lv,10/28/21,2022-08-02,2022_AZ_Senate_REP,1
2022,AZ,Senate,,REP,Michael McGuire,mcguire m,2.0,Fabrizio Lee,800.0,lv,10/28/21,2022-08-02,2022_AZ_Senate_REP,0
2022,AZ,Senate,,REP,Justin Olson,olson j,2.0,Fabrizio Lee,800.0,lv,10/28/21,2022-08-02,2022_AZ_Senate_REP,0
2022,AZ,Senate,,REP,Mark Brnovich,brnovich m,41.0,OnMessage Inc.,500.0,lv,9/12/21,2022-08-02,2022_AZ_Senate_REP,0
2022,AZ,Senate,,REP,Jim Lamon,lamon j,5.0,OnMessage Inc.,500.0,lv,9/12/21,2022-08-02,2022_AZ_Senate_REP,0
2022,AZ,Senate,,REP,Blake Masters,masters b,7.000000000000001,OnMessage Inc.,500.0,lv,9/12/21,2022-08-02,2022_AZ_Senate_REP,1
2022,AZ,Senate,,REP,Michael McGuire,mcguire m,4.0,OnMessage Inc.,500.0,lv,9/12/21,2022-08-02,2022_AZ_Senate_REP,0
2022,AZ,Senate,,REP,Mark Brnovich,brnovich m,27.0,OH Predictive Insights,311.0,rv,9/12/21,2022-08-02,2022_AZ_Senate_REP,0
2022,AZ,Senate,,REP,Jim Lamon,lamon j,3.0,OH Predictive Insights,311.0,rv,9/12/21,2022-08-02,2022_AZ_Senate_REP,0
2022,AZ,Senate,,REP,Blake Masters,masters b,6.0,OH Predictive Insights,311.0,rv,9/12/21,2022-08-02,2022_AZ_Senate_REP,1
2022,AZ,Senate,,REP,Michael McGuire,mcguire m,14.000000000000002,OH Predictive Insights,311.0,rv,9/12/21,2022-08-02,2022_AZ_Senate_REP,0
2022,AZ,Senate,,REP,Mark Brnovich,brnovich m,28.999999999999996,Fabrizio Lee,800.0,lv,8/8/21,2022-08-02,2022_AZ_Senate_REP,0
2022,AZ,Senate,,REP,Jim Lamon,lamon j,7.000000000000001,Fabrizio Lee,800.0,lv,8/8/21,2022-08-02,2022_AZ_Senate_REP,0
2022,AZ,Senate,,REP,Blake Masters,masters b,5.0,Fabrizio Lee,800.0,lv,8/8/21,2022-08-02,2022_AZ_Senate_REP,1
2022,AZ,Senate,,REP,Michael McGuire,mcguire m,3.0,Fabrizio Lee,800.0,lv,8/8/21,2022-08-02,2022_AZ_Senate_REP,0
2022,AZ,Senate,,REP,Mark Brnovich,brnovich m,28.000000000000004,HighGround Public Affairs,400.0,lv,5/5/21,2022-08-02,2022_AZ_Senate_REP,0
2022,AZ,Senate,,REP,Blake Masters,masters b,1.0,HighGround Public Affairs,400.0,lv,5/5/21,2022-08-02,2022_AZ_Senate_REP,1
2022,AZ,Senate,,REP,Michael McGuire,mcguire m,1.0,HighGround Public Affairs,400.0,lv,5/5/21,2022-08-02,2022_AZ_Senate_REP,0
2022,AZ,Senate,,REP,Doug Ducey,ducey d,13.0,co/efficient,755.0,lv,2/8/22,2022-08-02,2022_AZ_Senate_REP,0
2022,AZ,Senate,,REP,Doug Ducey,ducey d,35.0,OH Predictive Insights,302.0,rv,1/13/22,2022-08-02,2022_AZ_Senate_REP,0
2022,AZ,Senate,,REP,Andy Biggs,biggs a,46.0,WPA Intelligence,505.0,lv,4/6/21,2022-08-02,2022_AZ_Senate_REP,0
2022,AZ,Senate,,REP,Doug Ducey,ducey d,45.0,WPA Intelligence,505.0,lv,4/6/21,2022-08-02,2022_AZ_Senate_REP,0
2022,AZ,Senate,,REP,Kirk Adams,adams k,2.0,OH Predictive Insights,690.0,rv,3/12/21,2022-08-02,2022_AZ_Senate_REP,0
2022,AZ,Senate,,REP,Andy Biggs,biggs a,27.0,OH Predictive Insights,690.0,rv,3/12/21,2022-08-02,2022_AZ_Senate_REP,0
2022,AZ,Senate,,REP,Blake Masters,masters b,2.0,OH Predictive Insights,690.0,rv,3/12/21,2022-08-02,2022_AZ_Senate_REP,1
2022,AZ,Senate,,REP,Michael McGuire,mcguire m,3.0,OH Predictive Insights,690.0,rv,3/12/21,2022-08-02,2022_AZ_Senate_REP,0
2022,AZ,Senate,,REP,Kirk Adams,adams k,2.0,Data Orbital,600.0,lv,2/19/21,2022-08-02,2022_AZ_Senate_REP,0
2022,AZ,Senate,,REP,Andy Biggs,biggs a,36.0,Data Orbital,600.0,lv,2/19/21,2022-08-02,2022_AZ_Senate_REP,0
2022,AZ,Senate,,REP,Jim Lamon,lamon j,1.0,Data Orbital,600.0,lv,2/19/21,2022-08-02,2022_AZ_Senate_REP,0
2022,AZ,Senate,,REP,Blake Masters,masters b,1.0,Data Orbital,600.0,lv,2/19/21,2022-08-02,2022_AZ_Senate_REP,1
2022,AZ,Senate,,REP,Michael McGuire,mcguire m,3.0,Data Orbital,600.0,lv,2/19/21,2022-08-02,2022_AZ_Senate_REP,0
2022,CO,Senate,,REP,Ron Hanks,hanks r,14.000000000000002,Public Opinion Strategies,400.0,lv,5/20/22,2022-06-28,2022_CO_Senate_REP,0
2022,CO,Senate,,REP,Joe O'Dea,odea j,38.0,Public Opinion Strategies,400.0,lv,5/20/22,2022-06-28,2022_CO_Senate_REP,1
2022,CT,Senate,,REP,Leora Levy,levy l,33.0,McLaughlin & Associates,500.0,lv,7/27/22,2022-08-09,2022_CT_Senate_REP,1
2022,CT,Senate,,REP,Leora Levy,levy l,36.0,Emerson College,1000.0,rv,5/11/22,2022-08-09,2022_CT_Senate_REP,1
2022,CT,Senate,,REP,Themis Klarides,klarides t,34.0,McLaughlin & Associates,500.0,lv,7/27/22,2022-08-09,2022_CT_Senate_REP,0
2022,CT,Senate,,REP,Themis Klarides,klarides t,40.0,Emerson College,1000.0,rv,5/11/22,2022-08-09,2022_CT_Senate_REP,0
2022,CT,Senate,,REP,Peter Lumaj,lumaj p,35.0,Emerson College,1000.0,rv,5/11/22,2022-08-09,2022_CT_Senate_REP,0
2022,FL,Senate,,DEM,Ricardo De La Fuente,fuente r,2.0,University of North Florida,529.0,lv,8/12/22,2022-08-23,2022_FL_Senate_DEM,0
2022,FL,Senate,,DEM,Val Demings,demings v,80.0,University of North Florida,529.0,lv,8/12/22,2022-08-23,2022_FL_Senate_DEM,1
2022,FL,Senate,,DEM,Brian Rush,rush b,4.0,University of North Florida,529.0,lv,8/12/22,2022-08-23,2022_FL_Senate_DEM,0
2022,FL,Senate,,DEM,William Sanchez,sanchez w,4.0,University of North Florida,529.0,lv,8/12/22,2022-08-23,2022_FL_Senate_DEM,0
2022,GA,Senate,,DEM,Raphael Warnock,warnock r,85.0,Emerson College,453.0,lv,4/3/22,2022-05-24,2022_GA_Senate_DEM,1
2022,GA,Senate,,DEM,Tamara Johnson-Shealey,johnsonshealey t,6.0,Emerson College,453.0,lv,4/3/22,2022-05-24,2022_GA_Senate_DEM,0
2022,GA,Senate,,REP,Gary Black,black g,10.0,The Trafalgar Group,1074.0,lv,5/23/22,2022-05-24,2022_GA_Senate_REP,0
2022,GA,Senate,,REP,Josh Clark,clark j,3.0,The Trafalgar Group,1074.0,lv,5/23/22,2022-05-24,2022_GA_Senate_REP,0
2022,GA,Senate,,REP,Kelvin King,king k,4.0,The Trafalgar Group,1074.0,lv,5/23/22,2022-05-24,2022_GA_Senate_REP,0
2022,GA,Senate,,REP,Jonathan McColumn,mccolumn j,2.0,The Trafalgar Group,1074.0,lv,5/23/22,2022-05-24,2022_GA_Senate_REP,0
2022,GA,Senate,,REP,Latham Saddler,saddler l,10.0,The Trafalgar Group,1074.0,lv,5/23/22,2022-05-24,2022_GA_Senate_REP,0
2022,GA,Senate,,REP,Herschel Walker,walker h,67.0,The Trafalgar Group,1074.0,lv,5/23/22,2022-05-24,2022_GA_Senate_REP,1
2022,GA,Senate,,REP,Gary Black,black g,9.0,Landmark Communications,500.0,lv,5/22/22,2022-05-24,2022_GA_Senate_REP,0
2022,GA,Senate,,REP,Josh Clark,clark j,3.0,Landmark Communications,500.0,lv,5/22/22,2022-05-24,2022_GA_Senate_REP,0
2022,GA,Senate,,REP,Kelvin King,king k,5.0,Landmark Communications,500.0,lv,5/22/22,2022-05-24,2022_GA_Senate_REP,0
2022,GA,Senate,,REP,Jonathan McColumn,mccolumn j,2.0,Landmark Communications,500.0,lv,5/22/22,2022-05-24,2022_GA_Senate_REP,0
2022,GA,Senate,,REP,Latham Saddler,saddler l,12.0,Landmark Communications,500.0,lv,5/22/22,2022-05-24,2022_GA_Senate_REP,0
2022,GA,Senate,,REP,Herschel Walker,walker h,60.0,Landmark Communications,500.0,lv,5/22/22,2022-05-24,2022_GA_Senate_REP,1
2022,GA,Senate,,REP,Gary Black,black g,8.0,Fox News,1004.0,lv,5/16/22,2022-05-24,2022_GA_Senate_REP,0
2022,GA,Senate,,REP,Josh Clark,clark j,2.0,Fox News,1004.0,lv,5/16/22,2022-05-24,2022_GA_Senate_REP,0
2022,GA,Senate,,REP,Kelvin King,king k,3.0,Fox News,1004.0,lv,5/16/22,2022-05-24,2022_GA_Senate_REP,0
2022,GA,Senate,,REP,Jonathan McColumn,mccolumn j,1.0,Fox News,1004.0,lv,5/16/22,2022-05-24,2022_GA_Senate_REP,0
2022,GA,Senate,,REP,Latham Saddler,saddler l,5.0,Fox News,1004.0,lv,5/16/22,2022-05-24,2022_GA_Senate_REP,0
2022,GA,Senate,,REP,Herschel Walker,walker h,66.0,Fox News,1004.0,lv,5/16/22,2022-05-24,2022_GA_Senate_REP,1
2022,GA,Senate,,REP,Gary Black,black g,10.0,ARW Strategies,600.0,lv,5/1/22,2022-05-24,2022_GA_Senate_REP,0
2022,GA,Senate,,REP,Josh Clark,clark j,1.0,ARW Strategies,600.0,lv,5/1/22,2022-05-24,2022_GA_Senate_REP,0
2022,GA,Senate,,REP,Kelvin King,king k,3.0,ARW Strategies,600.0,lv,5/1/22,2022-05-24,2022_GA_Senate_REP,0
2022,GA,Senate,,REP,Jonathan McColumn,mccolumn j,1.0,ARW Strategies,600.0,lv,5/1/22,2022-05-24,2022_GA_Senate_REP,0
2022,GA,Senate,,REP,Latham Saddler,saddler l,4.0,ARW Strategies,600.0,lv,5/1/22,2022-05-24,2022_GA_Senate_REP,0
2022,GA,Senate,,REP,Herschel Walker,walker h,59.0,ARW Strategies,600.0,lv,5/1/22,2022-05-24,2022_GA_Senate_REP,1
2022,GA,Senate,,REP,Gary Black,black g,6.0,SurveyUSA,559.0,lv,4/27/22,2022-05-24,2022_GA_Senate_REP,0
2022,GA,Senate,,REP,Josh Clark,clark j,3.0,SurveyUSA,559.0,lv,4/27/22,2022-05-24,2022_GA_Senate_REP,0
2022,GA,Senate,,REP,Kelvin King,king k,2.0,SurveyUSA,559.0,lv,4/27/22,2022-05-24,2022_GA_Senate_REP,0
2022,GA,Senate,,REP,Jonathan McColumn,mccolumn j,2.0,SurveyUSA,559.0,lv,4/27/22,2022-05-24,2022_GA_Senate_REP,0
2022,GA,Senate,,REP,Latham Saddler,saddler l,3.0,SurveyUSA,559.0,lv,4/27/22,2022-05-24,2022_GA_Senate_REP,0
2022,GA,Senate,,REP,Herschel Walker,walker h,62.0,SurveyUSA,559.0,lv,4/27/22,2022-05-24,2022_GA_Senate_REP,1
2022,GA,Senate,,REP,Gary Black,black g,7.000000000000001,University of Georgia,886.0,lv,4/22/22,2022-05-24,2022_GA_Senate_REP,0
2022,GA,Senate,,REP,Josh Clark,clark j,1.0,University of Georgia,886.0,lv,4/22/22,2022-05-24,2022_GA_Senate_REP,0
2022,GA,Senate,,REP,Kelvin King,king k,1.0,University of Georgia,886.0,lv,4/22/22,2022-05-24,2022_GA_Senate_REP,0
2022,GA,Senate,,REP,Jonathan McColumn,mccolumn j,1.0,University of Georgia,886.0,lv,4/22/22,2022-05-24,2022_GA_Senate_REP,0
2022,GA,Senate,,REP,Latham Saddler,saddler l,2.0,University of Georgia,886.0,lv,4/22/22,2022-05-24,2022_GA_Senate_REP,0
2022,GA,Senate,,REP,Herschel Walker,walker h,66.0,University of Georgia,886.0,lv,4/22/22,2022-05-24,2022_GA_Senate_REP,1
2022,GA,Senate,,REP,Gary Black,black g,9.0,Landmark Communications,660.0,lv,4/10/22,2022-05-24,2022_GA_Senate_REP,0
2022,GA,Senate,,REP,Josh Clark,clark j,3.0,Landmark Communications,660.0,lv,4/10/22,2022-05-24,2022_GA_Senate_REP,0
2022,GA,Senate,,REP,Kelvin King,king k,4.0,Landmark Communications,660.0,lv,4/10/22,2022-05-24,2022_GA_Senate_REP,0
2022,GA,Senate,,REP,Jonathan McColumn,mccolumn j,0.0,Landmark Communications,660.0,lv,4/10/22,2022-05-24,2022_GA_Senate_REP,0
2022,GA,Senate,,REP,Latham Saddler,saddler l,5.0,Landmark Communications,660.0,lv,4/10/22,2022-05-24,2022_GA_Senate_REP,0
2022,GA,Senate,,REP,Herschel Walker,walker h,64.0,Landmark Communications,660.0,lv,4/10/22,2022-05-24,2022_GA_Senate_REP,1
2022,GA,Senate,,REP,Gary Black,black g,7.000000000000001,Spry Strategies,600.0,lv,4/10/22,2022-05-24,2022_GA_Senate_REP,0
2022,GA,Senate,,REP,Josh Clark,clark j,2.0,Spry Strategies,600.0,lv,4/10/22,2022-05-24,2022_GA_Senate_REP,0
2022,GA,Senate,,REP,Kelvin King,king k,4.0,Spry Strategies,600.0,lv,4/10/22,2022-05-24,2022_GA_Senate_REP,0
2022,GA,Senate,,REP,Latham Saddler,saddler l,2.0,Spry Strategies,600.0,lv,4/10/22,2022-05-24,2022_GA_Senate_REP,0
2022,GA,Senate,,REP,Herschel Walker,walker h,64.0,Spry Strategies,600.0,lv,4/10/22,2022-05-24,2022_GA_Senate_REP,1
2022,GA,Senate,,REP,Gary Black,black g,8.0,University of Georgia,329.0,lv,4/8/22,2022-05-24,2022_GA_Senate_REP,0
2022,GA,Senate,,REP,Josh Clark,clark j,0.0,University of Georgia,329.0,lv,4/8/22,2022-05-24,2022_GA_Senate_REP,0
2022,GA,Senate,,REP,Kelvin King,king k,2.0,University of Georgia,329.0,lv,4/8/22,2022-05-24,2022_GA_Senate_REP,0
2022,GA,Senate,,REP,Jonathan McColumn,mccolumn j,0.0,University of Georgia,329.0,lv,4/8/22,2022-05-24,2022_GA_Senate_REP,0
2022,GA,Senate,,REP,Latham Saddler,saddler l,2.0,University of Georgia,329.0,lv,4/8/22,2022-05-24,2022_GA_Senate_REP,0
2022,GA,Senate,,REP,Herschel Walker,walker h,64.0,University of Georgia,329.0,lv,4/8/22,2022-05-24,2022_GA_Senate_REP,1
2022,GA,Senate,,REP,Gary Black,black g,13.0,Emerson College,509.0,lv,4/3/22,2022-05-24,2022_GA_Senate_REP,0
2022,GA,Senate,,REP,Josh Clark,clark j,4.0,Emerson College,509.0,lv,4/3/22,2022-05-24,2022_GA_Senate_REP,0
2022,GA,Senate,,REP,Kelvin King,king k,5.0,Emerson College,509.0,lv,4/3/22,2022-05-24,2022_GA_Senate_REP,0
2022,GA,Senate,,REP,Jonathan McColumn,mccolumn j,3.0,Emerson College,509.0,lv,4/3/22,2022-05-24,2022_GA_Senate_REP,0
2022,GA,Senate,,REP,Latham Saddler,saddler l,2.0,Emerson College,509.0,lv,4/3/22,2022-05-24,2022_GA_Senate_REP,0
2022,GA,Senate,,REP,Herschel Walker,walker h,56.99999999999999,Emerson College,509.0,lv,4/3/22,2022-05-24,2022_GA_Senate_REP,1
2022,GA,Senate,,REP,Gary Black,black g,8.0,Fox News,914.0,lv,3/6/22,2022-05-24,2022_GA_Senate_REP,0
2022,GA,Senate,,REP,Josh Clark,clark j,1.0,Fox News,914.0,lv,3/6/22,2022-05-24,2022_GA_Senate_REP,0
2022,GA,Senate,,REP,Kelvin King,king k,3.0,Fox News,914.0,lv,3/6/22,2022-05-24,2022_GA_Senate_REP,0
2022,GA,Senate,,REP,Latham Saddler,saddler l,2.0,Fox News,914.0,lv,3/6/22,2022-05-24,2022_GA_Senate_REP,0
2022,GA,Senate,,REP,Herschel Walker,walker h,66.0,Fox News,914.0,lv,3/6/22,2022-05-24,2022_GA_Senate_REP,1
2022,GA,Senate,,REP,Gary Black,black g,6.0,InsiderAdvantage,750.0,lv,3/1/22,2022-05-24,2022_GA_Senate_REP,0
2022,GA,Senate,,REP,Josh Clark,clark j,3.0,InsiderAdvantage,750.0,lv,3/1/22,2022-05-24,2022_GA_Senate_REP,0
2022,GA,Senate,,REP,Kelvin King,king k,4.0,InsiderAdvantage,750.0,lv,3/1/22,2022-05-24,2022_GA_Senate_REP,0
2022,GA,Senate,,REP,Latham Saddler,saddler l,3.0,InsiderAdvantage,750.0,lv,3/1/22,2022-05-24,2022_GA_Senate_REP,0
2022,GA,Senate,,REP,Herschel Walker,walker h,63.0,InsiderAdvantage,750.0,lv,3/1/22,2022-05-24,2022_GA_Senate_REP,1
2022,GA,Senate,,REP,Gary Black,black g,6.0,The Trafalgar Group,1072.0,lv,2/13/22,2022-05-24,2022_GA_Senate_REP,0
2022,GA,Senate,,REP,Kelvin King,king k,2.0,The Trafalgar Group,1072.0,lv,2/13/22,2022-05-24,2022_GA_Senate_REP,0
2022,GA,Senate,,REP,Latham Saddler,saddler l,3.0,The Trafalgar Group,1072.0,lv,2/13/22,2022-05-24,2022_GA_Senate_REP,0
2022,GA,Senate,,REP,Herschel Walker,walker h,70.0,The Trafalgar Group,1072.0,lv,2/13/22,2022-05-24,2022_GA_Senate_REP,1
2022,GA,Senate,,REP,Gary Black,black g,6.0,Quinnipiac University,666.0,lv,1/24/22,2022-05-24,2022_GA_Senate_REP,0
2022,GA,Senate,,REP,Josh Clark,clark j,0.0,Quinnipiac University,666.0,lv,1/24/22,2022-05-24,2022_GA_Senate_REP,0
2022,GA,Senate,,REP,Kelvin King,king k,2.0,Quinnipiac University,666.0,lv,1/24/22,2022-05-24,2022_GA_Senate_REP,0
2022,GA,Senate,,REP,Latham Saddler,saddler l,1.0,Quinnipiac University,666.0,lv,1/24/22,2022-05-24,2022_GA_Senate_REP,0
2022,GA,Senate,,REP,Herschel Walker,walker h,81.0,Quinnipiac University,666.0,lv,1/24/22,2022-05-24,2022_GA_Senate_REP,1
2022,GA,Senate,,REP,Gary Black,black g,6.0,OnMessage Inc.,400.0,lv,10/14/21,2022-05-24,2022_GA_Senate_REP,0
2022,GA,Senate,,REP,Kelvin King,king k,1.0,OnMessage Inc.,400.0,lv,10/14/21,2022-05-24,2022_GA_Senate_REP,0
2022,GA,Senate,,REP,Latham Saddler,saddler l,1.0,OnMessage Inc.,400.0,lv,10/14/21,2022-05-24,2022_GA_Senate_REP,0
2022,GA,Senate,,REP,Herschel Walker,walker h,74.0,OnMessage Inc.,400.0,lv,10/14/21,2022-05-24,2022_GA_Senate_REP,1
2022,GA,Senate,,REP,Gary Black,black g,6.0,The Trafalgar Group,1078.0,lv,9/4/21,2022-05-24,2022_GA_Senate_REP,0
2022,GA,Senate,,REP,Kelvin King,king k,2.0,The Trafalgar Group,1078.0,lv,9/4/21,2022-05-24,2022_GA_Senate_REP,0
2022,GA,Senate,,REP,Latham Saddler,saddler l,3.0,The Trafalgar Group,1078.0,lv,9/4/21,2022-05-24,2022_GA_Senate_REP,0
2022,GA,Senate,,REP,Herschel Walker,walker h,76.0,The Trafalgar Group,1078.0,lv,9/4/21,2022-05-24,2022_GA_Senate_REP,1
2022,GA,Senate,,REP,Gary Black,black g,5.0,Fabrizio Lee,500.0,lv,8/12/21,2022-05-24,2022_GA_Senate_REP,0
2022,GA,Senate,,REP,Kelvin King,king k,2.0,Fabrizio Lee,500.0,lv,8/12/21,2022-05-24,2022_GA_Senate_REP,0
2022,GA,Senate,,REP,Latham Saddler,saddler l,1.0,Fabrizio Lee,500.0,lv,8/12/21,2022-05-24,2022_GA_Senate_REP,0
2022,GA,Senate,,REP,Herschel Walker,walker h,54.0,Fabrizio Lee,500.0,lv,8/12/21,2022-05-24,2022_GA_Senate_REP,1
2022,GA,Senate,,REP,Doug Collins,collins d,35.0,OnMessage Inc.,600.0,lv,3/15/21,2022-05-24,2022_GA_Senate_REP,0
2022,GA,Senate,,REP,Marjorie Taylor Greene,greene m,7.000000000000001,OnMessage Inc.,600.0,lv,3/15/21,2022-05-24,2022_GA_Senate_REP,0
2022,GA,Senate,,REP,Kelly Loeffler,loeffler k,22.0,OnMessage Inc.,600.0,lv,3/15/21,2022-05-24,2022_GA_Senate_REP,0
2022,GA,Senate,,REP,Herschel Walker,walker h,27.0,OnMessage Inc.,600.0,lv,3/15/21,2022-05-24,2022_GA_Senate_REP,1
2022,GA,Senate,,REP,Doug Collins,collins d,33.0,Trafalgar Group / InsiderAdvantage,,lv,3/9/21,2022-05-24,2022_GA_Senate_REP,0
2022,GA,Senate,,REP,Kelly Loeffler,loeffler k,24.0,Trafalgar Group / InsiderAdvantage,,lv,3/9/21,2022-05-24,2022_GA_Senate_REP,0
2022,GA,Senate,,REP,Herschel Walker,walker h,33.0,Trafalgar Group / InsiderAdvantage,,lv,3/9/21,2022-05-24,2022_GA_Senate_REP,1
2022,IA,Senate,,DEM,Abby Finkenauer,finkenauer a,40.0,Change Research,866.0,lv,5/8/22,2022-06-07,2022_IA_Senate_DEM,0
2022,IA,Senate,,DEM,Michael Franken,franken m,42.0,Change Research,866.0,lv,5/8/22,2022-06-07,2022_IA_Senate_DEM,1
2022,IA,Senate,,DEM,Glenn Hurst,hurst g,4.0,Change Research,866.0,lv,5/8/22,2022-06-07,2022_IA_Senate_DEM,0
2022,IA,Senate,,DEM,Abby Finkenauer,finkenauer a,53.0,Change Research,416.0,lv,4/11/22,2022-06-07,2022_IA_Senate_DEM,0
2022,IA,Senate,,DEM,Michael Franken,franken m,26.0,Change Research,416.0,lv,4/11/22,2022-06-07,2022_IA_Senate_DEM,1
2022,IA,Senate,,DEM,Glenn Hurst,hurst g,7.000000000000001,Change Research,416.0,lv,4/11/22,2022-06-07,2022_IA_Senate_DEM,0
2022,IA,Senate,,DEM,Abby Finkenauer,finkenauer a,64.0,GBAO,600.0,lv,4/3/22,2022-06-07,2022_IA_Senate_DEM,0
2022,IA,Senate,,DEM,Michael Franken,franken m,15.0,GBAO,600.0,lv,4/3/22,2022-06-07,2022_IA_Senate_DEM,1
2022,IA,Senate,,DEM,Glenn Hurst,hurst g,6.0,GBAO,600.0,lv,4/3/22,2022-06-07,2022_IA_Senate_DEM,0
2022,IL,Senate,,REP,Casey Chlebek,chlebek c,1.0,Ogden & Fry,518.0,lv,6/24/22,2022-06-28,2022_IL_Senate_REP,0
2022,IL,Senate,,REP,Matthew Dubiel,dubiel m,6.0,Ogden & Fry,518.0,lv,6/24/22,2022-06-28,2022_IL_Senate_REP,0
2022,IL,Senate,,REP,Peggy Hubbard,hubbard p,11.0,Ogden & Fry,518.0,lv,6/24/22,2022-06-28,2022_IL_Senate_REP,0
2022,IL,Senate,,REP,Maryann Mahlen,mahlen m,2.0,Ogden & Fry,518.0,lv,6/24/22,2022-06-28,2022_IL_Senate_REP,0
2022,IL,Senate,,REP,Bobby Piton,piton b,3.0,Ogden & Fry,518.0,lv,6/24/22,2022-06-28,2022_IL_Senate_REP,0
2022,IL,Senate,,REP,Kathy Salvi,salvi k,20.0,Ogden & Fry,518.0,lv,6/24/22,2022-06-28,2022_IL_Senate_REP,1
2022,IL,Senate,,REP,Jimmy Lee Tillman,tillman j,2.0,Ogden & Fry,518.0,lv,6/24/22,2022-06-28,2022_IL_Senate_REP,0
2022,IL,Senate,,REP,Anthony Williams,williams a,0.0,Ogden & Fry,518.0,lv,6/24/22,2022-06-28,2022_IL_Senate_REP,0
2022,IL,Senate,,REP,Casey Chlebek,chlebek c,6.0,The Trafalgar Group,1075.0,lv,6/13/22,2022-06-28,2022_IL_Senate_REP,0
2022,IL,Senate,,REP,Matthew Dubiel,dubiel m,4.0,The Trafalgar Group,1075.0,lv,6/13/22,2022-06-28,2022_IL_Senate_REP,0
2022,IL,Senate,,REP,Peggy Hubbard,hubbard p,18.0,The Trafalgar Group,1075.0,lv,6/13/22,2022-06-28,2022_IL_Senate_REP,0
2022,IL,Senate,,REP,Bobby Piton,piton b,6.0,The Trafalgar Group,1075.0,lv,6/13/22,2022-06-28,2022_IL_Senate_REP,0
2022,IL,Senate,,REP,Kathy Salvi,salvi k,15.0,The Trafalgar Group,1075.0,lv,6/13/22,2022-06-28,2022_IL_Senate_REP,1
2022,IL,Senate,,REP,Jimmy Lee Tillman,tillman j,2.0,The Trafalgar Group,1075.0,lv,6/13/22,2022-06-28,2022_IL_Senate_REP,0
2022,IL,Senate,,REP,Anthony Williams,williams a,1.0,The Trafalgar Group,1075.0,lv,6/13/22,2022-06-28,2022_IL_Senate_REP,0
2022,IL,Senate,,REP,Casey Chlebek,chlebek c,1.0,Ogden & Fry,662.0,lv,6/12/22,2022-06-28,2022_IL_Senate_REP,0
2022,IL,Senate,,REP,Matthew Dubiel,dubiel m,4.0,Ogden & Fry,662.0,lv,6/12/22,2022-06-28,2022_IL_Senate_REP,0
2022,IL,Senate,,REP,Peggy Hubbard,hubbard p,9.0,Ogden & Fry,662.0,lv,6/12/22,2022-06-28,2022_IL_Senate_REP,0
2022,IL,Senate,,REP,Maryann Mahlen,mahlen m,2.0,Ogden & Fry,662.0,lv,6/12/22,2022-06-28,2022_IL_Senate_REP,0
2022,IL,Senate,,REP,Bobby Piton,piton b,4.0,Ogden & Fry,662.0,lv,6/12/22,2022-06-28,2022_IL_Senate_REP,0
2022,IL,Senate,,REP,Kathy Salvi,salvi k,17.0,Ogden & Fry,662.0,lv,6/12/22,2022-06-28,2022_IL_Senate_REP,1
2022,IL,Senate,,REP,Jimmy Lee Tillman,tillman j,1.0,Ogden & Fry,662.0,lv,6/12/22,2022-06-28,2022_IL_Senate_REP,0
2022,IL,Senate,,REP,Anthony Williams,williams a,1.0,Ogden & Fry,662.0,lv,6/12/22,2022-06-28,2022_IL_Senate_REP,0
2022,IL,Senate,,REP,Casey Chlebek,chlebek c,1.0,Public Policy Polling,677.0,lv,6/7/22,2022-06-28,2022_IL_Senate_REP,0
2022,IL,Senate,,REP,Matthew Dubiel,dubiel m,7.000000000000001,Public Policy Polling,677.0,lv,6/7/22,2022-06-28,2022_IL_Senate_REP,0
2022,IL,Senate,,REP,Peggy Hubbard,hubbard p,10.0,Public Policy Polling,677.0,lv,6/7/22,2022-06-28,2022_IL_Senate_REP,0
2022,IL,Senate,,REP,Bobby Piton,piton b,2.0,Public Policy Polling,677.0,lv,6/7/22,2022-06-28,2022_IL_Senate_REP,0
2022,IL,Senate,,REP,Kathy Salvi,salvi k,10.0,Public Policy Polling,677.0,lv,6/7/22,2022-06-28,2022_IL_Senate_REP,1
2022,IL,Senate,,REP,Jimmy Lee Tillman,tillman j,1.0,Public Policy Polling,677.0,lv,6/7/22,2022-06-28,2022_IL_Senate_REP,0
2022,IL,Senate,,REP,Anthony Williams,williams a,3.0,Public Policy Polling,677.0,lv,6/7/22,2022-06-28,2022_IL_Senate_REP,0
2022,IL,Senate,,REP,Casey Chlebek,chlebek c,4.0,Emerson College,1000.0,lv,5/8/22,2022-06-28,2022_IL_Senate_REP,0
2022,IL,Senate,,REP,Matthew Dubiel,dubiel m,4.0,Emerson College,1000.0,lv,5/8/22,2022-06-28,2022_IL_Senate_REP,0
2022,IL,Senate,,REP,Peggy Hubbard,hubbard p,7.000000000000001,Emerson College,1000.0,lv,5/8/22,2022-06-28,2022_IL_Senate_REP,0
2022,IL,Senate,,REP,Bobby Piton,piton b,6.0,Emerson College,1000.0,lv,5/8/22,2022-06-28,2022_IL_Senate_REP,0
2022,IL,Senate,,REP,Kathy Salvi,salvi k,5.0,Emerson College,1000.0,lv,5/8/22,2022-06-28,2022_IL_Senate_REP,1
2022,IL,Senate,,REP,Jimmy Lee Tillman,tillman j,1.0,Emerson College,1000.0,lv,5/8/22,2022-06-28,2022_IL_Senate_REP,0
2022,IL,Senate,,REP,Anthony Williams,williams a,1.0,Emerson College,1000.0,lv,5/8/22,2022-06-28,2022_IL_Senate_REP,0
2022,MO,Senate,,REP,Eric Greitens,greitens e,21.0,The Trafalgar Group,1078.0,lv,8/1/22,2022-08-02,2022_MO_Senate_REP,0
2022,MO,Senate,,REP,Vicky Hartzler,hartzler v,18.0,The Trafalgar Group,1078.0,lv,8/1/22,2022-08-02,2022_MO_Senate_REP,0
2022,MO,Senate,,REP,Billy Long,long b,5.0,The Trafalgar Group,1078.0,lv,8/1/22,2022-08-02,2022_MO_Senate_REP,0
2022,MO,Senate,,REP,Mark McCloskey,mccloskey m,5.0,The Trafalgar Group,1078.0,lv,8/1/22,2022-08-02,2022_MO_Senate_REP,0
2022,MO,Senate,,REP,Dave Schatz,schatz d,3.0,The Trafalgar Group,1078.0,lv,8/1/22,2022-08-02,2022_MO_Senate_REP,0
2022,MO,Senate,,REP,Eric Schmitt,schmitt e,34.0,The Trafalgar Group,1078.0,lv,8/1/22,2022-08-02,2022_MO_Senate_REP,1
2022,MO,Senate,,REP,Eric Greitens,greitens e,18.0,Remington Research (R)/ Missouri Scout,818.0,lv,7/28/22,2022-08-02,2022_MO_Senate_REP,0
2022,MO,Senate,,REP,Vicky Hartzler,hartzler v,22.0,Remington Research (R)/ Missouri Scout,818.0,lv,7/28/22,2022-08-02,2022_MO_Senate_REP,0
2022,MO,Senate,,REP,Billy Long,long b,6.0,Remington Research (R)/ Missouri Scout,818.0,lv,7/28/22,2022-08-02,2022_MO_Senate_REP,0
2022,MO,Senate,,REP,Mark McCloskey,mccloskey m,5.0,Remington Research (R)/ Missouri Scout,818.0,lv,7/28/22,2022-08-02,2022_MO_Senate_REP,0
2022,MO,Senate,,REP,Dave Schatz,schatz d,5.0,Remington Research (R)/ Missouri Scout,818.0,lv,7/28/22,2022-08-02,2022_MO_Senate_REP,0
2022,MO,Senate,,REP,Eric Schmitt,schmitt e,34.0,Remington Research (R)/ Missouri Scout,818.0,lv,7/28/22,2022-08-02,2022_MO_Senate_REP,1
2022,MO,Senate,,REP,Eric Greitens,greitens e,17.0,co/efficient,891.0,lv,7/27/22,2022-08-02,2022_MO_Senate_REP,0
2022,MO,Senate,,REP,Vicky Hartzler,hartzler v,16.0,co/efficient,891.0,lv,7/27/22,2022-08-02,2022_MO_Senate_REP,0
2022,MO,Senate,,REP,Eric Schmitt,schmitt e,28.000000000000004,co/efficient,891.0,lv,7/27/22,2022-08-02,2022_MO_Senate_REP,1
2022,MO,Senate,,REP,Eric Greitens,greitens e,20.0,SurveyUSA,787.0,lv,7/27/22,2022-08-02,2022_MO_Senate_REP,0
2022,MO,Senate,,REP,Vicky Hartzler,hartzler v,13.0,SurveyUSA,787.0,lv,7/27/22,2022-08-02,2022_MO_Senate_REP,0
2022,MO,Senate,,REP,Billy Long,long b,8.0,SurveyUSA,787.0,lv,7/27/22,2022-08-02,2022_MO_Senate_REP,0
2022,MO,Senate,,REP,Mark McCloskey,mccloskey m,4.0,SurveyUSA,787.0,lv,7/27/22,2022-08-02,2022_MO_Senate_REP,0
2022,MO,Senate,,REP,Dave Schatz,schatz d,3.0,SurveyUSA,787.0,lv,7/27/22,2022-08-02,2022_MO_Senate_REP,0
2022,MO,Senate,,REP,Eric Schmitt,schmitt e,28.000000000000004,SurveyUSA,787.0,lv,7/27/22,2022-08-02,2022_MO_Senate_REP,1
2022,MO,Senate,,REP,Eric Greitens,greitens e,16.0,Emerson College,1000.0,lv,7/23/22,2022-08-02,2022_MO_Senate_REP,0
2022,MO,Senate,,REP,Vicky Hartzler,hartzler v,21.0,Emerson College,1000.0,lv,7/23/22,2022-08-02,2022_MO_Senate_REP,0
2022,MO,Senate,,REP,Billy Long,long b,5.0,Emerson College,1000.0,lv,7/23/22,2022-08-02,2022_MO_Senate_REP,0
2022,MO,Senate,,REP,Mark McCloskey,mccloskey m,4.0,Emerson College,1000.0,lv,7/23/22,2022-08-02,2022_MO_Senate_REP,0
2022,MO,Senate,,REP,Dave Schatz,schatz d,2.0,Emerson College,1000.0,lv,7/23/22,2022-08-02,2022_MO_Senate_REP,0
2022,MO,Senate,,REP,Eric Schmitt,schmitt e,33.0,Emerson College,1000.0,lv,7/23/22,2022-08-02,2022_MO_Senate_REP,1
2022,MO,Senate,,REP,Eric Greitens,greitens e,18.0,Remington Research (R)/ Missouri Scout,802.0,lv,7/24/22,2022-08-02,2022_MO_Senate_REP,0
2022,MO,Senate,,REP,Vicky Hartzler,hartzler v,25.0,Remington Research (R)/ Missouri Scout,802.0,lv,7/24/22,2022-08-02,2022_MO_Senate_REP,0
2022,MO,Senate,,REP,Billy Long,long b,8.0,Remington Research (R)/ Missouri Scout,802.0,lv,7/24/22,2022-08-02,2022_MO_Senate_REP,0
2022,MO,Senate,,REP,Mark McCloskey,mccloskey m,4.0,Remington Research (R)/ Missouri Scout,802.0,lv,7/24/22,2022-08-02,2022_MO_Senate_REP,0
2022,MO,Senate,,REP,Dave Schatz,schatz d,3.0,Remington Research (R)/ Missouri Scout,802.0,lv,7/24/22,2022-08-02,2022_MO_Senate_REP,0
2022,MO,Senate,,REP,Eric Schmitt,schmitt e,32.0,Remington Research (R)/ Missouri Scout,802.0,lv,7/24/22,2022-08-02,2022_MO_Senate_REP,1
2022,MO,Senate,,REP,Eric Greitens,greitens e,20.0,The Trafalgar Group,1059.0,lv,7/24/22,2022-08-02,2022_MO_Senate_REP,0
2022,MO,Senate,,REP,Vicky Hartzler,hartzler v,24.0,The Trafalgar Group,1059.0,lv,7/24/22,2022-08-02,2022_MO_Senate_REP,0
2022,MO,Senate,,REP,Billy Long,long b,7.000000000000001,The Trafalgar Group,1059.0,lv,7/24/22,2022-08-02,2022_MO_Senate_REP,0
2022,MO,Senate,,REP,Mark McCloskey,mccloskey m,5.0,The Trafalgar Group,1059.0,lv,7/24/22,2022-08-02,2022_MO_Senate_REP,0
2022,MO,Senate,,REP,Dave Schatz,schatz d,2.0,The Trafalgar Group,1059.0,lv,7/24/22,2022-08-02,2022_MO_Senate_REP,0
2022,MO,Senate,,REP,Eric Schmitt,schmitt e,27.0,The Trafalgar Group,1059.0,lv,7/24/22,2022-08-02,2022_MO_Senate_REP,1
2022,MO,Senate,,REP,Eric Greitens,greitens e,16.0,The Tarrance Group,600.0,lv,7/7/22,2022-08-02,2022_MO_Senate_REP,0
2022,MO,Senate,,REP,Vicky Hartzler,hartzler v,24.0,The Tarrance Group,600.0,lv,7/7/22,2022-08-02,2022_MO_Senate_REP,0
2022,MO,Senate,,REP,Billy Long,long b,6.0,The Tarrance Group,600.0,lv,7/7/22,2022-08-02,2022_MO_Senate_REP,0
2022,MO,Senate,,REP,Mark McCloskey,mccloskey m,4.0,The Tarrance Group,600.0,lv,7/7/22,2022-08-02,2022_MO_Senate_REP,0
2022,MO,Senate,,REP,Dave Schatz,schatz d,4.0,The Tarrance Group,600.0,lv,7/7/22,2022-08-02,2022_MO_Senate_REP,0
2022,MO,Senate,,REP,Eric Schmitt,schmitt e,28.000000000000004,The Tarrance Group,600.0,lv,7/7/22,2022-08-02,2022_MO_Senate_REP,1
2022,MO,Senate,,REP,Eric Greitens,greitens e,24.0,The Trafalgar Group,1072.0,lv,6/30/22,2022-08-02,2022_MO_Senate_REP,0
2022,MO,Senate,,REP,Vicky Hartzler,hartzler v,24.0,The Trafalgar Group,1072.0,lv,6/30/22,2022-08-02,2022_MO_Senate_REP,0
2022,MO,Senate,,REP,Billy Long,long b,6.0,The Trafalgar Group,1072.0,lv,6/30/22,2022-08-02,2022_MO_Senate_REP,0
2022,MO,Senate,,REP,Mark McCloskey,mccloskey m,3.0,The Trafalgar Group,1072.0,lv,6/30/22,2022-08-02,2022_MO_Senate_REP,0
2022,MO,Senate,,REP,Dave Schatz,schatz d,4.0,The Trafalgar Group,1072.0,lv,6/30/22,2022-08-02,2022_MO_Senate_REP,0
2022,MO,Senate,,REP,Eric Schmitt,schmitt e,23.0,The Trafalgar Group,1072.0,lv,6/30/22,2022-08-02,2022_MO_Senate_REP,1
2022,MO,Senate,,REP,Eric Greitens,greitens e,20.0,Remington Research (R)/ Missouri Scout,911.0,lv,6/23/22,2022-08-02,2022_MO_Senate_REP,0
2022,MO,Senate,,REP,Vicky Hartzler,hartzler v,19.0,Remington Research (R)/ Missouri Scout,911.0,lv,6/23/22,2022-08-02,2022_MO_Senate_REP,0
2022,MO,Senate,,REP,Billy Long,long b,8.0,Remington Research (R)/ Missouri Scout,911.0,lv,6/23/22,2022-08-02,2022_MO_Senate_REP,0
2022,MO,Senate,,REP,Mark McCloskey,mccloskey m,5.0,Remington Research (R)/ Missouri Scout,911.0,lv,6/23/22,2022-08-02,2022_MO_Senate_REP,0
2022,MO,Senate,,REP,Dave Schatz,schatz d,2.0,Remington Research (R)/ Missouri Scout,911.0,lv,6/23/22,2022-08-02,2022_MO_Senate_REP,0
2022,MO,Senate,,REP,Eric Schmitt,schmitt e,25.0,Remington Research (R)/ Missouri Scout,911.0,lv,6/23/22,2022-08-02,2022_MO_Senate_REP,1
2022,MO,Senate,,REP,Eric Greitens,greitens e,26.0,Emerson College,1000.0,lv,6/5/22,2022-08-02,2022_MO_Senate_REP,0
2022,MO,Senate,,REP,Vicky Hartzler,hartzler v,16.0,Emerson College,1000.0,lv,6/5/22,2022-08-02,2022_MO_Senate_REP,0
2022,MO,Senate,,REP,Billy Long,long b,8.0,Emerson College,1000.0,lv,6/5/22,2022-08-02,2022_MO_Senate_REP,0
2022,MO,Senate,,REP,Mark McCloskey,mccloskey m,4.0,Emerson College,1000.0,lv,6/5/22,2022-08-02,2022_MO_Senate_REP,0
2022,MO,Senate,,REP,Dave Schatz,schatz d,0.0,Emerson College,1000.0,lv,6/5/22,2022-08-02,2022_MO_Senate_REP,0
2022,MO,Senate,,REP,Eric Schmitt,schmitt e,20.0,Emerson College,1000.0,lv,6/5/22,2022-08-02,2022_MO_Senate_REP,1
2022,MO,Senate,,REP,Eric Greitens,greitens e,26.0,The Trafalgar Group,1065.0,lv,5/18/22,2022-08-02,2022_MO_Senate_REP,0
2022,MO,Senate,,REP,Vicky Hartzler,hartzler v,23.0,The Trafalgar Group,1065.0,lv,5/18/22,2022-08-02,2022_MO_Senate_REP,0
2022,MO,Senate,,REP,Billy Long,long b,9.0,The Trafalgar Group,1065.0,lv,5/18/22,2022-08-02,2022_MO_Senate_REP,0
2022,MO,Senate,,REP,Mark McCloskey,mccloskey m,3.0,The Trafalgar Group,1065.0,lv,5/18/22,2022-08-02,2022_MO_Senate_REP,0
2022,MO,Senate,,REP,Dave Schatz,schatz d,3.0,The Trafalgar Group,1065.0,lv,5/18/22,2022-08-02,2022_MO_Senate_REP,0
2022,MO,Senate,,REP,Eric Schmitt,schmitt e,19.0,The Trafalgar Group,1065.0,lv,5/18/22,2022-08-02,2022_MO_Senate_REP,1
2022,MO,Senate,,REP,Eric Greitens,greitens e,26.0,SurveyUSA,642.0,lv,5/15/22,2022-08-02,2022_MO_Senate_REP,0
2022,MO,Senate,,REP,Vicky Hartzler,hartzler v,11.0,SurveyUSA,642.0,lv,5/15/22,2022-08-02,2022_MO_Senate_REP,0
2022,MO,Senate,,REP,Billy Long,long b,7.000000000000001,SurveyUSA,642.0,lv,5/15/22,2022-08-02,2022_MO_Senate_REP,0
2022,MO,Senate,,REP,Mark McCloskey,mccloskey m,2.0,SurveyUSA,642.0,lv,5/15/22,2022-08-02,2022_MO_Senate_REP,0
2022,MO,Senate,,REP,Dave Schatz,schatz d,2.0,SurveyUSA,642.0,lv,5/15/22,2022-08-02,2022_MO_Senate_REP,0
2022,MO,Senate,,REP,Eric Schmitt,schmitt e,17.0,SurveyUSA,642.0,lv,5/15/22,2022-08-02,2022_MO_Senate_REP,1
2022,MO,Senate,,REP,Eric Greitens,greitens e,21.0,Remington Research,945.0,lv,5/12/22,2022-08-02,2022_MO_Senate_REP,0
2022,MO,Senate,,REP,Vicky Hartzler,hartzler v,23.0,Remington Research,945.0,lv,5/12/22,2022-08-02,2022_MO_Senate_REP,0
2022,MO,Senate,,REP,Eric Schmitt,schmitt e,28.999999999999996,Remington Research,945.0,lv,5/12/22,2022-08-02,2022_MO_Senate_REP,1
2022,MO,Senate,,REP,Eric Greitens,greitens e,26.0,co/efficient,806.0,lv,5/4/22,2022-08-02,2022_MO_Senate_REP,0
2022,MO,Senate,,REP,Vicky Hartzler,hartzler v,19.0,co/efficient,806.0,lv,5/4/22,2022-08-02,2022_MO_Senate_REP,0
2022,MO,Senate,,REP,Billy Long,long b,7.000000000000001,co/efficient,806.0,lv,5/4/22,2022-08-02,2022_MO_Senate_REP,0
2022,MO,Senate,,REP,Mark McCloskey,mccloskey m,5.0,co/efficient,806.0,lv,5/4/22,2022-08-02,2022_MO_Senate_REP,0
2022,MO,Senate,,REP,Dave Schatz,schatz d,2.0,co/efficient,806.0,lv,5/4/22,2022-08-02,2022_MO_Senate_REP,0
2022,MO,Senate,,REP,Eric Schmitt,schmitt e,14.000000000000002,co/efficient,806.0,lv,5/4/22,2022-08-02,2022_MO_Senate_REP,1
2022,MO,Senate,,REP,Eric Greitens,greitens e,23.0,NMB Research,500.0,lv,4/7/22,2022-08-02,2022_MO_Senate_REP,0
2022,MO,Senate,,REP,Vicky Hartzler,hartzler v,20.0,NMB Research,500.0,lv,4/7/22,2022-08-02,2022_MO_Senate_REP,0
2022,MO,Senate,,REP,Billy Long,long b,7.000000000000001,NMB Research,500.0,lv,4/7/22,2022-08-02,2022_MO_Senate_REP,0
2022,MO,Senate,,REP,Mark McCloskey,mccloskey m,3.0,NMB Research,500.0,lv,4/7/22,2022-08-02,2022_MO_Senate_REP,0
2022,MO,Senate,,REP,Dave Schatz,schatz d,2.0,NMB Research,500.0,lv,4/7/22,2022-08-02,2022_MO_Senate_REP,0
2022,MO,Senate,,REP,Eric Schmitt,schmitt e,25.0,NMB Research,500.0,lv,4/7/22,2022-08-02,2022_MO_Senate_REP,1
2022,MO,Senate,,REP,Eric Greitens,greitens e,22.0,OnMessage Inc.,600.0,lv,4/6/22,2022-08-02,2022_MO_Senate_REP,0
2022,MO,Senate,,REP,Vicky Hartzler,hartzler v,23.0,OnMessage Inc.,600.0,lv,4/6/22,2022-08-02,2022_MO_Senate_REP,0
2022,MO,Senate,,REP,Billy Long,long b,11.0,OnMessage Inc.,600.0,lv,4/6/22,2022-08-02,2022_MO_Senate_REP,0
2022,MO,Senate,,REP,Mark McCloskey,mccloskey m,5.0,OnMessage Inc.,600.0,lv,4/6/22,2022-08-02,2022_MO_Senate_REP,0
2022,MO,Senate,,REP,Dave Schatz,schatz d,2.0,OnMessage Inc.,600.0,lv,4/6/22,2022-08-02,2022_MO_Senate_REP,0
2022,MO,Senate,,REP,Eric Schmitt,schmitt e,16.0,OnMessage Inc.,600.0,lv,4/6/22,2022-08-02,2022_MO_Senate_REP,1
2022,MO,Senate,,REP,Eric Greitens,greitens e,24.0,The Trafalgar Group,1079.0,lv,3/29/22,2022-08-02,2022_MO_Senate_REP,0
2022,MO,Senate,,REP,Vicky Hartzler,hartzler v,25.0,The Trafalgar Group,1079.0,lv,3/29/22,2022-08-02,2022_MO_Senate_REP,0
2022,MO,Senate,,REP,Billy Long,long b,8.0,The Trafalgar Group,1079.0,lv,3/29/22,2022-08-02,2022_MO_Senate_REP,0
2022,MO,Senate,,REP,Mark McCloskey,mccloskey m,2.0,The Trafalgar Group,1079.0,lv,3/29/22,2022-08-02,2022_MO_Senate_REP,0
2022,MO,Senate,,REP,Dave Schatz,schatz d,3.0,The Trafalgar Group,1079.0,lv,3/29/22,2022-08-02,2022_MO_Senate_REP,0
2022,MO,Senate,,REP,Eric Schmitt,schmitt e,22.0,The Trafalgar Group,1079.0,lv,3/29/22,2022-08-02,2022_MO_Senate_REP,1
2022,MO,Senate,,REP,Eric Greitens,greitens e,21.0,Remington Research (R)/ Missouri Scout,941.0,lv,3/23/22,2022-08-02,2022_MO_Senate_REP,0
2022,MO,Senate,,REP,Vicky Hartzler,hartzler v,19.0,Remington Research (R)/ Missouri Scout,941.0,lv,3/23/22,2022-08-02,2022_MO_Senate_REP,0
2022,MO,Senate,,REP,Billy Long,long b,9.0,Remington Research (R)/ Missouri Scout,941.0,lv,3/23/22,2022-08-02,2022_MO_Senate_REP,0
2022,MO,Senate,,REP,Mark McCloskey,mccloskey m,5.0,Remington Research (R)/ Missouri Scout,941.0,lv,3/23/22,2022-08-02,2022_MO_Senate_REP,0
2022,MO,Senate,,REP,Dave Schatz,schatz d,3.0,Remington Research (R)/ Missouri Scout,941.0,lv,3/23/22,2022-08-02,2022_MO_Senate_REP,0
2022,MO,Senate,,REP,Eric Schmitt,schmitt e,24.0,Remington Research (R)/ Missouri Scout,941.0,lv,3/23/22,2022-08-02,2022_MO_Senate_REP,1
2022,MO,Senate,,REP,Eric Greitens,greitens e,31.0,The Trafalgar Group,1026.0,lv,2/24/22,2022-08-02,2022_MO_Senate_REP,0
2022,MO,Senate,,REP,Vicky Hartzler,hartzler v,17.0,The Trafalgar Group,1026.0,lv,2/24/22,2022-08-02,2022_MO_Senate_REP,0
2022,MO,Senate,,REP,Billy Long,long b,6.0,The Trafalgar Group,1026.0,lv,2/24/22,2022-08-02,2022_MO_Senate_REP,0
2022,MO,Senate,,REP,Mark McCloskey,mccloskey m,5.0,The Trafalgar Group,1026.0,lv,2/24/22,2022-08-02,2022_MO_Senate_REP,0
2022,MO,Senate,,REP,Dave Schatz,schatz d,2.0,The Trafalgar Group,1026.0,lv,2/24/22,2022-08-02,2022_MO_Senate_REP,0
2022,MO,Senate,,REP,Eric Schmitt,schmitt e,23.0,The Trafalgar Group,1026.0,lv,2/24/22,2022-08-02,2022_MO_Senate_REP,1
2022,MO,Senate,,REP,Eric Greitens,greitens e,25.0,Remington Research (R)/ Missouri Scout,917.0,lv,2/17/22,2022-08-02,2022_MO_Senate_REP,0
2022,MO,Senate,,REP,Vicky Hartzler,hartzler v,18.0,Remington Research (R)/ Missouri Scout,917.0,lv,2/17/22,2022-08-02,2022_MO_Senate_REP,0
2022,MO,Senate,,REP,Billy Long,long b,8.0,Remington Research (R)/ Missouri Scout,917.0,lv,2/17/22,2022-08-02,2022_MO_Senate_REP,0
2022,MO,Senate,,REP,Mark McCloskey,mccloskey m,5.0,Remington Research (R)/ Missouri Scout,917.0,lv,2/17/22,2022-08-02,2022_MO_Senate_REP,0
2022,MO,Senate,,REP,Dave Schatz,schatz d,2.0,Remington Research (R)/ Missouri Scout,917.0,lv,2/17/22,2022-08-02,2022_MO_Senate_REP,0
2022,MO,Senate,,REP,Eric Schmitt,schmitt e,22.0,Remington Research (R)/ Missouri Scout,917.0,lv,2/17/22,2022-08-02,2022_MO_Senate_REP,1
2022,MO,Senate,,REP,Eric Greitens,greitens e,28.000000000000004,Remington Research (R)/ Missouri Scout,902.0,lv,1/27/22,2022-08-02,2022_MO_Senate_REP,0
2022,MO,Senate,,REP,Vicky Hartzler,hartzler v,19.0,Remington Research (R)/ Missouri Scout,902.0,lv,1/27/22,2022-08-02,2022_MO_Senate_REP,0
2022,MO,Senate,,REP,Billy Long,long b,7.000000000000001,Remington Research (R)/ Missouri Scout,902.0,lv,1/27/22,2022-08-02,2022_MO_Senate_REP,0
2022,MO,Senate,,REP,Mark McCloskey,mccloskey m,5.0,Remington Research (R)/ Missouri Scout,902.0,lv,1/27/22,2022-08-02,2022_MO_Senate_REP,0
2022,MO,Senate,,REP,Dave Schatz,schatz d,1.0,Remington Research (R)/ Missouri Scout,902.0,lv,1/27/22,2022-08-02,2022_MO_Senate_REP,0
2022,MO,Senate,,REP,Eric Schmitt,schmitt e,23.0,Remington Research (R)/ Missouri Scout,902.0,lv,1/27/22,2022-08-02,2022_MO_Senate_REP,1
2022,MO,Senate,,REP,Eric Greitens,greitens e,30.0,OnMessage Inc.,,lv,1/1/22,2022-08-02,2022_MO_Senate_REP,0
2022,MO,Senate,,REP,Vicky Hartzler,hartzler v,16.0,OnMessage Inc.,,lv,1/1/22,2022-08-02,2022_MO_Senate_REP,0
2022,MO,Senate,,REP,Billy Long,long b,9.0,OnMessage Inc.,,lv,1/1/22,2022-08-02,2022_MO_Senate_REP,0
2022,MO,Senate,,REP,Mark McCloskey,mccloskey m,6.0,OnMessage Inc.,,lv,1/1/22,2022-08-02,2022_MO_Senate_REP,0
2022,MO,Senate,,REP,Dave Schatz,schatz d,1.0,OnMessage Inc.,,lv,1/1/22,2022-08-02,2022_MO_Senate_REP,0
2022,MO,Senate,,REP,Eric Schmitt,schmitt e,16.0,OnMessage Inc.,,lv,1/1/22,2022-08-02,2022_MO_Senate_REP,1
2022,MO,Senate,,REP,Eric Greitens,greitens e,27.0,CMA Strategies,400.0,lv,1/1/22,2022-08-02,2022_MO_Senate_REP,0
2022,MO,Senate,,REP,Vicky Hartzler,hartzler v,12.0,CMA Strategies,400.0,lv,1/1/22,2022-08-02,2022_MO_Senate_REP,0
2022,MO,Senate,,REP,Billy Long,long b,6.0,CMA Strategies,400.0,lv,1/1/22,2022-08-02,2022_MO_Senate_REP,0
2022,MO,Senate,,REP,Mark McCloskey,mccloskey m,4.0,CMA Strategies,400.0,lv,1/1/22,2022-08-02,2022_MO_Senate_REP,0
2022,MO,Senate,,REP,Dave Schatz,schatz d,1.0,CMA Strategies,400.0,lv,1/1/22,2022-08-02,2022_MO_Senate_REP,0
2022,MO,Senate,,REP,Eric Schmitt,schmitt e,15.0,CMA Strategies,400.0,lv,1/1/22,2022-08-02,2022_MO_Senate_REP,1
2022,MO,Senate,,REP,Eric Greitens,greitens e,27.0,Remington Research (R)/ Missouri Scout,744.0,lv,12/2/21,2022-08-02,2022_MO_Senate_REP,0
2022,MO,Senate,,REP,Vicky Hartzler,hartzler v,16.0,Remington Research (R)/ Missouri Scout,744.0,lv,12/2/21,2022-08-02,2022_MO_Senate_REP,0
2022,MO,Senate,,REP,Billy Long,long b,7.000000000000001,Remington Research (R)/ Missouri Scout,744.0,lv,12/2/21,2022-08-02,2022_MO_Senate_REP,0
2022,MO,Senate,,REP,Mark McCloskey,mccloskey m,4.0,Remington Research (R)/ Missouri Scout,744.0,lv,12/2/21,2022-08-02,2022_MO_Senate_REP,0
2022,MO,Senate,,REP,Dave Schatz,schatz d,3.0,Remington Research (R)/ Missouri Scout,744.0,lv,12/2/21,2022-08-02,2022_MO_Senate_REP,0
2022,MO,Senate,,REP,Eric Schmitt,schmitt e,24.0,Remington Research (R)/ Missouri Scout,744.0,lv,12/2/21,2022-08-02,2022_MO_Senate_REP,1
2022,MO,Senate,,REP,Eric Greitens,greitens e,34.0,NMB Research,,lv,12/1/21,2022-08-02,2022_MO_Senate_REP,0
2022,MO,Senate,,REP,Eric Schmitt,schmitt e,17.0,NMB Research,,lv,12/1/21,2022-08-02,2022_MO_Senate_REP,1
2022,MO,Senate,,REP,Eric Greitens,greitens e,27.0,Remington Research (R)/ Missouri Scout,806.0,lv,10/21/21,2022-08-02,2022_MO_Senate_REP,0
2022,MO,Senate,,REP,Vicky Hartzler,hartzler v,19.0,Remington Research (R)/ Missouri Scout,806.0,lv,10/21/21,2022-08-02,2022_MO_Senate_REP,0
2022,MO,Senate,,REP,Billy Long,long b,8.0,Remington Research (R)/ Missouri Scout,806.0,lv,10/21/21,2022-08-02,2022_MO_Senate_REP,0
2022,MO,Senate,,REP,Mark McCloskey,mccloskey m,4.0,Remington Research (R)/ Missouri Scout,806.0,lv,10/21/21,2022-08-02,2022_MO_Senate_REP,0
2022,MO,Senate,,REP,Eric Schmitt,schmitt e,25.0,Remington Research (R)/ Missouri Scout,806.0,lv,10/21/21,2022-08-02,2022_MO_Senate_REP,1
2022,MO,Senate,,REP,Eric Greitens,greitens e,36.0,Fabrizio Lee,400.0,lv,10/5/21,2022-08-02,2022_MO_Senate_REP,0
2022,MO,Senate,,REP,Vicky Hartzler,hartzler v,10.0,Fabrizio Lee,400.0,lv,10/5/21,2022-08-02,2022_MO_Senate_REP,0
2022,MO,Senate,,REP,Billy Long,long b,6.0,Fabrizio Lee,400.0,lv,10/5/21,2022-08-02,2022_MO_Senate_REP,0
2022,MO,Senate,,REP,Mark McCloskey,mccloskey m,4.0,Fabrizio Lee,400.0,lv,10/5/21,2022-08-02,2022_MO_Senate_REP,0
2022,MO,Senate,,REP,Eric Schmitt,schmitt e,17.0,Fabrizio Lee,400.0,lv,10/5/21,2022-08-02,2022_MO_Senate_REP,1
2022,MO,Senate,,REP,Eric Greitens,greitens e,27.0,Remington Research (R)/ Missouri Scout,847.0,lv,9/9/21,2022-08-02,2022_MO_Senate_REP,0
2022,MO,Senate,,REP,Vicky Hartzler,hartzler v,17.0,Remington Research (R)/ Missouri Scout,847.0,lv,9/9/21,2022-08-02,2022_MO_Senate_REP,0
2022,MO,Senate,,REP,Billy Long,long b,8.0,Remington Research (R)/ Missouri Scout,847.0,lv,9/9/21,2022-08-02,2022_MO_Senate_REP,0
2022,MO,Senate,,REP,Mark McCloskey,mccloskey m,5.0,Remington Research (R)/ Missouri Scout,847.0,lv,9/9/21,2022-08-02,2022_MO_Senate_REP,0
2022,MO,Senate,,REP,Eric Schmitt,schmitt e,28.000000000000004,Remington Research (R)/ Missouri Scout,847.0,lv,9/9/21,2022-08-02,2022_MO_Senate_REP,1
2022,MO,Senate,,REP,Eric Greitens,greitens e,27.0,Remington Research (R)/ Missouri Scout,911.0,lv,8/5/21,2022-08-02,2022_MO_Senate_REP,0
2022,MO,Senate,,REP,Vicky Hartzler,hartzler v,13.0,Remington Research (R)/ Missouri Scout,911.0,lv,8/5/21,2022-08-02,2022_MO_Senate_REP,0
2022,MO,Senate,,REP,Billy Long,long b,12.0,Remington Research (R)/ Missouri Scout,911.0,lv,8/5/21,2022-08-02,2022_MO_Senate_REP,0
2022,MO,Senate,,REP,Mark McCloskey,mccloskey m,9.0,Remington Research (R)/ Missouri Scout,911.0,lv,8/5/21,2022-08-02,2022_MO_Senate_REP,0
2022,MO,Senate,,REP,Eric Schmitt,schmitt e,24.0,Remington Research (R)/ Missouri Scout,911.0,lv,8/5/21,2022-08-02,2022_MO_Senate_REP,1
2022,MO,Senate,,REP,Eric Greitens,greitens e,34.0,Remington Research (R)/ Missouri Scout,1011.0,lv,6/10/21,2022-08-02,2022_MO_Senate_REP,0
2022,MO,Senate,,REP,Vicky Hartzler,hartzler v,14.000000000000002,Remington Research (R)/ Missouri Scout,1011.0,lv,6/10/21,2022-08-02,2022_MO_Senate_REP,0
2022,MO,Senate,,REP,Mark McCloskey,mccloskey m,7.000000000000001,Remington Research (R)/ Missouri Scout,1011.0,lv,6/10/21,2022-08-02,2022_MO_Senate_REP,0
2022,MO,Senate,,REP,Eric Schmitt,schmitt e,25.0,Remington Research (R)/ Missouri Scout,1011.0,lv,6/10/21,2022-08-02,2022_MO_Senate_REP,1
2022,MO,Senate,,REP,Eric Greitens,greitens e,36.0,Remington Research (R)/ Missouri Scout,1041.0,lv,3/25/21,2022-08-02,2022_MO_Senate_REP,0
2022,MO,Senate,,REP,Billy Long,long b,14.000000000000002,Remington Research (R)/ Missouri Scout,1041.0,lv,3/25/21,2022-08-02,2022_MO_Senate_REP,0
2022,MO,Senate,,REP,Eric Schmitt,schmitt e,30.0,Remington Research (R)/ Missouri Scout,1041.0,lv,3/25/21,2022-08-02,2022_MO_Senate_REP,1
2022,MO,Senate,,REP,John Brunner,brunner j,2.0,Remington Research (R)/ Missouri Scout,1041.0,lv,3/25/21,2022-08-02,2022_MO_Senate_REP,0
2022,MO,Senate,,REP,Vicky Hartzler,hartzler v,8.0,Remington Research (R)/ Missouri Scout,1041.0,lv,3/25/21,2022-08-02,2022_MO_Senate_REP,0
2022,MO,Senate,,REP,Jason Smith,smith j,9.0,Remington Research (R)/ Missouri Scout,1041.0,lv,3/25/21,2022-08-02,2022_MO_Senate_REP,0
2022,MO,Senate,,REP,Ann Wagner,wagner a,12.0,Remington Research (R)/ Missouri Scout,1041.0,lv,3/25/21,2022-08-02,2022_MO_Senate_REP,0
2022,MO,Senate,,REP,Eric Greitens,greitens e,48.0,"Fabrizio, Lee & Associates",400.0,lv,3/25/21,2022-08-02,2022_MO_Senate_REP,0
2022,MO,Senate,,REP,Eric Schmitt,schmitt e,11.0,"Fabrizio, Lee & Associates",400.0,lv,3/25/21,2022-08-02,2022_MO_Senate_REP,1
2022,MO,Senate,,REP,Jason Smith,smith j,7.000000000000001,"Fabrizio, Lee & Associates",400.0,lv,3/25/21,2022-08-02,2022_MO_Senate_REP,0
2022,MO,Senate,,REP,Ann Wagner,wagner a,9.0,"Fabrizio, Lee & Associates",400.0,lv,3/25/21,2022-08-02,2022_MO_Senate_REP,0
2022,MO,Senate,,REP,Roy Blunt,blunt r,43.0,Remington Research (R)/ Missouri Scout,840.0,lv,12/3/20,2022-08-02,2022_MO_Senate_REP,0
2022,MO,Senate,,REP,Eric Greitens,greitens e,32.0,Remington Research (R)/ Missouri Scout,840.0,lv,12/3/20,2022-08-02,2022_MO_Senate_REP,0
2022,MO,Senate,,DEM,Lucas Kunce,kunce l,14.000000000000002,SurveyUSA,547.0,lv,7/27/22,2022-08-02,2022_MO_Senate_DEM,0
2022,MO,Senate,,DEM,Spencer Toder,toder s,3.0,SurveyUSA,547.0,lv,7/27/22,2022-08-02,2022_MO_Senate_DEM,0
2022,MO,Senate,,DEM,Trudy Busch Valentine,valentine t,40.0,SurveyUSA,547.0,lv,7/27/22,2022-08-02,2022_MO_Senate_DEM,1
2022,MO,Senate,,DEM,"Carla ""Coffee"" Wright",wright c,6.0,SurveyUSA,547.0,lv,7/27/22,2022-08-02,2022_MO_Senate_DEM,0
2022,MO,Senate,,DEM,Lucas Kunce,kunce l,35.0,Emerson College,1000.0,lv,7/23/22,2022-08-02,2022_MO_Senate_DEM,0
2022,MO,Senate,,DEM,Spencer Toder,toder s,3.0,Emerson College,1000.0,lv,7/23/22,2022-08-02,2022_MO_Senate_DEM,0
2022,MO,Senate,,DEM,Trudy Busch Valentine,valentine t,39.0,Emerson College,1000.0,lv,7/23/22,2022-08-02,2022_MO_Senate_DEM,1
2022,MO,Senate,,DEM,"Carla ""Coffee"" Wright",wright c,1.0,Emerson College,1000.0,lv,7/23/22,2022-08-02,2022_MO_Senate_DEM,0
2022,MO,Senate,,DEM,Lucas Kunce,kunce l,19.0,Triton Polling & Research,544.0,lv,5/1/22,2022-08-02,2022_MO_Senate_DEM,0
2022,MO,Senate,,DEM,Spencer Toder,toder s,24.0,Triton Polling & Research,544.0,lv,5/1/22,2022-08-02,2022_MO_Senate_DEM,0
2022,MO,Senate,,DEM,Trudy Busch Valentine,valentine t,26.0,Triton Polling & Research,544.0,lv,5/1/22,2022-08-02,2022_MO_Senate_DEM,1
2022,MO,Senate,,DEM,Lucas Kunce,kunce l,10.0,SurveyUSA,500.0,lv,5/15/22,2022-08-02,2022_MO_Senate_DEM,0
2022,MO,Senate,,DEM,Spencer Toder,toder s,3.0,SurveyUSA,500.0,lv,5/15/22,2022-08-02,2022_MO_Senate_DEM,0
2022,MO,Senate,,DEM,Trudy Busch Valentine,valentine t,8.0,SurveyUSA,500.0,lv,5/15/22,2022-08-02,2022_MO_Senate_DEM,1
2022,MO,Senate,,DEM,"Carla ""Coffee"" Wright",wright c,3.0,SurveyUSA,500.0,lv,5/15/22,2022-08-02,2022_MO_Senate_DEM,0
2022,MO,Senate,,DEM,Lucas Kunce,kunce l,25.0,Public Policy Polling,546.0,lv,4/14/22,2022-08-02,2022_MO_Senate_DEM,0
2022,MO,Senate,,DEM,Trudy Busch Valentine,valentine t,18.0,Public Policy Polling,546.0,lv,4/14/22,2022-08-02,2022_MO_Senate_DEM,1
2022,MO,Senate,,REP,Eric Schmitt,schmitt e,50.0,Remington Research,986.0,lv,4/28/22,2022-08-02,2022_MO_Senate_REP,1
2022,MO,Senate,,DEM,Trudy Busch Valentine,valentine t,32.0,Remington Research,986.0,lv,4/28/22,2022-08-02,2022_MO_Senate_DEM,1
2022,MO,Senate,,REP,Eric Greitens,greitens e,46.0,The Trafalgar Group,1075.0,lv,3/13/22,2022-08-02,2022_MO_Senate_REP,0
2022,MO,Senate,,DEM,Lucas Kunce,kunce l,45.0,The Trafalgar Group,1075.0,lv,3/13/22,2022-08-02,2022_MO_Senate_DEM,0
2022,MO,Senate,,REP,Eric Greitens,greitens e,34.0,co/efficient,1210.0,lv,12/17/21,2022-08-02,2022_MO_Senate_REP,0
2022,MO,Senate,,DEM,Lucas Kunce,kunce l,26.0,co/efficient,1210.0,lv,12/17/21,2022-08-02,2022_MO_Senate_DEM,0
2022,MO,Senate,,REP,Eric Greitens,greitens e,47.0,"Fabrizio, Lee & Associates",600.0,lv,10/4/21,2022-08-02,2022_MO_Senate_REP,0
2022,MO,Senate,,DEM,Lucas Kunce,kunce l,40.0,"Fabrizio, Lee & Associates",600.0,lv,10/4/21,2022-08-02,2022_MO_Senate_DEM,0
2022,MO,Senate,,REP,Eric Greitens,greitens e,46.0,Remington Research (R)/ Missouri Scout,986.0,lv,4/28/22,2022-08-02,2022_MO_Senate_REP,0
2022,MO,Senate,,DEM,Trudy Busch Valentine,valentine t,37.0,Remington Research (R)/ Missouri Scout,986.0,lv,4/28/22,2022-08-02,2022_MO_Senate_DEM,1
2022,MO,Senate,,REP,Vicky Hartzler,hartzler v,56.00000000000001,The Trafalgar Group,1075.0,lv,3/13/22,2022-08-02,2022_MO_Senate_REP,0
2022,MO,Senate,,REP,Vicky Hartzler,hartzler v,23.0,co/efficient,1210.0,lv,12/17/21,2022-08-02,2022_MO_Senate_REP,0
2022,MO,Senate,,REP,Vicky Hartzler,hartzler v,49.0,Remington Research (R)/ Missouri Scout,986.0,lv,4/28/22,2022-08-02,2022_MO_Senate_REP,0
2022,MO,Senate,,REP,Billy Long,long b,16.0,co/efficient,1210.0,lv,12/17/21,2022-08-02,2022_MO_Senate_REP,0
2022,MO,Senate,,REP,Eric Schmitt,schmitt e,55.00000000000001,The Trafalgar Group,1075.0,lv,3/13/22,2022-08-02,2022_MO_Senate_REP,1
2022,MO,Senate,,REP,Eric Schmitt,schmitt e,28.000000000000004,co/efficient,1210.0,lv,12/17/21,2022-08-02,2022_MO_Senate_REP,1
2022,MO,Senate,,REP,Eric Greitens,greitens e,27.0,Bendixen & Amandi International (SAM),800.0,lv,2/6/22,2022-08-02,2022_MO_Senate_REP,0
2022,MO,Senate,,DEM,Lucas Kunce,kunce l,25.0,Bendixen & Amandi International (SAM),800.0,lv,2/6/22,2022-08-02,2022_MO_Senate_DEM,0
2022,MO,Senate,,REP,Eric Greitens,greitens e,48.0,Remington Research (R)/ Missouri Scout,922.0,lv,7/15/21,2022-08-02,2022_MO_Senate_REP,0
2022,MO,Senate,,DEM,Jay Nixon,nixon j,44.0,Remington Research (R)/ Missouri Scout,922.0,lv,7/15/21,2022-08-02,2022_MO_Senate_DEM,0
2022,MO,Senate,,REP,Eric Greitens,greitens e,48.0,Remington Research (R)/ Missouri Scout,936.0,lv,4/8/21,2022-08-02,2022_MO_Senate_REP,0
2022,MO,Senate,,DEM,Jay Nixon,nixon j,44.0,Remington Research (R)/ Missouri Scout,936.0,lv,4/8/21,2022-08-02,2022_MO_Senate_DEM,0
2022,MO,Senate,,DEM,Scott Sifton,sifton s,45.0,The Trafalgar Group,1075.0,lv,3/13/22,2022-08-02,2022_MO_Senate_DEM,0
2022,MO,Senate,,DEM,Scott Sifton,sifton s,26.0,co/efficient,1210.0,lv,12/17/21,2022-08-02,2022_MO_Senate_DEM,0
2022,MO,Senate,,DEM,Scott Sifton,sifton s,40.0,"Fabrizio, Lee & Associates",600.0,lv,10/4/21,2022-08-02,2022_MO_Senate_DEM,0
2022,MO,Senate,,DEM,Scott Sifton,sifton s,42.0,Remington Research (R)/ Missouri Scout,936.0,lv,4/8/21,2022-08-02,2022_MO_Senate_DEM,0
2022,MO,Senate,,REP,Eric Greitens,greitens e,49.0,Remington Research (R)/ Missouri Scout,954.0,lv,2/18/21,2022-08-02,2022_MO_Senate_REP,0
2022,MO,Senate,,DEM,Scott Sifton,sifton s,41.0,Remington Research (R)/ Missouri Scout,954.0,lv,2/18/21,2022-08-02,2022_MO_Senate_DEM,0
2022,MO,Senate,,REP,Eric Greitens,greitens e,49.0,WPA Intelligence,600.0,lv,11/18/21,2022-08-02,2022_MO_Senate_REP,0
2022,MO,Senate,,REP,Eric Schmitt,schmitt e,50.0,Remington Research (R)/ Missouri Scout,936.0,lv,4/8/21,2022-08-02,2022_MO_Senate_REP,1
2022,MO,Senate,,REP,Roy Blunt,blunt r,45.0,Data for Progress,571.0,lv,1/12/21,2022-08-02,2022_MO_Senate_REP,0
2022,MO,Senate,,DEM,Jason Kander,kander j,44.0,Data for Progress,571.0,lv,1/12/21,2022-08-02,2022_MO_Senate_DEM,0
2022,MO,Senate,,REP,Roy Blunt,blunt r,50.0,Remington Research (R)/ Missouri Scout,954.0,lv,2/18/21,2022-08-02,2022_MO_Senate_REP,0
2022,MO,Senate,,REP,Roy Blunt,blunt r,52.0,Remington Research (R)/ Missouri Scout,980.0,lv,1/7/21,2022-08-02,2022_MO_Senate_REP,0
2022,MO,Senate,,DEM,Scott Sifton,sifton s,34.0,Remington Research (R)/ Missouri Scout,980.0,lv,1/7/21,2022-08-02,2022_MO_Senate_DEM,0
2022,NC,Senate,,REP,Ted Budd,budd t,43.0,Emerson College,467.0,lv,5/9/22,2022-05-17,2022_NC_Senate_REP,1
2022,NC,Senate,,REP,Marjorie Eastman,eastman m,2.0,Emerson College,467.0,lv,5/9/22,2022-05-17,2022_NC_Senate_REP,0
2022,NC,Senate,,REP,Pat McCrory,mccrory p,16.0,Emerson College,467.0,lv,5/9/22,2022-05-17,2022_NC_Senate_REP,0
2022,NC,Senate,,REP,Mark Walker,walker m,12.0,Emerson College,467.0,lv,5/9/22,2022-05-17,2022_NC_Senate_REP,0
2022,NC,Senate,,REP,Ted Budd,budd t,48.0,co/efficient,1089.0,lv,5/5/22,2022-05-17,2022_NC_Senate_REP,1
2022,NC,Senate,,REP,Marjorie Eastman,eastman m,3.0,co/efficient,1089.0,lv,5/5/22,2022-05-17,2022_NC_Senate_REP,0
2022,NC,Senate,,REP,Pat McCrory,mccrory p,20.0,co/efficient,1089.0,lv,5/5/22,2022-05-17,2022_NC_Senate_REP,0
2022,NC,Senate,,REP,Mark Walker,walker m,13.0,co/efficient,1089.0,lv,5/5/22,2022-05-17,2022_NC_Senate_REP,0
2022,NC,Senate,,REP,Ted Budd,budd t,45.0,Atlantic Polling Strategies,534.0,lv,4/28/22,2022-05-17,2022_NC_Senate_REP,1
2022,NC,Senate,,REP,Marjorie Eastman,eastman m,3.0,Atlantic Polling Strategies,534.0,lv,4/28/22,2022-05-17,2022_NC_Senate_REP,0
2022,NC,Senate,,REP,Pat McCrory,mccrory p,21.0,Atlantic Polling Strategies,534.0,lv,4/28/22,2022-05-17,2022_NC_Senate_REP,0
2022,NC,Senate,,REP,Mark Walker,walker m,9.0,Atlantic Polling Strategies,534.0,lv,4/28/22,2022-05-17,2022_NC_Senate_REP,0
2022,NC,Senate,,REP,Ted Budd,budd t,33.0,Meredith College,588.0,lv,4/27/22,2022-05-17,2022_NC_Senate_REP,1
2022,NC,Senate,,REP,Marjorie Eastman,eastman m,3.0,Meredith College,588.0,lv,4/27/22,2022-05-17,2022_NC_Senate_REP,0
2022,NC,Senate,,REP,Pat McCrory,mccrory p,26.0,Meredith College,588.0,lv,4/27/22,2022-05-17,2022_NC_Senate_REP,0
2022,NC,Senate,,REP,Mark Walker,walker m,7.000000000000001,Meredith College,588.0,lv,4/27/22,2022-05-17,2022_NC_Senate_REP,0
2022,NC,Senate,,REP,Ted Budd,budd t,43.0,WPA Intelligence,500.0,lv,4/26/22,2022-05-17,2022_NC_Senate_REP,1
2022,NC,Senate,,REP,Marjorie Eastman,eastman m,4.0,WPA Intelligence,500.0,lv,4/26/22,2022-05-17,2022_NC_Senate_REP,0
2022,NC,Senate,,REP,Pat McCrory,mccrory p,23.0,WPA Intelligence,500.0,lv,4/26/22,2022-05-17,2022_NC_Senate_REP,0
2022,NC,Senate,,REP,Mark Walker,walker m,9.0,WPA Intelligence,500.0,lv,4/26/22,2022-05-17,2022_NC_Senate_REP,0
2022,NC,Senate,,REP,Ted Budd,budd t,53.0,The Trafalgar Group,1049.0,lv,4/25/22,2022-05-17,2022_NC_Senate_REP,1
2022,NC,Senate,,REP,Marjorie Eastman,eastman m,6.0,The Trafalgar Group,1049.0,lv,4/25/22,2022-05-17,2022_NC_Senate_REP,0
2022,NC,Senate,,REP,Pat McCrory,mccrory p,28.999999999999996,The Trafalgar Group,1049.0,lv,4/25/22,2022-05-17,2022_NC_Senate_REP,0
2022,NC,Senate,,REP,Mark Walker,walker m,8.0,The Trafalgar Group,1049.0,lv,4/25/22,2022-05-17,2022_NC_Senate_REP,0
2022,NC,Senate,,REP,Ted Budd,budd t,40.0,Spry Strategies,600.0,lv,4/10/22,2022-05-17,2022_NC_Senate_REP,1
2022,NC,Senate,,REP,Marjorie Eastman,eastman m,2.0,Spry Strategies,600.0,lv,4/10/22,2022-05-17,2022_NC_Senate_REP,0
2022,NC,Senate,,REP,Pat McCrory,mccrory p,27.0,Spry Strategies,600.0,lv,4/10/22,2022-05-17,2022_NC_Senate_REP,0
2022,NC,Senate,,REP,Mark Walker,walker m,8.0,Spry Strategies,600.0,lv,4/10/22,2022-05-17,2022_NC_Senate_REP,0
2022,NC,Senate,,REP,Ted Budd,budd t,33.0,SurveyUSA,593.0,lv,4/10/22,2022-05-17,2022_NC_Senate_REP,1
2022,NC,Senate,,REP,Marjorie Eastman,eastman m,2.0,SurveyUSA,593.0,lv,4/10/22,2022-05-17,2022_NC_Senate_REP,0
2022,NC,Senate,,REP,Pat McCrory,mccrory p,23.0,SurveyUSA,593.0,lv,4/10/22,2022-05-17,2022_NC_Senate_REP,0
2022,NC,Senate,,REP,Mark Walker,walker m,7.000000000000001,SurveyUSA,593.0,lv,4/10/22,2022-05-17,2022_NC_Senate_REP,0
2022,NC,Senate,,REP,Ted Budd,budd t,44.0,WPA Intelligence,510.0,lv,4/5/22,2022-05-17,2022_NC_Senate_REP,1
2022,NC,Senate,,REP,Marjorie Eastman,eastman m,3.0,WPA Intelligence,510.0,lv,4/5/22,2022-05-17,2022_NC_Senate_REP,0
2022,NC,Senate,,REP,Pat McCrory,mccrory p,31.0,WPA Intelligence,510.0,lv,4/5/22,2022-05-17,2022_NC_Senate_REP,0
2022,NC,Senate,,REP,Mark Walker,walker m,11.0,WPA Intelligence,510.0,lv,4/5/22,2022-05-17,2022_NC_Senate_REP,0
2022,NC,Senate,,REP,Ted Budd,budd t,38.0,Emerson College,508.0,lv,4/4/22,2022-05-17,2022_NC_Senate_REP,1
2022,NC,Senate,,REP,Marjorie Eastman,eastman m,1.0,Emerson College,508.0,lv,4/4/22,2022-05-17,2022_NC_Senate_REP,0
2022,NC,Senate,,REP,Pat McCrory,mccrory p,22.0,Emerson College,508.0,lv,4/4/22,2022-05-17,2022_NC_Senate_REP,0
2022,NC,Senate,,REP,Mark Walker,walker m,9.0,Emerson College,508.0,lv,4/4/22,2022-05-17,2022_NC_Senate_REP,0
2022,NC,Senate,,REP,Ted Budd,budd t,32.0,Cygnal,600.0,lv,4/3/22,2022-05-17,2022_NC_Senate_REP,1
2022,NC,Senate,,REP,Marjorie Eastman,eastman m,1.0,Cygnal,600.0,lv,4/3/22,2022-05-17,2022_NC_Senate_REP,0
2022,NC,Senate,,REP,Pat McCrory,mccrory p,21.0,Cygnal,600.0,lv,4/3/22,2022-05-17,2022_NC_Senate_REP,0
2022,NC,Senate,,REP,Mark Walker,walker m,7.000000000000001,Cygnal,600.0,lv,4/3/22,2022-05-17,2022_NC_Senate_REP,0
2022,NC,Senate,,REP,Ted Budd,budd t,32.0,Vitale & Associates,504.0,lv,3/23/22,2022-05-17,2022_NC_Senate_REP,1
2022,NC,Senate,,REP,Marjorie Eastman,eastman m,2.0,Vitale & Associates,504.0,lv,3/23/22,2022-05-17,2022_NC_Senate_REP,0
2022,NC,Senate,,REP,Pat McCrory,mccrory p,28.999999999999996,Vitale & Associates,504.0,lv,3/23/22,2022-05-17,2022_NC_Senate_REP,0
2022,NC,Senate,,REP,Mark Walker,walker m,12.0,Vitale & Associates,504.0,lv,3/23/22,2022-05-17,2022_NC_Senate_REP,0
2022,NC,Senate,,REP,Ted Budd,budd t,25.0,Meeting Street Insights,500.0,lv,3/1/22,2022-05-17,2022_NC_Senate_REP,1
2022,NC,Senate,,REP,Marjorie Eastman,eastman m,4.0,Meeting Street Insights,500.0,lv,3/1/22,2022-05-17,2022_NC_Senate_REP,0
2022,NC,Senate,,REP,Pat McCrory,mccrory p,31.0,Meeting Street Insights,500.0,lv,3/1/22,2022-05-17,2022_NC_Senate_REP,0
2022,NC,Senate,,REP,Mark Walker,walker m,16.0,Meeting Street Insights,500.0,lv,3/1/22,2022-05-17,2022_NC_Senate_REP,0
2022,NC,Senate,,REP,Ted Budd,budd t,18.0,Ingress Research Group,864.0,lv,2/27/22,2022-05-17,2022_NC_Senate_REP,1
2022,NC,Senate,,REP,Marjorie Eastman,eastman m,4.0,Ingress Research Group,864.0,lv,2/27/22,2022-05-17,2022_NC_Senate_REP,0
2022,NC,Senate,,REP,Pat McCrory,mccrory p,28.999999999999996,Ingress Research Group,864.0,lv,2/27/22,2022-05-17,2022_NC_Senate_REP,0
2022,NC,Senate,,REP,Mark Walker,walker m,11.0,Ingress Research Group,864.0,lv,2/27/22,2022-05-17,2022_NC_Senate_REP,0
2022,NC,Senate,,REP,Ted Budd,budd t,24.0,Remington Research Group,,lv,2/1/22,2022-05-17,2022_NC_Senate_REP,1
2022,NC,Senate,,REP,Marjorie Eastman,eastman m,3.0,Remington Research Group,,lv,2/1/22,2022-05-17,2022_NC_Senate_REP,0
2022,NC,Senate,,REP,Pat McCrory,mccrory p,35.0,Remington Research Group,,lv,2/1/22,2022-05-17,2022_NC_Senate_REP,0
2022,NC,Senate,,REP,Mark Walker,walker m,17.0,Remington Research Group,,lv,2/1/22,2022-05-17,2022_NC_Senate_REP,0
2022,NC,Senate,,REP,Ted Budd,budd t,19.0,Cygnal,600.0,lv,1/9/22,2022-05-17,2022_NC_Senate_REP,1
2022,NC,Senate,,REP,Marjorie Eastman,eastman m,1.0,Cygnal,600.0,lv,1/9/22,2022-05-17,2022_NC_Senate_REP,0
2022,NC,Senate,,REP,Pat McCrory,mccrory p,24.0,Cygnal,600.0,lv,1/9/22,2022-05-17,2022_NC_Senate_REP,0
2022,NC,Senate,,REP,Mark Walker,walker m,7.000000000000001,Cygnal,600.0,lv,1/9/22,2022-05-17,2022_NC_Senate_REP,0
2022,NC,Senate,,REP,Ted Budd,budd t,21.0,Strategic Partners Solutions,800.0,lv,1/5/22,2022-05-17,2022_NC_Senate_REP,1
2022,NC,Senate,,REP,Marjorie Eastman,eastman m,1.0,Strategic Partners Solutions,800.0,lv,1/5/22,2022-05-17,2022_NC_Senate_REP,0
2022,NC,Senate,,REP,Pat McCrory,mccrory p,30.0,Strategic Partners Solutions,800.0,lv,1/5/22,2022-05-17,2022_NC_Senate_REP,0
2022,NC,Senate,,REP,Mark Walker,walker m,8.0,Strategic Partners Solutions,800.0,lv,1/5/22,2022-05-17,2022_NC_Senate_REP,0
2022,NC,Senate,,REP,Ted Budd,budd t,33.0,WPA Intelligence,500.0,lv,11/3/21,2022-05-17,2022_NC_Senate_REP,1
2022,NC,Senate,,REP,Pat McCrory,mccrory p,36.0,WPA Intelligence,500.0,lv,11/3/21,2022-05-17,2022_NC_Senate_REP,0
2022,NC,Senate,,REP,Mark Walker,walker m,13.0,WPA Intelligence,500.0,lv,11/3/21,2022-05-17,2022_NC_Senate_REP,0
2022,NC,Senate,,REP,Ted Budd,budd t,25.0,Public Opinion Strategies,500.0,lv,10/19/21,2022-05-17,2022_NC_Senate_REP,1
2022,NC,Senate,,REP,Pat McCrory,mccrory p,40.0,Public Opinion Strategies,500.0,lv,10/19/21,2022-05-17,2022_NC_Senate_REP,0
2022,NC,Senate,,REP,Mark Walker,walker m,8.0,Public Opinion Strategies,500.0,lv,10/19/21,2022-05-17,2022_NC_Senate_REP,0
2022,NC,Senate,,REP,Ted Budd,budd t,21.0,WPA Intelligence,509.0,lv,6/24/21,2022-05-17,2022_NC_Senate_REP,1
2022,NC,Senate,,REP,Pat McCrory,mccrory p,45.0,WPA Intelligence,509.0,lv,6/24/21,2022-05-17,2022_NC_Senate_REP,0
2022,NC,Senate,,REP,Mark Walker,walker m,13.0,WPA Intelligence,509.0,lv,6/24/21,2022-05-17,2022_NC_Senate_REP,0
2022,NC,Senate,,REP,Ted Budd,budd t,19.0,Meeting Street Insights,500.0,lv,6/10/21,2022-05-17,2022_NC_Senate_REP,1
2022,NC,Senate,,REP,Pat McCrory,mccrory p,45.0,Meeting Street Insights,500.0,lv,6/10/21,2022-05-17,2022_NC_Senate_REP,0
2022,NC,Senate,,REP,Mark Walker,walker m,12.0,Meeting Street Insights,500.0,lv,6/10/21,2022-05-17,2022_NC_Senate_REP,0
2022,NC,Senate,,REP,Ted Budd,budd t,5.0,Spry Strategies,700.0,lv,4/24/21,2022-05-17,2022_NC_Senate_REP,1
2022,NC,Senate,,REP,Pat McCrory,mccrory p,40.0,Spry Strategies,700.0,lv,4/24/21,2022-05-17,2022_NC_Senate_REP,0
2022,NC,Senate,,REP,Mark Walker,walker m,11.0,Spry Strategies,700.0,lv,4/24/21,2022-05-17,2022_NC_Senate_REP,0
2022,NC,Senate,,REP,Ted Budd,budd t,9.0,Public Opinion Strategies,500.0,lv,4/8/21,2022-05-17,2022_NC_Senate_REP,1
2022,NC,Senate,,REP,Pat McCrory,mccrory p,48.0,Public Opinion Strategies,500.0,lv,4/8/21,2022-05-17,2022_NC_Senate_REP,0
2022,NC,Senate,,REP,Mark Walker,walker m,13.0,Public Opinion Strategies,500.0,lv,4/8/21,2022-05-17,2022_NC_Senate_REP,0
2022,NC,Senate,,REP,Ted Budd,budd t,47.0,WPA Intelligence,504.0,lv,12/21/21,2022-05-17,2022_NC_Senate_REP,1
2022,NC,Senate,,REP,Pat McCrory,mccrory p,43.0,WPA Intelligence,504.0,lv,12/21/21,2022-05-17,2022_NC_Senate_REP,0
2022,NC,Senate,,REP,Ted Budd,budd t,2.0,Cardinal Point Analytics,500.0,lv,4/20/21,2022-05-17,2022_NC_Senate_REP,1
2022,NC,Senate,,REP,Pat McCrory,mccrory p,36.0,Cardinal Point Analytics,500.0,lv,4/20/21,2022-05-17,2022_NC_Senate_REP,0
2022,NC,Senate,,REP,Lara Trump,trump l,36.0,Cardinal Point Analytics,500.0,lv,4/20/21,2022-05-17,2022_NC_Senate_REP,0
2022,NC,Senate,,REP,Mark Walker,walker m,10.0,Cardinal Point Analytics,500.0,lv,4/20/21,2022-05-17,2022_NC_Senate_REP,0
2022,NC,Senate,,REP,Dan Forest,forest d,13.0,Cygnal,500.0,lv,4/1/21,2022-05-17,2022_NC_Senate_REP,0
2022,NC,Senate,,REP,Pat McCrory,mccrory p,14.000000000000002,Cygnal,500.0,lv,4/1/21,2022-05-17,2022_NC_Senate_REP,0
2022,NC,Senate,,REP,Mark Robinson,robinson m,20.0,Cygnal,500.0,lv,4/1/21,2022-05-17,2022_NC_Senate_REP,0
2022,NC,Senate,,REP,Lara Trump,trump l,32.0,Cygnal,500.0,lv,4/1/21,2022-05-17,2022_NC_Senate_REP,0
2022,NC,Senate,,REP,Mark Walker,walker m,3.0,Cygnal,500.0,lv,4/1/21,2022-05-17,2022_NC_Senate_REP,0
2022,NC,Senate,,REP,Ted Budd,budd t,6.0,Meredith College,217.0,lv,3/15/21,2022-05-17,2022_NC_Senate_REP,1
2022,NC,Senate,,REP,Pat McCrory,mccrory p,17.0,Meredith College,217.0,lv,3/15/21,2022-05-17,2022_NC_Senate_REP,0
2022,NC,Senate,,REP,Lara Trump,trump l,27.0,Meredith College,217.0,lv,3/15/21,2022-05-17,2022_NC_Senate_REP,0
2022,NC,Senate,,REP,Mark Walker,walker m,7.000000000000001,Meredith College,217.0,lv,3/15/21,2022-05-17,2022_NC_Senate_REP,0
2022,NC,Senate,,REP,George Holding,holding g,3.0,UNLV Lee Business School,221.0,rv,12/2/20,2022-05-17,2022_NC_Senate_REP,0
2022,NC,Senate,,REP,Pat McCrory,mccrory p,23.0,UNLV Lee Business School,221.0,rv,12/2/20,2022-05-17,2022_NC_Senate_REP,0
2022,NC,Senate,,REP,Tim Moore,moore t,2.0,UNLV Lee Business School,221.0,rv,12/2/20,2022-05-17,2022_NC_Senate_REP,0
2022,NC,Senate,,REP,Lara Trump,trump l,24.0,UNLV Lee Business School,221.0,rv,12/2/20,2022-05-17,2022_NC_Senate_REP,0
2022,NC,Senate,,REP,Mark Walker,walker m,7.000000000000001,UNLV Lee Business School,221.0,rv,12/2/20,2022-05-17,2022_NC_Senate_REP,0
2022,NC,Senate,,DEM,Cheri Beasley,beasley c,49.0,Meredith College,392.0,lv,4/27/22,2022-05-17,2022_NC_Senate_DEM,1
2022,NC,Senate,,DEM,Cheri Beasley,beasley c,37.0,SurveyUSA,523.0,lv,4/10/22,2022-05-17,2022_NC_Senate_DEM,1
2022,NC,Senate,,DEM,Rett Newton,newton r,2.0,SurveyUSA,523.0,lv,4/10/22,2022-05-17,2022_NC_Senate_DEM,0
2022,NC,Senate,,DEM,Cheri Beasley,beasley c,39.0,Global Strategy Group,800.0,lv,11/7/21,2022-05-17,2022_NC_Senate_DEM,1
2022,NC,Senate,,DEM,Jeff Jackson,jackson j,25.0,Global Strategy Group,800.0,lv,11/7/21,2022-05-17,2022_NC_Senate_DEM,0
2022,NC,Senate,,DEM,Cheri Beasley,beasley c,33.0,Public Policy Polling,700.0,lv,9/1/21,2022-05-17,2022_NC_Senate_DEM,1
2022,NC,Senate,,DEM,Jeff Jackson,jackson j,24.0,Public Policy Polling,700.0,lv,9/1/21,2022-05-17,2022_NC_Senate_DEM,0
2022,NC,Senate,,DEM,Cheri Beasley,beasley c,32.0,Cardinal Point Analytics,500.0,lv,4/20/21,2022-05-17,2022_NC_Senate_DEM,1
2022,NC,Senate,,DEM,Jeff Jackson,jackson j,26.0,Cardinal Point Analytics,500.0,lv,4/20/21,2022-05-17,2022_NC_Senate_DEM,0
2022,NC,Senate,,DEM,Rett Newton,newton r,8.0,Cardinal Point Analytics,500.0,lv,4/20/21,2022-05-17,2022_NC_Senate_DEM,0
2022,NC,Senate,,DEM,Erica Smith,smith e,16.0,Cardinal Point Analytics,500.0,lv,4/20/21,2022-05-17,2022_NC_Senate_DEM,0
2022,NC,Senate,,DEM,Richard Watkins,watkins r,3.0,Cardinal Point Analytics,500.0,lv,4/20/21,2022-05-17,2022_NC_Senate_DEM,0
2022,NC,Senate,,DEM,Cheri Beasley,beasley c,13.0,Meredith College,312.0,lv,3/15/21,2022-05-17,2022_NC_Senate_DEM,1
2022,NC,Senate,,DEM,Jeff Jackson,jackson j,13.0,Meredith College,312.0,lv,3/15/21,2022-05-17,2022_NC_Senate_DEM,0
2022,NC,Senate,,DEM,Erica Smith,smith e,11.0,Meredith College,312.0,lv,3/15/21,2022-05-17,2022_NC_Senate_DEM,0
2022,NC,Senate,,DEM,Richard Watkins,watkins r,4.0,Meredith College,312.0,lv,3/15/21,2022-05-17,2022_NC_Senate_DEM,0
2022,NC,Senate,,REP,Ted Budd,budd t,46.0,Meeting Street Insights,500.0,rv,5/16/22,2022-05-17,2022_NC_Senate_REP,1
2022,NC,Senate,,DEM,Cheri Beasley,beasley c,45.0,Meeting Street Insights,500.0,rv,5/16/22,2022-05-17,2022_NC_Senate_DEM,1
2022,NC,Senate,,DEM,Cheri Beasley,beasley c,41.0,Emerson College,1000.0,rv,5/9/22,2022-05-17,2022_NC_Senate_DEM,1
2022,NC,Senate,,REP,Ted Budd,budd t,45.0,Global Strategy Group,800.0,lv,5/4/22,2022-05-17,2022_NC_Senate_REP,1
2022,NC,Senate,,DEM,Cheri Beasley,beasley c,45.0,Global Strategy Group,800.0,lv,5/4/22,2022-05-17,2022_NC_Senate_DEM,1
2022,NC,Senate,,DEM,Cheri Beasley,beasley c,43.0,Emerson College,1047.0,rv,4/4/22,2022-05-17,2022_NC_Senate_DEM,1
2022,NC,Senate,,REP,Ted Budd,budd t,45.0,Cygnal,513.0,lv,3/31/22,2022-05-17,2022_NC_Senate_REP,1
2022,NC,Senate,,DEM,Cheri Beasley,beasley c,43.0,Cygnal,513.0,lv,3/31/22,2022-05-17,2022_NC_Senate_DEM,1
2022,NC,Senate,,REP,Ted Budd,budd t,37.0,Redfield & Wilton Strategies,777.0,rv,11/10/21,2022-05-17,2022_NC_Senate_REP,1
2022,NC,Senate,,DEM,Cheri Beasley,beasley c,36.0,Redfield & Wilton Strategies,777.0,rv,11/10/21,2022-05-17,2022_NC_Senate_DEM,1
2022,NC,Senate,,REP,Pat McCrory,mccrory p,45.0,Global Strategy Group,800.0,lv,5/4/22,2022-05-17,2022_NC_Senate_REP,0
2022,NC,Senate,,REP,Pat McCrory,mccrory p,41.0,Cygnal,513.0,lv,3/31/22,2022-05-17,2022_NC_Senate_REP,0
2022,NC,Senate,,REP,Pat McCrory,mccrory p,39.0,Redfield & Wilton Strategies,777.0,rv,11/10/21,2022-05-17,2022_NC_Senate_REP,0
2022,NH,Senate,,REP,Don Bolduc,bolduc d,33.0,Public Policy Polling,559.0,lv,9/8/22,2022-09-13,2022_NH_Senate_REP,1
2022,NH,Senate,,REP,Bruce Fenton,fenton b,4.0,Public Policy Polling,559.0,lv,9/8/22,2022-09-13,2022_NH_Senate_REP,0
2022,NH,Senate,,REP,Vikram Mansharamani,mansharamani v,6.0,Public Policy Polling,559.0,lv,9/8/22,2022-09-13,2022_NH_Senate_REP,0
2022,NH,Senate,,REP,Chuck Morse,morse c,23.0,Public Policy Polling,559.0,lv,9/8/22,2022-09-13,2022_NH_Senate_REP,0
2022,NH,Senate,,REP,Kevin Smith,smith k,9.0,Public Policy Polling,559.0,lv,9/8/22,2022-09-13,2022_NH_Senate_REP,0
2022,NH,Senate,,REP,Don Bolduc,bolduc d,43.0,University of New Hampshire,892.0,lv,8/29/22,2022-09-13,2022_NH_Senate_REP,1
2022,NH,Senate,,REP,Bruce Fenton,fenton b,5.0,University of New Hampshire,892.0,lv,8/29/22,2022-09-13,2022_NH_Senate_REP,0
2022,NH,Senate,,REP,Vikram Mansharamani,mansharamani v,5.0,University of New Hampshire,892.0,lv,8/29/22,2022-09-13,2022_NH_Senate_REP,0
2022,NH,Senate,,REP,Chuck Morse,morse c,22.0,University of New Hampshire,892.0,lv,8/29/22,2022-09-13,2022_NH_Senate_REP,0
2022,NH,Senate,,REP,Kevin Smith,smith k,3.0,University of New Hampshire,892.0,lv,8/29/22,2022-09-13,2022_NH_Senate_REP,0
2022,NH,Senate,,REP,Don Bolduc,bolduc d,32.0,Saint Anselm College,820.0,rv,8/11/22,2022-09-13,2022_NH_Senate_REP,1
2022,NH,Senate,,REP,Bruce Fenton,fenton b,4.0,Saint Anselm College,820.0,rv,8/11/22,2022-09-13,2022_NH_Senate_REP,0
2022,NH,Senate,,REP,Vikram Mansharamani,mansharamani v,2.0,Saint Anselm College,820.0,rv,8/11/22,2022-09-13,2022_NH_Senate_REP,0
2022,NH,Senate,,REP,Chuck Morse,morse c,16.0,Saint Anselm College,820.0,rv,8/11/22,2022-09-13,2022_NH_Senate_REP,0
2022,NH,Senate,,REP,Kevin Smith,smith k,4.0,Saint Anselm College,820.0,rv,8/11/22,2022-09-13,2022_NH_Senate_REP,0
2022,NH,Senate,,REP,Don Bolduc,bolduc d,33.0,University of New Hampshire,315.0,lv,4/18/22,2022-09-13,2022_NH_Senate_REP,1
2022,NH,Senate,,REP,Bruce Fenton,fenton b,1.0,University of New Hampshire,315.0,lv,4/18/22,2022-09-13,2022_NH_Senate_REP,0
2022,NH,Senate,,REP,Chuck Morse,morse c,2.0,University of New Hampshire,315.0,lv,4/18/22,2022-09-13,2022_NH_Senate_REP,0
2022,NH,Senate,,REP,Kevin Smith,smith k,4.0,University of New Hampshire,315.0,lv,4/18/22,2022-09-13,2022_NH_Senate_REP,0
2022,NV,Senate,,REP,Dean Heller,heller d,25.0,WPA Intelligence,300.0,lv,12/11/20,2022-06-14,2022_NV_Senate_REP,0
2022,NV,Senate,,REP,Adam Laxalt,laxalt a,44.0,WPA Intelligence,300.0,lv,12/11/20,2022-06-14,2022_NV_Senate_REP,1
2022,NY,Senate,,DEM,Chuck Schumer,schumer c,54.0,Zogby Analytics,328.0,lv,5/9/20,2022-08-23,2022_NY_Senate_DEM,1
2022,NY,Senate,,DEM,Alexandria Ocasio-Cortez,ocasiocortez a,21.0,Zogby Analytics,328.0,lv,5/9/20,2022-08-23,2022_NY_Senate_DEM,0
2022,OH,Senate,,REP,Matt Dolan,dolan m,22.0,The Trafalgar Group,1081.0,lv,5/1/22,2022-05-03,2022_OH_Senate_REP,0
2022,OH,Senate,,REP,Mike Gibbons,gibbons m,13.0,The Trafalgar Group,1081.0,lv,5/1/22,2022-05-03,2022_OH_Senate_REP,0
2022,OH,Senate,,REP,Josh Mandel,mandel j,21.0,The Trafalgar Group,1081.0,lv,5/1/22,2022-05-03,2022_OH_Senate_REP,0
2022,OH,Senate,,REP,Jane Timken,timken j,6.0,The Trafalgar Group,1081.0,lv,5/1/22,2022-05-03,2022_OH_Senate_REP,0
2022,OH,Senate,,REP,JD Vance,vance j,26.0,The Trafalgar Group,1081.0,lv,5/1/22,2022-05-03,2022_OH_Senate_REP,1
2022,OH,Senate,,REP,Matt Dolan,dolan m,18.0,Emerson College,885.0,lv,4/29/22,2022-05-03,2022_OH_Senate_REP,0
2022,OH,Senate,,REP,Mike Gibbons,gibbons m,14.000000000000002,Emerson College,885.0,lv,4/29/22,2022-05-03,2022_OH_Senate_REP,0
2022,OH,Senate,,REP,Josh Mandel,mandel j,22.0,Emerson College,885.0,lv,4/29/22,2022-05-03,2022_OH_Senate_REP,0
2022,OH,Senate,,REP,Jane Timken,timken j,7.000000000000001,Emerson College,885.0,lv,4/29/22,2022-05-03,2022_OH_Senate_REP,0
2022,OH,Senate,,REP,JD Vance,vance j,24.0,Emerson College,885.0,lv,4/29/22,2022-05-03,2022_OH_Senate_REP,1
2022,OH,Senate,,REP,Matt Dolan,dolan m,12.0,Fabrizio Lee,800.0,lv,4/26/22,2022-05-03,2022_OH_Senate_REP,0
2022,OH,Senate,,REP,Mike Gibbons,gibbons m,12.0,Fabrizio Lee,800.0,lv,4/26/22,2022-05-03,2022_OH_Senate_REP,0
2022,OH,Senate,,REP,Josh Mandel,mandel j,19.0,Fabrizio Lee,800.0,lv,4/26/22,2022-05-03,2022_OH_Senate_REP,0
2022,OH,Senate,,REP,Jane Timken,timken j,8.0,Fabrizio Lee,800.0,lv,4/26/22,2022-05-03,2022_OH_Senate_REP,0
2022,OH,Senate,,REP,JD Vance,vance j,31.0,Fabrizio Lee,800.0,lv,4/26/22,2022-05-03,2022_OH_Senate_REP,1
2022,OH,Senate,,REP,Matt Dolan,dolan m,18.0,Blueprint Polling,634.0,lv,4/24/22,2022-05-03,2022_OH_Senate_REP,0
2022,OH,Senate,,REP,Mike Gibbons,gibbons m,13.0,Blueprint Polling,634.0,lv,4/24/22,2022-05-03,2022_OH_Senate_REP,0
2022,OH,Senate,,REP,Josh Mandel,mandel j,12.0,Blueprint Polling,634.0,lv,4/24/22,2022-05-03,2022_OH_Senate_REP,0
2022,OH,Senate,,REP,Jane Timken,timken j,7.000000000000001,Blueprint Polling,634.0,lv,4/24/22,2022-05-03,2022_OH_Senate_REP,0
2022,OH,Senate,,REP,JD Vance,vance j,17.0,Blueprint Polling,634.0,lv,4/24/22,2022-05-03,2022_OH_Senate_REP,1
2022,OH,Senate,,REP,Matt Dolan,dolan m,11.0,Fox News,906.0,lv,4/24/22,2022-05-03,2022_OH_Senate_REP,0
2022,OH,Senate,,REP,Mike Gibbons,gibbons m,13.0,Fox News,906.0,lv,4/24/22,2022-05-03,2022_OH_Senate_REP,0
2022,OH,Senate,,REP,Josh Mandel,mandel j,18.0,Fox News,906.0,lv,4/24/22,2022-05-03,2022_OH_Senate_REP,0
2022,OH,Senate,,REP,Jane Timken,timken j,6.0,Fox News,906.0,lv,4/24/22,2022-05-03,2022_OH_Senate_REP,0
2022,OH,Senate,,REP,JD Vance,vance j,23.0,Fox News,906.0,lv,4/24/22,2022-05-03,2022_OH_Senate_REP,1
2022,OH,Senate,,REP,Matt Dolan,dolan m,9.0,Fabrizio Lee,800.0,lv,4/19/22,2022-05-03,2022_OH_Senate_REP,0
2022,OH,Senate,,REP,Mike Gibbons,gibbons m,13.0,Fabrizio Lee,800.0,lv,4/19/22,2022-05-03,2022_OH_Senate_REP,0
2022,OH,Senate,,REP,Josh Mandel,mandel j,18.0,Fabrizio Lee,800.0,lv,4/19/22,2022-05-03,2022_OH_Senate_REP,0
2022,OH,Senate,,REP,Jane Timken,timken j,11.0,Fabrizio Lee,800.0,lv,4/19/22,2022-05-03,2022_OH_Senate_REP,0
2022,OH,Senate,,REP,JD Vance,vance j,25.0,Fabrizio Lee,800.0,lv,4/19/22,2022-05-03,2022_OH_Senate_REP,1
2022,OH,Senate,,REP,Matt Dolan,dolan m,12.0,The Trafalgar Group,1078.0,lv,4/14/22,2022-05-03,2022_OH_Senate_REP,0
2022,OH,Senate,,REP,Mike Gibbons,gibbons m,14.000000000000002,The Trafalgar Group,1078.0,lv,4/14/22,2022-05-03,2022_OH_Senate_REP,0
2022,OH,Senate,,REP,Josh Mandel,mandel j,28.000000000000004,The Trafalgar Group,1078.0,lv,4/14/22,2022-05-03,2022_OH_Senate_REP,0
2022,OH,Senate,,REP,Jane Timken,timken j,8.0,The Trafalgar Group,1078.0,lv,4/14/22,2022-05-03,2022_OH_Senate_REP,0
2022,OH,Senate,,REP,JD Vance,vance j,23.0,The Trafalgar Group,1078.0,lv,4/14/22,2022-05-03,2022_OH_Senate_REP,1
2022,OH,Senate,,REP,Matt Dolan,dolan m,15.0,Remington Research Group,884.0,lv,4/12/22,2022-05-03,2022_OH_Senate_REP,0
2022,OH,Senate,,REP,Mike Gibbons,gibbons m,17.0,Remington Research Group,884.0,lv,4/12/22,2022-05-03,2022_OH_Senate_REP,0
2022,OH,Senate,,REP,Josh Mandel,mandel j,23.0,Remington Research Group,884.0,lv,4/12/22,2022-05-03,2022_OH_Senate_REP,0
2022,OH,Senate,,REP,Jane Timken,timken j,12.0,Remington Research Group,884.0,lv,4/12/22,2022-05-03,2022_OH_Senate_REP,0
2022,OH,Senate,,REP,JD Vance,vance j,10.0,Remington Research Group,884.0,lv,4/12/22,2022-05-03,2022_OH_Senate_REP,1
2022,OH,Senate,,REP,Matt Dolan,dolan m,13.0,Moore Information Group,2500.0,lv,4/4/22,2022-05-03,2022_OH_Senate_REP,0
2022,OH,Senate,,REP,Mike Gibbons,gibbons m,20.0,Moore Information Group,2500.0,lv,4/4/22,2022-05-03,2022_OH_Senate_REP,0
2022,OH,Senate,,REP,Josh Mandel,mandel j,16.0,Moore Information Group,2500.0,lv,4/4/22,2022-05-03,2022_OH_Senate_REP,0
2022,OH,Senate,,REP,Jane Timken,timken j,15.0,Moore Information Group,2500.0,lv,4/4/22,2022-05-03,2022_OH_Senate_REP,0
2022,OH,Senate,,REP,JD Vance,vance j,10.0,Moore Information Group,2500.0,lv,4/4/22,2022-05-03,2022_OH_Senate_REP,1
2022,OH,Senate,,REP,Matt Dolan,dolan m,9.0,Fabrizio Lee,800.0,lv,3/31/22,2022-05-03,2022_OH_Senate_REP,0
2022,OH,Senate,,REP,Mike Gibbons,gibbons m,18.0,Fabrizio Lee,800.0,lv,3/31/22,2022-05-03,2022_OH_Senate_REP,0
2022,OH,Senate,,REP,Josh Mandel,mandel j,18.0,Fabrizio Lee,800.0,lv,3/31/22,2022-05-03,2022_OH_Senate_REP,0
2022,OH,Senate,,REP,Jane Timken,timken j,9.0,Fabrizio Lee,800.0,lv,3/31/22,2022-05-03,2022_OH_Senate_REP,0
2022,OH,Senate,,REP,JD Vance,vance j,18.0,Fabrizio Lee,800.0,lv,3/31/22,2022-05-03,2022_OH_Senate_REP,1
2022,OH,Senate,,REP,Matt Dolan,dolan m,5.0,University of Akron,,lv,3/15/22,2022-05-03,2022_OH_Senate_REP,0
2022,OH,Senate,,REP,Mike Gibbons,gibbons m,21.0,University of Akron,,lv,3/15/22,2022-05-03,2022_OH_Senate_REP,0
2022,OH,Senate,,REP,Josh Mandel,mandel j,22.0,University of Akron,,lv,3/15/22,2022-05-03,2022_OH_Senate_REP,0
2022,OH,Senate,,REP,Jane Timken,timken j,6.0,University of Akron,,lv,3/15/22,2022-05-03,2022_OH_Senate_REP,0
2022,OH,Senate,,REP,JD Vance,vance j,10.0,University of Akron,,lv,3/15/22,2022-05-03,2022_OH_Senate_REP,1
2022,OH,Senate,,REP,Matt Dolan,dolan m,7.000000000000001,Fox News,918.0,lv,3/6/22,2022-05-03,2022_OH_Senate_REP,0
2022,OH,Senate,,REP,Mike Gibbons,gibbons m,22.0,Fox News,918.0,lv,3/6/22,2022-05-03,2022_OH_Senate_REP,0
2022,OH,Senate,,REP,Josh Mandel,mandel j,20.0,Fox News,918.0,lv,3/6/22,2022-05-03,2022_OH_Senate_REP,0
2022,OH,Senate,,REP,Jane Timken,timken j,9.0,Fox News,918.0,lv,3/6/22,2022-05-03,2022_OH_Senate_REP,0
2022,OH,Senate,,REP,JD Vance,vance j,11.0,Fox News,918.0,lv,3/6/22,2022-05-03,2022_OH_Senate_REP,1
2022,OH,Senate,,REP,Matt Dolan,dolan m,6.0,Emerson College,410.0,lv,2/26/22,2022-05-03,2022_OH_Senate_REP,0
2022,OH,Senate,,REP,Mike Gibbons,gibbons m,22.0,Emerson College,410.0,lv,2/26/22,2022-05-03,2022_OH_Senate_REP,0
2022,OH,Senate,,REP,Josh Mandel,mandel j,15.0,Emerson College,410.0,lv,2/26/22,2022-05-03,2022_OH_Senate_REP,0
2022,OH,Senate,,REP,Jane Timken,timken j,6.0,Emerson College,410.0,lv,2/26/22,2022-05-03,2022_OH_Senate_REP,0
2022,OH,Senate,,REP,JD Vance,vance j,8.0,Emerson College,410.0,lv,2/26/22,2022-05-03,2022_OH_Senate_REP,1
2022,OH,Senate,,REP,Matt Dolan,dolan m,8.0,Fabrizio Lee,800.0,lv,2/24/22,2022-05-03,2022_OH_Senate_REP,0
2022,OH,Senate,,REP,Mike Gibbons,gibbons m,18.0,Fabrizio Lee,800.0,lv,2/24/22,2022-05-03,2022_OH_Senate_REP,0
2022,OH,Senate,,REP,Josh Mandel,mandel j,14.000000000000002,Fabrizio Lee,800.0,lv,2/24/22,2022-05-03,2022_OH_Senate_REP,0
2022,OH,Senate,,REP,Jane Timken,timken j,12.0,Fabrizio Lee,800.0,lv,2/24/22,2022-05-03,2022_OH_Senate_REP,0
2022,OH,Senate,,REP,JD Vance,vance j,14.000000000000002,Fabrizio Lee,800.0,lv,2/24/22,2022-05-03,2022_OH_Senate_REP,1
2022,OH,Senate,,REP,Matt Dolan,dolan m,6.0,Cygnal,609.0,lv,2/10/22,2022-05-03,2022_OH_Senate_REP,0
2022,OH,Senate,,REP,Mike Gibbons,gibbons m,23.0,Cygnal,609.0,lv,2/10/22,2022-05-03,2022_OH_Senate_REP,0
2022,OH,Senate,,REP,Josh Mandel,mandel j,11.0,Cygnal,609.0,lv,2/10/22,2022-05-03,2022_OH_Senate_REP,0
2022,OH,Senate,,REP,Jane Timken,timken j,8.0,Cygnal,609.0,lv,2/10/22,2022-05-03,2022_OH_Senate_REP,0
2022,OH,Senate,,REP,JD Vance,vance j,9.0,Cygnal,609.0,lv,2/10/22,2022-05-03,2022_OH_Senate_REP,1
2022,OH,Senate,,REP,Matt Dolan,dolan m,10.0,The Trafalgar Group,1085.0,lv,2/10/22,2022-05-03,2022_OH_Senate_REP,0
2022,OH,Senate,,REP,Mike Gibbons,gibbons m,16.0,The Trafalgar Group,1085.0,lv,2/10/22,2022-05-03,2022_OH_Senate_REP,0
2022,OH,Senate,,REP,Josh Mandel,mandel j,21.0,The Trafalgar Group,1085.0,lv,2/10/22,2022-05-03,2022_OH_Senate_REP,0
2022,OH,Senate,,REP,Jane Timken,timken j,10.0,The Trafalgar Group,1085.0,lv,2/10/22,2022-05-03,2022_OH_Senate_REP,0
2022,OH,Senate,,REP,JD Vance,vance j,14.000000000000002,The Trafalgar Group,1085.0,lv,2/10/22,2022-05-03,2022_OH_Senate_REP,1
2022,OH,Senate,,REP,Matt Dolan,dolan m,7.000000000000001,co/efficient,613.0,lv,2/8/22,2022-05-03,2022_OH_Senate_REP,0
2022,OH,Senate,,REP,Mike Gibbons,gibbons m,20.0,co/efficient,613.0,lv,2/8/22,2022-05-03,2022_OH_Senate_REP,0
2022,OH,Senate,,REP,Josh Mandel,mandel j,18.0,co/efficient,613.0,lv,2/8/22,2022-05-03,2022_OH_Senate_REP,0
2022,OH,Senate,,REP,Jane Timken,timken j,6.0,co/efficient,613.0,lv,2/8/22,2022-05-03,2022_OH_Senate_REP,0
2022,OH,Senate,,REP,JD Vance,vance j,5.0,co/efficient,613.0,lv,2/8/22,2022-05-03,2022_OH_Senate_REP,1
2022,OH,Senate,,REP,Matt Dolan,dolan m,5.0,WPA Intelligence,514.0,lv,2/1/22,2022-05-03,2022_OH_Senate_REP,0
2022,OH,Senate,,REP,Mike Gibbons,gibbons m,17.0,WPA Intelligence,514.0,lv,2/1/22,2022-05-03,2022_OH_Senate_REP,0
2022,OH,Senate,,REP,Josh Mandel,mandel j,28.000000000000004,WPA Intelligence,514.0,lv,2/1/22,2022-05-03,2022_OH_Senate_REP,0
2022,OH,Senate,,REP,Bernie Moreno,moreno b,6.0,WPA Intelligence,514.0,lv,2/1/22,2022-05-03,2022_OH_Senate_REP,0
2022,OH,Senate,,REP,Jane Timken,timken j,9.0,WPA Intelligence,514.0,lv,2/1/22,2022-05-03,2022_OH_Senate_REP,0
2022,OH,Senate,,REP,JD Vance,vance j,13.0,WPA Intelligence,514.0,lv,2/1/22,2022-05-03,2022_OH_Senate_REP,1
2022,OH,Senate,,REP,Matt Dolan,dolan m,3.0,Cygnal,929.0,lv,1/30/22,2022-05-03,2022_OH_Senate_REP,0
2022,OH,Senate,,REP,Mike Gibbons,gibbons m,16.0,Cygnal,929.0,lv,1/30/22,2022-05-03,2022_OH_Senate_REP,0
2022,OH,Senate,,REP,Josh Mandel,mandel j,13.0,Cygnal,929.0,lv,1/30/22,2022-05-03,2022_OH_Senate_REP,0
2022,OH,Senate,,REP,Bernie Moreno,moreno b,6.0,Cygnal,929.0,lv,1/30/22,2022-05-03,2022_OH_Senate_REP,0
2022,OH,Senate,,REP,Jane Timken,timken j,8.0,Cygnal,929.0,lv,1/30/22,2022-05-03,2022_OH_Senate_REP,0
2022,OH,Senate,,REP,JD Vance,vance j,10.0,Cygnal,929.0,lv,1/30/22,2022-05-03,2022_OH_Senate_REP,1
2022,OH,Senate,,REP,Matt Dolan,dolan m,3.0,Fabrizio Lee,800.0,lv,1/20/22,2022-05-03,2022_OH_Senate_REP,0
2022,OH,Senate,,REP,Mike Gibbons,gibbons m,14.000000000000002,Fabrizio Lee,800.0,lv,1/20/22,2022-05-03,2022_OH_Senate_REP,0
2022,OH,Senate,,REP,Josh Mandel,mandel j,15.0,Fabrizio Lee,800.0,lv,1/20/22,2022-05-03,2022_OH_Senate_REP,0
2022,OH,Senate,,REP,Bernie Moreno,moreno b,11.0,Fabrizio Lee,800.0,lv,1/20/22,2022-05-03,2022_OH_Senate_REP,0
2022,OH,Senate,,REP,Jane Timken,timken j,13.0,Fabrizio Lee,800.0,lv,1/20/22,2022-05-03,2022_OH_Senate_REP,0
2022,OH,Senate,,REP,JD Vance,vance j,9.0,Fabrizio Lee,800.0,lv,1/20/22,2022-05-03,2022_OH_Senate_REP,1
2022,OH,Senate,,REP,Matt Dolan,dolan m,3.0,KAConsulting LLC,600.0,lv,1/13/22,2022-05-03,2022_OH_Senate_REP,0
2022,OH,Senate,,REP,Mike Gibbons,gibbons m,10.0,KAConsulting LLC,600.0,lv,1/13/22,2022-05-03,2022_OH_Senate_REP,0
2022,OH,Senate,,REP,Josh Mandel,mandel j,20.0,KAConsulting LLC,600.0,lv,1/13/22,2022-05-03,2022_OH_Senate_REP,0
2022,OH,Senate,,REP,Bernie Moreno,moreno b,10.0,KAConsulting LLC,600.0,lv,1/13/22,2022-05-03,2022_OH_Senate_REP,0
2022,OH,Senate,,REP,Jane Timken,timken j,18.0,KAConsulting LLC,600.0,lv,1/13/22,2022-05-03,2022_OH_Senate_REP,0
2022,OH,Senate,,REP,JD Vance,vance j,10.0,KAConsulting LLC,600.0,lv,1/13/22,2022-05-03,2022_OH_Senate_REP,1
2022,OH,Senate,,REP,Matt Dolan,dolan m,4.0,WPA Intelligence,513.0,lv,1/6/22,2022-05-03,2022_OH_Senate_REP,0
2022,OH,Senate,,REP,Mike Gibbons,gibbons m,14.000000000000002,WPA Intelligence,513.0,lv,1/6/22,2022-05-03,2022_OH_Senate_REP,0
2022,OH,Senate,,REP,Josh Mandel,mandel j,26.0,WPA Intelligence,513.0,lv,1/6/22,2022-05-03,2022_OH_Senate_REP,0
2022,OH,Senate,,REP,Bernie Moreno,moreno b,7.000000000000001,WPA Intelligence,513.0,lv,1/6/22,2022-05-03,2022_OH_Senate_REP,0
2022,OH,Senate,,REP,Jane Timken,timken j,15.0,WPA Intelligence,513.0,lv,1/6/22,2022-05-03,2022_OH_Senate_REP,0
2022,OH,Senate,,REP,JD Vance,vance j,10.0,WPA Intelligence,513.0,lv,1/6/22,2022-05-03,2022_OH_Senate_REP,1
2022,OH,Senate,,REP,Matt Dolan,dolan m,4.0,Moore Information Group,1000.0,lv,1/3/22,2022-05-03,2022_OH_Senate_REP,0
2022,OH,Senate,,REP,Mike Gibbons,gibbons m,14.000000000000002,Moore Information Group,1000.0,lv,1/3/22,2022-05-03,2022_OH_Senate_REP,0
2022,OH,Senate,,REP,Josh Mandel,mandel j,18.0,Moore Information Group,1000.0,lv,1/3/22,2022-05-03,2022_OH_Senate_REP,0
2022,OH,Senate,,REP,Bernie Moreno,moreno b,9.0,Moore Information Group,1000.0,lv,1/3/22,2022-05-03,2022_OH_Senate_REP,0
2022,OH,Senate,,REP,Jane Timken,timken j,16.0,Moore Information Group,1000.0,lv,1/3/22,2022-05-03,2022_OH_Senate_REP,0
2022,OH,Senate,,REP,JD Vance,vance j,8.0,Moore Information Group,1000.0,lv,1/3/22,2022-05-03,2022_OH_Senate_REP,1
2022,OH,Senate,,REP,Matt Dolan,dolan m,5.0,The Trafalgar Group,1053.0,lv,12/15/21,2022-05-03,2022_OH_Senate_REP,0
2022,OH,Senate,,REP,Mike Gibbons,gibbons m,12.0,The Trafalgar Group,1053.0,lv,12/15/21,2022-05-03,2022_OH_Senate_REP,0
2022,OH,Senate,,REP,Josh Mandel,mandel j,21.0,The Trafalgar Group,1053.0,lv,12/15/21,2022-05-03,2022_OH_Senate_REP,0
2022,OH,Senate,,REP,Bernie Moreno,moreno b,2.0,The Trafalgar Group,1053.0,lv,12/15/21,2022-05-03,2022_OH_Senate_REP,0
2022,OH,Senate,,REP,Jane Timken,timken j,10.0,The Trafalgar Group,1053.0,lv,12/15/21,2022-05-03,2022_OH_Senate_REP,0
2022,OH,Senate,,REP,JD Vance,vance j,15.0,The Trafalgar Group,1053.0,lv,12/15/21,2022-05-03,2022_OH_Senate_REP,1
2022,OH,Senate,,REP,Matt Dolan,dolan m,4.0,Moore Information Group,1000.0,lv,11/29/21,2022-05-03,2022_OH_Senate_REP,0
2022,OH,Senate,,REP,Mike Gibbons,gibbons m,13.0,Moore Information Group,1000.0,lv,11/29/21,2022-05-03,2022_OH_Senate_REP,0
2022,OH,Senate,,REP,Josh Mandel,mandel j,21.0,Moore Information Group,1000.0,lv,11/29/21,2022-05-03,2022_OH_Senate_REP,0
2022,OH,Senate,,REP,Bernie Moreno,moreno b,3.0,Moore Information Group,1000.0,lv,11/29/21,2022-05-03,2022_OH_Senate_REP,0
2022,OH,Senate,,REP,Jane Timken,timken j,17.0,Moore Information Group,1000.0,lv,11/29/21,2022-05-03,2022_OH_Senate_REP,0
2022,OH,Senate,,REP,JD Vance,vance j,10.0,Moore Information Group,1000.0,lv,11/29/21,2022-05-03,2022_OH_Senate_REP,1
2022,OH,Senate,,REP,Matt Dolan,dolan m,2.0,Fabrizio Lee,600.0,lv,11/23/21,2022-05-03,2022_OH_Senate_REP,0
2022,OH,Senate,,REP,Mike Gibbons,gibbons m,7.000000000000001,Fabrizio Lee,600.0,lv,11/23/21,2022-05-03,2022_OH_Senate_REP,0
2022,OH,Senate,,REP,Josh Mandel,mandel j,18.0,Fabrizio Lee,600.0,lv,11/23/21,2022-05-03,2022_OH_Senate_REP,0
2022,OH,Senate,,REP,Bernie Moreno,moreno b,2.0,Fabrizio Lee,600.0,lv,11/23/21,2022-05-03,2022_OH_Senate_REP,0
2022,OH,Senate,,REP,Jane Timken,timken j,10.0,Fabrizio Lee,600.0,lv,11/23/21,2022-05-03,2022_OH_Senate_REP,0
2022,OH,Senate,,REP,Mike Turner,turner m,6.0,Fabrizio Lee,600.0,lv,11/23/21,2022-05-03,2022_OH_Senate_REP,0
2022,OH,Senate,,REP,JD Vance,vance j,10.0,Fabrizio Lee,600.0,lv,11/23/21,2022-05-03,2022_OH_Senate_REP,1
2022,OH,Senate,,REP,Matt Dolan,dolan m,3.0,Fabrizio Lee,600.0,lv,10/18/21,2022-05-03,2022_OH_Senate_REP,0
2022,OH,Senate,,REP,Mike Gibbons,gibbons m,6.0,Fabrizio Lee,600.0,lv,10/18/21,2022-05-03,2022_OH_Senate_REP,0
2022,OH,Senate,,REP,Josh Mandel,mandel j,19.0,Fabrizio Lee,600.0,lv,10/18/21,2022-05-03,2022_OH_Senate_REP,0
2022,OH,Senate,,REP,Bernie Moreno,moreno b,1.0,Fabrizio Lee,600.0,lv,10/18/21,2022-05-03,2022_OH_Senate_REP,0
2022,OH,Senate,,REP,Jane Timken,timken j,4.0,Fabrizio Lee,600.0,lv,10/18/21,2022-05-03,2022_OH_Senate_REP,0
2022,OH,Senate,,REP,Mike Turner,turner m,7.000000000000001,Fabrizio Lee,600.0,lv,10/18/21,2022-05-03,2022_OH_Senate_REP,0
2022,OH,Senate,,REP,JD Vance,vance j,16.0,Fabrizio Lee,600.0,lv,10/18/21,2022-05-03,2022_OH_Senate_REP,1
2022,OH,Senate,,REP,Matt Dolan,dolan m,6.0,Moore Information Group,,lv,9/1/21,2022-05-03,2022_OH_Senate_REP,0
2022,OH,Senate,,REP,Mike Gibbons,gibbons m,12.0,Moore Information Group,,lv,9/1/21,2022-05-03,2022_OH_Senate_REP,0
2022,OH,Senate,,REP,Josh Mandel,mandel j,22.0,Moore Information Group,,lv,9/1/21,2022-05-03,2022_OH_Senate_REP,0
2022,OH,Senate,,REP,Bernie Moreno,moreno b,3.0,Moore Information Group,,lv,9/1/21,2022-05-03,2022_OH_Senate_REP,0
2022,OH,Senate,,REP,Jane Timken,timken j,11.0,Moore Information Group,,lv,9/1/21,2022-05-03,2022_OH_Senate_REP,0
2022,OH,Senate,,REP,JD Vance,vance j,9.0,Moore Information Group,,lv,9/1/21,2022-05-03,2022_OH_Senate_REP,1
2022,OH,Senate,,REP,Matt Dolan,dolan m,3.0,WPA Intelligence,510.0,lv,9/23/21,2022-05-03,2022_OH_Senate_REP,0
2022,OH,Senate,,REP,Mike Gibbons,gibbons m,8.0,WPA Intelligence,510.0,lv,9/23/21,2022-05-03,2022_OH_Senate_REP,0
2022,OH,Senate,,REP,Josh Mandel,mandel j,37.0,WPA Intelligence,510.0,lv,9/23/21,2022-05-03,2022_OH_Senate_REP,0
2022,OH,Senate,,REP,Bernie Moreno,moreno b,1.0,WPA Intelligence,510.0,lv,9/23/21,2022-05-03,2022_OH_Senate_REP,0
2022,OH,Senate,,REP,Jane Timken,timken j,6.0,WPA Intelligence,510.0,lv,9/23/21,2022-05-03,2022_OH_Senate_REP,0
2022,OH,Senate,,REP,JD Vance,vance j,13.0,WPA Intelligence,510.0,lv,9/23/21,2022-05-03,2022_OH_Senate_REP,1
2022,OH,Senate,,REP,Matt Dolan,dolan m,2.0,Remington Research Group,980.0,lv,9/7/21,2022-05-03,2022_OH_Senate_REP,0
2022,OH,Senate,,REP,Mike Gibbons,gibbons m,5.0,Remington Research Group,980.0,lv,9/7/21,2022-05-03,2022_OH_Senate_REP,0
2022,OH,Senate,,REP,Josh Mandel,mandel j,34.0,Remington Research Group,980.0,lv,9/7/21,2022-05-03,2022_OH_Senate_REP,0
2022,OH,Senate,,REP,Bernie Moreno,moreno b,2.0,Remington Research Group,980.0,lv,9/7/21,2022-05-03,2022_OH_Senate_REP,0
2022,OH,Senate,,REP,Jane Timken,timken j,11.0,Remington Research Group,980.0,lv,9/7/21,2022-05-03,2022_OH_Senate_REP,0
2022,OH,Senate,,REP,JD Vance,vance j,16.0,Remington Research Group,980.0,lv,9/7/21,2022-05-03,2022_OH_Senate_REP,1
2022,OH,Senate,,REP,Matt Dolan,dolan m,2.0,Fabrizio Lee,800.0,lv,8/19/21,2022-05-03,2022_OH_Senate_REP,0
2022,OH,Senate,,REP,Mike Gibbons,gibbons m,4.0,Fabrizio Lee,800.0,lv,8/19/21,2022-05-03,2022_OH_Senate_REP,0
2022,OH,Senate,,REP,Josh Mandel,mandel j,19.0,Fabrizio Lee,800.0,lv,8/19/21,2022-05-03,2022_OH_Senate_REP,0
2022,OH,Senate,,REP,Bernie Moreno,moreno b,1.0,Fabrizio Lee,800.0,lv,8/19/21,2022-05-03,2022_OH_Senate_REP,0
2022,OH,Senate,,REP,Jane Timken,timken j,5.0,Fabrizio Lee,800.0,lv,8/19/21,2022-05-03,2022_OH_Senate_REP,0
2022,OH,Senate,,REP,Mike Turner,turner m,5.0,Fabrizio Lee,800.0,lv,8/19/21,2022-05-03,2022_OH_Senate_REP,0
2022,OH,Senate,,REP,JD Vance,vance j,13.0,Fabrizio Lee,800.0,lv,8/19/21,2022-05-03,2022_OH_Senate_REP,1
2022,OH,Senate,,REP,Matt Dolan,dolan m,3.0,WPA Intelligence,500.0,lv,7/29/21,2022-05-03,2022_OH_Senate_REP,0
2022,OH,Senate,,REP,Mike Gibbons,gibbons m,3.0,WPA Intelligence,500.0,lv,7/29/21,2022-05-03,2022_OH_Senate_REP,0
2022,OH,Senate,,REP,Josh Mandel,mandel j,40.0,WPA Intelligence,500.0,lv,7/29/21,2022-05-03,2022_OH_Senate_REP,0
2022,OH,Senate,,REP,Bernie Moreno,moreno b,1.0,WPA Intelligence,500.0,lv,7/29/21,2022-05-03,2022_OH_Senate_REP,0
2022,OH,Senate,,REP,Jane Timken,timken j,8.0,WPA Intelligence,500.0,lv,7/29/21,2022-05-03,2022_OH_Senate_REP,0
2022,OH,Senate,,REP,JD Vance,vance j,12.0,WPA Intelligence,500.0,lv,7/29/21,2022-05-03,2022_OH_Senate_REP,1
2022,OH,Senate,,REP,Matt Dolan,dolan m,1.0,Fabrizio Lee,800.0,lv,7/22/21,2022-05-03,2022_OH_Senate_REP,0
2022,OH,Senate,,REP,Mike Gibbons,gibbons m,2.0,Fabrizio Lee,800.0,lv,7/22/21,2022-05-03,2022_OH_Senate_REP,0
2022,OH,Senate,,REP,Josh Mandel,mandel j,21.0,Fabrizio Lee,800.0,lv,7/22/21,2022-05-03,2022_OH_Senate_REP,0
2022,OH,Senate,,REP,Bernie Moreno,moreno b,2.0,Fabrizio Lee,800.0,lv,7/22/21,2022-05-03,2022_OH_Senate_REP,0
2022,OH,Senate,,REP,Jane Timken,timken j,7.000000000000001,Fabrizio Lee,800.0,lv,7/22/21,2022-05-03,2022_OH_Senate_REP,0
2022,OH,Senate,,REP,Mike Turner,turner m,7.000000000000001,Fabrizio Lee,800.0,lv,7/22/21,2022-05-03,2022_OH_Senate_REP,0
2022,OH,Senate,,REP,JD Vance,vance j,12.0,Fabrizio Lee,800.0,lv,7/22/21,2022-05-03,2022_OH_Senate_REP,1
2022,OH,Senate,,REP,Matt Dolan,dolan m,2.0,Fabrizio Lee,800.0,lv,6/17/21,2022-05-03,2022_OH_Senate_REP,0
2022,OH,Senate,,REP,Mike Gibbons,gibbons m,2.0,Fabrizio Lee,800.0,lv,6/17/21,2022-05-03,2022_OH_Senate_REP,0
2022,OH,Senate,,REP,Josh Mandel,mandel j,22.0,Fabrizio Lee,800.0,lv,6/17/21,2022-05-03,2022_OH_Senate_REP,0
2022,OH,Senate,,REP,Bernie Moreno,moreno b,1.0,Fabrizio Lee,800.0,lv,6/17/21,2022-05-03,2022_OH_Senate_REP,0
2022,OH,Senate,,REP,Jane Timken,timken j,8.0,Fabrizio Lee,800.0,lv,6/17/21,2022-05-03,2022_OH_Senate_REP,0
2022,OH,Senate,,REP,Mike Turner,turner m,6.0,Fabrizio Lee,800.0,lv,6/17/21,2022-05-03,2022_OH_Senate_REP,0
2022,OH,Senate,,REP,JD Vance,vance j,4.0,Fabrizio Lee,800.0,lv,6/17/21,2022-05-03,2022_OH_Senate_REP,1
2022,OH,Senate,,REP,Matt Dolan,dolan m,2.0,Remington Research Group,1040.0,lv,6/3/21,2022-05-03,2022_OH_Senate_REP,0
2022,OH,Senate,,REP,Mike Gibbons,gibbons m,5.0,Remington Research Group,1040.0,lv,6/3/21,2022-05-03,2022_OH_Senate_REP,0
2022,OH,Senate,,REP,Josh Mandel,mandel j,35.0,Remington Research Group,1040.0,lv,6/3/21,2022-05-03,2022_OH_Senate_REP,0
2022,OH,Senate,,REP,Bernie Moreno,moreno b,2.0,Remington Research Group,1040.0,lv,6/3/21,2022-05-03,2022_OH_Senate_REP,0
2022,OH,Senate,,REP,Jane Timken,timken j,16.0,Remington Research Group,1040.0,lv,6/3/21,2022-05-03,2022_OH_Senate_REP,0
2022,OH,Senate,,REP,JD Vance,vance j,6.0,Remington Research Group,1040.0,lv,6/3/21,2022-05-03,2022_OH_Senate_REP,1
2022,OH,Senate,,REP,Matt Dolan,dolan m,2.0,Moore Information Group,600.0,lv,5/26/21,2022-05-03,2022_OH_Senate_REP,0
2022,OH,Senate,,REP,Mike Gibbons,gibbons m,7.000000000000001,Moore Information Group,600.0,lv,5/26/21,2022-05-03,2022_OH_Senate_REP,0
2022,OH,Senate,,REP,Josh Mandel,mandel j,24.0,Moore Information Group,600.0,lv,5/26/21,2022-05-03,2022_OH_Senate_REP,0
2022,OH,Senate,,REP,Bernie Moreno,moreno b,1.0,Moore Information Group,600.0,lv,5/26/21,2022-05-03,2022_OH_Senate_REP,0
2022,OH,Senate,,REP,Jane Timken,timken j,19.0,Moore Information Group,600.0,lv,5/26/21,2022-05-03,2022_OH_Senate_REP,0
2022,OH,Senate,,REP,Mike Turner,turner m,8.0,Moore Information Group,600.0,lv,5/26/21,2022-05-03,2022_OH_Senate_REP,0
2022,OH,Senate,,REP,JD Vance,vance j,4.0,Moore Information Group,600.0,lv,5/26/21,2022-05-03,2022_OH_Senate_REP,1
2022,OH,Senate,,REP,Mike Gibbons,gibbons m,1.0,Moore Information Group,600.0,lv,4/1/21,2022-05-03,2022_OH_Senate_REP,0
2022,OH,Senate,,REP,Josh Mandel,mandel j,23.0,Moore Information Group,600.0,lv,4/1/21,2022-05-03,2022_OH_Senate_REP,0
2022,OH,Senate,,REP,Bernie Moreno,moreno b,1.0,Moore Information Group,600.0,lv,4/1/21,2022-05-03,2022_OH_Senate_REP,0
2022,OH,Senate,,REP,Jane Timken,timken j,14.000000000000002,Moore Information Group,600.0,lv,4/1/21,2022-05-03,2022_OH_Senate_REP,0
2022,OH,Senate,,REP,Mike Turner,turner m,7.000000000000001,Moore Information Group,600.0,lv,4/1/21,2022-05-03,2022_OH_Senate_REP,0
2022,OH,Senate,,REP,JD Vance,vance j,4.0,Moore Information Group,600.0,lv,4/1/21,2022-05-03,2022_OH_Senate_REP,1
2022,OH,Senate,,REP,Mike Gibbons,gibbons m,2.0,Fabrizio Lee,800.0,lv,4/22/21,2022-05-03,2022_OH_Senate_REP,0
2022,OH,Senate,,REP,Josh Mandel,mandel j,25.0,Fabrizio Lee,800.0,lv,4/22/21,2022-05-03,2022_OH_Senate_REP,0
2022,OH,Senate,,REP,Bernie Moreno,moreno b,2.0,Fabrizio Lee,800.0,lv,4/22/21,2022-05-03,2022_OH_Senate_REP,0
2022,OH,Senate,,REP,Jane Timken,timken j,8.0,Fabrizio Lee,800.0,lv,4/22/21,2022-05-03,2022_OH_Senate_REP,0
2022,OH,Senate,,REP,Mike Turner,turner m,7.000000000000001,Fabrizio Lee,800.0,lv,4/22/21,2022-05-03,2022_OH_Senate_REP,0
2022,OH,Senate,,REP,JD Vance,vance j,6.0,Fabrizio Lee,800.0,lv,4/22/21,2022-05-03,2022_OH_Senate_REP,1
2022,OH,Senate,,REP,Mike Gibbons,gibbons m,2.0,Moore Information Group,600.0,lv,3/1/21,2022-05-03,2022_OH_Senate_REP,0
2022,OH,Senate,,REP,Josh Mandel,mandel j,28.000000000000004,Moore Information Group,600.0,lv,3/1/21,2022-05-03,2022_OH_Senate_REP,0
2022,OH,Senate,,REP,Jane Timken,timken j,11.0,Moore Information Group,600.0,lv,3/1/21,2022-05-03,2022_OH_Senate_REP,0
2022,OH,Senate,,REP,Mike Turner,turner m,7.000000000000001,Moore Information Group,600.0,lv,3/1/21,2022-05-03,2022_OH_Senate_REP,0
2022,OH,Senate,,REP,JD Vance,vance j,2.0,Moore Information Group,600.0,lv,3/1/21,2022-05-03,2022_OH_Senate_REP,1
2022,OH,Senate,,REP,Mike Gibbons,gibbons m,2.0,Moore Information Group,600.0,lv,2/1/21,2022-05-03,2022_OH_Senate_REP,0
2022,OH,Senate,,REP,Josh Mandel,mandel j,20.0,Moore Information Group,600.0,lv,2/1/21,2022-05-03,2022_OH_Senate_REP,0
2022,OH,Senate,,REP,Jane Timken,timken j,5.0,Moore Information Group,600.0,lv,2/1/21,2022-05-03,2022_OH_Senate_REP,0
2022,OH,Senate,,REP,Mike Turner,turner m,8.0,Moore Information Group,600.0,lv,2/1/21,2022-05-03,2022_OH_Senate_REP,0
2022,OH,Senate,,REP,Mike Gibbons,gibbons m,3.0,WPA Intelligence,509.0,lv,2/3/21,2022-05-03,2022_OH_Senate_REP,0
2022,OH,Senate,,REP,Josh Mandel,mandel j,38.0,WPA Intelligence,509.0,lv,2/3/21,2022-05-03,2022_OH_Senate_REP,0
2022,OH,Senate,,REP,Bernie Moreno,moreno b,2.0,WPA Intelligence,509.0,lv,2/3/21,2022-05-03,2022_OH_Senate_REP,0
2022,OH,Senate,,REP,Steve Stivers,stivers s,11.0,WPA Intelligence,509.0,lv,2/3/21,2022-05-03,2022_OH_Senate_REP,0
2022,OH,Senate,,REP,Jane Timken,timken j,6.0,WPA Intelligence,509.0,lv,2/3/21,2022-05-03,2022_OH_Senate_REP,0
2022,OH,Senate,,DEM,Morgan Harper,harper m,18.0,University of Akron,,lv,3/15/22,2022-05-03,2022_OH_Senate_DEM,0
2022,OH,Senate,,DEM,Tim Ryan,ryan t,43.0,University of Akron,,lv,3/15/22,2022-05-03,2022_OH_Senate_DEM,1
2022,OH,Senate,,DEM,Morgan Harper,harper m,4.0,Emerson College,313.0,lv,2/26/22,2022-05-03,2022_OH_Senate_DEM,0
2022,OH,Senate,,DEM,Traci Johnson,johnson t,9.0,Emerson College,313.0,lv,2/26/22,2022-05-03,2022_OH_Senate_DEM,0
2022,OH,Senate,,DEM,Tim Ryan,ryan t,31.0,Emerson College,313.0,lv,2/26/22,2022-05-03,2022_OH_Senate_DEM,1
2022,OH,Senate,,DEM,Amy Acton,acton a,37.0,Public Policy Polling,787.0,lv,3/16/21,2022-05-03,2022_OH_Senate_DEM,0
2022,OH,Senate,,DEM,Tim Ryan,ryan t,32.0,Public Policy Polling,787.0,lv,3/16/21,2022-05-03,2022_OH_Senate_DEM,1
2022,OH,Senate,,REP,JD Vance,vance j,41.0,Grow Progress,2014.0,rv,4/29/22,2022-05-03,2022_OH_Senate_REP,1
2022,OH,Senate,,DEM,Tim Ryan,ryan t,43.0,Grow Progress,2014.0,rv,4/29/22,2022-05-03,2022_OH_Senate_DEM,1
2022,OH,Senate,,REP,JD Vance,vance j,33.0,Redfield & Wilton Strategies,1200.0,rv,8/24/21,2022-05-03,2022_OH_Senate_REP,1
2022,OH,Senate,,DEM,Tim Ryan,ryan t,36.0,Redfield & Wilton Strategies,1200.0,rv,8/24/21,2022-05-03,2022_OH_Senate_DEM,1
2022,OH,Senate,,REP,JD Vance,vance j,39.0,Public Policy Polling,700.0,v,3/19/21,2022-05-03,2022_OH_Senate_REP,1
2022,OH,Senate,,DEM,Tim Ryan,ryan t,37.0,Public Policy Polling,700.0,v,3/19/21,2022-05-03,2022_OH_Senate_DEM,1
2022,OH,Senate,,REP,Josh Mandel,mandel j,41.0,Public Policy Polling,700.0,v,3/19/21,2022-05-03,2022_OH_Senate_REP,0
2022,OH,Senate,,DEM,Amy Acton,acton a,42.0,Public Policy Polling,700.0,v,3/19/21,2022-05-03,2022_OH_Senate_DEM,0
2022,OH,Senate,,REP,Josh Mandel,mandel j,38.0,Redfield & Wilton Strategies,1200.0,rv,8/24/21,2022-05-03,2022_OH_Senate_REP,0
2022,OH,Senate,,REP,Jane Timken,timken j,40.0,Public Policy Polling,700.0,v,3/19/21,2022-05-03,2022_OH_Senate_REP,0
2022,OH,Senate,,REP,Jane Timken,timken j,33.0,Redfield & Wilton Strategies,1200.0,rv,8/24/21,2022-05-03,2022_OH_Senate_REP,0
2022,OK,Senate,,REP,Joan Farr,farr j,4.0,Amber Integrated,400.0,lv,6/9/22,2022-06-28,2022_OK_Senate_REP,0
2022,OK,Senate,,REP,Jackson Lahmeyer,lahmeyer j,12.0,Amber Integrated,400.0,lv,6/9/22,2022-06-28,2022_OK_Senate_REP,0
2022,OK,Senate,,REP,James Lankford,lankford j,68.0,Amber Integrated,400.0,lv,6/9/22,2022-06-28,2022_OK_Senate_REP,1
2022,OK,Senate,,REP,Joan Farr,farr j,2.0,SoonerPoll,306.0,lv,5/11/22,2022-06-28,2022_OK_Senate_REP,0
2022,OK,Senate,,REP,Jackson Lahmeyer,lahmeyer j,8.0,SoonerPoll,306.0,lv,5/11/22,2022-06-28,2022_OK_Senate_REP,0
2022,OK,Senate,,REP,James Lankford,lankford j,74.0,SoonerPoll,306.0,lv,5/11/22,2022-06-28,2022_OK_Senate_REP,1
2022,OK,Senate,,REP,Joan Farr,farr j,0.0,Amber Integrated,455.0,lv,3/27/22,2022-06-28,2022_OK_Senate_REP,0
2022,OK,Senate,,REP,Jackson Lahmeyer,lahmeyer j,10.0,Amber Integrated,455.0,lv,3/27/22,2022-06-28,2022_OK_Senate_REP,0
2022,OK,Senate,,REP,James Lankford,lankford j,63.0,Amber Integrated,455.0,lv,3/27/22,2022-06-28,2022_OK_Senate_REP,1
2022,OK,Senate,,REP,Jackson Lahmeyer,lahmeyer j,8.0,Amber Integrated,253.0,rv,12/19/21,2022-06-28,2022_OK_Senate_REP,0
2022,OK,Senate,,REP,James Lankford,lankford j,56.00000000000001,Amber Integrated,253.0,rv,12/19/21,2022-06-28,2022_OK_Senate_REP,1
2022,OK,Senate,,REP,Jackson Lahmeyer,lahmeyer j,21.0,Amber Integrated,253.0,rv,10/3/21,2022-06-28,2022_OK_Senate_REP,0
2022,OK,Senate,,REP,James Lankford,lankford j,62.0,Amber Integrated,253.0,rv,10/3/21,2022-06-28,2022_OK_Senate_REP,1
2022,PA,Senate,,REP,Kathy Barnette,barnette k,27.0,The Trafalgar Group,1195.0,lv,5/16/22,2022-05-17,2022_PA_Senate_REP,0
2022,PA,Senate,,REP,Jeff Bartos,bartos j,7.000000000000001,The Trafalgar Group,1195.0,lv,5/16/22,2022-05-17,2022_PA_Senate_REP,0
2022,PA,Senate,,REP,Dave McCormick,mccormick d,22.0,The Trafalgar Group,1195.0,lv,5/16/22,2022-05-17,2022_PA_Senate_REP,0
2022,PA,Senate,,REP,Mehmet Oz,oz m,28.999999999999996,The Trafalgar Group,1195.0,lv,5/16/22,2022-05-17,2022_PA_Senate_REP,1
2022,PA,Senate,,REP,Carla Sands,sands c,7.000000000000001,The Trafalgar Group,1195.0,lv,5/16/22,2022-05-17,2022_PA_Senate_REP,0
2022,PA,Senate,,REP,Kathy Barnette,barnette k,24.0,Emerson College,1000.0,lv,5/15/22,2022-05-17,2022_PA_Senate_REP,0
2022,PA,Senate,,REP,Jeff Bartos,bartos j,5.0,Emerson College,1000.0,lv,5/15/22,2022-05-17,2022_PA_Senate_REP,0
2022,PA,Senate,,REP,Dave McCormick,mccormick d,21.0,Emerson College,1000.0,lv,5/15/22,2022-05-17,2022_PA_Senate_REP,0
2022,PA,Senate,,REP,Mehmet Oz,oz m,28.000000000000004,Emerson College,1000.0,lv,5/15/22,2022-05-17,2022_PA_Senate_REP,1
2022,PA,Senate,,REP,Carla Sands,sands c,6.0,Emerson College,1000.0,lv,5/15/22,2022-05-17,2022_PA_Senate_REP,0
2022,PA,Senate,,REP,Kathy Barnette,barnette k,27.0,Susquehanna Polling & Research,400.0,lv,5/15/22,2022-05-17,2022_PA_Senate_REP,0
2022,PA,Senate,,REP,Jeff Bartos,bartos j,2.0,Susquehanna Polling & Research,400.0,lv,5/15/22,2022-05-17,2022_PA_Senate_REP,0
2022,PA,Senate,,REP,Dave McCormick,mccormick d,11.0,Susquehanna Polling & Research,400.0,lv,5/15/22,2022-05-17,2022_PA_Senate_REP,0
2022,PA,Senate,,REP,Mehmet Oz,oz m,28.000000000000004,Susquehanna Polling & Research,400.0,lv,5/15/22,2022-05-17,2022_PA_Senate_REP,1
2022,PA,Senate,,REP,Carla Sands,sands c,3.0,Susquehanna Polling & Research,400.0,lv,5/15/22,2022-05-17,2022_PA_Senate_REP,0
2022,PA,Senate,,REP,Kathy Barnette,barnette k,24.0,Osage Research,1000.0,lv,5/13/22,2022-05-17,2022_PA_Senate_REP,0
2022,PA,Senate,,REP,Jeff Bartos,bartos j,6.0,Osage Research,1000.0,lv,5/13/22,2022-05-17,2022_PA_Senate_REP,0
2022,PA,Senate,,REP,Dave McCormick,mccormick d,25.0,Osage Research,1000.0,lv,5/13/22,2022-05-17,2022_PA_Senate_REP,0
2022,PA,Senate,,REP,Mehmet Oz,oz m,24.0,Osage Research,1000.0,lv,5/13/22,2022-05-17,2022_PA_Senate_REP,1
2022,PA,Senate,,REP,Carla Sands,sands c,7.000000000000001,Osage Research,1000.0,lv,5/13/22,2022-05-17,2022_PA_Senate_REP,0
2022,PA,Senate,,REP,Kathy Barnette,barnette k,21.0,InsiderAdvantage,750.0,lv,5/9/22,2022-05-17,2022_PA_Senate_REP,0
2022,PA,Senate,,REP,Jeff Bartos,bartos j,5.0,InsiderAdvantage,750.0,lv,5/9/22,2022-05-17,2022_PA_Senate_REP,0
2022,PA,Senate,,REP,Dave McCormick,mccormick d,19.0,InsiderAdvantage,750.0,lv,5/9/22,2022-05-17,2022_PA_Senate_REP,0
2022,PA,Senate,,REP,Mehmet Oz,oz m,23.0,InsiderAdvantage,750.0,lv,5/9/22,2022-05-17,2022_PA_Senate_REP,1
2022,PA,Senate,,REP,Carla Sands,sands c,5.0,InsiderAdvantage,750.0,lv,5/9/22,2022-05-17,2022_PA_Senate_REP,0
2022,PA,Senate,,REP,Kathy Barnette,barnette k,23.0,The Trafalgar Group,1080.0,lv,5/8/22,2022-05-17,2022_PA_Senate_REP,0
2022,PA,Senate,,REP,Jeff Bartos,bartos j,7.000000000000001,The Trafalgar Group,1080.0,lv,5/8/22,2022-05-17,2022_PA_Senate_REP,0
2022,PA,Senate,,REP,Dave McCormick,mccormick d,22.0,The Trafalgar Group,1080.0,lv,5/8/22,2022-05-17,2022_PA_Senate_REP,0
2022,PA,Senate,,REP,Mehmet Oz,oz m,25.0,The Trafalgar Group,1080.0,lv,5/8/22,2022-05-17,2022_PA_Senate_REP,1
2022,PA,Senate,,REP,Carla Sands,sands c,7.000000000000001,The Trafalgar Group,1080.0,lv,5/8/22,2022-05-17,2022_PA_Senate_REP,0
2022,PA,Senate,,REP,Kathy Barnette,barnette k,19.0,Fox News,1001.0,lv,5/7/22,2022-05-17,2022_PA_Senate_REP,0
2022,PA,Senate,,REP,Jeff Bartos,bartos j,7.000000000000001,Fox News,1001.0,lv,5/7/22,2022-05-17,2022_PA_Senate_REP,0
2022,PA,Senate,,REP,Dave McCormick,mccormick d,20.0,Fox News,1001.0,lv,5/7/22,2022-05-17,2022_PA_Senate_REP,0
2022,PA,Senate,,REP,Mehmet Oz,oz m,22.0,Fox News,1001.0,lv,5/7/22,2022-05-17,2022_PA_Senate_REP,1
2022,PA,Senate,,REP,Carla Sands,sands c,8.0,Fox News,1001.0,lv,5/7/22,2022-05-17,2022_PA_Senate_REP,0
2022,PA,Senate,,REP,Kathy Barnette,barnette k,12.0,Franklin & Marshall College,325.0,rv,5/1/22,2022-05-17,2022_PA_Senate_REP,0
2022,PA,Senate,,REP,Jeff Bartos,bartos j,2.0,Franklin & Marshall College,325.0,rv,5/1/22,2022-05-17,2022_PA_Senate_REP,0
2022,PA,Senate,,REP,Dave McCormick,mccormick d,16.0,Franklin & Marshall College,325.0,rv,5/1/22,2022-05-17,2022_PA_Senate_REP,0
2022,PA,Senate,,REP,Mehmet Oz,oz m,18.0,Franklin & Marshall College,325.0,rv,5/1/22,2022-05-17,2022_PA_Senate_REP,1
2022,PA,Senate,,REP,Carla Sands,sands c,5.0,Franklin & Marshall College,325.0,rv,5/1/22,2022-05-17,2022_PA_Senate_REP,0
2022,PA,Senate,,REP,Kathy Barnette,barnette k,18.0,The Trafalgar Group,1074.0,lv,4/13/22,2022-05-17,2022_PA_Senate_REP,0
2022,PA,Senate,,REP,Jeff Bartos,bartos j,8.0,The Trafalgar Group,1074.0,lv,4/13/22,2022-05-17,2022_PA_Senate_REP,0
2022,PA,Senate,,REP,Dave McCormick,mccormick d,20.0,The Trafalgar Group,1074.0,lv,4/13/22,2022-05-17,2022_PA_Senate_REP,0
2022,PA,Senate,,REP,Mehmet Oz,oz m,23.0,The Trafalgar Group,1074.0,lv,4/13/22,2022-05-17,2022_PA_Senate_REP,1
2022,PA,Senate,,REP,Carla Sands,sands c,11.0,The Trafalgar Group,1074.0,lv,4/13/22,2022-05-17,2022_PA_Senate_REP,0
2022,PA,Senate,,REP,Kathy Barnette,barnette k,7.000000000000001,Franklin & Marshall College,317.0,rv,4/10/22,2022-05-17,2022_PA_Senate_REP,0
2022,PA,Senate,,REP,Jeff Bartos,bartos j,6.0,Franklin & Marshall College,317.0,rv,4/10/22,2022-05-17,2022_PA_Senate_REP,0
2022,PA,Senate,,REP,Dave McCormick,mccormick d,15.0,Franklin & Marshall College,317.0,rv,4/10/22,2022-05-17,2022_PA_Senate_REP,0
2022,PA,Senate,,REP,Mehmet Oz,oz m,16.0,Franklin & Marshall College,317.0,rv,4/10/22,2022-05-17,2022_PA_Senate_REP,1
2022,PA,Senate,,REP,Carla Sands,sands c,5.0,Franklin & Marshall College,317.0,rv,4/10/22,2022-05-17,2022_PA_Senate_REP,0
2022,PA,Senate,,REP,Kathy Barnette,barnette k,9.0,Eagle Consulting Group,502.0,lv,4/9/22,2022-05-17,2022_PA_Senate_REP,0
2022,PA,Senate,,REP,Jeff Bartos,bartos j,6.0,Eagle Consulting Group,502.0,lv,4/9/22,2022-05-17,2022_PA_Senate_REP,0
2022,PA,Senate,,REP,Dave McCormick,mccormick d,18.0,Eagle Consulting Group,502.0,lv,4/9/22,2022-05-17,2022_PA_Senate_REP,0
2022,PA,Senate,,REP,Mehmet Oz,oz m,11.0,Eagle Consulting Group,502.0,lv,4/9/22,2022-05-17,2022_PA_Senate_REP,1
2022,PA,Senate,,REP,Carla Sands,sands c,9.0,Eagle Consulting Group,502.0,lv,4/9/22,2022-05-17,2022_PA_Senate_REP,0
2022,PA,Senate,,REP,Kathy Barnette,barnette k,10.0,Emerson College,1000.0,lv,4/4/22,2022-05-17,2022_PA_Senate_REP,0
2022,PA,Senate,,REP,Jeff Bartos,bartos j,9.0,Emerson College,1000.0,lv,4/4/22,2022-05-17,2022_PA_Senate_REP,0
2022,PA,Senate,,REP,Dave McCormick,mccormick d,18.0,Emerson College,1000.0,lv,4/4/22,2022-05-17,2022_PA_Senate_REP,0
2022,PA,Senate,,REP,Mehmet Oz,oz m,17.0,Emerson College,1000.0,lv,4/4/22,2022-05-17,2022_PA_Senate_REP,1
2022,PA,Senate,,REP,Carla Sands,sands c,8.0,Emerson College,1000.0,lv,4/4/22,2022-05-17,2022_PA_Senate_REP,0
2022,PA,Senate,,REP,Kathy Barnette,barnette k,13.0,Public Opinion Strategies,600.0,lv,4/3/22,2022-05-17,2022_PA_Senate_REP,0
2022,PA,Senate,,REP,Jeff Bartos,bartos j,8.0,Public Opinion Strategies,600.0,lv,4/3/22,2022-05-17,2022_PA_Senate_REP,0
2022,PA,Senate,,REP,Dave McCormick,mccormick d,22.0,Public Opinion Strategies,600.0,lv,4/3/22,2022-05-17,2022_PA_Senate_REP,0
2022,PA,Senate,,REP,Mehmet Oz,oz m,16.0,Public Opinion Strategies,600.0,lv,4/3/22,2022-05-17,2022_PA_Senate_REP,1
2022,PA,Senate,,REP,Carla Sands,sands c,11.0,Public Opinion Strategies,600.0,lv,4/3/22,2022-05-17,2022_PA_Senate_REP,0
2022,PA,Senate,,REP,Kathy Barnette,barnette k,6.0,Emerson College,372.0,lv,3/28/22,2022-05-17,2022_PA_Senate_REP,0
2022,PA,Senate,,REP,Jeff Bartos,bartos j,5.0,Emerson College,372.0,lv,3/28/22,2022-05-17,2022_PA_Senate_REP,0
2022,PA,Senate,,REP,Dave McCormick,mccormick d,14.000000000000002,Emerson College,372.0,lv,3/28/22,2022-05-17,2022_PA_Senate_REP,0
2022,PA,Senate,,REP,Mehmet Oz,oz m,14.000000000000002,Emerson College,372.0,lv,3/28/22,2022-05-17,2022_PA_Senate_REP,1
2022,PA,Senate,,REP,Carla Sands,sands c,6.0,Emerson College,372.0,lv,3/28/22,2022-05-17,2022_PA_Senate_REP,0
2022,PA,Senate,,REP,Kathy Barnette,barnette k,11.0,Basswood Research,800.0,lv,3/21/22,2022-05-17,2022_PA_Senate_REP,0
2022,PA,Senate,,REP,Jeff Bartos,bartos j,5.0,Basswood Research,800.0,lv,3/21/22,2022-05-17,2022_PA_Senate_REP,0
2022,PA,Senate,,REP,Dave McCormick,mccormick d,22.0,Basswood Research,800.0,lv,3/21/22,2022-05-17,2022_PA_Senate_REP,0
2022,PA,Senate,,REP,Mehmet Oz,oz m,25.0,Basswood Research,800.0,lv,3/21/22,2022-05-17,2022_PA_Senate_REP,1
2022,PA,Senate,,REP,Carla Sands,sands c,13.0,Basswood Research,800.0,lv,3/21/22,2022-05-17,2022_PA_Senate_REP,0
2022,PA,Senate,,REP,Kathy Barnette,barnette k,9.0,Fox News,960.0,lv,3/6/22,2022-05-17,2022_PA_Senate_REP,0
2022,PA,Senate,,REP,Jeff Bartos,bartos j,9.0,Fox News,960.0,lv,3/6/22,2022-05-17,2022_PA_Senate_REP,0
2022,PA,Senate,,REP,Dave McCormick,mccormick d,24.0,Fox News,960.0,lv,3/6/22,2022-05-17,2022_PA_Senate_REP,0
2022,PA,Senate,,REP,Mehmet Oz,oz m,15.0,Fox News,960.0,lv,3/6/22,2022-05-17,2022_PA_Senate_REP,1
2022,PA,Senate,,REP,Carla Sands,sands c,6.0,Fox News,960.0,lv,3/6/22,2022-05-17,2022_PA_Senate_REP,0
2022,PA,Senate,,REP,Kathy Barnette,barnette k,6.0,Franklin & Marshall College,178.0,lv,2/27/22,2022-05-17,2022_PA_Senate_REP,0
2022,PA,Senate,,REP,Jeff Bartos,bartos j,4.0,Franklin & Marshall College,178.0,lv,2/27/22,2022-05-17,2022_PA_Senate_REP,0
2022,PA,Senate,,REP,Dave McCormick,mccormick d,13.0,Franklin & Marshall College,178.0,lv,2/27/22,2022-05-17,2022_PA_Senate_REP,0
2022,PA,Senate,,REP,Mehmet Oz,oz m,10.0,Franklin & Marshall College,178.0,lv,2/27/22,2022-05-17,2022_PA_Senate_REP,1
2022,PA,Senate,,REP,Carla Sands,sands c,11.0,Franklin & Marshall College,178.0,lv,2/27/22,2022-05-17,2022_PA_Senate_REP,0
2022,PA,Senate,,REP,Kathy Barnette,barnette k,9.0,Public Opinion Strategies,,lv,2/23/22,2022-05-17,2022_PA_Senate_REP,0
2022,PA,Senate,,REP,Jeff Bartos,bartos j,5.0,Public Opinion Strategies,,lv,2/23/22,2022-05-17,2022_PA_Senate_REP,0
2022,PA,Senate,,REP,Dave McCormick,mccormick d,24.0,Public Opinion Strategies,,lv,2/23/22,2022-05-17,2022_PA_Senate_REP,0
2022,PA,Senate,,REP,Mehmet Oz,oz m,18.0,Public Opinion Strategies,,lv,2/23/22,2022-05-17,2022_PA_Senate_REP,1
2022,PA,Senate,,REP,Carla Sands,sands c,11.0,Public Opinion Strategies,,lv,2/23/22,2022-05-17,2022_PA_Senate_REP,0
2022,PA,Senate,,REP,Dave McCormick,mccormick d,24.0,McLaughlin & Associates,600.0,lv,2/18/22,2022-05-17,2022_PA_Senate_REP,0
2022,PA,Senate,,REP,Mehmet Oz,oz m,18.0,McLaughlin & Associates,600.0,lv,2/18/22,2022-05-17,2022_PA_Senate_REP,1
2022,PA,Senate,,REP,Kathy Barnette,barnette k,7.000000000000001,Osage Research,825.0,lv,2/16/22,2022-05-17,2022_PA_Senate_REP,0
2022,PA,Senate,,REP,Jeff Bartos,bartos j,6.0,Osage Research,825.0,lv,2/16/22,2022-05-17,2022_PA_Senate_REP,0
2022,PA,Senate,,REP,Dave McCormick,mccormick d,24.0,Osage Research,825.0,lv,2/16/22,2022-05-17,2022_PA_Senate_REP,0
2022,PA,Senate,,REP,Mehmet Oz,oz m,21.0,Osage Research,825.0,lv,2/16/22,2022-05-17,2022_PA_Senate_REP,1
2022,PA,Senate,,REP,Carla Sands,sands c,11.0,Osage Research,825.0,lv,2/16/22,2022-05-17,2022_PA_Senate_REP,0
2022,PA,Senate,,REP,Kathy Barnette,barnette k,9.0,Public Opinion Strategies,,lv,2/9/22,2022-05-17,2022_PA_Senate_REP,0
2022,PA,Senate,,REP,Jeff Bartos,bartos j,5.0,Public Opinion Strategies,,lv,2/9/22,2022-05-17,2022_PA_Senate_REP,0
2022,PA,Senate,,REP,Dave McCormick,mccormick d,17.0,Public Opinion Strategies,,lv,2/9/22,2022-05-17,2022_PA_Senate_REP,0
2022,PA,Senate,,REP,Mehmet Oz,oz m,23.0,Public Opinion Strategies,,lv,2/9/22,2022-05-17,2022_PA_Senate_REP,1
2022,PA,Senate,,REP,Carla Sands,sands c,17.0,Public Opinion Strategies,,lv,2/9/22,2022-05-17,2022_PA_Senate_REP,0
2022,PA,Senate,,REP,Kathy Barnette,barnette k,9.0,The Trafalgar Group,1070.0,lv,2/4/22,2022-05-17,2022_PA_Senate_REP,0
2022,PA,Senate,,REP,Jeff Bartos,bartos j,7.000000000000001,The Trafalgar Group,1070.0,lv,2/4/22,2022-05-17,2022_PA_Senate_REP,0
2022,PA,Senate,,REP,Dave McCormick,mccormick d,16.0,The Trafalgar Group,1070.0,lv,2/4/22,2022-05-17,2022_PA_Senate_REP,0
2022,PA,Senate,,REP,Mehmet Oz,oz m,27.0,The Trafalgar Group,1070.0,lv,2/4/22,2022-05-17,2022_PA_Senate_REP,1
2022,PA,Senate,,REP,Carla Sands,sands c,15.0,The Trafalgar Group,1070.0,lv,2/4/22,2022-05-17,2022_PA_Senate_REP,0
2022,PA,Senate,,REP,Dave McCormick,mccormick d,19.0,Osage Research,,lv,2/2/22,2022-05-17,2022_PA_Senate_REP,0
2022,PA,Senate,,REP,Mehmet Oz,oz m,28.999999999999996,Osage Research,,lv,2/2/22,2022-05-17,2022_PA_Senate_REP,1
2022,PA,Senate,,REP,Kathy Barnette,barnette k,9.0,Public Opinion Strategies,,lv,1/6/22,2022-05-17,2022_PA_Senate_REP,0
2022,PA,Senate,,REP,Jeff Bartos,bartos j,8.0,Public Opinion Strategies,,lv,1/6/22,2022-05-17,2022_PA_Senate_REP,0
2022,PA,Senate,,REP,Dave McCormick,mccormick d,13.0,Public Opinion Strategies,,lv,1/6/22,2022-05-17,2022_PA_Senate_REP,0
2022,PA,Senate,,REP,Mehmet Oz,oz m,31.0,Public Opinion Strategies,,lv,1/6/22,2022-05-17,2022_PA_Senate_REP,1
2022,PA,Senate,,REP,Carla Sands,sands c,12.0,Public Opinion Strategies,,lv,1/6/22,2022-05-17,2022_PA_Senate_REP,0
2022,PA,Senate,,REP,Kathy Barnette,barnette k,8.0,The Trafalgar Group,1062.0,lv,12/16/21,2022-05-17,2022_PA_Senate_REP,0
2022,PA,Senate,,REP,Jeff Bartos,bartos j,3.0,The Trafalgar Group,1062.0,lv,12/16/21,2022-05-17,2022_PA_Senate_REP,0
2022,PA,Senate,,REP,Mehmet Oz,oz m,19.0,The Trafalgar Group,1062.0,lv,12/16/21,2022-05-17,2022_PA_Senate_REP,1
2022,PA,Senate,,REP,Carla Sands,sands c,7.000000000000001,The Trafalgar Group,1062.0,lv,12/16/21,2022-05-17,2022_PA_Senate_REP,0
2022,PA,Senate,,REP,Kathy Barnette,barnette k,7.000000000000001,Echelon Insights,200.0,lv,12/3/21,2022-05-17,2022_PA_Senate_REP,0
2022,PA,Senate,,REP,Jeff Bartos,bartos j,4.0,Echelon Insights,200.0,lv,12/3/21,2022-05-17,2022_PA_Senate_REP,0
2022,PA,Senate,,REP,Mehmet Oz,oz m,11.0,Echelon Insights,200.0,lv,12/3/21,2022-05-17,2022_PA_Senate_REP,1
2022,PA,Senate,,REP,Carla Sands,sands c,5.0,Echelon Insights,200.0,lv,12/3/21,2022-05-17,2022_PA_Senate_REP,0
2022,PA,Senate,,REP,Kathy Barnette,barnette k,7.000000000000001,Civiqs,799.0,lv,11/5/21,2022-05-17,2022_PA_Senate_REP,0
2022,PA,Senate,,REP,Jeff Bartos,bartos j,6.0,Civiqs,799.0,lv,11/5/21,2022-05-17,2022_PA_Senate_REP,0
2022,PA,Senate,,REP,Sean Parnell,parnell s,31.0,Civiqs,799.0,lv,11/5/21,2022-05-17,2022_PA_Senate_REP,0
2022,PA,Senate,,REP,Carla Sands,sands c,8.0,Civiqs,799.0,lv,11/5/21,2022-05-17,2022_PA_Senate_REP,0
2022,PA,Senate,,REP,Kathy Barnette,barnette k,3.0,Franklin & Marshall College,184.0,rv,10/24/21,2022-05-17,2022_PA_Senate_REP,0
2022,PA,Senate,,REP,Jeff Bartos,bartos j,2.0,Franklin & Marshall College,184.0,rv,10/24/21,2022-05-17,2022_PA_Senate_REP,0
2022,PA,Senate,,REP,Sean Parnell,parnell s,11.0,Franklin & Marshall College,184.0,rv,10/24/21,2022-05-17,2022_PA_Senate_REP,0
2022,PA,Senate,,REP,Carla Sands,sands c,2.0,Franklin & Marshall College,184.0,rv,10/24/21,2022-05-17,2022_PA_Senate_REP,0
2022,PA,Senate,,REP,Jeff Bartos,bartos j,7.000000000000001,OnMessage Inc.,500.0,lv,10/14/21,2022-05-17,2022_PA_Senate_REP,0
2022,PA,Senate,,REP,Sean Parnell,parnell s,27.0,OnMessage Inc.,500.0,lv,10/14/21,2022-05-17,2022_PA_Senate_REP,0
2022,PA,Senate,,REP,Carla Sands,sands c,4.0,OnMessage Inc.,500.0,lv,10/14/21,2022-05-17,2022_PA_Senate_REP,0
2022,PA,Senate,,REP,Kathy Barnette,barnette k,6.0,Franklin & Marshall College,154.0,rv,8/15/21,2022-05-17,2022_PA_Senate_REP,0
2022,PA,Senate,,REP,Jeff Bartos,bartos j,4.0,Franklin & Marshall College,154.0,rv,8/15/21,2022-05-17,2022_PA_Senate_REP,0
2022,PA,Senate,,REP,Sean Parnell,parnell s,14.000000000000002,Franklin & Marshall College,154.0,rv,8/15/21,2022-05-17,2022_PA_Senate_REP,0
2022,PA,Senate,,REP,Carla Sands,sands c,1.0,Franklin & Marshall College,154.0,rv,8/15/21,2022-05-17,2022_PA_Senate_REP,0
2022,PA,Senate,,DEM,John Fetterman,fetterman j,53.0,Franklin & Marshall College,357.0,rv,5/1/22,2022-05-17,2022_PA_Senate_DEM,1
2022,PA,Senate,,DEM,Malcolm Kenyatta,kenyatta m,4.0,Franklin & Marshall College,357.0,rv,5/1/22,2022-05-17,2022_PA_Senate_DEM,0
2022,PA,Senate,,DEM,Conor Lamb,lamb c,14.000000000000002,Franklin & Marshall College,357.0,rv,5/1/22,2022-05-17,2022_PA_Senate_DEM,0
2022,PA,Senate,,DEM,John Fetterman,fetterman j,41.0,Franklin & Marshall College,356.0,rv,4/10/22,2022-05-17,2022_PA_Senate_DEM,1
2022,PA,Senate,,DEM,Malcolm Kenyatta,kenyatta m,4.0,Franklin & Marshall College,356.0,rv,4/10/22,2022-05-17,2022_PA_Senate_DEM,0
2022,PA,Senate,,DEM,Conor Lamb,lamb c,17.0,Franklin & Marshall College,356.0,rv,4/10/22,2022-05-17,2022_PA_Senate_DEM,0
2022,PA,Senate,,DEM,John Fetterman,fetterman j,44.0,GBAO,600.0,lv,4/7/22,2022-05-17,2022_PA_Senate_DEM,1
2022,PA,Senate,,DEM,Malcolm Kenyatta,kenyatta m,17.0,GBAO,600.0,lv,4/7/22,2022-05-17,2022_PA_Senate_DEM,0
2022,PA,Senate,,DEM,Conor Lamb,lamb c,19.0,GBAO,600.0,lv,4/7/22,2022-05-17,2022_PA_Senate_DEM,0
2022,PA,Senate,,DEM,John Fetterman,fetterman j,33.0,Emerson College,471.0,lv,3/28/22,2022-05-17,2022_PA_Senate_DEM,1
2022,PA,Senate,,DEM,Malcolm Kenyatta,kenyatta m,8.0,Emerson College,471.0,lv,3/28/22,2022-05-17,2022_PA_Senate_DEM,0
2022,PA,Senate,,DEM,Conor Lamb,lamb c,10.0,Emerson College,471.0,lv,3/28/22,2022-05-17,2022_PA_Senate_DEM,0
2022,PA,Senate,,DEM,John Fetterman,fetterman j,28.000000000000004,Franklin & Marshall College,185.0,lv,2/27/22,2022-05-17,2022_PA_Senate_DEM,1
2022,PA,Senate,,DEM,Malcolm Kenyatta,kenyatta m,2.0,Franklin & Marshall College,185.0,lv,2/27/22,2022-05-17,2022_PA_Senate_DEM,0
2022,PA,Senate,,DEM,Conor Lamb,lamb c,15.0,Franklin & Marshall College,185.0,lv,2/27/22,2022-05-17,2022_PA_Senate_DEM,0
2022,PA,Senate,,DEM,Val Arkoosh,arkoosh v,4.0,Data for Progress,730.0,lv,1/31/22,2022-05-17,2022_PA_Senate_DEM,0
2022,PA,Senate,,DEM,John Fetterman,fetterman j,46.0,Data for Progress,730.0,lv,1/31/22,2022-05-17,2022_PA_Senate_DEM,1
2022,PA,Senate,,DEM,Malcolm Kenyatta,kenyatta m,12.0,Data for Progress,730.0,lv,1/31/22,2022-05-17,2022_PA_Senate_DEM,0
2022,PA,Senate,,DEM,Conor Lamb,lamb c,16.0,Data for Progress,730.0,lv,1/31/22,2022-05-17,2022_PA_Senate_DEM,0
2022,PA,Senate,,DEM,Val Arkoosh,arkoosh v,6.0,GQR Research,600.0,lv,12/16/21,2022-05-17,2022_PA_Senate_DEM,0
2022,PA,Senate,,DEM,John Fetterman,fetterman j,44.0,GQR Research,600.0,lv,12/16/21,2022-05-17,2022_PA_Senate_DEM,1
2022,PA,Senate,,DEM,Malcolm Kenyatta,kenyatta m,20.0,GQR Research,600.0,lv,12/16/21,2022-05-17,2022_PA_Senate_DEM,0
2022,PA,Senate,,DEM,Conor Lamb,lamb c,15.0,GQR Research,600.0,lv,12/16/21,2022-05-17,2022_PA_Senate_DEM,0
2022,PA,Senate,,DEM,Val Arkoosh,arkoosh v,5.0,GBAO,800.0,lv,11/23/21,2022-05-17,2022_PA_Senate_DEM,0
2022,PA,Senate,,DEM,John Fetterman,fetterman j,42.0,GBAO,800.0,lv,11/23/21,2022-05-17,2022_PA_Senate_DEM,1
2022,PA,Senate,,DEM,Malcolm Kenyatta,kenyatta m,15.0,GBAO,800.0,lv,11/23/21,2022-05-17,2022_PA_Senate_DEM,0
2022,PA,Senate,,DEM,Conor Lamb,lamb c,16.0,GBAO,800.0,lv,11/23/21,2022-05-17,2022_PA_Senate_DEM,0
2022,PA,Senate,,DEM,Val Arkoosh,arkoosh v,2.0,Civiqs,929.0,lv,11/5/21,2022-05-17,2022_PA_Senate_DEM,0
2022,PA,Senate,,DEM,John Fetterman,fetterman j,52.0,Civiqs,929.0,lv,11/5/21,2022-05-17,2022_PA_Senate_DEM,1
2022,PA,Senate,,DEM,Malcolm Kenyatta,kenyatta m,5.0,Civiqs,929.0,lv,11/5/21,2022-05-17,2022_PA_Senate_DEM,0
2022,PA,Senate,,DEM,Conor Lamb,lamb c,12.0,Civiqs,929.0,lv,11/5/21,2022-05-17,2022_PA_Senate_DEM,0
2022,PA,Senate,,DEM,Sharif Street,street s,2.0,Civiqs,929.0,lv,11/5/21,2022-05-17,2022_PA_Senate_DEM,0
2022,PA,Senate,,DEM,Val Arkoosh,arkoosh v,4.0,Franklin & Marshall College,208.0,rv,10/24/21,2022-05-17,2022_PA_Senate_DEM,0
2022,PA,Senate,,DEM,John Fetterman,fetterman j,34.0,Franklin & Marshall College,208.0,rv,10/24/21,2022-05-17,2022_PA_Senate_DEM,1
2022,PA,Senate,,DEM,Malcolm Kenyatta,kenyatta m,5.0,Franklin & Marshall College,208.0,rv,10/24/21,2022-05-17,2022_PA_Senate_DEM,0
2022,PA,Senate,,DEM,Conor Lamb,lamb c,12.0,Franklin & Marshall College,208.0,rv,10/24/21,2022-05-17,2022_PA_Senate_DEM,0
2022,PA,Senate,,DEM,Sharif Street,street s,5.0,Franklin & Marshall College,208.0,rv,10/24/21,2022-05-17,2022_PA_Senate_DEM,0
2022,PA,Senate,,DEM,Val Arkoosh,arkoosh v,6.0,Franklin & Marshall College,175.0,rv,8/15/21,2022-05-17,2022_PA_Senate_DEM,0
2022,PA,Senate,,DEM,John Fetterman,fetterman j,33.0,Franklin & Marshall College,175.0,rv,8/15/21,2022-05-17,2022_PA_Senate_DEM,1
2022,PA,Senate,,DEM,Malcolm Kenyatta,kenyatta m,5.0,Franklin & Marshall College,175.0,rv,8/15/21,2022-05-17,2022_PA_Senate_DEM,0
2022,PA,Senate,,DEM,Conor Lamb,lamb c,12.0,Franklin & Marshall College,175.0,rv,8/15/21,2022-05-17,2022_PA_Senate_DEM,0
2022,PA,Senate,,DEM,Sharif Street,street s,0.0,Franklin & Marshall College,175.0,rv,8/15/21,2022-05-17,2022_PA_Senate_DEM,0
2022,PA,Senate,,DEM,Val Arkoosh,arkoosh v,5.0,Data for Progress,302.0,lv,5/14/21,2022-05-17,2022_PA_Senate_DEM,0
2022,PA,Senate,,DEM,John Fetterman,fetterman j,40.0,Data for Progress,302.0,lv,5/14/21,2022-05-17,2022_PA_Senate_DEM,1
2022,PA,Senate,,DEM,Malcolm Kenyatta,kenyatta m,9.0,Data for Progress,302.0,lv,5/14/21,2022-05-17,2022_PA_Senate_DEM,0
2022,PA,Senate,,DEM,Conor Lamb,lamb c,21.0,Data for Progress,302.0,lv,5/14/21,2022-05-17,2022_PA_Senate_DEM,0
2022,PA,Senate,,DEM,Sharif Street,street s,2.0,Data for Progress,302.0,lv,5/14/21,2022-05-17,2022_PA_Senate_DEM,0
2022,PA,Senate,,REP,Mehmet Oz,oz m,33.0,Susquehanna Polling & Research,,lv,5/10/22,2022-05-17,2022_PA_Senate_REP,1
2022,PA,Senate,,DEM,John Fetterman,fetterman j,51.0,Susquehanna Polling & Research,,lv,5/10/22,2022-05-17,2022_PA_Senate_DEM,1
2022,PA,Senate,,REP,Mehmet Oz,oz m,42.0,Data for Progress,581.0,lv,12/5/21,2022-05-17,2022_PA_Senate_REP,1
2022,PA,Senate,,DEM,John Fetterman,fetterman j,44.0,Data for Progress,581.0,lv,12/5/21,2022-05-17,2022_PA_Senate_DEM,1
2022,PA,Senate,,REP,Jeff Bartos,bartos j,36.0,Garin-Hart-Yang,450.0,lv,5/19/21,2022-05-17,2022_PA_Senate_REP,0
2022,PA,Senate,,DEM,John Fetterman,fetterman j,45.0,Garin-Hart-Yang,450.0,lv,5/19/21,2022-05-17,2022_PA_Senate_DEM,1
2022,PA,Senate,,REP,Jeff Bartos,bartos j,38.0,Data for Progress,310.0,lv,5/14/21,2022-05-17,2022_PA_Senate_REP,0
2022,PA,Senate,,REP,Sean Parnell,parnell s,42.0,Garin-Hart-Yang,450.0,lv,5/19/21,2022-05-17,2022_PA_Senate_REP,0
2022,PA,Senate,,REP,Sean Parnell,parnell s,40.0,Data for Progress,310.0,lv,5/14/21,2022-05-17,2022_PA_Senate_REP,0
2022,SD,Senate,,REP,Mark Mowry,mowry m,4.0,South Dakota State University,,lv,5/15/22,2022-06-07,2022_SD_Senate_REP,0
2022,SD,Senate,,REP,John Thune,thune j,46.0,South Dakota State University,,lv,5/15/22,2022-06-07,2022_SD_Senate_REP,1
2022,SD,Senate,,REP,Bruce Whalen,whalen b,10.0,South Dakota State University,,lv,5/15/22,2022-06-07,2022_SD_Senate_REP,0
2022,SD,Senate,,REP,Dusty Johnson,johnson d,30.0,Fabrizio Lee,400.0,lv,1/1/22,2022-06-07,2022_SD_Senate_REP,0
2022,SD,Senate,,REP,John Thune,thune j,47.0,Fabrizio Lee,400.0,lv,1/1/22,2022-06-07,2022_SD_Senate_REP,1
2022,SD,Senate,,REP,John Thune,thune j,59.0,Moore Information Group,400.0,lv,3/19/22,2022-06-07,2022_SD_Senate_REP,1
2022,UT,Senate,,REP,Becky Edwards,edwards b,19.0,Dan Jones & Associates,503.0,lv,5/13/22,2022-06-28,2022_UT_Senate_REP,0
2022,UT,Senate,,REP,Ally Isom,isom a,6.0,Dan Jones & Associates,503.0,lv,5/13/22,2022-06-28,2022_UT_Senate_REP,0
2022,UT,Senate,,REP,Mike Lee,lee m,49.0,Dan Jones & Associates,503.0,lv,5/13/22,2022-06-28,2022_UT_Senate_REP,1
2022,UT,Senate,,REP,Evan Barlow,barlow e,6.0,Dan Jones & Associates,484.0,lv,3/21/22,2022-06-28,2022_UT_Senate_REP,0
2022,UT,Senate,,REP,Loy Brunson,brunson l,1.0,Dan Jones & Associates,484.0,lv,3/21/22,2022-06-28,2022_UT_Senate_REP,0
2022,UT,Senate,,REP,Becky Edwards,edwards b,19.0,Dan Jones & Associates,484.0,lv,3/21/22,2022-06-28,2022_UT_Senate_REP,0
2022,UT,Senate,,REP,Jeremy Friedbaum,friedbaum j,2.0,Dan Jones & Associates,484.0,lv,3/21/22,2022-06-28,2022_UT_Senate_REP,0
2022,UT,Senate,,REP,Laird Hamblin,hamblin l,1.0,Dan Jones & Associates,484.0,lv,3/21/22,2022-06-28,2022_UT_Senate_REP,0
2022,UT,Senate,,REP,Ally Isom,isom a,4.0,Dan Jones & Associates,484.0,lv,3/21/22,2022-06-28,2022_UT_Senate_REP,0
2022,UT,Senate,,REP,Mike Lee,lee m,67.0,Dan Jones & Associates,484.0,lv,3/21/22,2022-06-28,2022_UT_Senate_REP,1
2022,UT,Senate,,REP,Becky Edwards,edwards b,5.0,OH Predictive Insights,366.0,rv,2/14/22,2022-06-28,2022_UT_Senate_REP,0
2022,UT,Senate,,REP,Ally Isom,isom a,2.0,OH Predictive Insights,366.0,rv,2/14/22,2022-06-28,2022_UT_Senate_REP,0
2022,UT,Senate,,REP,Tyrone Jensen,jensen t,2.0,OH Predictive Insights,366.0,rv,2/14/22,2022-06-28,2022_UT_Senate_REP,0
2022,UT,Senate,,REP,Mike Lee,lee m,51.0,OH Predictive Insights,366.0,rv,2/14/22,2022-06-28,2022_UT_Senate_REP,1
2022,UT,Senate,,REP,Brendan Wright,wright b,2.0,OH Predictive Insights,366.0,rv,2/14/22,2022-06-28,2022_UT_Senate_REP,0
2022,UT,Senate,,REP,Becky Edwards,edwards b,7.000000000000001,Dan Jones & Associates,469.0,lv,10/21/21,2022-06-28,2022_UT_Senate_REP,0
2022,UT,Senate,,REP,Ally Isom,isom a,2.0,Dan Jones & Associates,469.0,lv,10/21/21,2022-06-28,2022_UT_Senate_REP,0
2022,UT,Senate,,REP,Mike Lee,lee m,53.0,Dan Jones & Associates,469.0,lv,10/21/21,2022-06-28,2022_UT_Senate_REP,1
2022,UT,Senate,,REP,Becky Edwards,edwards b,3.0,OH Predictive Insights,337.0,rv,8/8/21,2022-06-28,2022_UT_Senate_REP,0
2022,UT,Senate,,REP,Ally Isom,isom a,2.0,OH Predictive Insights,337.0,rv,8/8/21,2022-06-28,2022_UT_Senate_REP,0
2022,UT,Senate,,REP,Mike Lee,lee m,45.0,OH Predictive Insights,337.0,rv,8/8/21,2022-06-28,2022_UT_Senate_REP,1
2022,UT,Senate,,REP,Brendan Wright,wright b,3.0,OH Predictive Insights,337.0,rv,8/8/21,2022-06-28,2022_UT_Senate_REP,0
2022,UT,Senate,,REP,Becky Edwards,edwards b,11.0,RMG Research,587.0,lv,6/25/21,2022-06-28,2022_UT_Senate_REP,0
2022,UT,Senate,,REP,Mike Lee,lee m,47.0,RMG Research,587.0,lv,6/25/21,2022-06-28,2022_UT_Senate_REP,1
2022,VT,Senate,,DEM,Isaac Evans-Frantz,evansfrantz i,6.0,University of New Hampshire,352.0,lv,7/25/22,2022-08-09,2022_VT_Senate_DEM,0
2022,VT,Senate,,DEM,Niki Thran,thran n,1.0,University of New Hampshire,352.0,lv,7/25/22,2022-08-09,2022_VT_Senate_DEM,0
2022,VT,Senate,,DEM,Peter Welch,welch p,82.0,University of New Hampshire,352.0,lv,7/25/22,2022-08-09,2022_VT_Senate_DEM,1
2022,VT,Senate,,REP,Gerald Malloy,malloy g,30.0,University of New Hampshire,196.0,lv,7/25/22,2022-08-09,2022_VT_Senate_REP,1
2022,VT,Senate,,REP,Myers Mermel,mermel m,3.0,University of New Hampshire,196.0,lv,7/25/22,2022-08-09,2022_VT_Senate_REP,0
2022,VT,Senate,,REP,Christina Nolan,nolan c,24.0,University of New Hampshire,196.0,lv,7/25/22,2022-08-09,2022_VT_Senate_REP,0
2022,VT,Senate,,DEM,Peter Welch,welch p,62.0,University of New Hampshire,583.0,lv,4/18/22,2022-08-09,2022_VT_Senate_DEM,1
2022,VT,Senate,,REP,Christina Nolan,nolan c,27.0,University of New Hampshire,583.0,lv,4/18/22,2022-08-09,2022_VT_Senate_REP,0
2022,VT,Senate,,DEM,Patrick Leahy,leahy p,38.0,VPR / Vermont PBS,582.0,lv,9/15/20,2022-08-09,2022_VT_Senate_DEM,0
2022,VT,Senate,,REP,Phil Scott,scott p,41.0,VPR / Vermont PBS,582.0,lv,9/15/20,2022-08-09,2022_VT_Senate_REP,0
2022,WI,Senate,,DEM,Mandela Barnes,barnes m,39.0,Impact Research,600.0,lv,7/17/22,2022-08-09,2022_WI_Senate_DEM,1
2022,WI,Senate,,DEM,Sarah Godlewski,godlewski s,12.0,Impact Research,600.0,lv,7/17/22,2022-08-09,2022_WI_Senate_DEM,0
2022,WI,Senate,,DEM,Alex Lasry,lasry a,25.0,Impact Research,600.0,lv,7/17/22,2022-08-09,2022_WI_Senate_DEM,0
2022,WI,Senate,,DEM,Tom Nelson,nelson t,5.0,Impact Research,600.0,lv,7/17/22,2022-08-09,2022_WI_Senate_DEM,0
2022,WI,Senate,,DEM,Mandela Barnes,barnes m,40.0,Change Research,560.0,lv,7/7/22,2022-08-09,2022_WI_Senate_DEM,1
2022,WI,Senate,,DEM,Sarah Godlewski,godlewski s,12.0,Change Research,560.0,lv,7/7/22,2022-08-09,2022_WI_Senate_DEM,0
2022,WI,Senate,,DEM,Alex Lasry,lasry a,16.0,Change Research,560.0,lv,7/7/22,2022-08-09,2022_WI_Senate_DEM,0
2022,WI,Senate,,DEM,Tom Nelson,nelson t,6.0,Change Research,560.0,lv,7/7/22,2022-08-09,2022_WI_Senate_DEM,0
2022,WI,Senate,,DEM,Mandela Barnes,barnes m,25.0,Marquette University,381.0,lv,6/20/22,2022-08-09,2022_WI_Senate_DEM,1
2022,WI,Senate,,DEM,Sarah Godlewski,godlewski s,9.0,Marquette University,381.0,lv,6/20/22,2022-08-09,2022_WI_Senate_DEM,0
2022,WI,Senate,,DEM,Alex Lasry,lasry a,21.0,Marquette University,381.0,lv,6/20/22,2022-08-09,2022_WI_Senate_DEM,0
2022,WI,Senate,,DEM,Tom Nelson,nelson t,7.000000000000001,Marquette University,381.0,lv,6/20/22,2022-08-09,2022_WI_Senate_DEM,0
2022,WI,Senate,,DEM,Mandela Barnes,barnes m,34.0,Normington Petts,700.0,lv,5/22/22,2022-08-09,2022_WI_Senate_DEM,1
2022,WI,Senate,,DEM,Sarah Godlewski,godlewski s,18.0,Normington Petts,700.0,lv,5/22/22,2022-08-09,2022_WI_Senate_DEM,0
2022,WI,Senate,,DEM,Alex Lasry,lasry a,31.0,Normington Petts,700.0,lv,5/22/22,2022-08-09,2022_WI_Senate_DEM,0
2022,WI,Senate,,DEM,Tom Nelson,nelson t,5.0,Normington Petts,700.0,lv,5/22/22,2022-08-09,2022_WI_Senate_DEM,0
2022,WI,Senate,,DEM,Mandela Barnes,barnes m,19.0,Marquette University,311.0,lv,4/24/22,2022-08-09,2022_WI_Senate_DEM,1
2022,WI,Senate,,DEM,Sarah Godlewski,godlewski s,7.000000000000001,Marquette University,311.0,lv,4/24/22,2022-08-09,2022_WI_Senate_DEM,0
2022,WI,Senate,,DEM,Alex Lasry,lasry a,16.0,Marquette University,311.0,lv,4/24/22,2022-08-09,2022_WI_Senate_DEM,0
2022,WI,Senate,,DEM,Tom Nelson,nelson t,5.0,Marquette University,311.0,lv,4/24/22,2022-08-09,2022_WI_Senate_DEM,0
2022,WI,Senate,,DEM,Mandela Barnes,barnes m,38.0,Impact Research,449.0,lv,3/23/22,2022-08-09,2022_WI_Senate_DEM,1
2022,WI,Senate,,DEM,Sarah Godlewski,godlewski s,9.0,Impact Research,449.0,lv,3/23/22,2022-08-09,2022_WI_Senate_DEM,0
2022,WI,Senate,,DEM,Alex Lasry,lasry a,17.0,Impact Research,449.0,lv,3/23/22,2022-08-09,2022_WI_Senate_DEM,0
2022,WI,Senate,,DEM,Tom Nelson,nelson t,8.0,Impact Research,449.0,lv,3/23/22,2022-08-09,2022_WI_Senate_DEM,0
2022,WI,Senate,,DEM,Mandela Barnes,barnes m,35.0,Normington Petts,600.0,lv,2/27/22,2022-08-09,2022_WI_Senate_DEM,1
2022,WI,Senate,,DEM,Sarah Godlewski,godlewski s,7.000000000000001,Normington Petts,600.0,lv,2/27/22,2022-08-09,2022_WI_Senate_DEM,0
2022,WI,Senate,,DEM,Alex Lasry,lasry a,27.0,Normington Petts,600.0,lv,2/27/22,2022-08-09,2022_WI_Senate_DEM,0
2022,WI,Senate,,DEM,Tom Nelson,nelson t,7.000000000000001,Normington Petts,600.0,lv,2/27/22,2022-08-09,2022_WI_Senate_DEM,0
2022,WI,Senate,,DEM,Mandela Barnes,barnes m,23.0,Marquette University,362.0,lv,2/27/22,2022-08-09,2022_WI_Senate_DEM,1
2022,WI,Senate,,DEM,Sarah Godlewski,godlewski s,3.0,Marquette University,362.0,lv,2/27/22,2022-08-09,2022_WI_Senate_DEM,0
2022,WI,Senate,,DEM,Alex Lasry,lasry a,13.0,Marquette University,362.0,lv,2/27/22,2022-08-09,2022_WI_Senate_DEM,0
2022,WI,Senate,,DEM,Tom Nelson,nelson t,5.0,Marquette University,362.0,lv,2/27/22,2022-08-09,2022_WI_Senate_DEM,0
2022,WI,Senate,,DEM,Mandela Barnes,barnes m,40.0,Impact Research,842.0,lv,12/16/21,2022-08-09,2022_WI_Senate_DEM,1
2022,WI,Senate,,DEM,Sarah Godlewski,godlewski s,10.0,Impact Research,842.0,lv,12/16/21,2022-08-09,2022_WI_Senate_DEM,0
2022,WI,Senate,,DEM,Alex Lasry,lasry a,11.0,Impact Research,842.0,lv,12/16/21,2022-08-09,2022_WI_Senate_DEM,0
2022,WI,Senate,,DEM,Tom Nelson,nelson t,8.0,Impact Research,842.0,lv,12/16/21,2022-08-09,2022_WI_Senate_DEM,0
2022,WI,Senate,,DEM,Mandela Barnes,barnes m,39.0,Data for Progress,524.0,lv,11/15/21,2022-08-09,2022_WI_Senate_DEM,1
2022,WI,Senate,,DEM,Sarah Godlewski,godlewski s,5.0,Data for Progress,524.0,lv,11/15/21,2022-08-09,2022_WI_Senate_DEM,0
2022,WI,Senate,,DEM,Alex Lasry,lasry a,16.0,Data for Progress,524.0,lv,11/15/21,2022-08-09,2022_WI_Senate_DEM,0
2022,WI,Senate,,DEM,Tom Nelson,nelson t,6.0,Data for Progress,524.0,lv,11/15/21,2022-08-09,2022_WI_Senate_DEM,0
2022,WI,Senate,,DEM,Mandela Barnes,barnes m,37.0,Normington Petts,,lv,11/1/21,2022-08-09,2022_WI_Senate_DEM,1
2022,WI,Senate,,DEM,Sarah Godlewski,godlewski s,5.0,Normington Petts,,lv,11/1/21,2022-08-09,2022_WI_Senate_DEM,0
2022,WI,Senate,,DEM,Alex Lasry,lasry a,15.0,Normington Petts,,lv,11/1/21,2022-08-09,2022_WI_Senate_DEM,0
2022,WI,Senate,,DEM,Tom Nelson,nelson t,7.000000000000001,Normington Petts,,lv,11/1/21,2022-08-09,2022_WI_Senate_DEM,0
2022,WI,Senate,,DEM,Mandela Barnes,barnes m,37.0,Clarity Campaign Labs,698.0,lv,8/30/21,2022-08-09,2022_WI_Senate_DEM,1
2022,WI,Senate,,DEM,Sarah Godlewski,godlewski s,7.000000000000001,Clarity Campaign Labs,698.0,lv,8/30/21,2022-08-09,2022_WI_Senate_DEM,0
2022,WI,Senate,,DEM,Alex Lasry,lasry a,5.0,Clarity Campaign Labs,698.0,lv,8/30/21,2022-08-09,2022_WI_Senate_DEM,0
2022,WI,Senate,,DEM,Tom Nelson,nelson t,8.0,Clarity Campaign Labs,698.0,lv,8/30/21,2022-08-09,2022_WI_Senate_DEM,0
2022,WI,Senate,,DEM,Mandela Barnes,barnes m,43.0,Normington Petts,,lv,8/1/21,2022-08-09,2022_WI_Senate_DEM,1
2022,WI,Senate,,DEM,Sarah Godlewski,godlewski s,5.0,Normington Petts,,lv,8/1/21,2022-08-09,2022_WI_Senate_DEM,0
2022,WI,Senate,,DEM,Alex Lasry,lasry a,4.0,Normington Petts,,lv,8/1/21,2022-08-09,2022_WI_Senate_DEM,0
2022,WI,Senate,,DEM,Tom Nelson,nelson t,7.000000000000001,Normington Petts,,lv,8/1/21,2022-08-09,2022_WI_Senate_DEM,0
2024,DE,Governor,,DEM,Bethany Hall-Long,halllong b,19.0,Trailblazer Opinion Strategies,,,8/27/24,2024-09-10,2024_DE_Governor_DEM,0
2024,DE,Governor,,DEM,Matt Meyer,meyer m,33.0,Trailblazer Opinion Strategies,,,8/27/24,2024-09-10,2024_DE_Governor_DEM,1
2024,DE,Governor,,DEM,Collin O'Mara,omara c,17.0,Trailblazer Opinion Strategies,,,8/27/24,2024-09-10,2024_DE_Governor_DEM,0
2024,DE,Governor,,DEM,Bethany Hall-Long,halllong b,23.0,Slingshot Strategies,500.0,rv,8/13/24,2024-09-10,2024_DE_Governor_DEM,0
2024,DE,Governor,,DEM,Matt Meyer,meyer m,27.0,Slingshot Strategies,500.0,rv,8/13/24,2024-09-10,2024_DE_Governor_DEM,1
2024,DE,Governor,,DEM,Collin O'Mara,omara c,11.0,Slingshot Strategies,500.0,rv,8/13/24,2024-09-10,2024_DE_Governor_DEM,0
2024,DE,Governor,,DEM,Bethany Hall-Long,halllong b,23.0,Concord Public Opinion Partners,453.0,rv,8/7/24,2024-09-10,2024_DE_Governor_DEM,0
2024,DE,Governor,,DEM,Matt Meyer,meyer m,30.0,Concord Public Opinion Partners,453.0,rv,8/7/24,2024-09-10,2024_DE_Governor_DEM,1
2024,DE,Governor,,DEM,Collin O'Mara,omara c,8.0,Concord Public Opinion Partners,453.0,rv,8/7/24,2024-09-10,2024_DE_Governor_DEM,0
2024,DE,Governor,,DEM,Bethany Hall-Long,halllong b,31.0,Public Policy Polling,661.0,lv,7/17/24,2024-09-10,2024_DE_Governor_DEM,0
2024,DE,Governor,,DEM,Matt Meyer,meyer m,19.0,Public Policy Polling,661.0,lv,7/17/24,2024-09-10,2024_DE_Governor_DEM,1
2024,DE,Governor,,DEM,Collin O'Mara,omara c,9.0,Public Policy Polling,661.0,lv,7/17/24,2024-09-10,2024_DE_Governor_DEM,0
2024,DE,Governor,,DEM,Bethany Hall-Long,halllong b,27.0,Slingshot Strategies,446.0,rv,7/9/24,2024-09-10,2024_DE_Governor_DEM,0
2024,DE,Governor,,DEM,Matt Meyer,meyer m,27.0,Slingshot Strategies,446.0,rv,7/9/24,2024-09-10,2024_DE_Governor_DEM,1
2024,DE,Governor,,DEM,Collin O'Mara,omara c,7.000000000000001,Slingshot Strategies,446.0,rv,7/9/24,2024-09-10,2024_DE_Governor_DEM,0
2024,DE,Governor,,DEM,Bethany Hall-Long,halllong b,30.0,Public Policy Polling,643.0,lv,1/11/24,2024-09-10,2024_DE_Governor_DEM,0
2024,DE,Governor,,DEM,Matt Meyer,meyer m,23.0,Public Policy Polling,643.0,lv,1/11/24,2024-09-10,2024_DE_Governor_DEM,1
2024,IN,Governor,,REP,Mike Braun,braun m,44.0,SurveyUSA,447.0,lv,4/7/24,2024-05-07,2024_IN_Governor_REP,1
2024,IN,Governor,,REP,Brad Chambers,chambers b,8.0,SurveyUSA,447.0,lv,4/7/24,2024-05-07,2024_IN_Governor_REP,0
2024,IN,Governor,,REP,Suzanne Crouch,crouch s,10.0,SurveyUSA,447.0,lv,4/7/24,2024-05-07,2024_IN_Governor_REP,0
2024,IN,Governor,,REP,Eric Doden,doden e,8.0,SurveyUSA,447.0,lv,4/7/24,2024-05-07,2024_IN_Governor_REP,0
2024,IN,Governor,,REP,Curtis Hill,hill c,2.0,SurveyUSA,447.0,lv,4/7/24,2024-05-07,2024_IN_Governor_REP,0
2024,IN,Governor,,REP,Jamie Reitenour,reitenour j,2.0,SurveyUSA,447.0,lv,4/7/24,2024-05-07,2024_IN_Governor_REP,0
2024,IN,Governor,,REP,Mike Braun,braun m,33.0,Indy Politics/Crossroads Public Affairs,500.0,lv,3/25/24,2024-05-07,2024_IN_Governor_REP,1
2024,IN,Governor,,REP,Brad Chambers,chambers b,10.0,Indy Politics/Crossroads Public Affairs,500.0,lv,3/25/24,2024-05-07,2024_IN_Governor_REP,0
2024,IN,Governor,,REP,Suzanne Crouch,crouch s,11.0,Indy Politics/Crossroads Public Affairs,500.0,lv,3/25/24,2024-05-07,2024_IN_Governor_REP,0
2024,IN,Governor,,REP,Eric Doden,doden e,11.0,Indy Politics/Crossroads Public Affairs,500.0,lv,3/25/24,2024-05-07,2024_IN_Governor_REP,0
2024,IN,Governor,,REP,Curtis Hill,hill c,5.0,Indy Politics/Crossroads Public Affairs,500.0,lv,3/25/24,2024-05-07,2024_IN_Governor_REP,0
2024,IN,Governor,,REP,Jamie Reitenour,reitenour j,1.0,Indy Politics/Crossroads Public Affairs,500.0,lv,3/25/24,2024-05-07,2024_IN_Governor_REP,0
2024,IN,Governor,,REP,Mike Braun,braun m,34.0,Emerson College,526.0,lv,3/5/24,2024-05-07,2024_IN_Governor_REP,1
2024,IN,Governor,,REP,Brad Chambers,chambers b,5.0,Emerson College,526.0,lv,3/5/24,2024-05-07,2024_IN_Governor_REP,0
2024,IN,Governor,,REP,Suzanne Crouch,crouch s,7.000000000000001,Emerson College,526.0,lv,3/5/24,2024-05-07,2024_IN_Governor_REP,0
2024,IN,Governor,,REP,Eric Doden,doden e,7.000000000000001,Emerson College,526.0,lv,3/5/24,2024-05-07,2024_IN_Governor_REP,0
2024,IN,Governor,,REP,Curtis Hill,hill c,2.0,Emerson College,526.0,lv,3/5/24,2024-05-07,2024_IN_Governor_REP,0
2024,IN,Governor,,REP,Jamie Reitenour,reitenour j,2.0,Emerson College,526.0,lv,3/5/24,2024-05-07,2024_IN_Governor_REP,0
2024,IN,Governor,,REP,Mike Braun,braun m,40.0,Mark It Red,,lv,12/20/23,2024-05-07,2024_IN_Governor_REP,1
2024,IN,Governor,,REP,Brad Chambers,chambers b,5.0,Mark It Red,,lv,12/20/23,2024-05-07,2024_IN_Governor_REP,0
2024,IN,Governor,,REP,Suzanne Crouch,crouch s,13.0,Mark It Red,,lv,12/20/23,2024-05-07,2024_IN_Governor_REP,0
2024,IN,Governor,,REP,Eric Doden,doden e,3.0,Mark It Red,,lv,12/20/23,2024-05-07,2024_IN_Governor_REP,0
2024,IN,Governor,,REP,Curtis Hill,hill c,5.0,Mark It Red,,lv,12/20/23,2024-05-07,2024_IN_Governor_REP,0
2024,IN,Governor,,REP,Mike Braun,braun m,47.0,Mark It Red,750.0,lv,11/22/22,2024-05-07,2024_IN_Governor_REP,1
2024,IN,Governor,,REP,Suzanne Crouch,crouch s,10.0,Mark It Red,750.0,lv,11/22/22,2024-05-07,2024_IN_Governor_REP,0
2024,IN,Governor,,REP,Eric Doden,doden e,5.0,Mark It Red,750.0,lv,11/22/22,2024-05-07,2024_IN_Governor_REP,0
2024,IN,Governor,,REP,Mike Braun,braun m,25.0,Bellwether Research,1000.0,lv,12/17/22,2024-05-07,2024_IN_Governor_REP,1
2024,IN,Governor,,REP,Suzanne Crouch,crouch s,7.000000000000001,Bellwether Research,1000.0,lv,12/17/22,2024-05-07,2024_IN_Governor_REP,0
2024,IN,Governor,,REP,Eric Doden,doden e,3.0,Bellwether Research,1000.0,lv,12/17/22,2024-05-07,2024_IN_Governor_REP,0
2024,IN,Governor,,REP,Trey Hollingsworth,hollingsworth t,6.0,Bellwether Research,1000.0,lv,12/17/22,2024-05-07,2024_IN_Governor_REP,0
2024,IN,Governor,,REP,Todd Rokita,rokita t,9.0,Bellwether Research,1000.0,lv,12/17/22,2024-05-07,2024_IN_Governor_REP,0
2024,MO,Governor,,REP,Jay Ashcroft,ashcroft j,26.0,Battleground Connect,896.0,lv,7/31/24,2024-08-06,2024_MO_Governor_REP,0
2024,MO,Governor,,REP,Bill Eigel,eigel b,17.0,Battleground Connect,896.0,lv,7/31/24,2024-08-06,2024_MO_Governor_REP,0
2024,MO,Governor,,REP,Mike Kehoe,kehoe m,26.0,Battleground Connect,896.0,lv,7/31/24,2024-08-06,2024_MO_Governor_REP,1
2024,MO,Governor,,REP,Jay Ashcroft,ashcroft j,28.999999999999996,Remington Research Group,864.0,lv,7/24/24,2024-08-06,2024_MO_Governor_REP,0
2024,MO,Governor,,REP,Bill Eigel,eigel b,18.0,Remington Research Group,864.0,lv,7/24/24,2024-08-06,2024_MO_Governor_REP,0
2024,MO,Governor,,REP,Mike Kehoe,kehoe m,28.999999999999996,Remington Research Group,864.0,lv,7/24/24,2024-08-06,2024_MO_Governor_REP,1
2024,MO,Governor,,REP,Jay Ashcroft,ashcroft j,18.0,co/efficient,981.0,lv,7/22/24,2024-08-06,2024_MO_Governor_REP,0
2024,MO,Governor,,REP,Bill Eigel,eigel b,18.0,co/efficient,981.0,lv,7/22/24,2024-08-06,2024_MO_Governor_REP,0
2024,MO,Governor,,REP,Mike Kehoe,kehoe m,22.0,co/efficient,981.0,lv,7/22/24,2024-08-06,2024_MO_Governor_REP,1
2024,MO,Governor,,REP,Jay Ashcroft,ashcroft j,19.0,ARW Strategies,600.0,lv,6/30/24,2024-08-06,2024_MO_Governor_REP,0
2024,MO,Governor,,REP,Bill Eigel,eigel b,19.0,ARW Strategies,600.0,lv,6/30/24,2024-08-06,2024_MO_Governor_REP,0
2024,MO,Governor,,REP,Mike Kehoe,kehoe m,24.0,ARW Strategies,600.0,lv,6/30/24,2024-08-06,2024_MO_Governor_REP,1
2024,MO,Governor,,REP,Jay Ashcroft,ashcroft j,31.0,Remington Research Group,701.0,lv,6/20/24,2024-08-06,2024_MO_Governor_REP,0
2024,MO,Governor,,REP,Bill Eigel,eigel b,9.0,Remington Research Group,701.0,lv,6/20/24,2024-08-06,2024_MO_Governor_REP,0
2024,MO,Governor,,REP,Mike Kehoe,kehoe m,28.999999999999996,Remington Research Group,701.0,lv,6/20/24,2024-08-06,2024_MO_Governor_REP,1
2024,MO,Governor,,REP,Jay Ashcroft,ashcroft j,23.0,Emerson College,1000.0,rv,6/19/24,2024-08-06,2024_MO_Governor_REP,0
2024,MO,Governor,,REP,Bill Eigel,eigel b,6.0,Emerson College,1000.0,rv,6/19/24,2024-08-06,2024_MO_Governor_REP,0
2024,MO,Governor,,REP,Mike Kehoe,kehoe m,20.0,Emerson College,1000.0,rv,6/19/24,2024-08-06,2024_MO_Governor_REP,1
2024,MO,Governor,,REP,Jay Ashcroft,ashcroft j,27.0,American Viewpoint,800.0,lv,6/4/24,2024-08-06,2024_MO_Governor_REP,0
2024,MO,Governor,,REP,Bill Eigel,eigel b,16.0,American Viewpoint,800.0,lv,6/4/24,2024-08-06,2024_MO_Governor_REP,0
2024,MO,Governor,,REP,Mike Kehoe,kehoe m,27.0,American Viewpoint,800.0,lv,6/4/24,2024-08-06,2024_MO_Governor_REP,1
2024,MO,Governor,,REP,Jay Ashcroft,ashcroft j,22.0,Peak Insights,400.0,lv,5/18/24,2024-08-06,2024_MO_Governor_REP,0
2024,MO,Governor,,REP,Bill Eigel,eigel b,14.000000000000002,Peak Insights,400.0,lv,5/18/24,2024-08-06,2024_MO_Governor_REP,0
2024,MO,Governor,,REP,Mike Kehoe,kehoe m,20.0,Peak Insights,400.0,lv,5/18/24,2024-08-06,2024_MO_Governor_REP,1
2024,MO,Governor,,REP,Jay Ashcroft,ashcroft j,33.0,American Viewpoint,600.0,lv,5/15/24,2024-08-06,2024_MO_Governor_REP,0
2024,MO,Governor,,REP,Bill Eigel,eigel b,12.0,American Viewpoint,600.0,lv,5/15/24,2024-08-06,2024_MO_Governor_REP,0
2024,MO,Governor,,REP,Mike Kehoe,kehoe m,23.0,American Viewpoint,600.0,lv,5/15/24,2024-08-06,2024_MO_Governor_REP,1
2024,MO,Governor,,REP,Jay Ashcroft,ashcroft j,36.0,Tyson Group,504.0,lv,4/26/24,2024-08-06,2024_MO_Governor_REP,0
2024,MO,Governor,,REP,Bill Eigel,eigel b,3.0,Tyson Group,504.0,lv,4/26/24,2024-08-06,2024_MO_Governor_REP,0
2024,MO,Governor,,REP,Mike Kehoe,kehoe m,11.0,Tyson Group,504.0,lv,4/26/24,2024-08-06,2024_MO_Governor_REP,1
2024,MO,Governor,,REP,Jay Ashcroft,ashcroft j,28.000000000000004,YouGov / Saint Louis University,414.0,lv,2/26/24,2024-08-06,2024_MO_Governor_REP,0
2024,MO,Governor,,REP,Bill Eigel,eigel b,8.0,YouGov / Saint Louis University,414.0,lv,2/26/24,2024-08-06,2024_MO_Governor_REP,0
2024,MO,Governor,,REP,Mike Kehoe,kehoe m,10.0,YouGov / Saint Louis University,414.0,lv,2/26/24,2024-08-06,2024_MO_Governor_REP,1
2024,MO,Governor,,REP,Jay Ashcroft,ashcroft j,35.0,Remington Research Group,706.0,lv,2/15/24,2024-08-06,2024_MO_Governor_REP,0
2024,MO,Governor,,REP,Bill Eigel,eigel b,5.0,Remington Research Group,706.0,lv,2/15/24,2024-08-06,2024_MO_Governor_REP,0
2024,MO,Governor,,REP,Mike Kehoe,kehoe m,22.0,Remington Research Group,706.0,lv,2/15/24,2024-08-06,2024_MO_Governor_REP,1
2024,MO,Governor,,REP,Jay Ashcroft,ashcroft j,36.0,ARW Strategies,611.0,v,2/7/24,2024-08-06,2024_MO_Governor_REP,0
2024,MO,Governor,,REP,Bill Eigel,eigel b,13.0,ARW Strategies,611.0,v,2/7/24,2024-08-06,2024_MO_Governor_REP,0
2024,MO,Governor,,REP,Mike Kehoe,kehoe m,13.0,ARW Strategies,611.0,v,2/7/24,2024-08-06,2024_MO_Governor_REP,1
2024,MO,Governor,,REP,Jay Ashcroft,ashcroft j,34.0,Remington Research Group,806.0,lv,1/19/24,2024-08-06,2024_MO_Governor_REP,0
2024,MO,Governor,,REP,Bill Eigel,eigel b,4.0,Remington Research Group,806.0,lv,1/19/24,2024-08-06,2024_MO_Governor_REP,0
2024,MO,Governor,,REP,Mike Kehoe,kehoe m,20.0,Remington Research Group,806.0,lv,1/19/24,2024-08-06,2024_MO_Governor_REP,1
2024,MO,Governor,,REP,Jay Ashcroft,ashcroft j,18.0,Show Me Victories,407.0,lv,10/31/23,2024-08-06,2024_MO_Governor_REP,0
2024,MO,Governor,,REP,Bill Eigel,eigel b,6.0,Show Me Victories,407.0,lv,10/31/23,2024-08-06,2024_MO_Governor_REP,0
2024,MO,Governor,,REP,Mike Kehoe,kehoe m,19.0,Show Me Victories,407.0,lv,10/31/23,2024-08-06,2024_MO_Governor_REP,1
2024,MO,Governor,,REP,Jay Ashcroft,ashcroft j,32.0,Remington Research Group,714.0,lv,9/28/23,2024-08-06,2024_MO_Governor_REP,0
2024,MO,Governor,,REP,Bill Eigel,eigel b,5.0,Remington Research Group,714.0,lv,9/28/23,2024-08-06,2024_MO_Governor_REP,0
2024,MO,Governor,,REP,Mike Kehoe,kehoe m,15.0,Remington Research Group,714.0,lv,9/28/23,2024-08-06,2024_MO_Governor_REP,1
2024,MO,Governor,,REP,Jay Ashcroft,ashcroft j,34.0,Remington Research Group,706.0,lv,7/7/23,2024-08-06,2024_MO_Governor_REP,0
2024,MO,Governor,,REP,Bill Eigel,eigel b,4.0,Remington Research Group,706.0,lv,7/7/23,2024-08-06,2024_MO_Governor_REP,0
2024,MO,Governor,,REP,Mike Kehoe,kehoe m,14.000000000000002,Remington Research Group,706.0,lv,7/7/23,2024-08-06,2024_MO_Governor_REP,1
2024,MO,Governor,,REP,Jay Ashcroft,ashcroft j,28.999999999999996,Remington Research Group,778.0,lv,4/12/23,2024-08-06,2024_MO_Governor_REP,0
2024,MO,Governor,,REP,Bill Eigel,eigel b,4.0,Remington Research Group,778.0,lv,4/12/23,2024-08-06,2024_MO_Governor_REP,0
2024,MO,Governor,,REP,Mike Kehoe,kehoe m,13.0,Remington Research Group,778.0,lv,4/12/23,2024-08-06,2024_MO_Governor_REP,1
2024,MO,Governor,,REP,Jay Ashcroft,ashcroft j,28.000000000000004,Remington Research Group,820.0,lv,2/9/23,2024-08-06,2024_MO_Governor_REP,0
2024,MO,Governor,,REP,Bill Eigel,eigel b,4.0,Remington Research Group,820.0,lv,2/9/23,2024-08-06,2024_MO_Governor_REP,0
2024,MO,Governor,,REP,Mike Kehoe,kehoe m,9.0,Remington Research Group,820.0,lv,2/9/23,2024-08-06,2024_MO_Governor_REP,1
2024,MO,Governor,,REP,Jay Ashcroft,ashcroft j,44.0,Remington Research Group,940.0,lv,11/16/22,2024-08-06,2024_MO_Governor_REP,0
2024,MO,Governor,,REP,Bill Eigel,eigel b,4.0,Remington Research Group,940.0,lv,11/16/22,2024-08-06,2024_MO_Governor_REP,0
2024,MO,Governor,,REP,Mike Kehoe,kehoe m,10.0,Remington Research Group,940.0,lv,11/16/22,2024-08-06,2024_MO_Governor_REP,1
2024,MO,Governor,,REP,Jay Ashcroft,ashcroft j,54.0,Public Opinion Strategies,500.0,lv,3/10/22,2024-08-06,2024_MO_Governor_REP,0
2024,MO,Governor,,REP,Mike Kehoe,kehoe m,19.0,Public Opinion Strategies,500.0,lv,3/10/22,2024-08-06,2024_MO_Governor_REP,1
2024,MO,Governor,,DEM,Sheryl Gladney,gladney s,4.0,Remington Research Group,600.0,lv,7/11/24,2024-08-06,2024_MO_Governor_DEM,0
2024,MO,Governor,,DEM,Mike Hamra,hamra m,23.0,Remington Research Group,600.0,lv,7/11/24,2024-08-06,2024_MO_Governor_DEM,0
2024,MO,Governor,,DEM,Crystal Quade,quade c,21.0,Remington Research Group,600.0,lv,7/11/24,2024-08-06,2024_MO_Governor_DEM,1
2024,MO,Governor,,DEM,Sheryl Gladney,gladney s,4.0,YouGov / Saint Louis University,396.0,lv,2/26/24,2024-08-06,2024_MO_Governor_DEM,0
2024,MO,Governor,,DEM,Mike Hamra,hamra m,5.0,YouGov / Saint Louis University,396.0,lv,2/26/24,2024-08-06,2024_MO_Governor_DEM,0
2024,MO,Governor,,DEM,Crystal Quade,quade c,21.0,YouGov / Saint Louis University,396.0,lv,2/26/24,2024-08-06,2024_MO_Governor_DEM,1
2024,MO,Governor,,DEM,Mike Hamra,hamra m,2.0,Show Me Victories,407.0,rv,10/31/23,2024-08-06,2024_MO_Governor_DEM,0
2024,MO,Governor,,DEM,Crystal Quade,quade c,39.0,Show Me Victories,407.0,rv,10/31/23,2024-08-06,2024_MO_Governor_DEM,1
2024,MO,Governor,,DEM,Mike Hamra,hamra m,7.000000000000001,Remington Research Group,661.0,lv,7/13/23,2024-08-06,2024_MO_Governor_DEM,0
2024,MO,Governor,,DEM,Crystal Quade,quade c,28.999999999999996,Remington Research Group,661.0,lv,7/13/23,2024-08-06,2024_MO_Governor_DEM,1
2024,MO,Governor,,REP,Jay Ashcroft,ashcroft j,53.0,Remington Research Group,713.0,lv,3/8/24,2024-08-06,2024_MO_Governor_REP,0
2024,MO,Governor,,DEM,Crystal Quade,quade c,36.0,Remington Research Group,713.0,lv,3/8/24,2024-08-06,2024_MO_Governor_DEM,1
2024,NC,Governor,,DEM,Chrelle Booker,booker c,10.0,High Point University,322.0,lv,2/23/24,2024-03-05,2024_NC_Governor_DEM,0
2024,NC,Governor,,DEM,Gary Foxx,foxx g,10.0,High Point University,322.0,lv,2/23/24,2024-03-05,2024_NC_Governor_DEM,0
2024,NC,Governor,,DEM,Michael Morgan,morgan m,14.000000000000002,High Point University,322.0,lv,2/23/24,2024-03-05,2024_NC_Governor_DEM,0
2024,NC,Governor,,DEM,Josh Stein,stein j,56.99999999999999,High Point University,322.0,lv,2/23/24,2024-03-05,2024_NC_Governor_DEM,1
2024,NC,Governor,,DEM,Marcus Williams,williams m,9.0,High Point University,322.0,lv,2/23/24,2024-03-05,2024_NC_Governor_DEM,0
2024,NC,Governor,,DEM,Michael Morgan,morgan m,8.0,Change Research,1622.0,lv,2/19/24,2024-03-05,2024_NC_Governor_DEM,0
2024,NC,Governor,,DEM,Josh Stein,stein j,49.0,Change Research,1622.0,lv,2/19/24,2024-03-05,2024_NC_Governor_DEM,1
2024,NC,Governor,,DEM,Chrelle Booker,booker c,2.0,East Carolina University,1207.0,rv,2/12/24,2024-03-05,2024_NC_Governor_DEM,0
2024,NC,Governor,,DEM,Gary Foxx,foxx g,2.0,East Carolina University,1207.0,rv,2/12/24,2024-03-05,2024_NC_Governor_DEM,0
2024,NC,Governor,,DEM,Michael Morgan,morgan m,7.000000000000001,East Carolina University,1207.0,rv,2/12/24,2024-03-05,2024_NC_Governor_DEM,0
2024,NC,Governor,,DEM,Josh Stein,stein j,56.99999999999999,East Carolina University,1207.0,rv,2/12/24,2024-03-05,2024_NC_Governor_DEM,1
2024,NC,Governor,,DEM,Marcus Williams,williams m,3.0,East Carolina University,1207.0,rv,2/12/24,2024-03-05,2024_NC_Governor_DEM,0
2024,NC,Governor,,DEM,Chrelle Booker,booker c,5.0,Meredith College,760.0,rv,1/31/24,2024-03-05,2024_NC_Governor_DEM,0
2024,NC,Governor,,DEM,Gary Foxx,foxx g,3.0,Meredith College,760.0,rv,1/31/24,2024-03-05,2024_NC_Governor_DEM,0
2024,NC,Governor,,DEM,Michael Morgan,morgan m,4.0,Meredith College,760.0,rv,1/31/24,2024-03-05,2024_NC_Governor_DEM,0
2024,NC,Governor,,DEM,Josh Stein,stein j,31.0,Meredith College,760.0,rv,1/31/24,2024-03-05,2024_NC_Governor_DEM,1
2024,NC,Governor,,DEM,Marcus Williams,williams m,2.0,Meredith College,760.0,rv,1/31/24,2024-03-05,2024_NC_Governor_DEM,0
2024,NC,Governor,,DEM,Chrelle Booker,booker c,3.0,Public Policy Polling,556.0,lv,12/16/23,2024-03-05,2024_NC_Governor_DEM,0
2024,NC,Governor,,DEM,Gary Foxx,foxx g,1.0,Public Policy Polling,556.0,lv,12/16/23,2024-03-05,2024_NC_Governor_DEM,0
2024,NC,Governor,,DEM,Michael Morgan,morgan m,5.0,Public Policy Polling,556.0,lv,12/16/23,2024-03-05,2024_NC_Governor_DEM,0
2024,NC,Governor,,DEM,Josh Stein,stein j,56.00000000000001,Public Policy Polling,556.0,lv,12/16/23,2024-03-05,2024_NC_Governor_DEM,1
2024,NC,Governor,,DEM,Marcus Williams,williams m,4.0,Public Policy Polling,556.0,lv,12/16/23,2024-03-05,2024_NC_Governor_DEM,0
2024,NC,Governor,,DEM,Michael Morgan,morgan m,11.0,Meredith College,755.0,rv,11/5/23,2024-03-05,2024_NC_Governor_DEM,0
2024,NC,Governor,,DEM,Josh Stein,stein j,38.0,Meredith College,755.0,rv,11/5/23,2024-03-05,2024_NC_Governor_DEM,1
2024,NC,Governor,,DEM,Michael Morgan,morgan m,11.0,Meredith College,308.0,rv,9/19/23,2024-03-05,2024_NC_Governor_DEM,0
2024,NC,Governor,,DEM,Josh Stein,stein j,33.0,Meredith College,308.0,rv,9/19/23,2024-03-05,2024_NC_Governor_DEM,1
2024,NC,Governor,,DEM,Mandy Cohen,cohen m,18.0,Public Policy Polling,606.0,rv,10/8/22,2024-03-05,2024_NC_Governor_DEM,0
2024,NC,Governor,,DEM,Jeff Jackson,jackson j,12.0,Public Policy Polling,606.0,rv,10/8/22,2024-03-05,2024_NC_Governor_DEM,0
2024,NC,Governor,,DEM,Josh Stein,stein j,22.0,Public Policy Polling,606.0,rv,10/8/22,2024-03-05,2024_NC_Governor_DEM,1
2024,NC,Governor,,REP,Dale Folwell,folwell d,17.0,High Point University,394.0,lv,2/23/24,2024-03-05,2024_NC_Governor_REP,0
2024,NC,Governor,,REP,Bill Graham,graham b,33.0,High Point University,394.0,lv,2/23/24,2024-03-05,2024_NC_Governor_REP,0
2024,NC,Governor,,REP,Mark Robinson,robinson m,51.0,High Point University,394.0,lv,2/23/24,2024-03-05,2024_NC_Governor_REP,1
2024,NC,Governor,,REP,Jesse Thomas,thomas j,9.0,High Point University,394.0,lv,2/23/24,2024-03-05,2024_NC_Governor_REP,0
2024,NC,Governor,,REP,Dale Folwell,folwell d,28.999999999999996,Capen Analytics,12580.0,lv,2/21/24,2024-03-05,2024_NC_Governor_REP,0
2024,NC,Governor,,REP,Bill Graham,graham b,18.0,Capen Analytics,12580.0,lv,2/21/24,2024-03-05,2024_NC_Governor_REP,0
2024,NC,Governor,,REP,Mark Robinson,robinson m,53.0,Capen Analytics,12580.0,lv,2/21/24,2024-03-05,2024_NC_Governor_REP,1
2024,NC,Governor,,REP,Dale Folwell,folwell d,9.0,Change Research,1622.0,lv,2/19/24,2024-03-05,2024_NC_Governor_REP,0
2024,NC,Governor,,REP,Bill Graham,graham b,9.0,Change Research,1622.0,lv,2/19/24,2024-03-05,2024_NC_Governor_REP,0
2024,NC,Governor,,REP,Mark Robinson,robinson m,56.99999999999999,Change Research,1622.0,lv,2/19/24,2024-03-05,2024_NC_Governor_REP,1
2024,NC,Governor,,REP,Dale Folwell,folwell d,7.000000000000001,East Carolina University,1207.0,rv,2/12/24,2024-03-05,2024_NC_Governor_REP,0
2024,NC,Governor,,REP,Bill Graham,graham b,13.0,East Carolina University,1207.0,rv,2/12/24,2024-03-05,2024_NC_Governor_REP,0
2024,NC,Governor,,REP,Mark Robinson,robinson m,53.0,East Carolina University,1207.0,rv,2/12/24,2024-03-05,2024_NC_Governor_REP,1
2024,NC,Governor,,REP,Dale Folwell,folwell d,4.0,Meredith College,760.0,rv,1/31/24,2024-03-05,2024_NC_Governor_REP,0
2024,NC,Governor,,REP,Bill Graham,graham b,9.0,Meredith College,760.0,rv,1/31/24,2024-03-05,2024_NC_Governor_REP,0
2024,NC,Governor,,REP,Mark Robinson,robinson m,34.0,Meredith College,760.0,rv,1/31/24,2024-03-05,2024_NC_Governor_REP,1
2024,NC,Governor,,REP,Dale Folwell,folwell d,7.000000000000001,Public Policy Polling,619.0,lv,1/6/24,2024-03-05,2024_NC_Governor_REP,0
2024,NC,Governor,,REP,Bill Graham,graham b,15.0,Public Policy Polling,619.0,lv,1/6/24,2024-03-05,2024_NC_Governor_REP,0
2024,NC,Governor,,REP,Mark Robinson,robinson m,55.00000000000001,Public Policy Polling,619.0,lv,1/6/24,2024-03-05,2024_NC_Governor_REP,1
2024,NC,Governor,,REP,Dale Folwell,folwell d,7.000000000000001,East Carolina University,445.0,lv,12/1/23,2024-03-05,2024_NC_Governor_REP,0
2024,NC,Governor,,REP,Bill Graham,graham b,8.0,East Carolina University,445.0,lv,12/1/23,2024-03-05,2024_NC_Governor_REP,0
2024,NC,Governor,,REP,Mark Robinson,robinson m,34.0,East Carolina University,445.0,lv,12/1/23,2024-03-05,2024_NC_Governor_REP,1
2024,NC,Governor,,REP,Andy Wells,wells a,3.0,East Carolina University,445.0,lv,12/1/23,2024-03-05,2024_NC_Governor_REP,0
2024,NC,Governor,,REP,Dale Folwell,folwell d,3.0,Meredith College,755.0,rv,11/5/23,2024-03-05,2024_NC_Governor_REP,0
2024,NC,Governor,,REP,Bill Graham,graham b,5.0,Meredith College,755.0,rv,11/5/23,2024-03-05,2024_NC_Governor_REP,0
2024,NC,Governor,,REP,Mark Robinson,robinson m,41.0,Meredith College,755.0,rv,11/5/23,2024-03-05,2024_NC_Governor_REP,1
2024,NC,Governor,,REP,Jesse Thomas,thomas j,2.0,Meredith College,755.0,rv,11/5/23,2024-03-05,2024_NC_Governor_REP,0
2024,NC,Governor,,REP,Andy Wells,wells a,1.0,Meredith College,755.0,rv,11/5/23,2024-03-05,2024_NC_Governor_REP,0
2024,NC,Governor,,REP,Dale Folwell,folwell d,5.0,Cygnal,600.0,lv,10/9/23,2024-03-05,2024_NC_Governor_REP,0
2024,NC,Governor,,REP,Mark Robinson,robinson m,49.0,Cygnal,600.0,lv,10/9/23,2024-03-05,2024_NC_Governor_REP,1
2024,NC,Governor,,REP,Jesse Thomas,thomas j,1.0,Cygnal,600.0,lv,10/9/23,2024-03-05,2024_NC_Governor_REP,0
2024,NC,Governor,,REP,Mark Walker,walker m,4.0,Cygnal,600.0,lv,10/9/23,2024-03-05,2024_NC_Governor_REP,0
2024,NC,Governor,,REP,Andy Wells,wells a,1.0,Cygnal,600.0,lv,10/9/23,2024-03-05,2024_NC_Governor_REP,0
2024,NC,Governor,,REP,Dale Folwell,folwell d,3.0,Meredith College,350.0,rv,9/19/23,2024-03-05,2024_NC_Governor_REP,0
2024,NC,Governor,,REP,Mark Robinson,robinson m,34.0,Meredith College,350.0,rv,9/19/23,2024-03-05,2024_NC_Governor_REP,1
2024,NC,Governor,,REP,Jesse Thomas,thomas j,3.0,Meredith College,350.0,rv,9/19/23,2024-03-05,2024_NC_Governor_REP,0
2024,NC,Governor,,REP,Mark Walker,walker m,7.000000000000001,Meredith College,350.0,rv,9/19/23,2024-03-05,2024_NC_Governor_REP,0
2024,NC,Governor,,REP,Andy Wells,wells a,3.0,Meredith College,350.0,rv,9/19/23,2024-03-05,2024_NC_Governor_REP,0
2024,NC,Governor,,REP,Dale Folwell,folwell d,4.0,Opinion Diagnostics,902.0,lv,6/7/23,2024-03-05,2024_NC_Governor_REP,0
2024,NC,Governor,,REP,Mark Robinson,robinson m,44.0,Opinion Diagnostics,902.0,lv,6/7/23,2024-03-05,2024_NC_Governor_REP,1
2024,NC,Governor,,REP,Mark Walker,walker m,7.000000000000001,Opinion Diagnostics,902.0,lv,6/7/23,2024-03-05,2024_NC_Governor_REP,0
2024,NC,Governor,,REP,Dale Folwell,folwell d,4.0,SurveyUSA,707.0,lv,4/29/23,2024-03-05,2024_NC_Governor_REP,0
2024,NC,Governor,,REP,Mark Robinson,robinson m,43.0,SurveyUSA,707.0,lv,4/29/23,2024-03-05,2024_NC_Governor_REP,1
2024,NC,Governor,,REP,Steve Troxler,troxler s,9.0,SurveyUSA,707.0,lv,4/29/23,2024-03-05,2024_NC_Governor_REP,0
2024,NC,Governor,,REP,Mark Walker,walker m,8.0,SurveyUSA,707.0,lv,4/29/23,2024-03-05,2024_NC_Governor_REP,0
2024,NC,Governor,,REP,Dale Folwell,folwell d,6.0,Differentiators,500.0,lv,12/12/22,2024-03-05,2024_NC_Governor_REP,0
2024,NC,Governor,,REP,Mark Robinson,robinson m,60.0,Differentiators,500.0,lv,12/12/22,2024-03-05,2024_NC_Governor_REP,1
2024,NC,Governor,,REP,Dale Folwell,folwell d,4.0,Public Policy Polling,606.0,rv,10/8/22,2024-03-05,2024_NC_Governor_REP,0
2024,NC,Governor,,REP,Mark Robinson,robinson m,54.0,Public Policy Polling,606.0,rv,10/8/22,2024-03-05,2024_NC_Governor_REP,1
2024,NC,Governor,,REP,Thom Tillis,tillis t,20.0,Public Policy Polling,606.0,rv,10/8/22,2024-03-05,2024_NC_Governor_REP,0
2024,NC,Governor,,DEM,Josh Stein,stein j,39.0,Cygnal,600.0,lv,3/7/24,2024-03-05,2024_NC_Governor_DEM,1
2024,NC,Governor,,REP,Mark Robinson,robinson m,44.0,Cygnal,600.0,lv,3/7/24,2024-03-05,2024_NC_Governor_REP,1
2024,NC,Governor,,DEM,Josh Stein,stein j,40.0,East Carolina University,915.0,rv,12/1/23,2024-03-05,2024_NC_Governor_DEM,1
2024,NC,Governor,,DEM,Josh Stein,stein j,38.0,Change Research,914.0,lv,9/5/23,2024-03-05,2024_NC_Governor_DEM,1
2024,NC,Governor,,REP,Mark Robinson,robinson m,42.0,Change Research,914.0,lv,9/5/23,2024-03-05,2024_NC_Governor_REP,1
2024,NC,Governor,,DEM,Josh Stein,stein j,38.0,Opinion Diagnostics,902.0,lv,6/7/23,2024-03-05,2024_NC_Governor_DEM,1
2024,NC,Governor,,DEM,Josh Stein,stein j,41.0,Cygnal,610.0,lv,5/23/23,2024-03-05,2024_NC_Governor_DEM,1
2024,NC,Governor,,REP,Mark Robinson,robinson m,42.0,Cygnal,610.0,lv,5/23/23,2024-03-05,2024_NC_Governor_REP,1
2024,NC,Governor,,DEM,Josh Stein,stein j,43.0,Change Research,802.0,lv,5/8/23,2024-03-05,2024_NC_Governor_DEM,1
2024,NC,Governor,,REP,Mark Robinson,robinson m,46.0,Change Research,802.0,lv,5/8/23,2024-03-05,2024_NC_Governor_REP,1
2024,NC,Governor,,DEM,Josh Stein,stein j,42.0,Public Policy Polling,704.0,rv,3/3/23,2024-03-05,2024_NC_Governor_DEM,1
2024,NC,Governor,,REP,Mark Robinson,robinson m,44.0,Public Policy Polling,704.0,rv,3/3/23,2024-03-05,2024_NC_Governor_REP,1
2024,NC,Governor,,DEM,Josh Stein,stein j,42.0,Differentiator Data,500.0,lv,1/12/23,2024-03-05,2024_NC_Governor_DEM,1
2024,NC,Governor,,REP,Mark Robinson,robinson m,42.0,Differentiator Data,500.0,lv,1/12/23,2024-03-05,2024_NC_Governor_REP,1
2024,NC,Governor,,DEM,Josh Stein,stein j,42.0,Meeting Street Insights,500.0,lv,5/16/22,2024-03-05,2024_NC_Governor_DEM,1
2024,NC,Governor,,REP,Mark Robinson,robinson m,48.0,Meeting Street Insights,500.0,lv,5/16/22,2024-03-05,2024_NC_Governor_REP,1
2024,NC,Governor,,REP,Dale Folwell,folwell d,34.0,Cygnal,610.0,lv,5/23/23,2024-03-05,2024_NC_Governor_REP,0
2024,NC,Governor,,REP,Mark Walker,walker m,37.0,Cygnal,610.0,lv,5/23/23,2024-03-05,2024_NC_Governor_REP,0
2024,ND,Governor,,REP,Kelly Armstrong,armstrong k,56.99999999999999,WPA Intelligence,500.0,lv,5/22/24,2024-06-11,2024_ND_Governor_REP,1
2024,ND,Governor,,REP,Tammy Miller,miller t,19.0,WPA Intelligence,500.0,lv,5/22/24,2024-06-11,2024_ND_Governor_REP,0
2024,ND,Governor,,REP,Kelly Armstrong,armstrong k,56.00000000000001,DFM Research,400.0,lv,5/8/24,2024-06-11,2024_ND_Governor_REP,1
2024,ND,Governor,,REP,Tammy Miller,miller t,18.0,DFM Research,400.0,lv,5/8/24,2024-06-11,2024_ND_Governor_REP,0
2024,NH,Governor,,REP,Kelly Ayotte,ayotte k,65.0,University of New Hampshire,915.0,lv,8/19/24,2024-09-10,2024_NH_Governor_REP,1
2024,NH,Governor,,REP,Chuck Morse,morse c,21.0,University of New Hampshire,915.0,lv,8/19/24,2024-09-10,2024_NH_Governor_REP,0
2024,NH,Governor,,REP,Kelly Ayotte,ayotte k,59.0,Saint Anselm College,657.0,lv,8/14/24,2024-09-10,2024_NH_Governor_REP,1
2024,NH,Governor,,REP,Chuck Morse,morse c,25.0,Saint Anselm College,657.0,lv,8/14/24,2024-09-10,2024_NH_Governor_REP,0
2024,NH,Governor,,REP,Kelly Ayotte,ayotte k,41.0,Emerson College,421.0,rv,7/28/24,2024-09-10,2024_NH_Governor_REP,1
2024,NH,Governor,,REP,Chuck Morse,morse c,26.0,Emerson College,421.0,rv,7/28/24,2024-09-10,2024_NH_Governor_REP,0
2024,NH,Governor,,REP,Kelly Ayotte,ayotte k,50.0,Praecones Analytica,420.0,rv,5/20/24,2024-09-10,2024_NH_Governor_REP,1
2024,NH,Governor,,REP,Chuck Morse,morse c,28.000000000000004,Praecones Analytica,420.0,rv,5/20/24,2024-09-10,2024_NH_Governor_REP,0
2024,NH,Governor,,REP,Kelly Ayotte,ayotte k,54.0,UMass Lowell,600.0,lv,1/16/24,2024-09-10,2024_NH_Governor_REP,1
2024,NH,Governor,,REP,Chuck Morse,morse c,22.0,UMass Lowell,600.0,lv,1/16/24,2024-09-10,2024_NH_Governor_REP,0
2024,NH,Governor,,REP,Kelly Ayotte,ayotte k,45.0,Emerson College,498.0,rv,8/11/23,2024-09-10,2024_NH_Governor_REP,1
2024,NH,Governor,,REP,Robert Burns,burns r,3.0,Emerson College,498.0,rv,8/11/23,2024-09-10,2024_NH_Governor_REP,0
2024,NH,Governor,,REP,Frank Edelblut,edelblut f,4.0,Emerson College,498.0,rv,8/11/23,2024-09-10,2024_NH_Governor_REP,0
2024,NH,Governor,,REP,Chuck Morse,morse c,9.0,Emerson College,498.0,rv,8/11/23,2024-09-10,2024_NH_Governor_REP,0
2024,NH,Governor,,REP,Kelly Ayotte,ayotte k,69.0,co/efficient,904.0,lv,6/16/23,2024-09-10,2024_NH_Governor_REP,1
2024,NH,Governor,,REP,Frank Edelblut,edelblut f,9.0,co/efficient,904.0,lv,6/16/23,2024-09-10,2024_NH_Governor_REP,0
2024,NH,Governor,,REP,Chuck Morse,morse c,22.0,co/efficient,904.0,lv,6/16/23,2024-09-10,2024_NH_Governor_REP,0
2024,NH,Governor,,DEM,Joyce Craig,craig j,39.0,University of New Hampshire,809.0,lv,8/19/24,2024-09-10,2024_NH_Governor_DEM,1
2024,NH,Governor,,DEM,Cinde Warmington,warmington c,30.0,University of New Hampshire,809.0,lv,8/19/24,2024-09-10,2024_NH_Governor_DEM,0
2024,NH,Governor,,DEM,Joyce Craig,craig j,37.0,Saint Anselm College,670.0,lv,8/14/24,2024-09-10,2024_NH_Governor_DEM,1
2024,NH,Governor,,DEM,Cinde Warmington,warmington c,28.000000000000004,Saint Anselm College,670.0,lv,8/14/24,2024-09-10,2024_NH_Governor_DEM,0
2024,NH,Governor,,DEM,Joyce Craig,craig j,33.0,Emerson College,433.0,rv,7/28/24,2024-09-10,2024_NH_Governor_DEM,1
2024,NH,Governor,,DEM,Cinde Warmington,warmington c,21.0,Emerson College,433.0,rv,7/28/24,2024-09-10,2024_NH_Governor_DEM,0
2024,NH,Governor,,DEM,Joyce Craig,craig j,37.0,GBAO,600.0,lv,2/26/24,2024-09-10,2024_NH_Governor_DEM,1
2024,NH,Governor,,DEM,Cinde Warmington,warmington c,25.0,GBAO,600.0,lv,2/26/24,2024-09-10,2024_NH_Governor_DEM,0
2024,NH,Governor,,DEM,Joyce Craig,craig j,30.0,Emerson College,837.0,rv,8/11/23,2024-09-10,2024_NH_Governor_DEM,1
2024,NH,Governor,,DEM,Cinde Warmington,warmington c,15.0,Emerson College,837.0,rv,8/11/23,2024-09-10,2024_NH_Governor_DEM,0
2024,NH,Governor,,REP,Kelly Ayotte,ayotte k,46.0,Saint Anselm College,2241.0,lv,9/12/24,2024-09-10,2024_NH_Governor_REP,1
2024,NH,Governor,,DEM,Joyce Craig,craig j,43.0,Saint Anselm College,2241.0,lv,9/12/24,2024-09-10,2024_NH_Governor_DEM,1
2024,NH,Governor,,REP,Kelly Ayotte,ayotte k,43.0,Emerson College,917.0,rv,11/13/23,2024-09-10,2024_NH_Governor_REP,1
2024,NH,Governor,,DEM,Joyce Craig,craig j,40.0,Emerson College,917.0,rv,11/13/23,2024-09-10,2024_NH_Governor_DEM,1
2024,NH,Governor,,DEM,Cinde Warmington,warmington c,37.0,Emerson College,917.0,rv,11/13/23,2024-09-10,2024_NH_Governor_DEM,0
2024,UT,Governor,,REP,Spencer Cox,cox s,55.00000000000001,Noble Predictive Insights,432.0,lv,6/21/24,2024-06-25,2024_UT_Governor_REP,1
2024,UT,Governor,,REP,Phil Lyman,lyman p,42.0,Noble Predictive Insights,432.0,lv,6/21/24,2024-06-25,2024_UT_Governor_REP,0
2024,UT,Governor,,REP,Spencer Cox,cox s,62.0,HarrisX,477.0,rv,6/7/24,2024-06-25,2024_UT_Governor_REP,1
2024,UT,Governor,,REP,Phil Lyman,lyman p,25.0,HarrisX,477.0,rv,6/7/24,2024-06-25,2024_UT_Governor_REP,0
2024,UT,Governor,,REP,Spencer Cox,cox s,51.0,Noble Predictive Insights,283.0,rv,4/16/24,2024-06-25,2024_UT_Governor_REP,1
2024,UT,Governor,,REP,Phil Lyman,lyman p,4.0,Noble Predictive Insights,283.0,rv,4/16/24,2024-06-25,2024_UT_Governor_REP,0
2024,UT,Governor,,REP,Spencer Cox,cox s,50.0,Dan Jones & Associates,428.0,rv,1/21/24,2024-06-25,2024_UT_Governor_REP,1
2024,UT,Governor,,REP,Phil Lyman,lyman p,3.0,Dan Jones & Associates,428.0,rv,1/21/24,2024-06-25,2024_UT_Governor_REP,0
2024,WV,Governor,,REP,Moore Capito,capito m,28.999999999999996,Emerson College,558.0,lv,5/5/24,2024-05-14,2024_WV_Governor_REP,0
2024,WV,Governor,,REP,Chris Miller,miller c,21.0,Emerson College,558.0,lv,5/5/24,2024-05-14,2024_WV_Governor_REP,0
2024,WV,Governor,,REP,Patrick Morrisey,morrisey p,33.0,Emerson College,558.0,lv,5/5/24,2024-05-14,2024_WV_Governor_REP,1
2024,WV,Governor,,REP,Mac Warner,warner m,15.0,Emerson College,558.0,lv,5/5/24,2024-05-14,2024_WV_Governor_REP,0
2024,WV,Governor,,REP,Moore Capito,capito m,24.0,Research America,407.0,lv,5/1/24,2024-05-14,2024_WV_Governor_REP,0
2024,WV,Governor,,REP,Chris Miller,miller c,25.0,Research America,407.0,lv,5/1/24,2024-05-14,2024_WV_Governor_REP,0
2024,WV,Governor,,REP,Patrick Morrisey,morrisey p,32.0,Research America,407.0,lv,5/1/24,2024-05-14,2024_WV_Governor_REP,1
2024,WV,Governor,,REP,Mac Warner,warner m,10.0,Research America,407.0,lv,5/1/24,2024-05-14,2024_WV_Governor_REP,0
2024,WV,Governor,,REP,Moore Capito,capito m,31.0,NMB Research,500.0,lv,4/22/24,2024-05-14,2024_WV_Governor_REP,0
2024,WV,Governor,,REP,Chris Miller,miller c,14.000000000000002,NMB Research,500.0,lv,4/22/24,2024-05-14,2024_WV_Governor_REP,0
2024,WV,Governor,,REP,Patrick Morrisey,morrisey p,23.0,NMB Research,500.0,lv,4/22/24,2024-05-14,2024_WV_Governor_REP,1
2024,WV,Governor,,REP,Mac Warner,warner m,13.0,NMB Research,500.0,lv,4/22/24,2024-05-14,2024_WV_Governor_REP,0
2024,WV,Governor,,REP,Moore Capito,capito m,28.999999999999996,Research America,400.0,lv,4/9/24,2024-05-14,2024_WV_Governor_REP,0
2024,WV,Governor,,REP,Chris Miller,miller c,16.0,Research America,400.0,lv,4/9/24,2024-05-14,2024_WV_Governor_REP,0
2024,WV,Governor,,REP,Patrick Morrisey,morrisey p,31.0,Research America,400.0,lv,4/9/24,2024-05-14,2024_WV_Governor_REP,1
2024,WV,Governor,,REP,Mac Warner,warner m,12.0,Research America,400.0,lv,4/9/24,2024-05-14,2024_WV_Governor_REP,0
2024,WV,Governor,,REP,Moore Capito,capito m,20.0,WPA Intelligence,501.0,lv,4/3/24,2024-05-14,2024_WV_Governor_REP,0
2024,WV,Governor,,REP,Chris Miller,miller c,19.0,WPA Intelligence,501.0,lv,4/3/24,2024-05-14,2024_WV_Governor_REP,0
2024,WV,Governor,,REP,Patrick Morrisey,morrisey p,37.0,WPA Intelligence,501.0,lv,4/3/24,2024-05-14,2024_WV_Governor_REP,1
2024,WV,Governor,,REP,Mac Warner,warner m,14.000000000000002,WPA Intelligence,501.0,lv,4/3/24,2024-05-14,2024_WV_Governor_REP,0
2024,WV,Governor,,REP,Moore Capito,capito m,14.000000000000002,Emerson College,735.0,lv,3/21/24,2024-05-14,2024_WV_Governor_REP,0
2024,WV,Governor,,REP,Chris Miller,miller c,16.0,Emerson College,735.0,lv,3/21/24,2024-05-14,2024_WV_Governor_REP,0
2024,WV,Governor,,REP,Patrick Morrisey,morrisey p,33.0,Emerson College,735.0,lv,3/21/24,2024-05-14,2024_WV_Governor_REP,1
2024,WV,Governor,,REP,Mac Warner,warner m,6.0,Emerson College,735.0,lv,3/21/24,2024-05-14,2024_WV_Governor_REP,0
2024,WV,Governor,,REP,Moore Capito,capito m,23.0,WPA Intelligence,507.0,lv,11/29/23,2024-05-14,2024_WV_Governor_REP,0
2024,WV,Governor,,REP,Chris Miller,miller c,10.0,WPA Intelligence,507.0,lv,11/29/23,2024-05-14,2024_WV_Governor_REP,0
2024,WV,Governor,,REP,Patrick Morrisey,morrisey p,39.0,WPA Intelligence,507.0,lv,11/29/23,2024-05-14,2024_WV_Governor_REP,1
2024,WV,Governor,,REP,Mac Warner,warner m,14.000000000000002,WPA Intelligence,507.0,lv,11/29/23,2024-05-14,2024_WV_Governor_REP,0
2024,WV,Governor,,REP,Moore Capito,capito m,23.0,American Pulse Research & Polling,414.0,lv,11/14/23,2024-05-14,2024_WV_Governor_REP,0
2024,WV,Governor,,REP,Chris Miller,miller c,10.0,American Pulse Research & Polling,414.0,lv,11/14/23,2024-05-14,2024_WV_Governor_REP,0
2024,WV,Governor,,REP,Patrick Morrisey,morrisey p,31.0,American Pulse Research & Polling,414.0,lv,11/14/23,2024-05-14,2024_WV_Governor_REP,1
2024,WV,Governor,,REP,Mac Warner,warner m,14.000000000000002,American Pulse Research & Polling,414.0,lv,11/14/23,2024-05-14,2024_WV_Governor_REP,0
2024,WV,Governor,,REP,Moore Capito,capito m,18.0,CAMP,863.0,lv,11/12/23,2024-05-14,2024_WV_Governor_REP,0
2024,WV,Governor,,REP,Chris Miller,miller c,11.0,CAMP,863.0,lv,11/12/23,2024-05-14,2024_WV_Governor_REP,0
2024,WV,Governor,,REP,Patrick Morrisey,morrisey p,24.0,CAMP,863.0,lv,11/12/23,2024-05-14,2024_WV_Governor_REP,1
2024,WV,Governor,,REP,Mac Warner,warner m,21.0,CAMP,863.0,lv,11/12/23,2024-05-14,2024_WV_Governor_REP,0
2024,WV,Governor,,REP,Moore Capito,capito m,18.0,i360,811.0,lv,10/4/23,2024-05-14,2024_WV_Governor_REP,0
2024,WV,Governor,,REP,Chris Miller,miller c,6.0,i360,811.0,lv,10/4/23,2024-05-14,2024_WV_Governor_REP,0
2024,WV,Governor,,REP,Patrick Morrisey,morrisey p,28.999999999999996,i360,811.0,lv,10/4/23,2024-05-14,2024_WV_Governor_REP,1
2024,WV,Governor,,REP,Mac Warner,warner m,8.0,i360,811.0,lv,10/4/23,2024-05-14,2024_WV_Governor_REP,0
2024,WV,Governor,,REP,Moore Capito,capito m,32.0,West Virginia MetroNews,402.0,rv,8/26/23,2024-05-14,2024_WV_Governor_REP,0
2024,WV,Governor,,REP,Chris Miller,miller c,9.0,West Virginia MetroNews,402.0,rv,8/26/23,2024-05-14,2024_WV_Governor_REP,0
2024,WV,Governor,,REP,Patrick Morrisey,morrisey p,27.0,West Virginia MetroNews,402.0,rv,8/26/23,2024-05-14,2024_WV_Governor_REP,1
2024,WV,Governor,,REP,Mac Warner,warner m,6.0,West Virginia MetroNews,402.0,rv,8/26/23,2024-05-14,2024_WV_Governor_REP,0
2024,WV,Governor,,REP,Moore Capito,capito m,30.0,Orion Strategies,651.0,lv,6/20/23,2024-05-14,2024_WV_Governor_REP,0
2024,WV,Governor,,REP,Chris Miller,miller c,5.0,Orion Strategies,651.0,lv,6/20/23,2024-05-14,2024_WV_Governor_REP,0
2024,WV,Governor,,REP,Patrick Morrisey,morrisey p,31.0,Orion Strategies,651.0,lv,6/20/23,2024-05-14,2024_WV_Governor_REP,1
2024,WV,Governor,,REP,Mac Warner,warner m,9.0,Orion Strategies,651.0,lv,6/20/23,2024-05-14,2024_WV_Governor_REP,0
2024,WV,Governor,,REP,Moore Capito,capito m,15.0,National Research Inc.,600.0,lv,2/28/23,2024-05-14,2024_WV_Governor_REP,0
2024,WV,Governor,,REP,Chris Miller,miller c,6.0,National Research Inc.,600.0,lv,2/28/23,2024-05-14,2024_WV_Governor_REP,0
2024,WV,Governor,,REP,Patrick Morrisey,morrisey p,28.000000000000004,National Research Inc.,600.0,lv,2/28/23,2024-05-14,2024_WV_Governor_REP,1
2024,WV,Governor,,REP,Mac Warner,warner m,11.0,National Research Inc.,600.0,lv,2/28/23,2024-05-14,2024_WV_Governor_REP,0
2024,AZ,Senate,,DEM,Ruben Gallego,gallego r,48.0,Emerson College,571.0,lv,8/4/23,2024-07-30,2024_AZ_Senate_DEM,1
2024,AZ,Senate,,DEM,Alexander Keller,keller a,6.0,Emerson College,571.0,lv,8/4/23,2024-07-30,2024_AZ_Senate_DEM,0
2024,AZ,Senate,,DEM,Ruben Gallego,gallego r,74.0,Data for Progress,673.0,lv,1/24/22,2024-07-30,2024_AZ_Senate_DEM,1
2024,AZ,Senate,,DEM,Kyrsten Sinema,sinema k,16.0,Data for Progress,673.0,lv,1/24/22,2024-07-30,2024_AZ_Senate_DEM,0
2024,AZ,Senate,,DEM,Ruben Gallego,gallego r,47.0,Noble Predictive Insights,229.0,rv,11/8/21,2024-07-30,2024_AZ_Senate_DEM,1
2024,AZ,Senate,,DEM,Kyrsten Sinema,sinema k,24.0,Noble Predictive Insights,229.0,rv,11/8/21,2024-07-30,2024_AZ_Senate_DEM,0
2024,AZ,Senate,,DEM,Kate Gallego,gallego k,9.0,Data for Progress,467.0,lv,10/10/21,2024-07-30,2024_AZ_Senate_DEM,0
2024,AZ,Senate,,DEM,Ruben Gallego,gallego r,23.0,Data for Progress,467.0,lv,10/10/21,2024-07-30,2024_AZ_Senate_DEM,1
2024,AZ,Senate,,DEM,Regina Romero,romero r,9.0,Data for Progress,467.0,lv,10/10/21,2024-07-30,2024_AZ_Senate_DEM,0
2024,AZ,Senate,,DEM,Kyrsten Sinema,sinema k,19.0,Data for Progress,467.0,lv,10/10/21,2024-07-30,2024_AZ_Senate_DEM,0
2024,AZ,Senate,,DEM,Greg Stanton,stanton g,13.0,Data for Progress,467.0,lv,10/10/21,2024-07-30,2024_AZ_Senate_DEM,0
2024,AZ,Senate,,REP,Kari Lake,lake k,49.0,Noble Predictive Insights,438.0,lv,7/23/24,2024-07-30,2024_AZ_Senate_REP,1
2024,AZ,Senate,,REP,Mark Lamb,lamb m,38.0,Noble Predictive Insights,438.0,lv,7/23/24,2024-07-30,2024_AZ_Senate_REP,0
2024,AZ,Senate,,REP,Kari Lake,lake k,46.0,Noble Predictive Insights,364.0,rv,5/14/24,2024-07-30,2024_AZ_Senate_REP,1
2024,AZ,Senate,,REP,Mark Lamb,lamb m,21.0,Noble Predictive Insights,364.0,rv,5/14/24,2024-07-30,2024_AZ_Senate_REP,0
2024,AZ,Senate,,REP,Kari Lake,lake k,55.00000000000001,Rasmussen Reports,469.0,lv,2/26/24,2024-07-30,2024_AZ_Senate_REP,1
2024,AZ,Senate,,REP,Mark Lamb,lamb m,26.0,Rasmussen Reports,469.0,lv,2/26/24,2024-07-30,2024_AZ_Senate_REP,0
2024,AZ,Senate,,REP,Kari Lake,lake k,54.0,Noble Predictive Insights,384.0,rv,2/13/24,2024-07-30,2024_AZ_Senate_REP,1
2024,AZ,Senate,,REP,Mark Lamb,lamb m,21.0,Noble Predictive Insights,384.0,rv,2/13/24,2024-07-30,2024_AZ_Senate_REP,0
2024,AZ,Senate,,REP,Kari Lake,lake k,40.0,Noble Predictive Insights,1010.0,rv,10/31/23,2024-07-30,2024_AZ_Senate_REP,1
2024,AZ,Senate,,REP,Mark Lamb,lamb m,14.000000000000002,Noble Predictive Insights,1010.0,rv,10/31/23,2024-07-30,2024_AZ_Senate_REP,0
2024,AZ,Senate,,REP,Blake Masters,masters b,10.0,Noble Predictive Insights,1010.0,rv,10/31/23,2024-07-30,2024_AZ_Senate_REP,0
2024,AZ,Senate,,REP,Brian Wright,wright b,4.0,Noble Predictive Insights,1010.0,rv,10/31/23,2024-07-30,2024_AZ_Senate_REP,0
2024,AZ,Senate,,REP,Kari Lake,lake k,42.0,Emerson College,667.0,lv,8/4/23,2024-07-30,2024_AZ_Senate_REP,1
2024,AZ,Senate,,REP,Mark Lamb,lamb m,11.0,Emerson College,667.0,lv,8/4/23,2024-07-30,2024_AZ_Senate_REP,0
2024,AZ,Senate,,REP,Jim Lamon,lamon j,2.0,Emerson College,667.0,lv,8/4/23,2024-07-30,2024_AZ_Senate_REP,0
2024,AZ,Senate,,REP,Blake Masters,masters b,7.000000000000001,Emerson College,667.0,lv,8/4/23,2024-07-30,2024_AZ_Senate_REP,0
2024,AZ,Senate,,REP,Brian Wright,wright b,2.0,Emerson College,667.0,lv,8/4/23,2024-07-30,2024_AZ_Senate_REP,0
2024,AZ,Senate,,REP,Abe Hamadeh,hamadeh a,4.0,J.L. Partners,550.0,lv,4/12/23,2024-07-30,2024_AZ_Senate_REP,0
2024,AZ,Senate,,REP,Kari Lake,lake k,38.0,J.L. Partners,550.0,lv,4/12/23,2024-07-30,2024_AZ_Senate_REP,1
2024,AZ,Senate,,REP,Mark Lamb,lamb m,8.0,J.L. Partners,550.0,lv,4/12/23,2024-07-30,2024_AZ_Senate_REP,0
2024,AZ,Senate,,REP,Jim Lamon,lamon j,3.0,J.L. Partners,550.0,lv,4/12/23,2024-07-30,2024_AZ_Senate_REP,0
2024,AZ,Senate,,REP,Blake Masters,masters b,7.000000000000001,J.L. Partners,550.0,lv,4/12/23,2024-07-30,2024_AZ_Senate_REP,0
2024,AZ,Senate,,REP,Karrin Taylor Robson,robson k,10.0,J.L. Partners,550.0,lv,4/12/23,2024-07-30,2024_AZ_Senate_REP,0
2024,AZ,Senate,,DEM,Ruben Gallego,gallego r,48.0,WPA Intelligence,600.0,lv,8/13/14,2024-07-30,2024_AZ_Senate_DEM,1
2024,AZ,Senate,,REP,Kari Lake,lake k,46.0,WPA Intelligence,600.0,lv,8/13/14,2024-07-30,2024_AZ_Senate_REP,1
2024,AZ,Senate,,DEM,Ruben Gallego,gallego r,46.0,Emerson College,800.0,rv,7/23/24,2024-07-30,2024_AZ_Senate_DEM,1
2024,AZ,Senate,,REP,Kari Lake,lake k,42.0,Emerson College,800.0,rv,7/23/24,2024-07-30,2024_AZ_Senate_REP,1
2024,AZ,Senate,,DEM,Ruben Gallego,gallego r,49.0,Public Policy Polling,736.0,rv,7/20/24,2024-07-30,2024_AZ_Senate_DEM,1
2024,AZ,Senate,,REP,Kari Lake,lake k,42.0,Public Policy Polling,736.0,rv,7/20/24,2024-07-30,2024_AZ_Senate_REP,1
2024,AZ,Senate,,DEM,Ruben Gallego,gallego r,44.0,Rasmussen Reports,1101.0,lv,7/12/24,2024-07-30,2024_AZ_Senate_DEM,1
2024,AZ,Senate,,REP,Kari Lake,lake k,41.0,Rasmussen Reports,1101.0,lv,7/12/24,2024-07-30,2024_AZ_Senate_REP,1
2024,AZ,Senate,,DEM,Ruben Gallego,gallego r,50.0,Public Policy Polling,596.0,rv,7/11/24,2024-07-30,2024_AZ_Senate_DEM,1
2024,AZ,Senate,,REP,Kari Lake,lake k,47.0,Public Policy Polling,596.0,rv,7/11/24,2024-07-30,2024_AZ_Senate_REP,1
2024,AZ,Senate,,DEM,Ruben Gallego,gallego r,43.0,J.L. Partners,513.0,lv,7/11/24,2024-07-30,2024_AZ_Senate_DEM,1
2024,AZ,Senate,,REP,Kari Lake,lake k,44.0,J.L. Partners,513.0,lv,7/11/24,2024-07-30,2024_AZ_Senate_REP,1
2024,AZ,Senate,,DEM,Ruben Gallego,gallego r,48.0,YouGov,900.0,rv,7/12/24,2024-07-30,2024_AZ_Senate_DEM,1
2024,AZ,Senate,,REP,Kari Lake,lake k,41.0,YouGov,900.0,rv,7/12/24,2024-07-30,2024_AZ_Senate_REP,1
2024,AZ,Senate,,DEM,Ruben Gallego,gallego r,49.0,Expedition Strategies,268.0,lv,7/8/24,2024-07-30,2024_AZ_Senate_DEM,1
2024,AZ,Senate,,REP,Kari Lake,lake k,45.0,Expedition Strategies,268.0,lv,7/8/24,2024-07-30,2024_AZ_Senate_REP,1
2024,AZ,Senate,,DEM,Ruben Gallego,gallego r,47.0,Remington Research Group,638.0,lv,7/1/24,2024-07-30,2024_AZ_Senate_DEM,1
2024,AZ,Senate,,REP,Kari Lake,lake k,47.0,Remington Research Group,638.0,lv,7/1/24,2024-07-30,2024_AZ_Senate_REP,1
2024,AZ,Senate,,DEM,Ruben Gallego,gallego r,39.0,North Star Opinion Research,600.0,lv,6/20/24,2024-07-30,2024_AZ_Senate_DEM,1
2024,AZ,Senate,,REP,Kari Lake,lake k,38.0,North Star Opinion Research,600.0,lv,6/20/24,2024-07-30,2024_AZ_Senate_REP,1
2024,AZ,Senate,,DEM,Ruben Gallego,gallego r,45.0,Emerson College,1000.0,rv,6/18/24,2024-07-30,2024_AZ_Senate_DEM,1
2024,AZ,Senate,,REP,Kari Lake,lake k,41.0,Emerson College,1000.0,rv,6/18/24,2024-07-30,2024_AZ_Senate_REP,1
2024,AZ,Senate,,DEM,Ruben Gallego,gallego r,44.0,Rasmussen Reports,750.0,rv,6/13/24,2024-07-30,2024_AZ_Senate_DEM,1
2024,AZ,Senate,,REP,Kari Lake,lake k,41.0,Rasmussen Reports,750.0,rv,6/13/24,2024-07-30,2024_AZ_Senate_REP,1
2024,AZ,Senate,,DEM,Ruben Gallego,gallego r,48.0,Fabrizio Ward (R)/ Impact Research,600.0,lv,6/4/24,2024-07-30,2024_AZ_Senate_DEM,1
2024,AZ,Senate,,REP,Kari Lake,lake k,45.0,Fabrizio Ward (R)/ Impact Research,600.0,lv,6/4/24,2024-07-30,2024_AZ_Senate_REP,1
2024,AZ,Senate,,DEM,Ruben Gallego,gallego r,44.0,Mainstreet Research / FAU,609.0,rv,5/21/24,2024-07-30,2024_AZ_Senate_DEM,1
2024,AZ,Senate,,REP,Kari Lake,lake k,38.0,Mainstreet Research / FAU,609.0,rv,5/21/24,2024-07-30,2024_AZ_Senate_REP,1
2024,AZ,Senate,,DEM,Ruben Gallego,gallego r,49.0,CBS News / YouGov,1214.0,rv,5/16/24,2024-07-30,2024_AZ_Senate_DEM,1
2024,AZ,Senate,,REP,Kari Lake,lake k,36.0,CBS News / YouGov,1214.0,rv,5/16/24,2024-07-30,2024_AZ_Senate_REP,1
2024,AZ,Senate,,DEM,Ruben Gallego,gallego r,46.0,Noble Predictive Insights,1003.0,rv,5/14/24,2024-07-30,2024_AZ_Senate_DEM,1
2024,AZ,Senate,,DEM,Ruben Gallego,gallego r,46.0,BSG (R)/ GS Strategy Group,527.0,lv,5/13/24,2024-07-30,2024_AZ_Senate_DEM,1
2024,AZ,Senate,,REP,Kari Lake,lake k,41.0,BSG (R)/ GS Strategy Group,527.0,lv,5/13/24,2024-07-30,2024_AZ_Senate_REP,1
2024,AZ,Senate,,DEM,Ruben Gallego,gallego r,45.0,New York Times / Siena College,626.0,rv,5/9/24,2024-07-30,2024_AZ_Senate_DEM,1
2024,AZ,Senate,,REP,Kari Lake,lake k,41.0,New York Times / Siena College,626.0,rv,5/9/24,2024-07-30,2024_AZ_Senate_REP,1
2024,AZ,Senate,,DEM,Ruben Gallego,gallego r,48.0,Data Orbital,550.0,lv,4/29/24,2024-07-30,2024_AZ_Senate_DEM,1
2024,AZ,Senate,,REP,Kari Lake,lake k,44.0,Data Orbital,550.0,lv,4/29/24,2024-07-30,2024_AZ_Senate_REP,1
2024,AZ,Senate,,DEM,Ruben Gallego,gallego r,45.0,Emerson College,1000.0,rv,4/29/24,2024-07-30,2024_AZ_Senate_DEM,1
2024,AZ,Senate,,REP,Kari Lake,lake k,43.0,Emerson College,1000.0,rv,4/29/24,2024-07-30,2024_AZ_Senate_REP,1
2024,AZ,Senate,,DEM,Ruben Gallego,gallego r,36.0,RABA Research,503.0,rv,3/31/24,2024-07-30,2024_AZ_Senate_DEM,1
2024,AZ,Senate,,REP,Kari Lake,lake k,28.000000000000004,RABA Research,503.0,rv,3/31/24,2024-07-30,2024_AZ_Senate_REP,1
2024,AZ,Senate,,DEM,Ruben Gallego,gallego r,44.0,Emerson College,1000.0,rv,3/15/24,2024-07-30,2024_AZ_Senate_DEM,1
2024,AZ,Senate,,REP,Kari Lake,lake k,40.0,Emerson College,1000.0,rv,3/15/24,2024-07-30,2024_AZ_Senate_REP,1
2024,AZ,Senate,,DEM,Ruben Gallego,gallego r,42.0,Rasmussen Reports,1000.0,lv,2/26/24,2024-07-30,2024_AZ_Senate_DEM,1
2024,AZ,Senate,,DEM,Ruben Gallego,gallego r,46.0,Emerson College,1000.0,rv,2/19/24,2024-07-30,2024_AZ_Senate_DEM,1
2024,AZ,Senate,,REP,Kari Lake,lake k,39.0,Emerson College,1000.0,rv,2/19/24,2024-07-30,2024_AZ_Senate_REP,1
2024,AZ,Senate,,DEM,Ruben Gallego,gallego r,47.0,Noble Predictive Insights,1002.0,rv,2/13/24,2024-07-30,2024_AZ_Senate_DEM,1
2024,AZ,Senate,,DEM,Ruben Gallego,gallego r,44.0,J.L. Partners,500.0,rv,2/1/24,2024-07-30,2024_AZ_Senate_DEM,1
2024,AZ,Senate,,REP,Kari Lake,lake k,46.0,J.L. Partners,500.0,rv,2/1/24,2024-07-30,2024_AZ_Senate_REP,1
2024,AZ,Senate,,DEM,Ruben Gallego,gallego r,45.0,Public Policy Polling,590.0,v,1/6/24,2024-07-30,2024_AZ_Senate_DEM,1
2024,AZ,Senate,,REP,Kari Lake,lake k,46.0,Public Policy Polling,590.0,v,1/6/24,2024-07-30,2024_AZ_Senate_REP,1
2024,AZ,Senate,,DEM,Ruben Gallego,gallego r,46.0,Cygnal,600.0,lv,10/25/23,2024-07-30,2024_AZ_Senate_DEM,1
2024,AZ,Senate,,REP,Kari Lake,lake k,43.0,Cygnal,600.0,lv,10/25/23,2024-07-30,2024_AZ_Senate_REP,1
2024,AZ,Senate,,DEM,Ruben Gallego,gallego r,49.0,McLaughlin & Associates,,,10/24/23,2024-07-30,2024_AZ_Senate_DEM,1
2024,AZ,Senate,,REP,Kari Lake,lake k,44.0,McLaughlin & Associates,,,10/24/23,2024-07-30,2024_AZ_Senate_REP,1
2024,AZ,Senate,,DEM,Ruben Gallego,gallego r,44.0,National Research Inc.,400.0,lv,10/9/23,2024-07-30,2024_AZ_Senate_DEM,1
2024,AZ,Senate,,REP,Kari Lake,lake k,44.0,National Research Inc.,400.0,lv,10/9/23,2024-07-30,2024_AZ_Senate_REP,1
2024,AZ,Senate,,DEM,Ruben Gallego,gallego r,48.0,Public Policy Polling,522.0,v,10/7/23,2024-07-30,2024_AZ_Senate_DEM,1
2024,AZ,Senate,,REP,Kari Lake,lake k,43.0,Public Policy Polling,522.0,v,10/7/23,2024-07-30,2024_AZ_Senate_REP,1
2024,AZ,Senate,,DEM,Ruben Gallego,gallego r,45.0,Noble Predictive Insights,1000.0,rv,7/17/23,2024-07-30,2024_AZ_Senate_DEM,1
2024,AZ,Senate,,REP,Kari Lake,lake k,35.0,Noble Predictive Insights,1000.0,rv,7/17/23,2024-07-30,2024_AZ_Senate_REP,1
2024,AZ,Senate,,DEM,Ruben Gallego,gallego r,43.0,Noble Predictive Insights,1000.0,rv,2/9/23,2024-07-30,2024_AZ_Senate_DEM,1
2024,AZ,Senate,,REP,Kari Lake,lake k,33.0,Noble Predictive Insights,1000.0,rv,2/9/23,2024-07-30,2024_AZ_Senate_REP,1
2024,AZ,Senate,,DEM,Ruben Gallego,gallego r,50.0,Normington Petts,800.0,lv,1/23/23,2024-07-30,2024_AZ_Senate_DEM,1
2024,AZ,Senate,,REP,Kari Lake,lake k,45.0,Normington Petts,800.0,lv,1/23/23,2024-07-30,2024_AZ_Senate_REP,1
2024,AZ,Senate,,DEM,Ruben Gallego,gallego r,48.0,Public Policy Polling,650.0,v,12/21/22,2024-07-30,2024_AZ_Senate_DEM,1
2024,AZ,Senate,,REP,Kari Lake,lake k,47.0,Public Policy Polling,650.0,v,12/21/22,2024-07-30,2024_AZ_Senate_REP,1
2024,AZ,Senate,,DEM,Ruben Gallego,gallego r,35.0,VCreek/AMG,694.0,lv,12/8/23,2024-07-30,2024_AZ_Senate_DEM,1
2024,AZ,Senate,,REP,Kari Lake,lake k,41.0,VCreek/AMG,694.0,lv,12/8/23,2024-07-30,2024_AZ_Senate_REP,1
2024,AZ,Senate,,DEM,Ruben Gallego,gallego r,39.0,Tulchin Research,800.0,lv,11/20/23,2024-07-30,2024_AZ_Senate_DEM,1
2024,AZ,Senate,,REP,Kari Lake,lake k,34.0,Tulchin Research,800.0,lv,11/20/23,2024-07-30,2024_AZ_Senate_REP,1
2024,AZ,Senate,,DEM,Ruben Gallego,gallego r,39.0,Noble Predictive Insights,1010.0,rv,10/31/23,2024-07-30,2024_AZ_Senate_DEM,1
2024,AZ,Senate,,DEM,Ruben Gallego,gallego r,42.0,Public Policy Polling,559.0,v,4/19/23,2024-07-30,2024_AZ_Senate_DEM,1
2024,AZ,Senate,,REP,Kari Lake,lake k,35.0,Public Policy Polling,559.0,v,4/19/23,2024-07-30,2024_AZ_Senate_REP,1
2024,AZ,Senate,,DEM,Ruben Gallego,gallego r,32.0,Blueprint Polling,618.0,v,1/8/23,2024-07-30,2024_AZ_Senate_DEM,1
2024,AZ,Senate,,REP,Kari Lake,lake k,36.0,Blueprint Polling,618.0,v,1/8/23,2024-07-30,2024_AZ_Senate_REP,1
2024,AZ,Senate,,DEM,Ruben Gallego,gallego r,41.0,The Bullfinch Group,600.0,rv,4/3/24,2024-07-30,2024_AZ_Senate_DEM,1
2024,AZ,Senate,,REP,Kari Lake,lake k,41.0,The Bullfinch Group,600.0,rv,4/3/24,2024-07-30,2024_AZ_Senate_REP,1
2024,AZ,Senate,,REP,Doug Ducey,ducey d,34.0,Noble Predictive Insights,1000.0,rv,2/9/23,2024-07-30,2024_AZ_Senate_REP,0
2024,AZ,Senate,,REP,Doug Ducey,ducey d,31.0,Normington Petts,800.0,lv,1/23/23,2024-07-30,2024_AZ_Senate_REP,0
2024,AZ,Senate,,REP,Blake Masters,masters b,31.0,Public Policy Polling,522.0,v,10/7/23,2024-07-30,2024_AZ_Senate_REP,0
2024,AZ,Senate,,REP,Blake Masters,masters b,36.0,Noble Predictive Insights,1000.0,rv,7/17/23,2024-07-30,2024_AZ_Senate_REP,0
2024,AZ,Senate,,REP,Blake Masters,masters b,32.0,Noble Predictive Insights,1000.0,rv,2/9/23,2024-07-30,2024_AZ_Senate_REP,0
2024,AZ,Senate,,REP,Karrin Taylor Robson,robson k,32.0,Noble Predictive Insights,1000.0,rv,2/9/23,2024-07-30,2024_AZ_Senate_REP,0
2024,AZ,Senate,,REP,Mark Lamb,lamb m,31.0,Public Policy Polling,522.0,v,10/7/23,2024-07-30,2024_AZ_Senate_REP,0
2024,AZ,Senate,,REP,Mark Lamb,lamb m,36.0,Noble Predictive Insights,1000.0,rv,7/17/23,2024-07-30,2024_AZ_Senate_REP,0
2024,AZ,Senate,,REP,Mark Lamb,lamb m,33.0,Public Policy Polling,559.0,v,4/19/23,2024-07-30,2024_AZ_Senate_REP,0
2024,AZ,Senate,,REP,Jim Lamon,lamon j,27.0,Public Policy Polling,559.0,v,4/19/23,2024-07-30,2024_AZ_Senate_REP,0
2024,DE,Senate,,DEM,Lisa Blunt Rochester,rochester l,43.0,Slingshot Strategies,600.0,rv,10/14/23,2024-09-10,2024_DE_Senate_DEM,1
2024,DE,Senate,,DEM,John Carney,carney j,33.0,Slingshot Strategies,600.0,rv,10/14/23,2024-09-10,2024_DE_Senate_DEM,0
2024,FL,Senate,,DEM,Alan Grayson,grayson a,12.0,Mainstreet Research / FAU,346.0,rv,6/9/24,2024-08-20,2024_FL_Senate_DEM,0
2024,FL,Senate,,DEM,Debbie Mucarsel- Powell,mucarselpowell d,43.0,Mainstreet Research / FAU,346.0,rv,6/9/24,2024-08-20,2024_FL_Senate_DEM,1
2024,FL,Senate,,DEM,Debbie Mucarsel- Powell,mucarselpowell d,45.0,Public Policy Polling,837.0,rv,8/22/24,2024-08-20,2024_FL_Senate_DEM,1
2024,FL,Senate,,DEM,Debbie Mucarsel- Powell,mucarselpowell d,43.0,Mainstreet Research / FAU,1055.0,rv,8/11/24,2024-08-20,2024_FL_Senate_DEM,1
2024,FL,Senate,,DEM,Debbie Mucarsel- Powell,mucarselpowell d,42.0,McLaughlin & Associates,800.0,lv,8/8/24,2024-08-20,2024_FL_Senate_DEM,1
2024,FL,Senate,,DEM,Debbie Mucarsel- Powell,mucarselpowell d,43.0,University of North Florida,774.0,lv,7/27/24,2024-08-20,2024_FL_Senate_DEM,1
2024,FL,Senate,,DEM,Debbie Mucarsel- Powell,mucarselpowell d,41.0,Targoz Market Research,1200.0,rv,7/24/24,2024-08-20,2024_FL_Senate_DEM,1
2024,FL,Senate,,DEM,Debbie Mucarsel- Powell,mucarselpowell d,33.0,The Tyson Group,1050.0,lv,6/9/24,2024-08-20,2024_FL_Senate_DEM,1
2024,FL,Senate,,DEM,Debbie Mucarsel- Powell,mucarselpowell d,37.0,CBS News / YouGov,1209.0,rv,5/16/24,2024-08-20,2024_FL_Senate_DEM,1
2024,FL,Senate,,DEM,Debbie Mucarsel- Powell,mucarselpowell d,39.0,Cherry Communications,609.0,rv,5/7/24,2024-08-20,2024_FL_Senate_DEM,1
2024,FL,Senate,,DEM,Debbie Mucarsel- Powell,mucarselpowell d,35.0,Mainstreet Research / FAU,865.0,rv,4/17/24,2024-08-20,2024_FL_Senate_DEM,1
2024,FL,Senate,,DEM,Debbie Mucarsel- Powell,mucarselpowell d,26.0,USA Today / Ipsos,1014.0,a,4/7/24,2024-08-20,2024_FL_Senate_DEM,1
2024,FL,Senate,,DEM,Debbie Mucarsel- Powell,mucarselpowell d,38.0,Emerson College,608.0,lv,4/7/24,2024-08-20,2024_FL_Senate_DEM,1
2024,FL,Senate,,DEM,Debbie Mucarsel- Powell,mucarselpowell d,41.0,Public Policy Polling,790.0,v,3/1/24,2024-08-20,2024_FL_Senate_DEM,1
2024,FL,Senate,,DEM,Debbie Mucarsel- Powell,mucarselpowell d,44.0,Global Strategy Group,1000.0,lv,7/10/23,2024-08-20,2024_FL_Senate_DEM,1
2024,FL,Senate,,DEM,Phil Ehr,ehr p,41.0,Change Research,1298.0,lv,6/29/23,2024-08-20,2024_FL_Senate_DEM,0
2024,IN,Senate,,REP,Jim Banks,banks j,14.000000000000002,Bellwether Research,1000.0,lv,12/17/22,2024-05-07,2024_IN_Senate_REP,1
2024,IN,Senate,,REP,Trey Hollingsworth,hollingsworth t,11.0,Bellwether Research,1000.0,lv,12/17/22,2024-05-07,2024_IN_Senate_REP,0
2024,IN,Senate,,REP,Todd Rokita,rokita t,16.0,Bellwether Research,1000.0,lv,12/17/22,2024-05-07,2024_IN_Senate_REP,0
2024,IN,Senate,,REP,Victoria Spartz,spartz v,12.0,Bellwether Research,1000.0,lv,12/17/22,2024-05-07,2024_IN_Senate_REP,0
2024,IN,Senate,,REP,Jim Banks,banks j,14.000000000000002,Response:AI,503.0,rv,12/16/22,2024-05-07,2024_IN_Senate_REP,1
2024,IN,Senate,,REP,Mitch Daniels,daniels m,35.0,Response:AI,503.0,rv,12/16/22,2024-05-07,2024_IN_Senate_REP,0
2024,IN,Senate,,REP,Trey Hollingsworth,hollingsworth t,6.0,Response:AI,503.0,rv,12/16/22,2024-05-07,2024_IN_Senate_REP,0
2024,IN,Senate,,REP,Victoria Spartz,spartz v,14.000000000000002,Response:AI,503.0,rv,12/16/22,2024-05-07,2024_IN_Senate_REP,0
2024,MA,Senate,,REP,Robert Antonellis,antonellis r,19.0,YouGov,292.0,a,5/30/24,2024-09-03,2024_MA_Senate_REP,0
2024,MA,Senate,,REP,Ian Cain,cain i,5.0,YouGov,292.0,a,5/30/24,2024-09-03,2024_MA_Senate_REP,0
2024,MA,Senate,,REP,John Deaton,deaton j,15.0,YouGov,292.0,a,5/30/24,2024-09-03,2024_MA_Senate_REP,1
2024,MA,Senate,,REP,Robert Antonellis,antonellis r,4.0,Suffolk University,99.0,lv,4/20/24,2024-09-03,2024_MA_Senate_REP,0
2024,MA,Senate,,REP,Ian Cain,cain i,2.0,Suffolk University,99.0,lv,4/20/24,2024-09-03,2024_MA_Senate_REP,0
2024,MA,Senate,,REP,John Deaton,deaton j,4.0,Suffolk University,99.0,lv,4/20/24,2024-09-03,2024_MA_Senate_REP,1
2024,MA,Senate,,REP,John Deaton,deaton j,24.0,YouGov,700.0,a,5/30/23,2024-09-03,2024_MA_Senate_REP,1
2024,MA,Senate,,REP,Robert Antonellis,antonellis r,23.0,YouGov,700.0,a,5/30/23,2024-09-03,2024_MA_Senate_REP,0
2024,MA,Senate,,REP,Charlie Baker,baker c,49.0,Fiscal Alliance Foundation,750.0,lv,5/7/23,2024-09-03,2024_MA_Senate_REP,0
2024,MA,Senate,,REP,Ian Cain,cain i,24.0,YouGov,700.0,a,5/30/23,2024-09-03,2024_MA_Senate_REP,0
2024,MA,Senate,,REP,Johnathan Kraft,kraft j,33.0,Suffolk University,1000.0,lv,2/5/23,2024-09-03,2024_MA_Senate_REP,0
2024,MA,Senate,,REP,Aaron Packard,packard a,23.0,YouGov,700.0,a,5/30/23,2024-09-03,2024_MA_Senate_REP,0
2024,MA,Senate,,REP,Karyn Polito,polito k,28.999999999999996,Fiscal Alliance Foundation,750.0,lv,7/22/23,2024-09-03,2024_MA_Senate_REP,0
2024,MD,Senate,,DEM,Angela Alsobrooks,alsobrooks a,39.0,Concord Public Opinion Partners,460.0,rv,5/9/24,2024-05-14,2024_MD_Senate_DEM,1
2024,MD,Senate,,DEM,David Trone,trone d,34.0,Concord Public Opinion Partners,460.0,rv,5/9/24,2024-05-14,2024_MD_Senate_DEM,0
2024,MD,Senate,,DEM,Angela Alsobrooks,alsobrooks a,47.0,Emerson College,462.0,rv,5/8/24,2024-05-14,2024_MD_Senate_DEM,1
2024,MD,Senate,,DEM,David Trone,trone d,44.0,Emerson College,462.0,rv,5/8/24,2024-05-14,2024_MD_Senate_DEM,0
2024,MD,Senate,,DEM,Angela Alsobrooks,alsobrooks a,38.0,OpinionWorks,600.0,lv,4/10/24,2024-05-14,2024_MD_Senate_DEM,1
2024,MD,Senate,,DEM,David Trone,trone d,50.0,OpinionWorks,600.0,lv,4/10/24,2024-05-14,2024_MD_Senate_DEM,0
2024,MD,Senate,,DEM,Angela Alsobrooks,alsobrooks a,40.0,Garin-Hart-Yang Research Group,600.0,lv,4/10/24,2024-05-14,2024_MD_Senate_DEM,1
2024,MD,Senate,,DEM,David Trone,trone d,43.0,Garin-Hart-Yang Research Group,600.0,lv,4/10/24,2024-05-14,2024_MD_Senate_DEM,0
2024,MD,Senate,,DEM,Angela Alsobrooks,alsobrooks a,33.0,Goucher College,408.0,lv,3/24/24,2024-05-14,2024_MD_Senate_DEM,1
2024,MD,Senate,,DEM,David Trone,trone d,42.0,Goucher College,408.0,lv,3/24/24,2024-05-14,2024_MD_Senate_DEM,0
2024,MD,Senate,,DEM,Angela Alsobrooks,alsobrooks a,28.000000000000004,SurveyUSA,550.0,lv,3/18/24,2024-05-14,2024_MD_Senate_DEM,1
2024,MD,Senate,,DEM,David Trone,trone d,40.0,SurveyUSA,550.0,lv,3/18/24,2024-05-14,2024_MD_Senate_DEM,0
2024,MD,Senate,,DEM,Angela Alsobrooks,alsobrooks a,27.0,Braun Research,525.0,rv,3/12/24,2024-05-14,2024_MD_Senate_DEM,1
2024,MD,Senate,,DEM,David Trone,trone d,34.0,Braun Research,525.0,rv,3/12/24,2024-05-14,2024_MD_Senate_DEM,0
2024,MD,Senate,,DEM,Angela Alsobrooks,alsobrooks a,32.0,Hickman Analytics,1000.0,lv,2/18/24,2024-05-14,2024_MD_Senate_DEM,1
2024,MD,Senate,,DEM,David Trone,trone d,49.0,Hickman Analytics,1000.0,lv,2/18/24,2024-05-14,2024_MD_Senate_DEM,0
2024,MD,Senate,,DEM,Angela Alsobrooks,alsobrooks a,17.0,Emerson College,543.0,rv,2/13/24,2024-05-14,2024_MD_Senate_DEM,1
2024,MD,Senate,,DEM,David Trone,trone d,32.0,Emerson College,543.0,rv,2/13/24,2024-05-14,2024_MD_Senate_DEM,0
2024,MD,Senate,,DEM,Angela Alsobrooks,alsobrooks a,34.0,Hickman Analytics,1500.0,lv,1/24/24,2024-05-14,2024_MD_Senate_DEM,1
2024,MD,Senate,,DEM,David Trone,trone d,45.0,Hickman Analytics,1500.0,lv,1/24/24,2024-05-14,2024_MD_Senate_DEM,0
2024,MD,Senate,,DEM,Angela Alsobrooks,alsobrooks a,34.0,Hickman Analytics,1000.0,lv,11/30/23,2024-05-14,2024_MD_Senate_DEM,1
2024,MD,Senate,,DEM,David Trone,trone d,41.0,Hickman Analytics,1000.0,lv,11/30/23,2024-05-14,2024_MD_Senate_DEM,0
2024,MD,Senate,,DEM,Angela Alsobrooks,alsobrooks a,25.0,RMG Research,500.0,lv,11/17/23,2024-05-14,2024_MD_Senate_DEM,1
2024,MD,Senate,,DEM,David Trone,trone d,45.0,RMG Research,500.0,lv,11/17/23,2024-05-14,2024_MD_Senate_DEM,0
2024,MD,Senate,,DEM,Angela Alsobrooks,alsobrooks a,31.0,Victoria Research,813.0,lv,11/13/23,2024-05-14,2024_MD_Senate_DEM,1
2024,MD,Senate,,DEM,David Trone,trone d,36.0,Victoria Research,813.0,lv,11/13/23,2024-05-14,2024_MD_Senate_DEM,0
2024,MD,Senate,,REP,Chris Chaffee,chaffee c,2.0,Emerson College,248.0,rv,5/8/24,2024-05-14,2024_MD_Senate_REP,0
2024,MD,Senate,,REP,Robin Ficker,ficker r,18.0,Emerson College,248.0,rv,5/8/24,2024-05-14,2024_MD_Senate_REP,0
2024,MD,Senate,,REP,Larry Hogan,hogan l,56.00000000000001,Emerson College,248.0,rv,5/8/24,2024-05-14,2024_MD_Senate_REP,1
2024,MD,Senate,,REP,John Myrick,myrick j,2.0,Emerson College,248.0,rv,5/8/24,2024-05-14,2024_MD_Senate_REP,0
2024,MD,Senate,,REP,Chris Chaffee,chaffee c,2.0,OpinionWorks,451.0,lv,4/10/24,2024-05-14,2024_MD_Senate_REP,0
2024,MD,Senate,,REP,Robin Ficker,ficker r,9.0,OpinionWorks,451.0,lv,4/10/24,2024-05-14,2024_MD_Senate_REP,0
2024,MD,Senate,,REP,Larry Hogan,hogan l,69.0,OpinionWorks,451.0,lv,4/10/24,2024-05-14,2024_MD_Senate_REP,1
2024,MD,Senate,,REP,John Myrick,myrick j,3.0,OpinionWorks,451.0,lv,4/10/24,2024-05-14,2024_MD_Senate_REP,0
2024,MD,Senate,,REP,Chris Chaffee,chaffee c,4.0,SurveyUSA,300.0,lv,3/18/24,2024-05-14,2024_MD_Senate_REP,0
2024,MD,Senate,,REP,Robin Ficker,ficker r,9.0,SurveyUSA,300.0,lv,3/18/24,2024-05-14,2024_MD_Senate_REP,0
2024,MD,Senate,,REP,Larry Hogan,hogan l,55.00000000000001,SurveyUSA,300.0,lv,3/18/24,2024-05-14,2024_MD_Senate_REP,1
2024,MD,Senate,,REP,John Myrick,myrick j,1.0,SurveyUSA,300.0,lv,3/18/24,2024-05-14,2024_MD_Senate_REP,0
2024,MD,Senate,,REP,Chris Chaffee,chaffee c,2.0,Emerson College,246.0,rv,2/13/24,2024-05-14,2024_MD_Senate_REP,0
2024,MD,Senate,,REP,Robin Ficker,ficker r,6.0,Emerson College,246.0,rv,2/13/24,2024-05-14,2024_MD_Senate_REP,0
2024,MD,Senate,,REP,Larry Hogan,hogan l,43.0,Emerson College,246.0,rv,2/13/24,2024-05-14,2024_MD_Senate_REP,1
2024,MD,Senate,,REP,John Myrick,myrick j,2.0,Emerson College,246.0,rv,2/13/24,2024-05-14,2024_MD_Senate_REP,0
2024,MD,Senate,,DEM,Angela Alsobrooks,alsobrooks a,46.0,Public Policy Polling,719.0,rv,5/7/24,2024-05-14,2024_MD_Senate_DEM,1
2024,MD,Senate,,REP,Larry Hogan,hogan l,37.0,Public Policy Polling,719.0,rv,5/7/24,2024-05-14,2024_MD_Senate_REP,1
2024,MD,Senate,,REP,Larry Hogan,hogan l,44.0,Goucher College,800.0,rv,3/24/24,2024-05-14,2024_MD_Senate_REP,1
2024,MD,Senate,,REP,Larry Hogan,hogan l,50.0,Braun Research,1004.0,rv,3/12/24,2024-05-14,2024_MD_Senate_REP,1
2024,MD,Senate,,DEM,Angela Alsobrooks,alsobrooks a,28.999999999999996,Ragnar Research Partners,600.0,lv,2/1/24,2024-05-14,2024_MD_Senate_DEM,1
2024,MD,Senate,,REP,Larry Hogan,hogan l,52.0,Ragnar Research Partners,600.0,lv,2/1/24,2024-05-14,2024_MD_Senate_REP,1
2024,MD,Senate,,REP,Larry Hogan,hogan l,42.0,Victoria Research,813.0,lv,11/13/23,2024-05-14,2024_MD_Senate_REP,1
2024,MD,Senate,,DEM,David Trone,trone d,47.0,Public Policy Polling,719.0,rv,5/7/24,2024-05-14,2024_MD_Senate_DEM,0
2024,MD,Senate,,DEM,David Trone,trone d,33.0,Ragnar Research Partners,600.0,lv,2/1/24,2024-05-14,2024_MD_Senate_DEM,0
2024,MI,Senate,,DEM,Nasser Beydoun,beydoun n,1.0,Mitchell Research,268.0,lv,6/3/24,2024-08-06,2024_MI_Senate_DEM,0
2024,MI,Senate,,DEM,Hill Harper,harper h,8.0,Mitchell Research,268.0,lv,6/3/24,2024-08-06,2024_MI_Senate_DEM,0
2024,MI,Senate,,DEM,Elissa Slotkin,slotkin e,53.0,Mitchell Research,268.0,lv,6/3/24,2024-08-06,2024_MI_Senate_DEM,1
2024,MI,Senate,,DEM,Nasser Beydoun,beydoun n,3.0,Mitchell Research,260.0,lv,3/16/24,2024-08-06,2024_MI_Senate_DEM,0
2024,MI,Senate,,DEM,Hill Harper,harper h,11.0,Mitchell Research,260.0,lv,3/16/24,2024-08-06,2024_MI_Senate_DEM,0
2024,MI,Senate,,DEM,Elissa Slotkin,slotkin e,59.0,Mitchell Research,260.0,lv,3/16/24,2024-08-06,2024_MI_Senate_DEM,1
2024,MI,Senate,,DEM,Nasser Beydoun,beydoun n,0.0,Target Insyght,600.0,lv,1/10/24,2024-08-06,2024_MI_Senate_DEM,0
2024,MI,Senate,,DEM,Hill Harper,harper h,7.000000000000001,Target Insyght,600.0,lv,1/10/24,2024-08-06,2024_MI_Senate_DEM,0
2024,MI,Senate,,DEM,Leslie Love,love l,2.0,Target Insyght,600.0,lv,1/10/24,2024-08-06,2024_MI_Senate_DEM,0
2024,MI,Senate,,DEM,Elissa Slotkin,slotkin e,65.0,Target Insyght,600.0,lv,1/10/24,2024-08-06,2024_MI_Senate_DEM,1
2024,MI,Senate,,DEM,Nasser Beydoun,beydoun n,2.0,Public Policy Polling,549.0,lv,12/29/23,2024-08-06,2024_MI_Senate_DEM,0
2024,MI,Senate,,DEM,Hill Harper,harper h,12.0,Public Policy Polling,549.0,lv,12/29/23,2024-08-06,2024_MI_Senate_DEM,0
2024,MI,Senate,,DEM,Leslie Love,love l,3.0,Public Policy Polling,549.0,lv,12/29/23,2024-08-06,2024_MI_Senate_DEM,0
2024,MI,Senate,,DEM,Elissa Slotkin,slotkin e,50.0,Public Policy Polling,549.0,lv,12/29/23,2024-08-06,2024_MI_Senate_DEM,1
2024,MI,Senate,,DEM,Nasser Beydoun,beydoun n,2.0,Emerson College,551.0,rv,8/2/23,2024-08-06,2024_MI_Senate_DEM,0
2024,MI,Senate,,DEM,Hill Harper,harper h,8.0,Emerson College,551.0,rv,8/2/23,2024-08-06,2024_MI_Senate_DEM,0
2024,MI,Senate,,DEM,Leslie Love,love l,2.0,Emerson College,551.0,rv,8/2/23,2024-08-06,2024_MI_Senate_DEM,0
2024,MI,Senate,,DEM,Elissa Slotkin,slotkin e,34.0,Emerson College,551.0,rv,8/2/23,2024-08-06,2024_MI_Senate_DEM,1
2024,MI,Senate,,REP,Justin Amash,amash j,14.000000000000002,Tarrance Group,500.0,lv,7/10/24,2024-08-06,2024_MI_Senate_REP,0
2024,MI,Senate,,REP,Sherry O'Donnell,odonnell s,5.0,Tarrance Group,500.0,lv,7/10/24,2024-08-06,2024_MI_Senate_REP,0
2024,MI,Senate,,REP,Sandy Pensler,pensler s,14.000000000000002,Tarrance Group,500.0,lv,7/10/24,2024-08-06,2024_MI_Senate_REP,0
2024,MI,Senate,,REP,Mike Rogers,rogers m,52.0,Tarrance Group,500.0,lv,7/10/24,2024-08-06,2024_MI_Senate_REP,1
2024,MI,Senate,,REP,Justin Amash,amash j,8.0,Mitchell Research,266.0,lv,6/3/24,2024-08-06,2024_MI_Senate_REP,0
2024,MI,Senate,,REP,Sherry O'Donnell,odonnell s,0.0,Mitchell Research,266.0,lv,6/3/24,2024-08-06,2024_MI_Senate_REP,0
2024,MI,Senate,,REP,Sandy Pensler,pensler s,3.0,Mitchell Research,266.0,lv,6/3/24,2024-08-06,2024_MI_Senate_REP,0
2024,MI,Senate,,REP,Mike Rogers,rogers m,28.000000000000004,Mitchell Research,266.0,lv,6/3/24,2024-08-06,2024_MI_Senate_REP,1
2024,MI,Senate,,REP,Justin Amash,amash j,11.0,Public Policy Polling,486.0,lv,5/23/24,2024-08-06,2024_MI_Senate_REP,0
2024,MI,Senate,,REP,Sherry O'Donnell,odonnell s,3.0,Public Policy Polling,486.0,lv,5/23/24,2024-08-06,2024_MI_Senate_REP,0
2024,MI,Senate,,REP,Sandy Pensler,pensler s,12.0,Public Policy Polling,486.0,lv,5/23/24,2024-08-06,2024_MI_Senate_REP,0
2024,MI,Senate,,REP,Mike Rogers,rogers m,30.0,Public Policy Polling,486.0,lv,5/23/24,2024-08-06,2024_MI_Senate_REP,1
2024,MI,Senate,,REP,Justin Amash,amash j,8.0,Emerson College,545.0,lv,5/1/24,2024-08-06,2024_MI_Senate_REP,0
2024,MI,Senate,,REP,Sherry O'Donnell,odonnell s,2.0,Emerson College,545.0,lv,5/1/24,2024-08-06,2024_MI_Senate_REP,0
2024,MI,Senate,,REP,Sandy Pensler,pensler s,3.0,Emerson College,545.0,lv,5/1/24,2024-08-06,2024_MI_Senate_REP,0
2024,MI,Senate,,REP,Mike Rogers,rogers m,32.0,Emerson College,545.0,lv,5/1/24,2024-08-06,2024_MI_Senate_REP,1
2024,MI,Senate,,REP,Justin Amash,amash j,6.0,Mitchell Research,288.0,lv,3/16/24,2024-08-06,2024_MI_Senate_REP,0
2024,MI,Senate,,REP,Peter Meijer,meijer p,7.000000000000001,Mitchell Research,288.0,lv,3/16/24,2024-08-06,2024_MI_Senate_REP,0
2024,MI,Senate,,REP,Sandy Pensler,pensler s,1.0,Mitchell Research,288.0,lv,3/16/24,2024-08-06,2024_MI_Senate_REP,0
2024,MI,Senate,,REP,Mike Rogers,rogers m,27.0,Mitchell Research,288.0,lv,3/16/24,2024-08-06,2024_MI_Senate_REP,1
2024,MI,Senate,,REP,Peter Meijer,meijer p,7.000000000000001,Market Resource Group,600.0,lv,2/22/24,2024-08-06,2024_MI_Senate_REP,0
2024,MI,Senate,,REP,Sandy Pensler,pensler s,2.0,Market Resource Group,600.0,lv,2/22/24,2024-08-06,2024_MI_Senate_REP,0
2024,MI,Senate,,REP,Mike Rogers,rogers m,23.0,Market Resource Group,600.0,lv,2/22/24,2024-08-06,2024_MI_Senate_REP,1
2024,MI,Senate,,REP,James Craig,craig j,33.0,Target Insyght,600.0,lv,1/10/24,2024-08-06,2024_MI_Senate_REP,0
2024,MI,Senate,,REP,Peter Meijer,meijer p,11.0,Target Insyght,600.0,lv,1/10/24,2024-08-06,2024_MI_Senate_REP,0
2024,MI,Senate,,REP,Sherry O'Donnell,odonnell s,1.0,Target Insyght,600.0,lv,1/10/24,2024-08-06,2024_MI_Senate_REP,0
2024,MI,Senate,,REP,Sandy Pensler,pensler s,2.0,Target Insyght,600.0,lv,1/10/24,2024-08-06,2024_MI_Senate_REP,0
2024,MI,Senate,,REP,Mike Rogers,rogers m,20.0,Target Insyght,600.0,lv,1/10/24,2024-08-06,2024_MI_Senate_REP,1
2024,MI,Senate,,REP,James Craig,craig j,30.0,Public Policy Polling,430.0,lv,10/10/23,2024-08-06,2024_MI_Senate_REP,0
2024,MI,Senate,,REP,Mike Rogers,rogers m,19.0,Public Policy Polling,430.0,lv,10/10/23,2024-08-06,2024_MI_Senate_REP,1
2024,MI,Senate,,REP,Peter Meijer,meijer p,9.0,Emerson College,477.0,rv,8/2/23,2024-08-06,2024_MI_Senate_REP,0
2024,MI,Senate,,REP,Mike Rogers,rogers m,12.0,Emerson College,477.0,rv,8/2/23,2024-08-06,2024_MI_Senate_REP,1
2024,MI,Senate,,DEM,Elissa Slotkin,slotkin e,42.0,New York Times / Siena College,619.0,rv,8/8/24,2024-08-06,2024_MI_Senate_DEM,1
2024,MI,Senate,,REP,Mike Rogers,rogers m,41.0,New York Times / Siena College,619.0,rv,8/8/24,2024-08-06,2024_MI_Senate_REP,1
2024,MI,Senate,,DEM,Elissa Slotkin,slotkin e,50.0,BSG (R)/ GS Strategy Group,406.0,lv,8/2/24,2024-08-06,2024_MI_Senate_DEM,1
2024,MI,Senate,,REP,Mike Rogers,rogers m,42.0,BSG (R)/ GS Strategy Group,406.0,lv,8/2/24,2024-08-06,2024_MI_Senate_REP,1
2024,MI,Senate,,DEM,Elissa Slotkin,slotkin e,46.0,Glengariff Group,600.0,lv,7/24/24,2024-08-06,2024_MI_Senate_DEM,1
2024,MI,Senate,,REP,Mike Rogers,rogers m,41.0,Glengariff Group,600.0,lv,7/24/24,2024-08-06,2024_MI_Senate_REP,1
2024,MI,Senate,,DEM,Elissa Slotkin,slotkin e,51.0,Fox News,1012.0,rv,7/24/24,2024-08-06,2024_MI_Senate_DEM,1
2024,MI,Senate,,REP,Mike Rogers,rogers m,46.0,Fox News,1012.0,rv,7/24/24,2024-08-06,2024_MI_Senate_REP,1
2024,MI,Senate,,DEM,Elissa Slotkin,slotkin e,45.0,Emerson College,800.0,rv,7/23/24,2024-08-06,2024_MI_Senate_DEM,1
2024,MI,Senate,,REP,Mike Rogers,rogers m,41.0,Emerson College,800.0,rv,7/23/24,2024-08-06,2024_MI_Senate_REP,1
2024,MI,Senate,,DEM,Elissa Slotkin,slotkin e,46.0,Public Policy Polling,650.0,rv,7/18/24,2024-08-06,2024_MI_Senate_DEM,1
2024,MI,Senate,,REP,Mike Rogers,rogers m,38.0,Public Policy Polling,650.0,rv,7/18/24,2024-08-06,2024_MI_Senate_REP,1
2024,MI,Senate,,DEM,Elissa Slotkin,slotkin e,43.0,EPIC-MRA,600.0,rv,7/17/24,2024-08-06,2024_MI_Senate_DEM,1
2024,MI,Senate,,REP,Mike Rogers,rogers m,40.0,EPIC-MRA,600.0,rv,7/17/24,2024-08-06,2024_MI_Senate_REP,1
2024,MI,Senate,,DEM,Elissa Slotkin,slotkin e,45.0,Public Policy Polling,568.0,rv,7/12/24,2024-08-06,2024_MI_Senate_DEM,1
2024,MI,Senate,,REP,Mike Rogers,rogers m,35.0,Public Policy Polling,568.0,rv,7/12/24,2024-08-06,2024_MI_Senate_REP,1
2024,MI,Senate,,DEM,Elissa Slotkin,slotkin e,48.0,YouGov,1000.0,rv,7/12/24,2024-08-06,2024_MI_Senate_DEM,1
2024,MI,Senate,,REP,Mike Rogers,rogers m,39.0,YouGov,1000.0,rv,7/12/24,2024-08-06,2024_MI_Senate_REP,1
2024,MI,Senate,,DEM,Elissa Slotkin,slotkin e,46.0,Expedition Strategies,275.0,lv,7/8/24,2024-08-06,2024_MI_Senate_DEM,1
2024,MI,Senate,,REP,Mike Rogers,rogers m,40.0,Expedition Strategies,275.0,lv,7/8/24,2024-08-06,2024_MI_Senate_REP,1
2024,MI,Senate,,DEM,Elissa Slotkin,slotkin e,47.0,Remington Research Group,584.0,lv,7/1/24,2024-08-06,2024_MI_Senate_DEM,1
2024,MI,Senate,,REP,Mike Rogers,rogers m,43.0,Remington Research Group,584.0,lv,7/1/24,2024-08-06,2024_MI_Senate_REP,1
2024,MI,Senate,,DEM,Elissa Slotkin,slotkin e,44.0,EPIC-MRA,600.0,lv,6/26/24,2024-08-06,2024_MI_Senate_DEM,1
2024,MI,Senate,,REP,Mike Rogers,rogers m,42.0,EPIC-MRA,600.0,lv,6/26/24,2024-08-06,2024_MI_Senate_REP,1
2024,MI,Senate,,DEM,Elissa Slotkin,slotkin e,43.0,Emerson College,1000.0,rv,6/18/24,2024-08-06,2024_MI_Senate_DEM,1
2024,MI,Senate,,REP,Mike Rogers,rogers m,39.0,Emerson College,1000.0,rv,6/18/24,2024-08-06,2024_MI_Senate_REP,1
2024,MI,Senate,,DEM,Elissa Slotkin,slotkin e,41.0,Mainstreet Research / FAU,723.0,rv,5/31/24,2024-08-06,2024_MI_Senate_DEM,1
2024,MI,Senate,,REP,Mike Rogers,rogers m,41.0,Mainstreet Research / FAU,723.0,rv,5/31/24,2024-08-06,2024_MI_Senate_REP,1
2024,MI,Senate,,DEM,Elissa Slotkin,slotkin e,40.0,Mitchell Research,697.0,lv,5/21/24,2024-08-06,2024_MI_Senate_DEM,1
2024,MI,Senate,,REP,Mike Rogers,rogers m,36.0,Mitchell Research,697.0,lv,5/21/24,2024-08-06,2024_MI_Senate_REP,1
2024,MI,Senate,,DEM,Elissa Slotkin,slotkin e,43.0,KAConsulting,600.0,rv,5/19/24,2024-08-06,2024_MI_Senate_DEM,1
2024,MI,Senate,,REP,Mike Rogers,rogers m,37.0,KAConsulting,600.0,rv,5/19/24,2024-08-06,2024_MI_Senate_REP,1
2024,MI,Senate,,DEM,Elissa Slotkin,slotkin e,40.0,Glengariff Group,600.0,rv,4/25/24,2024-08-06,2024_MI_Senate_DEM,1
2024,MI,Senate,,REP,Mike Rogers,rogers m,37.0,Glengariff Group,600.0,rv,4/25/24,2024-08-06,2024_MI_Senate_REP,1
2024,MI,Senate,,DEM,Elissa Slotkin,slotkin e,42.0,Emerson College,1000.0,rv,4/29/24,2024-08-06,2024_MI_Senate_DEM,1
2024,MI,Senate,,REP,Mike Rogers,rogers m,40.0,Emerson College,1000.0,rv,4/29/24,2024-08-06,2024_MI_Senate_REP,1
2024,MI,Senate,,DEM,Elissa Slotkin,slotkin e,41.0,Emerson College,1000.0,rv,3/18/24,2024-08-06,2024_MI_Senate_DEM,1
2024,MI,Senate,,REP,Mike Rogers,rogers m,39.0,Emerson College,1000.0,rv,3/18/24,2024-08-06,2024_MI_Senate_REP,1
2024,MI,Senate,,DEM,Elissa Slotkin,slotkin e,39.0,EPIC-MRA,600.0,lv,2/18/24,2024-08-06,2024_MI_Senate_DEM,1
2024,MI,Senate,,REP,Mike Rogers,rogers m,38.0,EPIC-MRA,600.0,lv,2/18/24,2024-08-06,2024_MI_Senate_REP,1
2024,MI,Senate,,DEM,Elissa Slotkin,slotkin e,38.0,Glengariff Group,600.0,lv,1/6/24,2024-08-06,2024_MI_Senate_DEM,1
2024,MI,Senate,,REP,Mike Rogers,rogers m,37.0,Glengariff Group,600.0,lv,1/6/24,2024-08-06,2024_MI_Senate_REP,1
2024,MI,Senate,,DEM,Elissa Slotkin,slotkin e,39.0,EPIC-MRA,600.0,lv,11/16/23,2024-08-06,2024_MI_Senate_DEM,1
2024,MI,Senate,,REP,Mike Rogers,rogers m,37.0,EPIC-MRA,600.0,lv,11/16/23,2024-08-06,2024_MI_Senate_REP,1
2024,MI,Senate,,DEM,Elissa Slotkin,slotkin e,42.0,EPIC-MRA,600.0,lv,8/11/23,2024-08-06,2024_MI_Senate_DEM,1
2024,MI,Senate,,REP,Mike Rogers,rogers m,37.0,EPIC-MRA,600.0,lv,8/11/23,2024-08-06,2024_MI_Senate_REP,1
2024,MI,Senate,,DEM,Elissa Slotkin,slotkin e,44.0,Mitchell Research,639.0,lv,7/13/23,2024-08-06,2024_MI_Senate_DEM,1
2024,MI,Senate,,REP,Mike Rogers,rogers m,38.0,Mitchell Research,639.0,lv,7/13/23,2024-08-06,2024_MI_Senate_REP,1
2024,MI,Senate,,DEM,Nasser Beydoun,beydoun n,36.0,Glengariff Group,600.0,rv,4/25/24,2024-08-06,2024_MI_Senate_DEM,0
2024,MI,Senate,,DEM,Hill Harper,harper h,36.0,Glengariff Group,600.0,rv,4/25/24,2024-08-06,2024_MI_Senate_DEM,0
2024,MI,Senate,,REP,Justin Amash,amash j,34.0,Glengariff Group,600.0,rv,4/25/24,2024-08-06,2024_MI_Senate_REP,0
2024,MI,Senate,,REP,Justin Amash,amash j,35.0,Emerson College,1000.0,rv,3/18/24,2024-08-06,2024_MI_Senate_REP,0
2024,MI,Senate,,REP,James Craig,craig j,38.0,Glengariff Group,600.0,lv,1/6/24,2024-08-06,2024_MI_Senate_REP,0
2024,MI,Senate,,REP,James Craig,craig j,38.0,EPIC-MRA,600.0,lv,11/16/23,2024-08-06,2024_MI_Senate_REP,0
2024,MI,Senate,,REP,James Craig,craig j,38.0,Emerson College,1121.0,lv,8/2/23,2024-08-06,2024_MI_Senate_REP,0
2024,MI,Senate,,DEM,Elissa Slotkin,slotkin e,40.0,EPIC-MRA,600.0,lv,6/14/23,2024-08-06,2024_MI_Senate_DEM,1
2024,MI,Senate,,REP,James Craig,craig j,39.0,EPIC-MRA,600.0,lv,6/14/23,2024-08-06,2024_MI_Senate_REP,0
2024,MI,Senate,,REP,Peter Meijer,meijer p,34.0,Glengariff Group,600.0,rv,4/25/24,2024-08-06,2024_MI_Senate_REP,0
2024,MI,Senate,,REP,Peter Meijer,meijer p,34.0,Emerson College,1000.0,rv,3/18/24,2024-08-06,2024_MI_Senate_REP,0
2024,MI,Senate,,REP,Peter Meijer,meijer p,36.0,Glengariff Group,600.0,lv,1/6/24,2024-08-06,2024_MI_Senate_REP,0
2024,MI,Senate,,REP,Peter Meijer,meijer p,28.000000000000004,Mitchell Research,639.0,lv,7/13/23,2024-08-06,2024_MI_Senate_REP,0
2024,MI,Senate,,REP,Sandy Pensler,pensler s,34.0,Glengariff Group,600.0,rv,4/25/24,2024-08-06,2024_MI_Senate_REP,0
2024,MI,Senate,,REP,Sandy Pensler,pensler s,37.0,Emerson College,1000.0,rv,3/18/24,2024-08-06,2024_MI_Senate_REP,0
2024,MI,Senate,,REP,Nikki Snyder,snyder n,36.0,Emerson College,1121.0,lv,8/2/23,2024-08-06,2024_MI_Senate_REP,0
2024,MI,Senate,,REP,John Tuttle,tuttle j,35.0,Emerson College,1121.0,lv,8/2/23,2024-08-06,2024_MI_Senate_REP,0
2024,MO,Senate,,DEM,Mita Biswas,biswas m,1.0,Remington Research Group,600.0,lv,7/11/24,2024-08-06,2024_MO_Senate_DEM,0
2024,MO,Senate,,DEM,December Harmon,harmon d,4.0,Remington Research Group,600.0,lv,7/11/24,2024-08-06,2024_MO_Senate_DEM,0
2024,MO,Senate,,DEM,Lucas Kunce,kunce l,39.0,Remington Research Group,600.0,lv,7/11/24,2024-08-06,2024_MO_Senate_DEM,1
2024,MO,Senate,,DEM,Karla May,may k,10.0,Remington Research Group,600.0,lv,7/11/24,2024-08-06,2024_MO_Senate_DEM,0
2024,MO,Senate,,DEM,Wesley Bell,bell w,24.0,Remington Research Group,661.0,lv,7/13/23,2024-08-06,2024_MO_Senate_DEM,0
2024,MO,Senate,,DEM,Lucas Kunce,kunce l,31.0,Remington Research Group,661.0,lv,7/13/23,2024-08-06,2024_MO_Senate_DEM,1
2024,MO,Senate,,DEM,Karla May,may k,10.0,Remington Research Group,661.0,lv,7/13/23,2024-08-06,2024_MO_Senate_DEM,0
2024,MO,Senate,,DEM,Lucas Kunce,kunce l,38.0,Emerson College,1000.0,rv,6/19/24,2024-08-06,2024_MO_Senate_DEM,1
2024,MO,Senate,,DEM,Lucas Kunce,kunce l,39.0,Remington Research Group,713.0,lv,3/8/24,2024-08-06,2024_MO_Senate_DEM,1
2024,MO,Senate,,DEM,Lucas Kunce,kunce l,30.0,Emerson College,1830.0,rv,1/28/24,2024-08-06,2024_MO_Senate_DEM,1
2024,MO,Senate,,DEM,Lucas Kunce,kunce l,42.0,Show Me Victories,407.0,rv,10/31/23,2024-08-06,2024_MO_Senate_DEM,1
2024,MO,Senate,,DEM,Lucas Kunce,kunce l,32.0,Emerson College,491.0,rv,10/4/23,2024-08-06,2024_MO_Senate_DEM,1
2024,MO,Senate,,DEM,Lucas Kunce,kunce l,43.0,GQR Research,863.0,lv,8/19/23,2024-08-06,2024_MO_Senate_DEM,1
2024,MO,Senate,,DEM,Wesley Bell,bell w,34.0,Emerson College,491.0,rv,10/4/23,2024-08-06,2024_MO_Senate_DEM,0
2024,MT,Senate,,REP,Matt Rosendale,rosendale m,24.0,co/efficient,888.0,lv,11/14/23,2024-06-04,2024_MT_Senate_REP,0
2024,MT,Senate,,REP,Tim Sheehy,sheehy t,40.0,co/efficient,888.0,lv,11/14/23,2024-06-04,2024_MT_Senate_REP,1
2024,MT,Senate,,REP,Brad Johnson,johnson b,6.0,"Fabrizio, Lee & Associates",600.0,lv,10/25/23,2024-06-04,2024_MT_Senate_REP,0
2024,MT,Senate,,REP,Matt Rosendale,rosendale m,35.0,"Fabrizio, Lee & Associates",600.0,lv,10/25/23,2024-06-04,2024_MT_Senate_REP,0
2024,MT,Senate,,REP,Tim Sheehy,sheehy t,38.0,"Fabrizio, Lee & Associates",600.0,lv,10/25/23,2024-06-04,2024_MT_Senate_REP,1
2024,MT,Senate,,REP,Matt Rosendale,rosendale m,52.0,J.L. Partners,418.0,lv,8/17/23,2024-06-04,2024_MT_Senate_REP,0
2024,MT,Senate,,REP,Tim Sheehy,sheehy t,21.0,J.L. Partners,418.0,lv,8/17/23,2024-06-04,2024_MT_Senate_REP,1
2024,MT,Senate,,REP,Matt Rosendale,rosendale m,64.0,Public Policy Polling,510.0,lv,6/20/23,2024-06-04,2024_MT_Senate_REP,0
2024,MT,Senate,,REP,Tim Sheehy,sheehy t,10.0,Public Policy Polling,510.0,lv,6/20/23,2024-06-04,2024_MT_Senate_REP,1
2024,MT,Senate,,REP,Russell Fagg,fagg r,2.0,OnMessage Inc.,600.0,lv,2/21/23,2024-06-04,2024_MT_Senate_REP,0
2024,MT,Senate,,REP,Matt Rosendale,rosendale m,36.0,OnMessage Inc.,600.0,lv,2/21/23,2024-06-04,2024_MT_Senate_REP,0
2024,MT,Senate,,REP,Tim Sheehy,sheehy t,2.0,OnMessage Inc.,600.0,lv,2/21/23,2024-06-04,2024_MT_Senate_REP,1
2024,MT,Senate,,REP,Corey Stapleton,stapleton c,6.0,OnMessage Inc.,600.0,lv,2/21/23,2024-06-04,2024_MT_Senate_REP,0
2024,MT,Senate,,REP,Ryan Zinke,zinke r,26.0,OnMessage Inc.,600.0,lv,2/21/23,2024-06-04,2024_MT_Senate_REP,0
2024,MT,Senate,,REP,Tim Sheehy,sheehy t,48.0,"Fabrizio, Lee & Associates",500.0,lv,6/5/24,2024-06-04,2024_MT_Senate_REP,1
2024,MT,Senate,,REP,Tim Sheehy,sheehy t,48.0,J.L. Partners,503.0,lv,3/29/24,2024-06-04,2024_MT_Senate_REP,1
2024,MT,Senate,,REP,Tim Sheehy,sheehy t,42.0,Emerson College,1000.0,rv,3/2/24,2024-06-04,2024_MT_Senate_REP,1
2024,MT,Senate,,REP,Tim Sheehy,sheehy t,40.0,SurveyUSA,549.0,lv,2/15/24,2024-06-04,2024_MT_Senate_REP,1
2024,MT,Senate,,REP,Tim Sheehy,sheehy t,35.0,Emerson College,447.0,rv,10/4/23,2024-06-04,2024_MT_Senate_REP,1
2024,MT,Senate,,REP,Greg Gianforte,gianforte g,45.0,Political Company,534.0,lv,2/1/23,2024-06-04,2024_MT_Senate_REP,0
2024,MT,Senate,,REP,Brad Johnson,johnson b,35.0,SurveyUSA,549.0,lv,2/15/24,2024-06-04,2024_MT_Senate_REP,0
2024,MT,Senate,,REP,Matt Rosendale,rosendale m,40.0,SurveyUSA,549.0,lv,2/15/24,2024-06-04,2024_MT_Senate_REP,0
2024,MT,Senate,,REP,Matt Rosendale,rosendale m,40.0,Political Company,534.0,lv,2/1/23,2024-06-04,2024_MT_Senate_REP,0
2024,MT,Senate,,REP,Ryan Zinke,zinke r,40.0,Political Company,534.0,lv,2/1/23,2024-06-04,2024_MT_Senate_REP,0
2024,NJ,Senate,,DEM,Patricia Campos-Medina,camposmedina p,6.0,Emerson College,408.0,rv,3/29/24,2024-06-04,2024_NJ_Senate_DEM,0
2024,NJ,Senate,,DEM,Lawrence Hamm,hamm l,5.0,Emerson College,408.0,rv,3/29/24,2024-06-04,2024_NJ_Senate_DEM,0
2024,NJ,Senate,,DEM,Andy Kim,kim a,51.0,Emerson College,408.0,rv,3/29/24,2024-06-04,2024_NJ_Senate_DEM,1
2024,NJ,Senate,,DEM,Patricia Campos-Medina,camposmedina p,8.0,Braun Research / Fairleigh Dickinson University,504.0,lv,1/28/24,2024-06-04,2024_NJ_Senate_DEM,0
2024,NJ,Senate,,DEM,Bob Menendez,menendez b,9.0,Braun Research / Fairleigh Dickinson University,504.0,lv,1/28/24,2024-06-04,2024_NJ_Senate_DEM,0
2024,NJ,Senate,,DEM,Andy Kim,kim a,32.0,Braun Research / Fairleigh Dickinson University,504.0,lv,1/28/24,2024-06-04,2024_NJ_Senate_DEM,1
2024,NJ,Senate,,DEM,Tammy Murphy,murphy t,20.0,Braun Research / Fairleigh Dickinson University,504.0,lv,1/28/24,2024-06-04,2024_NJ_Senate_DEM,0
2024,NJ,Senate,,DEM,Lawrence Hamm,hamm l,4.0,Breakthrough Campaigns,1040.0,lv,12/14/23,2024-06-04,2024_NJ_Senate_DEM,0
2024,NJ,Senate,,DEM,Bob Menendez,menendez b,6.0,Breakthrough Campaigns,1040.0,lv,12/14/23,2024-06-04,2024_NJ_Senate_DEM,0
2024,NJ,Senate,,DEM,Andy Kim,kim a,45.0,Breakthrough Campaigns,1040.0,lv,12/14/23,2024-06-04,2024_NJ_Senate_DEM,1
2024,NJ,Senate,,DEM,Tammy Murphy,murphy t,22.0,Breakthrough Campaigns,1040.0,lv,12/14/23,2024-06-04,2024_NJ_Senate_DEM,0
2024,NJ,Senate,,DEM,Bob Menendez,menendez b,5.0,Public Policy Polling,560.0,lv,11/14/23,2024-06-04,2024_NJ_Senate_DEM,0
2024,NJ,Senate,,DEM,Andy Kim,kim a,40.0,Public Policy Polling,560.0,lv,11/14/23,2024-06-04,2024_NJ_Senate_DEM,1
2024,NJ,Senate,,DEM,Tammy Murphy,murphy t,21.0,Public Policy Polling,560.0,lv,11/14/23,2024-06-04,2024_NJ_Senate_DEM,0
2024,NJ,Senate,,DEM,Bob Menendez,menendez b,5.0,Public Policy Polling,502.0,lv,10/4/23,2024-06-04,2024_NJ_Senate_DEM,0
2024,NJ,Senate,,DEM,Andy Kim,kim a,42.0,Public Policy Polling,502.0,lv,10/4/23,2024-06-04,2024_NJ_Senate_DEM,1
2024,NJ,Senate,,DEM,Tammy Murphy,murphy t,19.0,Public Policy Polling,502.0,lv,10/4/23,2024-06-04,2024_NJ_Senate_DEM,0
2024,NJ,Senate,,DEM,Bob Menendez,menendez b,9.0,Data for Progress,551.0,lv,10/3/23,2024-06-04,2024_NJ_Senate_DEM,0
2024,NJ,Senate,,DEM,Andy Kim,kim a,48.0,Data for Progress,551.0,lv,10/3/23,2024-06-04,2024_NJ_Senate_DEM,1
2024,NJ,Senate,,DEM,Josh Gottheimer,gottheimer j,6.0,Data for Progress,551.0,lv,10/3/23,2024-06-04,2024_NJ_Senate_DEM,0
2024,NJ,Senate,,DEM,Kyle Jasey,jasey k,1.0,Data for Progress,551.0,lv,10/3/23,2024-06-04,2024_NJ_Senate_DEM,0
2024,NJ,Senate,,DEM,Tammy Murphy,murphy t,4.0,Data for Progress,551.0,lv,10/3/23,2024-06-04,2024_NJ_Senate_DEM,0
2024,NJ,Senate,,DEM,Frank Pallone,pallone f,6.0,Data for Progress,551.0,lv,10/3/23,2024-06-04,2024_NJ_Senate_DEM,0
2024,NJ,Senate,,DEM,Teresa Ruiz,ruiz t,1.0,Data for Progress,551.0,lv,10/3/23,2024-06-04,2024_NJ_Senate_DEM,0
2024,NJ,Senate,,DEM,Mikie Sherrill,sherrill m,20.0,Data for Progress,551.0,lv,10/3/23,2024-06-04,2024_NJ_Senate_DEM,0
2024,NJ,Senate,,REP,Curtis Bashaw,bashaw c,3.0,Emerson College,310.0,rv,3/29/24,2024-06-04,2024_NJ_Senate_REP,1
2024,NJ,Senate,,REP,Albert Harshaw,harshaw a,2.0,Emerson College,310.0,rv,3/29/24,2024-06-04,2024_NJ_Senate_REP,0
2024,NJ,Senate,,REP,Justin Murphy,murphy j,4.0,Emerson College,310.0,rv,3/29/24,2024-06-04,2024_NJ_Senate_REP,0
2024,NJ,Senate,,REP,Peter Vallorosi,vallorosi p,3.0,Emerson College,310.0,rv,3/29/24,2024-06-04,2024_NJ_Senate_REP,0
2024,NJ,Senate,,REP,Christine Serrano Glassner,glassner c,5.0,Emerson College,310.0,rv,3/29/24,2024-06-04,2024_NJ_Senate_REP,0
2024,NJ,Senate,,DEM,Andy Kim,kim a,47.0,Fairleigh Dickinson University,809.0,rv,4/8/24,2024-06-04,2024_NJ_Senate_DEM,1
2024,NJ,Senate,,REP,Curtis Bashaw,bashaw c,38.0,Fairleigh Dickinson University,809.0,rv,4/8/24,2024-06-04,2024_NJ_Senate_REP,1
2024,NJ,Senate,,REP,Christine Serrano Glassner,glassner c,39.0,Fairleigh Dickinson University,809.0,rv,4/8/24,2024-06-04,2024_NJ_Senate_REP,0
2024,NJ,Senate,,DEM,Bob Menendez,menendez b,24.0,Public Policy Polling,565.0,v,9/27/23,2024-06-04,2024_NJ_Senate_DEM,0
2024,NJ,Senate,,REP,Chris Christie,christie c,27.0,Public Policy Polling,565.0,v,9/27/23,2024-06-04,2024_NJ_Senate_REP,0
2024,NJ,Senate,,DEM,Andy Kim,kim a,46.0,Public Policy Polling,565.0,v,9/27/23,2024-06-04,2024_NJ_Senate_DEM,1
2024,NV,Senate,,REP,Sam Brown,brown s,50.0,Noble Predictive Insights,424.0,lv,6/5/24,2024-06-11,2024_NV_Senate_REP,1
2024,NV,Senate,,REP,Tony Grady,grady t,4.0,Noble Predictive Insights,424.0,lv,6/5/24,2024-06-11,2024_NV_Senate_REP,0
2024,NV,Senate,,REP,Jeff Gunter,gunter j,15.0,Noble Predictive Insights,424.0,lv,6/5/24,2024-06-11,2024_NV_Senate_REP,0
2024,NV,Senate,,REP,Jim Marchant,marchant j,8.0,Noble Predictive Insights,424.0,lv,6/5/24,2024-06-11,2024_NV_Senate_REP,0
2024,NV,Senate,,REP,Sam Brown,brown s,30.0,Kaplan Strategies,802.0,lv,5/30/24,2024-06-11,2024_NV_Senate_REP,1
2024,NV,Senate,,REP,Tony Grady,grady t,4.0,Kaplan Strategies,802.0,lv,5/30/24,2024-06-11,2024_NV_Senate_REP,0
2024,NV,Senate,,REP,Jeff Gunter,gunter j,31.0,Kaplan Strategies,802.0,lv,5/30/24,2024-06-11,2024_NV_Senate_REP,0
2024,NV,Senate,,REP,Jim Marchant,marchant j,7.000000000000001,Kaplan Strategies,802.0,lv,5/30/24,2024-06-11,2024_NV_Senate_REP,0
2024,NV,Senate,,REP,Sam Brown,brown s,52.0,Tarrance Group,500.0,lv,5/16/24,2024-06-11,2024_NV_Senate_REP,1
2024,NV,Senate,,REP,Jeff Gunter,gunter j,14.000000000000002,Tarrance Group,500.0,lv,5/16/24,2024-06-11,2024_NV_Senate_REP,0
2024,NV,Senate,,REP,Jim Marchant,marchant j,7.000000000000001,Tarrance Group,500.0,lv,5/16/24,2024-06-11,2024_NV_Senate_REP,0
2024,NV,Senate,,REP,Sam Brown,brown s,57.99999999999999,Tarrance Group,500.0,lv,4/10/24,2024-06-11,2024_NV_Senate_REP,1
2024,NV,Senate,,REP,Tony Grady,grady t,3.0,Tarrance Group,500.0,lv,4/10/24,2024-06-11,2024_NV_Senate_REP,0
2024,NV,Senate,,REP,Jeff Gunter,gunter j,3.0,Tarrance Group,500.0,lv,4/10/24,2024-06-11,2024_NV_Senate_REP,0
2024,NV,Senate,,REP,Jim Marchant,marchant j,6.0,Tarrance Group,500.0,lv,4/10/24,2024-06-11,2024_NV_Senate_REP,0
2024,NV,Senate,,REP,Sam Brown,brown s,39.0,Noble Predictive Insights,296.0,rv,3/5/24,2024-06-11,2024_NV_Senate_REP,1
2024,NV,Senate,,REP,Jim Marchant,marchant j,26.0,Noble Predictive Insights,296.0,rv,3/5/24,2024-06-11,2024_NV_Senate_REP,0
2024,NV,Senate,,REP,Sam Brown,brown s,24.0,Tarrance Group,600.0,lv,10/26/23,2024-06-11,2024_NV_Senate_REP,1
2024,NV,Senate,,REP,Tony Grady,grady t,5.0,Tarrance Group,600.0,lv,10/26/23,2024-06-11,2024_NV_Senate_REP,0
2024,NV,Senate,,REP,Jeff Gunter,gunter j,1.0,Tarrance Group,600.0,lv,10/26/23,2024-06-11,2024_NV_Senate_REP,0
2024,NV,Senate,,REP,Jim Marchant,marchant j,9.0,Tarrance Group,600.0,lv,10/26/23,2024-06-11,2024_NV_Senate_REP,0
2024,NV,Senate,,REP,Sam Brown,brown s,33.0,Public Opinion Strategies,500.0,lv,8/17/23,2024-06-11,2024_NV_Senate_REP,1
2024,NV,Senate,,REP,Tony Grady,grady t,2.0,Public Opinion Strategies,500.0,lv,8/17/23,2024-06-11,2024_NV_Senate_REP,0
2024,NV,Senate,,REP,Jeff Gunter,gunter j,1.0,Public Opinion Strategies,500.0,lv,8/17/23,2024-06-11,2024_NV_Senate_REP,0
2024,NV,Senate,,REP,Jim Marchant,marchant j,15.0,Public Opinion Strategies,500.0,lv,8/17/23,2024-06-11,2024_NV_Senate_REP,0
2024,NV,Senate,,REP,Sam Brown,brown s,33.0,The Tyson Group,601.0,lv,5/25/24,2024-06-11,2024_NV_Senate_REP,1
2024,NV,Senate,,REP,Sam Brown,brown s,35.0,Mainstreet Research / FAU,522.0,rv,5/21/24,2024-06-11,2024_NV_Senate_REP,1
2024,NV,Senate,,REP,Sam Brown,brown s,38.0,New York Times / Siena College,614.0,rv,5/9/24,2024-06-11,2024_NV_Senate_REP,1
2024,NV,Senate,,REP,Sam Brown,brown s,37.0,Emerson College,1000.0,rv,4/29/24,2024-06-11,2024_NV_Senate_REP,1
2024,NV,Senate,,REP,Sam Brown,brown s,39.0,Emerson College,1000.0,rv,3/15/24,2024-06-11,2024_NV_Senate_REP,1
2024,NV,Senate,,REP,Sam Brown,brown s,38.0,Emerson College,1000.0,rv,2/19/24,2024-06-11,2024_NV_Senate_REP,1
2024,NV,Senate,,REP,Sam Brown,brown s,38.0,Change Research,2532.0,v,12/7/23,2024-06-11,2024_NV_Senate_REP,1
2024,NV,Senate,,REP,Jim Marchant,marchant j,34.0,Emerson College,1000.0,rv,3/15/24,2024-06-11,2024_NV_Senate_REP,0
2024,NV,Senate,,REP,Jim Marchant,marchant j,36.0,Emerson College,1000.0,rv,2/19/24,2024-06-11,2024_NV_Senate_REP,0
2024,NV,Senate,,REP,Jeff Gunter,gunter j,33.0,Emerson College,1000.0,rv,4/29/24,2024-06-11,2024_NV_Senate_REP,0
2024,NV,Senate,,REP,Jeff Gunter,gunter j,34.0,Emerson College,1000.0,rv,3/15/24,2024-06-11,2024_NV_Senate_REP,0
2024,NV,Senate,,REP,Jeff Gunter,gunter j,32.0,Emerson College,1000.0,rv,2/19/24,2024-06-11,2024_NV_Senate_REP,0
2024,NY,Senate,,DEM,Kirsten Gillibrand,gillibrand k,49.0,American Pulse & Research Polling,417.0,v,12/1/23,2024-06-25,2024_NY_Senate_DEM,1
2024,NY,Senate,,DEM,Andrew Cuomo,cuomo a,35.0,American Pulse & Research Polling,417.0,v,12/1/23,2024-06-25,2024_NY_Senate_DEM,0
2024,OH,Senate,,DEM,Sherrod Brown,brown s,57.99999999999999,Ohio Northern University,256.0,lv,10/19/23,2024-03-19,2024_OH_Senate_DEM,1
2024,OH,Senate,,DEM,Tim Ryan,ryan t,15.0,Ohio Northern University,256.0,lv,10/19/23,2024-03-19,2024_OH_Senate_DEM,0
2024,OH,Senate,,DEM,Sherrod Brown,brown s,59.0,Ohio Northern University,675.0,rv,7/26/23,2024-03-19,2024_OH_Senate_DEM,1
2024,OH,Senate,,DEM,Tim Ryan,ryan t,17.0,Ohio Northern University,675.0,rv,7/26/23,2024-03-19,2024_OH_Senate_DEM,0
2024,OH,Senate,,REP,Matt Dolan,dolan m,40.0,Emerson College,450.0,lv,3/18/24,2024-03-19,2024_OH_Senate_REP,0
2024,OH,Senate,,REP,Frank LaRose,larose f,16.0,Emerson College,450.0,lv,3/18/24,2024-03-19,2024_OH_Senate_REP,0
2024,OH,Senate,,REP,Bernie Moreno,moreno b,44.0,Emerson College,450.0,lv,3/18/24,2024-03-19,2024_OH_Senate_REP,1
2024,OH,Senate,,REP,Matt Dolan,dolan m,31.0,Mainstreet Research / Florida Atlantic University,818.0,rv,3/15/24,2024-03-19,2024_OH_Senate_REP,0
2024,OH,Senate,,REP,Frank LaRose,larose f,19.0,Mainstreet Research / Florida Atlantic University,818.0,rv,3/15/24,2024-03-19,2024_OH_Senate_REP,0
2024,OH,Senate,,REP,Bernie Moreno,moreno b,28.999999999999996,Mainstreet Research / Florida Atlantic University,818.0,rv,3/15/24,2024-03-19,2024_OH_Senate_REP,1
2024,OH,Senate,,REP,Matt Dolan,dolan m,39.0,East Carolina University,1298.0,lv,3/11/24,2024-03-19,2024_OH_Senate_REP,0
2024,OH,Senate,,REP,Frank LaRose,larose f,27.0,East Carolina University,1298.0,lv,3/11/24,2024-03-19,2024_OH_Senate_REP,0
2024,OH,Senate,,REP,Bernie Moreno,moreno b,34.0,East Carolina University,1298.0,lv,3/11/24,2024-03-19,2024_OH_Senate_REP,1
2024,OH,Senate,,REP,Matt Dolan,dolan m,18.0,SurveyUSA,533.0,lv,3/11/24,2024-03-19,2024_OH_Senate_REP,0
2024,OH,Senate,,REP,Frank LaRose,larose f,16.0,SurveyUSA,533.0,lv,3/11/24,2024-03-19,2024_OH_Senate_REP,0
2024,OH,Senate,,REP,Bernie Moreno,moreno b,22.0,SurveyUSA,533.0,lv,3/11/24,2024-03-19,2024_OH_Senate_REP,1
2024,OH,Senate,,REP,Matt Dolan,dolan m,26.0,Emerson College,443.0,lv,3/10/24,2024-03-19,2024_OH_Senate_REP,0
2024,OH,Senate,,REP,Frank LaRose,larose f,16.0,Emerson College,443.0,lv,3/10/24,2024-03-19,2024_OH_Senate_REP,0
2024,OH,Senate,,REP,Bernie Moreno,moreno b,23.0,Emerson College,443.0,lv,3/10/24,2024-03-19,2024_OH_Senate_REP,1
2024,OH,Senate,,REP,Matt Dolan,dolan m,27.0,SurveyUSA,568.0,lv,3/3/24,2024-03-19,2024_OH_Senate_REP,0
2024,OH,Senate,,REP,Frank LaRose,larose f,21.0,SurveyUSA,568.0,lv,3/3/24,2024-03-19,2024_OH_Senate_REP,0
2024,OH,Senate,,REP,Bernie Moreno,moreno b,28.999999999999996,SurveyUSA,568.0,lv,3/3/24,2024-03-19,2024_OH_Senate_REP,1
2024,OH,Senate,,REP,Matt Dolan,dolan m,19.0,"Fabrizio, Lee & Associates",500.0,lv,2/26/24,2024-03-19,2024_OH_Senate_REP,0
2024,OH,Senate,,REP,Frank LaRose,larose f,21.0,"Fabrizio, Lee & Associates",500.0,lv,2/26/24,2024-03-19,2024_OH_Senate_REP,0
2024,OH,Senate,,REP,Bernie Moreno,moreno b,31.0,"Fabrizio, Lee & Associates",500.0,lv,2/26/24,2024-03-19,2024_OH_Senate_REP,1
2024,OH,Senate,,REP,Matt Dolan,dolan m,15.0,Emerson College,1844.0,rv,1/25/24,2024-03-19,2024_OH_Senate_REP,0
2024,OH,Senate,,REP,Frank LaRose,larose f,21.0,Emerson College,1844.0,rv,1/25/24,2024-03-19,2024_OH_Senate_REP,0
2024,OH,Senate,,REP,Bernie Moreno,moreno b,22.0,Emerson College,1844.0,rv,1/25/24,2024-03-19,2024_OH_Senate_REP,1
2024,OH,Senate,,REP,Matt Dolan,dolan m,16.0,McLaughlin & Associates,600.0,lv,12/14/23,2024-03-19,2024_OH_Senate_REP,0
2024,OH,Senate,,REP,Frank LaRose,larose f,18.0,McLaughlin & Associates,600.0,lv,12/14/23,2024-03-19,2024_OH_Senate_REP,0
2024,OH,Senate,,REP,Bernie Moreno,moreno b,22.0,McLaughlin & Associates,600.0,lv,12/14/23,2024-03-19,2024_OH_Senate_REP,1
2024,OH,Senate,,REP,Matt Dolan,dolan m,18.0,SurveyUSA,573.0,lv,12/12/23,2024-03-19,2024_OH_Senate_REP,0
2024,OH,Senate,,REP,Frank LaRose,larose f,33.0,SurveyUSA,573.0,lv,12/12/23,2024-03-19,2024_OH_Senate_REP,0
2024,OH,Senate,,REP,Bernie Moreno,moreno b,12.0,SurveyUSA,573.0,lv,12/12/23,2024-03-19,2024_OH_Senate_REP,1
2024,OH,Senate,,REP,Matt Dolan,dolan m,18.0,"Fabrizio, Lee & Associates",600.0,lv,12/5/23,2024-03-19,2024_OH_Senate_REP,0
2024,OH,Senate,,REP,Frank LaRose,larose f,19.0,"Fabrizio, Lee & Associates",600.0,lv,12/5/23,2024-03-19,2024_OH_Senate_REP,0
2024,OH,Senate,,REP,Bernie Moreno,moreno b,23.0,"Fabrizio, Lee & Associates",600.0,lv,12/5/23,2024-03-19,2024_OH_Senate_REP,1
2024,OH,Senate,,REP,Matt Dolan,dolan m,13.0,co/efficient,950.0,lv,11/20/23,2024-03-19,2024_OH_Senate_REP,0
2024,OH,Senate,,REP,Frank LaRose,larose f,14.000000000000002,co/efficient,950.0,lv,11/20/23,2024-03-19,2024_OH_Senate_REP,0
2024,OH,Senate,,REP,Bernie Moreno,moreno b,15.0,co/efficient,950.0,lv,11/20/23,2024-03-19,2024_OH_Senate_REP,1
2024,OH,Senate,,REP,Matt Dolan,dolan m,15.0,Emerson College / WJW-TV,468.0,lv,11/13/23,2024-03-19,2024_OH_Senate_REP,0
2024,OH,Senate,,REP,Frank LaRose,larose f,18.0,Emerson College / WJW-TV,468.0,lv,11/13/23,2024-03-19,2024_OH_Senate_REP,0
2024,OH,Senate,,REP,Bernie Moreno,moreno b,10.0,Emerson College / WJW-TV,468.0,lv,11/13/23,2024-03-19,2024_OH_Senate_REP,1
2024,OH,Senate,,REP,Matt Dolan,dolan m,20.0,Data for Progress,294.0,lv,11/2/23,2024-03-19,2024_OH_Senate_REP,0
2024,OH,Senate,,REP,Frank LaRose,larose f,30.0,Data for Progress,294.0,lv,11/2/23,2024-03-19,2024_OH_Senate_REP,0
2024,OH,Senate,,REP,Bernie Moreno,moreno b,7.000000000000001,Data for Progress,294.0,lv,11/2/23,2024-03-19,2024_OH_Senate_REP,1
2024,OH,Senate,,REP,Matt Dolan,dolan m,13.0,Ohio Northern University,269.0,lv,10/19/23,2024-03-19,2024_OH_Senate_REP,0
2024,OH,Senate,,REP,Frank LaRose,larose f,30.0,Ohio Northern University,269.0,lv,10/19/23,2024-03-19,2024_OH_Senate_REP,0
2024,OH,Senate,,REP,Bernie Moreno,moreno b,7.000000000000001,Ohio Northern University,269.0,lv,10/19/23,2024-03-19,2024_OH_Senate_REP,1
2024,OH,Senate,,REP,Matt Dolan,dolan m,18.0,Ohio Northern University,675.0,rv,7/26/23,2024-03-19,2024_OH_Senate_REP,0
2024,OH,Senate,,REP,Frank LaRose,larose f,32.0,Ohio Northern University,675.0,rv,7/26/23,2024-03-19,2024_OH_Senate_REP,0
2024,OH,Senate,,REP,Bernie Moreno,moreno b,7.000000000000001,Ohio Northern University,675.0,rv,7/26/23,2024-03-19,2024_OH_Senate_REP,1
2024,OH,Senate,,REP,Matt Dolan,dolan m,14.000000000000002,Suffolk / USA Today,190.0,rv,7/12/23,2024-03-19,2024_OH_Senate_REP,0
2024,OH,Senate,,REP,Frank LaRose,larose f,19.0,Suffolk / USA Today,190.0,rv,7/12/23,2024-03-19,2024_OH_Senate_REP,0
2024,OH,Senate,,REP,Bernie Moreno,moreno b,9.0,Suffolk / USA Today,190.0,rv,7/12/23,2024-03-19,2024_OH_Senate_REP,1
2024,OH,Senate,,REP,Matt Dolan,dolan m,14.000000000000002,East Carolina University,405.0,rv,6/24/23,2024-03-19,2024_OH_Senate_REP,0
2024,OH,Senate,,REP,Frank LaRose,larose f,17.0,East Carolina University,405.0,rv,6/24/23,2024-03-19,2024_OH_Senate_REP,0
2024,OH,Senate,,REP,Bernie Moreno,moreno b,7.000000000000001,East Carolina University,405.0,rv,6/24/23,2024-03-19,2024_OH_Senate_REP,1
2024,OH,Senate,,REP,Matt Dolan,dolan m,11.0,Causeway Solutions,526.0,rv,5/27/23,2024-03-19,2024_OH_Senate_REP,0
2024,OH,Senate,,REP,Frank LaRose,larose f,24.0,Causeway Solutions,526.0,rv,5/27/23,2024-03-19,2024_OH_Senate_REP,0
2024,OH,Senate,,REP,Bernie Moreno,moreno b,6.0,Causeway Solutions,526.0,rv,5/27/23,2024-03-19,2024_OH_Senate_REP,1
2024,OH,Senate,,DEM,Sherrod Brown,brown s,47.0,Mainstreet Research / FAU,818.0,rv,3/15/24,2024-03-19,2024_OH_Senate_DEM,1
2024,OH,Senate,,REP,Bernie Moreno,moreno b,36.0,Mainstreet Research / FAU,818.0,rv,3/15/24,2024-03-19,2024_OH_Senate_REP,1
2024,OH,Senate,,DEM,Sherrod Brown,brown s,45.0,East Carolina University,1298.0,lv,3/11/24,2024-03-19,2024_OH_Senate_DEM,1
2024,OH,Senate,,DEM,Sherrod Brown,brown s,43.0,SurveyUSA,533.0,lv,3/11/24,2024-03-19,2024_OH_Senate_DEM,1
2024,OH,Senate,,DEM,Sherrod Brown,brown s,39.0,Emerson College,1300.0,rv,3/10/24,2024-03-19,2024_OH_Senate_DEM,1
2024,OH,Senate,,DEM,Sherrod Brown,brown s,39.0,Emerson College,1844.0,rv,1/25/24,2024-03-19,2024_OH_Senate_DEM,1
2024,OH,Senate,,DEM,Sherrod Brown,brown s,42.0,Emerson College,1000.0,rv,11/13/23,2024-03-19,2024_OH_Senate_DEM,1
2024,OH,Senate,,REP,Bernie Moreno,moreno b,32.0,Emerson College,1000.0,rv,11/13/23,2024-03-19,2024_OH_Senate_REP,1
2024,OH,Senate,,DEM,Sherrod Brown,brown s,47.0,Data for Progress,597.0,lv,11/2/23,2024-03-19,2024_OH_Senate_DEM,1
2024,OH,Senate,,DEM,Sherrod Brown,brown s,35.0,Emerson College,438.0,rv,10/3/23,2024-03-19,2024_OH_Senate_DEM,1
2024,OH,Senate,,REP,Bernie Moreno,moreno b,33.0,Emerson College,438.0,rv,10/3/23,2024-03-19,2024_OH_Senate_REP,1
2024,OH,Senate,,DEM,Sherrod Brown,brown s,48.0,Suffolk University,500.0,lv,7/12/23,2024-03-19,2024_OH_Senate_DEM,1
2024,OH,Senate,,REP,Bernie Moreno,moreno b,41.0,Suffolk University,500.0,lv,7/12/23,2024-03-19,2024_OH_Senate_REP,1
2024,OH,Senate,,DEM,Sherrod Brown,brown s,46.0,East Carolina University,805.0,rv,6/24/23,2024-03-19,2024_OH_Senate_DEM,1
2024,OH,Senate,,REP,Matt Dolan,dolan m,41.0,Mainstreet Research / FAU,818.0,rv,3/15/24,2024-03-19,2024_OH_Senate_REP,0
2024,OH,Senate,,DEM,Sherrod Brown,brown s,41.0,Emerson / WJW-TV,1000.0,rv,11/13/23,2024-03-19,2024_OH_Senate_DEM,1
2024,OH,Senate,,REP,Matt Dolan,dolan m,38.0,Emerson / WJW-TV,1000.0,rv,11/13/23,2024-03-19,2024_OH_Senate_REP,0
2024,OH,Senate,,REP,Matt Dolan,dolan m,38.0,Emerson College,438.0,rv,10/3/23,2024-03-19,2024_OH_Senate_REP,0
2024,OH,Senate,,REP,Matt Dolan,dolan m,43.0,Suffolk University,500.0,lv,7/12/23,2024-03-19,2024_OH_Senate_REP,0
2024,OH,Senate,,DEM,Sherrod Brown,brown s,48.0,Mainstreet Research / Florida Atlantic University,818.0,rv,3/15/24,2024-03-19,2024_OH_Senate_DEM,1
2024,OH,Senate,,REP,Frank LaRose,larose f,36.0,Emerson / WJW-TV,1000.0,rv,11/13/23,2024-03-19,2024_OH_Senate_REP,0
2024,OH,Senate,,REP,Frank LaRose,larose f,39.0,Emerson College,438.0,rv,10/3/23,2024-03-19,2024_OH_Senate_REP,0
2024,OH,Senate,,REP,Frank LaRose,larose f,45.0,Suffolk University,500.0,lv,7/12/23,2024-03-19,2024_OH_Senate_REP,0
2024,OH,Senate,,REP,Joel Mutchler,mutchler j,43.0,Data for Progress,597.0,lv,11/2/23,2024-03-19,2024_OH_Senate_REP,0
2024,OH,Senate,,DEM,Sherrod Brown,brown s,39.0,Causeway Solutions,1639.0,rv,5/27/23,2024-03-19,2024_OH_Senate_DEM,1
2024,PA,Senate,,REP,Kathy Barnette,barnette k,11.0,Public Policy Polling,616.0,lv,3/10/23,2024-04-23,2024_PA_Senate_REP,0
2024,PA,Senate,,REP,Doug Mastriano,mastriano d,39.0,Public Policy Polling,616.0,lv,3/10/23,2024-04-23,2024_PA_Senate_REP,0
2024,PA,Senate,,REP,Dave McCormick,mccormick d,21.0,Public Policy Polling,616.0,lv,3/10/23,2024-04-23,2024_PA_Senate_REP,1
2024,PA,Senate,,REP,Dave McCormick,mccormick d,39.0,CBS News / YouGov,1306.0,lv,4/25/24,2024-04-23,2024_PA_Senate_REP,1
2024,PA,Senate,,REP,Dave McCormick,mccormick d,41.0,Muhlenberg College,417.0,rv,4/25/24,2024-04-23,2024_PA_Senate_REP,1
2024,PA,Senate,,REP,Dave McCormick,mccormick d,38.0,The Bullfinch Group,600.0,rv,4/3/24,2024-04-23,2024_PA_Senate_REP,1
2024,PA,Senate,,REP,Dave McCormick,mccormick d,28.000000000000004,National Public Affairs,759.0,lv,3/1/24,2024-04-23,2024_PA_Senate_REP,1
2024,PA,Senate,,REP,Dave McCormick,mccormick d,39.0,Franklin & Marshall College,431.0,rv,3/31/24,2024-04-23,2024_PA_Senate_REP,1
2024,PA,Senate,,REP,Dave McCormick,mccormick d,30.0,The Bullfinch Group,800.0,rv,3/26/24,2024-04-23,2024_PA_Senate_REP,1
2024,PA,Senate,,REP,Dave McCormick,mccormick d,48.0,Emerson College,1000.0,rv,3/13/24,2024-04-23,2024_PA_Senate_REP,1
2024,PA,Senate,,REP,Dave McCormick,mccormick d,42.0,Susquehanna Polling & Research,450.0,lv,3/7/24,2024-04-23,2024_PA_Senate_REP,1
2024,PA,Senate,,REP,Dave McCormick,mccormick d,39.0,Emerson College,1000.0,rv,2/16/24,2024-04-23,2024_PA_Senate_REP,1
2024,PA,Senate,,REP,Dave McCormick,mccormick d,37.0,Chism Strategies,500.0,rv,2/8/24,2024-04-23,2024_PA_Senate_REP,1
2024,PA,Senate,,REP,Dave McCormick,mccormick d,40.0,Public Opinion Strategies,800.0,lv,1/25/24,2024-04-23,2024_PA_Senate_REP,1
2024,PA,Senate,,REP,Dave McCormick,mccormick d,35.0,Franklin & Marshall College,1006.0,rv,1/28/24,2024-04-23,2024_PA_Senate_REP,1
2024,PA,Senate,,REP,Dave McCormick,mccormick d,42.0,Susquehanna Polling & Research,745.0,lv,1/21/24,2024-04-23,2024_PA_Senate_REP,1
2024,PA,Senate,,REP,Dave McCormick,mccormick d,43.0,Quinnipiac University,1680.0,rv,1/8/24,2024-04-23,2024_PA_Senate_REP,1
2024,PA,Senate,,REP,Dave McCormick,mccormick d,27.0,The Bullfinch Group,800.0,rv,12/12/23,2024-04-23,2024_PA_Senate_REP,1
2024,PA,Senate,,REP,Dave McCormick,mccormick d,41.0,Change Research,2532.0,rv,12/7/23,2024-04-23,2024_PA_Senate_REP,1
2024,PA,Senate,,REP,Dave McCormick,mccormick d,39.0,Franklin & Marshall College,873.0,rv,10/22/23,2024-04-23,2024_PA_Senate_REP,1
2024,PA,Senate,,REP,Dave McCormick,mccormick d,33.0,Emerson College,430.0,rv,10/4/23,2024-04-23,2024_PA_Senate_REP,1
2024,PA,Senate,,REP,Dave McCormick,mccormick d,44.0,Quinnipiac University,1725.0,rv,10/2/23,2024-04-23,2024_PA_Senate_REP,1
2024,PA,Senate,,REP,Dave McCormick,mccormick d,41.0,Susquehanna Polling & Research,700.0,lv,5/8/23,2024-04-23,2024_PA_Senate_REP,1
2024,PA,Senate,,REP,Dave McCormick,mccormick d,41.0,Cygnal,600.0,lv,4/13/23,2024-04-23,2024_PA_Senate_REP,1
2024,PA,Senate,,REP,Dave McCormick,mccormick d,35.0,Franklin & Marshall College,643.0,rv,4/7/23,2024-04-23,2024_PA_Senate_REP,1
2024,PA,Senate,,REP,Doug Mastriano,mastriano d,31.0,Franklin & Marshall College,643.0,rv,4/7/23,2024-04-23,2024_PA_Senate_REP,0
2024,PA,Senate,,REP,Doug Mastriano,mastriano d,39.0,Cygnal,600.0,lv,4/13/23,2024-04-23,2024_PA_Senate_REP,0
2024,TN,Senate,,DEM,Marquita Bradshaw,bradshaw m,7.000000000000001,Targoz Market Research,282.0,lv,4/2/24,2024-08-01,2024_TN_Senate_DEM,0
2024,TN,Senate,,DEM,Gloria Johnson,johnson g,38.0,Targoz Market Research,282.0,lv,4/2/24,2024-08-01,2024_TN_Senate_DEM,1
2024,TN,Senate,,DEM,Civil Miller-Watkins,millerwatkins c,2.0,Targoz Market Research,282.0,lv,4/2/24,2024-08-01,2024_TN_Senate_DEM,0
2024,TN,Senate,,DEM,Marquita Bradshaw,bradshaw m,11.0,Targoz Market Research,251.0,lv,12/28/23,2024-08-01,2024_TN_Senate_DEM,0
2024,TN,Senate,,DEM,Gloria Johnson,johnson g,41.0,Targoz Market Research,251.0,lv,12/28/23,2024-08-01,2024_TN_Senate_DEM,1
2024,TN,Senate,,DEM,Civil Miller-Watkins,millerwatkins c,2.0,Targoz Market Research,251.0,lv,12/28/23,2024-08-01,2024_TN_Senate_DEM,0
2024,TN,Senate,,DEM,Gloria Johnson,johnson g,32.0,Targoz Market Research,1124.0,rv,7/1/24,2024-08-01,2024_TN_Senate_DEM,1
2024,TN,Senate,,DEM,Gloria Johnson,johnson g,40.0,SSRS / Vanderbilt University,1003.0,rv,5/9/24,2024-08-01,2024_TN_Senate_DEM,1
2024,TN,Senate,,DEM,Gloria Johnson,johnson g,28.999999999999996,Targoz Market Research,850.0,lv,10/16/23,2024-08-01,2024_TN_Senate_DEM,1
2024,TN,Senate,,DEM,Marquita Bradshaw,bradshaw m,33.0,Targoz Market Research,1124.0,rv,7/1/24,2024-08-01,2024_TN_Senate_DEM,0
2024,TN,Senate,,DEM,Marquita Bradshaw,bradshaw m,36.0,Targoz Market Research,824.0,lv,10/16/23,2024-08-01,2024_TN_Senate_DEM,0
2024,TX,Senate,,REP,Ted Cruz,cruz t,82.0,YouGov,492.0,rv,2/12/24,2024-03-05,2024_TX_Senate_REP,1
2024,TX,Senate,,REP,Holland Gibson,gibson h,7.000000000000001,YouGov,492.0,rv,2/12/24,2024-03-05,2024_TX_Senate_REP,0
2024,TX,Senate,,REP,Rufus Lopez,lopez r,3.0,YouGov,492.0,rv,2/12/24,2024-03-05,2024_TX_Senate_REP,0
2024,TX,Senate,,DEM,Colin Allred,allred c,37.0,UT Tyler,441.0,lv,2/26/24,2024-03-05,2024_TX_Senate_DEM,1
2024,TX,Senate,,DEM,Roland Gutierrez,gutierrez r,22.0,UT Tyler,441.0,lv,2/26/24,2024-03-05,2024_TX_Senate_DEM,0
2024,TX,Senate,,DEM,Carl Sherman,sherman c,6.0,UT Tyler,441.0,lv,2/26/24,2024-03-05,2024_TX_Senate_DEM,0
2024,TX,Senate,,DEM,Colin Allred,allred c,52.0,YouGov,354.0,rv,2/12/24,2024-03-05,2024_TX_Senate_DEM,1
2024,TX,Senate,,DEM,Meri Gomez,gomez m,3.0,YouGov,354.0,rv,2/12/24,2024-03-05,2024_TX_Senate_DEM,0
2024,TX,Senate,,DEM,Mark Gonzalez,gonzalez m,5.0,YouGov,354.0,rv,2/12/24,2024-03-05,2024_TX_Senate_DEM,0
2024,TX,Senate,,DEM,Roland Gutierrez,gutierrez r,14.000000000000002,YouGov,354.0,rv,2/12/24,2024-03-05,2024_TX_Senate_DEM,0
2024,TX,Senate,,DEM,Carl Sherman,sherman c,2.0,YouGov,354.0,rv,2/12/24,2024-03-05,2024_TX_Senate_DEM,0
2024,TX,Senate,,DEM,Colin Allred,allred c,40.0,YouGov,1500.0,lv,1/24/24,2024-03-05,2024_TX_Senate_DEM,1
2024,TX,Senate,,DEM,Meri Gomez,gomez m,4.0,YouGov,1500.0,lv,1/24/24,2024-03-05,2024_TX_Senate_DEM,0
2024,TX,Senate,,DEM,Mark Gonzalez,gonzalez m,2.0,YouGov,1500.0,lv,1/24/24,2024-03-05,2024_TX_Senate_DEM,0
2024,TX,Senate,,DEM,Roland Gutierrez,gutierrez r,12.0,YouGov,1500.0,lv,1/24/24,2024-03-05,2024_TX_Senate_DEM,0
2024,TX,Senate,,DEM,Carl Sherman,sherman c,1.0,YouGov,1500.0,lv,1/24/24,2024-03-05,2024_TX_Senate_DEM,0
2024,TX,Senate,,DEM,Colin Allred,allred c,28.999999999999996,Emerson College,460.0,rv,1/15/24,2024-03-05,2024_TX_Senate_DEM,1
2024,TX,Senate,,DEM,Meri Gomez,gomez m,4.0,Emerson College,460.0,rv,1/15/24,2024-03-05,2024_TX_Senate_DEM,0
2024,TX,Senate,,DEM,Mark Gonzalez,gonzalez m,6.0,Emerson College,460.0,rv,1/15/24,2024-03-05,2024_TX_Senate_DEM,0
2024,TX,Senate,,DEM,Roland Gutierrez,gutierrez r,7.000000000000001,Emerson College,460.0,rv,1/15/24,2024-03-05,2024_TX_Senate_DEM,0
2024,TX,Senate,,DEM,Carl Sherman,sherman c,2.0,Emerson College,460.0,rv,1/15/24,2024-03-05,2024_TX_Senate_DEM,0
2024,TX,Senate,,DEM,Colin Allred,allred c,28.000000000000004,YouGov,415.0,rv,12/10/23,2024-03-05,2024_TX_Senate_DEM,1
2024,TX,Senate,,DEM,Meri Gomez,gomez m,3.0,YouGov,415.0,rv,12/10/23,2024-03-05,2024_TX_Senate_DEM,0
2024,TX,Senate,,DEM,Mark Gonzalez,gonzalez m,2.0,YouGov,415.0,rv,12/10/23,2024-03-05,2024_TX_Senate_DEM,0
2024,TX,Senate,,DEM,Roland Gutierrez,gutierrez r,7.000000000000001,YouGov,415.0,rv,12/10/23,2024-03-05,2024_TX_Senate_DEM,0
2024,TX,Senate,,DEM,Carl Sherman,sherman c,2.0,YouGov,415.0,rv,12/10/23,2024-03-05,2024_TX_Senate_DEM,0
2024,TX,Senate,,DEM,Colin Allred,allred c,21.0,YouGov,409.0,rv,10/17/23,2024-03-05,2024_TX_Senate_DEM,1
2024,TX,Senate,,DEM,Meri Gomez,gomez m,2.0,YouGov,409.0,rv,10/17/23,2024-03-05,2024_TX_Senate_DEM,0
2024,TX,Senate,,DEM,Mark Gonzalez,gonzalez m,2.0,YouGov,409.0,rv,10/17/23,2024-03-05,2024_TX_Senate_DEM,0
2024,TX,Senate,,DEM,Roland Gutierrez,gutierrez r,10.0,YouGov,409.0,rv,10/17/23,2024-03-05,2024_TX_Senate_DEM,0
2024,TX,Senate,,DEM,Carl Sherman,sherman c,2.0,YouGov,409.0,rv,10/17/23,2024-03-05,2024_TX_Senate_DEM,0
2024,TX,Senate,,DEM,Colin Allred,allred c,33.0,Texas Hispanic Policy Foundation,1000.0,rv,5/17/23,2024-03-05,2024_TX_Senate_DEM,1
2024,TX,Senate,,DEM,Roland Gutierrez,gutierrez r,22.0,Texas Hispanic Policy Foundation,1000.0,rv,5/17/23,2024-03-05,2024_TX_Senate_DEM,0
2024,TX,Senate,,REP,Ted Cruz,cruz t,41.0,UT Tyler,1167.0,rv,2/26/24,2024-03-05,2024_TX_Senate_REP,1
2024,TX,Senate,,REP,Ted Cruz,cruz t,44.0,National Public Affairs,807.0,lv,2/8/24,2024-03-05,2024_TX_Senate_REP,1
2024,TX,Senate,,DEM,Colin Allred,allred c,44.0,National Public Affairs,807.0,lv,2/8/24,2024-03-05,2024_TX_Senate_DEM,1
2024,TX,Senate,,REP,Ted Cruz,cruz t,48.0,YouGov,1145.0,rv,1/24/24,2024-03-05,2024_TX_Senate_REP,1
2024,TX,Senate,,REP,Ted Cruz,cruz t,42.0,Emerson College,1315.0,rv,1/15/24,2024-03-05,2024_TX_Senate_REP,1
2024,TX,Senate,,REP,Ted Cruz,cruz t,43.0,YouGov,1200.0,rv,12/10/23,2024-03-05,2024_TX_Senate_REP,1
2024,TX,Senate,,REP,Ted Cruz,cruz t,42.0,UT Tyler,1413.0,rv,5/21/23,2024-03-05,2024_TX_Senate_REP,1
2024,TX,Senate,,DEM,Colin Allred,allred c,37.0,UT Tyler,1413.0,rv,5/21/23,2024-03-05,2024_TX_Senate_DEM,1
2024,TX,Senate,,REP,Ted Cruz,cruz t,47.0,Texas Hispanic Policy Foundation,1000.0,rv,5/17/23,2024-03-05,2024_TX_Senate_REP,1
2024,UT,Senate,,REP,John Curtis,curtis j,48.0,Noble Predictive Insights,432.0,lv,6/21/24,2024-06-25,2024_UT_Senate_REP,1
2024,UT,Senate,,REP,Trent Staggs,staggs t,28.000000000000004,Noble Predictive Insights,432.0,lv,6/21/24,2024-06-25,2024_UT_Senate_REP,0
2024,UT,Senate,,REP,Jason Walton,walton j,6.0,Noble Predictive Insights,432.0,lv,6/21/24,2024-06-25,2024_UT_Senate_REP,0
2024,UT,Senate,,REP,Brad Wilson,wilson b,9.0,Noble Predictive Insights,432.0,lv,6/21/24,2024-06-25,2024_UT_Senate_REP,0
2024,UT,Senate,,REP,John Curtis,curtis j,34.0,HarrisX,469.0,rv,6/7/24,2024-06-25,2024_UT_Senate_REP,1
2024,UT,Senate,,REP,Trent Staggs,staggs t,16.0,HarrisX,469.0,rv,6/7/24,2024-06-25,2024_UT_Senate_REP,0
2024,UT,Senate,,REP,Jason Walton,walton j,4.0,HarrisX,469.0,rv,6/7/24,2024-06-25,2024_UT_Senate_REP,0
2024,UT,Senate,,REP,Brad Wilson,wilson b,12.0,HarrisX,469.0,rv,6/7/24,2024-06-25,2024_UT_Senate_REP,0
2024,UT,Senate,,REP,John Curtis,curtis j,41.0,Guidant Polling and Strategy,600.0,lv,5/3/24,2024-06-25,2024_UT_Senate_REP,1
2024,UT,Senate,,REP,Trent Staggs,staggs t,15.0,Guidant Polling and Strategy,600.0,lv,5/3/24,2024-06-25,2024_UT_Senate_REP,0
2024,UT,Senate,,REP,Jason Walton,walton j,2.0,Guidant Polling and Strategy,600.0,lv,5/3/24,2024-06-25,2024_UT_Senate_REP,0
2024,UT,Senate,,REP,Brad Wilson,wilson b,9.0,Guidant Polling and Strategy,600.0,lv,5/3/24,2024-06-25,2024_UT_Senate_REP,0
2024,UT,Senate,,REP,John Curtis,curtis j,27.0,Noble Predictive Insights,283.0,rv,4/16/24,2024-06-25,2024_UT_Senate_REP,1
2024,UT,Senate,,REP,Trent Staggs,staggs t,5.0,Noble Predictive Insights,283.0,rv,4/16/24,2024-06-25,2024_UT_Senate_REP,0
2024,UT,Senate,,REP,Jason Walton,walton j,2.0,Noble Predictive Insights,283.0,rv,4/16/24,2024-06-25,2024_UT_Senate_REP,0
2024,UT,Senate,,REP,Brad Wilson,wilson b,10.0,Noble Predictive Insights,283.0,rv,4/16/24,2024-06-25,2024_UT_Senate_REP,0
2024,UT,Senate,,REP,John Curtis,curtis j,18.0,Dan Jones & Associates,428.0,rv,1/21/24,2024-06-25,2024_UT_Senate_REP,1
2024,UT,Senate,,REP,Trent Staggs,staggs t,3.0,Dan Jones & Associates,428.0,rv,1/21/24,2024-06-25,2024_UT_Senate_REP,0
2024,UT,Senate,,REP,Jason Walton,walton j,1.0,Dan Jones & Associates,428.0,rv,1/21/24,2024-06-25,2024_UT_Senate_REP,0
2024,UT,Senate,,REP,Brad Wilson,wilson b,8.0,Dan Jones & Associates,428.0,rv,1/21/24,2024-06-25,2024_UT_Senate_REP,0
2024,UT,Senate,,REP,John Curtis,curtis j,40.0,Guidant Polling and Strategy,600.0,rv,12/5/23,2024-06-25,2024_UT_Senate_REP,1
2024,UT,Senate,,REP,Trent Staggs,staggs t,6.0,Guidant Polling and Strategy,600.0,rv,12/5/23,2024-06-25,2024_UT_Senate_REP,0
2024,UT,Senate,,REP,Brad Wilson,wilson b,11.0,Guidant Polling and Strategy,600.0,rv,12/5/23,2024-06-25,2024_UT_Senate_REP,0
2024,UT,Senate,,REP,Mitt Romney,romney m,44.0,Dan Jones & Associates,803.0,rv,8/14/23,2024-06-25,2024_UT_Senate_REP,0
2024,UT,Senate,,REP,Trent Staggs,staggs t,3.0,Dan Jones & Associates,803.0,rv,8/14/23,2024-06-25,2024_UT_Senate_REP,0
2024,UT,Senate,,REP,Brad Wilson,wilson b,6.0,Dan Jones & Associates,803.0,rv,8/14/23,2024-06-25,2024_UT_Senate_REP,0
2024,UT,Senate,,REP,Deidre Henderson,henderson d,3.0,Noble Predictive Insights,301.0,rv,7/18/23,2024-06-25,2024_UT_Senate_REP,0
2024,UT,Senate,,REP,Mike Kennedy,kennedy m,5.0,Noble Predictive Insights,301.0,rv,7/18/23,2024-06-25,2024_UT_Senate_REP,0
2024,UT,Senate,,REP,Sean Reyes,reyes s,13.0,Noble Predictive Insights,301.0,rv,7/18/23,2024-06-25,2024_UT_Senate_REP,0
2024,UT,Senate,,REP,Mitt Romney,romney m,30.0,Noble Predictive Insights,301.0,rv,7/18/23,2024-06-25,2024_UT_Senate_REP,0
2024,UT,Senate,,REP,Trent Staggs,staggs t,3.0,Noble Predictive Insights,301.0,rv,7/18/23,2024-06-25,2024_UT_Senate_REP,0
2024,UT,Senate,,REP,Brad Wilson,wilson b,5.0,Noble Predictive Insights,301.0,rv,7/18/23,2024-06-25,2024_UT_Senate_REP,0
2024,VA,Senate,,REP,Hung Cao,cao h,36.0,Fabrizio Ward (R)/ Impact Research,500.0,rv,4/28/24,2024-06-18,2024_VA_Senate_REP,1
2024,VA,Senate,,REP,Glenn Youngkin,youngkin g,42.0,Virginia Commonwealth University,804.0,a,7/25/23,2024-06-18,2024_VA_Senate_REP,0
2024,VA,Senate,,REP,Glenn Youngkin,youngkin g,39.0,University of Mary Washington,1000.0,a,9/12/22,2024-06-18,2024_VA_Senate_REP,0
2024,WI,Senate,,REP,David Clarke,clarke d,52.0,Public Policy Polling,503.0,lv,12/12/23,2024-08-13,2024_WI_Senate_REP,0
2024,WI,Senate,,REP,Eric Hovde,hovde e,7.000000000000001,Public Policy Polling,503.0,lv,12/12/23,2024-08-13,2024_WI_Senate_REP,1
2024,WI,Senate,,REP,Scott Mayer,mayer s,6.0,Public Policy Polling,503.0,lv,12/12/23,2024-08-13,2024_WI_Senate_REP,0
2024,WI,Senate,,REP,David Clarke,clarke d,40.0,Public Policy Polling,507.0,lv,6/6/23,2024-08-13,2024_WI_Senate_REP,0
2024,WI,Senate,,REP,Mike Gallagher,gallagher m,20.0,Public Policy Polling,507.0,lv,6/6/23,2024-08-13,2024_WI_Senate_REP,0
2024,WI,Senate,,REP,Eric Hovde,hovde e,3.0,Public Policy Polling,507.0,lv,6/6/23,2024-08-13,2024_WI_Senate_REP,1
2024,WI,Senate,,REP,Tom Tiffany,tiffany t,10.0,Public Policy Polling,507.0,lv,6/6/23,2024-08-13,2024_WI_Senate_REP,0
2024,WI,Senate,,REP,Eric Hovde,hovde e,42.0,TIPP Insights,1015.0,rv,8/14/24,2024-08-13,2024_WI_Senate_REP,1
2024,WI,Senate,,REP,Eric Hovde,hovde e,41.0,The Bullfinch Group,500.0,rv,8/11/24,2024-08-13,2024_WI_Senate_REP,1
2024,WI,Senate,,REP,Eric Hovde,hovde e,43.0,New York Times / Siena College,661.0,rv,8/8/24,2024-08-13,2024_WI_Senate_REP,1
2024,WI,Senate,,REP,Eric Hovde,hovde e,43.0,BSG (R)/ GS Strategy Group,404.0,lv,8/2/24,2024-08-13,2024_WI_Senate_REP,1
2024,WI,Senate,,REP,Eric Hovde,hovde e,43.0,Fox News,1046.0,rv,7/24/24,2024-08-13,2024_WI_Senate_REP,1
2024,WI,Senate,,REP,Eric Hovde,hovde e,43.0,Emerson College,845.0,rv,7/23/24,2024-08-13,2024_WI_Senate_REP,1
2024,WI,Senate,,REP,Eric Hovde,hovde e,43.0,YouGov,900.0,rv,7/12/24,2024-08-13,2024_WI_Senate_REP,1
2024,WI,Senate,,REP,Eric Hovde,hovde e,43.0,Public Policy Polling,548.0,rv,7/11/24,2024-08-13,2024_WI_Senate_REP,1
2024,WI,Senate,,REP,Eric Hovde,hovde e,41.0,North Star Opinion Research,600.0,lv,7/10/24,2024-08-13,2024_WI_Senate_REP,1
2024,WI,Senate,,REP,Eric Hovde,hovde e,38.0,SoCal Strategies,490.0,rv,7/2/24,2024-08-13,2024_WI_Senate_REP,1
2024,WI,Senate,,REP,Eric Hovde,hovde e,45.0,Fabrizio Ward (R)/ Impact Research,600.0,lv,7/2/24,2024-08-13,2024_WI_Senate_REP,1
2024,WI,Senate,,REP,Eric Hovde,hovde e,48.0,Remington Research Group,593.0,lv,7/1/24,2024-08-13,2024_WI_Senate_REP,1
2024,WI,Senate,,REP,Eric Hovde,hovde e,38.0,Marquette University,871.0,rv,6/20/24,2024-08-13,2024_WI_Senate_REP,1
2024,WI,Senate,,REP,Eric Hovde,hovde e,44.0,Emerson College,1000.0,rv,6/18/24,2024-08-13,2024_WI_Senate_REP,1
2024,WI,Senate,,REP,Eric Hovde,hovde e,38.0,Mainstreet Research / FAU,338.0,rv,5/31/24,2024-08-13,2024_WI_Senate_REP,1
2024,WI,Senate,,REP,Eric Hovde,hovde e,42.0,KAConsulting,600.0,rv,5/19/24,2024-08-13,2024_WI_Senate_REP,1
2024,WI,Senate,,REP,Eric Hovde,hovde e,37.0,BSG (R)/ GS Strategy Group,503.0,lv,5/13/24,2024-08-13,2024_WI_Senate_REP,1
2024,WI,Senate,,REP,Eric Hovde,hovde e,40.0,New York Times / Siena College,614.0,rv,5/9/24,2024-08-13,2024_WI_Senate_REP,1
2024,WI,Senate,,REP,Eric Hovde,hovde e,42.0,Quinnipiac University,1457.0,rv,5/6/24,2024-08-13,2024_WI_Senate_REP,1
2024,WI,Senate,,REP,Eric Hovde,hovde e,43.0,Emerson College,1000.0,rv,4/29/24,2024-08-13,2024_WI_Senate_REP,1
2024,WI,Senate,,REP,Eric Hovde,hovde e,41.0,CBS News / YouGov,1245.0,lv,4/25/24,2024-08-13,2024_WI_Senate_REP,1
2024,WI,Senate,,REP,Eric Hovde,hovde e,47.0,Marquette University,814.0,rv,4/10/24,2024-08-13,2024_WI_Senate_REP,1
2024,WI,Senate,,REP,Eric Hovde,hovde e,42.0,Emerson College,1000.0,rv,3/18/24,2024-08-13,2024_WI_Senate_REP,1
2024,WI,Senate,,REP,Eric Hovde,hovde e,39.0,Emerson College,1000.0,rv,2/24/24,2024-08-13,2024_WI_Senate_REP,1
2024,WI,Senate,,REP,Mike Gallagher,gallagher m,46.0,"Fabrizio, Lee & Associates",500.0,lv,5/25/23,2024-08-13,2024_WI_Senate_REP,0
2024,WV,Senate,,REP,Jim Justice,justice j,60.0,Emerson College,558.0,lv,5/5/24,2024-05-14,2024_WV_Senate_REP,1
2024,WV,Senate,,REP,Alex Mooney,mooney a,30.0,Emerson College,558.0,lv,5/5/24,2024-05-14,2024_WV_Senate_REP,0
2024,WV,Senate,,REP,Jim Justice,justice j,67.0,Research America,407.0,lv,5/1/24,2024-05-14,2024_WV_Senate_REP,1
2024,WV,Senate,,REP,Alex Mooney,mooney a,23.0,Research America,407.0,lv,5/1/24,2024-05-14,2024_WV_Senate_REP,0
2024,WV,Senate,,REP,Jim Justice,justice j,49.0,Osage Research,400.0,lv,4/24/24,2024-05-14,2024_WV_Senate_REP,1
2024,WV,Senate,,REP,Alex Mooney,mooney a,35.0,Osage Research,400.0,lv,4/24/24,2024-05-14,2024_WV_Senate_REP,0
2024,WV,Senate,,REP,Jim Justice,justice j,60.0,NMB Research,500.0,lv,4/22/24,2024-05-14,2024_WV_Senate_REP,1
2024,WV,Senate,,REP,Alex Mooney,mooney a,24.0,NMB Research,500.0,lv,4/22/24,2024-05-14,2024_WV_Senate_REP,0
2024,WV,Senate,,REP,Jim Justice,justice j,66.0,Research America,400.0,lv,4/9/24,2024-05-14,2024_WV_Senate_REP,1
2024,WV,Senate,,REP,Alex Mooney,mooney a,24.0,Research America,400.0,lv,4/9/24,2024-05-14,2024_WV_Senate_REP,0
2024,WV,Senate,,REP,Jim Justice,justice j,54.0,Emerson College,735.0,lv,3/21/24,2024-05-14,2024_WV_Senate_REP,1
2024,WV,Senate,,REP,Alex Mooney,mooney a,17.0,Emerson College,735.0,lv,3/21/24,2024-05-14,2024_WV_Senate_REP,0
2024,WV,Senate,,REP,Jim Justice,justice j,56.00000000000001,American Pulse Research & Polling,414.0,lv,11/14/23,2024-05-14,2024_WV_Senate_REP,1
2024,WV,Senate,,REP,Alex Mooney,mooney a,20.0,American Pulse Research & Polling,414.0,lv,11/14/23,2024-05-14,2024_WV_Senate_REP,0
2024,WV,Senate,,REP,Jim Justice,justice j,62.0,"Fabrizio, Lee and Associates",600.0,lv,9/13/23,2024-05-14,2024_WV_Senate_REP,1
2024,WV,Senate,,REP,Alex Mooney,mooney a,23.0,"Fabrizio, Lee and Associates",600.0,lv,9/13/23,2024-05-14,2024_WV_Senate_REP,0
2024,WV,Senate,,REP,Jim Justice,justice j,57.99999999999999,Research America,402.0,rv,8/26/23,2024-05-14,2024_WV_Senate_REP,1
2024,WV,Senate,,REP,Alex Mooney,mooney a,26.0,Research America,402.0,rv,8/26/23,2024-05-14,2024_WV_Senate_REP,0
2024,WV,Senate,,REP,Jim Justice,justice j,56.00000000000001,Orion Strategies,651.0,lv,6/20/23,2024-05-14,2024_WV_Senate_REP,1
2024,WV,Senate,,REP,Alex Mooney,mooney a,19.0,Orion Strategies,651.0,lv,6/20/23,2024-05-14,2024_WV_Senate_REP,0
2024,WV,Senate,,REP,Jim Justice,justice j,53.0,East Carolina University,796.0,rv,5/23/23,2024-05-14,2024_WV_Senate_REP,1
2024,WV,Senate,,REP,Alex Mooney,mooney a,12.0,East Carolina University,796.0,rv,5/23/23,2024-05-14,2024_WV_Senate_REP,0
2024,WV,Senate,,REP,Jim Justice,justice j,45.0,co/efficient,753.0,lv,4/25/23,2024-05-14,2024_WV_Senate_REP,1
2024,WV,Senate,,REP,Alex Mooney,mooney a,17.0,co/efficient,753.0,lv,4/25/23,2024-05-14,2024_WV_Senate_REP,0
2024,WV,Senate,,REP,Jim Justice,justice j,43.0,National Public Affairs,360.0,lv,3/17/23,2024-05-14,2024_WV_Senate_REP,1
2024,WV,Senate,,REP,Alex Mooney,mooney a,21.0,National Public Affairs,360.0,lv,3/17/23,2024-05-14,2024_WV_Senate_REP,0
2024,WV,Senate,,REP,Patrick Morrisey,morrisey p,10.0,National Public Affairs,360.0,lv,3/17/23,2024-05-14,2024_WV_Senate_REP,0
2024,WV,Senate,,REP,Jim Justice,justice j,53.0,Tarrance Group,609.0,lv,2/7/23,2024-05-14,2024_WV_Senate_REP,1
2024,WV,Senate,,REP,Alex Mooney,mooney a,16.0,Tarrance Group,609.0,lv,2/7/23,2024-05-14,2024_WV_Senate_REP,0
2024,WV,Senate,,REP,Patrick Morrisey,morrisey p,21.0,Tarrance Group,609.0,lv,2/7/23,2024-05-14,2024_WV_Senate_REP,0
2024,WV,Senate,,REP,Jim Justice,justice j,41.0,Emerson College,539.0,rv,10/4/23,2024-05-14,2024_WV_Senate_REP,1
2024,WV,Senate,,REP,Jim Justice,justice j,47.0,Triton Polling & Research,762.0,rv,8/26/22,2024-05-14,2024_WV_Senate_REP,1
2024,WV,Senate,,REP,Jim Justice,justice j,37.0,Triton Polling & Research,783.0,lv,1/20/22,2024-05-14,2024_WV_Senate_REP,1
2024,WV,Senate,,REP,Alex Mooney,mooney a,31.0,Emerson College,539.0,rv,10/4/23,2024-05-14,2024_WV_Senate_REP,0
2024,WV,Senate,,REP,Alex Mooney,mooney a,45.0,Triton Polling & Research,762.0,rv,8/26/22,2024-05-14,2024_WV_Senate_REP,0
2024,WV,Senate,,REP,Alex Mooney,mooney a,28.000000000000004,Triton Polling & Research,783.0,lv,1/20/22,2024-05-14,2024_WV_Senate_REP,0
2024,WV,Senate,,REP,Patrick Morrisey,morrisey p,50.0,Triton Polling & Research,762.0,rv,8/26/22,2024-05-14,2024_WV_Senate_REP,0
2024,WV,Senate,,REP,Patrick Morrisey,morrisey p,28.999999999999996,Triton Polling & Research,783.0,lv,1/20/22,2024-05-14,2024_WV_Senate_REP,0
2024,WV,Senate,,REP,Jim Justice,justice j,49.0,Tarrance Group,500.0,lv,9/26/23,2024-05-14,2024_WV_Senate_REP,1
