race_id,party,candidate,votes,pct,table_seq,is_winner,cand_key
1998_AL_Governor_REP,REP,Fob James,253965,55.92,2,True,james f
1998_AL_Governor_REP,REP,Winton Blount,200200,44.08,2,False,blount w
1998_AL_Governor_DEM,DEM,Don Siegelman,254507,78.26,3,True,siegelman d
1998_AL_Governor_DEM,DEM,Lenora Pate,53618,16.49,3,False,pate l
1998_AL_Governor_DEM,DEM,Wayne Sowell,10108,3.11,3,False,sowell w
1998_AL_Governor_DEM,DEM,Lee Lamb,6597,2.03,3,False,lamb l
1998_AR_Governor_DEM,DEM,Bill Bristow,129639,55.22,1,True,bristow b
1998_AR_Governor_DEM,DEM,Johnny Hoyt,90057,38.36,1,False,hoyt j
1998_AR_Governor_DEM,DEM,Dirk Anderson,15072,6.42,1,False,anderson d
1998_AR_Governor_REP,REP,Mike Huckabee,64819,63.56,2,True,huckabee m
1998_AR_Governor_REP,REP,Gene McVay,37160,36.44,2,False,mcvay g
1998_AR_Senate_DEM,DEM,Blanche Lincoln,145009,45.5,1,True,lincoln b
1998_AR_Senate_DEM,DEM,Winston Bryant,87183,27.4,1,False,bryant w
1998_AR_Senate_DEM,DEM,Scott Ferguson,44761,14.0,1,False,ferguson s
1998_AR_Senate_DEM,DEM,Nate Coulter,41848,13.1,1,False,coulter n
1998_AR_Senate_REP,REP,Fay Boozman,128929,78.0,2,True,boozman f
1998_AR_Senate_REP,REP,Tom Prince,44006,22.0,2,False,prince t
1998_AZ_Governor_DEM,DEM,Paul Johnson,109044,100.0,1,True,johnson p
1998_AZ_Governor_REP,REP,Jane Dee Hull,177324,76.52,2,True,hull j
1998_AZ_Governor_REP,REP,Jim Howl,30699,13.25,2,False,howl j
1998_AZ_Governor_REP,REP,Charles Brown,23710,10.23,2,False,brown c
1998_CA_Senate_DEM,DEM,Barbara Boxer,2574264,92.15,1,True,boxer b
1998_CA_Senate_DEM,DEM,John Pinkerton,219250,7.85,1,False,pinkerton j
1998_CA_Senate_REP,REP,Matt Fong,1292662,45.28,2,True,fong m
1998_CA_Senate_REP,REP,Darrell Issa,1142567,40.02,2,False,issa d
1998_CA_Senate_REP,REP,Frank Riggs,295886,10.36,2,False,riggs f
1998_CA_Senate_REP,REP,John M. Brown,48941,1.71,2,False,brown j
1998_CA_Senate_REP,REP,Mark Raus,45480,1.59,2,False,raus m
1998_CA_Senate_REP,REP,Linh Dao,29241,1.02,2,False,dao l
1998_CO_Governor_DEM,DEM,Gail Schoettler,80038,55.51,1,True,schoettler g
1998_CO_Governor_DEM,DEM,Mike Feeley,64034,44.41,1,False,feeley m
1998_CO_Governor_DEM,DEM,Write-ins,125,0.09,1,False,writeins
1998_CO_Governor_REP,REP,Bill Owens,126816,59.2,2,True,owens b
1998_CO_Governor_REP,REP,Tom Norton,87214,40.71,2,False,norton t
1998_CO_Governor_REP,REP,Write-ins,186,0.09,2,False,writeins
1998_CO_Senate_DEM,DEM,Dottie Lamm,84929,57.98,1,True,lamm d
1998_CO_Senate_DEM,DEM,Gil Romero,61548,42.02,1,False,romero g
1998_CO_Senate_REP,REP,Ben Nighthorse Campbell,154702,70.62,2,True,campbell b
1998_CO_Senate_REP,REP,Bill Eggert,64347,29.38,2,False,eggert b
1998_FL_Governor_DEM,DEM,Buddy MacKay,1244044,100.0,1,True,mackay b
1998_FL_Governor_REP,REP,Jeb Bush,998566,100.0,2,True,bush j
1998_FL_Senate_DEM,DEM,Bob Graham,909349,100.0,1,True,graham b
1998_FL_Senate_REP,REP,Charlie Crist,365894,66.4,2,True,crist c
1998_FL_Senate_REP,REP,Andy Martin,184739,33.6,2,False,martin a
1998_GA_Governor_DEM,DEM,Roy Barnes,221651,82.9,2,True,barnes r
1998_GA_Governor_DEM,DEM,Lewis A. Massey,45735,17.1,2,False,massey l
1998_GA_Governor_REP,REP,Guy Millner,210845,50.38,3,True,millner g
1998_GA_Governor_REP,REP,Mike Bowers,167074,39.92,3,False,bowers m
1998_GA_Governor_REP,REP,Nancy Schaefer,32315,7.72,3,False,schaefer n
1998_GA_Governor_REP,REP,Bruce Hatfield,8308,1.98,3,False,hatfield b
1998_GA_Senate_DEM,DEM,Michael Coles,312765,76.14,1,True,coles m
1998_GA_Senate_DEM,DEM,Jimmy Allen Boyd,98020,23.86,1,False,boyd j
1998_HI_Governor_DEM,DEM,Ben Cayetano,95797,86.4,1,True,cayetano b
1998_HI_Governor_DEM,DEM,Jim Brewer,6169,5.56,1,False,brewer j
1998_HI_Governor_DEM,DEM,Richard C. S. Ho,3024,2.73,1,False,ho r
1998_HI_Governor_DEM,DEM,Fred K. Tamura,2740,2.47,1,False,tamura f
1998_HI_Governor_DEM,DEM,Raymond N. Onaga,1651,1.49,1,False,onaga r
1998_HI_Governor_DEM,DEM,Miles F. Shiratori,1499,1.35,1,False,shiratori m
1998_HI_Governor_REP,REP,Linda Lingle,109061,69.22,2,True,lingle l
1998_HI_Governor_REP,REP,Frank F. Fasi,48488,30.78,2,False,fasi f
1998_IA_Governor_DEM,DEM,Tom Vilsack,59130,51.2,1,True,vilsack t
1998_IA_Governor_DEM,DEM,Mark McCormick,55950,48.45,1,False,mccormick m
1998_IA_Governor_DEM,DEM,Write-ins,410,0.36,1,False,writeins
1998_IA_Governor_REP,REP,Jim Ross Lightfoot,113499,69.89,2,True,lightfoot j
1998_IA_Governor_REP,REP,David A. Oman,35402,21.8,2,False,oman d
1998_IA_Governor_REP,REP,Paul Pate,13299,8.19,2,False,pate p
1998_IA_Governor_REP,REP,Write-ins,193,0.12,2,False,writeins
1998_IA_Senate_DEM,DEM,David Osterberg,86064,99.45,1,True,osterberg d
1998_IA_Senate_DEM,DEM,Write-ins,476,0.55,1,False,writeins
1998_IA_Senate_REP,REP,Chuck Grassley,149943,99.72,2,True,grassley c
1998_IA_Senate_REP,REP,Write-ins,419,0.28,2,False,writeins
1998_IL_Senate_DEM,DEM,Carol Moseley Braun,666419,100.0,1,True,braun c
1998_IL_Senate_REP,REP,Peter Fitzgerald,372916,51.83,2,True,fitzgerald p
1998_IL_Senate_REP,REP,Loleta Didrickson,346606,48.17,2,False,didrickson l
1998_KS_Governor_DEM,DEM,Tom Sawyer,88248,85.28,1,True,sawyer t
1998_KS_Governor_DEM,DEM,Fred Phelps,15233,14.72,1,False,phelps f
1998_KS_Governor_REP,REP,Bill Graves,225782,72.8,2,True,graves b
1998_KS_Governor_REP,REP,David Miller,84368,27.2,2,False,miller d
1998_KS_Senate_DEM,DEM,Paul Feleciano,58097,58.73,1,True,feleciano p
1998_KS_Senate_DEM,DEM,Todd Covault,40825,41.27,1,False,covault t
1998_KS_Senate_REP,REP,Sam Brownback,255747,100.0,2,True,brownback s
1998_KY_Senate_DEM,DEM,Scotty Baesler,194125,34.16,1,True,baesler s
1998_KY_Senate_DEM,DEM,Charlie Owen,166472,29.29,1,False,owen c
1998_KY_Senate_DEM,DEM,Steve Henry,156576,27.55,1,False,henry s
1998_KY_Senate_DEM,DEM,Jim Brown,19975,3.51,1,False,brown j
1998_KY_Senate_DEM,DEM,David L. Williams,16366,2.88,1,False,williams d
1998_KY_Senate_DEM,DEM,Ken Buchanan Thompson,14778,2.6,1,False,thompson k
1998_KY_Senate_REP,REP,Jim Bunning,152493,74.28,2,True,bunning j
1998_KY_Senate_REP,REP,Barry Metcalf,52798,25.72,2,False,metcalf b
1998_MA_Governor_REP,REP,Paul Cellucci,136258,58.57,1,True,cellucci p
1998_MA_Governor_REP,REP,Joe Malone,95963,41.25,1,False,malone j
1998_MA_Governor_DEM,DEM,Scott Harshbarger,296212,51.35,2,True,harshbarger s
1998_MA_Governor_DEM,DEM,Patricia McGovern,180429,31.28,2,False,mcgovern p
1998_MA_Governor_DEM,DEM,Brian J. Donnelly,98774,17.12,2,False,donnelly b
1998_MD_Governor_DEM,DEM,Parris Glendening,296863,70.09,1,True,glendening p
1998_MD_Governor_DEM,DEM,Eileen M. Rehrmann,56806,13.41,1,False,rehrmann e
1998_MD_Governor_DEM,DEM,Terence McGuire,46124,10.89,1,False,mcguire t
1998_MD_Governor_DEM,DEM,Lawrence K. Freeman,23752,5.61,1,False,freeman l
1998_MD_Governor_REP,REP,Ellen Sauerbrey,175633,81.03,2,True,sauerbrey e
1998_MD_Governor_REP,REP,Charles I. Ecker,41126,18.97,2,False,ecker c
1998_MD_Senate_DEM,DEM,Barbara A. Mikulski,349382,84.36,1,True,mikulski b
1998_MD_Senate_DEM,DEM,Ann L. Mallory,43120,10.41,1,False,mallory a
1998_MD_Senate_DEM,DEM,Kauko H. Kokkonen,21658,5.23,1,False,kokkonen k
1998_MD_Senate_REP,REP,Ross Z. Pierpont,32691,18.4,2,True,pierpont r
1998_MD_Senate_REP,REP,John Taylor,22855,12.87,2,False,taylor j
1998_MD_Senate_REP,REP,Michael Gloth,19926,11.22,2,False,gloth m
1998_MD_Senate_REP,REP,Kenneth Wayman,16505,9.29,2,False,wayman k
1998_MD_Senate_REP,REP,Bradlyn McClanahan,16439,9.25,2,False,mcclanahan b
1998_MD_Senate_REP,REP,Howard David Greyber,16177,9.11,2,False,greyber h
1998_MD_Senate_REP,REP,John Stafford,15031,8.46,2,False,stafford j
1998_MD_Senate_REP,REP,George Liebmann,14440,8.13,2,False,liebmann g
1998_MD_Senate_REP,REP,Barry Steve Asbury,11881,6.69,2,False,asbury b
1998_MD_Senate_REP,REP,Thomas Scott,11707,6.59,2,False,scott t
1998_ME_Governor_DEM,DEM,Thomas J. Connolly,36954,81.72,1,True,connolly t
1998_ME_Governor_DEM,DEM,Joseph Ricci,8264,18.28,1,False,ricci j
1998_ME_Governor_REP,REP,"James B. Longley, Jr.",38192,66.04,2,True,longley j
1998_ME_Governor_REP,REP,Henry L. Joy,11411,19.73,2,False,joy h
1998_ME_Governor_REP,REP,Leo G. Martin,8229,14.23,2,False,martin l
1998_MI_Governor_REP,REP,John Engler,477628,89.6,1,True,engler j
1998_MI_Governor_REP,REP,Gary Artinian,55453,10.4,1,False,artinian g
1998_MI_Governor_DEM,DEM,Geoffrey Fieger,300458,41.18,2,True,fieger g
1998_MI_Governor_DEM,DEM,Larry Owen,272360,37.33,2,False,owen l
1998_MI_Governor_DEM,DEM,Doug Ross,156847,21.5,2,False,ross d
1998_MN_Governor_REP,REP,Norm Coleman,127957,91.32,2,True,coleman n
1998_MN_Governor_REP,REP,Bill Dahn,12167,8.68,2,False,dahn b
1998_NC_Senate_DEM,DEM,John Edwards,277468,51.38,1,True,edwards j
1998_NC_Senate_DEM,DEM,D. G. Martin,149049,27.6,1,False,martin d
1998_NC_Senate_DEM,DEM,Ella Scarborough,55486,10.28,1,False,scarborough e
1998_NC_Senate_DEM,DEM,Bob Ayers Jr.,22477,4.16,1,False,ayers b
1998_NC_Senate_DEM,DEM,Mike Robinson,20178,3.74,1,False,robinson m
1998_NC_Senate_DEM,DEM,James Carmack,8200,1.52,1,False,carmack j
1998_NC_Senate_DEM,DEM,Gene Gay,7173,1.33,1,False,gay g
1998_NE_Governor_DEM,DEM,Bill Hoppner,72887,65.39,1,True,hoppner b
1998_NE_Governor_DEM,DEM,James D. McFarland,33890,30.41,1,False,mcfarland j
1998_NE_Governor_DEM,DEM,Robb Nimic,1621,1.45,1,False,nimic r
1998_NE_Governor_DEM,DEM,Write-ins,1606,1.44,1,False,writeins
1998_NE_Governor_DEM,DEM,Luis R. Calvillo,1455,1.31,1,False,calvillo l
1998_NE_Governor_REP,REP,Mike Johanns,88173,40.02,2,True,johanns m
1998_NE_Governor_REP,REP,John Breslow,65806,29.87,2,False,breslow j
1998_NE_Governor_REP,REP,Jon Christensen,62107,28.19,2,False,christensen j
1998_NE_Governor_REP,REP,Barry Richards,2036,0.92,2,False,richards b
1998_NE_Governor_REP,REP,Lavern Bartels,1908,0.87,2,False,bartels l
1998_NE_Governor_REP,REP,Write-ins,285,0.13,2,False,writeins
1998_NH_Senate_REP,REP,Judd Gregg,63729,85.48,2,True,gregg j
1998_NH_Senate_REP,REP,Phil Weber,10784,38.21,2,False,weber p
1998_NH_Senate_REP,REP,Write-ins,42,0.06,2,False,writeins
1998_NM_Governor_DEM,DEM,Martin J. Chávez,82147,48.11,1,True,chavez m
1998_NM_Governor_DEM,DEM,Gary K. King,51847,30.37,1,False,king g
1998_NM_Governor_DEM,DEM,Jerry Apodaca,16303,9.55,1,False,apodaca j
1998_NM_Governor_DEM,DEM,Robert E. Vigil,10483,6.14,1,False,vigil r
1998_NM_Governor_DEM,DEM,Reese P. Fullerton,5800,3.4,1,False,fullerton r
1998_NM_Governor_DEM,DEM,Ben Chavez,4127,2.42,1,False,chavez b
1998_NM_Governor_DEM,DEM,Frances Salas,29,0.02,1,False,salas f
1998_NM_Governor_REP,REP,Gary Johnson,64669,100.0,2,True,johnson g
1998_NV_Governor_DEM,DEM,Jan Laverty Jones,62495,59.62,1,True,jones j
1998_NV_Governor_DEM,DEM,Joe Neal,16646,15.88,1,False,neal j
1998_NV_Governor_DEM,DEM,"Patrick Matthew ""Pat"" Fitzpatrick",3468,3.31,1,False,fitzpatrick p
1998_NV_Governor_DEM,DEM,Barbara Scott,3213,3.07,1,False,scott b
1998_NV_Governor_DEM,DEM,Jim Champagne,1964,1.87,1,False,champagne j
1998_NV_Governor_DEM,DEM,"Burvle ""Ed"" Swindle",1591,1.52,1,False,swindle b
1998_NV_Governor_DEM,DEM,Caeser D. Adamson,1178,1.12,1,False,adamson c
1998_NV_Governor_DEM,DEM,John Geremia,781,0.75,1,False,geremia j
1998_NV_Governor_DEM,DEM,Carlo Poliak,630,0.6,1,False,poliak c
1998_NV_Governor_REP,REP,Kenny Guinn,76953,58.14,2,True,guinn k
1998_NV_Governor_REP,REP,Aaron Russo,34251,25.88,2,False,russo a
1998_NV_Governor_REP,REP,Lonnie Hammargren,13410,10.13,2,False,hammargren l
1998_NV_Governor_REP,REP,Bruce Westcott,1956,1.48,2,False,westcott b
1998_NV_Senate_REP,REP,John Ensign,105263,80.57,1,True,ensign j
1998_NV_Senate_REP,REP,Ralph W. Stephens,13679,10.47,1,False,stephens r
1998_NV_Senate_REP,REP,None of these candidates,11704,8.96,1,False,candidates n
1998_NY_Governor_DEM,DEM,Peter Vallone Sr.,416147,56.38,1,True,vallone p
1998_NY_Governor_DEM,DEM,Betsy McCaughey Ross,156592,21.22,1,False,ross b
1998_NY_Governor_DEM,DEM,Charles Hynes,109333,14.81,1,False,hynes c
1998_NY_Governor_DEM,DEM,James LaRocca,56011,7.59,1,False,larocca j
1998_NY_Senate_DEM,DEM,Chuck Schumer,388701,50.84,1,True,schumer c
1998_NY_Senate_DEM,DEM,Geraldine Ferraro,201625,26.37,1,False,ferraro g
1998_NY_Senate_DEM,DEM,Mark Green,145819,19.07,1,False,green m
1998_NY_Senate_DEM,DEM,Eric Ruano-Melendez,28493,3.73,1,False,ruanomelendez e
1998_OH_Governor_DEM,DEM,Lee Fisher,663832,100.0,1,True,fisher l
1998_OH_Governor_REP,REP,Bob Taft,691946,100.0,2,True,taft b
1998_OR_Governor_DEM,DEM,John Kitzhaber,271781,87.74,1,True,kitzhaber j
1998_OR_Governor_DEM,DEM,Dave Foley,23870,7.71,1,False,foley d
1998_OR_Governor_DEM,DEM,Paul Damian Wells,11933,3.85,1,False,wells p
1998_OR_Governor_DEM,DEM,Scattering,2161,0.7,1,False,scattering
1998_OR_Governor_REP,REP,Bill Sizemore,108036,50.35,2,True,sizemore b
1998_OR_Governor_REP,REP,Walter Huss,39186,18.26,2,False,huss w
1998_OR_Governor_REP,REP,Jeffrey Brady,34460,16.06,2,False,brady j
1998_OR_Governor_REP,REP,Bill Spidal,25373,11.83,2,False,spidal b
1998_OR_Governor_REP,REP,Scattering,7510,3.5,2,False,scattering
1998_PA_Governor_DEM,DEM,Ivan Itkin,255555,49.17,1,True,itkin i
1998_PA_Governor_DEM,DEM,Don Bailey,200451,38.57,1,False,bailey d
1998_PA_Governor_DEM,DEM,Bill Keisling,63696,12.26,1,False,keisling b
1998_RI_Governor_DEM,DEM,Myrth York,53561,82.89,2,True,york m
1998_RI_Governor_DEM,DEM,Jack Dennison Potter,11055,17.11,2,False,potter j
1998_SC_Senate_REP,REP,Bob Inglis,115029,74.6,1,True,inglis b
1998_SC_Senate_REP,REP,Stephen Brown,33530,21.7,1,False,brown s
1998_SC_Senate_REP,REP,Elton Legrand,5634,3.7,1,False,legrand e
1998_SD_Senate_REP,REP,Ron Schmidt,26540,52.01,1,True,schmidt r
1998_SD_Senate_REP,REP,Alan Aker,19200,37.62,1,False,aker a
1998_SD_Senate_REP,REP,John M. Sanders,5292,10.37,1,False,sanders j
1998_VT_Governor_REP,REP,Ruth Dwyer,30224,57.5,2,True,dwyer r
1998_VT_Governor_REP,REP,Bernie Rome,21196,40.3,2,False,rome b
1998_VT_Governor_REP,REP,Other,1111,2.1,2,False,other
1998_VT_Senate_REP,REP,Fred Tuttle,28355,53.69,3,True,tuttle f
1998_VT_Senate_REP,REP,Jack McMullen,23321,44.16,3,False,mcmullen j
1998_VT_Senate_REP,REP,Write-ins,1137,2.15,3,False,writeins
1998_WI_Governor_REP,REP,Tommy G. Thompson,229916,83.55,1,True,thompson t
1998_WI_Governor_REP,REP,Jeffrey A. Hyslop,45262,16.45,1,False,hyslop j
2000_CA_Senate_DEM,DEM,Dianne Feinstein,3759560,95.5,1,True,feinstein d
2000_CA_Senate_DEM,DEM,Michael Schmier,181104,4.5,1,False,schmier m
2000_CA_Senate_REP,REP,Tom Campbell,1697208,56.17,2,True,campbell t
2000_CA_Senate_REP,REP,Ray Haynes,679034,22.47,2,False,haynes r
2000_CA_Senate_REP,REP,Bill Horn,453630,15.01,2,False,horn b
2000_CA_Senate_REP,REP,John M. Brown,68415,2.26,2,False,brown j
2000_CA_Senate_REP,REP,Linh Dao,64559,2.14,2,False,dao l
2000_CA_Senate_REP,REP,James Peter Gough,58853,1.95,2,False,gough j
2000_FL_Senate_REP,REP,Bill McCollum,660592,81.13,1,True,mccollum b
2000_FL_Senate_REP,REP,Hamilton A. S. Bartlett,153613,18.87,1,False,bartlett h
2000_FL_Senate_DEM,DEM,Bill Nelson,692147,77.48,2,True,nelson b
2000_FL_Senate_DEM,DEM,Newall Jerome Daughtrey,105650,11.83,2,False,daughtrey n
2000_FL_Senate_DEM,DEM,David B. Higginbottom,95492,10.69,2,False,higginbottom d
2000_MN_Senate_REP,REP,Rod Grams,112335,89.11,2,True,grams r
2000_MN_Senate_REP,REP,William Paul Dahn,13728,10.89,2,False,dahn w
2000_MO_Governor_REP,REP,Jim Talent,296159,84.49,1,True,talent j
2000_MO_Governor_REP,REP,Jen Sievers,33674,9.61,1,False,sievers j
2000_MO_Governor_REP,REP,Elgar Macy,20681,5.9,1,False,macy e
2000_MO_Governor_DEM,DEM,Bob Holden,362457,100.0,2,True,holden b
2000_MO_Senate_DEM,DEM,Mel Carnahan,323841,78.2,1,True,carnahan m
2000_MO_Senate_DEM,DEM,Ronald Waggoner,90251,21.8,1,False,waggoner r
2000_MO_Senate_REP,REP,John Ashcroft,327442,89.6,2,True,ashcroft j
2000_MO_Senate_REP,REP,Marc Perkel,38103,10.4,2,False,perkel m
2000_MT_Governor_DEM,DEM,Mark O'Keefe,46294,48.04,1,True,okeefe m
2000_MT_Governor_DEM,DEM,Joseph Mazurek,34385,35.69,1,False,mazurek j
2000_MT_Governor_DEM,DEM,Mike Cooney,15677,16.27,1,False,cooney m
2000_MT_Governor_REP,REP,Judy Martz,64278,56.88,2,True,martz j
2000_MT_Governor_REP,REP,Rob Natelson,48738,43.12,2,False,natelson r
2000_MT_Senate_DEM,DEM,Brian Schweitzer,59189,66.18,1,True,schweitzer b
2000_MT_Senate_DEM,DEM,John Driscoll,30242,33.82,1,False,driscoll j
2000_MT_Senate_REP,REP,Conrad Burns,102125,100.0,2,True,burns c
2000_NC_Governor_DEM,DEM,Mike Easley,330764,58.86,1,True,easley m
2000_NC_Governor_DEM,DEM,Dennis A. Wicker,203723,36.25,1,False,wicker d
2000_NC_Governor_DEM,DEM,Bob Ayers,9224,1.64,1,False,ayers b
2000_NC_Governor_DEM,DEM,Ken Rogers,7998,1.42,1,False,rogers k
2000_NC_Governor_REP,REP,Richard Vinroot,142820,45.48,2,True,vinroot r
2000_NC_Governor_REP,REP,N. Leo Daughtry,116115,36.97,2,False,daughtry n
2000_NC_Governor_REP,REP,Charles Neely,48101,15.32,2,False,neely c
2000_NC_Governor_REP,REP,Art Manning,7019,2.23,2,False,manning a
2000_NE_Senate_DEM,DEM,Ben Nelson,105661,92.12,1,True,nelson b
2000_NE_Senate_DEM,DEM,Al Hamburg,8482,7.39,1,False,hamburg a
2000_NE_Senate_DEM,DEM,Write-ins,558,0.49,1,False,writeins
2000_NE_Senate_REP,REP,Don Stenberg,94394,49.99,2,True,stenberg d
2000_NE_Senate_REP,REP,Scott Moore,41120,21.77,2,False,moore s
2000_NE_Senate_REP,REP,David Hergert,32228,17.07,2,False,hergert d
2000_NE_Senate_REP,REP,George Grogan,8293,4.39,2,False,grogan g
2000_NE_Senate_REP,REP,John DeCamp,7469,3.96,2,False,decamp j
2000_NE_Senate_REP,REP,Elliott Rustad,5317,2.82,2,False,rustad e
2000_NE_Senate_REP,REP,Write-ins,21,0.01,2,False,writeins
2000_NH_Governor_DEM,DEM,Jeanne Shaheen,45249,60.41,1,True,shaheen j
2000_NH_Governor_DEM,DEM,Mark Fernald,28488,38.03,1,False,fernald m
2000_NH_Governor_DEM,DEM,Write-ins,1164,1.55,1,False,writeins
2000_NH_Governor_REP,REP,Gordon Humphrey,54134,51.86,2,True,humphrey g
2000_NH_Governor_REP,REP,Jim Squires,23582,22.59,2,False,squires j
2000_NH_Governor_REP,REP,Jeffrey R. Howard,21734,20.82,2,False,howard j
2000_NH_Governor_REP,REP,Fred Bramante,2500,2.39,2,False,bramante f
2000_NH_Governor_REP,REP,Write-ins,1851,1.77,2,False,writeins
2000_NH_Governor_REP,REP,Jim Marron,584,0.56,2,False,marron j
2000_NJ_Senate_DEM,DEM,Jon Corzine,251216,57.96,1,True,corzine j
2000_NJ_Senate_DEM,DEM,James Florio,182212,42.04,1,False,florio j
2000_NJ_Senate_REP,REP,Bob Franks,98370,35.7,2,True,franks b
2000_NJ_Senate_REP,REP,William Gormley,94010,34.1,2,False,gormley w
2000_NJ_Senate_REP,REP,James W. Treffinger,48674,17.7,2,False,treffinger j
2000_NJ_Senate_REP,REP,Murray Sabrin,34629,12.6,2,False,sabrin m
2000_NM_Senate_DEM,DEM,Jeff Bingaman,124887,100.0,1,True,bingaman j
2000_NM_Senate_REP,REP,Bill Redmond,43780,60.39,2,True,redmond b
2000_NM_Senate_REP,REP,Steve Pearce,15628,21.56,2,False,pearce s
2000_NM_Senate_REP,REP,William F. Davis,13083,18.05,2,False,davis w
2000_NV_Senate_REP,REP,John Ensign,95904,88.03,1,True,ensign j
2000_NV_Senate_REP,REP,Richard Hamzik,6202,5.69,1,False,hamzik r
2000_NV_Senate_REP,REP,None of these candidates,5290,4.86,1,False,candidates n
2000_NV_Senate_REP,REP,"Fernando Platin, Jr.",1543,1.42,1,False,platin f
2000_OH_Senate_REP,REP,Mike DeWine,1029860,79.51,1,True,dewine m
2000_OH_Senate_REP,REP,Ronald Richard Dickson,161185,12.44,1,False,dickson r
2000_OH_Senate_REP,REP,Frank Cremeans,104219,8.05,1,False,cremeans f
2000_OH_Senate_DEM,DEM,Ted Celeste,375205,43.86,2,True,celeste t
2000_OH_Senate_DEM,DEM,Marvin McMickle,208291,24.35,2,False,mcmickle m
2000_OH_Senate_DEM,DEM,Richard Cordray,202345,23.65,2,False,cordray r
2000_OH_Senate_DEM,DEM,Dan Radakovich,69620,8.14,2,False,radakovich d
2000_PA_Senate_REP,REP,Rick Santorum,545687,100.0,1,True,santorum r
2000_PA_Senate_DEM,DEM,Ron Klink,299219,40.73,2,True,klink r
2000_PA_Senate_DEM,DEM,Allyson Schwartz,194763,26.52,2,False,schwartz a
2000_PA_Senate_DEM,DEM,Tom Foley,184003,25.05,2,False,foley t
2000_PA_Senate_DEM,DEM,Bob Rovner,28031,3.82,2,False,rovner b
2000_PA_Senate_DEM,DEM,Murray Levin,18903,2.57,2,False,levin m
2000_PA_Senate_DEM,DEM,Phil Berg,9636,1.31,2,False,berg p
2000_RI_Senate_DEM,DEM,Robert Weygand,51769,57.49,1,True,weygand r
2000_RI_Senate_DEM,DEM,Richard A. Licht,38281,42.51,1,False,licht r
2000_TN_Senate_REP,REP,Bill Frist,186882,100.0,1,True,frist b
2000_TN_Senate_DEM,DEM,Jeff Clark,64851,34.23,2,True,clark j
2000_TN_Senate_DEM,DEM,John Jay Hooker,64041,33.81,2,False,hooker j
2000_TN_Senate_DEM,DEM,Mary Taylor-Shelby,28604,15.1,2,False,taylorshelby m
2000_TN_Senate_DEM,DEM,Shannon Wood,25372,13.39,2,False,wood s
2000_TN_Senate_DEM,DEM,James Looney,6354,3.35,2,False,looney j
2000_TN_Senate_DEM,DEM,Write-ins,218,0.12,2,False,writeins
2000_TX_Senate_REP,REP,Kay Bailey Hutchison,955033,100.0,1,True,hutchison k
2000_TX_Senate_DEM,DEM,Gene Kelly,143366,58.43,3,True,kelly g
2000_TX_Senate_DEM,DEM,Charles Gandy,101984,41.57,3,False,gandy c
2000_UT_Governor_REP,REP,Mike Leavitt,122289,61.76,1,True,leavitt m
2000_UT_Governor_REP,REP,Glen Davis,75719,38.24,1,False,davis g
2000_VT_Senate_DEM,DEM,Ed Flanagan,17440,49.24,1,True,flanagan e
2000_VT_Senate_DEM,DEM,Jan Backus,16444,46.43,1,False,backus j
2000_VT_Senate_DEM,DEM,Write-ins,1533,4.33,1,False,writeins
2000_VT_Senate_REP,REP,Jim Jeffords,60234,77.79,2,True,jeffords j
2000_VT_Senate_REP,REP,Rick Hubbard,15991,20.65,2,False,hubbard r
2000_VT_Senate_REP,REP,Write-ins,1204,1.55,2,False,writeins
2000_WV_Governor_DEM,DEM,Bob Wise,174292,63.13,1,True,wise b
2000_WV_Governor_DEM,DEM,Jim Lees,101774,36.87,1,False,lees j
2000_WV_Governor_REP,REP,Cecil Underwood,87190,80.88,2,True,underwood c
2000_WV_Governor_REP,REP,Joseph Oliverio,11590,10.75,2,False,oliverio j
2000_WV_Governor_REP,REP,Donna H. McCase,5902,4.48,2,False,mccase d
2000_WV_Governor_REP,REP,Larry Eugene Butcher,3117,2.89,2,False,butcher l
2000_WY_Senate_DEM,DEM,Mel Logan,16530,64.59,1,True,logan m
2000_WY_Senate_DEM,DEM,Sheldon Sumey,9062,35.41,1,False,sumey s
2000_WY_Senate_REP,REP,Craig Thomas,68132,100.0,2,True,thomas c
2002_AL_Governor_DEM,DEM,Don Siegelman,331571,76.17,1,True,siegelman d
2002_AL_Governor_DEM,DEM,Charles Bishop,80193,18.42,1,False,bishop c
2002_AL_Governor_DEM,DEM,"Mark ""Rodeo Clown"" Townsend",9890,2.27,1,False,townsend m
2002_AL_Governor_DEM,DEM,Gladys Riddle,9246,2.12,1,False,riddle g
2002_AL_Governor_DEM,DEM,Blake W. Harper III,4410,1.01,1,False,harper b
2002_AL_Governor_REP,REP,Bob Riley,262851,73.53,2,True,riley b
2002_AL_Governor_REP,REP,Steve Windom,63775,17.84,2,False,windom s
2002_AL_Governor_REP,REP,Tim James,30871,8.64,2,False,james t
2002_AL_Senate_DEM,DEM,Susan Parker,176708,65.15,2,True,parker s
2002_AL_Senate_DEM,DEM,Julian L. McPhillips,94540,34.85,2,False,mcphillips j
2002_AR_Governor_DEM,DEM,Jimmie Lou Fisher,176126,63.11,1,True,fisher j
2002_AR_Governor_DEM,DEM,Joe Holmes,77516,27.77,1,False,holmes j
2002_AR_Governor_DEM,DEM,Jim Billie,25455,9.12,1,False,billie j
2002_AR_Governor_REP,REP,Mike Huckabee,78803,85.44,2,True,huckabee m
2002_AR_Governor_REP,REP,Doyle Cannady,13434,14.56,2,False,cannady d
2002_AZ_Governor_REP,REP,Matt Salmon,174055,55.99,1,True,salmon m
2002_AZ_Governor_REP,REP,Betsey Bayless,92473,29.75,1,False,bayless b
2002_AZ_Governor_REP,REP,Carol Springer,44333,14.26,1,False,springer c
2002_AZ_Governor_REP,REP,Steve Moore,16,0.01,1,False,moore s
2002_AZ_Governor_REP,REP,Diana Kennedy,8,0.0,1,False,kennedy d
2002_AZ_Governor_DEM,DEM,Janet Napolitano,128702,57.23,2,True,napolitano j
2002_AZ_Governor_DEM,DEM,Alfredo Gutierrez,50377,22.4,2,False,gutierrez a
2002_AZ_Governor_DEM,DEM,Mark Osterloh,31422,13.97,2,False,osterloh m
2002_AZ_Governor_DEM,DEM,Mike Newcomb,14373,6.39,2,False,newcomb m
2002_CA_Governor_DEM,DEM,Gray Davis,1755276,80.9,1,True,davis g
2002_CA_Governor_DEM,DEM,Anselmo A. Chavez,179301,8.26,1,False,chavez a
2002_CA_Governor_DEM,DEM,"Charles ""Chuck"" Pineda Jr.",139121,6.41,1,False,pineda c
2002_CA_Governor_DEM,DEM,Mosemarie Boyd,95857,4.42,1,False,boyd m
2002_CA_Governor_REP,REP,Bill Simon,1129973,49.44,2,True,simon b
2002_CA_Governor_REP,REP,Richard Riordan,715768,31.32,2,False,riordan r
2002_CA_Governor_REP,REP,Bill Jones,387237,16.94,2,False,jones b
2002_CA_Governor_REP,REP,Nick Jesson,19287,0.84,2,False,jesson n
2002_CA_Governor_REP,REP,Edie Bukewihge,14436,0.63,2,False,bukewihge e
2002_CA_Governor_REP,REP,Danney Ball,13156,0.58,2,False,ball d
2002_CA_Governor_REP,REP,Jim Dimov,5595,0.24,2,False,dimov j
2002_CO_Governor_REP,REP,Bill Owens,189705,100.0,1,True,owens b
2002_CO_Governor_DEM,DEM,Rollie Heath,98897,100.0,2,True,heath r
2002_CO_Senate_DEM,DEM,Tom Strickland,110309,100.0,1,True,strickland t
2002_CO_Senate_REP,REP,Wayne Allard,190250,100.0,2,True,allard w
2002_FL_Governor_DEM,DEM,Bill McBride,602352,44.4,1,True,mcbride b
2002_FL_Governor_DEM,DEM,Janet Reno,597558,44.0,1,False,reno j
2002_FL_Governor_DEM,DEM,Daryl Jones,157107,11.6,1,False,jones d
2002_GA_Governor_DEM,DEM,Roy Barnes,434892,100.0,1,True,barnes r
2002_GA_Governor_REP,REP,Sonny Perdue,259966,50.83,2,True,perdue s
2002_GA_Governor_REP,REP,Linda Schrenko,142911,27.94,2,False,schrenko l
2002_GA_Governor_REP,REP,Bill Byrne,108586,21.23,2,False,byrne b
2002_GA_Senate_REP,REP,Saxby Chambliss,300371,61.1,1,True,chambliss s
2002_GA_Senate_REP,REP,Bob Irvin,132132,26.9,1,False,irvin b
2002_GA_Senate_REP,REP,Robert Brown,59109,12.0,1,False,brown r
2002_HI_Governor_DEM,DEM,Mazie Hirono,76709,41.24,1,True,hirono m
2002_HI_Governor_DEM,DEM,Ed Case,74096,39.84,1,False,case e
2002_HI_Governor_DEM,DEM,D. G. Anderson,33384,17.95,1,False,anderson d
2002_HI_Governor_DEM,DEM,"George Nitta, Jr.",747,0.4,1,False,nitta g
2002_HI_Governor_DEM,DEM,Art P. Reyes,568,0.31,1,False,reyes a
2002_HI_Governor_DEM,DEM,Joe Fernandez,491,0.26,1,False,fernandez j
2002_HI_Governor_REP,REP,Linda Lingle,70808,89.77,2,True,lingle l
2002_HI_Governor_REP,REP,John Carroll,7616,9.66,2,False,carroll j
2002_HI_Governor_REP,REP,Crystal Young,454,0.58,2,False,young c
2002_IA_Governor_DEM,DEM,Tom Vilsack,79277,98.55,1,True,vilsack t
2002_IA_Governor_DEM,DEM,Write-ins,1166,1.45,1,False,writeins
2002_IA_Governor_REP,REP,Doug Gross,71478,35.88,2,True,gross d
2002_IA_Governor_REP,REP,Steve Sukup,64490,32.37,2,False,sukup s
2002_IA_Governor_REP,REP,Bob Vander Plaats,63077,31.66,2,False,plaats b
2002_IA_Governor_REP,REP,Write-ins,189,0.09,2,False,writeins
2002_IA_Senate_DEM,DEM,Tom Harkin,83505,99.34,1,True,harkin t
2002_IA_Senate_DEM,DEM,Write-ins,555,0.66,1,False,writeins
2002_IA_Senate_REP,REP,Greg Ganske,116229,58.97,2,True,ganske g
2002_IA_Senate_REP,REP,Bill Salier,80700,40.95,2,False,salier b
2002_IA_Senate_REP,REP,Write-ins,167,0.08,2,False,writeins
2002_ID_Governor_REP,REP,Dirk Kempthorne,95882,65.88,1,True,kempthorne d
2002_ID_Governor_REP,REP,Milt Erhart,37523,25.78,1,False,erhart m
2002_ID_Governor_REP,REP,Walter L. Bayes,6873,4.72,1,False,bayes w
2002_ID_Governor_REP,REP,Raynelle J. George,5271,3.62,1,False,george r
2002_ID_Governor_DEM,DEM,Jerry Brady,33285,87.4,2,True,brady j
2002_ID_Governor_DEM,DEM,Rue T. Stears,4798,12.6,2,False,stears r
2002_ID_Senate_DEM,DEM,Alan Blinken,26346,70.9,1,True,blinken a
2002_ID_Senate_DEM,DEM,Dave Sneddon,10812,29.1,1,False,sneddon d
2002_ID_Senate_REP,REP,Larry Craig,130126,100.0,3,True,craig l
2002_IL_Governor_DEM,DEM,Rod Blagojevich,457197,36.5,1,True,blagojevich r
2002_IL_Governor_DEM,DEM,Paul Vallas,431728,34.47,1,False,vallas p
2002_IL_Governor_DEM,DEM,Roland Burris,363591,29.03,1,False,burris r
2002_IL_Governor_REP,REP,Jim Ryan,410074,44.68,2,True,ryan j
2002_IL_Governor_REP,REP,Patrick O'Malley,260860,28.42,2,False,omalley p
2002_IL_Governor_REP,REP,Corinne Wood,246825,26.89,2,False,wood c
2002_IL_Governor_REP,REP,Write-ins,69,0.01,2,False,writeins
2002_IL_Senate_DEM,DEM,Dick Durbin,918467,100.0,1,True,durbin d
2002_IL_Senate_REP,REP,Jim Durkin,378010,45.81,2,True,durkin j
2002_IL_Senate_REP,REP,Jim Oberweis,259515,31.45,2,False,oberweis j
2002_IL_Senate_REP,REP,John H. Cox,187706,22.74,2,False,cox j
2002_KS_Governor_DEM,DEM,Kathleen Sebelius,87499,100.0,1,True,sebelius k
2002_KS_Governor_REP,REP,Tim Shallenburger,122141,41.47,2,True,shallenburger t
2002_KS_Governor_REP,REP,Dave Kerr,86995,29.54,2,False,kerr d
2002_KS_Governor_REP,REP,Bob Knight,77642,26.36,2,False,knight b
2002_KS_Governor_REP,REP,Dan Bloom,7726,2.62,2,False,bloom d
2002_KY_Senate_DEM,DEM,Lois Combs Weinberg,231013,50.1,1,True,weinberg l
2002_KY_Senate_DEM,DEM,Tom Barlow,230055,49.9,1,False,barlow t
2002_MA_Governor_DEM,DEM,Shannon O'Brien,243039,32.52,1,True,obrien s
2002_MA_Governor_DEM,DEM,Robert Reich,185315,24.8,1,False,reich r
2002_MA_Governor_DEM,DEM,Tom Birmingham,179703,24.05,1,False,birmingham t
2002_MA_Governor_DEM,DEM,Warren Tolman,132157,17.69,1,False,tolman w
2002_MA_Governor_DEM,DEM,Steve Grossman,5976,0.8,1,False,grossman s
2002_MD_Governor_DEM,DEM,Kathleen Kennedy Townsend,434948,80.01,1,True,townsend k
2002_MD_Governor_DEM,DEM,Robert Fustero,108659,19.99,1,False,fustero r
2002_MD_Governor_REP,REP,Bob Ehrlich,229927,92.88,2,True,ehrlich b
2002_MD_Governor_REP,REP,James J. Sheridan,9181,3.71,2,False,sheridan j
2002_MD_Governor_REP,REP,Ross Z. Pierpont,8458,3.42,2,False,pierpont r
2002_ME_Governor_DEM,DEM,John Baldacci,71735,100.0,1,True,baldacci j
2002_ME_Governor_REP,REP,Peter E. Cianchette,52692,66.88,2,True,cianchette p
2002_ME_Governor_REP,REP,James D. Libby,26091,33.12,2,False,libby j
2002_MI_Governor_REP,REP,Dick Posthumus,474804,81.39,1,True,posthumus d
2002_MI_Governor_REP,REP,Joe Schwarz,108581,18.61,1,False,schwarz j
2002_MI_Governor_REP,REP,Angelo Scott Brown,6,0.0,1,False,brown a
2002_MI_Governor_DEM,DEM,Jennifer Granholm,499129,47.69,2,True,granholm j
2002_MI_Governor_DEM,DEM,David Bonior,292958,27.99,2,False,bonior d
2002_MI_Governor_DEM,DEM,James J. Blanchard,254586,24.32,2,False,blanchard j
2002_MI_Governor_DEM,DEM,Tracey Elaine Stevenson,7,0.0,2,False,stevenson t
2002_MN_Governor_REP,REP,Tim Pawlenty,172927,88.64,1,True,pawlenty t
2002_MN_Governor_REP,REP,Sue Jeffers,22172,11.36,1,False,jeffers s
2002_MO_Senate_DEM,DEM,Jean Carnahan,368149,83.22,1,True,carnahan j
2002_MO_Senate_DEM,DEM,Darrel D. Day,74237,16.78,1,False,day d
2002_MO_Senate_REP,REP,Jim Talent,395994,89.58,2,True,talent j
2002_MO_Senate_REP,REP,Joseph A. May,18525,4.19,2,False,may j
2002_MO_Senate_REP,REP,Doris Bass Landfather,14074,3.18,2,False,landfather d
2002_MO_Senate_REP,REP,Scott Craig Babbitt,7705,1.74,2,False,babbitt s
2002_MO_Senate_REP,REP,Martin Lindstedt,5773,1.31,2,False,lindstedt m
2002_MT_Senate_DEM,DEM,Max Baucus,66713,100.0,1,True,baucus m
2002_MT_Senate_REP,REP,Mike Taylor,48169,60.16,2,True,taylor m
2002_MT_Senate_REP,REP,Brad Johnson,14252,17.8,2,False,johnson b
2002_MT_Senate_REP,REP,John McDonald,10116,12.63,2,False,mcdonald j
2002_MT_Senate_REP,REP,Melvin Hanson,7536,9.41,2,False,hanson m
2002_NC_Senate_DEM,DEM,Erskine Bowles,277329,43.4,1,True,bowles e
2002_NC_Senate_DEM,DEM,Dan Blue,184216,28.8,1,False,blue d
2002_NC_Senate_DEM,DEM,Elaine Marshall,97392,15.2,1,False,marshall e
2002_NC_Senate_DEM,DEM,Cynthia D. Brown,27799,4.4,1,False,brown c
2002_NC_Senate_DEM,DEM,Others,52289,8.2,1,False,others
2002_NC_Senate_REP,REP,Elizabeth Dole,342631,80.4,2,True,dole e
2002_NC_Senate_REP,REP,James Snyder Jr.,60477,14.2,2,False,snyder j
2002_NC_Senate_REP,REP,Jim Parker,8752,2.1,2,False,parker j
2002_NC_Senate_REP,REP,Ada Fisher,6045,1.4,2,False,fisher a
2002_NC_Senate_REP,REP,Others,8201,1.9,2,False,others
2002_NE_Governor_REP,REP,Mike Johanns,128277,86.84,1,True,johanns m
2002_NE_Governor_REP,REP,Robert J. Wicht,19441,13.16,1,False,wicht r
2002_NE_Governor_DEM,DEM,Stormy Dean,47369,77.26,2,True,dean s
2002_NE_Governor_DEM,DEM,Luis R. Calvillo,13943,22.74,2,False,calvillo l
2002_NE_Senate_DEM,DEM,Charlie A. Matulka,33922,59.31,1,True,matulka c
2002_NE_Senate_DEM,DEM,Al Hamburg,23272,40.69,1,False,hamburg a
2002_NE_Senate_REP,REP,Chuck Hagel,144160,100.0,3,True,hagel c
2002_NH_Governor_DEM,DEM,Mark Fernald,34683,53.28,1,True,fernald m
2002_NH_Governor_DEM,DEM,Bev Hollingworth,27777,42.67,1,False,hollingworth b
2002_NH_Governor_DEM,DEM,Write-ins,2632,4.04,1,False,writeins
2002_NH_Governor_REP,REP,Craig Benson,56099,36.65,2,True,benson c
2002_NH_Governor_REP,REP,Bruce Keough,51461,33.62,2,False,keough b
2002_NH_Governor_REP,REP,Gordon Humphrey,42698,27.9,2,False,humphrey g
2002_NH_Governor_REP,REP,Robert Kingsbury,877,0.57,2,False,kingsbury r
2002_NH_Governor_REP,REP,Joe Haas,759,0.5,2,False,haas j
2002_NH_Governor_REP,REP,Bob Kroepel,578,0.38,2,False,kroepel b
2002_NH_Governor_REP,REP,Write-ins,575,0.38,2,False,writeins
2002_NH_Senate_REP,REP,John Sununu,81920,53.35,1,True,sununu j
2002_NH_Senate_REP,REP,Bob Smith,68608,44.68,1,False,smith b
2002_NJ_Senate_REP,REP,Doug Forrester,97275,44.56,1,True,forrester d
2002_NJ_Senate_REP,REP,Diane Allen,80476,36.87,1,False,allen d
2002_NJ_Senate_REP,REP,John J. Matheussen,40549,18.58,1,False,matheussen j
2002_NM_Governor_DEM,DEM,Bill Richardson,147524,99.8,1,True,richardson b
2002_NM_Governor_DEM,DEM,Mike Nalley,294,0.2,1,False,nalley m
2002_NM_Governor_REP,REP,John A. Sanchez,55102,58.53,2,True,sanchez j
2002_NM_Governor_REP,REP,Walter D. Bradley,33206,35.27,2,False,bradley w
2002_NM_Governor_REP,REP,Robert M. Burpo,3864,4.1,2,False,burpo r
2002_NM_Governor_REP,REP,Gilbert S. Baca,1979,2.1,2,False,baca g
2002_NM_Senate_DEM,DEM,Gloria Tristani,109084,77.71,1,True,tristani g
2002_NM_Senate_DEM,DEM,Francesa Lobato,31228,22.24,1,False,lobato f
2002_NM_Senate_DEM,DEM,Don E. Durham,73,0.05,1,False,durham d
2002_NM_Senate_REP,REP,Pete Domenici,91898,99.93,2,True,domenici p
2002_NM_Senate_REP,REP,Orlin G. Cole,62,0.07,2,False,cole o
2002_NV_Governor_DEM,DEM,Joe Neal,31805,35.75,1,True,neal j
2002_NV_Governor_DEM,DEM,Barbara Scott,18974,21.33,1,False,scott b
2002_NV_Governor_DEM,DEM,Dan Meyer,11403,12.82,1,False,meyer d
2002_NV_Governor_DEM,DEM,Christopher J. Petrella,4917,5.53,1,False,petrella c
2002_NV_Governor_REP,REP,Kenny Guinn,97367,82.88,2,True,guinn k
2002_NV_Governor_REP,REP,Shirley Cook,7717,6.57,2,False,cook s
2002_NV_Governor_REP,REP,Bruce Westcott,2507,2.13,2,False,westcott b
2002_NV_Governor_REP,REP,Bill Hiett,1167,0.99,2,False,hiett b
2002_NV_Governor_REP,REP,Stan Lusak,566,0.48,2,False,lusak s
2002_NV_Governor_REP,REP,James K. Prevot,560,0.48,2,False,prevot j
2002_NV_Governor_REP,REP,Carlo Poliak,395,0.34,2,False,poliak c
2002_NY_Governor_DEM,DEM,Carl McCall,539883,85.28,1,True,mccall c
2002_NY_Governor_DEM,DEM,Andrew Cuomo,93195,14.72,1,False,cuomo a
2002_OH_Governor_DEM,DEM,Tim Hagan,467572,100.0,1,True,hagan t
2002_OH_Governor_REP,REP,Bob Taft,552491,100.0,2,True,taft b
2002_OK_Governor_DEM,DEM,Brad Henry,135336,52.42,2,True,henry b
2002_OK_Governor_DEM,DEM,Vince Orza,122855,47.58,2,False,orza v
2002_OK_Governor_REP,REP,Steve Largent,179631,87.25,3,True,largent s
2002_OK_Governor_REP,REP,Jim Denny,16713,8.12,3,False,denny j
2002_OK_Governor_REP,REP,"Andrew Marr, Jr",9532,4.63,3,False,marr a
2002_OR_Governor_DEM,DEM,Ted Kulongoski,170799,48.21,1,True,kulongoski t
2002_OR_Governor_DEM,DEM,Jim Hill,92294,26.05,1,False,hill j
2002_OR_Governor_DEM,DEM,Bev Stein,76517,21.6,1,False,stein b
2002_OR_Governor_DEM,DEM,William Peter Allen,6582,1.86,1,False,allen w
2002_OR_Governor_DEM,DEM,Caleb Burns,4167,1.18,1,False,burns c
2002_OR_Governor_DEM,DEM,Scattering,3925,1.11,1,False,scattering
2002_OR_Governor_REP,REP,Kevin Mannix,117194,35.24,2,True,mannix k
2002_OR_Governor_REP,REP,Jack Roberts,98008,29.47,2,False,roberts j
2002_OR_Governor_REP,REP,Ron Saxton,93484,28.11,2,False,saxton r
2002_OR_Governor_REP,REP,W. Ames Curtright,10986,3.3,2,False,curtright w
2002_OR_Governor_REP,REP,Roger Weidner,7395,2.22,2,False,weidner r
2002_OR_Governor_REP,REP,Lee R. Shindler,2266,0.68,2,False,shindler l
2002_OR_Governor_REP,REP,Scattering,3242,0.97,2,False,scattering
2002_OR_Senate_DEM,DEM,Bill Bradbury,279792,85.89,1,True,bradbury b
2002_OR_Senate_DEM,DEM,Craig Hanson,27472,8.43,1,False,hanson c
2002_OR_Senate_DEM,DEM,Greg Haven,13995,4.3,1,False,haven g
2002_OR_Senate_DEM,DEM,Write-ins,4480,1.38,1,False,writeins
2002_OR_Senate_REP,REP,Gordon Smith,306504,98.89,2,True,smith g
2002_OR_Senate_REP,REP,Write-ins,3439,1.11,2,False,writeins
2002_PA_Governor_DEM,DEM,Ed Rendell,702442,56.55,1,True,rendell e
2002_PA_Governor_DEM,DEM,Bob Casey Jr.,539794,43.45,1,False,casey b
2002_RI_Governor_REP,REP,Donald Carcieri,17227,66.91,1,True,carcieri d
2002_RI_Governor_REP,REP,James S. Bennett,8518,33.09,1,False,bennett j
2002_RI_Governor_DEM,DEM,Myrth York,46806,39.16,2,True,york m
2002_RI_Governor_DEM,DEM,Sheldon Whitehouse,45880,38.39,2,False,whitehouse s
2002_RI_Governor_DEM,DEM,Antonio J. Pires,26838,22.45,2,False,pires a
2002_RI_Senate_DEM,DEM,Jack Reed,85315,100.0,1,True,reed j
2002_SC_Governor_REP,REP,Mark Sanford,183820,60.13,2,True,sanford m
2002_SC_Governor_REP,REP,Bob Peeler,121881,39.87,2,False,peeler b
2002_SD_Governor_DEM,DEM,Jim Abbott,46794,68.78,1,True,abbott j
2002_SD_Governor_DEM,DEM,Ron J. Volesky,11481,16.87,1,False,volesky r
2002_SD_Governor_DEM,DEM,Jim Hutmacher,8847,13.0,1,False,hutmacher j
2002_SD_Governor_DEM,DEM,Robert Hockett,915,1.34,1,False,hockett r
2002_SD_Governor_REP,REP,Mike Rounds,49331,44.34,2,True,rounds m
2002_SD_Governor_REP,REP,Mark Barnett,32868,29.54,2,False,barnett m
2002_SD_Governor_REP,REP,Steve T. Kirby,29065,26.12,2,False,kirby s
2002_SD_Senate_DEM,DEM,Tim Johnson,65438,94.84,1,True,johnson t
2002_SD_Senate_DEM,DEM,Herman Eilers,3558,5.16,1,False,eilers h
2002_TN_Governor_REP,REP,Van Hilleary,343543,64.31,1,True,hilleary v
2002_TN_Governor_REP,REP,Jim Henry,159862,29.92,1,False,henry j
2002_TN_Governor_REP,REP,Bob Tripp,17156,3.21,1,False,tripp b
2002_TN_Governor_REP,REP,Dave Kelley,8581,1.61,1,False,kelley d
2002_TN_Governor_REP,REP,Jessie D. McDonald,4682,0.88,1,False,mcdonald j
2002_TN_Governor_REP,REP,Write-ins,389,0.07,1,False,writeins
2002_TN_Governor_DEM,DEM,Phil Bredesen,426418,79.05,2,True,bredesen p
2002_TN_Governor_DEM,DEM,Randy Nichols,38322,7.1,2,False,nichols r
2002_TN_Governor_DEM,DEM,Charles E. Smith,34547,6.4,2,False,smith c
2002_TN_Governor_DEM,DEM,Charles V. Brown,17506,3.25,2,False,brown c
2002_TN_Governor_DEM,DEM,L. Best,16007,2.97,2,False,best l
2002_TN_Governor_DEM,DEM,Floyd R. Conover,6218,1.15,2,False,conover f
2002_TN_Governor_DEM,DEM,Write-ins,420,0.08,2,False,writeins
2002_TN_Senate_REP,REP,Lamar Alexander,295052,53.79,1,True,alexander l
2002_TN_Senate_REP,REP,Ed Bryant,233678,42.6,1,False,bryant e
2002_TN_Senate_REP,REP,Mary Taylor-Shelby,5589,1.02,1,False,taylorshelby m
2002_TN_Senate_REP,REP,June Griffin,4930,0.9,1,False,griffin j
2002_TN_Senate_REP,REP,Michael Brent Todd,4002,0.73,1,False,todd m
2002_TN_Senate_REP,REP,James E. DuBose,3572,0.65,1,False,dubose j
2002_TN_Senate_REP,REP,Christopher G. Fenner,1552,0.28,1,False,fenner c
2002_TN_Senate_REP,REP,Write-ins,107,0.03,1,False,writeins
2002_TN_Senate_DEM,DEM,Bob Clement,418172,82.18,2,True,clement b
2002_TN_Senate_DEM,DEM,Gary G. Davis,50563,9.94,2,False,davis g
2002_TN_Senate_DEM,DEM,Cher A. Hopkey,14481,2.85,2,False,hopkey c
2002_TN_Senate_DEM,DEM,Michael L. Hampstead,12940,2.54,2,False,hampstead m
2002_TN_Senate_DEM,DEM,Alvin M. Strauss,12241,2.41,2,False,strauss a
2002_TN_Senate_DEM,DEM,Write-ins,478,0.08,2,False,writeins
2002_TX_Senate_REP,REP,John Cornyn,478825,77.3,1,True,cornyn j
2002_TX_Senate_REP,REP,Bruce Rusty Lang,46907,7.6,1,False,lang b
2002_TX_Senate_REP,REP,Douglas Deffenbaugh,43611,7.0,1,False,deffenbaugh d
2002_TX_Senate_REP,REP,Dudley F. Mooney,32202,5.2,1,False,mooney d
2002_TX_Senate_REP,REP,Lawrence Cranberg,17757,2.9,1,False,cranberg l
2002_TX_Senate_DEM,DEM,Ron Kirk,370878,59.8,3,True,kirk r
2002_TX_Senate_DEM,DEM,Victor M. Morales,249423,40.2,3,False,morales v
2002_VT_Governor_DEM,DEM,Doug Racine,25522,99.1,1,True,racine d
2002_VT_Governor_DEM,DEM,Other,232,0.9,1,False,other
2002_WI_Governor_REP,REP,Scott McCallum,198525,86.23,1,True,mccallum s
2002_WI_Governor_REP,REP,William Lorge,18852,8.19,1,False,lorge w
2002_WI_Governor_REP,REP,George Pobuda,12452,5.41,1,False,pobuda g
2002_WI_Governor_REP,REP,Scattering,403,0.18,1,False,scattering
2002_WI_Governor_DEM,DEM,Jim Doyle,212066,38.3,2,True,doyle j
2002_WI_Governor_DEM,DEM,Tom Barrett,190605,34.43,2,False,barrett t
2002_WI_Governor_DEM,DEM,Kathleen Falk,150161,27.12,2,False,falk k
2002_WI_Governor_DEM,DEM,Scattering,802,0.14,2,False,scattering
2002_WY_Governor_DEM,DEM,Dave Freudenthal,19732,53.62,1,True,freudenthal d
2002_WY_Governor_DEM,DEM,Paul Hickey,13793,37.48,1,False,hickey p
2002_WY_Governor_DEM,DEM,Toby Simpson,1918,5.21,1,False,simpson t
2002_WY_Governor_DEM,DEM,Ken Casner,1356,3.68,1,False,casner k
2002_WY_Governor_REP,REP,Eli Bebout,44417,48.98,2,True,bebout e
2002_WY_Governor_REP,REP,Ray Hunkins,25363,27.97,2,False,hunkins r
2002_WY_Governor_REP,REP,Bill Sniffin,13633,15.03,2,False,sniffin b
2002_WY_Governor_REP,REP,Stephen Watt,5724,6.31,2,False,watt s
2002_WY_Governor_REP,REP,John H. Self,1548,1.71,2,False,self j
2004_AK_Senate_REP,REP,Lisa Murkowski,45710,58.1,1,True,murkowski l
2004_AK_Senate_REP,REP,Mike Miller,29313,37.3,1,False,miller m
2004_AK_Senate_REP,REP,Wev Shea,2857,3.6,1,False,shea w
2004_AK_Senate_REP,REP,Jim Dore,748,0.9,1,False,dore j
2004_AK_Senate_DEM,DEM,Tony Knowles,40881,95.0,2,True,knowles t
2004_AK_Senate_DEM,DEM,Don Wright,1080,2.5,2,False,wright d
2004_AK_Senate_DEM,DEM,Theresa Obermeyer,1045,2.4,2,False,obermeyer t
2004_AR_Senate_REP,REP,Jim Holt,37254,68.9,1,True,holt j
2004_AR_Senate_REP,REP,Andy Lee,10709,19.8,1,False,lee a
2004_AR_Senate_REP,REP,Rosemarie Clampitt,6078,11.3,1,False,clampitt r
2004_CA_Senate_DEM,DEM,Barbara Boxer,2566298,100.0,1,True,boxer b
2004_CA_Senate_REP,REP,Bill Jones,1015748,44.81,2,True,jones b
2004_CA_Senate_REP,REP,Rosario Marin,454176,20.03,2,False,marin r
2004_CA_Senate_REP,REP,Howard Kaloogian,253331,11.17,2,False,kaloogian h
2004_CA_Senate_REP,REP,Toni Casey,142080,6.27,2,False,casey t
2004_CA_Senate_REP,REP,Tim Stoen,124940,5.51,2,False,stoen t
2004_CA_Senate_REP,REP,James Stewart,78264,3.45,2,False,stewart j
2004_CA_Senate_REP,REP,Barry L. Hatch,71244,3.14,2,False,hatch b
2004_CA_Senate_REP,REP,John M. Van Zandt,56925,2.51,2,False,zandt j
2004_CA_Senate_REP,REP,Danney Ball,37745,1.66,2,False,ball d
2004_CA_Senate_REP,REP,Bill Quraishi,32515,1.43,2,False,quraishi b
2004_CO_Senate_DEM,DEM,Ken Salazar,173167,73.02,1,True,salazar k
2004_CO_Senate_DEM,DEM,Mike Miles,63973,26.98,1,False,miles m
2004_CO_Senate_REP,REP,Pete Coors,203157,60.57,2,True,coors p
2004_CO_Senate_REP,REP,Bob Schaffer,132274,39.43,2,False,schaffer b
2004_FL_Senate_DEM,DEM,Betty Castor,669346,58.1,1,True,castor b
2004_FL_Senate_DEM,DEM,Peter Deutsch,321922,27.9,1,False,deutsch p
2004_FL_Senate_DEM,DEM,Alex Penelas,115898,10.1,1,False,penelas a
2004_FL_Senate_DEM,DEM,Bernard E. Klein,45347,3.9,1,False,klein b
2004_FL_Senate_REP,REP,Mel Martínez,522994,44.9,2,True,martinez m
2004_FL_Senate_REP,REP,Bill McCollum,360474,30.9,2,False,mccollum b
2004_FL_Senate_REP,REP,Doug Gallagher,158360,13.6,2,False,gallagher d
2004_FL_Senate_REP,REP,Johnnie Byrd,68982,5.9,2,False,byrd j
2004_FL_Senate_REP,REP,Karen Saull,20365,1.8,2,False,saull k
2004_FL_Senate_REP,REP,Sonya March,17804,1.5,2,False,march s
2004_FL_Senate_REP,REP,Larry Klayman,13257,1.1,2,False,klayman l
2004_FL_Senate_REP,REP,William Billy Kogut,3695,0.3,2,False,kogut w
2004_GA_Senate_DEM,DEM,Denise Majette,161733,59.4,2,True,majette d
2004_GA_Senate_DEM,DEM,Cliff Oxford,110526,40.6,2,False,oxford c
2004_GA_Senate_REP,REP,Johnny Isakson,346765,53.2,3,True,isakson j
2004_GA_Senate_REP,REP,Herman Cain,170464,26.2,3,False,cain h
2004_GA_Senate_REP,REP,Mac Collins,134053,20.6,3,False,collins m
2004_IA_Senate_DEM,DEM,Arthur A. Small,52318,99.25,1,True,small a
2004_IA_Senate_DEM,DEM,Write-ins,398,0.75,1,False,writeins
2004_IA_Senate_REP,REP,Chuck Grassley,78819,99.72,2,True,grassley c
2004_IA_Senate_REP,REP,Write-ins,218,0.28,2,False,writeins
2004_IL_Senate_REP,REP,Jack Ryan,234791,35.5,1,True,ryan j
2004_IL_Senate_REP,REP,Jim Oberweis,155794,23.5,1,False,oberweis j
2004_IL_Senate_REP,REP,Steve Rauschenberger,132655,20.0,1,False,rauschenberger s
2004_IL_Senate_REP,REP,Andrew McKenna,97238,14.7,1,False,mckenna a
2004_IL_Senate_REP,REP,Jonathan C. Wright,17189,2.6,1,False,wright j
2004_IL_Senate_REP,REP,John L. Borling,13390,2.0,1,False,borling j
2004_IL_Senate_REP,REP,Norm Hill,5637,0.9,1,False,hill n
2004_IL_Senate_REP,REP,Chirinjeev Kathuria,5110,0.8,1,False,kathuria c
2004_IL_Senate_DEM,DEM,Barack Obama,655923,52.8,2,True,obama b
2004_IL_Senate_DEM,DEM,Daniel W. Hynes,294717,23.7,2,False,hynes d
2004_IL_Senate_DEM,DEM,M. Blair Hull,134453,10.8,2,False,hull m
2004_IL_Senate_DEM,DEM,Maria Pappas,74987,6.0,2,False,pappas m
2004_IL_Senate_DEM,DEM,Gery Chico,53433,4.3,2,False,chico g
2004_IL_Senate_DEM,DEM,Nancy Skinner,16098,1.3,2,False,skinner n
2004_IL_Senate_DEM,DEM,Joyce Washington,13375,1.1,2,False,washington j
2004_IL_Senate_DEM,DEM,write-in,10,0.0,2,False,writein
2004_IN_Governor_DEM,DEM,Joe Kernan,283924,100.0,1,True,kernan j
2004_IN_Governor_REP,REP,Mitch Daniels,335828,66.4,2,True,daniels m
2004_IN_Governor_REP,REP,Eric Miller,169930,33.6,2,False,miller e
2004_KS_Senate_DEM,DEM,Robert A. Conroy,61052,55.92,1,True,conroy r
2004_KS_Senate_DEM,DEM,Lee Jones,48133,44.08,1,False,jones l
2004_KS_Senate_REP,REP,Sam Brownback,286839,86.99,2,True,brownback s
2004_KS_Senate_REP,REP,Arch Naramore,42880,13.01,2,False,naramore a
2004_KY_Senate_DEM,DEM,Daniel Mongiardo,142162,64.92,1,True,mongiardo d
2004_KY_Senate_DEM,DEM,David L. Williams,76807,35.08,1,False,williams d
2004_KY_Senate_REP,REP,Jim Bunning,96545,84.0,2,True,bunning j
2004_KY_Senate_REP,REP,Barry Metcalf,18395,16.0,2,False,metcalf b
2004_MD_Senate_DEM,DEM,Barbara A. Mikulski,408848,89.88,1,True,mikulski b
2004_MD_Senate_DEM,DEM,A. Robert Kaufman,32127,7.06,1,False,kaufman a
2004_MD_Senate_DEM,DEM,Sid Altman,13901,3.06,1,False,altman s
2004_MD_Senate_REP,REP,E. J. Pipkin,70229,50.58,2,True,pipkin e
2004_MD_Senate_REP,REP,John Stafford,14661,10.56,2,False,stafford j
2004_MD_Senate_REP,REP,Eileen Martin,11748,8.46,2,False,martin e
2004_MD_Senate_REP,REP,Dorothy Curry Jennings,10401,7.49,2,False,jennings d
2004_MD_Senate_REP,REP,Earl S. Gordon,8233,5.93,2,False,gordon e
2004_MD_Senate_REP,REP,Gene Zarwell,6865,4.94,2,False,zarwell g
2004_MD_Senate_REP,REP,Ray Bly,6244,4.5,2,False,bly r
2004_MD_Senate_REP,REP,James A. Kodak,5328,3.84,2,False,kodak j
2004_MD_Senate_REP,REP,Corrogan R. Vaughn,5146,3.71,2,False,vaughn c
2004_MO_Governor_REP,REP,Matt Blunt,534393,68.28,1,True,blunt m
2004_MO_Governor_REP,REP,Karen Skelton-Memhardt,126089,20.85,1,False,skeltonmemhardt k
2004_MO_Governor_REP,REP,Jen Sievers,18733,3.1,1,False,sievers j
2004_MO_Governor_REP,REP,Jeff Killian,10423,1.72,1,False,killian j
2004_MO_Governor_REP,REP,Roy W. Lang,8750,1.45,1,False,lang r
2004_MO_Governor_REP,REP,Martin Lindstedt,6369,1.05,1,False,lindstedt m
2004_MO_Governor_DEM,DEM,Claire McCaskill,437780,51.64,2,True,mccaskill c
2004_MO_Governor_DEM,DEM,Bob Holden,383734,45.27,2,False,holden b
2004_MO_Governor_DEM,DEM,Jim LePage,16761,1.98,2,False,lepage j
2004_MO_Governor_DEM,DEM,Jeffery A. Emrick,9473,1.12,2,False,emrick j
2004_MO_Senate_DEM,DEM,Nancy Farmer,544830,73.68,1,True,farmer n
2004_MO_Senate_DEM,DEM,Charles Berry,143229,19.37,1,False,berry c
2004_MO_Senate_DEM,DEM,Ronald Bonar,51375,6.95,1,False,bonar r
2004_MO_Senate_REP,REP,Kit Bond,541998,88.08,3,True,bond k
2004_MO_Senate_REP,REP,Mike Steger,73354,11.92,3,False,steger m
2004_MT_Governor_DEM,DEM,Brian Schweitzer,68738,72.51,1,True,schweitzer b
2004_MT_Governor_DEM,DEM,John Vincent,26057,27.49,1,False,vincent j
2004_MT_Governor_REP,REP,Bob Brown,43145,39.15,2,True,brown b
2004_MT_Governor_REP,REP,Pat Davison,25319,22.98,2,False,davison p
2004_MT_Governor_REP,REP,Ken Miller,24313,22.06,2,False,miller k
2004_MT_Governor_REP,REP,Tom Keating,17421,15.81,2,False,keating t
2004_NH_Governor_DEM,DEM,John Lynch,43798,74.28,1,True,lynch j
2004_NH_Governor_DEM,DEM,Paul McEachern,14403,24.43,1,False,mceachern p
2004_NH_Governor_DEM,DEM,Write-ins,761,1.29,1,False,writeins
2004_NH_Governor_REP,REP,Craig Benson,49097,74.0,2,True,benson c
2004_NH_Governor_REP,REP,Charles Tarbell,13621,20.53,2,False,tarbell c
2004_NH_Governor_REP,REP,Write-ins,3632,5.47,2,False,writeins
2004_NH_Senate_DEM,DEM,Doris Haddock,46745,99.19,1,True,haddock d
2004_NH_Senate_DEM,DEM,Write-ins,381,0.81,1,False,writeins
2004_NH_Senate_REP,REP,Judd Gregg,60597,91.83,2,True,gregg j
2004_NH_Senate_REP,REP,Tom Alciere,2682,4.06,2,False,alciere t
2004_NH_Senate_REP,REP,Michael D. Tipa,2563,3.88,2,False,tipa m
2004_NH_Senate_REP,REP,Write-ins,143,0.22,2,False,writeins
2004_NV_Senate_REP,REP,Richard Ziser,40533,33.5,1,True,ziser r
2004_NV_Senate_REP,REP,Kenneth A. Wegner,21406,17.69,1,False,wegner k
2004_NV_Senate_REP,REP,Robert Brown,19553,16.16,1,False,brown r
2004_NV_Senate_REP,REP,None of these candidates,16827,13.91,1,False,candidates n
2004_NV_Senate_REP,REP,Royle Melton,10552,8.72,1,False,melton r
2004_NV_Senate_REP,REP,Cherie M. Tilley,10357,8.56,1,False,tilley c
2004_NV_Senate_REP,REP,Carlo Poliak,1769,1.46,1,False,poliak c
2004_OH_Senate_REP,REP,George Voinovich,640082,76.61,1,True,voinovich g
2004_OH_Senate_REP,REP,John Mitchel,195476,23.39,1,False,mitchel j
2004_OH_Senate_DEM,DEM,Eric Fingerhut,672989,70.79,2,True,fingerhut e
2004_OH_Senate_DEM,DEM,Norbert Dennerll,277721,29.21,2,False,dennerll n
2004_OK_Senate_DEM,DEM,Brad Carson,280026,79.37,1,True,carson b
2004_OK_Senate_DEM,DEM,Carroll Fisher,28385,8.05,1,False,fisher c
2004_OK_Senate_DEM,DEM,Jim Rogers,20179,5.72,1,False,rogers j
2004_OK_Senate_DEM,DEM,Monte E. Johnson,17274,4.9,1,False,johnson m
2004_OK_Senate_DEM,DEM,W. B. G. Woodson,6932,1.96,1,False,woodson w
2004_OK_Senate_REP,REP,Tom Coburn,145974,61.23,2,True,coburn t
2004_OK_Senate_REP,REP,Kirk Humphreys,59877,25.12,2,False,humphreys k
2004_OK_Senate_REP,REP,Bob Anthony,29596,12.41,2,False,anthony b
2004_OK_Senate_REP,REP,Jay Richard Hunt,2944,1.23,2,False,hunt j
2004_PA_Senate_DEM,DEM,Joe Hoeffel,595816,100.0,1,True,hoeffel j
2004_PA_Senate_REP,REP,Arlen Specter,530839,50.82,2,True,specter a
2004_PA_Senate_REP,REP,Pat Toomey,513693,49.18,2,False,toomey p
2004_SC_Senate_DEM,DEM,Inez Tenenbaum,126720,75.5,1,True,tenenbaum i
2004_SC_Senate_DEM,DEM,Ben Frasier,41070,24.5,1,False,frasier b
2004_UT_Governor_REP,REP,Jon Huntsman Jr.,102955,66.4,3,True,huntsman j
2004_UT_Governor_REP,REP,Nolan Karras,52048,33.6,3,False,karras n
2004_WV_Governor_DEM,DEM,Joe Manchin,149362,52.73,1,True,manchin j
2004_WV_Governor_DEM,DEM,Lloyd G. Jackson II,77052,27.2,1,False,jackson l
2004_WV_Governor_DEM,DEM,Jim Lees,40161,14.18,1,False,lees j
2004_WV_Governor_DEM,DEM,"Lacy Wright, Jr.",4963,1.75,1,False,wright l
2004_WV_Governor_DEM,DEM,Jerry Baker,3009,1.06,1,False,baker j
2004_WV_Governor_DEM,DEM,James A. Baughman,2999,1.06,1,False,baughman j
2004_WV_Governor_DEM,DEM,Phillip Frye,2892,1.02,1,False,frye p
2004_WV_Governor_DEM,DEM,Lou Davis,2824,1.0,1,False,davis l
2004_WV_Governor_REP,REP,Monty Warner,26041,22.87,2,True,warner m
2004_WV_Governor_REP,REP,Dan R. Moore,22748,19.98,2,False,moore d
2004_WV_Governor_REP,REP,Rob Capehart,19694,17.29,2,False,capehart r
2004_WV_Governor_REP,REP,Richard Robb,11824,10.38,2,False,robb r
2004_WV_Governor_REP,REP,Douglas E. McKinney,10476,9.2,2,False,mckinney d
2004_WV_Governor_REP,REP,Larry V. Faircloth,9123,8.01,2,False,faircloth l
2004_WV_Governor_REP,REP,Joseph Oliverio,7687,6.75,2,False,oliverio j
2004_WV_Governor_REP,REP,"James D. Radcliffe, Jr.",3013,2.65,2,False,radcliffe j
2004_WV_Governor_REP,REP,Charles G. Railey,2345,2.06,2,False,railey c
2004_WV_Governor_REP,REP,"Carroll B. Bowden, Sr.",925,0.81,2,False,bowden c
2006_AK_Governor_REP,REP,Sarah Palin,51443,50.59,1,True,palin s
2006_AK_Governor_REP,REP,John Binkley,30349,29.84,1,False,binkley j
2006_AK_Governor_REP,REP,Frank Murkowski,19412,19.09,1,False,murkowski f
2006_AK_Governor_REP,REP,Gerald Heikes,280,0.28,1,False,heikes g
2006_AK_Governor_REP,REP,Merica Hlatcu,211,0.21,1,False,hlatcu m
2006_AK_Governor_DEM,DEM,Tony Knowles,37316,74.63,2,True,knowles t
2006_AK_Governor_DEM,DEM,Eric Croft,11952,23.9,2,False,croft e
2006_AK_Governor_DEM,DEM,Bruce Lemke,732,1.46,2,False,lemke b
2006_AL_Governor_REP,REP,Bob Riley,306665,66.66,1,True,riley b
2006_AL_Governor_REP,REP,Roy Moore,153354,33.34,1,False,moore r
2006_AL_Governor_DEM,DEM,Lucy Baxley,279165,59.84,2,True,baxley l
2006_AL_Governor_DEM,DEM,Don Siegelman,170016,36.44,2,False,siegelman d
2006_AL_Governor_DEM,DEM,Joe Copeland,4141,0.89,2,False,copeland j
2006_AL_Governor_DEM,DEM,Nathan Mathis,4000,0.86,2,False,mathis n
2006_AL_Governor_DEM,DEM,Katherine Mack,3392,0.73,2,False,mack k
2006_AL_Governor_DEM,DEM,James Potts,3333,0.71,2,False,potts j
2006_AL_Governor_DEM,DEM,Harry Lyon,2490,0.53,2,False,lyon h
2006_AZ_Governor_DEM,DEM,Janet Napolitano,230881,100.0,1,True,napolitano j
2006_AZ_Governor_REP,REP,Len Munsil,155778,50.56,2,True,munsil l
2006_AZ_Governor_REP,REP,Don Goldwater,122283,39.39,2,False,goldwater d
2006_AZ_Governor_REP,REP,Mike Harris,18734,6.08,2,False,harris m
2006_AZ_Governor_REP,REP,Gary Tupper,11250,3.65,2,False,tupper g
2006_AZ_Governor_REP,REP,Steve Moore,49,0.2,2,False,moore s
2006_AZ_Senate_REP,REP,Jon Kyl,297636,99.5,1,True,kyl j
2006_AZ_Senate_REP,REP,Write-ins,155,0.05,1,False,writeins
2006_AZ_Senate_DEM,DEM,Jim Pederson,214455,100.0,2,True,pederson j
2006_CA_Governor_DEM,DEM,Phil Angelides,1202884,48.0,1,True,angelides p
2006_CA_Governor_DEM,DEM,Steve Westly,1081971,43.17,1,False,westly s
2006_CA_Governor_DEM,DEM,Barbara Becnel,66550,2.66,1,False,becnel b
2006_CA_Governor_DEM,DEM,Joe Brouillette,42077,1.68,1,False,brouillette j
2006_CA_Governor_DEM,DEM,Michael Strimling,35122,1.4,1,False,strimling m
2006_CA_Governor_DEM,DEM,Frank A. Macaluso Jr.,30871,1.23,1,False,macaluso f
2006_CA_Governor_DEM,DEM,Vibert Greene,25747,1.03,1,False,greene v
2006_CA_Governor_DEM,DEM,Jerald Robert Gerst,21039,0.84,1,False,gerst j
2006_CA_Governor_REP,REP,Arnold Schwarzenegger,1724296,89.99,2,True,schwarzenegger a
2006_CA_Governor_REP,REP,Robert C. Newman II,68663,3.58,2,False,newman r
2006_CA_Governor_REP,REP,Bill Chambers,65488,3.42,2,False,chambers b
2006_CA_Governor_REP,REP,Jeffrey R. Burns,57652,3.01,2,False,burns j
2006_CO_Governor_DEM,DEM,Bill Ritter,142586,100.0,1,True,ritter b
2006_CO_Governor_REP,REP,Bob Beauprez,193804,100.0,2,True,beauprez b
2006_CT_Governor_DEM,DEM,John DeStefano Jr.,135431,50.78,2,True,destefano j
2006_CT_Governor_DEM,DEM,Dannel Malloy,131258,49.22,2,False,malloy d
2006_CT_Senate_DEM,DEM,Ned Lamont,146404,51.75,2,True,lamont n
2006_CT_Senate_DEM,DEM,Joe Lieberman,136490,48.25,2,False,lieberman j
2006_FL_Governor_DEM,DEM,Jim Davis,405879,47.32,1,True,davis j
2006_FL_Governor_DEM,DEM,Rod Smith,353161,41.17,1,False,smith r
2006_FL_Governor_DEM,DEM,Carol Castagnero,45161,5.267,1,False,castagnero c
2006_FL_Governor_DEM,DEM,Glenn Burkett,32984,3.85,1,False,burkett g
2006_FL_Governor_DEM,DEM,John M. Crotty,20629,2.4,1,False,crotty j
2006_FL_Governor_REP,REP,Charlie Crist,630816,63.98,2,True,crist c
2006_FL_Governor_REP,REP,Tom Gallagher,330165,33.49,2,False,gallagher t
2006_FL_Governor_REP,REP,Vernon Palmer,13547,1.37,2,False,palmer v
2006_FL_Governor_REP,REP,Michael W. St. Jean,11458,1.16,2,False,jean m
2006_FL_Senate_REP,REP,Katherine Harris,474871,49.4,1,True,harris k
2006_FL_Senate_REP,REP,Will McBride,287741,30.0,1,False,mcbride w
2006_FL_Senate_REP,REP,LeRoy Collins Jr.,146712,15.3,1,False,collins l
2006_FL_Senate_REP,REP,Peter Monroe,51330,5.3,1,False,monroe p
2006_GA_Governor_DEM,DEM,Mark Taylor,249188,52.1,1,True,taylor m
2006_GA_Governor_DEM,DEM,Cathy Cox,211978,44.3,1,False,cox c
2006_GA_Governor_DEM,DEM,Bill Bolton,10552,1.7,1,False,bolton b
2006_GA_Governor_DEM,DEM,Mac McCarley,10399,0.6,1,False,mccarley m
2006_GA_Governor_REP,REP,Sonny Perdue,370756,88.4,2,True,perdue s
2006_GA_Governor_REP,REP,Ray McBerry,48498,12.6,2,False,mcberry r
2006_IA_Governor_DEM,DEM,Chet Culver,58131,39.08,1,True,culver c
2006_IA_Governor_DEM,DEM,Mike Blouin,50728,34.1,1,False,blouin m
2006_IA_Governor_DEM,DEM,Ed Fallon,38253,25.72,1,False,fallon e
2006_IA_Governor_DEM,DEM,Sal Mohamed,1545,1.04,1,False,mohamed s
2006_IA_Governor_DEM,DEM,Write-ins,94,0.06,1,False,writeins
2006_IA_Governor_REP,REP,Jim Nussle,73975,100.0,2,True,nussle j
2006_ID_Governor_REP,REP,Butch Otter,96045,70.02,1,True,otter b
2006_ID_Governor_REP,REP,Dan Adamson,29093,21.21,1,False,adamson d
2006_ID_Governor_REP,REP,Jack Alan Johnson,7652,5.58,1,False,johnson j
2006_ID_Governor_REP,REP,Walter Bayes,4385,3.2,1,False,bayes w
2006_ID_Governor_DEM,DEM,Jerry Brady,25261,82.98,2,True,brady j
2006_ID_Governor_DEM,DEM,Lee Chaney,5182,17.02,2,False,chaney l
2006_IL_Governor_DEM,DEM,Rod Blagojevich,669006,70.84,1,True,blagojevich r
2006_IL_Governor_DEM,DEM,Edwin Eisendrath,275375,29.16,1,False,eisendrath e
2006_IL_Governor_REP,REP,Judy Baar Topinka,280701,38.15,2,True,topinka j
2006_IL_Governor_REP,REP,Jim Oberweis,233576,31.74,2,False,oberweis j
2006_IL_Governor_REP,REP,Bill Brady,135370,18.4,2,False,brady b
2006_IL_Governor_REP,REP,Ron Gidwitz,80068,10.88,2,False,gidwitz r
2006_IL_Governor_REP,REP,Andy Martin,6095,0.83,2,False,martin a
2006_KS_Governor_DEM,DEM,Kathleen Sebelius,76046,100.0,1,True,sebelius k
2006_KS_Governor_REP,REP,Jim Barnett,70299,36.18,2,True,barnett j
2006_KS_Governor_REP,REP,Ken R. Canfield,51365,26.44,2,False,canfield k
2006_KS_Governor_REP,REP,Robin Jennison,42678,21.97,2,False,jennison r
2006_KS_Governor_REP,REP,Timothy V. Pickell,10473,5.39,2,False,pickell t
2006_KS_Governor_REP,REP,Rex Crowell,8677,4.47,2,False,crowell r
2006_KS_Governor_REP,REP,Dennis Hawver,6661,3.43,2,False,hawver d
2006_KS_Governor_REP,REP,"Richard ""Rode"" Rodewald",4142,2.13,2,False,rodewald r
2006_MA_Governor_DEM,DEM,Deval Patrick,452229,49.57,1,True,patrick d
2006_MA_Governor_DEM,DEM,Chris Gabrieli,248301,27.22,1,False,gabrieli c
2006_MA_Governor_DEM,DEM,Tom Reilly,211031,23.13,1,False,reilly t
2006_MA_Senate_REP,REP,Kenneth Chase,35497,50.94,1,True,chase k
2006_MA_Senate_REP,REP,Kevin Scott,34179,49.05,1,False,scott k
2006_MD_Governor_DEM,DEM,Martin O'Malley,524671,100.0,1,True,omalley m
2006_MD_Governor_REP,REP,Bob Ehrlich,213744,100.0,2,True,ehrlich b
2006_MD_Senate_DEM,DEM,Benjamin L. Cardin,257545,43.67,1,True,cardin b
2006_MD_Senate_DEM,DEM,Kweisi Mfume,238957,40.52,1,False,mfume k
2006_MD_Senate_DEM,DEM,Josh Rales,30737,5.21,1,False,rales j
2006_MD_Senate_DEM,DEM,Dennis F. Rasmussen,10997,1.86,1,False,rasmussen d
2006_MD_Senate_DEM,DEM,Mike Schaefer,7773,1.32,1,False,schaefer m
2006_MD_Senate_DEM,DEM,Allan Lichtman,6919,1.17,1,False,lichtman a
2006_MD_Senate_DEM,DEM,Theresa C. Scaldaferri,5081,0.86,1,False,scaldaferri t
2006_MD_Senate_DEM,DEM,James H. Hutchinson,4949,0.84,1,False,hutchinson j
2006_MD_Senate_DEM,DEM,David Dickerson,3950,0.67,1,False,dickerson d
2006_MD_Senate_DEM,DEM,A. Robert Kaufman,3908,0.66,1,False,kaufman a
2006_MD_Senate_DEM,DEM,Anthony Jaworski,3486,0.59,1,False,jaworski a
2006_MD_Senate_DEM,DEM,Thomas McCaskill,3459,0.59,1,False,mccaskill t
2006_MD_Senate_DEM,DEM,George T. English,2305,0.39,1,False,english g
2006_MD_Senate_DEM,DEM,Bob Robinson,2208,0.37,1,False,robinson b
2006_MD_Senate_DEM,DEM,Lih Young,2039,0.35,1,False,young l
2006_MD_Senate_DEM,DEM,Blaine Taylor,1848,0.31,1,False,taylor b
2006_MD_Senate_DEM,DEM,Joseph Werner,1832,0.31,1,False,werner j
2006_MD_Senate_DEM,DEM,Charles Ulysses Smith,1702,0.29,1,False,smith c
2006_MD_Senate_REP,REP,Michael S. Steele,190790,86.96,2,True,steele m
2006_MD_Senate_REP,REP,John Kimble,6280,2.86,2,False,kimble j
2006_MD_Senate_REP,REP,Earl S. Gordon,4110,1.87,2,False,gordon e
2006_MD_Senate_REP,REP,"Daniel ""Wig Man"" Vovak",4063,1.85,2,False,vovak d
2006_MD_Senate_REP,REP,Thomas J. Hampton,3946,1.8,2,False,hampton t
2006_MD_Senate_REP,REP,Corrogan R. Vaughn,2565,1.17,2,False,vaughn c
2006_MD_Senate_REP,REP,Daniel Muffoletto,2335,1.06,2,False,muffoletto d
2006_MD_Senate_REP,REP,Richard Shawver,2298,1.05,2,False,shawver r
2006_MD_Senate_REP,REP,Ray Bly,2114,0.96,2,False,bly r
2006_MD_Senate_REP,REP,Edward Raymond Madej,902,0.41,2,False,madej e
2006_ME_Governor_DEM,DEM,John Baldacci,40314,75.81,1,True,baldacci j
2006_ME_Governor_DEM,DEM,Christopher Miller,12861,24.19,1,False,miller c
2006_ME_Governor_REP,REP,Chandler Woodcock,27025,38.58,2,True,woodcock c
2006_ME_Governor_REP,REP,Peter Mills,24631,35.17,2,False,mills p
2006_ME_Governor_REP,REP,Dave Emery,18388,26.25,2,False,emery d
2006_MI_Governor_DEM,DEM,Jennifer Granholm,531322,100.0,1,True,granholm j
2006_MN_Governor_REP,REP,Tim Pawlenty,147622,88.87,3,True,pawlenty t
2006_MN_Governor_REP,REP,Sue Jeffers,18490,11.13,3,False,jeffers s
2006_MN_Senate_REP,REP,Mark Kennedy,147091,90.21,2,True,kennedy m
2006_MN_Senate_REP,REP,John Uldrich,10025,6.15,2,False,uldrich j
2006_MN_Senate_REP,REP,Harold Shudlick,5941,3.64,2,False,shudlick h
2006_MT_Senate_DEM,DEM,Jon Tester,65757,60.77,1,True,tester j
2006_MT_Senate_DEM,DEM,John Morrison,38394,35.48,1,False,morrison j
2006_MT_Senate_DEM,DEM,Paul Richards,1636,1.51,1,False,richards p
2006_MT_Senate_DEM,DEM,Robert Candee,1471,1.36,1,False,candee r
2006_MT_Senate_DEM,DEM,Kenneth Marcure,940,0.87,1,False,marcure k
2006_MT_Senate_REP,REP,Conrad Burns,70434,72.26,2,True,burns c
2006_MT_Senate_REP,REP,Bob Keenan,21754,22.32,2,False,keenan b
2006_MT_Senate_REP,REP,Bob Kelleher,4082,4.19,2,False,kelleher b
2006_MT_Senate_REP,REP,Daniel Loyd Neste Huffman,1203,1.23,2,False,huffman d
2006_NE_Governor_REP,REP,Dave Heineman,138216,50.26,1,True,heineman d
2006_NE_Governor_REP,REP,Tom Osborne,121973,44.36,1,False,osborne t
2006_NE_Governor_REP,REP,Dave Nabity,14786,5.38,1,False,nabity d
2006_NE_Governor_DEM,DEM,David Hahn,68004,91.57,2,True,hahn d
2006_NE_Governor_DEM,DEM,"Glenn R. Boot, Jr.",6259,8.43,2,False,boot g
2006_NE_Senate_DEM,DEM,Ben Nelson,92501,100.0,1,True,nelson b
2006_NE_Senate_REP,REP,Pete Ricketts,129643,48.14,2,True,ricketts p
2006_NE_Senate_REP,REP,Don Stenberg,96496,35.83,2,False,stenberg d
2006_NE_Senate_REP,REP,David J. Kramer,43185,16.03,2,False,kramer d
2006_NH_Governor_DEM,DEM,John Lynch,43442,99.51,1,True,lynch j
2006_NH_Governor_DEM,DEM,Write-ins,214,0.49,1,False,writeins
2006_NH_Governor_REP,REP,Jim Coburn,30352,85.4,2,True,coburn j
2006_NH_Governor_REP,REP,Write-ins,5190,14.6,2,False,writeins
2006_NJ_Senate_DEM,DEM,Bob Menendez,159604,84.03,1,True,menendez b
2006_NJ_Senate_DEM,DEM,James D. Kelly,30340,15.97,1,False,kelly j
2006_NJ_Senate_REP,REP,Thomas Kean Jr.,129794,75.63,2,True,kean t
2006_NJ_Senate_REP,REP,James P. Ginty,41828,24.37,2,False,ginty j
2006_NM_Governor_DEM,DEM,Bill Richardson,107720,99.64,1,True,richardson b
2006_NM_Governor_DEM,DEM,Anselmo A. Chávez,388,0.36,1,False,chavez a
2006_NM_Governor_REP,REP,James R. Damron,52888,99.58,2,True,damron j
2006_NM_Governor_REP,REP,George Bailey,225,0.42,2,False,bailey g
2006_NM_Senate_DEM,DEM,Jeff Bingaman,115198,100.0,1,True,bingaman j
2006_NM_Senate_REP,REP,Allen McCulloch,29592,51.04,2,True,mcculloch a
2006_NM_Senate_REP,REP,Joseph J. Carraro,18312,31.59,2,False,carraro j
2006_NM_Senate_REP,REP,David Pfeffer,10070,17.37,2,False,pfeffer d
2006_NV_Governor_DEM,DEM,Dina Titus,63999,53.76,1,True,titus d
2006_NV_Governor_DEM,DEM,James B. Gibson,42966,36.09,1,False,gibson j
2006_NV_Governor_DEM,DEM,Leola McConnell,5019,4.22,1,False,mcconnell l
2006_NV_Governor_REP,REP,Jim Gibbons,67717,48.19,2,True,gibbons j
2006_NV_Governor_REP,REP,Bob Beers,40876,29.09,2,False,beers b
2006_NV_Governor_REP,REP,Lorraine Hunt,25161,17.91,2,False,hunt l
2006_NV_Governor_REP,REP,Mimi Miyagi Damayo,1651,1.17,2,False,damayo m
2006_NV_Governor_REP,REP,Stan Lusak,794,0.57,2,False,lusak s
2006_NV_Senate_REP,REP,John Ensign,127023,90.47,1,True,ensign j
2006_NV_Senate_REP,REP,None of these candidates,6754,4.81,1,False,candidates n
2006_NV_Senate_REP,REP,Ed Hamilton,6629,4.72,1,False,hamilton e
2006_NV_Senate_DEM,DEM,Jack Carter,92270,78.3,2,True,carter j
2006_NV_Senate_DEM,DEM,None of these candidates,14425,12.24,2,False,candidates n
2006_NV_Senate_DEM,DEM,Ruby Jee Tun,11147,9.46,2,False,tun r
2006_NY_Governor_DEM,DEM,Eliot Spitzer,624684,81.88,1,True,spitzer e
2006_NY_Governor_DEM,DEM,Tom Suozzi,138263,18.12,1,False,suozzi t
2006_OH_Governor_DEM,DEM,Ted Strickland,634114,79.23,1,True,strickland t
2006_OH_Governor_DEM,DEM,Bryan Flannery,166253,20.77,1,False,flannery b
2006_OH_Governor_REP,REP,Ken Blackwell,460349,55.73,2,True,blackwell k
2006_OH_Governor_REP,REP,Jim Petro,365618,44.27,2,False,petro j
2006_OH_Senate_REP,REP,Mike DeWine,565580,71.71,1,True,dewine m
2006_OH_Senate_REP,REP,David Smith,114186,14.48,1,False,smith d
2006_OH_Senate_REP,REP,William Pierce,108978,13.82,1,False,pierce w
2006_OH_Senate_DEM,DEM,Sherrod Brown,583776,78.11,2,True,brown s
2006_OH_Senate_DEM,DEM,Merrill Keiser Jr.,163628,21.89,2,False,keiser m
2006_OK_Governor_DEM,DEM,Brad Henry,226957,85.82,1,True,henry b
2006_OK_Governor_DEM,DEM,"Andrew W. Marr, Jr.",37510,14.18,1,False,marr a
2006_OK_Governor_REP,REP,Ernest Istook,99650,54.71,2,True,istook e
2006_OK_Governor_REP,REP,Bob Sullivan,56347,30.94,2,False,sullivan b
2006_OK_Governor_REP,REP,James Allen Williamson,17769,9.76,2,False,williamson j
2006_OK_Governor_REP,REP,Jim Evanoff,8370,4.6,2,False,evanoff j
2006_OR_Governor_DEM,DEM,Ted Kulongoski,170944,53.56,1,True,kulongoski t
2006_OR_Governor_DEM,DEM,Jim Hill,92439,28.96,1,False,hill j
2006_OR_Governor_DEM,DEM,Pete Sorenson,51346,16.09,1,False,sorenson p
2006_OR_Governor_DEM,DEM,Scattering,4448,1.39,1,False,scattering
2006_OR_Governor_REP,REP,Ron Saxton,125286,41.69,2,True,saxton r
2006_OR_Governor_REP,REP,Kevin Mannix,89553,29.8,2,False,mannix k
2006_OR_Governor_REP,REP,Jason Atkinson,67057,22.31,2,False,atkinson j
2006_OR_Governor_REP,REP,W. Ames Curtright,7414,2.47,2,False,curtright w
2006_OR_Governor_REP,REP,Gordon Leitch,3100,1.03,2,False,leitch g
2006_OR_Governor_REP,REP,William E. Spidal,2537,0.84,2,False,spidal w
2006_OR_Governor_REP,REP,David W. Beem,1659,0.55,2,False,beem d
2006_OR_Governor_REP,REP,Bob Leonard Forthan,841,0.28,2,False,forthan b
2006_OR_Governor_REP,REP,Scattering,3107,1.03,2,False,scattering
2006_PA_Senate_REP,REP,Rick Santorum,561952,100.0,1,True,santorum r
2006_PA_Senate_DEM,DEM,"Bob Casey, Jr.",629271,84.48,2,True,casey b
2006_PA_Senate_DEM,DEM,Chuck Pennacchio,66364,8.91,2,False,pennacchio c
2006_PA_Senate_DEM,DEM,Alan Sandals,48113,6.46,2,False,sandals a
2006_RI_Governor_REP,REP,Donald Carcieri,51650,100.0,1,True,carcieri d
2006_RI_Governor_DEM,DEM,Charles J. Fogarty,69595,100.0,2,True,fogarty c
2006_RI_Senate_DEM,DEM,Sheldon Whitehouse,69290,81.53,1,True,whitehouse s
2006_RI_Senate_DEM,DEM,Christopher F. Young,8939,10.52,1,False,young c
2006_RI_Senate_DEM,DEM,Carl Sheeler,6755,7.95,1,False,sheeler c
2006_RI_Senate_REP,REP,Lincoln Chafee,34936,54.18,2,True,chafee l
2006_RI_Senate_REP,REP,Steve Laffey,29547,45.82,2,False,laffey s
2006_SC_Governor_DEM,DEM,Tommy Moore,88092,63.68,1,True,moore t
2006_SC_Governor_DEM,DEM,Frank Willis,42317,30.59,1,False,willis f
2006_SC_Governor_DEM,DEM,C. Dennis Aughtry,7934,5.74,1,False,aughtry c
2006_SC_Governor_REP,REP,Mark Sanford,160238,64.8,2,True,sanford m
2006_SC_Governor_REP,REP,Oscar Lovelace,87043,35.2,2,False,lovelace o
2006_SD_Governor_DEM,DEM,Jack Billion,22527,61.91,1,True,billion j
2006_SD_Governor_DEM,DEM,Dennis Weise,13862,38.09,1,False,weise d
2006_TN_Governor_DEM,DEM,Phil Bredesen,393004,88.5,1,True,bredesen p
2006_TN_Governor_DEM,DEM,John Jay Hooker,31933,7.19,1,False,hooker j
2006_TN_Governor_DEM,DEM,Tim Sevier,11562,2.6,1,False,sevier t
2006_TN_Governor_DEM,DEM,Walt Ward,7555,1.7,1,False,ward w
2006_TN_Governor_REP,REP,Jim Bryson,160786,50.03,2,True,bryson j
2006_TN_Governor_REP,REP,David M. Farmer,50900,15.84,2,False,farmer d
2006_TN_Governor_REP,REP,Joe Kirkpatrick,34491,10.73,2,False,kirkpatrick j
2006_TN_Governor_REP,REP,Mark Albertini,29184,9.08,2,False,albertini m
2006_TN_Governor_REP,REP,Wayne Thomas Bailey,24273,7.55,2,False,bailey w
2006_TN_Governor_REP,REP,Wayne Young,11997,3.73,2,False,young w
2006_TN_Governor_REP,REP,Timothy Thomas,9747,3.03,2,False,thomas t
2006_TN_Senate_REP,REP,Bob Corker,231541,48.13,1,True,corker b
2006_TN_Senate_REP,REP,Ed Bryant,161189,33.5,1,False,bryant e
2006_TN_Senate_REP,REP,Van Hilleary,83078,17.27,1,False,hilleary v
2006_TN_Senate_REP,REP,Tate Harrison,5309,1.1,1,False,harrison t
2006_TN_Senate_DEM,DEM,Harold Ford Jr.,333789,79.1,2,True,ford h
2006_TN_Senate_DEM,DEM,Gary Gene Davis,41802,9.91,2,False,davis g
2006_TN_Senate_DEM,DEM,John Jay Hooker,27175,6.44,2,False,hooker j
2006_TN_Senate_DEM,DEM,Charles Smith,14724,3.49,2,False,smith c
2006_TN_Senate_DEM,DEM,Alvin Strauss,4410,1.05,2,False,strauss a
2006_TX_Governor_REP,REP,Rick Perry,552545,84.23,1,True,perry r
2006_TX_Governor_REP,REP,Larry Kilgore,50119,7.64,1,False,kilgore l
2006_TX_Governor_REP,REP,Rhett Smith,30255,4.6,1,False,smith r
2006_TX_Governor_REP,REP,Star Locke,23030,3.51,1,False,locke s
2006_TX_Governor_DEM,DEM,Chris Bell,324869,63.87,2,True,bell c
2006_TX_Governor_DEM,DEM,Bob Gammage,145081,28.53,2,False,gammage b
2006_TX_Governor_DEM,DEM,Rashad Jafer,38652,7.6,2,False,jafer r
2006_TX_Senate_REP,REP,Kay Bailey Hutchison,627163,100.0,1,True,hutchison k
2006_TX_Senate_DEM,DEM,Barbara Ann Radnofsky,124663,60.15,3,True,radnofsky b
2006_TX_Senate_DEM,DEM,Gene Kelly,82589,39.85,3,False,kelly g
2006_VA_Senate_DEM,DEM,Jim Webb,83298,53.47,1,True,webb j
2006_VA_Senate_DEM,DEM,Harris Miller,72486,46.53,1,False,miller h
2006_VT_Senate_DEM,DEM,Bernie Sanders,35954,94.15,1,True,sanders b
2006_VT_Senate_DEM,DEM,Louis W. Thabault,585,1.53,1,False,thabault l
2006_VT_Senate_DEM,DEM,Craig Hill,504,1.32,1,False,hill c
2006_VT_Senate_DEM,DEM,Larry Drown,403,1.05,1,False,drown l
2006_VT_Senate_DEM,DEM,Peter Moss,384,1.0,1,False,moss p
2006_VT_Senate_DEM,DEM,Write-ins,355,0.93,1,False,writeins
2006_VT_Senate_REP,REP,Richard Tarrant,22008,61.84,2,True,tarrant r
2006_VT_Senate_REP,REP,Greg Parke,10479,29.44,2,False,parke g
2006_VT_Senate_REP,REP,Cris Ericson,1722,4.84,2,False,ericson c
2006_VT_Senate_REP,REP,Write-ins,1382,3.88,2,False,writeins
2006_WI_Governor_DEM,DEM,Jim Doyle,318523,99.3,1,True,doyle j
2006_WI_Governor_DEM,DEM,Scattering,2259,0.7,1,False,scattering
2006_WI_Governor_REP,REP,Mark Green,233216,99.66,2,True,green m
2006_WI_Governor_REP,REP,Scattering,804,0.34,2,False,scattering
2006_WI_Senate_DEM,DEM,Herb Kohl,308178,85.66,1,True,kohl h
2006_WI_Senate_DEM,DEM,Ben Masel,51245,14.24,1,False,masel b
2006_WI_Senate_DEM,DEM,Write ins,335,0.09,1,False,ins w
2006_WI_Senate_REP,REP,Robert Lorge,194633,99.73,2,True,lorge r
2006_WI_Senate_REP,REP,Write ins,530,0.27,2,False,ins w
2006_WV_Senate_DEM,DEM,Robert Byrd,159154,85.7,1,True,byrd r
2006_WV_Senate_DEM,DEM,"Billy Hendricks, Jr.",26609,14.3,1,False,hendricks b
2006_WV_Senate_REP,REP,John Raese,47408,58.3,2,True,raese j
2006_WV_Senate_REP,REP,Hiram Lewis,18496,22.7,2,False,lewis h
2006_WV_Senate_REP,REP,Rick Snuffer,4870,6.0,2,False,snuffer r
2006_WV_Senate_REP,REP,"Charles G. ""Bud"" Railey",4364,5.4,2,False,railey c
2006_WV_Senate_REP,REP,Paul J. Brown,3464,4.3,2,False,brown p
2006_WV_Senate_REP,REP,Zane Lawhorn,2723,3.3,2,False,lawhorn z
2006_WY_Governor_DEM,DEM,Dave Freudenthal,26550,89.66,1,True,freudenthal d
2006_WY_Governor_DEM,DEM,Al Hamburg,3062,10.34,1,False,hamburg a
2006_WY_Governor_REP,REP,Ray Hunkins,51803,74.64,2,True,hunkins r
2006_WY_Governor_REP,REP,John H. Self,17598,25.36,2,False,self j
2006_WY_Senate_REP,REP,Craig Thomas,78211,100.0,1,True,thomas c
2008_AK_Senate_DEM,DEM,Mark Begich,63747,84.12,1,True,begich m
2008_AK_Senate_DEM,DEM,Ray Metcalfe,5480,7.23,1,False,metcalfe r
2008_AK_Senate_DEM,DEM,Frank Vondersaar,965,1.27,1,False,vondersaar f
2008_AK_Senate_REP,REP,Ted Stevens,66900,63.52,2,True,stevens t
2008_AK_Senate_REP,REP,David Cuddy,28364,26.93,2,False,cuddy d
2008_AK_Senate_REP,REP,Vic Vickers,6102,5.79,2,False,vickers v
2008_AK_Senate_REP,REP,Michael Corey,1496,1.42,2,False,corey m
2008_AK_Senate_REP,REP,Roderic Sikma,1133,1.08,2,False,sikma r
2008_AK_Senate_REP,REP,Rich Wanda,732,0.69,2,False,wanda r
2008_AK_Senate_REP,REP,Gerald Heikes,599,0.57,2,False,heikes g
2008_AL_Senate_REP,REP,Jeff Sessions,199690,92.27,1,True,sessions j
2008_AL_Senate_REP,REP,Earl Mack Gavin,16718,7.73,1,False,gavin e
2008_AL_Senate_DEM,DEM,Vivian Davis Figures,112074,63.72,2,True,figures v
2008_AL_Senate_DEM,DEM,Johnny Swanson,38757,22.03,2,False,swanson j
2008_AL_Senate_DEM,DEM,Mark Townsend,25058,14.25,2,False,townsend m
2008_CO_Senate_DEM,DEM,Mark Udall,194227,100.0,1,True,udall m
2008_CO_Senate_REP,REP,Bob Schaffer,239212,100.0,2,True,schaffer b
2008_DE_Governor_DEM,DEM,Jack Markell,37849,51.17,1,True,markell j
2008_DE_Governor_DEM,DEM,John Carney,36112,48.83,1,False,carney j
2008_DE_Governor_REP,REP,Bill Lee,20826,71.88,2,True,lee b
2008_DE_Governor_REP,REP,Michael Protack,8146,28.12,2,False,protack m
2008_GA_Senate_REP,REP,Saxby Chambliss,392902,100.0,1,True,chambliss s
2008_GA_Senate_DEM,DEM,Jim Martin,191061,59.9,3,True,martin j
2008_GA_Senate_DEM,DEM,Vernon Jones,127993,40.1,3,False,jones v
2008_IA_Senate_DEM,DEM,Tom Harkin,90785,98.83,1,True,harkin t
2008_IA_Senate_DEM,DEM,Write-ins,1074,1.17,1,False,writeins
2008_IA_Senate_REP,REP,Christopher Reed,24964,35.32,2,True,reed c
2008_IA_Senate_REP,REP,George Eichhorn,24390,34.52,2,False,eichhorn g
2008_IA_Senate_REP,REP,Steve Rathje,21062,29.8,2,False,rathje s
2008_IA_Senate_REP,REP,Write-ins,256,0.36,2,False,writeins
2008_ID_Senate_REP,REP,Jim Risch,80743,65.34,1,True,risch j
2008_ID_Senate_REP,REP,Scott Syme,16660,13.48,1,False,syme s
2008_ID_Senate_REP,REP,Richard Phenneger,6532,5.29,1,False,phenneger r
2008_ID_Senate_REP,REP,Neal Thompson,5375,4.35,1,False,thompson n
2008_ID_Senate_REP,REP,Fred M. Adams,4987,4.04,1,False,adams f
2008_ID_Senate_REP,REP,Bill Hunter,4280,3.46,1,False,hunter b
2008_ID_Senate_REP,REP,Brian E. Hefner,2915,2.36,1,False,hefner b
2008_ID_Senate_REP,REP,"Hal James Styles, Jr.",2082,1.68,1,False,styles h
2008_ID_Senate_DEM,DEM,Larry LaRocco,29023,72.35,2,True,larocco l
2008_ID_Senate_DEM,DEM,David J. Archuleta,11074,27.6,2,False,archuleta d
2008_ID_Senate_DEM,DEM,Write-ins,20,0.05,2,False,writeins
2008_IL_Senate_DEM,DEM,Dick Durbin,1653833,100.0,1,True,durbin d
2008_IL_Senate_REP,REP,Steve Sauerberg,395199,55.62,2,True,sauerberg s
2008_IL_Senate_REP,REP,Andy Martin,240548,33.85,2,False,martin a
2008_IL_Senate_REP,REP,Mike Psak,74829,10.53,2,False,psak m
2008_KS_Senate_REP,REP,Pat Roberts,214911,100.0,1,True,roberts p
2008_KS_Senate_DEM,DEM,Jim Slattery,68106,68.93,2,True,slattery j
2008_KS_Senate_DEM,DEM,Lee Jones,30699,31.07,2,False,jones l
2008_KY_Senate_REP,REP,Mitch McConnell,168127,86.09,1,True,mcconnell m
2008_KY_Senate_REP,REP,Daniel Essek,27170,13.91,1,False,essek d
2008_KY_Senate_DEM,DEM,Bruce Lunsford,316992,51.15,2,True,lunsford b
2008_KY_Senate_DEM,DEM,Greg Fischer,209827,33.85,2,False,fischer g
2008_KY_Senate_DEM,DEM,David L. Williams,34363,5.54,2,False,williams d
2008_KY_Senate_DEM,DEM,James E. Rice,20403,3.29,2,False,rice j
2008_KY_Senate_DEM,DEM,Michael Cassaro,17340,2.8,2,False,cassaro m
2008_KY_Senate_DEM,DEM,Kenneth Stepp,13451,2.17,2,False,stepp k
2008_KY_Senate_DEM,DEM,David Wylie,7528,1.21,2,False,wylie d
2008_MA_Senate_DEM,DEM,John Kerry,335923,68.92,1,True,kerry j
2008_MA_Senate_DEM,DEM,Edward O'Reilly,151473,31.08,1,False,oreilly e
2008_ME_Senate_DEM,DEM,Tom Allen,69932,85.6,1,True,allen t
2008_ME_Senate_DEM,DEM,Tom Ledue,11795,14.4,1,False,ledue t
2008_MO_Governor_REP,REP,Kenny Hulshof,194556,49.2,1,True,hulshof k
2008_MO_Governor_REP,REP,Sarah Steelman,176750,44.7,1,False,steelman s
2008_MO_Governor_REP,REP,Scott Long,18745,4.7,1,False,long s
2008_MO_Governor_REP,REP,Jen Sievers,5664,1.4,1,False,sievers j
2008_MO_Governor_DEM,DEM,Jay Nixon,303796,85.0,2,True,nixon j
2008_MO_Governor_DEM,DEM,Daniel Carroll,53768,15.0,2,False,carroll d
2008_MT_Governor_DEM,DEM,Brian Schweitzer,159820,91.3,1,True,schweitzer b
2008_MT_Governor_DEM,DEM,William Fischer,9865,5.64,1,False,fischer w
2008_MT_Governor_DEM,DEM,Donald Pogreba,5358,3.06,1,False,pogreba d
2008_MT_Governor_REP,REP,Roy Brown,65883,80.81,2,True,brown r
2008_MT_Governor_REP,REP,Larry Steele,15643,19.19,2,False,steele l
2008_MT_Senate_DEM,DEM,Max Baucus,165050,100.0,1,True,baucus m
2008_MT_Senate_REP,REP,Bob Kelleher,26936,36.32,2,True,kelleher b
2008_MT_Senate_REP,REP,Michael Lange,17044,22.98,2,False,lange m
2008_MT_Senate_REP,REP,Kirk Bushman,15507,20.91,2,False,bushman k
2008_MT_Senate_REP,REP,Patty Lovaas,7632,10.29,2,False,lovaas p
2008_MT_Senate_REP,REP,Anton Pearson,4257,5.74,2,False,pearson a
2008_MT_Senate_REP,REP,Garnett Shay,2788,3.76,2,False,shay g
2008_NC_Senate_REP,REP,Elizabeth Dole,460665,90.0,1,True,dole e
2008_NC_Senate_REP,REP,Pete DiLauro,51406,10.0,1,False,dilauro p
2008_NC_Senate_DEM,DEM,Kay Hagan,801920,60.1,2,True,hagan k
2008_NC_Senate_DEM,DEM,Jim Neal,239623,18.0,2,False,neal j
2008_NC_Senate_DEM,DEM,Marcus W. Williams,170970,12.8,2,False,williams m
2008_NC_Senate_DEM,DEM,Duskin Lassiter,62136,4.6,2,False,lassiter d
2008_NC_Senate_DEM,DEM,Howard Staley,60403,4.5,2,False,staley h
2008_NE_Senate_REP,REP,Mike Johanns,112191,78.61,1,True,johanns m
2008_NE_Senate_REP,REP,Pat Flynn,31560,21.12,1,False,flynn p
2008_NE_Senate_DEM,DEM,Scott Kleeb,65582,68.37,2,True,kleeb s
2008_NE_Senate_DEM,DEM,Tony Raimondo,24141,25.17,2,False,raimondo t
2008_NE_Senate_DEM,DEM,James Bryan Wilson,3224,3.36,2,False,wilson j
2008_NE_Senate_DEM,DEM,Larry Marvin,2672,2.8,2,False,marvin l
2008_NH_Governor_DEM,DEM,John Lynch,44549,90.69,1,True,lynch j
2008_NH_Governor_DEM,DEM,Kathryn Forry,4444,9.05,1,False,forry k
2008_NH_Governor_DEM,DEM,Write-ins,131,0.27,1,False,writeins
2008_NH_Governor_REP,REP,Joseph Kenney,49235,92.69,2,True,kenney j
2008_NH_Governor_REP,REP,Write-ins,3885,7.31,2,False,writeins
2008_NH_Senate_DEM,DEM,Jeanne Shaheen,43968,88.5,1,True,shaheen j
2008_NH_Senate_DEM,DEM,Raymond Stebbins,5281,10.6,1,False,stebbins r
2008_NH_Senate_REP,REP,John Sununu,60852,88.7,2,True,sununu j
2008_NH_Senate_REP,REP,Tom Alciere,7084,10.3,2,False,alciere t
2008_NJ_Senate_DEM,DEM,Frank Lautenberg,203012,58.9,1,True,lautenberg f
2008_NJ_Senate_DEM,DEM,Rob Andrews,121777,35.3,1,False,andrews r
2008_NJ_Senate_DEM,DEM,Donald Cresitello,19743,5.7,1,False,cresitello d
2008_NJ_Senate_REP,REP,Dick Zimmer,84663,45.8,2,True,zimmer d
2008_NJ_Senate_REP,REP,Joseph Pennacchio,74546,40.3,2,False,pennacchio j
2008_NJ_Senate_REP,REP,Murray Sabrin,25576,13.8,2,False,sabrin m
2008_NM_Senate_DEM,DEM,Tom Udall,141629,100.0,1,True,udall t
2008_NM_Senate_REP,REP,Steve Pearce,57953,51.29,2,True,pearce s
2008_NM_Senate_REP,REP,Heather Wilson,55039,48.71,2,False,wilson h
2008_OK_Senate_REP,REP,Jim Inhofe,116371,84.18,1,True,inhofe j
2008_OK_Senate_REP,REP,Evelyn Rogers,10770,7.79,1,False,rogers e
2008_OK_Senate_REP,REP,Ted Ryals,7306,5.28,1,False,ryals t
2008_OK_Senate_REP,REP,Dennis Lopez,3800,2.75,1,False,lopez d
2008_OK_Senate_DEM,DEM,Andrew Rice,113795,59.65,2,True,rice a
2008_OK_Senate_DEM,DEM,Jim Rogers,76981,40.35,2,False,rogers j
2008_OR_Senate_REP,REP,Gordon Smith,296330,85.41,1,True,smith g
2008_OR_Senate_REP,REP,Gordon Leitch,48560,14.0,1,False,leitch g
2008_OR_Senate_REP,REP,Write-ins,2068,0.69,1,False,writeins
2008_OR_Senate_DEM,DEM,Jeff Merkley,246482,44.82,2,True,merkley j
2008_OR_Senate_DEM,DEM,Steve Novick,230889,41.98,2,False,novick s
2008_OR_Senate_DEM,DEM,Candy Neville,38367,6.98,2,False,neville c
2008_OR_Senate_DEM,DEM,Roger S. Obrist,12647,2.3,2,False,obrist r
2008_OR_Senate_DEM,DEM,Pavel Goberman,12056,2.19,2,False,goberman p
2008_OR_Senate_DEM,DEM,David Loera,6127,1.11,2,False,loera d
2008_OR_Senate_DEM,DEM,Write-ins,3398,0.62,2,False,writeins
2008_RI_Senate_DEM,DEM,Jack Reed,48038,86.8,1,True,reed j
2008_RI_Senate_DEM,DEM,Christopher Young,7277,13.2,1,False,young c
2008_SC_Senate_REP,REP,Lindsey Graham,187736,66.84,1,True,graham l
2008_SC_Senate_REP,REP,Buddy Witherspoon,93125,33.16,1,False,witherspoon b
2008_SC_Senate_DEM,DEM,Bob Conley,74185,50.36,2,True,conley b
2008_SC_Senate_DEM,DEM,Michael Cone,73127,49.64,2,False,cone m
2008_SD_Senate_REP,REP,Joel Dykstra,34598,65.74,1,True,dykstra j
2008_SD_Senate_REP,REP,Sam Kephart,13047,24.79,1,False,kephart s
2008_SD_Senate_REP,REP,Charles Gonyo,4983,9.47,1,False,gonyo c
2008_TN_Senate_REP,REP,Lamar Alexander,244222,100.0,1,True,alexander l
2008_TN_Senate_DEM,DEM,Bob Tuke,59050,32.21,2,True,tuke b
2008_TN_Senate_DEM,DEM,Gary G. Davis,39119,21.34,2,False,davis g
2008_TN_Senate_DEM,DEM,Mike Padgett,33471,18.26,2,False,padgett m
2008_TN_Senate_DEM,DEM,Mark E. Clayton,32309,17.62,2,False,clayton m
2008_TN_Senate_DEM,DEM,Kenneth Eaton,14702,8.02,2,False,eaton k
2008_TN_Senate_DEM,DEM,Leonard D. Ladner,4697,2.55,2,False,ladner l
2008_TX_Senate_REP,REP,John Cornyn,997216,81.48,1,True,cornyn j
2008_TX_Senate_REP,REP,Larry Kilgore,226649,18.52,1,False,kilgore l
2008_TX_Senate_DEM,DEM,Rick Noriega,1110579,51.01,2,True,noriega r
2008_TX_Senate_DEM,DEM,Gene Kelly,584966,26.87,2,False,kelly g
2008_TX_Senate_DEM,DEM,Ray McMurrey,269402,12.37,2,False,mcmurrey r
2008_TX_Senate_DEM,DEM,Rhett Smith,213305,9.75,2,False,smith r
2008_WV_Senate_DEM,DEM,Jay Rockefeller,271370,77.1,1,True,rockefeller j
2008_WV_Senate_DEM,DEM,Sheirl Fletcher,51073,14.5,1,False,fletcher s
2008_WV_Senate_DEM,DEM,Billy Hendricks,29707,8.4,1,False,hendricks b
2008_WY_Senate_REP,REP,Mike Enzi,69195,100.0,1,True,enzi m
2010_AK_Governor_REP,REP,Sean Parnell,54125,49.49,1,True,parnell s
2010_AK_Governor_REP,REP,Bill Walker,35734,33.95,1,False,walker b
2010_AK_Governor_REP,REP,Ralph Samuels,15376,14.05,1,False,samuels r
2010_AK_Governor_REP,REP,Sam Little,1661,1.54,1,False,little s
2010_AK_Governor_REP,REP,Merica Hlatcu,626,0.56,1,False,hlatcu m
2010_AK_Governor_REP,REP,Gerald L. Heikes,460,0.4,1,False,heikes g
2010_AK_Governor_DEM,DEM,Ethan Berkowitz,22607,48.69,2,True,berkowitz e
2010_AK_Governor_DEM,DEM,Hollis French,18018,38.81,2,False,french h
2010_AK_Senate_DEM,DEM,Scott McAdams,18035,51.41,1,True,mcadams s
2010_AK_Senate_DEM,DEM,Jacob Seth Kern,6913,19.71,1,False,kern j
2010_AK_Senate_DEM,DEM,Frank Vondersaar,5339,15.22,1,False,vondersaar f
2010_AK_Senate_REP,REP,Joe Miller,55878,50.91,2,True,miller j
2010_AK_Senate_REP,REP,Lisa Murkowski,53872,49.09,2,False,murkowski l
2010_AL_Governor_REP,REP,Robert J. Bentley,260887,56.07,2,True,bentley r
2010_AL_Governor_REP,REP,Bradley Byrne,204394,43.93,2,False,byrne b
2010_AL_Governor_DEM,DEM,Ron Sparks,199558,62.44,3,True,sparks r
2010_AL_Governor_DEM,DEM,Artur Davis,120050,37.56,3,False,davis a
2010_AL_Senate_REP,REP,Richard Shelby,405042,84.34,1,True,shelby r
2010_AL_Senate_REP,REP,Clint Moser,75190,15.66,1,False,moser c
2010_AL_Senate_DEM,DEM,William G. Barnes,160737,60.77,2,True,barnes w
2010_AL_Senate_DEM,DEM,Simone De Moore,103784,39.23,2,False,moore s
2010_AR_Senate_DEM,DEM,Blanche Lincoln,134756,52.0,2,True,lincoln b
2010_AR_Senate_DEM,DEM,Bill Halter,124405,48.0,2,False,halter b
2010_AR_Senate_REP,REP,John Boozman,75010,52.73,3,True,boozman j
2010_AR_Senate_REP,REP,Jim Holt,24826,17.45,3,False,holt j
2010_AR_Senate_REP,REP,Gilbert Baker,16540,11.63,3,False,baker g
2010_AR_Senate_REP,REP,Conrad Reynolds,7128,5.01,3,False,reynolds c
2010_AR_Senate_REP,REP,Curtis Coleman,6928,4.87,3,False,coleman c
2010_AR_Senate_REP,REP,Kim Hendren,5551,3.9,3,False,hendren k
2010_AR_Senate_REP,REP,Randy Alexander,4389,3.09,3,False,alexander r
2010_AR_Senate_REP,REP,Fred Ramey,1888,1.33,3,False,ramey f
2010_AZ_Governor_REP,REP,Jan Brewer,479153,81.53,1,True,brewer j
2010_AZ_Governor_REP,REP,Buz Mills*,51001,8.68,1,False,mills b
2010_AZ_Governor_REP,REP,Dean Martin*,36012,6.13,1,False,martin d
2010_AZ_Governor_REP,REP,Matthew Jette,19611,3.34,1,False,jette m
2010_AZ_Governor_REP,REP,Write-in,1906,0.32,1,False,writein
2010_AZ_Senate_REP,REP,John McCain,284374,56.2,1,True,mccain j
2010_AZ_Senate_REP,REP,J. D. Hayworth,162502,32.1,1,False,hayworth j
2010_AZ_Senate_REP,REP,Jim Deakin,59447,11.7,1,False,deakin j
2010_AZ_Senate_DEM,DEM,Rodney Glassman,86881,34.7,2,True,glassman r
2010_AZ_Senate_DEM,DEM,Cathy Eden,66421,26.5,2,False,eden c
2010_AZ_Senate_DEM,DEM,John Dougherty,60262,24.1,2,False,dougherty j
2010_AZ_Senate_DEM,DEM,Randy Parraz,36637,14.6,2,False,parraz r
2010_CA_Governor_REP,REP,Meg Whitman,1529534,64.35,1,True,whitman m
2010_CA_Governor_REP,REP,Steve Poizner,632940,26.63,1,False,poizner s
2010_CA_Governor_REP,REP,Lawrence Naritelli,54202,2.28,1,False,naritelli l
2010_CA_Governor_REP,REP,Robert C. Newman II,38462,1.62,1,False,newman r
2010_CA_Governor_REP,REP,Ken Miller,36609,1.54,1,False,miller k
2010_CA_Governor_REP,REP,Bill Chambers,34243,1.44,1,False,chambers b
2010_CA_Governor_REP,REP,Douglas R. Hughes,26085,1.1,1,False,hughes d
2010_CA_Governor_REP,REP,David Tully-Smith,24978,1.05,1,False,tullysmith d
2010_CA_Governor_REP,REP,Steven Paul Mozena,26,0.0,1,False,mozena s
2010_CA_Governor_DEM,DEM,Jerry Brown,2021189,84.38,2,True,brown j
2010_CA_Governor_DEM,DEM,Richard Aguirre,95596,3.99,2,False,aguirre r
2010_CA_Governor_DEM,DEM,Charles Pineda,94669,3.95,2,False,pineda c
2010_CA_Governor_DEM,DEM,Vibert Greene,54225,2.26,2,False,greene v
2010_CA_Governor_DEM,DEM,Joe Symmon,54122,2.26,2,False,symmon j
2010_CA_Governor_DEM,DEM,Lowell Darling,39930,1.67,2,False,darling l
2010_CA_Governor_DEM,DEM,Peter Schurman,35450,1.48,2,False,schurman p
2010_CA_Governor_DEM,DEM,Nadia B. Smalley,106,0.0,2,False,smalley n
2010_CA_Senate_DEM,DEM,Barbara Boxer,1957920,81.0,1,True,boxer b
2010_CA_Senate_DEM,DEM,Brian Quintana,338442,13.9,1,False,quintana b
2010_CA_Senate_DEM,DEM,Mickey Kaus,123573,5.1,1,False,kaus m
2010_CA_Senate_REP,REP,Carly Fiorina,1315429,56.4,2,True,fiorina c
2010_CA_Senate_REP,REP,Tom Campbell,504289,21.7,2,False,campbell t
2010_CA_Senate_REP,REP,Chuck DeVore,452577,19.3,2,False,devore c
2010_CA_Senate_REP,REP,Al Ramirez,42149,1.8,2,False,ramirez a
2010_CA_Senate_REP,REP,Tim Kalemkarian,19598,0.8,2,False,kalemkarian t
2010_CO_Governor_DEM,DEM,John Hickenlooper,303245,100.0,1,True,hickenlooper j
2010_CO_Governor_REP,REP,Dan Maes,197629,50.66,2,True,maes d
2010_CO_Governor_REP,REP,Scott McInnis,192479,49.34,2,False,mcinnis s
2010_CO_Senate_DEM,DEM,Michael Bennet,184714,54.15,1,True,bennet m
2010_CO_Senate_DEM,DEM,Andrew Romanoff,156419,45.85,1,False,romanoff a
2010_CO_Senate_REP,REP,Ken Buck,211099,51.57,2,True,buck k
2010_CO_Senate_REP,REP,Jane Norton,198231,48.43,2,False,norton j
2010_CT_Governor_REP,REP,Thomas C. Foley,50792,42.27,2,True,foley t
2010_CT_Governor_REP,REP,Michael Fedele,46989,39.1,2,False,fedele m
2010_CT_Governor_REP,REP,Oz Griebel,22390,18.63,2,False,griebel o
2010_CT_Governor_DEM,DEM,Dannel Malloy,103154,57.01,4,True,malloy d
2010_CT_Governor_DEM,DEM,Ned Lamont,77772,42.99,4,False,lamont n
2010_DE_Senate_REP,REP,Christine O'Donnell,30561,53.07,1,True,odonnell c
2010_DE_Senate_REP,REP,Mike Castle,27021,46.93,1,False,castle m
2010_FL_Governor_DEM,DEM,Alex Sink,663802,76.9,1,True,sink a
2010_FL_Governor_DEM,DEM,Brian Moore,199896,23.1,1,False,moore b
2010_FL_Governor_REP,REP,Rick Scott,595474,46.4,2,True,scott r
2010_FL_Governor_REP,REP,Bill McCollum,557427,43.4,2,False,mccollum b
2010_FL_Governor_REP,REP,Mike McCalister,130056,10.1,2,False,mccalister m
2010_FL_Senate_REP,REP,Marco Rubio,1069936,84.62,1,True,rubio m
2010_FL_Senate_REP,REP,William Kogut,112080,8.86,1,False,kogut w
2010_FL_Senate_REP,REP,William Escoffery,82426,6.52,1,False,escoffery w
2010_FL_Senate_DEM,DEM,Kendrick Meek,528266,57.53,2,True,meek k
2010_FL_Senate_DEM,DEM,Jeff Greene,284948,31.03,2,False,greene j
2010_FL_Senate_DEM,DEM,Glenn Burkett,59840,6.52,2,False,burkett g
2010_FL_Senate_DEM,DEM,Maurice Ferré,45219,4.92,2,False,ferre m
2010_GA_Governor_REP,REP,Nathan Deal,291035,50.2,2,True,deal n
2010_GA_Governor_REP,REP,Karen Handel,288516,49.8,2,False,handel k
2010_GA_Governor_DEM,DEM,Roy Barnes,259482,65.6,3,True,barnes r
2010_GA_Governor_DEM,DEM,Thurbert Baker,85571,21.6,3,False,baker t
2010_GA_Governor_DEM,DEM,David Poythress,21780,5.5,3,False,poythress d
2010_GA_Governor_DEM,DEM,DuBose Porter,17767,4.5,3,False,porter d
2010_GA_Governor_DEM,DEM,Carl Camon,4170,1.1,3,False,camon c
2010_GA_Governor_DEM,DEM,Bill Bolton,3573,0.9,3,False,bolton b
2010_GA_Governor_DEM,DEM,Randal Mangham,3124,0.8,3,False,mangham r
2010_GA_Senate_DEM,DEM,Michael Thurmond,297226,84.3,1,True,thurmond m
2010_GA_Senate_DEM,DEM,RJ Hadley,55159,15.7,1,False,hadley r
2010_GA_Senate_REP,REP,Johnny Isakson,558298,100.0,2,True,isakson j
2010_HI_Governor_DEM,DEM,Neil Abercrombie,142234,59.3,1,True,abercrombie n
2010_HI_Governor_DEM,DEM,Mufi Hannemann,90535,37.7,1,False,hannemann m
2010_HI_Governor_DEM,DEM,Arturo P. Reyes,1350,0.6,1,False,reyes a
2010_HI_Governor_DEM,DEM,Van K. Tanabe,1329,0.6,1,False,tanabe v
2010_HI_Governor_DEM,DEM,Miles Shiratori,1031,0.4,1,False,shiratori m
2010_HI_Governor_REP,REP,Duke Aiona,42479,93.0,2,True,aiona d
2010_HI_Governor_REP,REP,John S. Carroll,2075,4.5,2,False,carroll j
2010_HI_Senate_DEM,DEM,Daniel Inouye,188400,88.3,1,True,inouye d
2010_HI_Senate_DEM,DEM,Andy Woerner,25016,11.7,1,False,woerner a
2010_HI_Senate_REP,REP,Campbell Cavasso,21865,66.7,2,True,cavasso c
2010_HI_Senate_REP,REP,John Roco,7190,21.9,2,False,roco j
2010_HI_Senate_REP,REP,Eddie Pirkowski,3744,11.4,2,False,pirkowski e
2010_IA_Governor_DEM,DEM,Chet Culver,56293,95.69,1,True,culver c
2010_IA_Governor_DEM,DEM,Write-ins,2534,4.31,1,False,writeins
2010_IA_Governor_REP,REP,Terry Branstad,114450,50.3,2,True,branstad t
2010_IA_Governor_REP,REP,Bob Vander Plaats,93058,40.9,2,False,plaats b
2010_IA_Governor_REP,REP,Rod Roberts,19896,8.74,2,False,roberts r
2010_IA_Governor_REP,REP,Write-ins,121,0.05,2,False,writeins
2010_IA_Senate_REP,REP,Chuck Grassley,197194,98.0,1,True,grassley c
2010_IA_Senate_REP,REP,Write-ins,3926,2.0,1,False,writeins
2010_IA_Senate_DEM,DEM,Roxanne Conlin,52715,77.5,2,True,conlin r
2010_IA_Senate_DEM,DEM,Bob Krause,8728,12.9,2,False,krause b
2010_IA_Senate_DEM,DEM,Tom Fiegen,6357,9.4,2,False,fiegen t
2010_IA_Senate_DEM,DEM,Write-ins,177,0.2,2,False,writeins
2010_ID_Governor_REP,REP,Butch Otter,89117,54.6,1,True,otter b
2010_ID_Governor_REP,REP,Rex Rammell,42436,26.0,1,False,rammell r
2010_ID_Governor_REP,REP,Sharon Ullman,13749,8.4,1,False,ullman s
2010_ID_Governor_REP,REP,Pete Peterson,8402,5.2,1,False,peterson p
2010_ID_Governor_REP,REP,Walt Bayes,4825,3.0,1,False,bayes w
2010_ID_Governor_REP,REP,Tamara Wells,4544,2.8,1,False,wells t
2010_ID_Governor_REP,REP,Fred Nichols,38,0.0,1,False,nichols f
2010_ID_Governor_DEM,DEM,Keith Allred,22386,81.7,2,True,allred k
2010_ID_Governor_DEM,DEM,Lee Chaney,5026,18.3,2,False,chaney l
2010_ID_Senate_REP,REP,Mike Crapo,127332,79.3,1,True,crapo m
2010_ID_Senate_REP,REP,Skip Davis,33150,20.7,1,False,davis s
2010_IL_Governor_DEM,DEM,Pat Quinn,462049,50.46,1,True,quinn p
2010_IL_Governor_DEM,DEM,Daniel Hynes,453677,49.54,1,False,hynes d
2010_IL_Governor_REP,REP,Bill Brady,155527,20.26,2,True,brady b
2010_IL_Governor_REP,REP,Kirk Dillard,155334,20.24,2,False,dillard k
2010_IL_Governor_REP,REP,Andy McKenna,148054,19.29,2,False,mckenna a
2010_IL_Governor_REP,REP,Jim Ryan,130785,17.04,2,False,ryan j
2010_IL_Governor_REP,REP,Adam Andrzejewski,111030,14.47,2,False,andrzejewski a
2010_IL_Governor_REP,REP,Dan Proft,59335,7.73,2,False,proft d
2010_IL_Governor_REP,REP,Bob Schillerstrom,7420,0.97,2,False,schillerstrom b
2010_IL_Senate_DEM,DEM,Alexi Giannoulias,351120,38.9,1,True,giannoulias a
2010_IL_Senate_DEM,DEM,David Hoffman,303719,33.7,1,False,hoffman d
2010_IL_Senate_DEM,DEM,Cheryle Jackson,178941,19.8,1,False,jackson c
2010_IL_Senate_DEM,DEM,Robert Marshall,51606,5.7,1,False,marshall r
2010_IL_Senate_DEM,DEM,Jacob Meister,16232,1.8,1,False,meister j
2010_IL_Senate_REP,REP,Mark Kirk,420373,56.6,2,True,kirk m
2010_IL_Senate_REP,REP,Patrick Hughes,142928,19.3,2,False,hughes p
2010_IL_Senate_REP,REP,Donald Lowery,66357,8.9,2,False,lowery d
2010_IL_Senate_REP,REP,Kathleen Thomas,54038,7.3,2,False,thomas k
2010_IL_Senate_REP,REP,Andy Martin,37480,5.0,2,False,martin a
2010_IL_Senate_REP,REP,John Arrington,21090,2.8,2,False,arrington j
2010_IL_Senate_REP,REP,Patricia Beard,2,0.0003,2,False,beard p
2010_IN_Senate_REP,REP,Dan Coats,217225,39.5,1,True,coats d
2010_IN_Senate_REP,REP,Marlin Stutzman,160981,29.2,1,False,stutzman m
2010_IN_Senate_REP,REP,John Hostettler,124494,22.6,1,False,hostettler j
2010_IN_Senate_REP,REP,Don Bates Jr.,24664,4.5,1,False,bates d
2010_IN_Senate_REP,REP,Richard Behney,23005,4.2,1,False,behney r
2010_KS_Governor_DEM,DEM,Tom Holland,74754,100.0,1,True,holland t
2010_KS_Governor_REP,REP,Sam Brownback,263920,82.2,2,True,brownback s
2010_KS_Governor_REP,REP,Joan Heffington,57160,17.8,2,False,heffington j
2010_KS_Senate_REP,REP,Jerry Moran,161407,49.8,1,True,moran j
2010_KS_Senate_REP,REP,Todd Tiahrt,144372,44.6,1,False,tiahrt t
2010_KS_Senate_REP,REP,Tom Little,10104,3.1,1,False,little t
2010_KS_Senate_REP,REP,Bob Londerholm,8168,2.5,1,False,londerholm b
2010_KS_Senate_DEM,DEM,Lisa Johnston,25421,31.2,2,True,johnston l
2010_KS_Senate_DEM,DEM,Charles Schollenberger,19228,23.6,2,False,schollenberger c
2010_KS_Senate_DEM,DEM,David Haley,15584,19.2,2,False,haley d
2010_KS_Senate_DEM,DEM,Patrick Wiesner,13359,16.4,2,False,wiesner p
2010_KS_Senate_DEM,DEM,Robert Conroy,7779,9.6,2,False,conroy r
2010_KY_Senate_REP,REP,Rand Paul,206986,58.8,1,True,paul r
2010_KY_Senate_REP,REP,Trey Grayson,124864,35.4,1,False,grayson t
2010_KY_Senate_REP,REP,Bill Johnson*,7861,2.2,1,False,johnson b
2010_KY_Senate_REP,REP,John Stephenson,6885,2.0,1,False,stephenson j
2010_KY_Senate_REP,REP,Gurley L. Martin,2850,0.8,1,False,martin g
2010_KY_Senate_REP,REP,Jon J. Scribner,2829,0.8,1,False,scribner j
2010_KY_Senate_DEM,DEM,Jack Conway,229433,44.0,2,True,conway j
2010_KY_Senate_DEM,DEM,Daniel Mongiardo,225260,43.2,2,False,mongiardo d
2010_KY_Senate_DEM,DEM,Darlene Fitzgerald Price,28531,5.5,2,False,price d
2010_KY_Senate_DEM,DEM,James Buckmaster,20561,3.9,2,False,buckmaster j
2010_KY_Senate_DEM,DEM,Maurice Sweeney,17874,3.4,2,False,sweeney m
2010_MA_Senate_DEM,DEM,Martha Coakley,310227,46.71,1,True,coakley m
2010_MA_Senate_DEM,DEM,Mike Capuano,184791,27.82,1,False,capuano m
2010_MA_Senate_DEM,DEM,Alan Khazei,88929,13.39,1,False,khazei a
2010_MA_Senate_DEM,DEM,Stephen Pagliuca,80248,12.08,1,False,pagliuca s
2010_MA_Senate_REP,REP,Scott Brown,145465,89.4,2,True,brown s
2010_MA_Senate_REP,REP,Jack Robinson,17241,10.6,2,False,robinson j
2010_MD_Governor_DEM,DEM,Martin O'Malley,414595,86.28,1,True,omalley m
2010_MD_Governor_DEM,DEM,J. P. Cusick,46411,9.66,1,False,cusick j
2010_MD_Governor_DEM,DEM,Ralph Jaffe,19517,4.06,1,False,jaffe r
2010_MD_Governor_REP,REP,Bob Ehrlich,211428,75.84,2,True,ehrlich b
2010_MD_Governor_REP,REP,Brian Murphy,67364,24.16,2,False,murphy b
2010_MD_Senate_DEM,DEM,Barbara Mikulski,388868,82.32,1,True,mikulski b
2010_MD_Senate_DEM,DEM,Christopher J. Garner,35579,7.53,1,False,garner c
2010_MD_Senate_DEM,DEM,A. Billy Bob Jaworski,15131,3.2,1,False,jaworski a
2010_MD_Senate_DEM,DEM,Blaine Taylor,10787,2.28,1,False,taylor b
2010_MD_Senate_DEM,DEM,Theresa C. Scaldaferri,7913,1.68,1,False,scaldaferri t
2010_MD_Senate_DEM,DEM,Sanquetta Taylor,7365,1.56,1,False,taylor s
2010_MD_Senate_DEM,DEM,Lih Young,6733,1.43,1,False,young l
2010_MD_Senate_REP,REP,Eric Wargotz,92464,38.57,2,True,wargotz e
2010_MD_Senate_REP,REP,Jim Rutledge,73311,30.58,2,False,rutledge j
2010_MD_Senate_REP,REP,Joseph Alexander,14026,5.85,2,False,alexander j
2010_MD_Senate_REP,REP,Neil H. Cohen,13613,5.68,2,False,cohen n
2010_MD_Senate_REP,REP,Stephens Dempsey,9325,3.89,2,False,dempsey s
2010_MD_Senate_REP,REP,Daniel W. McAndrew,8460,3.53,2,False,mcandrew d
2010_MD_Senate_REP,REP,John B. Kimble,8081,3.37,2,False,kimble j
2010_MD_Senate_REP,REP,"Samuel R. Graham, Sr.",6600,2.75,2,False,graham s
2010_MD_Senate_REP,REP,Barry Steve Asbury,5900,2.46,2,False,asbury b
2010_MD_Senate_REP,REP,Eddie Vendetti,5046,2.1,2,False,vendetti e
2010_MD_Senate_REP,REP,Gregory Kump,2931,1.22,2,False,kump g
2010_ME_Governor_DEM,DEM,"Elizabeth ""Libby"" Mitchell",42328,34.4,1,True,mitchell e
2010_ME_Governor_DEM,DEM,G. Steven Rowe,27923,22.7,1,False,rowe g
2010_ME_Governor_DEM,DEM,Rosa Scarcelli,26444,21.5,1,False,scarcelli r
2010_ME_Governor_DEM,DEM,Patrick K. McGowan,24392,19.8,1,False,mcgowan p
2010_ME_Governor_DEM,DEM,John Richardson,1604,1.3,1,False,richardson j
2010_ME_Governor_DEM,DEM,Write-in,236,0.3,1,False,writein
2010_ME_Governor_REP,REP,Paul LePage,49126,37.4,2,True,lepage p
2010_ME_Governor_REP,REP,Les Otten,22945,17.4,2,False,otten l
2010_ME_Governor_REP,REP,Peter Mills,19271,14.7,2,False,mills p
2010_ME_Governor_REP,REP,Steve Abbott,17209,13.1,2,False,abbott s
2010_ME_Governor_REP,REP,"William ""Bill"" Beardsley",12061,9.2,2,False,beardsley w
2010_ME_Governor_REP,REP,Bruce Poliquin,6471,4.9,2,False,poliquin b
2010_ME_Governor_REP,REP,Matt Jacobson,4324,3.3,2,False,jacobson m
2010_MI_Governor_DEM,DEM,Virg Bernero,309235,58.6,1,True,bernero v
2010_MI_Governor_DEM,DEM,Andy Dillon,218884,41.4,1,False,dillon a
2010_MI_Governor_REP,REP,Rick Snyder,381327,36.4,2,True,snyder r
2010_MI_Governor_REP,REP,Pete Hoekstra,280976,26.8,2,False,hoekstra p
2010_MI_Governor_REP,REP,Mike Cox,240409,23.0,2,False,cox m
2010_MI_Governor_REP,REP,Mike Bouchard,127350,12.2,2,False,bouchard m
2010_MI_Governor_REP,REP,Tom George,16986,1.6,2,False,george t
2010_MN_Governor_REP,REP,Tom Emmer,107558,82.5,1,True,emmer t
2010_MN_Governor_REP,REP,Bob Carney Jr.,9856,7.6,1,False,carney b
2010_MN_Governor_REP,REP,Leslie Davis,8598,6.6,1,False,davis l
2010_MN_Governor_REP,REP,Ole Savior,4396,3.4,1,False,savior o
2010_MO_Senate_REP,REP,Roy Blunt,411040,70.9,1,True,blunt r
2010_MO_Senate_REP,REP,Chuck Purgason,75663,13.1,1,False,purgason c
2010_MO_Senate_REP,REP,Kristi Nichols,40744,7.0,1,False,nichols k
2010_MO_Senate_REP,REP,Deborah Solomon,15099,2.6,1,False,solomon d
2010_MO_Senate_REP,REP,Hector Maldonado,8731,1.5,1,False,maldonado h
2010_MO_Senate_REP,REP,Davis Conway,8525,1.5,1,False,conway d
2010_MO_Senate_REP,REP,R.L. Praprotnik,8047,1.4,1,False,praprotnik r
2010_MO_Senate_REP,REP,Tony Laszacs,6309,1.1,1,False,laszacs t
2010_MO_Senate_REP,REP,Mike Vontz,5190,0.9,1,False,vontz m
2010_MO_Senate_DEM,DEM,Robin Carnahan,266349,83.9,2,True,carnahan r
2010_MO_Senate_DEM,DEM,Richard Charles Tolbert,33731,10.6,2,False,tolbert r
2010_MO_Senate_DEM,DEM,Francis Vangeli,17511,5.5,2,False,vangeli f
2010_NC_Senate_REP,REP,Richard Burr,297993,80.1,1,True,burr r
2010_NC_Senate_REP,REP,Brad Jones,37616,10.1,1,False,jones b
2010_NC_Senate_REP,REP,Eddie Burks,22111,5.9,1,False,burks e
2010_NC_Senate_REP,REP,Larry Linney,14248,3.8,1,False,linney l
2010_NC_Senate_DEM,DEM,Elaine Marshall,95390,60.0,3,True,marshall e
2010_NC_Senate_DEM,DEM,Cal Cunningham,63691,40.0,3,False,cunningham c
2010_ND_Senate_REP,REP,John Hoeven,64978,99.8,2,True,hoeven j
2010_ND_Senate_REP,REP,Timothy Beattie,130,0.2,2,False,beattie t
2010_NE_Governor_REP,REP,Dave Heineman,152931,89.91,1,True,heineman d
2010_NE_Governor_REP,REP,Paul Anderson,8980,5.28,1,False,anderson p
2010_NE_Governor_REP,REP,Christopher Geary,8179,4.81,1,False,geary c
2010_NE_Governor_DEM,DEM,Mark Lakers,57463,100.0,2,True,lakers m
2010_NH_Governor_DEM,DEM,John Lynch,49832,87.5,1,True,lynch j
2010_NH_Governor_DEM,DEM,Timothy Robertson,3771,6.6,1,False,robertson t
2010_NH_Governor_DEM,DEM,Frank Sullivan,3377,5.9,1,False,sullivan f
2010_NH_Governor_REP,REP,John Stephen,77962,61.6,2,True,stephen j
2010_NH_Governor_REP,REP,Jack Kimball,31581,24.9,2,False,kimball j
2010_NH_Governor_REP,REP,Karen Testerman,12708,10.0,2,False,testerman k
2010_NH_Governor_REP,REP,Frank Emiro,4394,3.5,2,False,emiro f
2010_NH_Senate_REP,REP,Kelly Ayotte,53056,38.21,1,True,ayotte k
2010_NH_Senate_REP,REP,Ovide Lamontagne,51397,37.01,1,False,lamontagne o
2010_NH_Senate_REP,REP,Bill Binnie,19508,14.05,1,False,binnie b
2010_NH_Senate_REP,REP,Jim Bender,12611,9.08,1,False,bender j
2010_NH_Senate_REP,REP,Dennis Lamare,1388,1.0,1,False,lamare d
2010_NH_Senate_REP,REP,Tom Alciere,499,0.36,1,False,alciere t
2010_NH_Senate_REP,REP,Gerard Beloin,402,0.29,1,False,beloin g
2010_NM_Governor_DEM,DEM,Diane Denish,108302,99.07,1,True,denish d
2010_NM_Governor_DEM,DEM,write-in,1016,0.93,1,False,writein
2010_NM_Governor_REP,REP,Susana Martínez,62006,50.71,2,True,martinez s
2010_NM_Governor_REP,REP,Allen Weh,33727,27.58,2,False,weh a
2010_NM_Governor_REP,REP,Doug Turner,14166,11.59,2,False,turner d
2010_NM_Governor_REP,REP,"Pete Domenici, Jr.",8630,7.06,2,False,domenici p
2010_NM_Governor_REP,REP,Janice Arnold-Jones,3740,3.06,2,False,arnoldjones j
2010_NV_Governor_REP,REP,Brian Sandoval,97201,55.53,1,True,sandoval b
2010_NV_Governor_REP,REP,Jim Gibbons,47616,27.2,1,False,gibbons j
2010_NV_Governor_REP,REP,Mike Montandon,22003,12.57,1,False,montandon m
2010_NV_Governor_REP,REP,Tony Atwood,2440,1.39,1,False,atwood t
2010_NV_Governor_REP,REP,Stan Lusak,1380,0.79,1,False,lusak s
2010_NV_Governor_DEM,DEM,Rory Reid,80162,70.08,2,True,reid r
2010_NV_Governor_DEM,DEM,Frederick Conquest,16775,14.66,2,False,conquest f
2010_NV_Senate_DEM,DEM,Harry Reid,87401,75.3,1,True,reid h
2010_NV_Senate_DEM,DEM,Alex Miller,9717,8.4,1,False,miller a
2010_NV_Senate_DEM,DEM,Eduardo Hamilton,4645,4.0,1,False,hamilton e
2010_NV_Senate_DEM,DEM,Carlo Poliak,1938,1.7,1,False,poliak c
2010_NV_Senate_REP,REP,Sharron Angle,70452,40.1,2,True,angle s
2010_NV_Senate_REP,REP,Sue Lowden,45890,26.1,2,False,lowden s
2010_NV_Senate_REP,REP,Danny Tarkanian,40936,23.3,2,False,tarkanian d
2010_NV_Senate_REP,REP,John Chachas,6926,3.9,2,False,chachas j
2010_NV_Senate_REP,REP,Chad Christensen,4806,2.7,2,False,christensen c
2010_NV_Senate_REP,REP,Bill Parson,1484,0.8,2,False,parson b
2010_NV_Senate_REP,REP,Gary Bernstein,698,0.4,2,False,bernstein g
2010_NV_Senate_REP,REP,Garn Mabey,462,0.3,2,False,mabey g
2010_NV_Senate_REP,REP,Cecilia Stern,355,0.2,2,False,stern c
2010_NV_Senate_REP,REP,Brian Nadell,235,0.1,2,False,nadell b
2010_NV_Senate_REP,REP,Terry Suominen,224,0.1,2,False,suominen t
2010_NV_Senate_REP,REP,Gary Marinch,179,0.1,2,False,marinch g
2010_NY_Governor_REP,REP,Carl Paladino,295336,61.57,1,True,paladino c
2010_NY_Governor_REP,REP,Rick Lazio,184348,38.43,1,False,lazio r
2010_NY_Senate_REP,REP,Jay Townsend,234440,55.41,1,True,townsend j
2010_NY_Senate_REP,REP,Gary Berntsen,188628,44.59,1,False,berntsen g
2010_OH_Governor_DEM,DEM,Ted Strickland,630785,100.0,1,True,strickland t
2010_OH_Governor_REP,REP,John Kasich,746719,100.0,2,True,kasich j
2010_OH_Senate_REP,REP,Rob Portman,667369,100.0,1,True,portman r
2010_OH_Senate_DEM,DEM,Lee Fisher,380189,55.6,2,True,fisher l
2010_OH_Senate_DEM,DEM,Jennifer Brunner,304026,44.4,2,False,brunner j
2010_OK_Governor_DEM,DEM,Jari Askins,132591,50.28,1,True,askins j
2010_OK_Governor_DEM,DEM,Drew Edmondson,131097,49.72,1,False,edmondson d
2010_OK_Governor_REP,REP,Mary Fallin,136477,54.79,2,True,fallin m
2010_OK_Governor_REP,REP,Randy Brogdon,98170,39.41,2,False,brogdon r
2010_OK_Governor_REP,REP,Robert Hubbard,8132,3.26,2,False,hubbard r
2010_OK_Governor_REP,REP,Roger L. Jackson,6290,2.53,2,False,jackson r
2010_OK_Senate_REP,REP,Tom Coburn,223997,90.4,1,True,coburn t
2010_OK_Senate_REP,REP,Evelyn Rogers,15093,6.1,1,False,rogers e
2010_OK_Senate_REP,REP,Lewis Kelly Spring,8812,3.5,1,False,spring l
2010_OK_Senate_DEM,DEM,Jim Rogers,157955,65.4,2,True,rogers j
2010_OK_Senate_DEM,DEM,Mark Myles,83715,34.6,2,False,myles m
2010_OR_Governor_REP,REP,Chris Dudley,122855,39.11,2,True,dudley c
2010_OR_Governor_REP,REP,Allen Alley,99753,31.76,2,False,alley a
2010_OR_Governor_REP,REP,John Lim,47339,15.07,2,False,lim j
2010_OR_Governor_REP,REP,Bill Sizemore,23522,7.49,2,False,sizemore b
2010_OR_Governor_REP,REP,William Ames Curtright,12497,3.98,2,False,curtright w
2010_OR_Governor_REP,REP,Rex O. Watkins,3060,0.97,2,False,watkins r
2010_OR_Governor_REP,REP,Write-ins,2001,0.64,2,False,writeins
2010_OR_Governor_REP,REP,Clark Colvin,1206,0.38,2,False,colvin c
2010_OR_Governor_REP,REP,Darren Karr,1127,0.36,2,False,karr d
2010_OR_Governor_REP,REP,Bob Forthan,727,0.23,2,False,forthan b
2010_OR_Senate_DEM,DEM,Ronald Wyden,323652,89.55,1,True,wyden r
2010_OR_Senate_DEM,DEM,Loren Hooker,25152,6.75,1,False,hooker l
2010_OR_Senate_DEM,DEM,Pavel Goberman,9985,2.68,1,False,goberman p
2010_OR_Senate_DEM,DEM,Write Ins,3782,1.02,1,False,ins w
2010_OR_Senate_REP,REP,Jim Huffman,110450,41.7,2,True,huffman j
2010_OR_Senate_REP,REP,Loren Later,39753,15.01,2,False,later l
2010_OR_Senate_REP,REP,G. Shane Dinkel,36760,13.88,2,False,dinkel g
2010_OR_Senate_REP,REP,Thomas Stutzman,31859,12.03,2,False,stutzman t
2010_OR_Senate_REP,REP,Keith Waldron,24602,9.29,2,False,waldron k
2010_OR_Senate_REP,REP,Robin Parker,14637,5.53,2,False,parker r
2010_OR_Senate_REP,REP,Walter Woodland,4417,1.67,2,False,woodland w
2010_PA_Governor_DEM,DEM,Dan Onorato,463575,45.1,1,True,onorato d
2010_PA_Governor_DEM,DEM,Jack Wagner,248338,24.1,1,False,wagner j
2010_PA_Governor_DEM,DEM,Anthony Williams,185784,18.1,1,False,williams a
2010_PA_Governor_DEM,DEM,Joe Hoeffel,130799,12.7,1,False,hoeffel j
2010_PA_Governor_REP,REP,Tom Corbett,589249,68.7,2,True,corbett t
2010_PA_Governor_REP,REP,Sam Rohrer,267893,31.3,2,False,rohrer s
2010_PA_Senate_REP,REP,Pat Toomey,668409,81.5,1,True,toomey p
2010_PA_Senate_REP,REP,Peg Luksik,151802,18.5,1,False,luksik p
2010_PA_Senate_DEM,DEM,Joe Sestak,568563,53.9,2,True,sestak j
2010_PA_Senate_DEM,DEM,Arlen Specter,487217,46.1,2,False,specter a
2010_RI_Governor_DEM,DEM,Frank Caprio,73142,100.0,1,True,caprio f
2010_SC_Governor_REP,REP,Nikki Haley,233733,65.1,2,True,haley n
2010_SC_Governor_REP,REP,Gresham Barrett,125601,34.9,2,False,barrett g
2010_SC_Governor_DEM,DEM,Vincent Sheheen,111637,59.0,3,True,sheheen v
2010_SC_Governor_DEM,DEM,Jim Rex,43590,23.0,3,False,rex j
2010_SC_Governor_DEM,DEM,Robert Ford,34121,18.0,3,False,ford r
2010_SC_Senate_DEM,DEM,Alvin Greene,100362,59.0,1,True,greene a
2010_SC_Senate_DEM,DEM,Vic Rawl,69853,41.0,1,False,rawl v
2010_SC_Senate_REP,REP,Jim DeMint,342464,83.0,2,True,demint j
2010_SC_Senate_REP,REP,Susan McDonald Gaddy,70194,17.0,2,False,gaddy s
2010_SD_Governor_REP,REP,Dennis Daugaard,42266,50.4,1,True,daugaard d
2010_SD_Governor_REP,REP,Scott Munsterman,14733,17.6,1,False,munsterman s
2010_SD_Governor_REP,REP,Dave Knudson,13217,15.8,1,False,knudson d
2010_SD_Governor_REP,REP,Gordon Howie,10430,12.4,1,False,howie g
2010_SD_Governor_REP,REP,Ken Knuppe,3186,3.8,1,False,knuppe k
2010_TN_Governor_REP,REP,Bill Haslam,341229,47.34,1,True,haslam b
2010_TN_Governor_REP,REP,Zach Wamp,210332,29.18,1,False,wamp z
2010_TN_Governor_REP,REP,Ron Ramsey,158960,22.05,1,False,ramsey r
2010_TN_Governor_REP,REP,Joe Kirkpatrick,6775,0.94,1,False,kirkpatrick j
2010_TN_Governor_REP,REP,Basil Marceaux,3508,0.49,1,False,marceaux b
2010_TN_Governor_DEM,DEM,Mike McWherter,284894,100.0,2,True,mcwherter m
2010_TX_Governor_REP,REP,Rick Perry,758222,51.1,1,True,perry r
2010_TX_Governor_REP,REP,Kay Bailey Hutchison,450196,30.3,1,False,hutchison k
2010_TX_Governor_REP,REP,Debra Medina,275693,18.6,1,False,medina d
2010_TX_Governor_DEM,DEM,Bill White,516621,76.0,2,True,white b
2010_TX_Governor_DEM,DEM,Farouk Shami,87268,12.8,2,False,shami f
2010_TX_Governor_DEM,DEM,Felix Alvarado,33708,5.0,2,False,alvarado f
2010_TX_Governor_DEM,DEM,Alma Aguado,19556,2.9,2,False,aguado a
2010_TX_Governor_DEM,DEM,Clement E. Glenn,9852,1.4,2,False,glenn c
2010_TX_Governor_DEM,DEM,Bill Dear,6574,1.0,2,False,dear b
2010_TX_Governor_DEM,DEM,Star Locke,6298,0.9,2,False,locke s
2010_UT_Senate_REP,REP,Mike Lee,98512,51.2,1,True,lee m
2010_UT_Senate_REP,REP,Tim Bridgewater,93905,48.8,1,False,bridgewater t
2010_VT_Governor_DEM,DEM,Peter Shumlin,18276,24.8,1,True,shumlin p
2010_VT_Governor_DEM,DEM,Doug Racine,18079,24.6,1,False,racine d
2010_VT_Governor_DEM,DEM,Deborah Markowitz,17579,23.9,1,False,markowitz d
2010_VT_Governor_DEM,DEM,Matt Dunne,15323,20.8,1,False,dunne m
2010_VT_Governor_DEM,DEM,Susan Bartlett,3759,5.1,1,False,bartlett s
2010_VT_Governor_DEM,DEM,Write-in,560,0.8,1,False,writein
2010_VT_Senate_DEM,DEM,Patrick Leahy,64177,89.06,1,True,leahy p
2010_VT_Senate_DEM,DEM,Daniel Freilich,7886,10.94,1,False,freilich d
2010_WI_Governor_DEM,DEM,Tom Barrett,213145,90.41,1,True,barrett t
2010_WI_Governor_DEM,DEM,Tim John,22296,9.46,1,False,john t
2010_WI_Governor_DEM,DEM,Scattering,321,0.14,1,False,scattering
2010_WI_Governor_REP,REP,Scott Walker,362913,58.65,2,True,walker s
2010_WI_Governor_REP,REP,Mark Neumann,239022,38.62,2,False,neumann m
2010_WI_Governor_REP,REP,Scott S. Paterick,16646,2.69,2,False,paterick s
2010_WI_Governor_REP,REP,Scattering,247,0.04,2,False,scattering
2010_WI_Senate_REP,REP,Ron Johnson,500821,84.7,1,True,johnson r
2010_WI_Senate_REP,REP,David Westlake,61287,10.4,1,False,westlake d
2010_WI_Senate_REP,REP,Stephen M. Finn,29002,4.9,1,False,finn s
2010_WV_Senate_DEM,DEM,Joe Manchin,67498,72.9,1,True,manchin j
2010_WV_Senate_DEM,DEM,Ken Hechler,16039,17.3,1,False,hechler k
2010_WV_Senate_DEM,DEM,Sheirl Fletcher,9035,9.8,1,False,fletcher s
2010_WV_Senate_REP,REP,John Raese,38152,71.4,2,True,raese j
2010_WV_Senate_REP,REP,Mac Warner,7892,14.8,2,False,warner m
2010_WV_Senate_REP,REP,Scott H. Williams,1530,2.9,2,False,williams s
2010_WV_Senate_REP,REP,Kenneth Culp,1364,2.6,2,False,culp k
2010_WV_Senate_REP,REP,Harry C. Bruner Jr.,1283,2.4,2,False,bruner h
2010_WV_Senate_REP,REP,Thomas Ressler,1184,2.2,2,False,ressler t
2010_WV_Senate_REP,REP,Lynette Kennedy McQuain,907,1.7,2,False,mcquain l
2010_WV_Senate_REP,REP,Frank Kubic,462,0.9,2,False,kubic f
2010_WV_Senate_REP,REP,Daniel Scott Rebich,450,0.8,2,False,rebich d
2010_WV_Senate_REP,REP,Albert Howard,176,0.3,2,False,howard a
2010_WY_Governor_REP,REP,Matt Mead,30308,28.7,2,True,mead m
2010_WY_Governor_REP,REP,Rita Meyer,29605,28.0,2,False,meyer r
2010_WY_Governor_REP,REP,Ron Micheli,27630,26.1,2,False,micheli r
2010_WY_Governor_REP,REP,Colin Simpson,16722,15.8,2,False,simpson c
2010_WY_Governor_REP,REP,Alan Kousoulos,566,0.5,2,False,kousoulos a
2010_WY_Governor_REP,REP,Tom Ubben,432,0.4,2,False,ubben t
2010_WY_Governor_REP,REP,John Self,295,0.3,2,False,self j
2010_WY_Governor_REP,REP,write-ins,202,0.2,2,False,writeins
2012_AZ_Senate_REP,REP,Jeff Flake,357360,69.3,1,True,flake j
2012_AZ_Senate_REP,REP,Wil Cardon,110150,21.4,1,False,cardon w
2012_AZ_Senate_REP,REP,Clair Van Steenwyk,29159,5.6,1,False,steenwyk c
2012_AZ_Senate_REP,REP,Bryan Hackbarth,19174,3.7,1,False,hackbarth b
2012_AZ_Senate_REP,REP,John Lyon,126,,1,False,lyon j
2012_AZ_Senate_REP,REP,Luis Acle,56,,1,False,acle l
2012_AZ_Senate_DEM,DEM,Richard Carmona,289881,100.0,2,True,carmona r
2012_CT_Senate_DEM,DEM,Chris Murphy,89283,67.4,1,True,murphy c
2012_CT_Senate_DEM,DEM,Susan Bysiewicz,43135,32.6,1,False,bysiewicz s
2012_CT_Senate_REP,REP,Linda McMahon,83413,72.7,2,True,mcmahon l
2012_CT_Senate_REP,REP,Chris Shays,31305,27.3,2,False,shays c
2012_FL_Senate_DEM,DEM,Bill Nelson,684804,78.7,1,True,nelson b
2012_FL_Senate_DEM,DEM,Glenn Burkett,184815,21.3,1,False,burkett g
2012_FL_Senate_REP,REP,Connie Mack IV,657331,58.7,2,True,mack c
2012_FL_Senate_REP,REP,Dave Weldon,226083,20.2,2,False,weldon d
2012_FL_Senate_REP,REP,Mike McCalister,155421,13.9,2,False,mccalister m
2012_FL_Senate_REP,REP,Marielena Stuart,81808,7.3,2,False,stuart m
2012_HI_Senate_DEM,DEM,Mazie Hirono,134745,57.0,1,True,hirono m
2012_HI_Senate_DEM,DEM,Ed Case,95553,40.0,1,False,case e
2012_HI_Senate_DEM,DEM,Arturo Reyes,1720,1.0,1,False,reyes a
2012_HI_Senate_DEM,DEM,Michael Gillespie,1104,1.0,1,False,gillespie m
2012_HI_Senate_DEM,DEM,Antonio Gimbernat,517,0.2,1,False,gimbernat a
2012_HI_Senate_REP,REP,Linda Lingle,44252,90.0,2,True,lingle l
2012_HI_Senate_REP,REP,John Carroll,2900,6.0,2,False,carroll j
2012_HI_Senate_REP,REP,John Roco,545,1.0,2,False,roco j
2012_HI_Senate_REP,REP,Charles Collins,366,1.0,2,False,collins c
2012_HI_Senate_REP,REP,Eddie Pirkowski,232,0.5,2,False,pirkowski e
2012_IN_Senate_REP,REP,Richard Mourdock,400321,60.5,1,True,mourdock r
2012_IN_Senate_REP,REP,Richard Lugar,261285,39.5,1,False,lugar r
2012_IN_Senate_DEM,DEM,Joe Donnelly,207715,100.0,2,True,donnelly j
2012_MA_Senate_REP,REP,Scott Brown,133860,99.46,1,True,brown s
2012_MA_Senate_REP,REP,Write-ins,733,0.54,1,False,writeins
2012_MA_Senate_DEM,DEM,Elizabeth Warren,308979,97.59,3,True,warren e
2012_MA_Senate_DEM,DEM,Write-ins,7638,2.41,3,False,writeins
2012_MD_Senate_DEM,DEM,Ben Cardin,240704,74.2,1,True,cardin b
2012_MD_Senate_DEM,DEM,C. Anthony Muse,50807,15.7,1,False,muse c
2012_MD_Senate_DEM,DEM,Chris Garner,9274,2.9,1,False,garner c
2012_MD_Senate_DEM,DEM,Raymond Levi Blagmon,5909,1.8,1,False,blagmon r
2012_MD_Senate_DEM,DEM,J. P. Cusick,4778,1.5,1,False,cusick j
2012_MD_Senate_DEM,DEM,Blaine Taylor,4376,1.3,1,False,taylor b
2012_MD_Senate_DEM,DEM,Lih Young,3993,1.2,1,False,young l
2012_MD_Senate_DEM,DEM,Ralph Jaffe,3313,1.0,1,False,jaffe r
2012_MD_Senate_DEM,DEM,Ed Tinus,1064,0.3,1,False,tinus e
2012_MD_Senate_REP,REP,Dan Bongino,68597,33.6,2,True,bongino d
2012_MD_Senate_REP,REP,Richard J. Douglas,57776,28.3,2,False,douglas r
2012_MD_Senate_REP,REP,Joseph Alexander,18171,8.9,2,False,alexander j
2012_MD_Senate_REP,REP,Bro Broadus,11020,5.4,2,False,broadus b
2012_MD_Senate_REP,REP,Rick Hoover,10787,5.3,2,False,hoover r
2012_MD_Senate_REP,REP,John B. Kimble,10506,5.1,2,False,kimble j
2012_MD_Senate_REP,REP,David Jones,8380,4.1,2,False,jones d
2012_MD_Senate_REP,REP,Corrogan R. Vaughn,8158,4.0,2,False,vaughn c
2012_MD_Senate_REP,REP,"William Thomas Capps, Jr.",7092,3.5,2,False,capps w
2012_MD_Senate_REP,REP,Brian Vaeth,3781,1.9,2,False,vaeth b
2012_ME_Senate_REP,REP,Charlie Summers,20578,29.46,1,True,summers c
2012_ME_Senate_REP,REP,Bruce Poliquin,15973,22.86,1,False,poliquin b
2012_ME_Senate_REP,REP,Rick Bennett,12544,17.96,1,False,bennett r
2012_ME_Senate_REP,REP,Scott D'Amboise,7735,11.07,1,False,damboise s
2012_ME_Senate_REP,REP,William Schneider,6784,9.71,1,False,schneider w
2012_ME_Senate_REP,REP,Deborah Plowman,6244,8.94,1,False,plowman d
2012_ME_Senate_DEM,DEM,Cynthia Dill,22629,44.31,2,True,dill c
2012_ME_Senate_DEM,DEM,Matt Dunlap,18202,35.64,2,False,dunlap m
2012_ME_Senate_DEM,DEM,Jon Hinck,6302,12.34,2,False,hinck j
2012_ME_Senate_DEM,DEM,Benjamin Pollard,3945,7.72,2,False,pollard b
2012_MI_Senate_DEM,DEM,Debbie Stabenow,702773,100.0,1,True,stabenow d
2012_MI_Senate_REP,REP,Pete Hoekstra,398793,54.2,2,True,hoekstra p
2012_MI_Senate_REP,REP,Clark Durant,246584,33.5,2,False,durant c
2012_MI_Senate_REP,REP,Randy Hekman,49080,6.7,2,False,hekman r
2012_MI_Senate_REP,REP,Gary Glenn,40726,5.5,2,False,glenn g
2012_MN_Senate_REP,REP,Kurt Bills,63380,51.12,2,True,bills k
2012_MN_Senate_REP,REP,David Carlson,43847,35.37,2,False,carlson d
2012_MN_Senate_REP,REP,"Bob Carney, Jr.",16755,13.51,2,False,carney b
2012_MO_Governor_DEM,DEM,Jay Nixon,269865,86.0,1,True,nixon j
2012_MO_Governor_DEM,DEM,William Campbell,25721,8.2,1,False,campbell w
2012_MO_Governor_DEM,DEM,Clay Thunderhawk,18228,5.8,1,False,thunderhawk c
2012_MO_Governor_REP,REP,Dave Spence,333578,59.9,2,True,spence d
2012_MO_Governor_REP,REP,Bill Randles,90651,16.3,2,False,randles b
2012_MO_Governor_REP,REP,Fred Sauer,83695,15.0,2,False,sauer f
2012_MO_Governor_REP,REP,John Weiler,49006,8.8,2,False,weiler j
2012_MO_Senate_DEM,DEM,Claire McCaskill,289481,100.0,1,True,mccaskill c
2012_MO_Senate_REP,REP,Todd Akin,217404,36.05,2,True,akin t
2012_MO_Senate_REP,REP,John Brunner,180788,29.98,2,False,brunner j
2012_MO_Senate_REP,REP,Sarah Steelman,176127,29.2,2,False,steelman s
2012_MO_Senate_REP,REP,Jerry Beck,9801,1.62,2,False,beck j
2012_MO_Senate_REP,REP,Hector Maldonado,7410,1.23,2,False,maldonado h
2012_MO_Senate_REP,REP,Robert Poole,6100,1.01,2,False,poole r
2012_MO_Senate_REP,REP,Mark Memoly,3205,0.53,2,False,memoly m
2012_MO_Senate_REP,REP,Mark Lodes,2285,0.38,2,False,lodes m
2012_MT_Governor_DEM,DEM,Steve Bullock,76738,86.6,1,True,bullock s
2012_MT_Governor_DEM,DEM,Heather Margolis,11823,13.4,1,False,margolis h
2012_MT_Governor_REP,REP,Rick Hill,46802,34.4,2,True,hill r
2012_MT_Governor_REP,REP,Corey Stapleton,24661,18.1,2,False,stapleton c
2012_MT_Governor_REP,REP,Ken Miller,24496,18.0,2,False,miller k
2012_MT_Governor_REP,REP,Jim O'Hara,16653,12.2,2,False,ohara j
2012_MT_Governor_REP,REP,Neil Livingstone,12038,8.8,2,False,livingstone n
2012_MT_Governor_REP,REP,Jim Lynch,8323,6.1,2,False,lynch j
2012_MT_Governor_REP,REP,Bob Fanning,3087,2.3,2,False,fanning b
2012_MT_Senate_REP,REP,Denny Rehberg,105632,76.2,1,True,rehberg d
2012_MT_Senate_REP,REP,Dennis Teske,33079,23.8,1,False,teske d
2012_NC_Governor_DEM,DEM,Walter H. Dalton,425618,45.8,1,True,dalton w
2012_NC_Governor_DEM,DEM,Bob Etheridge,353209,38.0,1,False,etheridge b
2012_NC_Governor_DEM,DEM,Bill Faison,51759,5.6,1,False,faison b
2012_NC_Governor_DEM,DEM,Gardenia Henley,48402,5.2,1,False,henley g
2012_NC_Governor_DEM,DEM,Gary M. Dunn,27163,2.9,1,False,dunn g
2012_NC_Governor_DEM,DEM,Bruce Blackmon,22158,2.4,1,False,blackmon b
2012_NC_Governor_REP,REP,Pat McCrory,744226,83.4,2,True,mccrory p
2012_NC_Governor_REP,REP,Paul Wright,46986,5.3,2,False,wright p
2012_NC_Governor_REP,REP,Scott Jones,30884,3.5,2,False,jones s
2012_NC_Governor_REP,REP,Jim Mahan,29794,3.3,2,False,mahan j
2012_NC_Governor_REP,REP,Jim Harney,26242,2.9,2,False,harney j
2012_NC_Governor_REP,REP,Charles Kenneth Moss,13696,1.5,2,False,moss c
2012_ND_Senate_REP,REP,Rick Berg,67849,66.41,1,True,berg r
2012_ND_Senate_REP,REP,Duane Sand,34209,33.48,1,False,sand d
2012_ND_Senate_REP,REP,Write-ins,111,0.41,1,False,writeins
2012_NE_Senate_DEM,DEM,Bob Kerrey,66586,80.98,1,True,kerrey b
2012_NE_Senate_DEM,DEM,Chuck Hassebrook,9886,12.02,1,False,hassebrook c
2012_NE_Senate_DEM,DEM,Steven P. Lustgarten,2177,2.65,1,False,lustgarten s
2012_NE_Senate_DEM,DEM,Larry Marvin,2076,2.52,1,False,marvin l
2012_NE_Senate_DEM,DEM,Sherman Yates,1500,1.82,1,False,yates s
2012_NE_Senate_REP,REP,Deb Fischer,79941,40.99,2,True,fischer d
2012_NE_Senate_REP,REP,Jon Bruning,70067,35.92,2,False,bruning j
2012_NE_Senate_REP,REP,Don Stenberg,36727,18.83,2,False,stenberg d
2012_NE_Senate_REP,REP,Pat Flynn,5413,2.78,2,False,flynn p
2012_NE_Senate_REP,REP,Spencer Zimmerman,1601,0.82,2,False,zimmerman s
2012_NE_Senate_REP,REP,Sharyn Elander,1294,0.66,2,False,elander s
2012_NH_Governor_DEM,DEM,Maggie Hassan,45120,53.1,1,True,hassan m
2012_NH_Governor_DEM,DEM,Jackie Cilley,33066,38.9,1,False,cilley j
2012_NH_Governor_DEM,DEM,Bill Kennedy,5936,7.0,1,False,kennedy b
2012_NH_Governor_DEM,DEM,Other,850,1.0,1,False,other
2012_NH_Governor_REP,REP,Ovide Lamontagne,73437,67.7,2,True,lamontagne o
2012_NH_Governor_REP,REP,Kevin Smith,32396,29.8,2,False,smith k
2012_NH_Governor_REP,REP,Robert Tarr,1725,1.6,2,False,tarr r
2012_NH_Governor_REP,REP,Other,988,0.9,2,False,other
2012_NJ_Senate_DEM,DEM,Bob Menendez,235321,100.0,1,True,menendez b
2012_NJ_Senate_REP,REP,Joe Kyrillos,161146,77.1,2,True,kyrillos j
2012_NJ_Senate_REP,REP,David Brown,18671,8.9,2,False,brown d
2012_NJ_Senate_REP,REP,Joseph Rullo,16690,8.0,2,False,rullo j
2012_NJ_Senate_REP,REP,Bader Qarmout,12637,6.0,2,False,qarmout b
2012_NM_Senate_DEM,DEM,Martin Heinrich,83432,58.9,1,True,heinrich m
2012_NM_Senate_DEM,DEM,Hector Balderas,58128,41.1,1,False,balderas h
2012_NM_Senate_REP,REP,Heather Wilson,63631,70.0,2,True,wilson h
2012_NM_Senate_REP,REP,Greg Sowards,27214,30.0,2,False,sowards g
2012_NV_Senate_REP,REP,Dean Heller,88958,86.3,1,True,heller d
2012_NV_Senate_REP,REP,Sherry Brooks,5356,5.2,1,False,brooks s
2012_NV_Senate_REP,REP,"Eddie ""In Liberty"" Hamilton",2628,2.6,1,False,hamilton e
2012_NV_Senate_REP,REP,Richard Charles,2295,2.2,1,False,charles r
2012_NV_Senate_REP,REP,"Carlo ""Nakusa"" Poliak",512,0.5,1,False,poliak c
2012_NV_Senate_DEM,DEM,Shelley Berkley,62081,79.5,2,True,berkley s
2012_NV_Senate_DEM,DEM,Nancy Price,4210,5.4,2,False,price n
2012_NV_Senate_DEM,DEM,Steve Brown,3998,5.1,2,False,brown s
2012_NV_Senate_DEM,DEM,Barry Ellsworth,2491,3.2,2,False,ellsworth b
2012_NV_Senate_DEM,DEM,Louis Macias,1714,2.2,2,False,macias l
2012_NY_Senate_REP,REP,Wendy Long,75924,50.2,1,True,long w
2012_NY_Senate_REP,REP,Bob Turner,54196,35.9,1,False,turner b
2012_NY_Senate_REP,REP,George Maragos,21002,13.9,1,False,maragos g
2012_OH_Senate_DEM,DEM,Sherrod Brown,522827,100.0,1,True,brown s
2012_OH_Senate_REP,REP,Josh Mandel,586556,63.02,2,True,mandel j
2012_OH_Senate_REP,REP,Michael Pryce,132205,14.2,2,False,pryce m
2012_OH_Senate_REP,REP,Donna Glisman,115621,12.42,2,False,glisman d
2012_OH_Senate_REP,REP,David Dodt,47933,5.15,2,False,dodt d
2012_OH_Senate_REP,REP,Eric Gregory,47740,5.13,2,False,gregory e
2012_OH_Senate_REP,REP,Russell Bliss,644,0.07,2,False,bliss r
2012_PA_Senate_DEM,DEM,"Bob Casey, Jr.",565488,80.9,1,True,casey b
2012_PA_Senate_DEM,DEM,Joseph Vodvarka,133683,19.1,1,False,vodvarka j
2012_PA_Senate_REP,REP,Tom Smith,299726,39.5,2,True,smith t
2012_PA_Senate_REP,REP,Sam Rohrer,169118,22.3,2,False,rohrer s
2012_PA_Senate_REP,REP,Steve Welch,158181,20.9,2,False,welch s
2012_PA_Senate_REP,REP,David Christian,79581,10.5,2,False,christian d
2012_PA_Senate_REP,REP,Marc Scaringi,51908,6.8,2,False,scaringi m
2012_RI_Senate_DEM,DEM,Sheldon Whitehouse,60223,100.0,1,True,whitehouse s
2012_TN_Senate_REP,REP,Bob Corker,389483,85.25,1,True,corker b
2012_TN_Senate_REP,REP,Zach Poskevich,28299,6.19,1,False,poskevich z
2012_TN_Senate_REP,REP,Fred Anderson,15942,3.49,1,False,anderson f
2012_TN_Senate_REP,REP,Mark Twain Clemens,11788,2.58,1,False,clemens m
2012_TN_Senate_REP,REP,Brenda Lenard,11378,2.49,1,False,lenard b
2012_TN_Senate_DEM,DEM,Mark E. Clayton,48126,29.99,2,True,clayton m
2012_TN_Senate_DEM,DEM,Gary Gene Davis,24789,15.45,2,False,davis g
2012_TN_Senate_DEM,DEM,Park Overall,24263,15.12,2,False,overall p
2012_TN_Senate_DEM,DEM,Larry Crim,17383,10.83,2,False,crim l
2012_TN_Senate_DEM,DEM,Benjamin Roberts,16369,10.2,2,False,roberts b
2012_TN_Senate_DEM,DEM,David Hancock,16167,10.08,2,False,hancock d
2012_TN_Senate_DEM,DEM,Thomas Owens,13366,8.33,2,False,owens t
2012_TX_Senate_REP,REP,Ted Cruz,631812,56.82,2,True,cruz t
2012_TX_Senate_REP,REP,David Dewhurst,480126,43.18,2,False,dewhurst d
2012_TX_Senate_DEM,DEM,Paul Sadler,148940,63.03,4,True,sadler p
2012_TX_Senate_DEM,DEM,Grady Yarbrough,87365,36.97,4,False,yarbrough g
2012_UT_Senate_REP,REP,Orrin Hatch,146394,66.5,1,True,hatch o
2012_UT_Senate_REP,REP,Dan Liljenquist,73668,33.5,1,False,liljenquist d
2012_VA_Senate_REP,REP,George Allen,167607,65.5,1,True,allen g
2012_VA_Senate_REP,REP,Jamie Radtke,59005,23.0,1,False,radtke j
2012_VA_Senate_REP,REP,Bob Marshall,17302,6.8,1,False,marshall b
2012_VA_Senate_REP,REP,E. W. Jackson,12083,4.7,1,False,jackson e
2012_WI_Governor_REP,REP,Scott Walker,626962,96.88,1,True,walker s
2012_WI_Governor_REP,REP,Arthur Kohl-Riggs,19939,3.08,1,False,kohlriggs a
2012_WI_Governor_REP,REP,Patrick J. O'Brien,17,0.0,1,False,obrien p
2012_WI_Governor_REP,REP,Scattering,204,0.03,1,False,scattering
2012_WI_Governor_DEM,DEM,Tom Barrett,390191,58.1,2,True,barrett t
2012_WI_Governor_DEM,DEM,Kathleen Falk,229236,34.13,2,False,falk k
2012_WI_Governor_DEM,DEM,Kathleen Vinehout,26967,4.02,2,False,vinehout k
2012_WI_Governor_DEM,DEM,Douglas La Follette,19497,2.9,2,False,follette d
2012_WI_Governor_DEM,DEM,Gladys Huber,4847,0.72,2,False,huber g
2012_WI_Governor_DEM,DEM,Scattering,864,0.13,2,False,scattering
2012_WI_Senate_DEM,DEM,Tammy Baldwin,185265,99.77,1,True,baldwin t
2012_WI_Senate_DEM,DEM,Write ins,424,0.23,1,False,ins w
2012_WI_Senate_REP,REP,Tommy Thompson,197928,34.0,2,True,thompson t
2012_WI_Senate_REP,REP,Eric Hovde,179557,30.8,2,False,hovde e
2012_WI_Senate_REP,REP,Mark Neumann,132786,22.8,2,False,neumann m
2012_WI_Senate_REP,REP,Jeff Fitzgerald,71871,12.3,2,False,fitzgerald j
2012_WI_Senate_REP,REP,Write ins,244,0.04,2,False,ins w
2014_AK_Governor_REP,REP,Sean Parnell,80903,75.86,1,True,parnell s
2014_AK_Governor_REP,REP,Russ Millette,11296,10.59,1,False,millette r
2014_AK_Governor_REP,REP,Brad Snowden,10594,9.93,1,False,snowden b
2014_AK_Governor_REP,REP,"Gerald L. ""Tap"" Heikes",3855,3.61,1,False,heikes g
2014_AK_Governor_DEM,DEM,Byron Mallott,42327,66.89,2,True,mallott b
2014_AK_Governor_DEM,DEM,Phil Stoddard,10514,16.62,2,False,stoddard p
2014_AK_Senate_DEM,DEM,Mark Begich,58092,83.31,1,True,begich m
2014_AK_Senate_DEM,DEM,William Bryk,2024,2.9,1,False,bryk w
2014_AK_Senate_REP,REP,Dan Sullivan,44740,40.05,2,True,sullivan d
2014_AK_Senate_REP,REP,Joe Miller,35904,32.14,2,False,miller j
2014_AK_Senate_REP,REP,Mead Treadwell,27807,24.9,2,False,treadwell m
2014_AK_Senate_REP,REP,John Jaramillo,3246,2.91,2,False,jaramillo j
2014_AL_Governor_REP,REP,Robert J. Bentley,388247,89.35,1,True,bentley r
2014_AL_Governor_REP,REP,Stacy Lee George,25134,5.78,1,False,george s
2014_AL_Governor_REP,REP,Bob Starkey,21144,4.87,1,False,starkey b
2014_AL_Governor_DEM,DEM,Parker Griffith,115433,63.9,2,True,griffith p
2014_AL_Governor_DEM,DEM,Kevin Bass,65225,36.1,2,False,bass k
2014_AR_Governor_DEM,DEM,Mike Ross,129437,84.41,1,True,ross m
2014_AR_Governor_DEM,DEM,"Lynette ""Doc"" Bryant",23906,15.59,1,False,bryant l
2014_AR_Governor_REP,REP,Asa Hutchinson,130752,72.95,2,True,hutchinson a
2014_AR_Governor_REP,REP,Curtis Coleman,48473,27.05,2,False,coleman c
2014_AZ_Governor_REP,REP,Doug Ducey,200607,37.05,1,True,ducey d
2014_AZ_Governor_REP,REP,Scott Smith,119107,22.0,1,False,smith s
2014_AZ_Governor_REP,REP,Christine Jones,89922,16.61,1,False,jones c
2014_AZ_Governor_REP,REP,Ken Bennett,62010,11.45,1,False,bennett k
2014_AZ_Governor_REP,REP,Andrew Thomas,43822,8.09,1,False,thomas a
2014_AZ_Governor_REP,REP,Frank Riggs,24168,4.46,1,False,riggs f
2014_AZ_Governor_REP,REP,Write-in,1804,0.03,1,False,writein
2014_AZ_Governor_DEM,DEM,Fred DuVal,271276,97.0,2,True,duval f
2014_AZ_Governor_DEM,DEM,Write-in,8578,3.0,2,False,writein
2014_CO_Governor_DEM,DEM,John Hickenlooper,214403,100.0,1,True,hickenlooper j
2014_CO_Governor_REP,REP,Bob Beauprez,116333,30.24,2,True,beauprez b
2014_CO_Governor_REP,REP,Tom Tancredo,102830,26.73,2,False,tancredo t
2014_CO_Governor_REP,REP,Scott Gessler,89213,23.19,2,False,gessler s
2014_CO_Governor_REP,REP,Mike Kopp,76373,19.85,2,False,kopp m
2014_CO_Senate_DEM,DEM,Mark Udall,213746,100.0,1,True,udall m
2014_CO_Senate_REP,REP,Cory Gardner,338324,100.0,2,True,gardner c
2014_CT_Governor_REP,REP,Thomas C. Foley,44144,55.58,1,True,foley t
2014_CT_Governor_REP,REP,John P. McKinney,35282,44.42,1,False,mckinney j
2014_FL_Governor_REP,REP,Rick Scott,831887,87.65,1,True,scott r
2014_FL_Governor_REP,REP,Elizabeth Cuevas-Neunder,100496,10.59,1,False,cuevasneunder e
2014_FL_Governor_REP,REP,Yinka Adeshina,16761,1.77,1,False,adeshina y
2014_FL_Governor_DEM,DEM,Charlie Crist,623001,74.36,2,True,crist c
2014_FL_Governor_DEM,DEM,Nan Rich,214795,25.64,2,False,rich n
2014_GA_Governor_REP,REP,Nathan Deal,430170,72.15,1,True,deal n
2014_GA_Governor_REP,REP,David Pennington,99548,16.7,1,False,pennington d
2014_GA_Governor_REP,REP,John Barge,66500,11.15,1,False,barge j
2014_GA_Governor_DEM,DEM,Jason Carter,304243,100.0,2,True,carter j
2014_GA_Senate_REP,REP,David Perdue,245951,50.88,2,True,perdue d
2014_GA_Senate_REP,REP,Jack Kingston,237448,49.12,2,False,kingston j
2014_GA_Senate_DEM,DEM,Michelle Nunn,246369,74.95,3,True,nunn m
2014_GA_Senate_DEM,DEM,Steen Miles,39418,11.99,3,False,miles s
2014_GA_Senate_DEM,DEM,Todd Robinson,31822,9.68,3,False,robinson t
2014_GA_Senate_DEM,DEM,Branko Radulovacki,11101,3.38,3,False,radulovacki b
2014_HI_Governor_DEM,DEM,David Ige,157050,66.01,1,True,ige d
2014_HI_Governor_DEM,DEM,Neil Abercrombie,73507,30.09,1,False,abercrombie n
2014_HI_Governor_DEM,DEM,Van Tanabe,2622,1.01,1,False,tanabe v
2014_HI_Governor_DEM,DEM,Blank vote,4614,1.94,1,False,vote b
2014_HI_Governor_DEM,DEM,Over vote,124,0.05,1,False,vote o
2014_HI_Governor_REP,REP,Duke Aiona,41832,94.77,2,True,aiona d
2014_HI_Governor_REP,REP,Stuart Todd Gregory,640,1.45,2,False,gregory s
2014_HI_Governor_REP,REP,Charles Collins,580,1.31,2,False,collins c
2014_HI_Governor_REP,REP,Blank vote,1054,2.39,2,False,vote b
2014_HI_Governor_REP,REP,Over vote,36,0.08,2,False,vote o
2014_HI_Senate_DEM,DEM,Brian Schatz,115445,48.52,1,True,schatz b
2014_HI_Senate_DEM,DEM,Colleen Hanabusa,113663,47.77,1,False,hanabusa c
2014_HI_Senate_DEM,DEM,Brian Evans,4842,2.03,1,False,evans b
2014_HI_Senate_DEM,DEM,Blank vote,3842,1.61,1,False,vote b
2014_HI_Senate_DEM,DEM,Over vote,150,0.06,1,False,vote o
2014_HI_Senate_REP,REP,Campbell Cavasso,25874,58.61,2,True,cavasso c
2014_HI_Senate_REP,REP,John P. Roco,4425,10.02,2,False,roco j
2014_HI_Senate_REP,REP,"Harry J. Friel, Jr.",3477,7.88,2,False,friel h
2014_HI_Senate_REP,REP,Eddie Pirkowski,2033,4.6,2,False,pirkowski e
2014_HI_Senate_REP,REP,Blank vote,8306,18.81,2,False,vote b
2014_HI_Senate_REP,REP,Over vote,34,0.08,2,False,vote o
2014_IA_Governor_REP,REP,Terry Branstad,129712,83.0,1,True,branstad t
2014_IA_Governor_REP,REP,Tom Hoefling,26284,16.82,1,False,hoefling t
2014_IA_Governor_REP,REP,Write-In,279,0.18,1,False,writein
2014_IA_Governor_DEM,DEM,Jack Hatch,60404,99.26,2,True,hatch j
2014_IA_Governor_DEM,DEM,Write-in,448,0.74,2,False,writein
2014_IA_Senate_DEM,DEM,Bruce Braley,62623,99.2,1,True,braley b
2014_IA_Senate_DEM,DEM,Write-ins,504,0.8,1,False,writeins
2014_IA_Senate_REP,REP,Joni Ernst,88692,56.12,2,True,ernst j
2014_IA_Senate_REP,REP,Sam Clovis,28434,17.99,2,False,clovis s
2014_IA_Senate_REP,REP,Mark Jacobs,26582,16.82,2,False,jacobs m
2014_IA_Senate_REP,REP,Matthew Whitaker,11909,7.54,2,False,whitaker m
2014_IA_Senate_REP,REP,Scott Schaben,2270,1.44,2,False,schaben s
2014_IA_Senate_REP,REP,Write-ins,144,0.09,2,False,writeins
2014_ID_Governor_REP,REP,Butch Otter,79779,51.4,1,True,otter b
2014_ID_Governor_REP,REP,Russ Fulcher,67694,43.6,1,False,fulcher r
2014_ID_Governor_REP,REP,Harley Brown,5084,3.3,1,False,brown h
2014_ID_Governor_REP,REP,Walt Bayes,2753,1.8,1,False,bayes w
2014_ID_Governor_DEM,DEM,A.J. Balukoff,16751,65.3,2,True,balukoff a
2014_ID_Governor_DEM,DEM,Terry Kerr,8887,34.7,2,False,kerr t
2014_ID_Senate_REP,REP,Jim Risch,118927,79.91,1,True,risch j
2014_ID_Senate_REP,REP,Jeremy Anderson,29897,20.09,1,False,anderson j
2014_IL_Governor_DEM,DEM,Pat Quinn,321818,71.94,1,True,quinn p
2014_IL_Governor_DEM,DEM,Tio Hardiman,125500,28.06,1,False,hardiman t
2014_IL_Governor_REP,REP,Bruce Rauner,328934,40.13,2,True,rauner b
2014_IL_Governor_REP,REP,Kirk Dillard,305120,37.22,2,False,dillard k
2014_IL_Governor_REP,REP,Bill Brady,123708,15.09,2,False,brady b
2014_IL_Governor_REP,REP,Dan Rutherford,61848,7.55,2,False,rutherford d
2014_IL_Senate_DEM,DEM,Dick Durbin,429041,100.0,1,True,durbin d
2014_IL_Senate_REP,REP,Jim Oberweis,423097,56.08,2,True,oberweis j
2014_IL_Senate_REP,REP,Doug Truax,331237,43.91,2,False,truax d
2014_IL_Senate_REP,REP,Write-in,54,0.01,2,False,writein
2014_KS_Governor_REP,REP,Sam Brownback,166687,63.2,1,True,brownback s
2014_KS_Governor_REP,REP,Jennifer Winn,96907,36.7,1,False,winn j
2014_KS_Governor_DEM,DEM,Paul Davis,66357,100.0,2,True,davis p
2014_KS_Senate_REP,REP,Pat Roberts,127089,48.08,1,True,roberts p
2014_KS_Senate_REP,REP,Milton Wolf,107799,40.78,1,False,wolf m
2014_KS_Senate_REP,REP,D.J. Smith,15288,5.78,1,False,smith d
2014_KS_Senate_REP,REP,Alvin E. Zahnter,13935,5.26,1,False,zahnter a
2014_KS_Senate_DEM,DEM,Chad Taylor,35067,53.3,2,True,taylor c
2014_KS_Senate_DEM,DEM,Patrick Wiesner,30752,46.7,2,False,wiesner p
2014_KY_Senate_REP,REP,Mitch McConnell,213753,60.19,1,True,mcconnell m
2014_KY_Senate_REP,REP,Matt Bevin,125787,35.42,1,False,bevin m
2014_KY_Senate_REP,REP,Shawna Sterling,7214,2.03,1,False,sterling s
2014_KY_Senate_REP,REP,Chris Payne,5338,1.51,1,False,payne c
2014_KY_Senate_REP,REP,Brad Copas,3024,0.85,1,False,copas b
2014_KY_Senate_DEM,DEM,Alison Lundergan Grimes,307821,76.47,2,True,grimes a
2014_KY_Senate_DEM,DEM,Greg Leichty,32602,8.1,2,False,leichty g
2014_KY_Senate_DEM,DEM,Burrel Farnsley,32310,8.03,2,False,farnsley b
2014_KY_Senate_DEM,DEM,Tom Recktenwald,29791,7.4,2,False,recktenwald t
2014_MA_Governor_DEM,DEM,Martha Coakley,229156,42.4,2,True,coakley m
2014_MA_Governor_DEM,DEM,Steve Grossman,196594,36.4,2,False,grossman s
2014_MA_Governor_DEM,DEM,Donald Berwick,113988,21.1,2,False,berwick d
2014_MA_Governor_DEM,DEM,Other,995,0.2,2,False,other
2014_MA_Governor_DEM,DEM,Blank votes,15359,,2,False,votes b
2014_MA_Governor_REP,REP,Charlie Baker,116004,74.1,3,True,baker c
2014_MA_Governor_REP,REP,Mark Fisher,40240,25.7,3,False,fisher m
2014_MA_Governor_REP,REP,All Others,336,0.2,3,False,others a
2014_MA_Governor_REP,REP,Blank Votes,30327,,3,False,votes b
2014_MD_Governor_DEM,DEM,Anthony Brown,249398,51.41,1,True,brown a
2014_MD_Governor_DEM,DEM,Doug Gansler,117383,24.2,1,False,gansler d
2014_MD_Governor_DEM,DEM,Heather Mizeur,104721,21.59,1,False,mizeur h
2014_MD_Governor_DEM,DEM,Cindy Walsh,6863,1.41,1,False,walsh c
2014_MD_Governor_DEM,DEM,Charles U. Smith,3507,0.72,1,False,smith c
2014_MD_Governor_DEM,DEM,Ralph Jaffe,3221,0.66,1,False,jaffe r
2014_MD_Governor_REP,REP,Larry Hogan,92376,42.98,2,True,hogan l
2014_MD_Governor_REP,REP,David R. Craig,62639,29.14,2,False,craig d
2014_MD_Governor_REP,REP,Charles Lollar,33292,15.49,2,False,lollar c
2014_MD_Governor_REP,REP,Ron George,26628,12.39,2,False,george r
2014_ME_Governor_REP,REP,Paul LePage,50856,81.61,1,True,lepage p
2014_ME_Governor_DEM,DEM,Mike Michaud,56286,86.48,2,True,michaud m
2014_ME_Senate_REP,REP,Susan Collins,59767,100.0,1,True,collins s
2014_ME_Senate_DEM,DEM,Shenna Bellows,65085,100.0,2,True,bellows s
2014_MI_Governor_REP,REP,Rick Snyder,617720,100.0,1,True,snyder r
2014_MI_Governor_DEM,DEM,Mark Schauer,513263,100.0,2,True,schauer m
2014_MI_Senate_DEM,DEM,Gary Peters,504102,100.0,1,True,peters g
2014_MI_Senate_REP,REP,Terri Lynn Land,588084,100.0,2,True,land t
2014_MN_Governor_REP,REP,Jeff Johnson,55836,30.33,2,True,johnson j
2014_MN_Governor_REP,REP,Kurt Zellers,44046,23.92,2,False,zellers k
2014_MN_Governor_REP,REP,Marty Seifert,38851,21.1,2,False,seifert m
2014_MN_Governor_REP,REP,Karin Housley,38377,20.84,2,False,housley k
2014_MN_Governor_REP,REP,Merrill Anderson,7000,3.8,2,False,anderson m
2014_MN_Senate_REP,REP,Mike McFadden,129601,71.74,2,True,mcfadden m
2014_MN_Senate_REP,REP,Jim Abeler,26714,14.79,2,False,abeler j
2014_MN_Senate_REP,REP,David Carlson,16449,9.1,2,False,carlson d
2014_MN_Senate_REP,REP,Patrick Munro,5058,2.8,2,False,munro p
2014_MN_Senate_REP,REP,Ole Savior,2840,1.57,2,False,savior o
2014_MS_Senate_REP,REP,Thad Cochran,194932,51.0,2,True,cochran t
2014_MS_Senate_REP,REP,Chris McDaniel,187265,49.0,2,False,mcdaniel c
2014_MS_Senate_DEM,DEM,Travis Childers,63548,73.9,3,True,childers t
2014_MS_Senate_DEM,DEM,Bill Marcy,10361,12.1,3,False,marcy b
2014_MS_Senate_DEM,DEM,William Compton,8465,9.9,3,False,compton w
2014_MS_Senate_DEM,DEM,Jonathan Rawl,3492,4.1,3,False,rawl j
2014_MT_Senate_REP,REP,Steve Daines,110565,83.37,3,True,daines s
2014_MT_Senate_REP,REP,Susan Cundiff,11909,8.98,3,False,cundiff s
2014_MT_Senate_REP,REP,Champ Edmunds,10151,7.65,3,False,edmunds c
2014_NC_Senate_DEM,DEM,Kay Hagan,372209,77.16,1,True,hagan k
2014_NC_Senate_DEM,DEM,Will Stewart,66903,13.87,1,False,stewart w
2014_NC_Senate_DEM,DEM,Ernest T. Reeves,43257,8.97,1,False,reeves e
2014_NC_Senate_REP,REP,Thom Tillis,223174,45.68,2,True,tillis t
2014_NC_Senate_REP,REP,Greg Brannon,132630,27.15,2,False,brannon g
2014_NC_Senate_REP,REP,Mark Harris,85727,17.55,2,False,harris m
2014_NC_Senate_REP,REP,Heather Grant,22971,4.7,2,False,grant h
2014_NC_Senate_REP,REP,Jim Snyder,9414,1.93,2,False,snyder j
2014_NC_Senate_REP,REP,Ted Alexander,9258,1.89,2,False,alexander t
2014_NC_Senate_REP,REP,Alex Lee Bradshaw,3528,0.72,2,False,bradshaw a
2014_NC_Senate_REP,REP,Edward Kryn,1853,0.38,2,False,kryn e
2014_NE_Governor_REP,REP,Pete Ricketts,58671,26.91,1,True,ricketts p
2014_NE_Governor_REP,REP,Jon Bruning,56324,25.84,1,False,bruning j
2014_NE_Governor_REP,REP,Beau McCoy,46196,21.19,1,False,mccoy b
2014_NE_Governor_REP,REP,Mike Foley,42394,19.44,1,False,foley m
2014_NE_Governor_REP,REP,Tom Carlson,9080,4.17,1,False,carlson t
2014_NE_Governor_REP,REP,Bryan Slone,8265,3.79,1,False,slone b
2014_NE_Governor_DEM,DEM,Chuck Hassebrook,65620,100.0,2,True,hassebrook c
2014_NE_Senate_REP,REP,Ben Sasse,110802,50.44,1,True,sasse b
2014_NE_Senate_REP,REP,Sid Dinsdale,50494,22.99,1,False,dinsdale s
2014_NE_Senate_REP,REP,Shane Osborn,47338,21.56,1,False,osborn s
2014_NE_Senate_REP,REP,Bart McLeay,12840,5.85,1,False,mcleay b
2014_NE_Senate_REP,REP,Clifton R. Johnson,3310,1.51,1,False,johnson c
2014_NE_Senate_DEM,DEM,Dave Domina,45648,67.57,2,True,domina d
2014_NE_Senate_DEM,DEM,Larry Marvin,21904,32.43,2,False,marvin l
2014_NH_Governor_DEM,DEM,Maggie Hassan,39115,93.07,1,True,hassan m
2014_NH_Governor_DEM,DEM,Ian Freeman,1719,4.09,1,False,freeman i
2014_NH_Governor_DEM,DEM,Clecia Terrio,704,1.68,1,False,terrio c
2014_NH_Governor_DEM,DEM,Other,488,1.16,1,False,other
2014_NH_Governor_REP,REP,Walter Havenstein,62766,55.7,2,True,havenstein w
2014_NH_Governor_REP,REP,Andrew Hemingway,42005,37.3,2,False,hemingway a
2014_NH_Governor_REP,REP,Daniel Greene,5362,4.8,2,False,greene d
2014_NH_Governor_REP,REP,Jonathan Smolin,2620,2.3,2,False,smolin j
2014_NH_Senate_DEM,DEM,Jeanne Shaheen,74504,100.0,1,True,shaheen j
2014_NJ_Senate_DEM,DEM,Cory Booker,197158,100.0,1,True,booker c
2014_NJ_Senate_REP,REP,Jeff Bell,42728,29.41,2,True,bell j
2014_NJ_Senate_REP,REP,Richard J. Pezzullo,38130,26.24,2,False,pezzullo r
2014_NJ_Senate_REP,REP,Brian D. Goldberg,36266,24.96,2,False,goldberg b
2014_NJ_Senate_REP,REP,Murray Sabrin,28183,19.4,2,False,sabrin m
2014_NM_Governor_REP,REP,Susana Martínez,64413,100.0,1,True,martinez s
2014_NM_Governor_DEM,DEM,Gary K. King,43918,35.03,2,True,king g
2014_NM_Governor_DEM,DEM,Alan Webber,28406,22.66,2,False,webber a
2014_NM_Governor_DEM,DEM,Lawrence Rael,24878,19.84,2,False,rael l
2014_NM_Governor_DEM,DEM,Howie Morales,17863,14.25,2,False,morales h
2014_NM_Governor_DEM,DEM,Linda M. Lopez,10288,8.21,2,False,lopez l
2014_NM_Governor_DEM,DEM,Mario J. Martinez,16,0.01,2,False,martinez m
2014_NM_Governor_DEM,DEM,Phillip George Chavez,2,0.0,2,False,chavez p
2014_NM_Senate_DEM,DEM,Tom Udall,113502,100.0,1,True,udall t
2014_NM_Senate_REP,REP,Allen Weh,41566,63.0,2,True,weh a
2014_NM_Senate_REP,REP,David Clements,24413,37.0,2,False,clements d
2014_NV_Governor_REP,REP,Brian Sandoval,105857,89.88,1,True,sandoval b
2014_NV_Governor_REP,REP,Edward Hamilton,3758,3.19,1,False,hamilton e
2014_NV_Governor_REP,REP,William Tarbell,1966,1.67,1,False,tarbell w
2014_NV_Governor_REP,REP,Thomas Tighe,1495,1.27,1,False,tighe t
2014_NV_Governor_REP,REP,Gary Marinch,1195,1.01,1,False,marinch g
2014_NV_Governor_DEM,DEM,Bob Goodman,17961,24.77,2,True,goodman b
2014_NV_Governor_DEM,DEM,Stephen Frye,8231,11.35,2,False,frye s
2014_NV_Governor_DEM,DEM,John Rutledge,6039,8.33,2,False,rutledge j
2014_NV_Governor_DEM,DEM,Charles Chang,5619,7.75,2,False,chang c
2014_NV_Governor_DEM,DEM,Chris Hyepock,4743,6.54,2,False,hyepock c
2014_NV_Governor_DEM,DEM,Allen Rheinhart,3605,4.97,2,False,rheinhart a
2014_NV_Governor_DEM,DEM,Abdul Shabazz,2731,3.77,2,False,shabazz a
2014_NV_Governor_DEM,DEM,Frederick Conquest,1867,2.57,2,False,conquest f
2014_NY_Governor_DEM,DEM,Kathy Hochul,329089,60.2,2,True,hochul k
2014_NY_Governor_DEM,DEM,Tim Wu,217614,39.8,2,False,wu t
2014_OH_Governor_REP,REP,John Kasich,559671,100.0,1,True,kasich j
2014_OH_Governor_DEM,DEM,Ed FitzGerald,366056,83.15,2,True,fitzgerald e
2014_OH_Governor_DEM,DEM,Larry Ealy Ken Gray,74197,16.85,2,False,gray l
2014_OK_Governor_REP,REP,Mary Fallin,200035,75.52,1,True,fallin m
2014_OK_Governor_REP,REP,Chad Moody,40839,15.42,1,False,moody c
2014_OK_Governor_REP,REP,Dax Ewbank,24020,9.07,1,False,ewbank d
2014_OK_Senate_REP,REP,Jim Inhofe,231291,87.69,1,True,inhofe j
2014_OK_Senate_REP,REP,Evelyn Rogers,11960,4.53,1,False,rogers e
2014_OK_Senate_REP,REP,Erick Wyatt,11713,4.44,1,False,wyatt e
2014_OK_Senate_REP,REP,Rob Moye,4846,1.84,1,False,moye r
2014_OK_Senate_REP,REP,D. Jean McBride-Samuels,3965,1.5,1,False,mcbridesamuels d
2014_OR_Governor_DEM,DEM,John Kitzhaber,268654,89.0,1,True,kitzhaber j
2014_OR_Governor_DEM,DEM,Ifeanyichukwu C. Diru,27833,9.22,1,False,diru i
2014_OR_Governor_REP,REP,Dennis Richardson,163695,65.86,2,True,richardson d
2014_OR_Governor_REP,REP,Gordon Challstrom,24693,9.93,2,False,challstrom g
2014_OR_Governor_REP,REP,Bruce Cuff,23912,9.62,2,False,cuff b
2014_OR_Governor_REP,REP,Mae Rafferty,16920,6.8,2,False,rafferty m
2014_OR_Governor_REP,REP,Tim Carr,14847,5.97,2,False,carr t
2014_OR_Governor_REP,REP,Darren Karr,2474,1.0,2,False,karr d
2014_OR_Senate_DEM,DEM,Jeff Merkley,277120,92.04,1,True,merkley j
2014_OR_Senate_DEM,DEM,William Bryk,11330,3.76,1,False,bryk w
2014_OR_Senate_DEM,DEM,Pavel Goberman,8436,2.81,1,False,goberman p
2014_OR_Senate_REP,REP,Monica Wehby,134627,49.96,2,True,wehby m
2014_OR_Senate_REP,REP,Jason Conger,101401,37.63,2,False,conger j
2014_OR_Senate_REP,REP,Mark Callahan,18220,6.76,2,False,callahan m
2014_OR_Senate_REP,REP,Jo Rae Perkins,7602,2.82,2,False,perkins j
2014_OR_Senate_REP,REP,Tim Crawley,6566,2.44,2,False,crawley t
2014_PA_Governor_DEM,DEM,Tom Wolf,488917,57.86,2,True,wolf t
2014_PA_Governor_DEM,DEM,Allyson Schwartz,149027,17.64,2,False,schwartz a
2014_PA_Governor_DEM,DEM,Rob McCord,142311,16.84,2,False,mccord r
2014_PA_Governor_DEM,DEM,Katie McGinty,64754,7.66,2,False,mcginty k
2014_RI_Governor_DEM,DEM,Gina Raimondo,53990,42.15,1,True,raimondo g
2014_RI_Governor_DEM,DEM,Angel Taveras,37326,29.14,1,False,taveras a
2014_RI_Governor_DEM,DEM,Clay Pell,34515,26.94,1,False,pell c
2014_RI_Governor_DEM,DEM,Todd Giroux,2264,1.77,1,False,giroux t
2014_RI_Governor_REP,REP,Allan Fung,17530,54.9,2,True,fung a
2014_RI_Governor_REP,REP,Ken Block,14399,45.1,2,False,block k
2014_RI_Senate_DEM,DEM,Jack Reed,98610,100.0,1,True,reed j
2014_SC_Senate_REP,REP,Lindsey Graham,178833,56.42,1,True,graham l
2014_SC_Senate_REP,REP,Lee Bright,48904,15.53,1,False,bright l
2014_SC_Senate_REP,REP,Richard Cash,26325,8.3,1,False,cash r
2014_SC_Senate_REP,REP,Det Bowers,23172,7.31,1,False,bowers d
2014_SC_Senate_REP,REP,Nancy Mace,19634,6.19,1,False,mace n
2014_SC_Senate_REP,REP,Bill Connor,16912,5.34,1,False,connor b
2014_SC_Senate_REP,REP,Benjamin Dunn,3209,1.01,1,False,dunn b
2014_SC_Senate_DEM,DEM,Brad Hutto,87552,76.65,2,True,hutto b
2014_SC_Senate_DEM,DEM,Jay Stamper,26678,23.35,2,False,stamper j
2014_SD_Governor_REP,REP,Dennis Daugaard,60017,80.87,1,True,daugaard d
2014_SD_Governor_REP,REP,Lora Hubbel,14196,19.13,1,False,hubbel l
2014_SD_Governor_DEM,DEM,Susan Wismer,15311,55.49,2,True,wismer s
2014_SD_Governor_DEM,DEM,Joe Lowe,12283,44.51,2,False,lowe j
2014_SD_Senate_REP,REP,Mike Rounds,41377,55.54,1,True,rounds m
2014_SD_Senate_REP,REP,Larry Rhoden,13593,18.25,1,False,rhoden l
2014_SD_Senate_REP,REP,Stace Nelson,13179,17.69,1,False,nelson s
2014_SD_Senate_REP,REP,Annette Bosworth,4283,5.75,1,False,bosworth a
2014_SD_Senate_REP,REP,Jason Ravnsborg,2066,2.77,1,False,ravnsborg j
2014_TN_Governor_REP,REP,Bill Haslam,570997,87.68,1,True,haslam b
2014_TN_Governor_REP,REP,"Mark ""Coonrippy"" Brown",44165,6.78,1,False,brown m
2014_TN_Governor_REP,REP,Donald Ray McFolin,22968,3.53,1,False,mcfolin d
2014_TN_Governor_REP,REP,"Basil Marceaux, Sr.",13117,2.01,1,False,marceaux b
2014_TN_Governor_DEM,DEM,"Charles V. ""Charlie"" Brown",95114,41.71,2,True,brown c
2014_TN_Governor_DEM,DEM,"Wm. H. ""John"" McKamey",59200,25.96,2,False,mckamey w
2014_TN_Governor_DEM,DEM,Kennedy Spellman Johnson,55718,24.44,2,False,johnson k
2014_TN_Governor_DEM,DEM,Ron Noonan,17993,7.89,2,False,noonan r
2014_TN_Senate_REP,REP,Lamar Alexander,331705,49.65,1,True,alexander l
2014_TN_Senate_REP,REP,Joe Carr,271324,40.61,1,False,carr j
2014_TN_Senate_REP,REP,George Shea Flinn,34668,5.19,1,False,flinn g
2014_TN_Senate_REP,REP,Christian Agnew,11320,1.69,1,False,agnew c
2014_TN_Senate_REP,REP,Brenda S. Lenard,7908,1.18,1,False,lenard b
2014_TN_Senate_REP,REP,John D. King,7748,1.16,1,False,king j
2014_TN_Senate_REP,REP,Erin Kent Magee,3366,0.52,1,False,magee e
2014_TN_Senate_DEM,DEM,Gordon Ball,87829,36.45,2,True,ball g
2014_TN_Senate_DEM,DEM,Terry Adams,85794,35.61,2,False,adams t
2014_TN_Senate_DEM,DEM,Gary Gene Davis,42549,17.66,2,False,davis g
2014_TN_Senate_DEM,DEM,Larry Crim,24777,10.28,2,False,crim l
2014_TX_Governor_REP,REP,Greg Abbott,1224014,91.48,1,True,abbott g
2014_TX_Governor_REP,REP,Lisa Fritsch,59221,4.42,1,False,fritsch l
2014_TX_Governor_REP,REP,Miriam Martinez,35585,2.65,1,False,martinez m
2014_TX_Governor_REP,REP,Larry Kilgore,19055,1.42,1,False,kilgore l
2014_TX_Governor_DEM,DEM,Wendy Davis,432595,78.08,2,True,davis w
2014_TX_Governor_DEM,DEM,Ray Madrigal,121419,21.91,2,False,madrigal r
2014_TX_Senate_REP,REP,John Cornyn,781259,59.43,1,True,cornyn j
2014_TX_Senate_REP,REP,Steve Stockman,251577,19.13,1,False,stockman s
2014_TX_Senate_REP,REP,Dwayne Stovall,140794,10.71,1,False,stovall d
2014_TX_Senate_REP,REP,Linda Vega,50057,3.8,1,False,vega l
2014_TX_Senate_REP,REP,Ken Cope,34409,2.61,1,False,cope k
2014_TX_Senate_REP,REP,Chris Mapp,23535,1.79,1,False,mapp c
2014_TX_Senate_REP,REP,Reid Reasor,20600,1.56,1,False,reasor r
2014_TX_Senate_REP,REP,Curt Cleaver,12325,0.94,1,False,cleaver c
2014_TX_Senate_DEM,DEM,David Alameel,145039,72.16,3,True,alameel d
2014_TX_Senate_DEM,DEM,Kesha Rogers,55953,27.84,3,False,rogers k
2014_WI_Governor_REP,REP,Scott Walker,238715,99.42,1,True,walker s
2014_WI_Governor_REP,REP,Steve R. Evans,94,0.04,1,False,evans s
2014_WI_Governor_REP,REP,Scattering,1293,0.54,1,False,scattering
2014_WI_Governor_DEM,DEM,Mary Burke,259926,83.28,2,True,burke m
2014_WI_Governor_DEM,DEM,Brett Hulsey,51830,16.61,2,False,hulsey b
2014_WI_Governor_DEM,DEM,Scattering,350,0.11,2,False,scattering
2014_WV_Senate_DEM,DEM,Natalie Tennant,104598,77.95,1,True,tennant n
2014_WV_Senate_DEM,DEM,Dennis Melton,15817,11.79,1,False,melton d
2014_WV_Senate_DEM,DEM,David Wamsley,13773,10.26,1,False,wamsley d
2014_WV_Senate_REP,REP,Shelley Moore Capito,74655,87.5,2,True,capito s
2014_WV_Senate_REP,REP,Matthew Dodrill,7072,8.29,2,False,dodrill m
2014_WV_Senate_REP,REP,Larry Butcher,3595,4.21,2,False,butcher l
2014_WY_Governor_REP,REP,Matt Mead,53673,54.04,1,True,mead m
2014_WY_Governor_REP,REP,Taylor Haynes,31532,31.75,1,False,haynes t
2014_WY_Governor_REP,REP,Cindy Hill,12464,12.55,1,False,hill c
2014_WY_Governor_REP,REP,Write-in,215,0.22,1,False,writein
2014_WY_Governor_REP,REP,Over Votes,26,0.03,1,False,votes o
2014_WY_Governor_REP,REP,Under Votes,1402,1.41,1,False,votes u
2014_WY_Senate_REP,REP,Mike Enzi,77965,78.51,1,True,enzi m
2014_WY_Senate_REP,REP,Bryan E. Miller,9330,9.39,1,False,miller b
2014_WY_Senate_REP,REP,"James ""Coaltrain"" Gregory",3740,3.77,1,False,gregory j
2014_WY_Senate_REP,REP,Thomas Bleming,2504,2.52,1,False,bleming t
2014_WY_Senate_REP,REP,Arthur Bruce Clifton,1403,1.41,1,False,clifton a
2014_WY_Senate_REP,REP,Write-in,346,0.35,1,False,writein
2014_WY_Senate_REP,REP,Over Votes,51,0.05,1,False,votes o
2014_WY_Senate_REP,REP,Under Votes,3973,4.0,1,False,votes u
2016_AK_Senate_REP,REP,Lisa Murkowski,39545,71.52,1,True,murkowski l
2016_AK_Senate_REP,REP,Bob Lochner,8480,15.34,1,False,lochner b
2016_AK_Senate_REP,REP,Paul Kendall,4272,7.73,1,False,kendall p
2016_AK_Senate_REP,REP,Thomas Lamb,2996,5.42,1,False,lamb t
2016_AK_Senate_DEM,DEM,Ray Metcalfe,15228,50.06,2,True,metcalfe r
2016_AK_Senate_DEM,DEM,Edgar Blatchford,10090,33.17,2,False,blatchford e
2016_AL_Senate_REP,REP,Richard Shelby,505586,64.91,1,True,shelby r
2016_AL_Senate_REP,REP,Jonathan McConnell,214770,27.58,1,False,mcconnell j
2016_AL_Senate_REP,REP,John Martin,23558,3.02,1,False,martin j
2016_AL_Senate_REP,REP,Marcus Bowman,19707,2.53,1,False,bowman m
2016_AL_Senate_REP,REP,Shadrack McGill,15230,1.96,1,False,mcgill s
2016_AL_Senate_DEM,DEM,Ron Crumpton,145681,55.97,2,True,crumpton r
2016_AL_Senate_DEM,DEM,Charles Nana,114617,44.03,2,False,nana c
2016_AR_Senate_REP,REP,John Boozman,298039,76.45,1,True,boozman j
2016_AR_Senate_REP,REP,Curtis Coleman,91795,23.55,1,False,coleman c
2016_AR_Senate_DEM,DEM,Conner Eldridge,214228,100.0,2,True,eldridge c
2016_AZ_Senate_REP,REP,John McCain,302532,51.7,1,True,mccain j
2016_AZ_Senate_REP,REP,Kelli Ward,235988,39.2,1,False,ward k
2016_AZ_Senate_REP,REP,Alex Meluskey,31159,5.5,1,False,meluskey a
2016_AZ_Senate_REP,REP,Clair Van Steenwyk,21476,3.6,1,False,steenwyk c
2016_AZ_Senate_REP,REP,Sean Webster,175,0.0,1,False,webster s
2016_AZ_Senate_DEM,DEM,Ann Kirkpatrick,333586,99.8,2,True,kirkpatrick a
2016_AZ_Senate_DEM,DEM,Axel Bello,508,0.2,2,False,bello a
2016_CO_Senate_DEM,DEM,Michael Bennet,262344,100.0,1,True,bennet m
2016_CO_Senate_REP,REP,Darryl Glenn,131125,37.74,2,True,glenn d
2016_CO_Senate_REP,REP,Jack Graham,85400,24.58,2,False,graham j
2016_CO_Senate_REP,REP,Robert Blaha,57196,16.46,2,False,blaha r
2016_CO_Senate_REP,REP,Jon Keyser,43509,12.52,2,False,keyser j
2016_CO_Senate_REP,REP,Ryan Frazier,30241,8.7,2,False,frazier r
2016_DE_Governor_REP,REP,Colin Bonini,21150,69.88,1,True,bonini c
2016_DE_Governor_REP,REP,Lacey Lafferty,9115,30.12,1,False,lafferty l
2016_FL_Senate_REP,REP,Marco Rubio,1029830,71.99,1,True,rubio m
2016_FL_Senate_REP,REP,Carlos Beruff,264427,18.49,1,False,beruff c
2016_FL_Senate_REP,REP,Dwight Young,91082,6.37,1,False,young d
2016_FL_Senate_REP,REP,Ernie Rivera,45153,3.16,1,False,rivera e
2016_FL_Senate_DEM,DEM,Patrick Murphy,665985,58.92,2,True,murphy p
2016_FL_Senate_DEM,DEM,Alan Grayson,199929,17.72,2,False,grayson a
2016_FL_Senate_DEM,DEM,Pam Keith,173919,15.4,2,False,keith p
2016_FL_Senate_DEM,DEM,Rocky De La Fuente,60810,5.38,2,False,fuente r
2016_FL_Senate_DEM,DEM,Reginald Luster,29138,2.58,2,False,luster r
2016_GA_Senate_REP,REP,Johnny Isakson,447661,77.5,1,True,isakson j
2016_GA_Senate_REP,REP,Derrick Grayson,69101,11.96,1,False,grayson d
2016_GA_Senate_REP,REP,Mary Kay Bacallao,60898,10.54,1,False,bacallao m
2016_GA_Senate_DEM,DEM,Jim Barksdale,166627,53.74,2,True,barksdale j
2016_GA_Senate_DEM,DEM,Cheryl Copeland,130822,42.19,2,False,copeland c
2016_GA_Senate_DEM,DEM,John Coyne,12604,4.07,2,False,coyne j
2016_HI_Senate_DEM,DEM,Brian Schatz,162891,86.17,1,True,schatz b
2016_HI_Senate_DEM,DEM,Makani Christensen,11898,6.29,1,False,christensen m
2016_HI_Senate_DEM,DEM,Miles Shiratori,8620,4.56,1,False,shiratori m
2016_HI_Senate_DEM,DEM,Arturo Reyes,3819,2.02,1,False,reyes a
2016_HI_Senate_DEM,DEM,Tutz Honeychurch,1815,0.96,1,False,honeychurch t
2016_HI_Senate_REP,REP,John Carroll,26747,74.58,2,True,carroll j
2016_HI_Senate_REP,REP,John P. Roco,3956,11.03,2,False,roco j
2016_HI_Senate_REP,REP,Karla Gottschalk,3045,8.49,2,False,gottschalk k
2016_HI_Senate_REP,REP,Eddie Pirkowski,2114,5.89,2,False,pirkowski e
2016_IA_Senate_REP,REP,Chuck Grassley,90089,98.36,1,True,grassley c
2016_IA_Senate_REP,REP,Write-ins,1500,1.64,1,False,writeins
2016_IA_Senate_DEM,DEM,Patty Judge,46322,47.62,2,True,judge p
2016_IA_Senate_DEM,DEM,Rob Hogg,37801,38.86,2,False,hogg r
2016_IA_Senate_DEM,DEM,Tom Fiegen,6573,6.76,2,False,fiegen t
2016_IA_Senate_DEM,DEM,Bob Krause,6425,6.6,2,False,krause b
2016_IA_Senate_DEM,DEM,Write-ins,154,0.16,2,False,writeins
2016_ID_Senate_REP,REP,Mike Crapo,119633,100.0,1,True,crapo m
2016_ID_Senate_DEM,DEM,Jerry Sturgill,26471,100.0,2,True,sturgill j
2016_IL_Senate_REP,REP,Mark Kirk,931619,70.6,1,True,kirk m
2016_IL_Senate_REP,REP,James T. Marter,388571,29.4,1,False,marter j
2016_IL_Senate_DEM,DEM,Tammy Duckworth,1220128,64.38,2,True,duckworth t
2016_IL_Senate_DEM,DEM,Andrea Zopp,455729,24.05,2,False,zopp a
2016_IL_Senate_DEM,DEM,Napoleon Harris,219286,11.57,2,False,harris n
2016_IN_Governor_REP,REP,Mike Pence,815699,100.0,1,True,pence m
2016_IN_Governor_DEM,DEM,John R. Gregg,547375,100.0,2,True,gregg j
2016_IN_Senate_REP,REP,Todd Young,661136,67.0,1,True,young t
2016_IN_Senate_REP,REP,Marlin Stutzman,324429,33.0,1,False,stutzman m
2016_IN_Senate_DEM,DEM,Baron Hill,516183,100.0,2,True,hill b
2016_KS_Senate_REP,REP,Jerry Moran,230907,79.09,1,True,moran j
2016_KS_Senate_REP,REP,D. J. Smith,61056,20.91,1,False,smith d
2016_KS_Senate_DEM,DEM,Patrick Wiesner,59522,62.94,2,True,wiesner p
2016_KS_Senate_DEM,DEM,Monique Singh-Bey,35042,37.06,2,False,singhbey m
2016_KY_Senate_REP,REP,Rand Paul,169180,84.79,1,True,paul r
2016_KY_Senate_REP,REP,James Gould,16611,8.33,1,False,gould j
2016_KY_Senate_REP,REP,Stephen Slaughter,13728,6.88,1,False,slaughter s
2016_KY_Senate_DEM,DEM,Jim Gray,240613,58.73,2,True,gray j
2016_KY_Senate_DEM,DEM,Sellus Wilder,52728,12.87,2,False,wilder s
2016_KY_Senate_DEM,DEM,Ron Leach,39026,9.53,2,False,leach r
2016_KY_Senate_DEM,DEM,Tom Recktenwald,21910,5.35,2,False,recktenwald t
2016_KY_Senate_DEM,DEM,Grant Short,21558,5.26,2,False,short g
2016_KY_Senate_DEM,DEM,Jeff Kender,20239,4.94,2,False,kender j
2016_KY_Senate_DEM,DEM,Rory Houlihan,13585,3.32,2,False,houlihan r
2016_MD_Senate_DEM,DEM,Chris Van Hollen,470320,53.2,1,True,hollen c
2016_MD_Senate_DEM,DEM,Donna Edwards,343620,38.9,1,False,edwards d
2016_MD_Senate_DEM,DEM,Freddie Dickson,14856,1.7,1,False,dickson f
2016_MD_Senate_DEM,DEM,Theresa Scaldaferri,13178,1.5,1,False,scaldaferri t
2016_MD_Senate_DEM,DEM,Violet Staley,10244,1.2,1,False,staley v
2016_MD_Senate_DEM,DEM,Lih Young,8561,1.0,1,False,young l
2016_MD_Senate_DEM,DEM,Charles Smith,7912,0.9,1,False,smith c
2016_MD_Senate_DEM,DEM,Ralph Jaffe,7161,0.8,1,False,jaffe r
2016_MD_Senate_DEM,DEM,Blaine Taylor,5932,0.7,1,False,taylor b
2016_MD_Senate_DEM,DEM,Ed Tinus,2560,0.3,1,False,tinus e
2016_MD_Senate_REP,REP,Kathy Szeliga,135337,35.6,2,True,szeliga k
2016_MD_Senate_REP,REP,Chris Chaffee,52066,13.7,2,False,chaffee c
2016_MD_Senate_REP,REP,Chrys Kefalas,36340,9.6,2,False,kefalas c
2016_MD_Senate_REP,REP,Richard Douglas,29007,7.6,2,False,douglas r
2016_MD_Senate_REP,REP,Dave Wallace,23226,6.1,2,False,wallace d
2016_MD_Senate_REP,REP,Sean Connor,21727,5.7,2,False,connor s
2016_MD_Senate_REP,REP,Lynn Richardson,20792,5.5,2,False,richardson l
2016_MD_Senate_REP,REP,John Graziani,16722,4.4,2,False,graziani j
2016_MD_Senate_REP,REP,Greg Holmes,16148,4.3,2,False,holmes g
2016_MD_Senate_REP,REP,Mark McNicholas,9988,2.6,2,False,mcnicholas m
2016_MD_Senate_REP,REP,Joe Hooe,8282,2.2,2,False,hooe j
2016_MD_Senate_REP,REP,Anthony Seda,3873,1.0,2,False,seda a
2016_MD_Senate_REP,REP,Richard Shawver,3155,0.8,2,False,shawver r
2016_MD_Senate_REP,REP,Garry Yarrington,2988,0.8,2,False,yarrington g
2016_MO_Governor_DEM,DEM,Chris Koster,256272,78.75,1,True,koster c
2016_MO_Governor_DEM,DEM,Eric Morrison,31474,9.67,1,False,morrison e
2016_MO_Governor_DEM,DEM,Charles Wheeler,25756,7.92,1,False,wheeler c
2016_MO_Governor_DEM,DEM,Leonard Steinman,11911,3.66,1,False,steinman l
2016_MO_Governor_REP,REP,Eric Greitens,236481,34.56,2,True,greitens e
2016_MO_Governor_REP,REP,John Brunner,169620,24.79,2,False,brunner j
2016_MO_Governor_REP,REP,Peter Kinder,141629,20.7,2,False,kinder p
2016_MO_Governor_REP,REP,Catherine Hanaway,136521,19.95,2,False,hanaway c
2016_MO_Senate_REP,REP,Roy Blunt,481444,72.55,1,True,blunt r
2016_MO_Senate_REP,REP,Kristi Nichols,134025,20.2,1,False,nichols k
2016_MO_Senate_REP,REP,Ryan Luethy,29328,4.42,1,False,luethy r
2016_MO_Senate_REP,REP,Bernie Mowinski,18789,2.83,1,False,mowinski b
2016_MO_Senate_DEM,DEM,Jason Kander,223492,69.87,2,True,kander j
2016_MO_Senate_DEM,DEM,Cori Bush,42453,13.27,2,False,bush c
2016_MO_Senate_DEM,DEM,Chief Wana Dubie,30432,9.51,2,False,dubie c
2016_MO_Senate_DEM,DEM,Robert Mack,23509,7.35,2,False,mack r
2016_MT_Governor_DEM,DEM,Steve Bullock,109450,91.3,1,True,bullock s
2016_MT_Governor_DEM,DEM,Bill McChesney,10486,8.7,1,False,mcchesney b
2016_MT_Governor_REP,REP,Greg Gianforte,109882,76.4,2,True,gianforte g
2016_MT_Governor_REP,REP,Terry Nelson,33987,23.6,2,False,nelson t
2016_NC_Governor_REP,REP,Pat McCrory,869114,82.0,1,True,mccrory p
2016_NC_Governor_REP,REP,Robert Brawley,112624,11.0,1,False,brawley r
2016_NC_Governor_REP,REP,Charles Moss,81315,7.0,1,False,moss c
2016_NC_Governor_DEM,DEM,Roy Cooper,710658,69.0,2,True,cooper r
2016_NC_Governor_DEM,DEM,Kenneth Spaulding,323774,31.0,2,False,spaulding k
2016_NC_Senate_REP,REP,Richard Burr,622074,61.41,1,True,burr r
2016_NC_Senate_REP,REP,Greg Brannon,255030,25.17,1,False,brannon g
2016_NC_Senate_REP,REP,Paul Wright,85944,8.48,1,False,wright p
2016_NC_Senate_REP,REP,Larry Holmquist,50010,4.94,1,False,holmquist l
2016_NC_Senate_DEM,DEM,Deborah Ross,614414,62.32,2,True,ross d
2016_NC_Senate_DEM,DEM,Chris Rey,162869,16.52,2,False,rey c
2016_NC_Senate_DEM,DEM,Kevin Griffin,115618,11.73,2,False,griffin k
2016_NC_Senate_DEM,DEM,Ernest Reeves,93005,9.43,2,False,reeves e
2016_ND_Governor_REP,REP,Doug Burgum,68042,59.47,3,True,burgum d
2016_ND_Governor_REP,REP,Wayne Stenehjem,44158,38.59,3,False,stenehjem w
2016_ND_Governor_REP,REP,Paul Sorum,2164,1.89,3,False,sorum p
2016_ND_Governor_REP,REP,Write-in,51,0.04,3,False,writein
2016_ND_Senate_REP,REP,John Hoeven,103677,99.57,1,True,hoeven j
2016_ND_Senate_REP,REP,Write-in,445,0.43,1,False,writein
2016_NH_Governor_DEM,DEM,Colin Van Ostern,37696,51.99,1,True,ostern c
2016_NH_Governor_DEM,DEM,Steve Marchand,18338,25.29,1,False,marchand s
2016_NH_Governor_DEM,DEM,Mark Connolly,14840,20.47,1,False,connolly m
2016_NH_Governor_DEM,DEM,Ian Freeman,1069,1.47,1,False,freeman i
2016_NH_Governor_DEM,DEM,Derek Dextraze,557,0.77,1,False,dextraze d
2016_NH_Governor_REP,REP,Chris Sununu,34137,30.68,2,True,sununu c
2016_NH_Governor_REP,REP,Frank Edelblut,33149,29.79,2,False,edelblut f
2016_NH_Governor_REP,REP,Ted Gatsas,22840,20.53,2,False,gatsas t
2016_NH_Governor_REP,REP,Jeanie Forrester,19716,17.72,2,False,forrester j
2016_NH_Governor_REP,REP,John Lavoie,1429,1.28,2,False,lavoie j
2016_NV_Senate_DEM,DEM,Catherine Cortez Masto,81944,81.0,1,True,masto c
2016_NV_Senate_DEM,DEM,Allen Rheinhart,5645,6.0,1,False,rheinhart a
2016_NV_Senate_DEM,DEM,None of these candidates,5498,5.0,1,False,candidates n
2016_NV_Senate_DEM,DEM,Liddo Susan O'Briant,4834,5.0,1,False,obriant l
2016_NV_Senate_DEM,DEM,Bobby Mahendra,3760,3.0,1,False,mahendra b
2016_NV_Senate_REP,REP,Joe Heck,74517,65.0,2,True,heck j
2016_NV_Senate_REP,REP,Sharron Angle,26142,23.0,2,False,angle s
2016_NV_Senate_REP,REP,None of these candidates,3902,3.0,2,False,candidates n
2016_NV_Senate_REP,REP,Thomas Heck,3570,3.0,2,False,heck t
2016_NV_Senate_REP,REP,Eddie Hamilton,2507,2.0,2,False,hamilton e
2016_NV_Senate_REP,REP,D'Nese Davis,1937,1.8,2,False,davis d
2016_NV_Senate_REP,REP,Bill Tarbell,1179,1.0,2,False,tarbell b
2016_NV_Senate_REP,REP,Robert Leeds,662,0.6,2,False,leeds r
2016_NV_Senate_REP,REP,Juston Preble,582,0.5,2,False,preble j
2016_NV_Senate_REP,REP,Carlo Poliak,279,0.2,2,False,poliak c
2016_OH_Senate_REP,REP,Rob Portman,1336686,82.16,1,True,portman r
2016_OH_Senate_REP,REP,Don Elijah Eckhart,290268,17.84,1,False,eckhart d
2016_OH_Senate_DEM,DEM,Ted Strickland,742676,65.04,2,True,strickland t
2016_OH_Senate_DEM,DEM,P.G. Sittenfeld,254232,22.26,2,False,sittenfeld p
2016_OH_Senate_DEM,DEM,Kelli Prather,144945,12.69,2,False,prather k
2016_OR_Governor_DEM,DEM,Kate Brown,494890,83.03,1,True,brown k
2016_OR_Governor_DEM,DEM,Julian Bell,49313,8.27,1,False,bell j
2016_OR_Governor_DEM,DEM,Dave Stauffer,16108,2.7,1,False,stauffer d
2016_OR_Governor_DEM,DEM,Steve Johnson,13363,2.24,1,False,johnson s
2016_OR_Governor_DEM,DEM,Kevin M. Forsythe,10147,1.7,1,False,forsythe k
2016_OR_Governor_DEM,DEM,Chet Chance,5636,0.95,1,False,chance c
2016_OR_Governor_DEM,DEM,Write-ins,6595,1.11,1,False,writeins
2016_OR_Governor_REP,REP,William C. Pierce,171158,47.66,2,True,pierce w
2016_OR_Governor_REP,REP,Allen Alley,103388,28.79,2,False,alley a
2016_OR_Governor_REP,REP,Bruce Cuff,41598,11.58,2,False,cuff b
2016_OR_Governor_REP,REP,Bob Niemeyer,35669,9.93,2,False,niemeyer b
2016_OR_Governor_REP,REP,Bob Forthan,4290,1.19,2,False,forthan b
2016_OR_Governor_REP,REP,Write-ins,3020,0.84,2,False,writeins
2016_OR_Senate_DEM,DEM,Ronald Wyden,501903,83.2,1,True,wyden r
2016_OR_Senate_DEM,DEM,Kevin Stine,78287,12.98,1,False,stine k
2016_OR_Senate_DEM,DEM,Paul Weaver,20346,3.37,1,False,weaver p
2016_OR_Senate_REP,REP,Mark Callahan,123473,38.24,2,True,callahan m
2016_OR_Senate_REP,REP,Sam Carpenter,104494,32.36,2,False,carpenter s
2016_OR_Senate_REP,REP,Faye Stewart,57399,17.78,2,False,stewart f
2016_OR_Senate_REP,REP,Dan Laschober,34157,10.58,2,False,laschober d
2016_PA_Senate_REP,REP,Pat Toomey,1342941,100.0,1,True,toomey p
2016_PA_Senate_DEM,DEM,Katie McGinty,669774,42.5,2,True,mcginty k
2016_PA_Senate_DEM,DEM,Joe Sestak,513221,32.57,2,False,sestak j
2016_PA_Senate_DEM,DEM,John Fetterman,307090,19.49,2,False,fetterman j
2016_PA_Senate_DEM,DEM,Joseph Vodvarka,85837,5.45,2,False,vodvarka j
2016_UT_Senate_DEM,DEM,Misty K. Snow,28928,59.4,1,True,snow m
2016_UT_Senate_DEM,DEM,Jonathan Swinton,19774,40.6,1,False,swinton j
2016_VT_Governor_DEM,DEM,Sue Minter,35979,51.2,1,True,minter s
2016_VT_Governor_DEM,DEM,Matt Dunne,26699,38.0,1,False,dunne m
2016_VT_Governor_DEM,DEM,Peter Galbraith,6616,9.4,1,False,galbraith p
2016_VT_Governor_DEM,DEM,Cris Ericson,538,0.8,1,False,ericson c
2016_VT_Governor_DEM,DEM,H. Brooke Paige,387,0.6,1,False,paige h
2016_VT_Governor_DEM,DEM,Write-ins,579,1.84,1,False,writeins
2016_VT_Governor_REP,REP,Phil Scott,27669,60.5,2,True,scott p
2016_VT_Governor_REP,REP,Bruce Lisman,18055,39.5,2,False,lisman b
2016_VT_Governor_REP,REP,Write-ins,48,0.22,2,False,writeins
2016_VT_Senate_DEM,DEM,Patrick Leahy,62412,89.15,1,True,leahy p
2016_VT_Senate_DEM,DEM,Cris Ericson,7595,10.85,1,False,ericson c
2016_WI_Senate_DEM,DEM,Russ Feingold,303282,90.14,1,True,feingold r
2016_WI_Senate_DEM,DEM,Scott Harbach,33185,9.86,1,False,harbach s
2016_WV_Governor_DEM,DEM,Jim Justice,132704,51.39,1,True,justice j
2016_WV_Governor_DEM,DEM,Booth Goodwin,65416,25.32,1,False,goodwin b
2016_WV_Governor_DEM,DEM,Jeff Kessler,60230,23.31,1,False,kessler j
2016_WV_Governor_REP,REP,Bill Cole,161127,100.0,2,True,cole b
2018_AK_Governor_DEM,DEM,Mark Begich,33451,85.3,1,True,begich m
2018_AK_Governor_REP,REP,Mike Dunleavy,43802,61.5,2,True,dunleavy m
2018_AK_Governor_REP,REP,Mead Treadwell,22780,32.0,2,False,treadwell m
2018_AK_Governor_REP,REP,Michael Sheldon,1640,2.3,2,False,sheldon m
2018_AK_Governor_REP,REP,Merica Hlatcu,1064,1.5,2,False,hlatcu m
2018_AK_Governor_REP,REP,Thomas Gordon,884,1.4,2,False,gordon t
2018_AK_Governor_REP,REP,Gerald Heikes,499,0.7,2,False,heikes g
2018_AK_Governor_REP,REP,Darin Colbry,416,0.6,2,False,colbry d
2018_AL_Governor_REP,REP,Kay Ivey,330743,56.1,1,True,ivey k
2018_AL_Governor_REP,REP,Tommy Battle,146887,24.92,1,False,battle t
2018_AL_Governor_REP,REP,Scott Dawson,79302,13.45,1,False,dawson s
2018_AL_Governor_REP,REP,Bill Hightower,29275,4.97,1,False,hightower b
2018_AL_Governor_REP,REP,Michael McAllister,3326,0.56,1,False,mcallister m
2018_AL_Governor_DEM,DEM,Walt Maddox,154559,54.6,2,True,maddox w
2018_AL_Governor_DEM,DEM,Sue Bell Cobb,82043,28.98,2,False,cobb s
2018_AL_Governor_DEM,DEM,James Fields,22635,8.0,2,False,fields j
2018_AL_Governor_DEM,DEM,Anthony White,9677,3.42,2,False,white a
2018_AL_Governor_DEM,DEM,"Doug ""New Blue"" Smith",9244,3.27,2,False,smith d
2018_AL_Governor_DEM,DEM,Christopher Countryman,4923,1.74,2,False,countryman c
2018_AR_Governor_REP,REP,Asa Hutchinson,145251,69.7,1,True,hutchinson a
2018_AR_Governor_REP,REP,Jan Morgan,63009,30.3,1,False,morgan j
2018_AR_Governor_DEM,DEM,Jared Henderson,68340,63.4,2,True,henderson j
2018_AR_Governor_DEM,DEM,Leticia Sanders,39382,36.6,2,False,sanders l
2018_AZ_Governor_REP,REP,Doug Ducey,463672,70.7,1,True,ducey d
2018_AZ_Governor_REP,REP,Ken Bennett,191775,29.3,1,False,bennett k
2018_AZ_Governor_REP,REP,Robert Weber,91,0.0,1,False,weber r
2018_AZ_Governor_DEM,DEM,David Garcia,255555,50.6,2,True,garcia d
2018_AZ_Governor_DEM,DEM,Steve Farley,163072,32.3,2,False,farley s
2018_AZ_Governor_DEM,DEM,Kelly Fryer,86810,17.2,2,False,fryer k
2018_AZ_Governor_DEM,DEM,Mirza Fareed Baig,44,0.0,2,False,baig m
2018_AZ_Senate_REP,REP,Martha McSally,357626,54.57,1,True,mcsally m
2018_AZ_Senate_REP,REP,Kelli Ward,180926,27.61,1,False,ward k
2018_AZ_Senate_REP,REP,Joe Arpaio,116555,17.79,1,False,arpaio j
2018_AZ_Senate_DEM,DEM,Kyrsten Sinema,404170,79.25,2,True,sinema k
2018_AZ_Senate_DEM,DEM,Deedra Abboud,105800,20.75,2,False,abboud d
2018_CO_Governor_DEM,DEM,Jared Polis,282725,44.46,1,True,polis j
2018_CO_Governor_DEM,DEM,Cary Kennedy,157098,24.71,1,False,kennedy c
2018_CO_Governor_DEM,DEM,Mike Johnston,149717,23.55,1,False,johnston m
2018_CO_Governor_DEM,DEM,Donna Lynne,46316,7.28,1,False,lynne d
2018_CO_Governor_REP,REP,Walker Stapleton,239415,47.66,2,True,stapleton w
2018_CO_Governor_REP,REP,Victor Mitchell,151365,30.13,2,False,mitchell v
2018_CO_Governor_REP,REP,Greg Lopez,66330,13.2,2,False,lopez g
2018_CO_Governor_REP,REP,Doug Robinson,45245,9.01,2,False,robinson d
2018_CT_Governor_DEM,DEM,Susan Bysiewicz,129928,62.2,2,True,bysiewicz s
2018_CT_Governor_DEM,DEM,Eva Bermúdez Zimmerman,79021,37.8,2,False,zimmerman e
2018_CT_Governor_REP,REP,Joe Markley,65702,47.6,4,True,markley j
2018_CT_Governor_REP,REP,Erin Stewart,45262,32.8,4,False,stewart e
2018_CT_Governor_REP,REP,Jayme Stevenson,27139,19.7,4,False,stevenson j
2018_CT_Senate_REP,REP,Matthew Corey,99899,76.54,1,True,corey m
2018_CT_Senate_REP,REP,Dominic Rapini,30624,23.46,1,False,rapini d
2018_DE_Senate_DEM,DEM,Tom Carper,53633,64.59,1,True,carper t
2018_DE_Senate_DEM,DEM,Kerri Evelyn Harris,29406,35.41,1,False,harris k
2018_DE_Senate_REP,REP,Rob Arlett,25284,66.77,2,True,arlett r
2018_DE_Senate_REP,REP,Gene Truono,10587,27.96,2,False,truono g
2018_DE_Senate_REP,REP,Rocky De La Fuente,1998,5.28,2,False,fuente r
2018_FL_Governor_REP,REP,Ron DeSantis,916298,56.5,1,True,desantis r
2018_FL_Governor_REP,REP,Adam Putnam,592518,36.5,1,False,putnam a
2018_FL_Governor_REP,REP,Bob White,32710,2.0,1,False,white b
2018_FL_Governor_REP,REP,Timothy M. Devine,21380,1.3,1,False,devine t
2018_FL_Governor_REP,REP,Bob Langford,19842,1.2,1,False,langford b
2018_FL_Governor_REP,REP,Bruce Nathan,14556,0.9,1,False,nathan b
2018_FL_Governor_REP,REP,Don Baldauf,13173,0.8,1,False,baldauf d
2018_FL_Governor_REP,REP,John Joseph Mercadante,11647,0.7,1,False,mercadante j
2018_FL_Governor_DEM,DEM,Andrew Gillum,517417,34.3,2,True,gillum a
2018_FL_Governor_DEM,DEM,Gwen Graham,472735,31.3,2,False,graham g
2018_FL_Governor_DEM,DEM,Philip Levine,306450,20.3,2,False,levine p
2018_FL_Governor_DEM,DEM,Jeff Greene,151935,10.1,2,False,greene j
2018_FL_Governor_DEM,DEM,Chris King,37464,2.5,2,False,king c
2018_FL_Governor_DEM,DEM,John Wetherbee,14355,1.0,2,False,wetherbee j
2018_FL_Governor_DEM,DEM,"Alex ""Lundy"" Lundmark",8628,0.6,2,False,lundmark a
2018_FL_Senate_REP,REP,Rick Scott,1456187,88.61,1,True,scott r
2018_FL_Senate_REP,REP,Rocky De La Fuente,187209,11.39,1,False,fuente r
2018_GA_Governor_REP,REP,Brian Kemp,408595,69.45,2,True,kemp b
2018_GA_Governor_REP,REP,Casey Cagle,179712,30.55,2,False,cagle c
2018_GA_Governor_DEM,DEM,Stacey Abrams,424305,76.44,3,True,abrams s
2018_GA_Governor_DEM,DEM,Stacey Evans,130784,23.56,3,False,evans s
2018_HI_Governor_DEM,DEM,David Ige,124572,51.4,1,True,ige d
2018_HI_Governor_DEM,DEM,Colleen Hanabusa,107631,44.4,1,False,hanabusa c
2018_HI_Governor_DEM,DEM,Ernest Caravalho,5662,2.3,1,False,caravalho e
2018_HI_Governor_DEM,DEM,Wendell Ka'ehu'ae'a,2298,0.9,1,False,kaehuaea w
2018_HI_Governor_DEM,DEM,Richard Kim,1576,0.6,1,False,kim r
2018_HI_Governor_DEM,DEM,Van Tanabe,775,0.3,1,False,tanabe v
2018_HI_Governor_REP,REP,Andria Tupola,17297,55.5,2,True,tupola a
2018_HI_Governor_REP,REP,John Carroll,10974,35.2,2,False,carroll j
2018_HI_Governor_REP,REP,Ray L'Heureux,2885,9.3,2,False,lheureux r
2018_IA_Governor_REP,REP,Kim Reynolds,94118,98.63,1,True,reynolds k
2018_IA_Governor_REP,REP,Write-ins,1307,1.37,1,False,writeins
2018_IA_Governor_DEM,DEM,Fred Hubbell,99245,55.41,2,True,hubbell f
2018_IA_Governor_DEM,DEM,Cathy Glasson,36815,20.55,2,False,glasson c
2018_IA_Governor_DEM,DEM,John Norris,20498,11.44,2,False,norris j
2018_IA_Governor_DEM,DEM,Andy McGuire,9404,5.25,2,False,mcguire a
2018_IA_Governor_DEM,DEM,Nate Boulton,9082,5.07,2,False,boulton n
2018_IA_Governor_DEM,DEM,Ross Wilburn,3880,2.17,2,False,wilburn r
2018_IA_Governor_DEM,DEM,Write-ins,200,0.01,2,False,writeins
2018_ID_Governor_REP,REP,Brad Little,72518,37.3,1,True,little b
2018_ID_Governor_REP,REP,Raúl Labrador,63460,32.6,1,False,labrador r
2018_ID_Governor_REP,REP,Tommy Ahlquist,50977,26.2,1,False,ahlquist t
2018_ID_Governor_REP,REP,Lisa Marie,3390,1.7,1,False,marie l
2018_ID_Governor_REP,REP,Steve Pankey,2701,1.4,1,False,pankey s
2018_ID_Governor_REP,REP,Harley Brown,874,0.4,1,False,brown h
2018_ID_Governor_REP,REP,Dalton Cannady,528,0.3,1,False,cannady d
2018_ID_Governor_DEM,DEM,Paulette Jordan,38483,58.4,2,True,jordan p
2018_ID_Governor_DEM,DEM,A.J. Balukoff,26403,40.1,2,False,balukoff a
2018_ID_Governor_DEM,DEM,Peter Dill,964,1.5,2,False,dill p
2018_IL_Governor_REP,REP,Bruce Rauner,372124,51.53,1,True,rauner b
2018_IL_Governor_REP,REP,Jeanne Ives,350038,48.47,1,False,ives j
2018_IL_Governor_DEM,DEM,JB Pritzker,597756,45.13,2,True,pritzker j
2018_IL_Governor_DEM,DEM,Daniel Biss,353625,26.7,2,False,biss d
2018_IL_Governor_DEM,DEM,Chris Kennedy,322730,24.37,2,False,kennedy c
2018_IL_Governor_DEM,DEM,Tio Hardiman,21075,1.59,2,False,hardiman t
2018_IL_Governor_DEM,DEM,Bob Daiber,15009,1.13,2,False,daiber b
2018_IL_Governor_DEM,DEM,Robert Marshall,14353,1.08,2,False,marshall r
2018_IN_Senate_DEM,DEM,Joe Donnelly,284621,100.0,1,True,donnelly j
2018_IN_Senate_REP,REP,Mike Braun,208602,41.17,2,True,braun m
2018_IN_Senate_REP,REP,Todd Rokita,151967,29.99,2,False,rokita t
2018_IN_Senate_REP,REP,Luke Messer,146131,28.84,2,False,messer l
2018_KS_Governor_REP,REP,Kris Kobach,128838,40.62,1,True,kobach k
2018_KS_Governor_REP,REP,Jeff Colyer,128488,40.51,1,False,colyer j
2018_KS_Governor_REP,REP,Jim Barnett,27993,8.83,1,False,barnett j
2018_KS_Governor_REP,REP,Ken Selzer,24807,7.82,1,False,selzer k
2018_KS_Governor_REP,REP,Patrick Kucera,3212,1.01,1,False,kucera p
2018_KS_Governor_REP,REP,Tyler Ruzich,2276,0.72,1,False,ruzich t
2018_KS_Governor_REP,REP,Joseph Tutera Jr.,1559,0.49,1,False,tutera j
2018_KS_Governor_DEM,DEM,Laura Kelly,78746,51.5,2,True,kelly l
2018_KS_Governor_DEM,DEM,Carl Brewer,30693,20.1,2,False,brewer c
2018_KS_Governor_DEM,DEM,Josh Svaty,26722,17.5,2,False,svaty j
2018_KS_Governor_DEM,DEM,Arden Andersen,12845,8.4,2,False,andersen a
2018_KS_Governor_DEM,DEM,Jack Bergeson,3850,2.5,2,False,bergeson j
2018_MA_Governor_REP,REP,Charlie Baker,174126,63.78,2,True,baker c
2018_MA_Governor_REP,REP,Scott Lively,98421,36.05,2,False,lively s
2018_MA_Governor_REP,REP,All others,464,0.17,2,False,others a
2018_MA_Governor_DEM,DEM,Jay Gonzalez,348434,63.17,3,True,gonzalez j
2018_MA_Governor_DEM,DEM,Bob Massie,192404,34.88,3,False,massie b
2018_MA_Senate_DEM,DEM,Elizabeth Warren,590835,98.08,1,True,warren e
2018_MA_Senate_REP,REP,Geoff Diehl,144043,55.15,2,True,diehl g
2018_MA_Senate_REP,REP,John Kingston,69636,26.66,2,False,kingston j
2018_MA_Senate_REP,REP,Beth Lindstrom,46693,17.88,2,False,lindstrom b
2018_MD_Governor_REP,REP,Larry Hogan,210935,100.0,1,True,hogan l
2018_MD_Governor_DEM,DEM,Ben Jealous,231895,39.6,2,True,jealous b
2018_MD_Governor_DEM,DEM,Rushern Baker,171696,29.3,2,False,baker r
2018_MD_Governor_DEM,DEM,Jim Shea,48647,8.3,2,False,shea j
2018_MD_Governor_DEM,DEM,Krish O'Mara Vignarajah,48041,8.2,2,False,vignarajah k
2018_MD_Governor_DEM,DEM,Richard Madaleno,34184,5.8,2,False,madaleno r
2018_MD_Governor_DEM,DEM,Kevin Kamenetz,18851,3.2,2,False,kamenetz k
2018_MD_Governor_DEM,DEM,Alec Ross,13780,2.4,2,False,ross a
2018_MD_Governor_DEM,DEM,Ralph Jaffe,9405,1.6,2,False,jaffe r
2018_MD_Governor_DEM,DEM,James Jones,9188,1.6,2,False,jones j
2018_MD_Senate_DEM,DEM,Ben Cardin,447441,79.24,1,True,cardin b
2018_MD_Senate_DEM,DEM,Chelsea Manning,34611,6.13,1,False,manning c
2018_MD_Senate_DEM,DEM,Jerome Segal,20027,3.55,1,False,segal j
2018_MD_Senate_DEM,DEM,Debbie Wilson,18953,3.36,1,False,wilson d
2018_MD_Senate_DEM,DEM,Marcia H. Morgan,16047,2.84,1,False,morgan m
2018_MD_Senate_DEM,DEM,Lih Young,9874,1.75,1,False,young l
2018_MD_Senate_DEM,DEM,Richard Vaughn,9480,1.68,1,False,vaughn r
2018_MD_Senate_DEM,DEM,Erik Jetmir,8259,1.46,1,False,jetmir e
2018_MD_Senate_REP,REP,Tony Campbell,51426,29.22,2,True,campbell t
2018_MD_Senate_REP,REP,Chris Chaffee,42328,24.05,2,False,chaffee c
2018_MD_Senate_REP,REP,Christina J. Grigorian,30786,17.49,2,False,grigorian c
2018_MD_Senate_REP,REP,John Graziani,15435,8.77,2,False,graziani j
2018_MD_Senate_REP,REP,Blaine Taylor,8848,5.03,2,False,taylor b
2018_MD_Senate_REP,REP,"Gerald I. Smith, Jr.",7564,4.3,2,False,smith g
2018_MD_Senate_REP,REP,Brian Vaeth,5411,3.08,2,False,vaeth b
2018_MD_Senate_REP,REP,Evan M. Cronhardt,4445,2.53,2,False,cronhardt e
2018_MD_Senate_REP,REP,Bill Krehnbrink,3606,2.05,2,False,krehnbrink b
2018_MD_Senate_REP,REP,Nnabu Eze,3442,1.96,2,False,eze n
2018_MD_Senate_REP,REP,Albert Howard,2720,1.55,2,False,howard a
2018_ME_Governor_REP,REP,Shawn Moody,53436,52.6,1,True,moody s
2018_ME_Governor_REP,REP,Garrett Mason,21571,21.2,1,False,mason g
2018_ME_Governor_REP,REP,Mary Mayhew,14034,13.8,1,False,mayhew m
2018_ME_Governor_REP,REP,Blank ballots,7203,7.1,1,False,ballots b
2018_ME_Governor_REP,REP,Ken Fredette,5341,5.3,1,False,fredette k
2018_ME_Governor_DEM,DEM,Janet Mills,41735,33.1,2,True,mills j
2018_ME_Governor_DEM,DEM,Adam Cote,35478,28.1,2,False,cote a
2018_ME_Governor_DEM,DEM,Betsy Sweet,20767,16.5,2,False,sweet b
2018_ME_Governor_DEM,DEM,Mark Eves,17887,14.2,2,False,eves m
2018_ME_Governor_DEM,DEM,Mark Dion,5200,4.1,2,False,dion m
2018_ME_Governor_DEM,DEM,Diane Russell,2728,2.2,2,False,russell d
2018_ME_Governor_DEM,DEM,Donna Dion,1596,1.3,2,False,dion d
2018_ME_Governor_DEM,DEM,Write-ins,748,0.6,2,False,writeins
2018_ME_Senate_REP,REP,Eric Brakey,59853,58.92,1,True,brakey e
2018_ME_Senate_REP,REP,Blank ballots,41732,41.08,1,False,ballots b
2018_ME_Senate_DEM,DEM,Zak Ringelstein,89841,67.65,2,True,ringelstein z
2018_ME_Senate_DEM,DEM,Blank ballots,42955,32.35,2,False,ballots b
2018_MI_Governor_REP,REP,Bill Schuette,501959,50.7,1,True,schuette b
2018_MI_Governor_REP,REP,Brian Calley,249185,25.2,1,False,calley b
2018_MI_Governor_REP,REP,Patrick Colbeck,129646,13.1,1,False,colbeck p
2018_MI_Governor_REP,REP,Jim Hines,108735,11.0,1,False,hines j
2018_MI_Governor_DEM,DEM,Gretchen Whitmer,588436,52.0,2,True,whitmer g
2018_MI_Governor_DEM,DEM,Abdul El-Sayed,342179,30.2,2,False,elsayed a
2018_MI_Governor_DEM,DEM,Shri Thanedar,200645,17.7,2,False,thanedar s
2018_MI_Senate_DEM,DEM,Debbie Stabenow,1045450,100.0,1,True,stabenow d
2018_MI_Senate_REP,REP,John James,518564,54.67,2,True,james j
2018_MI_Senate_REP,REP,Sandy Pensler,429885,45.32,2,False,pensler s
2018_MN_Governor_REP,REP,Jeff Johnson,168841,52.61,2,True,johnson j
2018_MN_Governor_REP,REP,Tim Pawlenty,140743,43.86,2,False,pawlenty t
2018_MN_Governor_REP,REP,Mathew Kruse,11330,3.53,2,False,kruse m
2018_MN_Senate_REP,REP,Jim Newberger,201531,69.5,2,True,newberger j
2018_MN_Senate_REP,REP,Merrill Anderson,45492,15.69,2,False,anderson m
2018_MN_Senate_REP,REP,Rae Hart Anderson,25883,8.93,2,False,anderson r
2018_MN_Senate_REP,REP,"Roque ""Rocky"" de la Fuente",17051,5.88,2,False,fuente r
2018_MO_Senate_DEM,DEM,Claire McCaskill,501872,82.6,1,True,mccaskill c
2018_MO_Senate_DEM,DEM,Carla Wright,41126,6.77,1,False,wright c
2018_MO_Senate_DEM,DEM,John Hogan,15984,2.63,1,False,hogan j
2018_MO_Senate_DEM,DEM,David Faust,15958,2.63,1,False,faust d
2018_MO_Senate_DEM,DEM,Angelica Earl,15500,2.55,1,False,earl a
2018_MO_Senate_DEM,DEM,Travis Gonzalez,9480,1.56,1,False,gonzalez t
2018_MO_Senate_DEM,DEM,Leonard Steinman,7657,1.26,1,False,steinman l
2018_MO_Senate_REP,REP,Josh Hawley,389878,58.64,2,True,hawley j
2018_MO_Senate_REP,REP,Tony Monetti,64834,9.75,2,False,monetti t
2018_MO_Senate_REP,REP,Austin Petersen,54916,8.26,2,False,petersen a
2018_MO_Senate_REP,REP,Kristi Nichols,49640,7.47,2,False,nichols k
2018_MO_Senate_REP,REP,Christina Smith,35024,5.27,2,False,smith c
2018_MO_Senate_REP,REP,Ken Patterson,19579,2.95,2,False,patterson k
2018_MO_Senate_REP,REP,Peter Pfeifer,16594,2.5,2,False,pfeifer p
2018_MO_Senate_REP,REP,Courtland Sykes,13870,2.09,2,False,sykes c
2018_MO_Senate_REP,REP,Fred Ryman,8781,1.32,2,False,ryman f
2018_MO_Senate_REP,REP,Brian Hagg,6871,1.03,2,False,hagg b
2018_MO_Senate_REP,REP,Bradley Krembs,4902,0.74,2,False,krembs b
2018_MS_Senate_REP,REP,Roger Wicker,130118,82.79,1,True,wicker r
2018_MS_Senate_REP,REP,Richard Boyanton,27052,17.21,1,False,boyanton r
2018_MS_Senate_DEM,DEM,David Baria,44156,58.64,3,True,baria d
2018_MS_Senate_DEM,DEM,Howard Sherman,31149,41.36,3,False,sherman h
2018_MT_Senate_DEM,DEM,Jon Tester,114948,100.0,1,True,tester j
2018_MT_Senate_REP,REP,Matt Rosendale,51859,33.82,2,True,rosendale m
2018_MT_Senate_REP,REP,Russ Fagg,43465,28.34,2,False,fagg r
2018_MT_Senate_REP,REP,Troy Downing,29341,19.13,2,False,downing t
2018_MT_Senate_REP,REP,Al Olszewski,28681,18.7,2,False,olszewski a
2018_ND_Senate_REP,REP,Kevin Cramer,61529,87.73,2,True,cramer k
2018_ND_Senate_REP,REP,Thomas O'Neill,8509,12.13,2,False,oneill t
2018_ND_Senate_REP,REP,Write-ins,95,0.14,2,False,writeins
2018_NE_Senate_REP,REP,Deb Fischer,128157,75.79,1,True,fischer d
2018_NE_Senate_REP,REP,Todd F. Watson,19661,11.63,1,False,watson t
2018_NE_Senate_REP,REP,Jack Heidel,9413,5.57,1,False,heidel j
2018_NE_Senate_REP,REP,Jeffrey Lynn Stein,6380,3.77,1,False,stein j
2018_NE_Senate_REP,REP,Dennis Frank Macek,5483,3.24,1,False,macek d
2018_NE_Senate_DEM,DEM,Jane Raybould,59067,63.75,2,True,raybould j
2018_NE_Senate_DEM,DEM,Chris Janicek,18752,20.24,2,False,janicek c
2018_NE_Senate_DEM,DEM,Frank B. Svoboda,10548,11.38,2,False,svoboda f
2018_NE_Senate_DEM,DEM,Larry Marvin,4393,4.74,2,False,marvin l
2018_NJ_Senate_DEM,DEM,Bob Menendez,262477,62.28,1,True,menendez b
2018_NJ_Senate_DEM,DEM,Lisa McCormick,158998,37.72,1,False,mccormick l
2018_NJ_Senate_REP,REP,Bob Hugin,168052,75.13,2,True,hugin b
2018_NJ_Senate_REP,REP,Brian Goldberg,55624,24.87,2,False,goldberg b
2018_NM_Governor_REP,REP,Steve Pearce,75162,100.0,1,True,pearce s
2018_NM_Governor_DEM,DEM,Michelle Lujan Grisham,116754,66.38,2,True,grisham m
2018_NM_Governor_DEM,DEM,Jeff Apodaca,38975,22.16,2,False,apodaca j
2018_NM_Governor_DEM,DEM,Joe Cervantes,20169,11.47,2,False,cervantes j
2018_NM_Senate_DEM,DEM,Martin Heinrich,152145,100.0,1,True,heinrich m
2018_NM_Senate_REP,REP,Mick Rich,67502,100.0,2,True,rich m
2018_NV_Governor_REP,REP,Adam Laxalt,101651,71.49,1,True,laxalt a
2018_NV_Governor_REP,REP,Dan Schwartz,12919,9.09,1,False,schwartz d
2018_NV_Governor_REP,REP,Jared Fisher,6696,4.71,1,False,fisher j
2018_NV_Governor_REP,REP,Stephanie Carlisle,6401,4.5,1,False,carlisle s
2018_NV_Governor_REP,REP,William Boyd,6028,4.24,1,False,boyd w
2018_NV_Governor_REP,REP,Stan Lusak,1011,0.71,1,False,lusak s
2018_NV_Governor_REP,REP,Frederick Conquest,766,0.54,1,False,conquest f
2018_NV_Governor_REP,REP,Edward Dundas,576,0.41,1,False,dundas e
2018_NV_Governor_DEM,DEM,Steve Sisolak,72749,50.03,2,True,sisolak s
2018_NV_Governor_DEM,DEM,Chris Giunchigliani,56511,38.86,2,False,giunchigliani c
2018_NV_Governor_DEM,DEM,John Bonaventura,4351,2.99,2,False,bonaventura j
2018_NV_Governor_DEM,DEM,Henry Thorns,2761,1.9,2,False,thorns h
2018_NV_Governor_DEM,DEM,David Jones,2511,1.73,2,False,jones d
2018_NV_Governor_DEM,DEM,Asheesh Dewan,1468,1.01,2,False,dewan a
2018_NV_Senate_REP,REP,Dean Heller,99509,69.97,1,True,heller d
2018_NV_Senate_REP,REP,Tom Heck,26296,18.49,1,False,heck t
2018_NV_Senate_REP,REP,None of These Candidates,5978,4.2,1,False,candidates n
2018_NV_Senate_REP,REP,Sherry Brooks,5145,3.62,1,False,brooks s
2018_NV_Senate_REP,REP,Sarah Gazala,4011,2.82,1,False,gazala s
2018_NV_Senate_REP,REP,Vic Harrell,1282,0.9,1,False,harrell v
2018_NV_Senate_DEM,DEM,Jacky Rosen,110567,77.11,2,True,rosen j
2018_NV_Senate_DEM,DEM,None of These Candidates,10078,7.03,2,False,candidates n
2018_NV_Senate_DEM,DEM,David Knight,6346,4.43,2,False,knight d
2018_NV_Senate_DEM,DEM,Allen Rheinhart,4782,3.33,2,False,rheinhart a
2018_NV_Senate_DEM,DEM,Jesse Sbaih,4540,3.17,2,False,sbaih j
2018_NV_Senate_DEM,DEM,Bobby Mahendra,3835,2.67,2,False,mahendra b
2018_NV_Senate_DEM,DEM,Danny Burleigh,3244,2.26,2,False,burleigh d
2018_NY_Governor_DEM,DEM,Kathy Hochul,733591,53.3,2,True,hochul k
2018_NY_Governor_DEM,DEM,Jumaane Williams,641633,46.7,2,False,williams j
2018_OH_Governor_REP,REP,Mike DeWine,499639,59.84,1,True,dewine m
2018_OH_Governor_REP,REP,Mary Taylor,335328,40.16,1,False,taylor m
2018_OH_Governor_DEM,DEM,Richard Cordray,428159,62.16,2,True,cordray r
2018_OH_Governor_DEM,DEM,Dennis Kucinich,158284,22.98,2,False,kucinich d
2018_OH_Governor_DEM,DEM,Joe Schiavoni,63131,9.17,2,False,schiavoni j
2018_OH_Governor_DEM,DEM,Bill O'Neill,22667,3.29,2,False,oneill b
2018_OH_Governor_DEM,DEM,Paul Ray Jerry Schroeder,9536,1.38,2,False,schroeder p
2018_OH_Governor_DEM,DEM,Larry Ealy Jeffrey Lynn,7011,1.02,2,False,lynn l
2018_OH_Senate_DEM,DEM,Sherrod Brown,613373,100.0,1,True,brown s
2018_OH_Senate_REP,REP,Jim Renacci,363622,47.34,2,True,renacci j
2018_OH_Senate_REP,REP,Mike Gibbons,243426,31.69,2,False,gibbons m
2018_OH_Senate_REP,REP,Melissa Ackison,100543,13.09,2,False,ackison m
2018_OH_Senate_REP,REP,Dan Kiley,30684,3.99,2,False,kiley d
2018_OH_Senate_REP,REP,Don Eckhart,29796,3.88,2,False,eckhart d
2018_OK_Governor_REP,REP,Kevin Stitt,164892,54.56,2,True,stitt k
2018_OK_Governor_REP,REP,Mick Cornett,137316,45.44,2,False,cornett m
2018_OK_Governor_DEM,DEM,Drew Edmondson,242764,61.4,3,True,edmondson d
2018_OK_Governor_DEM,DEM,Connie Johnson,152730,38.6,3,False,johnson c
2018_OR_Governor_DEM,DEM,Kate Brown,324541,81.9,1,True,brown k
2018_OR_Governor_DEM,DEM,Ed Jones,33464,8.4,1,False,jones e
2018_OR_Governor_DEM,DEM,Candace Neville,29110,7.4,1,False,neville c
2018_OR_Governor_DEM,DEM,Write-ins,8912,2.3,1,False,writeins
2018_OR_Governor_REP,REP,Knute Buehler,144103,45.9,2,True,buehler k
2018_OR_Governor_REP,REP,Sam Carpenter,90572,28.8,2,False,carpenter s
2018_OR_Governor_REP,REP,Greg C. Wooldridge,63049,20.1,2,False,wooldridge g
2018_OR_Governor_REP,REP,Bruce Cuff,4857,1.5,2,False,cuff b
2018_OR_Governor_REP,REP,Jeff Smith,4691,1.5,2,False,smith j
2018_OR_Governor_REP,REP,David Stauffer,2096,0.7,2,False,stauffer d
2018_OR_Governor_REP,REP,Write-ins,1701,0.5,2,False,writeins
2018_OR_Governor_REP,REP,Jonathan Edwards III,861,0.3,2,False,edwards j
2018_OR_Governor_REP,REP,Keenan Bohach,787,0.3,2,False,bohach k
2018_OR_Governor_REP,REP,Brett Hyland,755,0.2,2,False,hyland b
2018_OR_Governor_REP,REP,Jack W. Tacy,512,0.2,2,False,tacy j
2018_PA_Governor_DEM,DEM,John Fetterman,288229,38.0,2,True,fetterman j
2018_PA_Governor_DEM,DEM,Nina Ahmad,182309,23.8,2,False,ahmad n
2018_PA_Governor_DEM,DEM,Kathi Cozzone,142410,18.6,2,False,cozzone k
2018_PA_Governor_DEM,DEM,Mike Stack,127259,16.6,2,False,stack m
2018_PA_Governor_DEM,DEM,Ray Sosa,27427,3.6,2,False,sosa r
2018_PA_Governor_REP,REP,Jeff Bartos,317619,46.8,4,True,bartos j
2018_PA_Governor_REP,REP,Kathy Coder,147805,21.8,4,False,coder k
2018_PA_Governor_REP,REP,Diana Irey Vaughan,119400,17.6,4,False,vaughan d
2018_PA_Governor_REP,REP,Peg Luksik,93667,13.8,4,False,luksik p
2018_PA_Senate_REP,REP,Lou Barletta,433312,63.03,2,True,barletta l
2018_PA_Senate_REP,REP,Jim Christiana,254118,36.97,2,False,christiana j
2018_RI_Governor_DEM,DEM,Gina Raimondo,66978,57.1,1,True,raimondo g
2018_RI_Governor_DEM,DEM,Matt Brown,39300,33.5,1,False,brown m
2018_RI_Governor_DEM,DEM,Spencer Dickinson,10926,9.3,1,False,dickinson s
2018_RI_Governor_REP,REP,Allan Fung,18577,56.4,2,True,fung a
2018_RI_Governor_REP,REP,Patricia Morgan,13208,40.1,2,False,morgan p
2018_RI_Governor_REP,REP,Giovanni Feroce,1147,3.5,2,False,feroce g
2018_RI_Senate_DEM,DEM,Sheldon Whitehouse,89140,76.79,1,True,whitehouse s
2018_RI_Senate_DEM,DEM,Patricia J. Fontes,26947,23.21,1,False,fontes p
2018_RI_Senate_REP,REP,Robert G. Flanders Jr.,26543,87.7,2,True,flanders r
2018_RI_Senate_REP,REP,"Roque ""Rocky"" De La Fuente",3722,12.3,2,False,fuente r
2018_SC_Governor_REP,REP,Henry McMaster,184286,53.63,2,True,mcmaster h
2018_SC_Governor_REP,REP,John Warren,159349,46.37,2,False,warren j
2018_SC_Governor_DEM,DEM,James Smith,148633,61.81,3,True,smith j
2018_SC_Governor_DEM,DEM,Marguerite Willis,66248,27.55,3,False,willis m
2018_SC_Governor_DEM,DEM,Phil Noble,25587,10.64,3,False,noble p
2018_SD_Governor_REP,REP,Kristi Noem,57437,56.0,1,True,noem k
2018_SD_Governor_REP,REP,Marty Jackley,45069,44.0,1,False,jackley m
2018_TN_Governor_REP,REP,Bill Lee,291414,36.75,1,True,lee b
2018_TN_Governor_REP,REP,Randy Boyd,193054,24.35,1,False,boyd r
2018_TN_Governor_REP,REP,Diane Black,182457,23.01,1,False,black d
2018_TN_Governor_REP,REP,Beth Harwell,121484,15.32,1,False,harwell b
2018_TN_Governor_REP,REP,Kay White,3215,0.41,1,False,white k
2018_TN_Governor_REP,REP,Basil Marceaux,1264,0.16,1,False,marceaux b
2018_TN_Governor_DEM,DEM,Karl Dean,280553,75.14,2,True,dean k
2018_TN_Governor_DEM,DEM,Craig Fitzhugh,72553,23.42,2,False,fitzhugh c
2018_TN_Governor_DEM,DEM,Mezianne Vale Payne,20284,5.44,2,False,payne m
2018_TN_Senate_REP,REP,Marsha Blackburn,613513,84.48,1,True,blackburn m
2018_TN_Senate_REP,REP,Aaron Pettigrew,112705,15.52,1,False,pettigrew a
2018_TN_Senate_DEM,DEM,Phil Bredesen,349718,91.51,2,True,bredesen p
2018_TN_Senate_DEM,DEM,Gary Davis,20170,5.28,2,False,davis g
2018_TN_Senate_DEM,DEM,John Wolfe Jr.,12269,3.21,2,False,wolfe j
2018_TX_Governor_REP,REP,Greg Abbott,1392310,90.38,1,True,abbott g
2018_TX_Governor_REP,REP,Barbara Krueger,127549,8.28,1,False,krueger b
2018_TX_Governor_REP,REP,Larry Kilgore,20504,1.33,1,False,kilgore l
2018_TX_Governor_DEM,DEM,Lupe Valdez,227577,53.1,3,True,valdez l
2018_TX_Governor_DEM,DEM,Andrew White,201356,46.9,3,False,white a
2018_TX_Senate_REP,REP,Ted Cruz,1322724,85.36,1,True,cruz t
2018_TX_Senate_REP,REP,Mary Miller,94715,6.11,1,False,miller m
2018_TX_Senate_REP,REP,Bruce Jacobson Jr.,64791,4.18,1,False,jacobson b
2018_TX_Senate_REP,REP,Stefano de Stefano,44456,2.87,1,False,stefano
2018_TX_Senate_REP,REP,Geraldine Sam,22887,1.48,1,False,sam g
2018_TX_Senate_DEM,DEM,Beto O'Rourke,644632,61.81,2,True,orourke b
2018_TX_Senate_DEM,DEM,Sema Hernandez,247424,23.72,2,False,hernandez s
2018_TX_Senate_DEM,DEM,Edward Kimbrough,150858,14.47,2,False,kimbrough e
2018_UT_Senate_REP,REP,Mitt Romney,240021,71.27,1,True,romney m
2018_UT_Senate_REP,REP,Mike Kennedy,96771,28.73,1,False,kennedy m
2018_VA_Senate_REP,REP,Corey Stewart,136610,44.87,1,True,stewart c
2018_VA_Senate_REP,REP,Nick Freitas,131321,43.14,1,False,freitas n
2018_VA_Senate_REP,REP,"Earl Jackson, Sr.",36508,11.99,1,False,jackson e
2018_VT_Governor_REP,REP,Phil Scott,24042,66.67,1,True,scott p
2018_VT_Governor_REP,REP,Keith Stern,11617,32.22,1,False,stern k
2018_VT_Governor_REP,REP,Write-ins,401,1.11,1,False,writeins
2018_VT_Governor_REP,REP,Blank votes,700,,1,False,votes b
2018_VT_Governor_REP,REP,Overvotes,20,,1,False,overvotes
2018_VT_Governor_DEM,DEM,Christine Hallquist,27622,45.07,2,True,hallquist c
2018_VT_Governor_DEM,DEM,James Ehlers,12668,20.67,2,False,ehlers j
2018_VT_Governor_DEM,DEM,Brenda Siegel,12260,20.01,2,False,siegel b
2018_VT_Governor_DEM,DEM,Ethan Sonneborn,4696,7.66,2,False,sonneborn e
2018_VT_Governor_DEM,DEM,John S. Rodgers,950,1.55,2,False,rodgers j
2018_VT_Governor_DEM,DEM,Write-ins,3074,5.02,2,False,writeins
2018_VT_Governor_DEM,DEM,Blank votes,7997,,2,False,votes b
2018_VT_Governor_DEM,DEM,Overvotes,68,,2,False,overvotes
2018_VT_Senate_DEM,DEM,Bernie Sanders,63683,94.02,1,True,sanders b
2018_VT_Senate_DEM,DEM,Folasade Adeluola,3766,5.56,1,False,adeluola f
2018_WI_Governor_REP,REP,Scott Walker,417276,91.54,1,True,walker s
2018_WI_Governor_REP,REP,Robert Meyer,38269,8.4,1,False,meyer r
2018_WI_Governor_REP,REP,Ryan Carson,11,0.0,1,False,carson r
2018_WI_Governor_REP,REP,Adams Nicholas Paul,7,0.0,1,False,paul a
2018_WI_Governor_REP,REP,Scattering,267,0.06,1,False,scattering
2018_WI_Governor_DEM,DEM,Tony Evers,225082,41.77,2,True,evers t
2018_WI_Governor_DEM,DEM,Mahlon Mitchell,87926,16.32,2,False,mitchell m
2018_WI_Governor_DEM,DEM,Kelda Helen Roys,69086,12.82,2,False,roys k
2018_WI_Governor_DEM,DEM,Kathleen Vinehout,44168,8.2,2,False,vinehout k
2018_WI_Governor_DEM,DEM,Mike McCabe,39885,7.4,2,False,mccabe m
2018_WI_Governor_DEM,DEM,Matt Flynn,31580,5.86,2,False,flynn m
2018_WI_Governor_DEM,DEM,Paul Soglin,28158,5.23,2,False,soglin p
2018_WI_Governor_DEM,DEM,Andy Gronik,6627,1.23,2,False,gronik a
2018_WI_Governor_DEM,DEM,Dana Wachs,4216,0.78,2,False,wachs d
2018_WI_Governor_DEM,DEM,Josh Pade,1908,0.35,2,False,pade j
2018_WI_Governor_DEM,DEM,Paul Boucher,10,0.0,2,False,boucher p
2018_WI_Governor_DEM,DEM,Scattering,211,0.11,2,False,scattering
2018_WI_Senate_DEM,DEM,Tammy Baldwin,510812,99.64,1,True,baldwin t
2018_WI_Senate_REP,REP,Leah Vukmir,217230,48.9,2,True,vukmir l
2018_WI_Senate_REP,REP,Kevin Nicholson,191276,43.06,2,False,nicholson k
2018_WI_Senate_REP,REP,George Lucia,18786,4.23,2,False,lucia g
2018_WI_Senate_REP,REP,Griffin Jones,8699,1.96,2,False,jones g
2018_WI_Senate_REP,REP,Charles Barman,7959,1.79,2,False,barman c
2018_WV_Senate_DEM,DEM,Joe Manchin,112658,69.86,1,True,manchin j
2018_WV_Senate_DEM,DEM,Paula Jean Swearengin,48594,30.14,1,False,swearengin p
2018_WV_Senate_REP,REP,Patrick Morrisey,48007,34.9,2,True,morrisey p
2018_WV_Senate_REP,REP,Evan Jenkins,40185,29.21,2,False,jenkins e
2018_WV_Senate_REP,REP,Don Blankenship,27478,19.97,2,False,blankenship d
2018_WV_Senate_REP,REP,Tom Willis,13540,9.84,2,False,willis t
2018_WV_Senate_REP,REP,Bo Copley,4248,3.09,2,False,copley b
2018_WV_Senate_REP,REP,Jack Newbrough,4115,2.99,2,False,newbrough j
2018_WY_Governor_REP,REP,Mark Gordon,38951,33.0,1,True,gordon m
2018_WY_Governor_REP,REP,Foster Friess,29842,25.3,1,False,friess f
2018_WY_Governor_REP,REP,Harriet Hageman,25052,21.2,1,False,hageman h
2018_WY_Governor_REP,REP,Sam Galeotos,14554,12.3,1,False,galeotos s
2018_WY_Governor_REP,REP,Taylor Haynes,6511,5.5,1,False,haynes t
2018_WY_Governor_REP,REP,Bill Dahlin,1763,1.5,1,False,dahlin b
2018_WY_Governor_REP,REP,Write-ins,113,0.0,1,False,writeins
2018_WY_Senate_REP,REP,John Barrasso,74292,64.76,1,True,barrasso j
2018_WY_Senate_REP,REP,Dave Dodson,32647,28.46,1,False,dodson d
2018_WY_Senate_REP,REP,John Holtz,2981,2.6,1,False,holtz j
2018_WY_Senate_REP,REP,Charlie Hardy,2377,2.07,1,False,hardy c
2018_WY_Senate_REP,REP,"Roque ""Rocky"" De La Fuente",1280,1.16,1,False,fuente r
2018_WY_Senate_REP,REP,Anthony Van Risseghem,870,0.7,1,False,risseghem a
2019_KY_Governor_REP,REP,Matt Bevin,136060,52.4,1,True,bevin m
2019_KY_Governor_REP,REP,Robert Goforth,101343,39.0,1,False,goforth r
2019_KY_Governor_REP,REP,William Woods Justin Miller,14004,5.4,1,False,miller w
2019_KY_Governor_REP,REP,Ike Lawrence James Rose,8447,3.3,1,False,rose i
2019_KY_Governor_DEM,DEM,Andy Beshear,149438,37.9,2,True,beshear a
2019_KY_Governor_DEM,DEM,Rocky Adkins,125970,31.9,2,False,adkins r
2019_KY_Governor_DEM,DEM,Adam Edelen,110159,27.9,2,False,edelen a
2019_KY_Governor_DEM,DEM,Geoff Young,8923,2.3,2,False,young g
2019_MS_Governor_REP,REP,Tate Reeves,179623,54.1,2,True,reeves t
2019_MS_Governor_REP,REP,Bill Waller Jr.,152201,45.9,2,False,waller b
2019_MS_Governor_DEM,DEM,Jim Hood,208634,69.0,3,True,hood j
2019_MS_Governor_DEM,DEM,Michael Brown,33247,11.0,3,False,brown m
2019_MS_Governor_DEM,DEM,Velesha Williams,20844,6.9,3,False,williams v
2019_MS_Governor_DEM,DEM,Robert Shuler Smith,20395,6.7,3,False,smith r
2019_MS_Governor_DEM,DEM,Robert Ray,5609,1.8,3,False,ray r
2019_MS_Governor_DEM,DEM,William Bond Compton Jr.,5321,1.8,3,False,compton w
2019_MS_Governor_DEM,DEM,Albert Wilson,5122,1.7,3,False,wilson a
2019_MS_Governor_DEM,DEM,Gregory Wash,3218,1.1,3,False,wash g
2020_AK_Senate_REP,REP,Dan Sullivan,65257,100.0,1,True,sullivan d
2020_AL_Senate_REP,REP,Tommy Tuberville,334675,60.73,2,True,tuberville t
2020_AL_Senate_REP,REP,Jeff Sessions,216452,39.27,2,False,sessions j
2020_AZ_Senate_REP,REP,Martha McSally,551119,75.2,1,True,mcsally m
2020_AZ_Senate_REP,REP,Daniel McCarthy,181551,24.8,1,False,mccarthy d
2020_AZ_Senate_REP,REP,Sean Lyons,210,,1,False,lyons s
2020_AZ_Senate_DEM,DEM,Mark Kelly,665620,99.9,2,True,kelly m
2020_AZ_Senate_DEM,DEM,Bo Garcia,451,0.1,2,False,garcia b
2020_CO_Senate_REP,REP,Cory Gardner,554806,100.0,1,True,gardner c
2020_CO_Senate_DEM,DEM,John Hickenlooper,585826,58.65,3,True,hickenlooper j
2020_CO_Senate_DEM,DEM,Andrew Romanoff,412955,41.35,3,False,romanoff a
2020_DE_Governor_DEM,DEM,John Carney,101142,84.77,1,True,carney j
2020_DE_Governor_DEM,DEM,"David Lamar Williams, Jr.",18169,15.23,1,False,williams d
2020_DE_Governor_REP,REP,Julianne Murray,22819,41.15,2,True,murray j
2020_DE_Governor_REP,REP,Colin Bonini,19161,34.56,2,False,bonini c
2020_DE_Governor_REP,REP,Bryant Richardson,4262,7.69,2,False,richardson b
2020_DE_Governor_REP,REP,Scott Walker,3998,7.21,2,False,walker s
2020_DE_Governor_REP,REP,David Bosco,3660,6.6,2,False,bosco d
2020_DE_Governor_REP,REP,David Graham,1547,2.79,2,False,graham d
2020_DE_Senate_DEM,DEM,Chris Coons,87332,72.85,1,True,coons c
2020_DE_Senate_DEM,DEM,Jessica Scarane,32547,27.15,1,False,scarane j
2020_DE_Senate_REP,REP,Lauren Witzke,30702,56.89,2,True,witzke l
2020_DE_Senate_REP,REP,James DeMartino,23266,43.11,2,False,demartino j
2020_GA_Senate_REP,REP,David Perdue,992555,100.0,1,True,perdue d
2020_GA_Senate_DEM,DEM,Jon Ossoff,626819,52.82,2,True,ossoff j
2020_GA_Senate_DEM,DEM,Teresa Tomlinson,187416,15.79,2,False,tomlinson t
2020_GA_Senate_DEM,DEM,Sarah Riggs Amico,139574,11.76,2,False,amico s
2020_GA_Senate_DEM,DEM,Maya Dillard-Smith,105000,8.85,2,False,dillardsmith m
2020_GA_Senate_DEM,DEM,James Knox,49452,4.17,2,False,knox j
2020_GA_Senate_DEM,DEM,Marckeith DeJesus,45936,3.87,2,False,dejesus m
2020_GA_Senate_DEM,DEM,Tricia Carpenter McCracken,32463,2.74,2,False,mccracken t
2020_IA_Senate_REP,REP,Joni Ernst,226589,98.64,1,True,ernst j
2020_IA_Senate_REP,REP,Write-In,3132,1.36,1,False,writein
2020_IA_Senate_DEM,DEM,Theresa Greenfield,132001,47.71,2,True,greenfield t
2020_IA_Senate_DEM,DEM,Michael T. Franken,68851,24.88,2,False,franken m
2020_IA_Senate_DEM,DEM,Kimberly Graham,41554,15.02,2,False,graham k
2020_IA_Senate_DEM,DEM,Eddie Mauro,30400,10.99,2,False,mauro e
2020_IA_Senate_DEM,DEM,Cal Woods,3372,1.21,2,False,woods c
2020_IA_Senate_DEM,DEM,Write-In,514,0.19,2,False,writein
2020_ID_Senate_REP,REP,Jim Risch,200184,100.0,1,True,risch j
2020_ID_Senate_DEM,DEM,Paulette Jordan,72778,85.7,2,True,jordan p
2020_ID_Senate_DEM,DEM,James Vandermaas,12145,14.3,2,False,vandermaas j
2020_IL_Senate_DEM,DEM,Dick Durbin,1446118,100.0,1,True,durbin d
2020_IL_Senate_REP,REP,Mark Curran,205747,41.55,2,True,curran m
2020_IL_Senate_REP,REP,Peggy Hubbard,113189,22.86,2,False,hubbard p
2020_IL_Senate_REP,REP,Robert Marshall,75561,15.26,2,False,marshall r
2020_IL_Senate_REP,REP,Tom Tarter,73009,14.74,2,False,tarter t
2020_IL_Senate_REP,REP,Casey Chlebek,27655,5.58,2,False,chlebek c
2020_IL_Senate_REP,REP,Richard Mayers,7,0.0,2,False,mayers r
2020_IN_Governor_REP,REP,Eric Holcomb,524496,97.85,1,True,holcomb e
2020_IN_Governor_DEM,DEM,Woody Myers,408230,100.0,2,True,myers w
2020_KS_Senate_REP,REP,Roger Marshall,167800,40.28,1,True,marshall r
2020_KS_Senate_REP,REP,Kris Kobach,108726,26.1,1,False,kobach k
2020_KS_Senate_REP,REP,Bob Hamilton,77952,18.71,1,False,hamilton b
2020_KS_Senate_REP,REP,Dave Lindstrom,27451,6.59,1,False,lindstrom d
2020_KS_Senate_REP,REP,Steve Roberts,8141,1.95,1,False,roberts s
2020_KS_Senate_REP,REP,Brian Matlock,7083,1.7,1,False,matlock b
2020_KS_Senate_REP,REP,Lance Berland,6404,1.54,1,False,berland l
2020_KS_Senate_REP,REP,John Miller,4431,1.06,1,False,miller j
2020_KS_Senate_REP,REP,Derek Ellis,3970,0.95,1,False,ellis d
2020_KS_Senate_REP,REP,Gabriel Robles,3744,0.9,1,False,robles g
2020_KS_Senate_REP,REP,John Berman,861,0.21,1,False,berman j
2020_KS_Senate_DEM,DEM,Barbara Bollier,168759,85.34,2,True,bollier b
2020_KS_Senate_DEM,DEM,Robert Tillman,28997,14.66,2,False,tillman r
2020_KY_Senate_REP,REP,Mitch McConnell,342660,82.8,1,True,mcconnell m
2020_KY_Senate_REP,REP,C. Wesley Morgan,25588,6.18,1,False,morgan c
2020_KY_Senate_REP,REP,Louis Grider,13771,3.33,1,False,grider l
2020_KY_Senate_REP,REP,Paul John Frangedakis,11957,2.89,1,False,frangedakis p
2020_KY_Senate_REP,REP,Neren James,10693,2.58,1,False,james n
2020_KY_Senate_REP,REP,Kenneth Lowndes,5548,1.34,1,False,lowndes k
2020_KY_Senate_REP,REP,Nicholas Alsager,3603,0.87,1,False,alsager n
2020_KY_Senate_DEM,DEM,Amy McGrath,247037,45.41,2,True,mcgrath a
2020_KY_Senate_DEM,DEM,Charles Booker,231888,42.62,2,False,booker c
2020_KY_Senate_DEM,DEM,Mike Broihier,27175,4.99,2,False,broihier m
2020_KY_Senate_DEM,DEM,Mary Ann Tobin,11108,2.04,2,False,tobin m
2020_KY_Senate_DEM,DEM,Maggie Joe Hilliard,6224,1.14,2,False,hilliard m
2020_KY_Senate_DEM,DEM,Andrew Maynard,5974,1.1,2,False,maynard a
2020_KY_Senate_DEM,DEM,Bennie J. Smith,5040,0.93,2,False,smith b
2020_KY_Senate_DEM,DEM,Jimmy Ausbrooks,3629,0.67,2,False,ausbrooks j
2020_KY_Senate_DEM,DEM,Eric Rothmuller,2995,0.55,2,False,rothmuller e
2020_KY_Senate_DEM,DEM,John R. Sharpensteen,2992,0.55,2,False,sharpensteen j
2020_MA_Senate_DEM,DEM,Ed Markey,782694,55.35,1,True,markey e
2020_MA_Senate_DEM,DEM,Joe Kennedy III,629359,44.51,1,False,kennedy j
2020_MA_Senate_DEM,DEM,Write-ins,1935,0.14,1,False,writeins
2020_MA_Senate_REP,REP,Kevin O'Connor,158590,59.71,2,True,oconnor k
2020_MA_Senate_REP,REP,Shiva Ayyadurai,104782,39.45,2,False,ayyadurai s
2020_MA_Senate_REP,REP,Write-ins,2245,0.84,2,False,writeins
2020_ME_Senate_REP,REP,Susan Collins,87375,98.79,1,True,collins s
2020_ME_Senate_REP,REP,Amy Colter,1073,1.21,1,False,colter a
2020_ME_Senate_DEM,DEM,Sara Gideon,116264,71.47,2,True,gideon s
2020_ME_Senate_DEM,DEM,Betsy Sweet,37327,22.94,2,False,sweet b
2020_ME_Senate_DEM,DEM,Bre Kidman,9090,5.59,2,False,kidman b
2020_MI_Senate_DEM,DEM,Gary Peters,1180780,100.0,1,True,peters g
2020_MI_Senate_REP,REP,John James,1005315,100.0,2,True,james j
2020_MN_Senate_REP,REP,Jason Lewis,191290,78.11,2,True,lewis j
2020_MN_Senate_REP,REP,Cynthia Gail,17675,7.22,2,False,gail c
2020_MN_Senate_REP,REP,John Berman,16213,6.62,2,False,berman j
2020_MN_Senate_REP,REP,Bob Carney Jr.,10503,4.29,2,False,carney b
2020_MN_Senate_REP,REP,James Reibestein,9210,3.76,2,False,reibestein j
2020_MO_Governor_REP,REP,Mike Parson,511566,74.93,1,True,parson m
2020_MO_Governor_REP,REP,Saundra McDowell,84412,12.36,1,False,mcdowell s
2020_MO_Governor_REP,REP,Jim Neely,59514,8.72,1,False,neely j
2020_MO_Governor_REP,REP,Raleigh Ritter,27264,3.99,1,False,ritter r
2020_MO_Governor_DEM,DEM,Nicole Galloway,455203,84.62,2,True,galloway n
2020_MO_Governor_DEM,DEM,Eric Morrison,32403,6.02,2,False,morrison e
2020_MO_Governor_DEM,DEM,Jimmie Matthews,20586,3.83,2,False,matthews j
2020_MO_Governor_DEM,DEM,Antoin Johnson,20254,3.77,2,False,johnson a
2020_MO_Governor_DEM,DEM,Robin Quaethem,9481,1.76,2,False,quaethem r
2020_MS_Senate_REP,REP,Cindy Hyde-Smith,235463,100.0,1,True,hydesmith c
2020_MS_Senate_DEM,DEM,Mike Espy,250496,93.12,2,True,espy m
2020_MS_Senate_DEM,DEM,Tobey Bartee,11148,4.14,2,False,bartee t
2020_MS_Senate_DEM,DEM,Jensen Bohren,7345,2.74,2,False,bohren j
2020_MT_Governor_DEM,DEM,Mike Cooney,81527,54.86,1,True,cooney m
2020_MT_Governor_DEM,DEM,Whitney Williams,67066,45.14,1,False,williams w
2020_MT_Governor_REP,REP,Greg Gianforte,119247,53.44,2,True,gianforte g
2020_MT_Governor_REP,REP,Tim Fox,60823,27.26,2,False,fox t
2020_MT_Governor_REP,REP,Albert Olszewski,43080,19.3,2,False,olszewski a
2020_MT_Senate_REP,REP,Steve Daines,192942,88.02,1,True,daines s
2020_MT_Senate_REP,REP,John Driscoll,13944,6.36,1,False,driscoll j
2020_MT_Senate_REP,REP,Daniel Larson,12319,5.62,1,False,larson d
2020_MT_Senate_DEM,DEM,Steve Bullock,144949,95.45,2,True,bullock s
2020_MT_Senate_DEM,DEM,John Mues,3740,2.46,2,False,mues j
2020_MT_Senate_DEM,DEM,Mike Knoles,3165,2.09,2,False,knoles m
2020_NC_Governor_DEM,DEM,Roy Cooper,1128829,87.19,1,True,cooper r
2020_NC_Governor_DEM,DEM,Ernest T. Reeves,165804,12.81,1,False,reeves e
2020_NC_Governor_REP,REP,Dan Forest,698077,88.95,2,True,forest d
2020_NC_Governor_REP,REP,Holly Grange,86714,11.05,2,False,grange h
2020_NC_Senate_REP,REP,Thom Tillis,608943,78.08,1,True,tillis t
2020_NC_Senate_REP,REP,Paul Wright,58908,7.55,1,False,wright p
2020_NC_Senate_REP,REP,Larry Holmquist,57356,7.35,1,False,holmquist l
2020_NC_Senate_REP,REP,Sharon Y. Hudson,54651,7.01,1,False,hudson s
2020_NC_Senate_DEM,DEM,Cal Cunningham,717941,56.93,2,True,cunningham c
2020_NC_Senate_DEM,DEM,Erica D. Smith,438969,34.81,2,False,smith e
2020_NC_Senate_DEM,DEM,Trevor M. Fuller,48168,3.82,2,False,fuller t
2020_NC_Senate_DEM,DEM,Steve Swenson,33741,2.68,2,False,swenson s
2020_NC_Senate_DEM,DEM,Atul Goel,22226,1.76,2,False,goel a
2020_ND_Governor_REP,REP,Doug Burgum,96119,89.51,1,True,burgum d
2020_ND_Governor_REP,REP,Michael Coachman,10904,10.15,1,False,coachman m
2020_ND_Governor_REP,REP,Write-In,356,0.33,1,False,writein
2020_NE_Senate_REP,REP,Ben Sasse,215207,75.21,1,True,sasse b
2020_NE_Senate_REP,REP,Matt Innis,70921,24.79,1,False,innis m
2020_NE_Senate_DEM,DEM,Chris Janicek,46247,30.69,2,True,janicek c
2020_NE_Senate_DEM,DEM,Angie Philips,35929,23.84,2,False,philips a
2020_NE_Senate_DEM,DEM,Alisha Shelton,34284,22.75,2,False,shelton a
2020_NE_Senate_DEM,DEM,Andy Stock,17156,11.38,2,False,stock a
2020_NE_Senate_DEM,DEM,Larry Marvin,6868,4.56,2,False,marvin l
2020_NE_Senate_DEM,DEM,Daniel Wik,5765,3.83,2,False,wik d
2020_NE_Senate_DEM,DEM,Dennis Macek,4453,2.95,2,False,macek d
2020_NJ_Senate_DEM,DEM,Cory Booker,838110,87.58,1,True,booker c
2020_NJ_Senate_DEM,DEM,Lawrence Hamm,118802,12.42,1,False,hamm l
2020_NJ_Senate_REP,REP,Rik Mehta,154817,38.01,2,True,mehta r
2020_NJ_Senate_REP,REP,Hirsh Singh,146133,35.88,2,False,singh h
2020_NJ_Senate_REP,REP,Tricia Flanagan,72678,17.84,2,False,flanagan t
2020_NJ_Senate_REP,REP,Natalie Lynn Rivera,21650,5.31,2,False,rivera n
2020_NJ_Senate_REP,REP,Eugene Anagnos,12047,2.96,2,False,anagnos e
2020_NM_Senate_DEM,DEM,Ben Ray Luján,225082,100.0,1,True,lujan b
2020_NM_Senate_REP,REP,Mark Ronchetti,89216,56.49,2,True,ronchetti m
2020_NM_Senate_REP,REP,Elisa Martinez,41240,26.11,2,False,martinez e
2020_NM_Senate_REP,REP,Gavin Clarkson,27471,17.39,2,False,clarkson g
2020_OK_Senate_REP,REP,Jim Inhofe,277868,74.05,1,True,inhofe j
2020_OK_Senate_REP,REP,J.J. Stitt,57433,15.31,1,False,stitt j
2020_OK_Senate_REP,REP,John Tompkins,23563,6.28,1,False,tompkins j
2020_OK_Senate_REP,REP,Neil Mavis,16363,4.36,1,False,mavis n
2020_OK_Senate_DEM,DEM,Abby Broyles,163921,60.45,2,True,broyles a
2020_OK_Senate_DEM,DEM,Elysabeth Britt,45206,16.67,2,False,britt e
2020_OK_Senate_DEM,DEM,Sheila Bilyeu,32350,11.93,2,False,bilyeu s
2020_OK_Senate_DEM,DEM,"R. O. Joe Cassity, Jr.",29698,10.95,2,False,cassity r
2020_OR_Senate_DEM,DEM,Jeff Merkley,564878,98.71,1,True,merkley j
2020_OR_Senate_DEM,DEM,Write-in,7386,1.29,1,False,writein
2020_OR_Senate_REP,REP,Jo Rae Perkins,178004,49.23,2,True,perkins j
2020_OR_Senate_REP,REP,"Paul J. Romero, Jr.",109783,30.36,2,False,romero p
2020_OR_Senate_REP,REP,Robert Schwartz,40196,11.12,2,False,schwartz r
2020_OR_Senate_REP,REP,John Verbeek,29382,8.13,2,False,verbeek j
2020_OR_Senate_REP,REP,Write-in,4250,1.17,2,False,writein
2020_SC_Senate_REP,REP,Lindsey Graham,317512,67.69,1,True,graham l
2020_SC_Senate_REP,REP,Michael LaPierre,79932,17.04,1,False,lapierre m
2020_SC_Senate_REP,REP,Joe Reynolds,43029,9.17,1,False,reynolds j
2020_SC_Senate_REP,REP,"Dwayne ""Duke"" Buckner",28570,6.09,1,False,buckner d
2020_SD_Senate_REP,REP,Mike Rounds,70365,75.23,1,True,rounds m
2020_SD_Senate_REP,REP,Scyller Borglum,23164,24.77,1,False,borglum s
2020_TN_Senate_REP,REP,Bill Hagerty,331267,50.75,1,True,hagerty b
2020_TN_Senate_REP,REP,Manny Sethi,257223,39.41,1,False,sethi m
2020_TN_Senate_REP,REP,"George Flinn, Jr.",22454,3.44,1,False,flinn g
2020_TN_Senate_REP,REP,Jon Henry,8104,1.24,1,False,henry j
2020_TN_Senate_REP,REP,Natisha Brooks,8072,1.24,1,False,brooks n
2020_TN_Senate_REP,REP,Byron Bush,5420,0.83,1,False,bush b
2020_TN_Senate_REP,REP,Clifford Adkins,5316,0.81,1,False,adkins c
2020_TN_Senate_REP,REP,Terry Dicus,2279,0.35,1,False,dicus t
2020_TN_Senate_REP,REP,"Tom Emerson, Jr.",2252,0.35,1,False,emerson t
2020_TN_Senate_REP,REP,David Schuster,2045,0.31,1,False,schuster d
2020_TN_Senate_REP,REP,John Osborne,1877,0.29,1,False,osborne j
2020_TN_Senate_REP,REP,Roy Dale Cope,1791,0.27,1,False,cope r
2020_TN_Senate_REP,REP,Kent Morrell,1769,0.27,1,False,morrell k
2020_TN_Senate_REP,REP,Aaron Pettigrew,1622,0.25,1,False,pettigrew a
2020_TN_Senate_REP,REP,"Glen Neal, Jr.",1233,0.19,1,False,neal g
2020_TN_Senate_DEM,DEM,Marquita Bradshaw,117962,35.51,2,True,bradshaw m
2020_TN_Senate_DEM,DEM,Robin Kimbrough Hayes,88492,26.64,2,False,hayes r
2020_TN_Senate_DEM,DEM,James Mackler,78966,23.77,2,False,mackler j
2020_TN_Senate_DEM,DEM,Gary G. Davis,30758,9.26,2,False,davis g
2020_TN_Senate_DEM,DEM,Mark Pickrell,16045,4.83,2,False,pickrell m
2020_TX_Senate_REP,REP,John Cornyn,1470669,76.04,1,True,cornyn j
2020_TX_Senate_REP,REP,Dwayne Stovall,231104,11.95,1,False,stovall d
2020_TX_Senate_REP,REP,Mark Yancey,124864,6.46,1,False,yancey m
2020_TX_Senate_REP,REP,John Anthony Castro,86916,4.49,1,False,castro j
2020_TX_Senate_REP,REP,Virgil Bierschwale,20494,1.06,1,False,bierschwale v
2020_TX_Senate_DEM,DEM,MJ Hegar,502516,52.24,3,True,hegar m
2020_TX_Senate_DEM,DEM,Royce West,459457,47.76,3,False,west r
2020_UT_Governor_REP,REP,Spencer Cox,190565,36.15,2,True,cox s
2020_UT_Governor_REP,REP,Jon Huntsman Jr.,184246,34.95,2,False,huntsman j
2020_UT_Governor_REP,REP,Greg Hughes,110835,21.02,2,False,hughes g
2020_UT_Governor_REP,REP,Thomas Wright,41532,7.88,2,False,wright t
2020_VA_Senate_REP,REP,Daniel Gade,208754,67.4,1,True,gade d
2020_VA_Senate_REP,REP,Alissa Baldwin,56165,18.13,1,False,baldwin a
2020_VA_Senate_REP,REP,Thomas Speciale,44795,14.46,1,False,speciale t
2020_VT_Governor_REP,REP,Phil Scott,42275,72.67,1,True,scott p
2020_VT_Governor_REP,REP,John Klar,12762,21.94,1,False,klar j
2020_VT_Governor_REP,REP,Emily Peyton,970,1.67,1,False,peyton e
2020_VT_Governor_REP,REP,Douglas Cavett,966,1.66,1,False,cavett d
2020_VT_Governor_REP,REP,Bernard Peters,772,1.33,1,False,peters b
2020_VT_Governor_REP,REP,Write-ins,426,0.73,1,False,writeins
2020_VT_Governor_DEM,DEM,David Zuckerman,48150,47.56,2,True,zuckerman d
2020_VT_Governor_DEM,DEM,Rebecca Holcombe,37599,37.14,2,False,holcombe r
2020_VT_Governor_DEM,DEM,Patrick Winburn,7662,7.57,2,False,winburn p
2020_VT_Governor_DEM,DEM,Ralph Corbo,1288,1.27,2,False,corbo r
2020_VT_Governor_DEM,DEM,Write-ins,6533,6.45,2,False,writeins
2020_WV_Governor_REP,REP,Jim Justice,133258,62.7,1,True,justice j
2020_WV_Governor_REP,REP,Woody Thrasher,38898,18.3,1,False,thrasher w
2020_WV_Governor_REP,REP,Michael Folk,26735,12.58,1,False,folk m
2020_WV_Governor_REP,REP,Doug Six,4429,2.08,1,False,six d
2020_WV_Governor_REP,REP,Brooke Lunsford,3849,1.81,1,False,lunsford b
2020_WV_Governor_REP,REP,Shelly Jean Fitzhugh,2799,1.32,1,False,fitzhugh s
2020_WV_Governor_REP,REP,Chuck Sheedy,2552,1.2,1,False,sheedy c
2020_WV_Governor_DEM,DEM,Ben Salango,74805,38.68,2,True,salango b
2020_WV_Governor_DEM,DEM,Stephen Smith,65544,33.89,2,False,smith s
2020_WV_Governor_DEM,DEM,Ron Stollings,25782,13.33,2,False,stollings r
2020_WV_Governor_DEM,DEM,Jody Murphy,18039,9.33,2,False,murphy j
2020_WV_Governor_DEM,DEM,Douglas Hughes,9231,4.77,2,False,hughes d
2020_WV_Senate_REP,REP,Shelley Moore Capito,173847,83.32,1,True,capito s
2020_WV_Senate_REP,REP,Allen Whitt,20075,9.62,1,False,whitt a
2020_WV_Senate_REP,REP,Larry Butcher,14717,7.05,1,False,butcher l
2020_WV_Senate_DEM,DEM,Paula Jean Swearengin,72292,38.39,2,True,swearengin p
2020_WV_Senate_DEM,DEM,Richard Ojeda,61954,32.9,2,False,ojeda r
2020_WV_Senate_DEM,DEM,Richie Robb,54048,28.7,2,False,robb r
2020_WY_Senate_REP,REP,Cynthia Lummis,63511,59.67,1,True,lummis c
2020_WY_Senate_REP,REP,Robert Short,13473,12.66,1,False,short r
2020_WY_Senate_REP,REP,Bryan Miller,10946,10.28,1,False,miller b
2020_WY_Senate_REP,REP,Donna Rice,5881,5.53,1,False,rice d
2020_WY_Senate_REP,REP,R. Mark Armstrong,3904,3.67,1,False,armstrong r
2020_WY_Senate_REP,REP,Joshua Wheeler,3763,3.53,1,False,wheeler j
2020_WY_Senate_REP,REP,John Holtz,1820,1.71,1,False,holtz j
2020_WY_Senate_REP,REP,Devon Cade,1027,0.96,1,False,cade d
2020_WY_Senate_REP,REP,Michael Kemler,985,0.93,1,False,kemler m
2020_WY_Senate_REP,REP,Star Roselli,627,0.59,1,False,roselli s
2020_WY_Senate_REP,REP,Write-ins,501,0.47,1,False,writeins
2021_VA_Governor_DEM,DEM,Terry McAuliffe,307367,62.1,1,True,mcauliffe t
2021_VA_Governor_DEM,DEM,Jennifer Carroll Foy,98052,19.81,1,False,foy j
2021_VA_Governor_DEM,DEM,Jennifer McClellan,58213,11.76,1,False,mcclellan j
2021_VA_Governor_DEM,DEM,Justin Fairfax,17606,3.56,1,False,fairfax j
2021_VA_Governor_DEM,DEM,Lee J. Carter,13694,2.77,1,False,carter l
2022_AL_Governor_REP,REP,Kay Ivey,357069,54.45,1,True,ivey k
2022_AL_Governor_REP,REP,Lynda Blanchard,126202,19.25,1,False,blanchard l
2022_AL_Governor_REP,REP,Tim James,106181,16.19,1,False,james t
2022_AL_Governor_REP,REP,Lew Burdette,42924,6.55,1,False,burdette l
2022_AL_Governor_REP,REP,Dean Odle,11767,1.79,1,False,odle d
2022_AL_Governor_REP,REP,Donald Trent Jones,3821,0.58,1,False,jones d
2022_AL_Governor_REP,REP,Dave Thomas,2886,0.44,1,False,thomas d
2022_AL_Governor_REP,REP,Stacy Lee George,2546,0.39,1,False,george s
2022_AL_Governor_REP,REP,Dean Young,2356,0.36,1,False,young d
2022_AL_Governor_DEM,DEM,Yolanda Rochelle Flowers,32529,55.14,3,True,flowers y
2022_AL_Governor_DEM,DEM,Malika Sanders-Fortier,26469,44.86,3,False,sandersfortier m
2022_AL_Senate_REP,REP,Katie Britt,253251,63.02,2,True,britt k
2022_AL_Senate_REP,REP,Mo Brooks,148636,36.98,2,False,brooks m
2022_AL_Senate_DEM,DEM,Will Boyd,107588,63.72,3,True,boyd w
2022_AL_Senate_DEM,DEM,Brandaun Dean,32863,19.46,3,False,dean b
2022_AL_Senate_DEM,DEM,Lanny Jackson,28402,16.82,3,False,jackson l
2022_AR_Governor_REP,REP,Sarah Huckabee Sanders,289249,83.14,1,True,sanders s
2022_AR_Governor_REP,REP,"Francis ""Doc"" Washburn",58638,16.86,1,False,washburn f
2022_AR_Governor_DEM,DEM,Chris Jones,66540,70.43,2,True,jones c
2022_AR_Governor_DEM,DEM,Anthony Bland,9055,9.58,2,False,bland a
2022_AR_Governor_DEM,DEM,Jay Martin,7731,8.18,2,False,martin j
2022_AR_Governor_DEM,DEM,"James ""Rus"" Russell",6421,6.8,2,False,russell j
2022_AR_Governor_DEM,DEM,Supha Xayprasith-Mays,4725,5.0,2,False,xayprasithmays s
2022_AR_Senate_REP,REP,John Boozman,201677,58.03,1,True,boozman j
2022_AR_Senate_REP,REP,Jake Bequette,71809,20.66,1,False,bequette j
2022_AR_Senate_REP,REP,Jan Morgan,65958,18.98,1,False,morgan j
2022_AR_Senate_REP,REP,Heath Loftis,8112,2.33,1,False,loftis h
2022_AR_Senate_DEM,DEM,Natalie James,49722,54.09,2,True,james n
2022_AR_Senate_DEM,DEM,Dan Whitfield,28319,30.8,2,False,whitfield d
2022_AR_Senate_DEM,DEM,Jack Foster,13891,15.11,2,False,foster j
2022_AZ_Governor_REP,REP,Kari Lake,398860,47.97,1,True,lake k
2022_AZ_Governor_REP,REP,Karrin Taylor Robson,358662,43.13,1,False,robson k
2022_AZ_Governor_REP,REP,Matt Salmon,30704,3.69,1,False,salmon m
2022_AZ_Governor_REP,REP,Scott Neely,25876,3.11,1,False,neely s
2022_AZ_Governor_REP,REP,Paola Tulliani-Zen,17281,2.08,1,False,tullianizen p
2022_AZ_Governor_DEM,DEM,Katie Hobbs,431059,72.32,2,True,hobbs k
2022_AZ_Governor_DEM,DEM,Marco A. López Jr.,136090,22.83,2,False,lopez m
2022_AZ_Governor_DEM,DEM,Aaron Lieberman,28878,4.85,2,False,lieberman a
2022_AZ_Senate_DEM,DEM,Mark Kelly,589400,100.0,1,True,kelly m
2022_AZ_Senate_REP,REP,Blake Masters,327198,40.24,2,True,masters b
2022_AZ_Senate_REP,REP,Jim Lamon,228467,28.1,2,False,lamon j
2022_AZ_Senate_REP,REP,Mark Brnovich,144092,17.72,2,False,brnovich m
2022_AZ_Senate_REP,REP,Michael McGuire,71100,8.75,2,False,mcguire m
2022_AZ_Senate_REP,REP,Justin Olson,41985,5.16,2,False,olson j
2022_CO_Governor_REP,REP,Heidi Ganahl,341157,53.87,1,True,ganahl h
2022_CO_Governor_REP,REP,Greg Lopez,292187,46.13,1,False,lopez g
2022_CO_Senate_DEM,DEM,Michael Bennet,516985,100.0,1,True,bennet m
2022_CO_Senate_REP,REP,Joe O'Dea,345060,54.44,2,True,odea j
2022_CO_Senate_REP,REP,Ron Hanks,288483,45.51,2,False,hanks r
2022_CO_Senate_REP,REP,Daniel Hendricks,302,0.05,2,False,hendricks d
2022_CT_Senate_REP,REP,Leora Levy,46774,50.6,1,True,levy l
2022_CT_Senate_REP,REP,Themis Klarides,37003,40.03,1,False,klarides t
2022_CT_Senate_REP,REP,Peter Lumaj,8665,9.37,1,False,lumaj p
2022_FL_Governor_DEM,DEM,Charlie Crist,904524,59.71,1,True,crist c
2022_FL_Governor_DEM,DEM,"Nicole ""Nikki"" Fried",535480,35.35,1,False,fried n
2022_FL_Governor_DEM,DEM,Cadance Daniel,38198,2.52,1,False,daniel c
2022_FL_Governor_DEM,DEM,Robert L. Willis,36786,2.43,1,False,willis r
2022_FL_Senate_DEM,DEM,Val Demings,1263706,84.3,1,True,demings v
2022_FL_Senate_DEM,DEM,Brian Rush,94185,6.3,1,False,rush b
2022_FL_Senate_DEM,DEM,William Sanchez,84576,5.6,1,False,sanchez w
2022_FL_Senate_DEM,DEM,Ricardo De La Fuente,56749,3.8,1,False,fuente r
2022_GA_Governor_REP,REP,Brian Kemp,888078,73.72,1,True,kemp b
2022_GA_Governor_REP,REP,David Perdue,262389,21.78,1,False,perdue d
2022_GA_Governor_REP,REP,Kandiss Taylor,41232,3.42,1,False,taylor k
2022_GA_Governor_REP,REP,Catherine Davis,9778,0.81,1,False,davis c
2022_GA_Governor_REP,REP,Tom Williams,3255,0.27,1,False,williams t
2022_GA_Governor_DEM,DEM,Stacey Abrams,727168,100.0,2,True,abrams s
2022_GA_Senate_DEM,DEM,Raphael Warnock,702610,96.04,1,True,warnock r
2022_GA_Senate_DEM,DEM,Tamara Johnson-Shealey,28984,3.96,1,False,johnsonshealey t
2022_GA_Senate_REP,REP,Herschel Walker,803560,68.18,2,True,walker h
2022_GA_Senate_REP,REP,Gary Black,157370,13.35,2,False,black g
2022_GA_Senate_REP,REP,Latham Saddler,104471,8.86,2,False,saddler l
2022_GA_Senate_REP,REP,Josh Clark,46693,3.96,2,False,clark j
2022_GA_Senate_REP,REP,Kelvin King,37930,3.22,2,False,king k
2022_GA_Senate_REP,REP,Jonathan McColumn,28601,2.43,2,False,mccolumn j
2022_IA_Governor_REP,REP,Kim Reynolds,185293,99.03,1,True,reynolds k
2022_IA_Governor_DEM,DEM,Deidre DeJear,145555,99.45,2,True,dejear d
2022_IA_Senate_REP,REP,Chuck Grassley,143634,73.34,1,True,grassley c
2022_IA_Senate_REP,REP,Jim Carlin,51891,26.5,1,False,carlin j
2022_IA_Senate_DEM,DEM,Michael Franken,86527,55.17,2,True,franken m
2022_IA_Senate_DEM,DEM,Abby Finkenauer,62581,39.9,2,False,finkenauer a
2022_IA_Senate_DEM,DEM,Glenn Hurst,7571,4.83,2,False,hurst g
2022_IL_Governor_DEM,DEM,JB Pritzker,810989,91.88,1,True,pritzker j
2022_IL_Governor_DEM,DEM,Beverly Miles Karla Shaw,71704,8.12,1,False,shaw b
2022_IL_Governor_REP,REP,Darren Bailey,458102,57.48,2,True,bailey d
2022_IL_Governor_REP,REP,Jesse Sullivan Kathleen Murphy,125094,15.7,2,False,murphy j
2022_IL_Governor_REP,REP,Richard Irvin,119592,15.0,2,False,irvin r
2022_IL_Governor_REP,REP,Gary Rabine Aaron Del Mar,52194,6.55,2,False,mar g
2022_IL_Governor_REP,REP,Paul Schimpf,34676,4.35,2,False,schimpf p
2022_IL_Governor_REP,REP,Max Solomon Latasha H. Fields,7371,0.92,2,False,fields m
2022_IL_Senate_DEM,DEM,Tammy Duckworth,856720,100.0,1,True,duckworth t
2022_IL_Senate_REP,REP,Kathy Salvi,216007,30.23,2,True,salvi k
2022_IL_Senate_REP,REP,Peggy Hubbard,177180,24.79,2,False,hubbard p
2022_IL_Senate_REP,REP,"Matthew ""Matt"" Dubiel",90538,12.67,2,False,dubiel m
2022_IL_Senate_REP,REP,Casey Chlebek,76213,10.66,2,False,chlebek c
2022_IL_Senate_REP,REP,"Robert ""Bobby"" Piton",65461,9.16,2,False,piton r
2022_IL_Senate_REP,REP,Anthony W. Williams,52890,7.4,2,False,williams a
2022_IL_Senate_REP,REP,Jimmy Lee Tillman II,36342,5.09,2,False,tillman j
2022_IN_Senate_REP,REP,Todd Young,372738,100.0,1,True,young t
2022_IN_Senate_DEM,DEM,Thomas McDermott Jr.,173466,100.0,2,True,mcdermott t
2022_KS_Governor_DEM,DEM,Laura Kelly,270968,93.84,1,True,kelly l
2022_KS_Governor_DEM,DEM,Richard Karnowski Barry Franco,17802,6.16,1,False,franco r
2022_KS_Governor_REP,REP,Derek Schmidt,373524,80.6,2,True,schmidt d
2022_KS_Governor_REP,REP,Arlyn Briggs Lance Berland,89898,19.4,2,False,berland a
2022_KS_Senate_REP,REP,Jerry Moran,383332,80.5,1,True,moran j
2022_KS_Senate_REP,REP,Joan Farr,93016,19.5,1,False,farr j
2022_KS_Senate_DEM,DEM,Mark Holland,101429,38.1,2,True,holland m
2022_KS_Senate_DEM,DEM,Paul Buskirk,53750,20.2,2,False,buskirk p
2022_KS_Senate_DEM,DEM,Patrick Wiesner,47034,17.6,2,False,wiesner p
2022_KS_Senate_DEM,DEM,Mike Andra,33464,12.6,2,False,andra m
2022_KS_Senate_DEM,DEM,Robert Klingenberg,21413,8.0,2,False,klingenberg r
2022_KS_Senate_DEM,DEM,Michael Soetaert,9464,3.6,2,False,soetaert m
2022_KY_Senate_REP,REP,Rand Paul,333051,86.35,1,True,paul r
2022_KY_Senate_REP,REP,Valerie Frederick,14018,3.63,1,False,frederick v
2022_KY_Senate_REP,REP,Paul V. Hamilton,13473,3.49,1,False,hamilton p
2022_KY_Senate_REP,REP,Arnold Blankenship,10092,2.62,1,False,blankenship a
2022_KY_Senate_REP,REP,Tami Stanfield,9526,2.47,1,False,stanfield t
2022_KY_Senate_REP,REP,John Schiess,5538,1.44,1,False,schiess j
2022_KY_Senate_DEM,DEM,Charles Booker,214245,73.29,2,True,booker c
2022_KY_Senate_DEM,DEM,Joshua Blanton Sr.,30980,10.6,2,False,blanton j
2022_KY_Senate_DEM,DEM,John Merrill,28931,9.9,2,False,merrill j
2022_KY_Senate_DEM,DEM,Ruth Gao,18154,6.21,2,False,gao r
2022_MA_Governor_REP,REP,Geoff Diehl,149800,55.44,1,True,diehl g
2022_MA_Governor_REP,REP,Chris Doughty,120418,44.56,1,False,doughty c
2022_MA_Governor_DEM,DEM,Maura Healey,642092,85.54,3,True,healey m
2022_MA_Governor_DEM,DEM,Sonia Chang-Díaz,108574,14.46,3,False,changdiaz s
2022_MD_Governor_REP,REP,Dan Cox,153423,52.0,1,True,cox d
2022_MD_Governor_REP,REP,Kelly Schulz,128302,43.48,1,False,schulz k
2022_MD_Governor_REP,REP,Robin Ficker,8268,2.8,1,False,ficker r
2022_MD_Governor_REP,REP,Joe Werner Minh Thanh Luong,5075,1.72,1,False,luong j
2022_MD_Governor_DEM,DEM,Wes Moore,217524,32.41,2,True,moore w
2022_MD_Governor_DEM,DEM,Tom Perez,202175,30.12,2,False,perez t
2022_MD_Governor_DEM,DEM,Peter Franchot,141586,21.1,2,False,franchot p
2022_MD_Governor_DEM,DEM,Rushern Baker,26594,3.96,2,False,baker r
2022_MD_Governor_DEM,DEM,Doug Gansler,25481,3.8,2,False,gansler d
2022_MD_Governor_DEM,DEM,John King Jr.,24882,3.71,2,False,king j
2022_MD_Governor_DEM,DEM,Ashwani Jain LaTrece Hawkins Lytes,13784,2.05,2,False,lytes a
2022_MD_Governor_DEM,DEM,Jon Baron Natalie Williams,11880,1.77,2,False,williams j
2022_MD_Governor_DEM,DEM,Jerome Segal,4276,0.64,2,False,segal j
2022_MD_Governor_DEM,DEM,Ralph Jaffe Mark Greben,2978,0.44,2,False,greben r
2022_MD_Senate_DEM,DEM,Chris Van Hollen,535014,80.81,1,True,hollen c
2022_MD_Senate_DEM,DEM,Michelle Laurence Smith,127089,19.19,1,False,smith m
2022_MD_Senate_REP,REP,Chris Chaffee,50514,20.78,2,True,chaffee c
2022_MD_Senate_REP,REP,Lorie Friend,35714,14.69,2,False,friend l
2022_MD_Senate_REP,REP,John Thormann,33290,13.69,2,False,thormann j
2022_MD_Senate_REP,REP,Joseph Perez,26359,10.84,2,False,perez j
2022_MD_Senate_REP,REP,George Davis,21095,8.68,2,False,davis g
2022_MD_Senate_REP,REP,James Tarantin,20514,8.44,2,False,tarantin j
2022_MD_Senate_REP,REP,Reba Hawkins,18057,7.43,2,False,hawkins r
2022_MD_Senate_REP,REP,Jon McGreevey,14128,5.81,2,False,mcgreevey j
2022_MD_Senate_REP,REP,Todd Puglisi,13550,5.57,2,False,puglisi t
2022_MD_Senate_REP,REP,Nnabu Eze,9917,4.08,2,False,eze n
2022_ME_Governor_DEM,DEM,Janet Mills,69422,93.42,1,True,mills j
2022_ME_Governor_DEM,DEM,Blank ballots,4889,6.58,1,False,ballots b
2022_ME_Governor_REP,REP,Paul LePage,59713,90.91,2,True,lepage p
2022_ME_Governor_REP,REP,Blank ballots,5971,9.09,2,False,ballots b
2022_MI_Governor_DEM,DEM,Gretchen Whitmer,938382,100.0,1,True,whitmer g
2022_MI_Governor_REP,REP,Tudor Dixon,436350,39.69,2,True,dixon t
2022_MI_Governor_REP,REP,Kevin Rinke,236306,21.5,2,False,rinke k
2022_MI_Governor_REP,REP,Garrett Soldano,192442,17.51,2,False,soldano g
2022_MI_Governor_REP,REP,Ryan Kelley,165587,15.06,2,False,kelley r
2022_MI_Governor_REP,REP,Ralph Rebandt,45046,4.1,2,False,rebandt r
2022_MN_Governor_REP,REP,Scott Jensen,288499,89.31,2,True,jensen s
2022_MN_Governor_REP,REP,Joyce Lynne Lacey,21308,6.6,2,False,lacey j
2022_MN_Governor_REP,REP,"Bob ""Again"" Carney Jr.",13213,4.09,2,False,carney b
2022_MO_Senate_REP,REP,Eric Schmitt,299282,45.6,1,True,schmitt e
2022_MO_Senate_REP,REP,Vicky Hartzler,144903,22.1,1,False,hartzler v
2022_MO_Senate_REP,REP,Eric Greitens,124155,18.9,1,False,greitens e
2022_MO_Senate_REP,REP,Billy Long,32603,5.0,1,False,long b
2022_MO_Senate_REP,REP,Mark McCloskey,19540,3.0,1,False,mccloskey m
2022_MO_Senate_REP,REP,Dave Schatz,7509,1.1,1,False,schatz d
2022_MO_Senate_REP,REP,Patrick A. Lewis,6085,0.9,1,False,lewis p
2022_MO_Senate_REP,REP,Curtis D. Vaughn,3451,0.5,1,False,vaughn c
2022_MO_Senate_REP,REP,Eric McElroy,2805,0.4,1,False,mcelroy e
2022_MO_Senate_REP,REP,Robert Allen,2111,0.3,1,False,allen r
2022_MO_Senate_REP,REP,C. W. Gardner,2044,0.3,1,False,gardner c
2022_MO_Senate_REP,REP,Dave Sims,1949,0.3,1,False,sims d
2022_MO_Senate_REP,REP,Bernie Mowinski,1602,0.2,1,False,mowinski b
2022_MO_Senate_REP,REP,Deshon Porter,1574,0.2,1,False,porter d
2022_MO_Senate_REP,REP,Darrell Leon McClanahan III,1139,0.2,1,False,mcclanahan d
2022_MO_Senate_REP,REP,Rickey Joiner,1084,0.2,1,False,joiner r
2022_MO_Senate_REP,REP,Robert Olson,1081,0.2,1,False,olson r
2022_MO_Senate_REP,REP,Dennis Lee Chilton,755,0.1,1,False,chilton d
2022_MO_Senate_REP,REP,Russel Pealer Breyfogle Jr.,685,0.1,1,False,breyfogle r
2022_MO_Senate_REP,REP,Kevin C. Schepers,681,0.1,1,False,schepers k
2022_MO_Senate_REP,REP,Hartford Tunnell,637,0.1,1,False,tunnell h
2022_MO_Senate_DEM,DEM,Trudy Busch Valentine,158957,43.2,2,True,valentine t
2022_MO_Senate_DEM,DEM,Lucas Kunce,141203,38.3,2,False,kunce l
2022_MO_Senate_DEM,DEM,Spencer Toder,17465,4.7,2,False,toder s
2022_MO_Senate_DEM,DEM,Carla Coffee Wright,14438,3.9,2,False,wright c
2022_MO_Senate_DEM,DEM,Gena Ross,8749,2.4,2,False,ross g
2022_MO_Senate_DEM,DEM,Jewel Kelly,6464,1.8,2,False,kelly j
2022_MO_Senate_DEM,DEM,Lewis Rolen,5247,1.4,2,False,rolen l
2022_MO_Senate_DEM,DEM,Pat Kelly,5002,1.4,2,False,kelly p
2022_MO_Senate_DEM,DEM,Ronald William Harris,4074,1.1,2,False,harris r
2022_MO_Senate_DEM,DEM,Josh Shipp,3334,0.9,2,False,shipp j
2022_MO_Senate_DEM,DEM,Clarence Taylor,3322,0.9,2,False,taylor c
2022_NC_Senate_REP,REP,Ted Budd,448128,58.61,1,True,budd t
2022_NC_Senate_REP,REP,Pat McCrory,188135,24.6,1,False,mccrory p
2022_NC_Senate_REP,REP,Mark Walker,70486,9.22,1,False,walker m
2022_NC_Senate_REP,REP,Marjorie Eastman,22535,2.95,1,False,eastman m
2022_NC_Senate_REP,REP,David Flaherty,7265,0.95,1,False,flaherty d
2022_NC_Senate_REP,REP,Kenneth Harper Jr.,7129,0.93,1,False,harper k
2022_NC_Senate_REP,REP,Jen Banwart,3088,0.4,1,False,banwart j
2022_NC_Senate_REP,REP,Charles Kenneth Moss,2920,0.38,1,False,moss c
2022_NC_Senate_REP,REP,Leonard Bryant,2906,0.38,1,False,bryant l
2022_NC_Senate_REP,REP,Benjamin E. Griffiths,2870,0.38,1,False,griffiths b
2022_NC_Senate_REP,REP,Debora Tshiovo,2741,0.36,1,False,tshiovo d
2022_NC_Senate_REP,REP,Lee A. Brian,2232,0.29,1,False,brian l
2022_NC_Senate_REP,REP,Lichia Sibhatu,2191,0.29,1,False,sibhatu l
2022_NC_Senate_REP,REP,Drew Bulecza,2022,0.26,1,False,bulecza d
2022_NC_Senate_DEM,DEM,Cheri Beasley,501766,81.09,2,True,beasley c
2022_NC_Senate_DEM,DEM,James L. Carr Jr.,21903,3.54,2,False,carr j
2022_NC_Senate_DEM,DEM,Alyssia Rose-Katherine Hammond,21005,3.39,2,False,hammond a
2022_NC_Senate_DEM,DEM,Marcus W. Williams,17446,2.82,2,False,williams m
2022_NC_Senate_DEM,DEM,Constance Johnson,12500,2.02,2,False,johnson c
2022_NC_Senate_DEM,DEM,Rett Newton,10043,1.62,2,False,newton r
2022_NC_Senate_DEM,DEM,Chrelle Booker,9937,1.61,2,False,booker c
2022_NC_Senate_DEM,DEM,B. K. Maginnis,7044,1.14,2,False,maginnis b
2022_NC_Senate_DEM,DEM,Robert Colon,6904,1.12,2,False,colon r
2022_NC_Senate_DEM,DEM,Greg Antoine,5179,0.84,2,False,antoine g
2022_NC_Senate_DEM,DEM,Tobias LaGrone,5048,0.82,2,False,lagrone t
2022_NE_Governor_REP,REP,Jim Pillen,91555,33.88,1,True,pillen j
2022_NE_Governor_REP,REP,Charles Herbster,80771,29.91,1,False,herbster c
2022_NE_Governor_REP,REP,Brett Lindstrom,70554,26.14,1,False,lindstrom b
2022_NE_Governor_REP,REP,Theresa Thibodeau,16432,6.07,1,False,thibodeau t
2022_NE_Governor_REP,REP,Breland Ridenour,4685,1.73,1,False,ridenour b
2022_NE_Governor_REP,REP,Michael Connely,2838,1.05,1,False,connely m
2022_NE_Governor_REP,REP,Donna Nicole Carpenter,1536,0.57,1,False,carpenter d
2022_NE_Governor_REP,REP,Lela McNinch,1192,0.44,1,False,mcninch l
2022_NE_Governor_REP,REP,Troy Wentz,708,0.26,1,False,wentz t
2022_NE_Governor_DEM,DEM,Carol Blood,88859,88.75,2,True,blood c
2022_NE_Governor_DEM,DEM,Roy A. Harris,11267,11.25,2,False,harris r
2022_NH_Governor_REP,REP,Chris Sununu,113443,78.66,1,True,sununu c
2022_NH_Governor_REP,REP,Karen Testerman,14473,10.04,1,False,testerman k
2022_NH_Governor_REP,REP,Thaddeus Riley,11107,7.7,1,False,riley t
2022_NH_Governor_REP,REP,Julian Acciard,2906,2.01,1,False,acciard j
2022_NH_Governor_REP,REP,Jay Lewis,1318,0.91,1,False,lewis j
2022_NH_Governor_REP,REP,Richard McMenamon II,817,0.57,1,False,mcmenamon r
2022_NH_Senate_DEM,DEM,Maggie Hassan,88146,93.77,1,True,hassan m
2022_NH_Senate_DEM,DEM,Paul Krautmann,3629,3.86,1,False,krautmann p
2022_NH_Senate_DEM,DEM,John Riggieri,1680,1.79,1,False,riggieri j
2022_NM_Governor_DEM,DEM,Michelle Lujan Grisham,125238,100.0,1,True,grisham m
2022_NM_Governor_REP,REP,Mark Ronchetti,68658,58.41,2,True,ronchetti m
2022_NM_Governor_REP,REP,Rebecca Dow,18185,15.47,2,False,dow r
2022_NM_Governor_REP,REP,Gregory Zanetti,16394,13.95,2,False,zanetti g
2022_NM_Governor_REP,REP,Jay Block,12469,10.61,2,False,block j
2022_NM_Governor_REP,REP,Ethel Maharg,1845,1.57,2,False,maharg e
2022_NV_Governor_DEM,DEM,Steve Sisolak,157283,89.53,1,True,sisolak s
2022_NV_Governor_DEM,DEM,Tom Collins,12051,6.86,1,False,collins t
2022_NV_Governor_REP,REP,Joe Lombardo,87761,38.4,2,True,lombardo j
2022_NV_Governor_REP,REP,Joey Gilbert,61738,27.01,2,False,gilbert j
2022_NV_Governor_REP,REP,Dean Heller,32087,14.04,2,False,heller d
2022_NV_Governor_REP,REP,John Lee,17846,7.81,2,False,lee j
2022_NV_Governor_REP,REP,Guy Nohra,8348,3.65,2,False,nohra g
2022_NV_Governor_REP,REP,Fred J. Simon,6856,3.0,2,False,simon f
2022_NV_Governor_REP,REP,Thomas Heck,4315,1.89,2,False,heck t
2022_NV_Governor_REP,REP,Eddie Hamilton,1293,0.57,2,False,hamilton e
2022_NV_Governor_REP,REP,Amber Whitley,1238,0.54,2,False,whitley a
2022_NV_Governor_REP,REP,William Walls,833,0.36,2,False,walls w
2022_NV_Governor_REP,REP,Gary Evertsen,558,0.24,2,False,evertsen g
2022_NV_Governor_REP,REP,Seven Achilles Evans,475,0.21,2,False,evans s
2022_NV_Governor_REP,REP,Edward O'Brien,422,0.18,2,False,obrien e
2022_NV_Governor_REP,REP,Barak Zilberberg,352,0.15,2,False,zilberberg b
2022_NV_Governor_REP,REP,Stanleigh Lusak,229,0.1,2,False,lusak s
2022_NV_Senate_DEM,DEM,Catherine Cortez Masto,159694,90.87,1,True,masto c
2022_NV_Senate_DEM,DEM,Corey Reid,4491,2.56,1,False,reid c
2022_NV_Senate_DEM,DEM,Allen Rheinhart,3852,2.19,1,False,rheinhart a
2022_NV_Senate_DEM,DEM,Stephanie Kasheta,3487,1.98,1,False,kasheta s
2022_NV_Senate_REP,REP,Adam Laxalt,127757,55.91,2,True,laxalt a
2022_NV_Senate_REP,REP,Sam Brown,78206,34.23,2,False,brown s
2022_NV_Senate_REP,REP,Sharelle Mendenhall,6946,3.04,2,False,mendenhall s
2022_NV_Senate_REP,REP,"William ""Bill"" Conrad",3440,1.51,2,False,conrad w
2022_NV_Senate_REP,REP,"William ""Bill"" Hockstedler",2836,1.24,2,False,hockstedler w
2022_NV_Senate_REP,REP,Paul Rodriguez,1844,0.81,2,False,rodriguez p
2022_NV_Senate_REP,REP,Tyler Perkins,850,0.37,2,False,perkins t
2022_NV_Senate_REP,REP,Carlo Poliak,332,0.15,2,False,poliak c
2022_NY_Governor_DEM,DEM,Kathy Hochul,607928,67.64,1,True,hochul k
2022_NY_Governor_DEM,DEM,Jumaane Williams,173872,19.35,1,False,williams j
2022_NY_Governor_DEM,DEM,Tom Suozzi,116972,13.01,1,False,suozzi t
2022_NY_Governor_REP,REP,Lee Zeldin,196874,43.62,2,True,zeldin l
2022_NY_Governor_REP,REP,Andrew Giuliani,103267,22.88,2,False,giuliani a
2022_NY_Governor_REP,REP,Rob Astorino,84464,18.71,2,False,astorino r
2022_NY_Governor_REP,REP,Harry Wilson,66736,14.79,2,False,wilson h
2022_OH_Governor_REP,REP,Mike DeWine,519594,48.11,1,True,dewine m
2022_OH_Governor_REP,REP,Jim Renacci,302494,28.01,1,False,renacci j
2022_OH_Governor_REP,REP,Joe Blystone Jeremiah Workman,235584,21.81,1,False,workman j
2022_OH_Governor_REP,REP,Ron Hood,22411,2.07,1,False,hood r
2022_OH_Governor_DEM,DEM,Nan Whaley,331014,65.01,2,True,whaley n
2022_OH_Governor_DEM,DEM,John Cranley,178132,34.99,2,False,cranley j
2022_OH_Senate_REP,REP,JD Vance,344736,32.22,1,True,vance j
2022_OH_Senate_REP,REP,Josh Mandel,255854,23.92,1,False,mandel j
2022_OH_Senate_REP,REP,Matt Dolan,249239,23.3,1,False,dolan m
2022_OH_Senate_REP,REP,Mike Gibbons,124653,11.65,1,False,gibbons m
2022_OH_Senate_REP,REP,Jane Timken,62779,5.87,1,False,timken j
2022_OH_Senate_REP,REP,Mark Pukita,22692,2.12,1,False,pukita m
2022_OH_Senate_REP,REP,Neil Patel,9873,0.92,1,False,patel n
2022_OH_Senate_DEM,DEM,Tim Ryan,359941,69.55,2,True,ryan t
2022_OH_Senate_DEM,DEM,Morgan Harper,92347,17.84,2,False,harper m
2022_OH_Senate_DEM,DEM,Traci Johnson,65209,12.6,2,False,johnson t
2022_OK_Governor_REP,REP,Kevin Stitt,248525,69.06,1,True,stitt k
2022_OK_Governor_REP,REP,Joel Kintsel,51587,14.33,1,False,kintsel j
2022_OK_Governor_REP,REP,Mark Sherwood,47713,13.26,1,False,sherwood m
2022_OK_Governor_REP,REP,Moira McCabe,12046,3.35,1,False,mccabe m
2022_OK_Governor_DEM,DEM,Joy Hofmeister,101913,60.73,2,True,hofmeister j
2022_OK_Governor_DEM,DEM,Connie Johnson,65894,39.27,2,False,johnson c
2022_OK_Senate_REP,REP,James Lankford,243132,67.83,1,True,lankford j
2022_OK_Senate_REP,REP,Jackson Lahmeyer,94572,26.38,1,False,lahmeyer j
2022_OK_Senate_REP,REP,Joan Farr,20761,5.79,1,False,farr j
2022_OK_Senate_DEM,DEM,Madison Horn,60929,65.48,3,True,horn m
2022_OK_Senate_DEM,DEM,Jason Bollinger,32121,34.52,3,False,bollinger j
2022_OR_Governor_DEM,DEM,Tina Kotek,275301,57.63,1,True,kotek t
2022_OR_Governor_DEM,DEM,Tobias Read,156017,32.66,1,False,read t
2022_OR_Governor_DEM,DEM,Patrick Starnes,10524,2.2,1,False,starnes p
2022_OR_Governor_DEM,DEM,George Carrillo,9365,1.96,1,False,carrillo g
2022_OR_Governor_DEM,DEM,Michael Trimble,5000,1.05,1,False,trimble m
2022_OR_Governor_DEM,DEM,John Sweeney,4193,0.88,1,False,sweeney j
2022_OR_Governor_DEM,DEM,Julian Bell,3926,0.82,1,False,bell j
2022_OR_Governor_DEM,DEM,Wilson Bright,2316,0.48,1,False,bright w
2022_OR_Governor_DEM,DEM,Dave Stauffer,2302,0.48,1,False,stauffer d
2022_OR_Governor_DEM,DEM,Ifeanyichukwu Diru,1780,0.37,1,False,diru i
2022_OR_Governor_DEM,DEM,Keisha Marchant,1755,0.37,1,False,marchant k
2022_OR_Governor_DEM,DEM,Genevieve Wilson,1588,0.33,1,False,wilson g
2022_OR_Governor_DEM,DEM,Michael Cross,1342,0.28,1,False,cross m
2022_OR_Governor_DEM,DEM,David Beem,1308,0.27,1,False,beem d
2022_OR_Governor_DEM,DEM,Peter Hall,982,0.21,1,False,hall p
2022_OR_Governor_REP,REP,Christine Drazan,85255,22.99,2,True,drazan c
2022_OR_Governor_REP,REP,Bob Tiernan,66089,17.82,2,False,tiernan b
2022_OR_Governor_REP,REP,Stan Pulliam,41123,11.09,2,False,pulliam s
2022_OR_Governor_REP,REP,Bridget Barton,40886,11.02,2,False,barton b
2022_OR_Governor_REP,REP,Bud Pierce,32965,8.89,2,False,pierce b
2022_OR_Governor_REP,REP,Marc Thielman,30076,8.12,2,False,thielman m
2022_OR_Governor_REP,REP,Kerry McQuisten,28727,7.74,2,False,mcquisten k
2022_OR_Governor_REP,REP,Bill Sizemore,13261,3.57,2,False,sizemore b
2022_OR_Governor_REP,REP,Jessica Gomez,9970,2.69,2,False,gomez j
2022_OR_Governor_REP,REP,Tim McCloud,4400,1.19,2,False,mccloud t
2022_OR_Governor_REP,REP,Nick Hess,4287,1.15,2,False,hess n
2022_OR_Governor_REP,REP,Court Boice,4040,1.09,2,False,boice c
2022_OR_Governor_REP,REP,Brandon Merritt,3615,0.97,2,False,merritt b
2022_OR_Governor_REP,REP,Reed Christensen,3042,0.82,2,False,christensen r
2022_OR_Governor_REP,REP,Amber Richardson,1924,0.52,2,False,richardson a
2022_OR_Governor_REP,REP,Raymond Baldwin,459,0.12,2,False,baldwin r
2022_OR_Governor_REP,REP,David Burch,406,0.11,2,False,burch d
2022_OR_Governor_REP,REP,John Presco,174,0.05,2,False,presco j
2022_OR_Governor_REP,REP,Stefan Strek,171,0.05,2,False,strek s
2022_OR_Senate_DEM,DEM,Ron Wyden,439665,89.38,1,True,wyden r
2022_OR_Senate_DEM,DEM,William E. Barlow III,35025,7.12,1,False,barlow w
2022_OR_Senate_DEM,DEM,Brent Thompson,17197,3.5,1,False,thompson b
2022_OR_Senate_REP,REP,Jo Rae Perkins,115701,33.32,2,True,perkins j
2022_OR_Senate_REP,REP,Darin Harbick,107506,30.96,2,False,harbick d
2022_OR_Senate_REP,REP,Sam Palmer,42703,12.3,2,False,palmer s
2022_OR_Senate_REP,REP,Jason Beebe,39456,11.36,2,False,beebe j
2022_OR_Senate_REP,REP,Christopher C. Christensen,28433,8.19,2,False,christensen c
2022_OR_Senate_REP,REP,Robert M. Fleming,6821,1.96,2,False,fleming r
2022_OR_Senate_REP,REP,Ibra A. Taher,6659,1.92,2,False,taher i
2022_PA_Governor_REP,REP,Doug Mastriano,591240,43.81,2,True,mastriano d
2022_PA_Governor_REP,REP,Lou Barletta,273252,20.25,2,False,barletta l
2022_PA_Governor_REP,REP,William McSwain,212886,15.78,2,False,mcswain w
2022_PA_Governor_REP,REP,Dave White,129058,9.56,2,False,white d
2022_PA_Governor_REP,REP,Melissa Hart,54752,4.06,2,False,hart m
2022_PA_Governor_REP,REP,Joe Gale,27920,2.07,2,False,gale j
2022_PA_Governor_REP,REP,Jake Corman,26091,1.93,2,False,corman j
2022_PA_Governor_REP,REP,Charlie Gerow,17922,1.33,2,False,gerow c
2022_PA_Governor_REP,REP,Nche Zama,16238,1.2,2,False,zama n
2022_PA_Senate_REP,REP,Mehmet Oz,420168,31.21,1,True,oz m
2022_PA_Senate_REP,REP,Dave McCormick,419218,31.14,1,False,mccormick d
2022_PA_Senate_REP,REP,Kathy Barnette,331903,24.66,1,False,barnette k
2022_PA_Senate_REP,REP,Carla Sands,73360,5.45,1,False,sands c
2022_PA_Senate_REP,REP,Jeff Bartos,66684,4.95,1,False,bartos j
2022_PA_Senate_REP,REP,Sean Gale,20266,1.51,1,False,gale s
2022_PA_Senate_REP,REP,George Bochetto,14492,1.08,1,False,bochetto g
2022_PA_Senate_DEM,DEM,John Fetterman,753557,58.65,2,True,fetterman j
2022_PA_Senate_DEM,DEM,Conor Lamb,337498,26.27,2,False,lamb c
2022_PA_Senate_DEM,DEM,Malcolm Kenyatta,139393,10.85,2,False,kenyatta m
2022_PA_Senate_DEM,DEM,Alexandria Khalil,54460,4.24,2,False,khalil a
2022_RI_Governor_DEM,DEM,Dan McKee,37288,32.82,1,True,mckee d
2022_RI_Governor_DEM,DEM,Helena Foulkes,33931,29.87,1,False,foulkes h
2022_RI_Governor_DEM,DEM,Nellie Gorbea,29811,26.24,1,False,gorbea n
2022_RI_Governor_DEM,DEM,Matt Brown,9021,7.94,1,False,brown m
2022_RI_Governor_DEM,DEM,Luis Daniel Muñoz,3547,3.12,1,False,munoz l
2022_SC_Governor_REP,REP,Henry McMaster,306555,83.0,1,True,mcmaster h
2022_SC_Governor_REP,REP,Harrison Musselwhite,61545,16.7,1,False,musselwhite h
2022_SC_Governor_DEM,DEM,Joe Cunningham,102315,56.5,2,True,cunningham j
2022_SC_Governor_DEM,DEM,Mia McLeod,56084,31.0,2,False,mcleod m
2022_SC_Governor_DEM,DEM,Carlton Boyd,9526,5.3,2,False,boyd c
2022_SC_Governor_DEM,DEM,William Williams,6746,3.7,2,False,williams w
2022_SC_Governor_DEM,DEM,Calvin McMillan,6260,3.5,2,False,mcmillan c
2022_SC_Senate_DEM,DEM,Krystle Matthews,25300,55.77,2,True,matthews k
2022_SC_Senate_DEM,DEM,Catherine Fleming Bruce,20064,44.23,2,False,bruce c
2022_SD_Governor_REP,REP,Kristi Noem,91661,76.4,1,True,noem k
2022_SD_Governor_REP,REP,Steven Haugaard,28315,23.6,1,False,haugaard s
2022_SD_Senate_REP,REP,John Thune,85613,72.24,1,True,thune j
2022_SD_Senate_REP,REP,Bruce Whalen,24071,20.31,1,False,whalen b
2022_SD_Senate_REP,REP,Mark Mowry,8827,7.45,1,False,mowry m
2022_TN_Governor_REP,REP,Bill Lee,494362,100.0,1,True,lee b
2022_TN_Governor_DEM,DEM,Jason Martin,101552,39.39,2,True,martin j
2022_TN_Governor_DEM,DEM,J.B. Smiley Jr.,100062,38.81,2,False,smiley j
2022_TN_Governor_DEM,DEM,Carnita Atwater,56227,21.81,2,False,atwater c
2022_TX_Governor_REP,REP,Greg Abbott,1299059,66.48,1,True,abbott g
2022_TX_Governor_REP,REP,Allen West,239557,12.26,1,False,west a
2022_TX_Governor_REP,REP,Don Huffines,234138,11.98,1,False,huffines d
2022_TX_Governor_REP,REP,Chad Prather,74173,3.8,1,False,prather c
2022_TX_Governor_REP,REP,Ricky Lynn Perry,61424,3.14,1,False,perry r
2022_TX_Governor_REP,REP,Kandy Kaye Horn,23605,1.21,1,False,horn k
2022_TX_Governor_REP,REP,Paul Belew,11387,0.58,1,False,belew p
2022_TX_Governor_REP,REP,Danny Harrison,10829,0.55,1,False,harrison d
2022_TX_Governor_DEM,DEM,Beto O'Rourke,983182,91.41,2,True,orourke b
2022_TX_Governor_DEM,DEM,Joy Diaz,33622,3.13,2,False,diaz j
2022_TX_Governor_DEM,DEM,Michael Cooper,32673,3.04,2,False,cooper m
2022_TX_Governor_DEM,DEM,Rich Wakeland,13237,1.23,2,False,wakeland r
2022_TX_Governor_DEM,DEM,Inocencio Barrientez,12887,1.2,2,False,barrientez i
2022_UT_Senate_REP,REP,Mike Lee,258089,61.94,1,True,lee m
2022_UT_Senate_REP,REP,Becky Edwards,123617,29.67,1,False,edwards b
2022_UT_Senate_REP,REP,Ally Isom,34997,8.4,1,False,isom a
2022_VT_Governor_REP,REP,Phil Scott,20319,68.56,1,True,scott p
2022_VT_Governor_REP,REP,Stephen C. Bellows,5402,18.22,1,False,bellows s
2022_VT_Governor_REP,REP,Peter Duval,3627,12.24,1,False,duval p
2022_VT_Governor_DEM,DEM,Brenda Siegel,56287,85.92,3,True,siegel b
2022_VT_Senate_DEM,DEM,Peter Welch,86603,87.01,1,True,welch p
2022_VT_Senate_DEM,DEM,Isaac Evans-Frantz,7230,7.26,1,False,evansfrantz i
2022_VT_Senate_DEM,DEM,Niki Thran,5104,5.13,1,False,thran n
2022_VT_Senate_REP,REP,Gerald Malloy,12169,42.39,2,True,malloy g
2022_VT_Senate_REP,REP,Christina Nolan,10825,37.7,2,False,nolan c
2022_VT_Senate_REP,REP,Myers Mermel,5227,18.21,2,False,mermel m
2022_WI_Governor_DEM,DEM,Tony Evers,491656,100.0,1,True,evers t
2022_WI_Governor_REP,REP,Tim Michels,326969,47.18,2,True,michels t
2022_WI_Governor_REP,REP,Rebecca Kleefisch,291384,42.05,2,False,kleefisch r
2022_WI_Governor_REP,REP,Timothy Ramthun,41639,6.01,2,False,ramthun t
2022_WI_Governor_REP,REP,Kevin Nicholson,24884,3.59,2,False,nicholson k
2022_WI_Governor_REP,REP,Adam Fischer,8139,1.17,2,False,fischer a
2022_WI_Senate_REP,REP,Ron Johnson,563871,83.7,1,True,johnson r
2022_WI_Senate_REP,REP,David Schroeder,109917,16.3,1,False,schroeder d
2022_WI_Senate_DEM,DEM,Mandela Barnes,390279,77.8,2,True,barnes m
2022_WI_Senate_DEM,DEM,Alex Lasry,44609,8.9,2,False,lasry a
2022_WI_Senate_DEM,DEM,Sarah Godlewski,40555,8.1,2,False,godlewski s
2022_WI_Senate_DEM,DEM,Tom Nelson,10995,2.2,2,False,nelson t
2022_WI_Senate_DEM,DEM,Steven Olikara,5619,1.1,2,False,olikara s
2022_WI_Senate_DEM,DEM,Darrell Williams,3646,0.7,2,False,williams d
2022_WI_Senate_DEM,DEM,Kou Lee,3434,0.7,2,False,lee k
2022_WI_Senate_DEM,DEM,Peter Peckarsky,2446,0.5,2,False,peckarsky p
2022_WY_Governor_REP,REP,Mark Gordon,101092,61.7,1,True,gordon m
2022_WY_Governor_REP,REP,Brent Bien,48549,29.7,1,False,bien b
2022_WY_Governor_REP,REP,Rex Rammell,9373,5.7,1,False,rammell r
2022_WY_Governor_REP,REP,James Scott Quick,4725,2.9,1,False,quick j
2023_KY_Governor_DEM,DEM,Andy Beshear,176589,91.3,1,True,beshear a
2023_KY_Governor_DEM,DEM,Geoff Young,9865,5.1,1,False,young g
2023_KY_Governor_DEM,DEM,Peppy Martin,6913,3.6,1,False,martin p
2023_KY_Governor_REP,REP,Daniel Cameron,144576,47.7,2,True,cameron d
2023_KY_Governor_REP,REP,Ryan Quarles,65718,21.7,2,False,quarles r
2023_KY_Governor_REP,REP,Kelly Craft,52170,17.2,2,False,craft k
2023_KY_Governor_REP,REP,Eric Deters,17464,5.8,2,False,deters e
2023_KY_Governor_REP,REP,Mike Harmon,7797,2.6,2,False,harmon m
2023_KY_Governor_REP,REP,Alan Keck,7317,2.4,2,False,keck a
2023_KY_Governor_REP,REP,David Cooper,2282,0.8,2,False,cooper d
2023_KY_Governor_REP,REP,Jacob Clark,1900,0.6,2,False,clark j
2023_KY_Governor_REP,REP,Robbie Smith,1388,0.5,2,False,smith r
2023_KY_Governor_REP,REP,Bob DeVore,931,0.3,2,False,devore b
2023_KY_Governor_REP,REP,Johnny Rice,726,0.2,2,False,rice j
2023_KY_Governor_REP,REP,Dennis Ormerod,696,0.2,2,False,ormerod d
2023_MS_Governor_REP,REP,Tate Reeves,281213,74.7,1,True,reeves t
2023_MS_Governor_REP,REP,John Witcher,66698,17.7,1,False,witcher j
2023_MS_Governor_REP,REP,David Grady Hardigree,28561,7.6,1,False,hardigree d
2023_MS_Governor_DEM,DEM,Brandon Presley,196307,100.0,2,True,presley b
2024_AZ_Senate_DEM,DEM,Ruben Gallego,498927,100.0,1,True,gallego r
2024_AZ_Senate_REP,REP,Kari Lake,409339,55.28,2,True,lake k
2024_AZ_Senate_REP,REP,Mark Lamb,292888,39.56,2,False,lamb m
2024_AZ_Senate_REP,REP,Elizabeth Jean Reye,38208,5.16,2,False,reye e
2024_CT_Senate_REP,REP,Matthew Corey,19228,54.74,2,True,corey m
2024_CT_Senate_REP,REP,Gerry Smith,15900,45.26,2,False,smith g
2024_DE_Governor_DEM,DEM,Matt Meyer,40518,46.98,1,True,meyer m
2024_DE_Governor_DEM,DEM,Bethany Hall-Long,31588,36.62,1,False,halllong b
2024_DE_Governor_DEM,DEM,Collin O'Mara,14142,16.4,1,False,omara c
2024_DE_Governor_REP,REP,Mike Ramone,26414,72.29,2,True,ramone m
2024_DE_Governor_REP,REP,Jerry Price,5971,16.34,2,False,price j
2024_DE_Governor_REP,REP,Bobby Williamson,4153,11.37,2,False,williamson b
2024_FL_Senate_REP,REP,Rick Scott,1283904,84.38,1,True,scott r
2024_FL_Senate_REP,REP,Keith Gross,142392,9.36,1,False,gross k
2024_FL_Senate_REP,REP,John Columbus,95342,6.26,1,False,columbus j
2024_FL_Senate_DEM,DEM,Debbie Mucarsel-Powell,747397,68.5,2,True,mucarselpowell d
2024_FL_Senate_DEM,DEM,Stanley Campbell,213777,19.59,2,False,campbell s
2024_FL_Senate_DEM,DEM,Brian Rush,73013,6.69,2,False,rush b
2024_FL_Senate_DEM,DEM,Rod Joseph,56961,5.22,2,False,joseph r
2024_IN_Governor_REP,REP,Mike Braun,236641,39.6,1,True,braun m
2024_IN_Governor_REP,REP,Suzanne Crouch,130146,21.8,1,False,crouch s
2024_IN_Governor_REP,REP,Brad Chambers,104653,17.5,1,False,chambers b
2024_IN_Governor_REP,REP,Eric Doden,71135,11.9,1,False,doden e
2024_IN_Governor_REP,REP,Jamie Reitenour,28757,4.8,1,False,reitenour j
2024_IN_Governor_REP,REP,Curtis Hill,26837,4.5,1,False,hill c
2024_IN_Governor_DEM,DEM,Jennifer McCormick,180404,100.0,2,True,mccormick j
2024_IN_Senate_REP,REP,Jim Banks,475729,100.0,1,True,banks j
2024_IN_Senate_DEM,DEM,Valerie McCray,121734,68.01,2,True,mccray v
2024_IN_Senate_DEM,DEM,Marc Carmichael,57256,31.99,2,False,carmichael m
2024_MA_Senate_DEM,DEM,Elizabeth Warren,562709,98.58,1,True,warren e
2024_MA_Senate_REP,REP,John Deaton,136773,64.51,2,True,deaton j
2024_MA_Senate_REP,REP,Robert Antonellis,54940,25.91,2,False,antonellis r
2024_MA_Senate_REP,REP,Ian Cain,19374,9.14,2,False,cain i
2024_MD_Senate_DEM,DEM,Angela Alsobrooks,357052,53.37,1,True,alsobrooks a
2024_MD_Senate_DEM,DEM,David Trone,286381,42.8,1,False,trone d
2024_MD_Senate_DEM,DEM,Joseph Perez,4688,0.7,1,False,perez j
2024_MD_Senate_DEM,DEM,Michael Cobb,4524,0.68,1,False,cobb m
2024_MD_Senate_DEM,DEM,Brian Frydenborg,3635,0.54,1,False,frydenborg b
2024_MD_Senate_DEM,DEM,Scottie Griffin,3579,0.53,1,False,griffin s
2024_MD_Senate_DEM,DEM,Marcellus Crews,3379,0.51,1,False,crews m
2024_MD_Senate_DEM,DEM,Andrew Wildman,2198,0.33,1,False,wildman a
2024_MD_Senate_DEM,DEM,Robert Houton,1946,0.29,1,False,houton r
2024_MD_Senate_DEM,DEM,Steve Seuferer,1664,0.25,1,False,seuferer s
2024_MD_Senate_REP,REP,Larry Hogan,183661,64.18,2,True,hogan l
2024_MD_Senate_REP,REP,Robin Ficker,79517,27.79,2,False,ficker r
2024_MD_Senate_REP,REP,Chris Chaffee,9134,3.19,2,False,chaffee c
2024_MD_Senate_REP,REP,Lorie Friend,5867,2.05,2,False,friend l
2024_MD_Senate_REP,REP,John A. Myrick,4987,1.74,2,False,myrick j
2024_MD_Senate_REP,REP,Moe Barakat,2203,0.77,2,False,barakat m
2024_MD_Senate_REP,REP,Laban Seyoum,782,0.27,2,False,seyoum l
2024_ME_Senate_REP,REP,Demi Kouzounas,58832,100.0,1,True,kouzounas d
2024_ME_Senate_DEM,DEM,David Costello,54537,100.0,2,True,costello d
2024_MI_Senate_DEM,DEM,Elissa Slotkin,712791,76.33,1,True,slotkin e
2024_MI_Senate_DEM,DEM,Hill Harper,221053,23.67,1,False,harper h
2024_MI_Senate_REP,REP,Mike Rogers,555766,63.19,2,True,rogers m
2024_MI_Senate_REP,REP,Justin Amash,137565,15.64,2,False,amash j
2024_MI_Senate_REP,REP,Sherry O'Donnell,106466,12.1,2,False,odonnell s
2024_MI_Senate_REP,REP,Sandy Pensler,79772,9.07,2,False,pensler s
2024_MN_Senate_REP,REP,Royce White,74814,38.5,2,True,white r
2024_MN_Senate_REP,REP,Joe Fraser,56909,29.29,2,False,fraser j
2024_MN_Senate_REP,REP,Raymond Petersen,16237,8.36,2,False,petersen r
2024_MN_Senate_REP,REP,Alycia Gruenhagen,15017,7.73,2,False,gruenhagen a
2024_MN_Senate_REP,REP,John Berman,14158,7.29,2,False,berman j
2024_MN_Senate_REP,REP,Patrick Munro,9444,4.86,2,False,munro p
2024_MN_Senate_REP,REP,Christopher Seymore,5020,2.58,2,False,seymore c
2024_MN_Senate_REP,REP,Loner Blue,2727,1.4,2,False,blue l
2024_MO_Governor_REP,REP,Mike Kehoe,274840,39.4,1,True,kehoe m
2024_MO_Governor_REP,REP,Bill Eigel,227012,32.6,1,False,eigel b
2024_MO_Governor_REP,REP,Jay Ashcroft,162086,23.2,1,False,ashcroft j
2024_MO_Governor_REP,REP,Amber Thomsen,10627,1.5,1,False,thomsen a
2024_MO_Governor_REP,REP,Chris Wright,9358,1.3,1,False,wright c
2024_MO_Governor_REP,REP,Darrell McClanahan,5637,0.8,1,False,mcclanahan d
2024_MO_Governor_REP,REP,Robert Olson,2975,0.4,1,False,olson r
2024_MO_Governor_REP,REP,Jeremy Gundel,2946,0.4,1,False,gundel j
2024_MO_Governor_REP,REP,Darren Grant,1866,0.3,1,False,grant d
2024_MO_Governor_DEM,DEM,Crystal Quade,189822,50.2,2,True,quade c
2024_MO_Governor_DEM,DEM,Mike Hamra,119702,31.7,2,False,hamra m
2024_MO_Governor_DEM,DEM,Eric Morrison,36985,9.8,2,False,morrison e
2024_MO_Governor_DEM,DEM,Sheryl Gladney,25287,6.7,2,False,gladney s
2024_MO_Governor_DEM,DEM,Hollis Laster,5973,1.6,2,False,laster h
2024_MO_Senate_REP,REP,Josh Hawley,607602,100.0,1,True,hawley j
2024_MO_Senate_DEM,DEM,Lucas Kunce,255775,67.64,2,True,kunce l
2024_MO_Senate_DEM,DEM,Karla May,87908,23.25,2,False,may k
2024_MO_Senate_DEM,DEM,December Harmon,26804,7.09,2,False,harmon d
2024_MO_Senate_DEM,DEM,Mita Biswas,7647,2.02,2,False,biswas m
2024_MS_Senate_REP,REP,Roger Wicker,152086,61.4,1,True,wicker r
2024_MS_Senate_REP,REP,Ghannon Burton,61387,24.78,1,False,burton g
2024_MS_Senate_REP,REP,Dan Eubanks,34238,13.82,1,False,eubanks d
2024_MS_Senate_DEM,DEM,Ty Pinkins,82264,100.0,2,True,pinkins t
2024_MT_Governor_REP,REP,Greg Gianforte,144752,75.2,1,True,gianforte g
2024_MT_Governor_REP,REP,Tanner Smith,47747,24.8,1,False,smith t
2024_MT_Governor_DEM,DEM,Ryan Busse,69184,70.9,2,True,busse r
2024_MT_Governor_DEM,DEM,Jim Hunt Jerry Driscoll,28354,29.1,2,False,driscoll j
2024_MT_Senate_DEM,DEM,Jon Tester,104279,96.96,1,True,tester j
2024_MT_Senate_DEM,DEM,Michael Hummert,3272,3.04,1,False,hummert m
2024_MT_Senate_REP,REP,Tim Sheehy,139857,73.6,2,True,sheehy t
2024_MT_Senate_REP,REP,Brad Johnson,36926,19.43,2,False,johnson b
2024_MT_Senate_REP,REP,Charles Walkingchild Sr.,13229,6.96,2,False,walkingchild c
2024_NC_Governor_DEM,DEM,Josh Stein,479026,69.6,1,True,stein j
2024_NC_Governor_DEM,DEM,Michael R. Morgan,98627,14.33,1,False,morgan m
2024_NC_Governor_DEM,DEM,Chrelle Booker,46045,6.69,1,False,booker c
2024_NC_Governor_DEM,DEM,Marcus Williams,39257,5.7,1,False,williams m
2024_NC_Governor_DEM,DEM,Gary Foxx,25283,3.67,1,False,foxx g
2024_NC_Governor_REP,REP,Mark Robinson,666504,64.83,2,True,robinson m
2024_NC_Governor_REP,REP,Dale Folwell,196955,19.16,2,False,folwell d
2024_NC_Governor_REP,REP,Bill Graham,164572,16.01,2,False,graham b
2024_ND_Governor_REP,REP,Kelly Armstrong,247056,68.26,3,True,armstrong k
2024_ND_Senate_REP,REP,Kevin Cramer,82692,100.0,1,True,cramer k
2024_NE_Senate_REP,REP,Deb Fischer,174820,79.76,1,True,fischer d
2024_NE_Senate_REP,REP,Arron Kowalski,44334,20.24,1,False,kowalski a
2024_NH_Governor_REP,REP,Kelly Ayotte,88117,63.12,1,True,ayotte k
2024_NH_Governor_REP,REP,Chuck Morse,47567,34.07,1,False,morse c
2024_NH_Governor_REP,REP,Shaun Fife,876,0.63,1,False,fife s
2024_NH_Governor_REP,REP,Robert McClory,839,0.6,1,False,mcclory r
2024_NH_Governor_REP,REP,Frank Staples,809,0.58,1,False,staples f
2024_NH_Governor_REP,REP,Richard McMenamon,527,0.38,1,False,mcmenamon r
2024_NH_Governor_DEM,DEM,Joyce Craig,59976,47.88,2,True,craig j
2024_NH_Governor_DEM,DEM,Cinde Warmington,52420,41.85,2,False,warmington c
2024_NH_Governor_DEM,DEM,Jon Kiper,11789,9.41,2,False,kiper j
2024_NJ_Senate_DEM,DEM,Andy Kim,392602,74.83,14,True,kim a
2024_NJ_Senate_DEM,DEM,Patricia Campos-Medina,84286,16.06,14,False,camposmedina p
2024_NJ_Senate_DEM,DEM,Lawrence Hamm,47796,9.11,14,False,hamm l
2024_NJ_Senate_REP,REP,Curtis Bashaw,144869,45.57,29,True,bashaw c
2024_NJ_Senate_REP,REP,Christine Serrano Glassner,121986,38.38,29,False,glassner c
2024_NJ_Senate_REP,REP,Justin Murphy,35954,11.31,29,False,murphy j
2024_NJ_Senate_REP,REP,Albert Harshaw,15064,4.74,29,False,harshaw a
2024_NM_Senate_DEM,DEM,Martin Heinrich,122961,100.0,1,True,heinrich m
2024_NM_Senate_REP,REP,Nella Domenici,79809,100.0,2,True,domenici n
2024_NV_Senate_DEM,DEM,Jacky Rosen,144090,91.51,1,True,rosen j
2024_NV_Senate_DEM,DEM,Troy Zakari Walker,5899,3.75,1,False,walker t
2024_NV_Senate_DEM,DEM,None of These Candidates,3951,2.51,1,False,candidates n
2024_NV_Senate_DEM,DEM,Mike Schaefer,3521,2.24,1,False,schaefer m
2024_NV_Senate_REP,REP,Sam Brown,103102,60.17,2,True,brown s
2024_NV_Senate_REP,REP,Jeffrey Ross Gunter,24987,14.58,2,False,gunter j
2024_NV_Senate_REP,REP,Jim Marchant,11190,6.53,2,False,marchant j
2024_NV_Senate_REP,REP,Tony Grady Jr.,9565,5.58,2,False,grady t
2024_NV_Senate_REP,REP,None of These Candidates,7164,4.18,2,False,candidates n
2024_NV_Senate_REP,REP,William Conrad,6038,3.52,2,False,conrad w
2024_NV_Senate_REP,REP,Stephanie Phillips,3828,2.23,2,False,phillips s
2024_NV_Senate_REP,REP,Garn Mabey,1818,1.06,2,False,mabey g
2024_NV_Senate_REP,REP,Ronda Kennedy,1786,1.04,2,False,kennedy r
2024_NV_Senate_REP,REP,Barry Lindemann,852,0.5,2,False,lindemann b
2024_NV_Senate_REP,REP,Edward Hamilton,478,0.28,2,False,hamilton e
2024_NV_Senate_REP,REP,Vincent Rego,311,0.18,2,False,rego v
2024_NV_Senate_REP,REP,Gary Marinch,231,0.13,2,False,marinch g
2024_OH_Senate_DEM,DEM,Sherrod Brown,535305,100.0,1,True,brown s
2024_OH_Senate_REP,REP,Bernie Moreno,557626,50.48,2,True,moreno b
2024_OH_Senate_REP,REP,Matt Dolan,363013,32.86,2,False,dolan m
2024_OH_Senate_REP,REP,Frank LaRose,184111,16.67,2,False,larose f
2024_PA_Senate_DEM,DEM,Bob Casey Jr.,1024545,100.0,1,True,casey b
2024_PA_Senate_REP,REP,Dave McCormick,878320,100.0,2,True,mccormick d
2024_RI_Senate_DEM,DEM,Sheldon Whitehouse,49401,83.77,1,True,whitehouse s
2024_RI_Senate_DEM,DEM,Michael Costa,9572,16.23,1,False,costa m
2024_TN_Senate_REP,REP,Marsha Blackburn,367799,89.48,1,True,blackburn m
2024_TN_Senate_REP,REP,Tres Wittum,43244,10.52,1,False,wittum t
2024_TN_Senate_DEM,DEM,Gloria Johnson,143962,70.2,2,True,johnson g
2024_TN_Senate_DEM,DEM,Marquita Bradshaw,44657,21.78,2,False,bradshaw m
2024_TN_Senate_DEM,DEM,Lola Brown,10027,4.89,2,False,brown l
2024_TN_Senate_DEM,DEM,Civil Miller-Watkins,6420,3.13,2,False,millerwatkins c
2024_TX_Senate_REP,REP,Ted Cruz,1977961,88.3,1,True,cruz t
2024_TX_Senate_REP,REP,Holland Gibson,134011,5.98,1,False,gibson h
2024_TX_Senate_REP,REP,Rufus Lopez,127986,5.71,1,False,lopez r
2024_TX_Senate_DEM,DEM,Colin Allred,569585,58.87,2,True,allred c
2024_TX_Senate_DEM,DEM,Roland Gutierrez,160978,16.64,2,False,gutierrez r
2024_TX_Senate_DEM,DEM,Mark Gonzalez,85228,8.81,2,False,gonzalez m
2024_TX_Senate_DEM,DEM,Meri Gomez,44166,4.56,2,False,gomez m
2024_TX_Senate_DEM,DEM,Carl Sherman,31694,3.28,2,False,sherman c
2024_TX_Senate_DEM,DEM,Robert Hassan,21855,2.26,2,False,hassan r
2024_TX_Senate_DEM,DEM,Steven Keough,21801,2.25,2,False,keough s
2024_TX_Senate_DEM,DEM,Heli Rodriguez-Prilliman,18801,1.94,2,False,rodriguezprilliman h
2024_TX_Senate_DEM,DEM,Thierry Tchenko,13395,1.38,2,False,tchenko t
2024_UT_Governor_REP,REP,Spencer Cox,232164,54.4,2,True,cox s
2024_UT_Governor_REP,REP,Phil Lyman,194639,45.6,2,False,lyman p
2024_UT_Senate_REP,REP,John Curtis,206094,48.73,2,True,curtis j
2024_UT_Senate_REP,REP,Trent Staggs,138143,32.66,2,False,staggs t
2024_UT_Senate_REP,REP,Brad Wilson,53134,12.56,2,False,wilson b
2024_UT_Senate_REP,REP,Jason Walton,25604,6.05,2,False,walton j
2024_VA_Senate_REP,REP,Hung Cao,168868,61.79,1,True,cao h
2024_VA_Senate_REP,REP,Scott Parkinson,29940,10.95,1,False,parkinson s
2024_VA_Senate_REP,REP,Eddie Garcia,26777,9.8,1,False,garcia e
2024_VA_Senate_REP,REP,Chuck Smith,24108,8.82,1,False,smith c
2024_VA_Senate_REP,REP,Jonathan Emord,23614,8.64,1,False,emord j
2024_WI_Senate_DEM,DEM,Tammy Baldwin,639049,99.81,1,True,baldwin t
2024_WI_Senate_REP,REP,Eric Hovde,477197,86.21,2,True,hovde e
2024_WI_Senate_REP,REP,Charles Barman,40990,7.4,2,False,barman c
2024_WI_Senate_REP,REP,Rejani Raveendran,34612,6.25,2,False,raveendran r
2024_WV_Governor_REP,REP,Patrick Morrisey,75111,33.28,1,True,morrisey p
2024_WV_Governor_REP,REP,Moore Capito,62181,27.55,1,False,capito m
2024_WV_Governor_REP,REP,Chris Miller,46010,20.39,1,False,miller c
2024_WV_Governor_REP,REP,Mac Warner,36170,16.03,1,False,warner m
2024_WV_Governor_REP,REP,Mitch Roberts,3138,1.39,1,False,roberts m
2024_WV_Governor_REP,REP,Kevin Christian,3088,1.37,1,False,christian k
2024_WV_Governor_DEM,DEM,Steve Williams,89545,100.0,2,True,williams s
2024_WV_Senate_DEM,DEM,Glenn Elliott,46176,45.4,1,True,elliott g
2024_WV_Senate_DEM,DEM,Zach Shrewsbury,36754,36.14,1,False,shrewsbury z
2024_WV_Senate_DEM,DEM,Don Blankenship,18778,18.46,1,False,blankenship d
2024_WV_Senate_REP,REP,Jim Justice,138307,61.84,2,True,justice j
2024_WV_Senate_REP,REP,Alex Mooney,59348,26.54,2,False,mooney a
2024_WV_Senate_REP,REP,Bryan Bird,7001,3.13,2,False,bird b
2024_WV_Senate_REP,REP,Bryan McKinney,6573,2.94,2,False,mckinney b
2024_WV_Senate_REP,REP,Zane Lawhorn,4517,2.02,2,False,lawhorn z
2024_WV_Senate_REP,REP,Janet McNulty,4404,1.97,2,False,mcnulty j
2024_WV_Senate_REP,REP,Don Lindsay,3503,1.57,2,False,lindsay d
2024_WY_Senate_REP,REP,John Barrasso,70494,67.9,1,True,barrasso j
2024_WY_Senate_REP,REP,Reid Rasner,25427,24.5,1,False,rasner r
2024_WY_Senate_REP,REP,John Holtz,7868,7.6,1,False,holtz j
